{"type":"FeatureCollection","features":[{"type":"Feature","geometry":{"type":"LineString","coordinates":[[-94.8,28],[-95.4,28],[-96,28],[-96.5,28.1],[-96.8,28.2],[-97,28.2],[-97.6,28.3],[-98.3,28.4],[-98.9,28.6],[-99.4,29],[-99.8,29.5],[-100,30],[-100.1,30.5],[-100.2,31]]},"properties":{"id":"hur-al011851","event_type":"hurricane","name":null,"year":1851,"max_wind_kt":80,"min_pressure_mb":null,"category":1,"preliminary":false,"start_date":"18510625","end_date":"18510628","track":[{"date":"18510625","time":"0000","status":"HU","lat":28,"lon":-94.8,"wind_kt":80,"pressure_mb":null,"radius_34kt_nm":null},{"date":"18510625","time":"0600","status":"HU","lat":28,"lon":-95.4,"wind_kt":80,"pressure_mb":null,"radius_34kt_nm":null},{"date":"18510625","time":"1200","status":"HU","lat":28,"lon":-96,"wind_kt":80,"pressure_mb":null,"radius_34kt_nm":null},{"date":"18510625","time":"1800","status":"HU","lat":28.1,"lon":-96.5,"wind_kt":80,"pressure_mb":null,"radius_34kt_nm":null},{"date":"18510625","time":"2100","status":"HU","lat":28.2,"lon":-96.8,"wind_kt":80,"pressure_mb":null,"radius_34kt_nm":null},{"date":"18510626","time":"0000","status":"HU","lat":28.2,"lon":-97,"wind_kt":70,"pressure_mb":null,"radius_34kt_nm":null},{"date":"18510626","time":"0600","status":"TS","lat":28.3,"lon":-97.6,"wind_kt":60,"pressure_mb":null,"radius_34kt_nm":null},{"date":"18510626","time":"1200","status":"TS","lat":28.4,"lon":-98.3,"wind_kt":60,"pressure_mb":null,"radius_34kt_nm":null},{"date":"18510626","time":"1800","status":"TS","lat":28.6,"lon":-98.9,"wind_kt":50,"pressure_mb":null,"radius_34kt_nm":null},{"date":"18510627","time":"0000","status":"TS","lat":29,"lon":-99.4,"wind_kt":50,"pressure_mb":null,"radius_34kt_nm":null},{"date":"18510627","time":"0600","status":"TS","lat":29.5,"lon":-99.8,"wind_kt":40,"pressure_mb":null,"radius_34kt_nm":null},{"date":"18510627","time":"1200","status":"TS","lat":30,"lon":-100,"wind_kt":40,"pressure_mb":null,"radius_34kt_nm":null},{"date":"18510627","time":"1800","status":"TS","lat":30.5,"lon":-100.1,"wind_kt":40,"pressure_mb":null,"radius_34kt_nm":null},{"date":"18510628","time":"0000","status":"TS","lat":31,"lon":-100.2,"wind_kt":40,"pressure_mb":null,"radius_34kt_nm":null}]}},{"type":"Feature","geometry":{"type":"LineString","coordinates":[[-97.6,22.2]]},"properties":{"id":"hur-al021851","event_type":"hurricane","name":null,"year":1851,"max_wind_kt":80,"min_pressure_mb":null,"category":1,"preliminary":false,"start_date":"18510705","end_date":"18510705","track":[{"date":"18510705","time":"1200","status":"HU","lat":22.2,"lon":-97.6,"wind_kt":80,"pressure_mb":null,"radius_34kt_nm":null}]}},{"type":"Feature","geometry":{"type":"LineString","coordinates":[[-60,12]]},"properties":{"id":"hur-al031851","event_type":"hurricane","name":null,"year":1851,"max_wind_kt":50,"min_pressure_mb":null,"category":0,"preliminary":false,"start_date":"18510710","end_date":"18510710","track":[{"date":"18510710","time":"1200","status":"TS","lat":12,"lon":-60,"wind_kt":50,"pressure_mb":null,"radius_34kt_nm":null}]}},{"type":"Feature","geometry":{"type":"LineString","coordinates":[[-48,13.4],[-49.5,13.7],[-51,14],[-52.8,14.4],[-54.6,14.9],[-56.5,15.4],[-58.5,15.9],[-60.4,16.1],[-62.5,16.6],[-64.1,16.9],[-66,17.2],[-67.6,17.6],[-69.3,18],[-71.1,18.4],[-72.6,18.9],[-74.3,19.4],[-75.9,19.9],[-77.6,20.5],[-79,21.2],[-80.4,21.9],[-81.4,22.6],[-82.5,23.2],[-83.6,23.9],[-84.3,24.4],[-84.9,25],[-85.5,25.6],[-86,26.2],[-86.3,26.8],[-86.5,27.4],[-86.6,28],[-86.6,28.5],[-86.1,29.6],[-85.7,30.1],[-85.1,30.7],[-84.1,31.6],[-83,32.5],[-81.4,33.4],[-80,34],[-78.6,34.8],[-77,35.8],[-75.1,36.8],[-73.6,37.8],[-71.8,38.9],[-70,40],[-66.8,41.3],[-63.3,42.8],[-60.2,44.5],[-57.2,46.4],[-54.2,48.5]]},"properties":{"id":"hur-al041851","event_type":"hurricane","name":null,"year":1851,"max_wind_kt":100,"min_pressure_mb":null,"category":3,"preliminary":false,"start_date":"18510816","end_date":"18510827","track":[{"date":"18510816","time":"0000","status":"TS","lat":13.4,"lon":-48,"wind_kt":40,"pressure_mb":null,"radius_34kt_nm":null},{"date":"18510816","time":"0600","status":"TS","lat":13.7,"lon":-49.5,"wind_kt":40,"pressure_mb":null,"radius_34kt_nm":null},{"date":"18510816","time":"1200","status":"TS","lat":14,"lon":-51,"wind_kt":50,"pressure_mb":null,"radius_34kt_nm":null},{"date":"18510816","time":"1800","status":"TS","lat":14.4,"lon":-52.8,"wind_kt":50,"pressure_mb":null,"radius_34kt_nm":null},{"date":"18510817","time":"0000","status":"TS","lat":14.9,"lon":-54.6,"wind_kt":60,"pressure_mb":null,"radius_34kt_nm":null},{"date":"18510817","time":"0600","status":"TS","lat":15.4,"lon":-56.5,"wind_kt":60,"pressure_mb":null,"radius_34kt_nm":null},{"date":"18510817","time":"1200","status":"HU","lat":15.9,"lon":-58.5,"wind_kt":70,"pressure_mb":null,"radius_34kt_nm":null},{"date":"18510817","time":"1800","status":"HU","lat":16.1,"lon":-60.4,"wind_kt":70,"pressure_mb":null,"radius_34kt_nm":null},{"date":"18510818","time":"0000","status":"HU","lat":16.6,"lon":-62.5,"wind_kt":80,"pressure_mb":null,"radius_34kt_nm":null},{"date":"18510818","time":"0600","status":"HU","lat":16.9,"lon":-64.1,"wind_kt":80,"pressure_mb":null,"radius_34kt_nm":null},{"date":"18510818","time":"1200","status":"HU","lat":17.2,"lon":-66,"wind_kt":90,"pressure_mb":null,"radius_34kt_nm":null},{"date":"18510818","time":"1800","status":"HU","lat":17.6,"lon":-67.6,"wind_kt":90,"pressure_mb":null,"radius_34kt_nm":null},{"date":"18510819","time":"0000","status":"HU","lat":18,"lon":-69.3,"wind_kt":90,"pressure_mb":null,"radius_34kt_nm":null},{"date":"18510819","time":"0600","status":"HU","lat":18.4,"lon":-71.1,"wind_kt":70,"pressure_mb":null,"radius_34kt_nm":null},{"date":"18510819","time":"1200","status":"TS","lat":18.9,"lon":-72.6,"wind_kt":60,"pressure_mb":null,"radius_34kt_nm":null},{"date":"18510819","time":"1800","status":"TS","lat":19.4,"lon":-74.3,"wind_kt":60,"pressure_mb":null,"radius_34kt_nm":null},{"date":"18510820","time":"0000","status":"HU","lat":19.9,"lon":-75.9,"wind_kt":70,"pressure_mb":null,"radius_34kt_nm":null},{"date":"18510820","time":"0600","status":"HU","lat":20.5,"lon":-77.6,"wind_kt":70,"pressure_mb":null,"radius_34kt_nm":null},{"date":"18510820","time":"1200","status":"HU","lat":21.2,"lon":-79,"wind_kt":70,"pressure_mb":null,"radius_34kt_nm":null},{"date":"18510820","time":"1800","status":"HU","lat":21.9,"lon":-80.4,"wind_kt":70,"pressure_mb":null,"radius_34kt_nm":null},{"date":"18510821","time":"0000","status":"TS","lat":22.6,"lon":-81.4,"wind_kt":60,"pressure_mb":null,"radius_34kt_nm":null},{"date":"18510821","time":"0600","status":"TS","lat":23.2,"lon":-82.5,"wind_kt":60,"pressure_mb":null,"radius_34kt_nm":null},{"date":"18510821","time":"1200","status":"HU","lat":23.9,"lon":-83.6,"wind_kt":70,"pressure_mb":null,"radius_34kt_nm":null},{"date":"18510821","time":"1800","status":"HU","lat":24.4,"lon":-84.3,"wind_kt":70,"pressure_mb":null,"radius_34kt_nm":null},{"date":"18510822","time":"0000","status":"HU","lat":25,"lon":-84.9,"wind_kt":80,"pressure_mb":null,"radius_34kt_nm":null},{"date":"18510822","time":"0600","status":"HU","lat":25.6,"lon":-85.5,"wind_kt":80,"pressure_mb":null,"radius_34kt_nm":null},{"date":"18510822","time":"1200","status":"HU","lat":26.2,"lon":-86,"wind_kt":90,"pressure_mb":null,"radius_34kt_nm":null},{"date":"18510822","time":"1800","status":"HU","lat":26.8,"lon":-86.3,"wind_kt":90,"pressure_mb":null,"radius_34kt_nm":null},{"date":"18510823","time":"0000","status":"HU","lat":27.4,"lon":-86.5,"wind_kt":100,"pressure_mb":null,"radius_34kt_nm":null},{"date":"18510823","time":"0600","status":"HU","lat":28,"lon":-86.6,"wind_kt":100,"pressure_mb":null,"radius_34kt_nm":null},{"date":"18510823","time":"1200","status":"HU","lat":28.5,"lon":-86.6,"wind_kt":100,"pressure_mb":null,"radius_34kt_nm":null},{"date":"18510823","time":"1800","status":"HU","lat":29.6,"lon":-86.1,"wind_kt":100,"pressure_mb":null,"radius_34kt_nm":null},{"date":"18510823","time":"2100","status":"HU","lat":30.1,"lon":-85.7,"wind_kt":100,"pressure_mb":null,"radius_34kt_nm":null},{"date":"18510824","time":"0000","status":"HU","lat":30.7,"lon":-85.1,"wind_kt":90,"pressure_mb":null,"radius_34kt_nm":null},{"date":"18510824","time":"0600","status":"HU","lat":31.6,"lon":-84.1,"wind_kt":70,"pressure_mb":null,"radius_34kt_nm":null},{"date":"18510824","time":"1200","status":"TS","lat":32.5,"lon":-83,"wind_kt":60,"pressure_mb":null,"radius_34kt_nm":null},{"date":"18510824","time":"1800","status":"TS","lat":33.4,"lon":-81.4,"wind_kt":50,"pressure_mb":null,"radius_34kt_nm":null},{"date":"18510825","time":"0000","status":"TS","lat":34,"lon":-80,"wind_kt":40,"pressure_mb":null,"radius_34kt_nm":null},{"date":"18510825","time":"0600","status":"TS","lat":34.8,"lon":-78.6,"wind_kt":40,"pressure_mb":null,"radius_34kt_nm":null},{"date":"18510825","time":"1200","status":"TS","lat":35.8,"lon":-77,"wind_kt":40,"pressure_mb":null,"radius_34kt_nm":null},{"date":"18510825","time":"1800","status":"TS","lat":36.8,"lon":-75.1,"wind_kt":40,"pressure_mb":null,"radius_34kt_nm":null},{"date":"18510826","time":"0000","status":"TS","lat":37.8,"lon":-73.6,"wind_kt":40,"pressure_mb":null,"radius_34kt_nm":null},{"date":"18510826","time":"0600","status":"TS","lat":38.9,"lon":-71.8,"wind_kt":40,"pressure_mb":null,"radius_34kt_nm":null},{"date":"18510826","time":"1200","status":"TS","lat":40,"lon":-70,"wind_kt":40,"pressure_mb":null,"radius_34kt_nm":null},{"date":"18510826","time":"1800","status":"TS","lat":41.3,"lon":-66.8,"wind_kt":40,"pressure_mb":null,"radius_34kt_nm":null},{"date":"18510827","time":"0000","status":"TS","lat":42.8,"lon":-63.3,"wind_kt":40,"pressure_mb":null,"radius_34kt_nm":null},{"date":"18510827","time":"0600","status":"TS","lat":44.5,"lon":-60.2,"wind_kt":40,"pressure_mb":null,"radius_34kt_nm":null},{"date":"18510827","time":"1200","status":"TS","lat":46.4,"lon":-57.2,"wind_kt":40,"pressure_mb":null,"radius_34kt_nm":null},{"date":"18510827","time":"1800","status":"TS","lat":48.5,"lon":-54.2,"wind_kt":40,"pressure_mb":null,"radius_34kt_nm":null}]}},{"type":"Feature","geometry":{"type":"LineString","coordinates":[[-73.5,32.5],[-73.5,32.5],[-73.5,32.5],[-73.5,32.5],[-73.5,32.5],[-73.5,32.5],[-73.5,32.5],[-73.5,32.5],[-73.5,32.5],[-73.5,32.5],[-73.5,32.5],[-73.5,32.5],[-73.5,32.5],[-73.5,32.5],[-73.5,32.5],[-73.5,32.5]]},"properties":{"id":"hur-al051851","event_type":"hurricane","name":null,"year":1851,"max_wind_kt":50,"min_pressure_mb":null,"category":0,"preliminary":false,"start_date":"18510913","end_date":"18510916","track":[{"date":"18510913","time":"0000","status":"TS","lat":32.5,"lon":-73.5,"wind_kt":50,"pressure_mb":null,"radius_34kt_nm":null},{"date":"18510913","time":"0600","status":"TS","lat":32.5,"lon":-73.5,"wind_kt":50,"pressure_mb":null,"radius_34kt_nm":null},{"date":"18510913","time":"1200","status":"TS","lat":32.5,"lon":-73.5,"wind_kt":50,"pressure_mb":null,"radius_34kt_nm":null},{"date":"18510913","time":"1800","status":"TS","lat":32.5,"lon":-73.5,"wind_kt":50,"pressure_mb":null,"radius_34kt_nm":null},{"date":"18510914","time":"0000","status":"TS","lat":32.5,"lon":-73.5,"wind_kt":50,"pressure_mb":null,"radius_34kt_nm":null},{"date":"18510914","time":"0600","status":"TS","lat":32.5,"lon":-73.5,"wind_kt":50,"pressure_mb":null,"radius_34kt_nm":null},{"date":"18510914","time":"1200","status":"TS","lat":32.5,"lon":-73.5,"wind_kt":50,"pressure_mb":null,"radius_34kt_nm":null},{"date":"18510914","time":"1800","status":"TS","lat":32.5,"lon":-73.5,"wind_kt":50,"pressure_mb":null,"radius_34kt_nm":null},{"date":"18510915","time":"0000","status":"TS","lat":32.5,"lon":-73.5,"wind_kt":50,"pressure_mb":null,"radius_34kt_nm":null},{"date":"18510915","time":"0600","status":"TS","lat":32.5,"lon":-73.5,"wind_kt":50,"pressure_mb":null,"radius_34kt_nm":null},{"date":"18510915","time":"1200","status":"TS","lat":32.5,"lon":-73.5,"wind_kt":50,"pressure_mb":null,"radius_34kt_nm":null},{"date":"18510915","time":"1800","status":"TS","lat":32.5,"lon":-73.5,"wind_kt":50,"pressure_mb":null,"radius_34kt_nm":null},{"date":"18510916","time":"0000","status":"TS","lat":32.5,"lon":-73.5,"wind_kt":50,"pressure_mb":null,"radius_34kt_nm":null},{"date":"18510916","time":"0600","status":"TS","lat":32.5,"lon":-73.5,"wind_kt":50,"pressure_mb":null,"radius_34kt_nm":null},{"date":"18510916","time":"1200","status":"TS","lat":32.5,"lon":-73.5,"wind_kt":50,"pressure_mb":null,"radius_34kt_nm":null},{"date":"18510916","time":"1800","status":"TS","lat":32.5,"lon":-73.5,"wind_kt":50,"pressure_mb":null,"radius_34kt_nm":null}]}},{"type":"Feature","geometry":{"type":"LineString","coordinates":[[-78,28.7],[-77.8,29.1],[-77.5,29.5],[-77.1,30.1],[-76.6,30.7],[-76.3,31.2],[-75.9,31.6],[-75.5,32],[-74.9,32.7],[-74.3,33.3],[-73.8,34],[-73,35.3],[-72.6,37],[-72.1,38.5],[-71.8,40.2],[-71.7,41.1],[-71.6,42]]},"properties":{"id":"hur-al061851","event_type":"hurricane","name":null,"year":1851,"max_wind_kt":60,"min_pressure_mb":null,"category":0,"preliminary":false,"start_date":"18511016","end_date":"18511019","track":[{"date":"18511016","time":"0000","status":"TS","lat":28.7,"lon":-78,"wind_kt":40,"pressure_mb":null,"radius_34kt_nm":null},{"date":"18511016","time":"0600","status":"TS","lat":29.1,"lon":-77.8,"wind_kt":40,"pressure_mb":null,"radius_34kt_nm":null},{"date":"18511016","time":"1200","status":"TS","lat":29.5,"lon":-77.5,"wind_kt":50,"pressure_mb":null,"radius_34kt_nm":null},{"date":"18511016","time":"1800","status":"TS","lat":30.1,"lon":-77.1,"wind_kt":50,"pressure_mb":null,"radius_34kt_nm":null},{"date":"18511017","time":"0000","status":"TS","lat":30.7,"lon":-76.6,"wind_kt":60,"pressure_mb":null,"radius_34kt_nm":null},{"date":"18511017","time":"0600","status":"TS","lat":31.2,"lon":-76.3,"wind_kt":60,"pressure_mb":null,"radius_34kt_nm":null},{"date":"18511017","time":"1200","status":"TS","lat":31.6,"lon":-75.9,"wind_kt":60,"pressure_mb":null,"radius_34kt_nm":null},{"date":"18511017","time":"1800","status":"TS","lat":32,"lon":-75.5,"wind_kt":60,"pressure_mb":null,"radius_34kt_nm":null},{"date":"18511018","time":"0000","status":"TS","lat":32.7,"lon":-74.9,"wind_kt":60,"pressure_mb":null,"radius_34kt_nm":null},{"date":"18511018","time":"0600","status":"TS","lat":33.3,"lon":-74.3,"wind_kt":60,"pressure_mb":null,"radius_34kt_nm":null},{"date":"18511018","time":"1200","status":"TS","lat":34,"lon":-73.8,"wind_kt":60,"pressure_mb":null,"radius_34kt_nm":null},{"date":"18511018","time":"1800","status":"TS","lat":35.3,"lon":-73,"wind_kt":60,"pressure_mb":null,"radius_34kt_nm":null},{"date":"18511019","time":"0000","status":"TS","lat":37,"lon":-72.6,"wind_kt":50,"pressure_mb":null,"radius_34kt_nm":null},{"date":"18511019","time":"0600","status":"TS","lat":38.5,"lon":-72.1,"wind_kt":50,"pressure_mb":null,"radius_34kt_nm":null},{"date":"18511019","time":"1200","status":"TS","lat":40.2,"lon":-71.8,"wind_kt":50,"pressure_mb":null,"radius_34kt_nm":null},{"date":"18511019","time":"1500","status":"TS","lat":41.1,"lon":-71.7,"wind_kt":50,"pressure_mb":null,"radius_34kt_nm":null},{"date":"18511019","time":"1800","status":"TS","lat":42,"lon":-71.6,"wind_kt":40,"pressure_mb":null,"radius_34kt_nm":null}]}},{"type":"Feature","geometry":{"type":"LineString","coordinates":[[-67.1,20.5],[-68,20.7],[-68.8,20.9],[-69.6,21.1],[-70.6,21.2],[-71.9,21.5],[-73,21.7],[-74,21.9],[-74.9,22.1],[-76.1,22.2],[-77.1,22.6],[-78.1,22.9],[-79.3,23.2],[-80.1,23.5],[-81.1,23.8],[-82.1,24.2],[-83.1,24.7],[-83.9,25.2],[-84.6,25.7],[-85.3,26.2],[-86,26.7],[-86.6,27.2],[-87.1,27.7],[-87.5,28.2],[-87.8,28.6],[-88,28.8],[-88.2,29.1],[-88.4,29.4],[-88.6,29.8],[-88.6,30.2],[-88.5,30.6],[-88.1,31.2],[-87.4,31.8],[-86.3,32.3],[-84.8,32.8],[-82.8,33.2],[-80.5,33.5],[-78.2,33.8],[-76,34],[-74.2,34.4],[-72.8,35.2],[-71.8,36.4],[-70.8,38],[-69.6,39.6],[-68,41]]},"properties":{"id":"hur-al011852","event_type":"hurricane","name":null,"year":1852,"max_wind_kt":100,"min_pressure_mb":961,"category":3,"preliminary":false,"start_date":"18520819","end_date":"18520830","track":[{"date":"18520819","time":"0000","status":"TS","lat":20.5,"lon":-67.1,"wind_kt":60,"pressure_mb":null,"radius_34kt_nm":null},{"date":"18520819","time":"0600","status":"TS","lat":20.7,"lon":-68,"wind_kt":60,"pressure_mb":null,"radius_34kt_nm":null},{"date":"18520819","time":"1200","status":"TS","lat":20.9,"lon":-68.8,"wind_kt":60,"pressure_mb":null,"radius_34kt_nm":null},{"date":"18520819","time":"1800","status":"TS","lat":21.1,"lon":-69.6,"wind_kt":60,"pressure_mb":null,"radius_34kt_nm":null},{"date":"18520820","time":"0000","status":"HU","lat":21.2,"lon":-70.6,"wind_kt":70,"pressure_mb":null,"radius_34kt_nm":null},{"date":"18520820","time":"0600","status":"HU","lat":21.5,"lon":-71.9,"wind_kt":70,"pressure_mb":null,"radius_34kt_nm":null},{"date":"18520820","time":"1200","status":"HU","lat":21.7,"lon":-73,"wind_kt":70,"pressure_mb":null,"radius_34kt_nm":null},{"date":"18520820","time":"1800","status":"HU","lat":21.9,"lon":-74,"wind_kt":70,"pressure_mb":null,"radius_34kt_nm":null},{"date":"18520821","time":"0000","status":"HU","lat":22.1,"lon":-74.9,"wind_kt":80,"pressure_mb":null,"radius_34kt_nm":null},{"date":"18520821","time":"0600","status":"HU","lat":22.2,"lon":-76.1,"wind_kt":80,"pressure_mb":null,"radius_34kt_nm":null},{"date":"18520821","time":"1200","status":"HU","lat":22.6,"lon":-77.1,"wind_kt":80,"pressure_mb":null,"radius_34kt_nm":null},{"date":"18520821","time":"1800","status":"HU","lat":22.9,"lon":-78.1,"wind_kt":80,"pressure_mb":null,"radius_34kt_nm":null},{"date":"18520822","time":"0000","status":"HU","lat":23.2,"lon":-79.3,"wind_kt":90,"pressure_mb":null,"radius_34kt_nm":null},{"date":"18520822","time":"0600","status":"HU","lat":23.5,"lon":-80.1,"wind_kt":90,"pressure_mb":null,"radius_34kt_nm":null},{"date":"18520822","time":"1200","status":"HU","lat":23.8,"lon":-81.1,"wind_kt":90,"pressure_mb":null,"radius_34kt_nm":null},{"date":"18520822","time":"1800","status":"HU","lat":24.2,"lon":-82.1,"wind_kt":90,"pressure_mb":null,"radius_34kt_nm":null},{"date":"18520823","time":"0000","status":"HU","lat":24.7,"lon":-83.1,"wind_kt":90,"pressure_mb":null,"radius_34kt_nm":null},{"date":"18520823","time":"0600","status":"HU","lat":25.2,"lon":-83.9,"wind_kt":90,"pressure_mb":null,"radius_34kt_nm":null},{"date":"18520823","time":"1200","status":"HU","lat":25.7,"lon":-84.6,"wind_kt":90,"pressure_mb":null,"radius_34kt_nm":null},{"date":"18520823","time":"1800","status":"HU","lat":26.2,"lon":-85.3,"wind_kt":90,"pressure_mb":null,"radius_34kt_nm":null},{"date":"18520824","time":"0000","status":"HU","lat":26.7,"lon":-86,"wind_kt":100,"pressure_mb":null,"radius_34kt_nm":null},{"date":"18520824","time":"0600","status":"HU","lat":27.2,"lon":-86.6,"wind_kt":100,"pressure_mb":null,"radius_34kt_nm":null},{"date":"18520824","time":"1200","status":"HU","lat":27.7,"lon":-87.1,"wind_kt":100,"pressure_mb":null,"radius_34kt_nm":null},{"date":"18520824","time":"1800","status":"HU","lat":28.2,"lon":-87.5,"wind_kt":100,"pressure_mb":null,"radius_34kt_nm":null},{"date":"18520825","time":"0000","status":"HU","lat":28.6,"lon":-87.8,"wind_kt":100,"pressure_mb":null,"radius_34kt_nm":null},{"date":"18520825","time":"0600","status":"HU","lat":28.8,"lon":-88,"wind_kt":100,"pressure_mb":null,"radius_34kt_nm":null},{"date":"18520825","time":"1200","status":"HU","lat":29.1,"lon":-88.2,"wind_kt":100,"pressure_mb":null,"radius_34kt_nm":null},{"date":"18520825","time":"1800","status":"HU","lat":29.4,"lon":-88.4,"wind_kt":100,"pressure_mb":null,"radius_34kt_nm":null},{"date":"18520826","time":"0000","status":"HU","lat":29.8,"lon":-88.6,"wind_kt":100,"pressure_mb":null,"radius_34kt_nm":null},{"date":"18520826","time":"0600","status":"HU","lat":30.2,"lon":-88.6,"wind_kt":100,"pressure_mb":961,"radius_34kt_nm":null},{"date":"18520826","time":"1200","status":"HU","lat":30.6,"lon":-88.5,"wind_kt":90,"pressure_mb":null,"radius_34kt_nm":null},{"date":"18520826","time":"1800","status":"HU","lat":31.2,"lon":-88.1,"wind_kt":70,"pressure_mb":null,"radius_34kt_nm":null},{"date":"18520827","time":"0000","status":"TS","lat":31.8,"lon":-87.4,"wind_kt":50,"pressure_mb":null,"radius_34kt_nm":null},{"date":"18520827","time":"0600","status":"TS","lat":32.3,"lon":-86.3,"wind_kt":40,"pressure_mb":null,"radius_34kt_nm":null},{"date":"18520827","time":"1200","status":"TS","lat":32.8,"lon":-84.8,"wind_kt":40,"pressure_mb":null,"radius_34kt_nm":null},{"date":"18520827","time":"1800","status":"TS","lat":33.2,"lon":-82.8,"wind_kt":40,"pressure_mb":null,"radius_34kt_nm":null},{"date":"18520828","time":"0000","status":"TS","lat":33.5,"lon":-80.5,"wind_kt":40,"pressure_mb":null,"radius_34kt_nm":null},{"date":"18520828","time":"0600","status":"TS","lat":33.8,"lon":-78.2,"wind_kt":40,"pressure_mb":null,"radius_34kt_nm":null},{"date":"18520828","time":"1200","status":"TS","lat":34,"lon":-76,"wind_kt":40,"pressure_mb":null,"radius_34kt_nm":null},{"date":"18520828","time":"1800","status":"TS","lat":34.4,"lon":-74.2,"wind_kt":40,"pressure_mb":null,"radius_34kt_nm":null},{"date":"18520829","time":"0000","status":"TS","lat":35.2,"lon":-72.8,"wind_kt":50,"pressure_mb":null,"radius_34kt_nm":null},{"date":"18520829","time":"0600","status":"TS","lat":36.4,"lon":-71.8,"wind_kt":50,"pressure_mb":null,"radius_34kt_nm":null},{"date":"18520829","time":"1200","status":"TS","lat":38,"lon":-70.8,"wind_kt":50,"pressure_mb":null,"radius_34kt_nm":null},{"date":"18520829","time":"1800","status":"TS","lat":39.6,"lon":-69.6,"wind_kt":50,"pressure_mb":null,"radius_34kt_nm":null},{"date":"18520830","time":"0000","status":"TS","lat":41,"lon":-68,"wind_kt":50,"pressure_mb":null,"radius_34kt_nm":null}]}},{"type":"Feature","geometry":{"type":"LineString","coordinates":[[-64.1,17],[-65.1,17.4],[-66.1,17.7],[-67.1,18.2],[-68.8,18.6],[-70.1,19.2],[-71.4,19.5],[-72.5,19.7]]},"properties":{"id":"hur-al021852","event_type":"hurricane","name":null,"year":1852,"max_wind_kt":70,"min_pressure_mb":null,"category":1,"preliminary":false,"start_date":"18520905","end_date":"18520906","track":[{"date":"18520905","time":"0000","status":"HU","lat":17,"lon":-64.1,"wind_kt":70,"pressure_mb":null,"radius_34kt_nm":null},{"date":"18520905","time":"0600","status":"HU","lat":17.4,"lon":-65.1,"wind_kt":70,"pressure_mb":null,"radius_34kt_nm":null},{"date":"18520905","time":"1200","status":"HU","lat":17.7,"lon":-66.1,"wind_kt":70,"pressure_mb":null,"radius_34kt_nm":null},{"date":"18520905","time":"1800","status":"TS","lat":18.2,"lon":-67.1,"wind_kt":60,"pressure_mb":null,"radius_34kt_nm":null},{"date":"18520906","time":"0000","status":"TS","lat":18.6,"lon":-68.8,"wind_kt":60,"pressure_mb":null,"radius_34kt_nm":null},{"date":"18520906","time":"0600","status":"TS","lat":19.2,"lon":-70.1,"wind_kt":50,"pressure_mb":null,"radius_34kt_nm":null},{"date":"18520906","time":"1200","status":"TS","lat":19.5,"lon":-71.4,"wind_kt":40,"pressure_mb":null,"radius_34kt_nm":null},{"date":"18520906","time":"1800","status":"TS","lat":19.7,"lon":-72.5,"wind_kt":40,"pressure_mb":null,"radius_34kt_nm":null}]}},{"type":"Feature","geometry":{"type":"LineString","coordinates":[[-90.4,26.4],[-89.6,26.5],[-88.8,26.6],[-88.1,26.6],[-87.4,26.8],[-86.6,26.9],[-86.1,27.1],[-85.6,27.3],[-85.1,27.5],[-84.6,27.7],[-84,27.8],[-83.4,27.9],[-82.8,28],[-82.2,28.1],[-81.5,28.2],[-80.5,28.5],[-79,29.2],[-77,30.4],[-74.5,32],[-71.5,34]]},"properties":{"id":"hur-al031852","event_type":"hurricane","name":null,"year":1852,"max_wind_kt":70,"min_pressure_mb":null,"category":1,"preliminary":false,"start_date":"18520909","end_date":"18520913","track":[{"date":"18520909","time":"0000","status":"HU","lat":26.4,"lon":-90.4,"wind_kt":70,"pressure_mb":null,"radius_34kt_nm":null},{"date":"18520909","time":"0600","status":"HU","lat":26.5,"lon":-89.6,"wind_kt":70,"pressure_mb":null,"radius_34kt_nm":null},{"date":"18520909","time":"1200","status":"HU","lat":26.6,"lon":-88.8,"wind_kt":70,"pressure_mb":null,"radius_34kt_nm":null},{"date":"18520909","time":"1800","status":"HU","lat":26.6,"lon":-88.1,"wind_kt":70,"pressure_mb":null,"radius_34kt_nm":null},{"date":"18520910","time":"0000","status":"HU","lat":26.8,"lon":-87.4,"wind_kt":70,"pressure_mb":null,"radius_34kt_nm":null},{"date":"18520910","time":"0600","status":"HU","lat":26.9,"lon":-86.6,"wind_kt":70,"pressure_mb":null,"radius_34kt_nm":null},{"date":"18520910","time":"1200","status":"HU","lat":27.1,"lon":-86.1,"wind_kt":70,"pressure_mb":null,"radius_34kt_nm":null},{"date":"18520910","time":"1800","status":"HU","lat":27.3,"lon":-85.6,"wind_kt":70,"pressure_mb":null,"radius_34kt_nm":null},{"date":"18520911","time":"0000","status":"HU","lat":27.5,"lon":-85.1,"wind_kt":70,"pressure_mb":null,"radius_34kt_nm":null},{"date":"18520911","time":"0600","status":"HU","lat":27.7,"lon":-84.6,"wind_kt":70,"pressure_mb":null,"radius_34kt_nm":null},{"date":"18520911","time":"1200","status":"HU","lat":27.8,"lon":-84,"wind_kt":70,"pressure_mb":null,"radius_34kt_nm":null},{"date":"18520911","time":"1800","status":"HU","lat":27.9,"lon":-83.4,"wind_kt":70,"pressure_mb":null,"radius_34kt_nm":null},{"date":"18520912","time":"0000","status":"HU","lat":28,"lon":-82.8,"wind_kt":70,"pressure_mb":null,"radius_34kt_nm":null},{"date":"18520912","time":"0600","status":"TS","lat":28.1,"lon":-82.2,"wind_kt":60,"pressure_mb":null,"radius_34kt_nm":null},{"date":"18520912","time":"1200","status":"TS","lat":28.2,"lon":-81.5,"wind_kt":50,"pressure_mb":null,"radius_34kt_nm":null},{"date":"18520912","time":"1800","status":"TS","lat":28.5,"lon":-80.5,"wind_kt":50,"pressure_mb":null,"radius_34kt_nm":null},{"date":"18520913","time":"0000","status":"TS","lat":29.2,"lon":-79,"wind_kt":60,"pressure_mb":null,"radius_34kt_nm":null},{"date":"18520913","time":"0600","status":"HU","lat":30.4,"lon":-77,"wind_kt":70,"pressure_mb":null,"radius_34kt_nm":null},{"date":"18520913","time":"1200","status":"HU","lat":32,"lon":-74.5,"wind_kt":70,"pressure_mb":null,"radius_34kt_nm":null},{"date":"18520913","time":"1800","status":"HU","lat":34,"lon":-71.5,"wind_kt":70,"pressure_mb":null,"radius_34kt_nm":null}]}},{"type":"Feature","geometry":{"type":"LineString","coordinates":[[-58.5,16.1],[-59.1,16.4],[-59.7,16.7],[-60.3,17],[-61.2,17.4],[-62.2,17.7],[-63.1,18.1],[-63.7,18.4],[-64.3,18.7],[-65,18.9],[-65.8,19.1],[-66.6,19.2],[-67.4,19.5],[-68.1,19.7],[-68.8,19.9],[-69.6,20],[-70.3,20.1],[-70.9,20.4],[-71.6,20.7],[-72.1,21],[-73,21.4],[-73.6,21.9],[-74,22.5],[-74.4,23.2],[-74.6,23.9],[-74.6,24.6],[-74.5,25.4],[-74,26.5],[-73.5,27.4],[-72.9,28.2],[-72.3,29],[-71.5,30.2],[-70.5,31.6],[-69.6,32.7],[-69.1,33.8],[-68.6,34.9]]},"properties":{"id":"hur-al041852","event_type":"hurricane","name":null,"year":1852,"max_wind_kt":80,"min_pressure_mb":null,"category":1,"preliminary":false,"start_date":"18520922","end_date":"18520930","track":[{"date":"18520922","time":"0000","status":"TS","lat":16.1,"lon":-58.5,"wind_kt":50,"pressure_mb":null,"radius_34kt_nm":null},{"date":"18520922","time":"0600","status":"TS","lat":16.4,"lon":-59.1,"wind_kt":50,"pressure_mb":null,"radius_34kt_nm":null},{"date":"18520922","time":"1200","status":"TS","lat":16.7,"lon":-59.7,"wind_kt":50,"pressure_mb":null,"radius_34kt_nm":null},{"date":"18520922","time":"1800","status":"TS","lat":17,"lon":-60.3,"wind_kt":50,"pressure_mb":null,"radius_34kt_nm":null},{"date":"18520923","time":"0000","status":"TS","lat":17.4,"lon":-61.2,"wind_kt":60,"pressure_mb":null,"radius_34kt_nm":null},{"date":"18520923","time":"0600","status":"TS","lat":17.7,"lon":-62.2,"wind_kt":60,"pressure_mb":null,"radius_34kt_nm":null},{"date":"18520923","time":"1200","status":"HU","lat":18.1,"lon":-63.1,"wind_kt":70,"pressure_mb":null,"radius_34kt_nm":null},{"date":"18520923","time":"1800","status":"HU","lat":18.4,"lon":-63.7,"wind_kt":70,"pressure_mb":null,"radius_34kt_nm":null},{"date":"18520924","time":"0000","status":"HU","lat":18.7,"lon":-64.3,"wind_kt":70,"pressure_mb":null,"radius_34kt_nm":null},{"date":"18520924","time":"0600","status":"HU","lat":18.9,"lon":-65,"wind_kt":70,"pressure_mb":null,"radius_34kt_nm":null},{"date":"18520924","time":"1200","status":"HU","lat":19.1,"lon":-65.8,"wind_kt":70,"pressure_mb":null,"radius_34kt_nm":null},{"date":"18520924","time":"1800","status":"HU","lat":19.2,"lon":-66.6,"wind_kt":70,"pressure_mb":null,"radius_34kt_nm":null},{"date":"18520925","time":"0000","status":"HU","lat":19.5,"lon":-67.4,"wind_kt":80,"pressure_mb":null,"radius_34kt_nm":null},{"date":"18520925","time":"0600","status":"HU","lat":19.7,"lon":-68.1,"wind_kt":80,"pressure_mb":null,"radius_34kt_nm":null},{"date":"18520925","time":"1200","status":"HU","lat":19.9,"lon":-68.8,"wind_kt":80,"pressure_mb":null,"radius_34kt_nm":null},{"date":"18520925","time":"1800","status":"HU","lat":20,"lon":-69.6,"wind_kt":80,"pressure_mb":null,"radius_34kt_nm":null},{"date":"18520926","time":"0000","status":"HU","lat":20.1,"lon":-70.3,"wind_kt":80,"pressure_mb":null,"radius_34kt_nm":null},{"date":"18520926","time":"0600","status":"HU","lat":20.4,"lon":-70.9,"wind_kt":80,"pressure_mb":null,"radius_34kt_nm":null},{"date":"18520926","time":"1200","status":"HU","lat":20.7,"lon":-71.6,"wind_kt":80,"pressure_mb":null,"radius_34kt_nm":null},{"date":"18520926","time":"1800","status":"HU","lat":21,"lon":-72.1,"wind_kt":80,"pressure_mb":null,"radius_34kt_nm":null},{"date":"18520927","time":"0000","status":"HU","lat":21.4,"lon":-73,"wind_kt":80,"pressure_mb":null,"radius_34kt_nm":null},{"date":"18520927","time":"0600","status":"HU","lat":21.9,"lon":-73.6,"wind_kt":80,"pressure_mb":null,"radius_34kt_nm":null},{"date":"18520927","time":"1200","status":"HU","lat":22.5,"lon":-74,"wind_kt":80,"pressure_mb":null,"radius_34kt_nm":null},{"date":"18520927","time":"1800","status":"HU","lat":23.2,"lon":-74.4,"wind_kt":80,"pressure_mb":null,"radius_34kt_nm":null},{"date":"18520928","time":"0000","status":"HU","lat":23.9,"lon":-74.6,"wind_kt":80,"pressure_mb":null,"radius_34kt_nm":null},{"date":"18520928","time":"0600","status":"HU","lat":24.6,"lon":-74.6,"wind_kt":80,"pressure_mb":null,"radius_34kt_nm":null},{"date":"18520928","time":"1200","status":"HU","lat":25.4,"lon":-74.5,"wind_kt":80,"pressure_mb":null,"radius_34kt_nm":null},{"date":"18520928","time":"1800","status":"HU","lat":26.5,"lon":-74,"wind_kt":80,"pressure_mb":null,"radius_34kt_nm":null},{"date":"18520929","time":"0000","status":"HU","lat":27.4,"lon":-73.5,"wind_kt":80,"pressure_mb":null,"radius_34kt_nm":null},{"date":"18520929","time":"0600","status":"HU","lat":28.2,"lon":-72.9,"wind_kt":80,"pressure_mb":null,"radius_34kt_nm":null},{"date":"18520929","time":"1200","status":"HU","lat":29,"lon":-72.3,"wind_kt":80,"pressure_mb":null,"radius_34kt_nm":null},{"date":"18520929","time":"1800","status":"HU","lat":30.2,"lon":-71.5,"wind_kt":80,"pressure_mb":null,"radius_34kt_nm":null},{"date":"18520930","time":"0000","status":"HU","lat":31.6,"lon":-70.5,"wind_kt":70,"pressure_mb":null,"radius_34kt_nm":null},{"date":"18520930","time":"0600","status":"HU","lat":32.7,"lon":-69.6,"wind_kt":70,"pressure_mb":null,"radius_34kt_nm":null},{"date":"18520930","time":"1200","status":"HU","lat":33.8,"lon":-69.1,"wind_kt":70,"pressure_mb":null,"radius_34kt_nm":null},{"date":"18520930","time":"1800","status":"HU","lat":34.9,"lon":-68.6,"wind_kt":70,"pressure_mb":null,"radius_34kt_nm":null}]}},{"type":"Feature","geometry":{"type":"LineString","coordinates":[[-73.8,17],[-75,17.1],[-76.3,17.2],[-77.8,17.2],[-79.6,17.7],[-81.5,18.2],[-83.1,18.7],[-84.4,19.5],[-85.5,20.4],[-86.4,21.2],[-86.9,22.4],[-86.8,24],[-86.4,25.6],[-85.9,26.9],[-85.5,28],[-84.9,29.2],[-84.4,29.9],[-83.9,30.5],[-82.8,31.8],[-81.1,33],[-79.5,34],[-77,35],[-74,36],[-70,38],[-66,40]]},"properties":{"id":"hur-al051852","event_type":"hurricane","name":null,"year":1852,"max_wind_kt":90,"min_pressure_mb":null,"category":2,"preliminary":false,"start_date":"18521006","end_date":"18521011","track":[{"date":"18521006","time":"0000","status":"HU","lat":17,"lon":-73.8,"wind_kt":90,"pressure_mb":null,"radius_34kt_nm":null},{"date":"18521006","time":"0600","status":"HU","lat":17.1,"lon":-75,"wind_kt":90,"pressure_mb":null,"radius_34kt_nm":null},{"date":"18521006","time":"1200","status":"HU","lat":17.2,"lon":-76.3,"wind_kt":90,"pressure_mb":null,"radius_34kt_nm":null},{"date":"18521006","time":"1800","status":"HU","lat":17.2,"lon":-77.8,"wind_kt":90,"pressure_mb":null,"radius_34kt_nm":null},{"date":"18521007","time":"0000","status":"HU","lat":17.7,"lon":-79.6,"wind_kt":90,"pressure_mb":null,"radius_34kt_nm":null},{"date":"18521007","time":"0600","status":"HU","lat":18.2,"lon":-81.5,"wind_kt":90,"pressure_mb":null,"radius_34kt_nm":null},{"date":"18521007","time":"1200","status":"HU","lat":18.7,"lon":-83.1,"wind_kt":90,"pressure_mb":null,"radius_34kt_nm":null},{"date":"18521007","time":"1800","status":"HU","lat":19.5,"lon":-84.4,"wind_kt":90,"pressure_mb":null,"radius_34kt_nm":null},{"date":"18521008","time":"0000","status":"HU","lat":20.4,"lon":-85.5,"wind_kt":90,"pressure_mb":null,"radius_34kt_nm":null},{"date":"18521008","time":"0600","status":"HU","lat":21.2,"lon":-86.4,"wind_kt":90,"pressure_mb":null,"radius_34kt_nm":null},{"date":"18521008","time":"1200","status":"HU","lat":22.4,"lon":-86.9,"wind_kt":90,"pressure_mb":null,"radius_34kt_nm":null},{"date":"18521008","time":"1800","status":"HU","lat":24,"lon":-86.8,"wind_kt":90,"pressure_mb":null,"radius_34kt_nm":null},{"date":"18521009","time":"0000","status":"HU","lat":25.6,"lon":-86.4,"wind_kt":90,"pressure_mb":null,"radius_34kt_nm":null},{"date":"18521009","time":"0600","status":"HU","lat":26.9,"lon":-85.9,"wind_kt":90,"pressure_mb":null,"radius_34kt_nm":null},{"date":"18521009","time":"1200","status":"HU","lat":28,"lon":-85.5,"wind_kt":90,"pressure_mb":null,"radius_34kt_nm":null},{"date":"18521009","time":"1800","status":"HU","lat":29.2,"lon":-84.9,"wind_kt":90,"pressure_mb":null,"radius_34kt_nm":null},{"date":"18521009","time":"2100","status":"HU","lat":29.9,"lon":-84.4,"wind_kt":90,"pressure_mb":null,"radius_34kt_nm":null},{"date":"18521010","time":"0000","status":"HU","lat":30.5,"lon":-83.9,"wind_kt":80,"pressure_mb":null,"radius_34kt_nm":null},{"date":"18521010","time":"0600","status":"TS","lat":31.8,"lon":-82.8,"wind_kt":60,"pressure_mb":null,"radius_34kt_nm":null},{"date":"18521010","time":"1200","status":"TS","lat":33,"lon":-81.1,"wind_kt":50,"pressure_mb":null,"radius_34kt_nm":null},{"date":"18521010","time":"1800","status":"TS","lat":34,"lon":-79.5,"wind_kt":50,"pressure_mb":null,"radius_34kt_nm":null},{"date":"18521011","time":"0000","status":"TS","lat":35,"lon":-77,"wind_kt":50,"pressure_mb":null,"radius_34kt_nm":null},{"date":"18521011","time":"0600","status":"TS","lat":36,"lon":-74,"wind_kt":50,"pressure_mb":null,"radius_34kt_nm":null},{"date":"18521011","time":"1200","status":"TS","lat":38,"lon":-70,"wind_kt":60,"pressure_mb":null,"radius_34kt_nm":null},{"date":"18521011","time":"1800","status":"TS","lat":40,"lon":-66,"wind_kt":60,"pressure_mb":null,"radius_34kt_nm":null}]}},{"type":"Feature","geometry":{"type":"LineString","coordinates":[[-69,32.5]]},"properties":{"id":"hur-al011853","event_type":"hurricane","name":null,"year":1853,"max_wind_kt":50,"min_pressure_mb":null,"category":0,"preliminary":false,"start_date":"18530805","end_date":"18530805","track":[{"date":"18530805","time":"1200","status":"TS","lat":32.5,"lon":-69,"wind_kt":50,"pressure_mb":null,"radius_34kt_nm":null}]}},{"type":"Feature","geometry":{"type":"LineString","coordinates":[[-60,12]]},"properties":{"id":"hur-al021853","event_type":"hurricane","name":null,"year":1853,"max_wind_kt":40,"min_pressure_mb":null,"category":0,"preliminary":false,"start_date":"18530810","end_date":"18530810","track":[{"date":"18530810","time":"1200","status":"TS","lat":12,"lon":-60,"wind_kt":40,"pressure_mb":null,"radius_34kt_nm":null}]}},{"type":"Feature","geometry":{"type":"LineString","coordinates":[[-23.2,12.1],[-25.1,12.3],[-27,12.5],[-28.9,12.8],[-30.9,13],[-33,13.3],[-35,13.6],[-36.8,13.9],[-38.5,14.2],[-40.5,14.6],[-42.3,14.9],[-43.9,15.2],[-45.7,15.7],[-47.3,16.2],[-49,16.7],[-51,17.4],[-52.8,18.2],[-54.6,19.1],[-56.2,19.7],[-58,20.7],[-59.9,21.2],[-61.8,22],[-63.7,22.7],[-65.3,23.4],[-67.1,24.2],[-68.6,25],[-70.1,25.8],[-71.1,26.6],[-72,27.3],[-72.9,28.2],[-73.5,29.1],[-74,30.2],[-74.3,31.2],[-74.1,32.5],[-73.9,33.7],[-72.9,34.9],[-71.6,36],[-69.9,36.8],[-67.9,37.5],[-65.4,38.2],[-62.3,39],[-59.4,39.9],[-56.8,40.8],[-53.4,41.9],[-49.5,42.9],[-45.5,43.9],[-41.2,45],[-36.2,46.2]]},"properties":{"id":"hur-al031853","event_type":"hurricane","name":null,"year":1853,"max_wind_kt":130,"min_pressure_mb":924,"category":4,"preliminary":false,"start_date":"18530830","end_date":"18530910","track":[{"date":"18530830","time":"0000","status":"TS","lat":12.1,"lon":-23.2,"wind_kt":40,"pressure_mb":null,"radius_34kt_nm":null},{"date":"18530830","time":"0600","status":"TS","lat":12.3,"lon":-25.1,"wind_kt":40,"pressure_mb":null,"radius_34kt_nm":null},{"date":"18530830","time":"1200","status":"TS","lat":12.5,"lon":-27,"wind_kt":40,"pressure_mb":null,"radius_34kt_nm":null},{"date":"18530830","time":"1800","status":"TS","lat":12.8,"lon":-28.9,"wind_kt":40,"pressure_mb":null,"radius_34kt_nm":null},{"date":"18530831","time":"0000","status":"TS","lat":13,"lon":-30.9,"wind_kt":50,"pressure_mb":null,"radius_34kt_nm":null},{"date":"18530831","time":"0600","status":"TS","lat":13.3,"lon":-33,"wind_kt":50,"pressure_mb":null,"radius_34kt_nm":null},{"date":"18530831","time":"1200","status":"TS","lat":13.6,"lon":-35,"wind_kt":60,"pressure_mb":null,"radius_34kt_nm":null},{"date":"18530831","time":"1800","status":"TS","lat":13.9,"lon":-36.8,"wind_kt":60,"pressure_mb":null,"radius_34kt_nm":null},{"date":"18530901","time":"0000","status":"HU","lat":14.2,"lon":-38.5,"wind_kt":70,"pressure_mb":null,"radius_34kt_nm":null},{"date":"18530901","time":"0600","status":"HU","lat":14.6,"lon":-40.5,"wind_kt":70,"pressure_mb":null,"radius_34kt_nm":null},{"date":"18530901","time":"1200","status":"HU","lat":14.9,"lon":-42.3,"wind_kt":80,"pressure_mb":null,"radius_34kt_nm":null},{"date":"18530901","time":"1800","status":"HU","lat":15.2,"lon":-43.9,"wind_kt":80,"pressure_mb":null,"radius_34kt_nm":null},{"date":"18530902","time":"0000","status":"HU","lat":15.7,"lon":-45.7,"wind_kt":90,"pressure_mb":null,"radius_34kt_nm":null},{"date":"18530902","time":"0600","status":"HU","lat":16.2,"lon":-47.3,"wind_kt":90,"pressure_mb":null,"radius_34kt_nm":null},{"date":"18530902","time":"1200","status":"HU","lat":16.7,"lon":-49,"wind_kt":100,"pressure_mb":null,"radius_34kt_nm":null},{"date":"18530902","time":"1800","status":"HU","lat":17.4,"lon":-51,"wind_kt":110,"pressure_mb":null,"radius_34kt_nm":null},{"date":"18530903","time":"0000","status":"HU","lat":18.2,"lon":-52.8,"wind_kt":120,"pressure_mb":null,"radius_34kt_nm":null},{"date":"18530903","time":"0600","status":"HU","lat":19.1,"lon":-54.6,"wind_kt":130,"pressure_mb":null,"radius_34kt_nm":null},{"date":"18530903","time":"1200","status":"HU","lat":19.7,"lon":-56.2,"wind_kt":130,"pressure_mb":924,"radius_34kt_nm":null},{"date":"18530903","time":"1800","status":"HU","lat":20.7,"lon":-58,"wind_kt":130,"pressure_mb":null,"radius_34kt_nm":null},{"date":"18530904","time":"0000","status":"HU","lat":21.2,"lon":-59.9,"wind_kt":120,"pressure_mb":null,"radius_34kt_nm":null},{"date":"18530904","time":"0600","status":"HU","lat":22,"lon":-61.8,"wind_kt":120,"pressure_mb":null,"radius_34kt_nm":null},{"date":"18530904","time":"1200","status":"HU","lat":22.7,"lon":-63.7,"wind_kt":120,"pressure_mb":null,"radius_34kt_nm":null},{"date":"18530904","time":"1800","status":"HU","lat":23.4,"lon":-65.3,"wind_kt":120,"pressure_mb":null,"radius_34kt_nm":null},{"date":"18530905","time":"0000","status":"HU","lat":24.2,"lon":-67.1,"wind_kt":120,"pressure_mb":null,"radius_34kt_nm":null},{"date":"18530905","time":"0600","status":"HU","lat":25,"lon":-68.6,"wind_kt":120,"pressure_mb":null,"radius_34kt_nm":null},{"date":"18530905","time":"1200","status":"HU","lat":25.8,"lon":-70.1,"wind_kt":120,"pressure_mb":null,"radius_34kt_nm":null},{"date":"18530905","time":"1800","status":"HU","lat":26.6,"lon":-71.1,"wind_kt":120,"pressure_mb":null,"radius_34kt_nm":null},{"date":"18530906","time":"0000","status":"HU","lat":27.3,"lon":-72,"wind_kt":120,"pressure_mb":null,"radius_34kt_nm":null},{"date":"18530906","time":"0600","status":"HU","lat":28.2,"lon":-72.9,"wind_kt":120,"pressure_mb":null,"radius_34kt_nm":null},{"date":"18530906","time":"1200","status":"HU","lat":29.1,"lon":-73.5,"wind_kt":120,"pressure_mb":null,"radius_34kt_nm":null},{"date":"18530906","time":"1800","status":"HU","lat":30.2,"lon":-74,"wind_kt":120,"pressure_mb":null,"radius_34kt_nm":null},{"date":"18530907","time":"0000","status":"HU","lat":31.2,"lon":-74.3,"wind_kt":110,"pressure_mb":null,"radius_34kt_nm":null},{"date":"18530907","time":"0600","status":"HU","lat":32.5,"lon":-74.1,"wind_kt":110,"pressure_mb":null,"radius_34kt_nm":null},{"date":"18530907","time":"1200","status":"HU","lat":33.7,"lon":-73.9,"wind_kt":100,"pressure_mb":null,"radius_34kt_nm":null},{"date":"18530907","time":"1800","status":"HU","lat":34.9,"lon":-72.9,"wind_kt":100,"pressure_mb":null,"radius_34kt_nm":null},{"date":"18530908","time":"0000","status":"HU","lat":36,"lon":-71.6,"wind_kt":100,"pressure_mb":null,"radius_34kt_nm":null},{"date":"18530908","time":"0600","status":"HU","lat":36.8,"lon":-69.9,"wind_kt":100,"pressure_mb":null,"radius_34kt_nm":null},{"date":"18530908","time":"1200","status":"HU","lat":37.5,"lon":-67.9,"wind_kt":100,"pressure_mb":null,"radius_34kt_nm":null},{"date":"18530908","time":"1800","status":"HU","lat":38.2,"lon":-65.4,"wind_kt":100,"pressure_mb":null,"radius_34kt_nm":null},{"date":"18530909","time":"0000","status":"HU","lat":39,"lon":-62.3,"wind_kt":100,"pressure_mb":null,"radius_34kt_nm":null},{"date":"18530909","time":"0600","status":"HU","lat":39.9,"lon":-59.4,"wind_kt":90,"pressure_mb":null,"radius_34kt_nm":null},{"date":"18530909","time":"1200","status":"HU","lat":40.8,"lon":-56.8,"wind_kt":80,"pressure_mb":null,"radius_34kt_nm":null},{"date":"18530909","time":"1800","status":"HU","lat":41.9,"lon":-53.4,"wind_kt":70,"pressure_mb":null,"radius_34kt_nm":null},{"date":"18530910","time":"0000","status":"HU","lat":42.9,"lon":-49.5,"wind_kt":70,"pressure_mb":null,"radius_34kt_nm":null},{"date":"18530910","time":"0600","status":"HU","lat":43.9,"lon":-45.5,"wind_kt":70,"pressure_mb":null,"radius_34kt_nm":null},{"date":"18530910","time":"1200","status":"HU","lat":45,"lon":-41.2,"wind_kt":70,"pressure_mb":null,"radius_34kt_nm":null},{"date":"18530910","time":"1800","status":"HU","lat":46.2,"lon":-36.2,"wind_kt":70,"pressure_mb":null,"radius_34kt_nm":null}]}},{"type":"Feature","geometry":{"type":"LineString","coordinates":[[-53,37],[-51,38],[-49,39],[-46.8,40],[-44,41.3],[-41.5,42.5],[-39.3,43.4],[-37.2,44.5],[-34.7,45.5],[-32.3,46.3],[-30,47],[-27.5,48]]},"properties":{"id":"hur-al041853","event_type":"hurricane","name":null,"year":1853,"max_wind_kt":100,"min_pressure_mb":null,"category":3,"preliminary":false,"start_date":"18530908","end_date":"18530910","track":[{"date":"18530908","time":"0000","status":"HU","lat":37,"lon":-53,"wind_kt":100,"pressure_mb":null,"radius_34kt_nm":null},{"date":"18530908","time":"0600","status":"HU","lat":38,"lon":-51,"wind_kt":100,"pressure_mb":null,"radius_34kt_nm":null},{"date":"18530908","time":"1200","status":"HU","lat":39,"lon":-49,"wind_kt":100,"pressure_mb":null,"radius_34kt_nm":null},{"date":"18530908","time":"1800","status":"HU","lat":40,"lon":-46.8,"wind_kt":100,"pressure_mb":null,"radius_34kt_nm":null},{"date":"18530909","time":"0000","status":"HU","lat":41.3,"lon":-44,"wind_kt":100,"pressure_mb":null,"radius_34kt_nm":null},{"date":"18530909","time":"0600","status":"HU","lat":42.5,"lon":-41.5,"wind_kt":100,"pressure_mb":null,"radius_34kt_nm":null},{"date":"18530909","time":"1200","status":"HU","lat":43.4,"lon":-39.3,"wind_kt":100,"pressure_mb":null,"radius_34kt_nm":null},{"date":"18530909","time":"1800","status":"HU","lat":44.5,"lon":-37.2,"wind_kt":100,"pressure_mb":null,"radius_34kt_nm":null},{"date":"18530910","time":"0000","status":"HU","lat":45.5,"lon":-34.7,"wind_kt":100,"pressure_mb":null,"radius_34kt_nm":null},{"date":"18530910","time":"0600","status":"HU","lat":46.3,"lon":-32.3,"wind_kt":100,"pressure_mb":null,"radius_34kt_nm":null},{"date":"18530910","time":"1200","status":"HU","lat":47,"lon":-30,"wind_kt":90,"pressure_mb":null,"radius_34kt_nm":null},{"date":"18530910","time":"1800","status":"HU","lat":48,"lon":-27.5,"wind_kt":90,"pressure_mb":null,"radius_34kt_nm":null}]}},{"type":"Feature","geometry":{"type":"LineString","coordinates":[[-95,20]]},"properties":{"id":"hur-al051853","event_type":"hurricane","name":null,"year":1853,"max_wind_kt":50,"min_pressure_mb":null,"category":0,"preliminary":false,"start_date":"18530921","end_date":"18530921","track":[{"date":"18530921","time":"1200","status":"TS","lat":20,"lon":-95,"wind_kt":50,"pressure_mb":null,"radius_34kt_nm":null}]}},{"type":"Feature","geometry":{"type":"LineString","coordinates":[[-62,25.8],[-62.5,27.4],[-62.9,29],[-63.2,30.6],[-62.6,32.9],[-61.3,34.8],[-59.8,36],[-58.4,36.7],[-57.4,36.8],[-56.7,36.3],[-56.9,35.5],[-57,35.5],[-57.2,35.4],[-57.4,35.3],[-57.7,35.3],[-57.9,35.4],[-58.1,35.5],[-58.2,35.5],[-58.3,35.8],[-58,36.3],[-57.5,37],[-56.8,38]]},"properties":{"id":"hur-al061853","event_type":"hurricane","name":null,"year":1853,"max_wind_kt":70,"min_pressure_mb":null,"category":1,"preliminary":false,"start_date":"18530926","end_date":"18531001","track":[{"date":"18530926","time":"0000","status":"TS","lat":25.8,"lon":-62,"wind_kt":50,"pressure_mb":null,"radius_34kt_nm":null},{"date":"18530926","time":"0600","status":"TS","lat":27.4,"lon":-62.5,"wind_kt":50,"pressure_mb":null,"radius_34kt_nm":null},{"date":"18530926","time":"1200","status":"TS","lat":29,"lon":-62.9,"wind_kt":50,"pressure_mb":null,"radius_34kt_nm":null},{"date":"18530926","time":"1800","status":"TS","lat":30.6,"lon":-63.2,"wind_kt":50,"pressure_mb":null,"radius_34kt_nm":null},{"date":"18530927","time":"0000","status":"TS","lat":32.9,"lon":-62.6,"wind_kt":60,"pressure_mb":null,"radius_34kt_nm":null},{"date":"18530927","time":"0600","status":"TS","lat":34.8,"lon":-61.3,"wind_kt":60,"pressure_mb":null,"radius_34kt_nm":null},{"date":"18530927","time":"1200","status":"HU","lat":36,"lon":-59.8,"wind_kt":70,"pressure_mb":null,"radius_34kt_nm":null},{"date":"18530927","time":"1800","status":"HU","lat":36.7,"lon":-58.4,"wind_kt":70,"pressure_mb":null,"radius_34kt_nm":null},{"date":"18530928","time":"0000","status":"HU","lat":36.8,"lon":-57.4,"wind_kt":70,"pressure_mb":null,"radius_34kt_nm":null},{"date":"18530928","time":"0600","status":"HU","lat":36.3,"lon":-56.7,"wind_kt":70,"pressure_mb":null,"radius_34kt_nm":null},{"date":"18530928","time":"1200","status":"HU","lat":35.5,"lon":-56.9,"wind_kt":70,"pressure_mb":null,"radius_34kt_nm":null},{"date":"18530928","time":"1800","status":"HU","lat":35.5,"lon":-57,"wind_kt":70,"pressure_mb":null,"radius_34kt_nm":null},{"date":"18530929","time":"0000","status":"HU","lat":35.4,"lon":-57.2,"wind_kt":70,"pressure_mb":null,"radius_34kt_nm":null},{"date":"18530929","time":"0600","status":"HU","lat":35.3,"lon":-57.4,"wind_kt":70,"pressure_mb":null,"radius_34kt_nm":null},{"date":"18530929","time":"1200","status":"HU","lat":35.3,"lon":-57.7,"wind_kt":70,"pressure_mb":null,"radius_34kt_nm":null},{"date":"18530929","time":"1800","status":"HU","lat":35.4,"lon":-57.9,"wind_kt":70,"pressure_mb":null,"radius_34kt_nm":null},{"date":"18530930","time":"0000","status":"HU","lat":35.5,"lon":-58.1,"wind_kt":70,"pressure_mb":null,"radius_34kt_nm":null},{"date":"18530930","time":"0600","status":"HU","lat":35.5,"lon":-58.2,"wind_kt":70,"pressure_mb":null,"radius_34kt_nm":null},{"date":"18530930","time":"1200","status":"HU","lat":35.8,"lon":-58.3,"wind_kt":70,"pressure_mb":null,"radius_34kt_nm":null},{"date":"18530930","time":"1800","status":"HU","lat":36.3,"lon":-58,"wind_kt":70,"pressure_mb":null,"radius_34kt_nm":null},{"date":"18531001","time":"0000","status":"HU","lat":37,"lon":-57.5,"wind_kt":70,"pressure_mb":null,"radius_34kt_nm":null},{"date":"18531001","time":"0600","status":"HU","lat":38,"lon":-56.8,"wind_kt":70,"pressure_mb":null,"radius_34kt_nm":null}]}},{"type":"Feature","geometry":{"type":"LineString","coordinates":[[-37,15]]},"properties":{"id":"hur-al071853","event_type":"hurricane","name":null,"year":1853,"max_wind_kt":50,"min_pressure_mb":null,"category":0,"preliminary":false,"start_date":"18530928","end_date":"18530928","track":[{"date":"18530928","time":"1200","status":"TS","lat":15,"lon":-37,"wind_kt":50,"pressure_mb":null,"radius_34kt_nm":null}]}},{"type":"Feature","geometry":{"type":"LineString","coordinates":[[-78.5,27.5],[-78.9,28],[-79.3,28.5],[-79.6,28.9],[-79.9,29.3],[-80.2,29.7],[-80.5,30],[-80.7,30.3],[-80.9,30.6],[-80.9,30.9],[-80.6,31.3],[-80.1,31.7],[-79.4,32.1],[-78.5,32.5]]},"properties":{"id":"hur-al081853","event_type":"hurricane","name":null,"year":1853,"max_wind_kt":90,"min_pressure_mb":null,"category":2,"preliminary":false,"start_date":"18531019","end_date":"18531022","track":[{"date":"18531019","time":"0000","status":"HU","lat":27.5,"lon":-78.5,"wind_kt":70,"pressure_mb":null,"radius_34kt_nm":null},{"date":"18531019","time":"0600","status":"HU","lat":28,"lon":-78.9,"wind_kt":70,"pressure_mb":null,"radius_34kt_nm":null},{"date":"18531019","time":"1200","status":"HU","lat":28.5,"lon":-79.3,"wind_kt":80,"pressure_mb":null,"radius_34kt_nm":null},{"date":"18531019","time":"1800","status":"HU","lat":28.9,"lon":-79.6,"wind_kt":80,"pressure_mb":null,"radius_34kt_nm":null},{"date":"18531020","time":"0000","status":"HU","lat":29.3,"lon":-79.9,"wind_kt":80,"pressure_mb":null,"radius_34kt_nm":null},{"date":"18531020","time":"0600","status":"HU","lat":29.7,"lon":-80.2,"wind_kt":80,"pressure_mb":null,"radius_34kt_nm":null},{"date":"18531020","time":"1200","status":"HU","lat":30,"lon":-80.5,"wind_kt":90,"pressure_mb":null,"radius_34kt_nm":null},{"date":"18531020","time":"1800","status":"HU","lat":30.3,"lon":-80.7,"wind_kt":90,"pressure_mb":null,"radius_34kt_nm":null},{"date":"18531021","time":"0000","status":"HU","lat":30.6,"lon":-80.9,"wind_kt":90,"pressure_mb":null,"radius_34kt_nm":null},{"date":"18531021","time":"0600","status":"HU","lat":30.9,"lon":-80.9,"wind_kt":90,"pressure_mb":null,"radius_34kt_nm":null},{"date":"18531021","time":"1200","status":"HU","lat":31.3,"lon":-80.6,"wind_kt":80,"pressure_mb":null,"radius_34kt_nm":null},{"date":"18531021","time":"1800","status":"HU","lat":31.7,"lon":-80.1,"wind_kt":80,"pressure_mb":null,"radius_34kt_nm":null},{"date":"18531022","time":"0000","status":"HU","lat":32.1,"lon":-79.4,"wind_kt":80,"pressure_mb":null,"radius_34kt_nm":null},{"date":"18531022","time":"0600","status":"HU","lat":32.5,"lon":-78.5,"wind_kt":80,"pressure_mb":null,"radius_34kt_nm":null}]}},{"type":"Feature","geometry":{"type":"LineString","coordinates":[[-92.5,26],[-93,26],[-93.5,26],[-94,26],[-94.7,26],[-95.7,26.1],[-97,26.2],[-98.5,26.4],[-100,26.8],[-101.5,27.4],[-103,28]]},"properties":{"id":"hur-al011854","event_type":"hurricane","name":null,"year":1854,"max_wind_kt":70,"min_pressure_mb":null,"category":1,"preliminary":false,"start_date":"18540625","end_date":"18540627","track":[{"date":"18540625","time":"0000","status":"TS","lat":26,"lon":-92.5,"wind_kt":60,"pressure_mb":null,"radius_34kt_nm":null},{"date":"18540625","time":"0600","status":"TS","lat":26,"lon":-93,"wind_kt":60,"pressure_mb":null,"radius_34kt_nm":null},{"date":"18540625","time":"1200","status":"HU","lat":26,"lon":-93.5,"wind_kt":70,"pressure_mb":null,"radius_34kt_nm":null},{"date":"18540625","time":"1800","status":"HU","lat":26,"lon":-94,"wind_kt":70,"pressure_mb":null,"radius_34kt_nm":null},{"date":"18540626","time":"0000","status":"HU","lat":26,"lon":-94.7,"wind_kt":70,"pressure_mb":null,"radius_34kt_nm":null},{"date":"18540626","time":"0600","status":"HU","lat":26.1,"lon":-95.7,"wind_kt":70,"pressure_mb":null,"radius_34kt_nm":null},{"date":"18540626","time":"1200","status":"HU","lat":26.2,"lon":-97,"wind_kt":70,"pressure_mb":null,"radius_34kt_nm":null},{"date":"18540626","time":"1800","status":"TS","lat":26.4,"lon":-98.5,"wind_kt":50,"pressure_mb":null,"radius_34kt_nm":null},{"date":"18540627","time":"0000","status":"TS","lat":26.8,"lon":-100,"wind_kt":40,"pressure_mb":null,"radius_34kt_nm":null},{"date":"18540627","time":"0600","status":"TS","lat":27.4,"lon":-101.5,"wind_kt":40,"pressure_mb":null,"radius_34kt_nm":null},{"date":"18540627","time":"1200","status":"TS","lat":28,"lon":-103,"wind_kt":40,"pressure_mb":null,"radius_34kt_nm":null}]}},{"type":"Feature","geometry":{"type":"LineString","coordinates":[[-55,33]]},"properties":{"id":"hur-al021854","event_type":"hurricane","name":null,"year":1854,"max_wind_kt":60,"min_pressure_mb":null,"category":0,"preliminary":false,"start_date":"18540823","end_date":"18540823","track":[{"date":"18540823","time":"1200","status":"TS","lat":33,"lon":-55,"wind_kt":60,"pressure_mb":null,"radius_34kt_nm":null}]}},{"type":"Feature","geometry":{"type":"LineString","coordinates":[[-76.6,26.4],[-77.6,27.2],[-78.6,28],[-79.6,28.8],[-80.3,29.6],[-80.6,30.4],[-80.9,31.1],[-81.1,31.6],[-81.1,31.7],[-81.3,32],[-81.5,32.5],[-81.5,33.2],[-80.5,34.3],[-78.1,35.5],[-75.9,36.8],[-74,37.8],[-71.9,38.4],[-69.5,38.8],[-67.3,39],[-65,39.4],[-61.8,39.5],[-58.3,39.8],[-55.1,40],[-52,40],[-48,40.2]]},"properties":{"id":"hur-al031854","event_type":"hurricane","name":null,"year":1854,"max_wind_kt":110,"min_pressure_mb":938,"category":3,"preliminary":false,"start_date":"18540907","end_date":"18540912","track":[{"date":"18540907","time":"0000","status":"HU","lat":26.4,"lon":-76.6,"wind_kt":110,"pressure_mb":null,"radius_34kt_nm":null},{"date":"18540907","time":"0600","status":"HU","lat":27.2,"lon":-77.6,"wind_kt":110,"pressure_mb":null,"radius_34kt_nm":null},{"date":"18540907","time":"1200","status":"HU","lat":28,"lon":-78.6,"wind_kt":110,"pressure_mb":938,"radius_34kt_nm":null},{"date":"18540907","time":"1800","status":"HU","lat":28.8,"lon":-79.6,"wind_kt":110,"pressure_mb":null,"radius_34kt_nm":null},{"date":"18540908","time":"0000","status":"HU","lat":29.6,"lon":-80.3,"wind_kt":110,"pressure_mb":null,"radius_34kt_nm":null},{"date":"18540908","time":"0600","status":"HU","lat":30.4,"lon":-80.6,"wind_kt":110,"pressure_mb":null,"radius_34kt_nm":null},{"date":"18540908","time":"1200","status":"HU","lat":31.1,"lon":-80.9,"wind_kt":100,"pressure_mb":null,"radius_34kt_nm":null},{"date":"18540908","time":"1800","status":"HU","lat":31.6,"lon":-81.1,"wind_kt":100,"pressure_mb":950,"radius_34kt_nm":null},{"date":"18540908","time":"2000","status":"HU","lat":31.7,"lon":-81.1,"wind_kt":100,"pressure_mb":950,"radius_34kt_nm":null},{"date":"18540909","time":"0000","status":"HU","lat":32,"lon":-81.3,"wind_kt":80,"pressure_mb":null,"radius_34kt_nm":null},{"date":"18540909","time":"0600","status":"HU","lat":32.5,"lon":-81.5,"wind_kt":70,"pressure_mb":null,"radius_34kt_nm":null},{"date":"18540909","time":"1200","status":"TS","lat":33.2,"lon":-81.5,"wind_kt":60,"pressure_mb":null,"radius_34kt_nm":null},{"date":"18540909","time":"1800","status":"TS","lat":34.3,"lon":-80.5,"wind_kt":50,"pressure_mb":null,"radius_34kt_nm":null},{"date":"18540910","time":"0000","status":"TS","lat":35.5,"lon":-78.1,"wind_kt":40,"pressure_mb":null,"radius_34kt_nm":null},{"date":"18540910","time":"0600","status":"TS","lat":36.8,"lon":-75.9,"wind_kt":40,"pressure_mb":null,"radius_34kt_nm":null},{"date":"18540910","time":"1200","status":"TS","lat":37.8,"lon":-74,"wind_kt":50,"pressure_mb":null,"radius_34kt_nm":null},{"date":"18540910","time":"1800","status":"TS","lat":38.4,"lon":-71.9,"wind_kt":60,"pressure_mb":null,"radius_34kt_nm":null},{"date":"18540911","time":"0000","status":"HU","lat":38.8,"lon":-69.5,"wind_kt":70,"pressure_mb":null,"radius_34kt_nm":null},{"date":"18540911","time":"0600","status":"HU","lat":39,"lon":-67.3,"wind_kt":80,"pressure_mb":null,"radius_34kt_nm":null},{"date":"18540911","time":"1200","status":"HU","lat":39.4,"lon":-65,"wind_kt":90,"pressure_mb":null,"radius_34kt_nm":null},{"date":"18540911","time":"1800","status":"HU","lat":39.5,"lon":-61.8,"wind_kt":90,"pressure_mb":null,"radius_34kt_nm":null},{"date":"18540912","time":"0000","status":"HU","lat":39.8,"lon":-58.3,"wind_kt":90,"pressure_mb":null,"radius_34kt_nm":null},{"date":"18540912","time":"0600","status":"HU","lat":40,"lon":-55.1,"wind_kt":90,"pressure_mb":null,"radius_34kt_nm":null},{"date":"18540912","time":"1200","status":"HU","lat":40,"lon":-52,"wind_kt":80,"pressure_mb":null,"radius_34kt_nm":null},{"date":"18540912","time":"1800","status":"HU","lat":40.2,"lon":-48,"wind_kt":80,"pressure_mb":null,"radius_34kt_nm":null}]}},{"type":"Feature","geometry":{"type":"LineString","coordinates":[[-93.6,28.2],[-94.1,28.4],[-94.6,28.6],[-95.1,28.8],[-95.3,28.9],[-95.6,29],[-96.1,29.2],[-96.5,29.4],[-96.6,29.7],[-96.4,30],[-96,30.3]]},"properties":{"id":"hur-al041854","event_type":"hurricane","name":null,"year":1854,"max_wind_kt":90,"min_pressure_mb":null,"category":2,"preliminary":false,"start_date":"18540918","end_date":"18540920","track":[{"date":"18540918","time":"0000","status":"HU","lat":28.2,"lon":-93.6,"wind_kt":90,"pressure_mb":null,"radius_34kt_nm":null},{"date":"18540918","time":"0600","status":"HU","lat":28.4,"lon":-94.1,"wind_kt":90,"pressure_mb":null,"radius_34kt_nm":null},{"date":"18540918","time":"1200","status":"HU","lat":28.6,"lon":-94.6,"wind_kt":90,"pressure_mb":null,"radius_34kt_nm":null},{"date":"18540918","time":"1800","status":"HU","lat":28.8,"lon":-95.1,"wind_kt":90,"pressure_mb":null,"radius_34kt_nm":null},{"date":"18540918","time":"2100","status":"HU","lat":28.9,"lon":-95.3,"wind_kt":90,"pressure_mb":null,"radius_34kt_nm":null},{"date":"18540919","time":"0000","status":"HU","lat":29,"lon":-95.6,"wind_kt":80,"pressure_mb":null,"radius_34kt_nm":null},{"date":"18540919","time":"0600","status":"HU","lat":29.2,"lon":-96.1,"wind_kt":70,"pressure_mb":null,"radius_34kt_nm":null},{"date":"18540919","time":"1200","status":"TS","lat":29.4,"lon":-96.5,"wind_kt":60,"pressure_mb":null,"radius_34kt_nm":null},{"date":"18540919","time":"1800","status":"TS","lat":29.7,"lon":-96.6,"wind_kt":60,"pressure_mb":null,"radius_34kt_nm":null},{"date":"18540920","time":"0000","status":"TS","lat":30,"lon":-96.4,"wind_kt":50,"pressure_mb":null,"radius_34kt_nm":null},{"date":"18540920","time":"0600","status":"TS","lat":30.3,"lon":-96,"wind_kt":40,"pressure_mb":null,"radius_34kt_nm":null}]}},{"type":"Feature","geometry":{"type":"LineString","coordinates":[[-67.6,25],[-67.6,25.8],[-67.6,26.7],[-67.5,27.6],[-67.3,28.6],[-67,29.5],[-66.6,30.3],[-65.6,31.5],[-64.3,32.4],[-62.8,33],[-61,33.5],[-58.7,34.2]]},"properties":{"id":"hur-al051854","event_type":"hurricane","name":null,"year":1854,"max_wind_kt":60,"min_pressure_mb":null,"category":0,"preliminary":false,"start_date":"18541020","end_date":"18541022","track":[{"date":"18541020","time":"0000","status":"TS","lat":25,"lon":-67.6,"wind_kt":50,"pressure_mb":null,"radius_34kt_nm":null},{"date":"18541020","time":"0600","status":"TS","lat":25.8,"lon":-67.6,"wind_kt":50,"pressure_mb":null,"radius_34kt_nm":null},{"date":"18541020","time":"1200","status":"TS","lat":26.7,"lon":-67.6,"wind_kt":50,"pressure_mb":null,"radius_34kt_nm":null},{"date":"18541020","time":"1800","status":"TS","lat":27.6,"lon":-67.5,"wind_kt":50,"pressure_mb":null,"radius_34kt_nm":null},{"date":"18541021","time":"0000","status":"TS","lat":28.6,"lon":-67.3,"wind_kt":60,"pressure_mb":null,"radius_34kt_nm":null},{"date":"18541021","time":"0600","status":"TS","lat":29.5,"lon":-67,"wind_kt":60,"pressure_mb":null,"radius_34kt_nm":null},{"date":"18541021","time":"1200","status":"TS","lat":30.3,"lon":-66.6,"wind_kt":60,"pressure_mb":null,"radius_34kt_nm":null},{"date":"18541021","time":"1800","status":"TS","lat":31.5,"lon":-65.6,"wind_kt":60,"pressure_mb":null,"radius_34kt_nm":null},{"date":"18541022","time":"0000","status":"TS","lat":32.4,"lon":-64.3,"wind_kt":60,"pressure_mb":null,"radius_34kt_nm":null},{"date":"18541022","time":"0600","status":"TS","lat":33,"lon":-62.8,"wind_kt":60,"pressure_mb":null,"radius_34kt_nm":null},{"date":"18541022","time":"1200","status":"TS","lat":33.5,"lon":-61,"wind_kt":50,"pressure_mb":null,"radius_34kt_nm":null},{"date":"18541022","time":"1800","status":"TS","lat":34.2,"lon":-58.7,"wind_kt":50,"pressure_mb":null,"radius_34kt_nm":null}]}},{"type":"Feature","geometry":{"type":"LineString","coordinates":[[-98,22.2]]},"properties":{"id":"hur-al011855","event_type":"hurricane","name":null,"year":1855,"max_wind_kt":90,"min_pressure_mb":null,"category":2,"preliminary":false,"start_date":"18550806","end_date":"18550806","track":[{"date":"18550806","time":"1200","status":"HU","lat":22.2,"lon":-98,"wind_kt":90,"pressure_mb":null,"radius_34kt_nm":null}]}},{"type":"Feature","geometry":{"type":"LineString","coordinates":[[-42,44],[-39,46],[-36,48],[-32.5,50],[-29,52],[-24,54]]},"properties":{"id":"hur-al021855","event_type":"hurricane","name":null,"year":1855,"max_wind_kt":90,"min_pressure_mb":null,"category":2,"preliminary":false,"start_date":"18550810","end_date":"18550811","track":[{"date":"18550810","time":"0000","status":"HU","lat":44,"lon":-42,"wind_kt":90,"pressure_mb":null,"radius_34kt_nm":null},{"date":"18550810","time":"0600","status":"HU","lat":46,"lon":-39,"wind_kt":90,"pressure_mb":null,"radius_34kt_nm":null},{"date":"18550810","time":"1200","status":"HU","lat":48,"lon":-36,"wind_kt":90,"pressure_mb":null,"radius_34kt_nm":null},{"date":"18550810","time":"1800","status":"HU","lat":50,"lon":-32.5,"wind_kt":90,"pressure_mb":null,"radius_34kt_nm":null},{"date":"18550811","time":"0000","status":"HU","lat":52,"lon":-29,"wind_kt":90,"pressure_mb":null,"radius_34kt_nm":null},{"date":"18550811","time":"0600","status":"HU","lat":54,"lon":-24,"wind_kt":90,"pressure_mb":null,"radius_34kt_nm":null}]}},{"type":"Feature","geometry":{"type":"LineString","coordinates":[[-83,12.5]]},"properties":{"id":"hur-al031855","event_type":"hurricane","name":null,"year":1855,"max_wind_kt":70,"min_pressure_mb":null,"category":1,"preliminary":false,"start_date":"18550811","end_date":"18550811","track":[{"date":"18550811","time":"1200","status":"HU","lat":12.5,"lon":-83,"wind_kt":70,"pressure_mb":null,"radius_34kt_nm":null}]}},{"type":"Feature","geometry":{"type":"LineString","coordinates":[[-55.9,12],[-57.1,12],[-58.3,12.1],[-59.5,12.3],[-60.7,12.8],[-61.9,13.5],[-62.8,14.1],[-63.7,14.8],[-64.4,15.6],[-65.4,16.4],[-66.5,17.1],[-67.9,17.7],[-69.5,18.4],[-71.1,19.2],[-72.3,19.5],[-73.6,19.7]]},"properties":{"id":"hur-al041855","event_type":"hurricane","name":null,"year":1855,"max_wind_kt":60,"min_pressure_mb":997,"category":0,"preliminary":false,"start_date":"18550824","end_date":"18550827","track":[{"date":"18550824","time":"0000","status":"TS","lat":12,"lon":-55.9,"wind_kt":50,"pressure_mb":null,"radius_34kt_nm":null},{"date":"18550824","time":"0600","status":"TS","lat":12,"lon":-57.1,"wind_kt":50,"pressure_mb":null,"radius_34kt_nm":null},{"date":"18550824","time":"1200","status":"TS","lat":12.1,"lon":-58.3,"wind_kt":50,"pressure_mb":null,"radius_34kt_nm":null},{"date":"18550824","time":"1800","status":"TS","lat":12.3,"lon":-59.5,"wind_kt":50,"pressure_mb":null,"radius_34kt_nm":null},{"date":"18550825","time":"0000","status":"TS","lat":12.8,"lon":-60.7,"wind_kt":60,"pressure_mb":null,"radius_34kt_nm":null},{"date":"18550825","time":"0600","status":"TS","lat":13.5,"lon":-61.9,"wind_kt":60,"pressure_mb":null,"radius_34kt_nm":null},{"date":"18550825","time":"1200","status":"TS","lat":14.1,"lon":-62.8,"wind_kt":60,"pressure_mb":null,"radius_34kt_nm":null},{"date":"18550825","time":"1800","status":"TS","lat":14.8,"lon":-63.7,"wind_kt":60,"pressure_mb":null,"radius_34kt_nm":null},{"date":"18550826","time":"0000","status":"TS","lat":15.6,"lon":-64.4,"wind_kt":60,"pressure_mb":null,"radius_34kt_nm":null},{"date":"18550826","time":"0600","status":"TS","lat":16.4,"lon":-65.4,"wind_kt":60,"pressure_mb":null,"radius_34kt_nm":null},{"date":"18550826","time":"1200","status":"TS","lat":17.1,"lon":-66.5,"wind_kt":60,"pressure_mb":null,"radius_34kt_nm":null},{"date":"18550826","time":"1800","status":"TS","lat":17.7,"lon":-67.9,"wind_kt":60,"pressure_mb":null,"radius_34kt_nm":null},{"date":"18550827","time":"0000","status":"TS","lat":18.4,"lon":-69.5,"wind_kt":50,"pressure_mb":997,"radius_34kt_nm":null},{"date":"18550827","time":"0600","status":"TS","lat":19.2,"lon":-71.1,"wind_kt":50,"pressure_mb":null,"radius_34kt_nm":null},{"date":"18550827","time":"1200","status":"TS","lat":19.5,"lon":-72.3,"wind_kt":40,"pressure_mb":null,"radius_34kt_nm":null},{"date":"18550827","time":"1800","status":"TS","lat":19.7,"lon":-73.6,"wind_kt":40,"pressure_mb":null,"radius_34kt_nm":null}]}},{"type":"Feature","geometry":{"type":"LineString","coordinates":[[-89.1,26.7],[-89.1,27.1],[-89.3,27.5],[-89.4,28.1],[-89.5,28.8],[-89.5,29.2],[-89.5,29.6],[-89.4,30.2],[-89.1,31],[-88.8,32],[-88.3,33]]},"properties":{"id":"hur-al051855","event_type":"hurricane","name":null,"year":1855,"max_wind_kt":110,"min_pressure_mb":null,"category":3,"preliminary":false,"start_date":"18550915","end_date":"18550917","track":[{"date":"18550915","time":"0000","status":"HU","lat":26.7,"lon":-89.1,"wind_kt":70,"pressure_mb":null,"radius_34kt_nm":null},{"date":"18550915","time":"0600","status":"HU","lat":27.1,"lon":-89.1,"wind_kt":80,"pressure_mb":null,"radius_34kt_nm":null},{"date":"18550915","time":"1200","status":"HU","lat":27.5,"lon":-89.3,"wind_kt":90,"pressure_mb":null,"radius_34kt_nm":null},{"date":"18550915","time":"1800","status":"HU","lat":28.1,"lon":-89.4,"wind_kt":100,"pressure_mb":null,"radius_34kt_nm":null},{"date":"18550916","time":"0000","status":"HU","lat":28.8,"lon":-89.5,"wind_kt":110,"pressure_mb":null,"radius_34kt_nm":null},{"date":"18550916","time":"0300","status":"HU","lat":29.2,"lon":-89.5,"wind_kt":110,"pressure_mb":null,"radius_34kt_nm":null},{"date":"18550916","time":"0600","status":"HU","lat":29.6,"lon":-89.5,"wind_kt":110,"pressure_mb":null,"radius_34kt_nm":null},{"date":"18550916","time":"1200","status":"HU","lat":30.2,"lon":-89.4,"wind_kt":100,"pressure_mb":null,"radius_34kt_nm":null},{"date":"18550916","time":"1800","status":"HU","lat":31,"lon":-89.1,"wind_kt":70,"pressure_mb":null,"radius_34kt_nm":null},{"date":"18550917","time":"0000","status":"TS","lat":32,"lon":-88.8,"wind_kt":50,"pressure_mb":null,"radius_34kt_nm":null},{"date":"18550917","time":"0600","status":"TS","lat":33,"lon":-88.3,"wind_kt":40,"pressure_mb":null,"radius_34kt_nm":null}]}},{"type":"Feature","geometry":{"type":"LineString","coordinates":[[-83.9,25],[-85.1,25.7],[-86.5,26.3],[-87.8,27],[-89.1,27.7],[-89.8,28.2],[-90.5,28.7],[-91.1,29.2],[-91.6,29.7],[-91.8,30],[-91.9,30.3],[-91.8,30.6],[-91.6,30.9],[-91,31.3]]},"properties":{"id":"hur-al011856","event_type":"hurricane","name":null,"year":1856,"max_wind_kt":130,"min_pressure_mb":934,"category":4,"preliminary":false,"start_date":"18560809","end_date":"18560812","track":[{"date":"18560809","time":"0000","status":"HU","lat":25,"lon":-83.9,"wind_kt":70,"pressure_mb":null,"radius_34kt_nm":null},{"date":"18560809","time":"0600","status":"HU","lat":25.7,"lon":-85.1,"wind_kt":80,"pressure_mb":null,"radius_34kt_nm":null},{"date":"18560809","time":"1200","status":"HU","lat":26.3,"lon":-86.5,"wind_kt":90,"pressure_mb":null,"radius_34kt_nm":null},{"date":"18560809","time":"1800","status":"HU","lat":27,"lon":-87.8,"wind_kt":100,"pressure_mb":null,"radius_34kt_nm":null},{"date":"18560810","time":"0000","status":"HU","lat":27.7,"lon":-89.1,"wind_kt":110,"pressure_mb":null,"radius_34kt_nm":null},{"date":"18560810","time":"0600","status":"HU","lat":28.2,"lon":-89.8,"wind_kt":120,"pressure_mb":null,"radius_34kt_nm":null},{"date":"18560810","time":"1200","status":"HU","lat":28.7,"lon":-90.5,"wind_kt":130,"pressure_mb":null,"radius_34kt_nm":null},{"date":"18560810","time":"1800","status":"HU","lat":29.2,"lon":-91.1,"wind_kt":130,"pressure_mb":934,"radius_34kt_nm":null},{"date":"18560811","time":"0000","status":"HU","lat":29.7,"lon":-91.6,"wind_kt":110,"pressure_mb":null,"radius_34kt_nm":null},{"date":"18560811","time":"0600","status":"HU","lat":30,"lon":-91.8,"wind_kt":80,"pressure_mb":null,"radius_34kt_nm":null},{"date":"18560811","time":"1200","status":"TS","lat":30.3,"lon":-91.9,"wind_kt":60,"pressure_mb":null,"radius_34kt_nm":null},{"date":"18560811","time":"1800","status":"TS","lat":30.6,"lon":-91.8,"wind_kt":50,"pressure_mb":null,"radius_34kt_nm":null},{"date":"18560812","time":"0000","status":"TS","lat":30.9,"lon":-91.6,"wind_kt":40,"pressure_mb":null,"radius_34kt_nm":null},{"date":"18560812","time":"0600","status":"TS","lat":31.3,"lon":-91,"wind_kt":40,"pressure_mb":null,"radius_34kt_nm":null}]}},{"type":"Feature","geometry":{"type":"LineString","coordinates":[[-56.1,12.1],[-57.3,12.1],[-58.5,12.1],[-60.1,12.1],[-61.8,12.1],[-63.2,12.1],[-64.5,12.1],[-65.6,12.1]]},"properties":{"id":"hur-al021856","event_type":"hurricane","name":null,"year":1856,"max_wind_kt":70,"min_pressure_mb":null,"category":1,"preliminary":false,"start_date":"18560813","end_date":"18560814","track":[{"date":"18560813","time":"0000","status":"HU","lat":12.1,"lon":-56.1,"wind_kt":70,"pressure_mb":null,"radius_34kt_nm":null},{"date":"18560813","time":"0600","status":"HU","lat":12.1,"lon":-57.3,"wind_kt":70,"pressure_mb":null,"radius_34kt_nm":null},{"date":"18560813","time":"1200","status":"HU","lat":12.1,"lon":-58.5,"wind_kt":70,"pressure_mb":null,"radius_34kt_nm":null},{"date":"18560813","time":"1800","status":"HU","lat":12.1,"lon":-60.1,"wind_kt":70,"pressure_mb":null,"radius_34kt_nm":null},{"date":"18560814","time":"0000","status":"HU","lat":12.1,"lon":-61.8,"wind_kt":70,"pressure_mb":null,"radius_34kt_nm":null},{"date":"18560814","time":"0600","status":"HU","lat":12.1,"lon":-63.2,"wind_kt":70,"pressure_mb":null,"radius_34kt_nm":null},{"date":"18560814","time":"1200","status":"HU","lat":12.1,"lon":-64.5,"wind_kt":70,"pressure_mb":null,"radius_34kt_nm":null},{"date":"18560814","time":"1800","status":"HU","lat":12.1,"lon":-65.6,"wind_kt":70,"pressure_mb":null,"radius_34kt_nm":null}]}},{"type":"Feature","geometry":{"type":"LineString","coordinates":[[-75.5,32.5],[-76,33.8],[-76.4,34.8],[-76.5,35],[-76.3,36],[-76,37],[-75.3,38],[-74.3,39],[-73,39.8],[-71.5,40.4],[-69.5,40.8],[-67,41]]},"properties":{"id":"hur-al031856","event_type":"hurricane","name":null,"year":1856,"max_wind_kt":50,"min_pressure_mb":null,"category":0,"preliminary":false,"start_date":"18560819","end_date":"18560821","track":[{"date":"18560819","time":"0000","status":"TS","lat":32.5,"lon":-75.5,"wind_kt":50,"pressure_mb":null,"radius_34kt_nm":null},{"date":"18560819","time":"0600","status":"TS","lat":33.8,"lon":-76,"wind_kt":50,"pressure_mb":null,"radius_34kt_nm":null},{"date":"18560819","time":"1100","status":"TS","lat":34.8,"lon":-76.4,"wind_kt":50,"pressure_mb":null,"radius_34kt_nm":null},{"date":"18560819","time":"1200","status":"TS","lat":35,"lon":-76.5,"wind_kt":50,"pressure_mb":null,"radius_34kt_nm":null},{"date":"18560819","time":"1800","status":"TS","lat":36,"lon":-76.3,"wind_kt":50,"pressure_mb":null,"radius_34kt_nm":null},{"date":"18560820","time":"0000","status":"TS","lat":37,"lon":-76,"wind_kt":50,"pressure_mb":null,"radius_34kt_nm":null},{"date":"18560820","time":"0600","status":"TS","lat":38,"lon":-75.3,"wind_kt":50,"pressure_mb":null,"radius_34kt_nm":null},{"date":"18560820","time":"1200","status":"TS","lat":39,"lon":-74.3,"wind_kt":50,"pressure_mb":null,"radius_34kt_nm":null},{"date":"18560820","time":"1800","status":"TS","lat":39.8,"lon":-73,"wind_kt":50,"pressure_mb":null,"radius_34kt_nm":null},{"date":"18560821","time":"0000","status":"TS","lat":40.4,"lon":-71.5,"wind_kt":50,"pressure_mb":null,"radius_34kt_nm":null},{"date":"18560821","time":"0600","status":"TS","lat":40.8,"lon":-69.5,"wind_kt":50,"pressure_mb":null,"radius_34kt_nm":null},{"date":"18560821","time":"1200","status":"TS","lat":41,"lon":-67,"wind_kt":50,"pressure_mb":null,"radius_34kt_nm":null}]}},{"type":"Feature","geometry":{"type":"LineString","coordinates":[[-82.5,23]]},"properties":{"id":"hur-al041856","event_type":"hurricane","name":null,"year":1856,"max_wind_kt":50,"min_pressure_mb":null,"category":0,"preliminary":false,"start_date":"18560821","end_date":"18560821","track":[{"date":"18560821","time":"1200","status":"TS","lat":23,"lon":-82.5,"wind_kt":50,"pressure_mb":null,"radius_34kt_nm":null}]}},{"type":"Feature","geometry":{"type":"LineString","coordinates":[[-69.8,21],[-70.8,21],[-71.9,21.1],[-72.8,21.2],[-73.9,21.6],[-74.8,21.7],[-75.9,22],[-76.6,22.2],[-77.6,22.4],[-78.6,22.6],[-79.5,22.7],[-80.6,22.7],[-81.6,22.9],[-82.9,23],[-84,23.2],[-84.6,23.6],[-85.1,23.9],[-85.6,24.2],[-86.4,24.7],[-86.8,24.9],[-87.1,25.2],[-87.3,25.6],[-87.4,26.2],[-87.3,27.5],[-86.6,28.9],[-85.9,30.2],[-84.8,31.1],[-83.3,32.2],[-81.6,33],[-79.6,34],[-77.9,34.7],[-75.3,35.5],[-72.8,36.3],[-70,36.8],[-67.3,37.2],[-64.6,37.7],[-61.8,38.2],[-58.6,38.8],[-56,39],[-52.3,39.5]]},"properties":{"id":"hur-al051856","event_type":"hurricane","name":null,"year":1856,"max_wind_kt":100,"min_pressure_mb":969,"category":3,"preliminary":false,"start_date":"18560825","end_date":"18560903","track":[{"date":"18560825","time":"0000","status":"HU","lat":21,"lon":-69.8,"wind_kt":70,"pressure_mb":null,"radius_34kt_nm":null},{"date":"18560825","time":"0600","status":"HU","lat":21,"lon":-70.8,"wind_kt":70,"pressure_mb":null,"radius_34kt_nm":null},{"date":"18560825","time":"1200","status":"HU","lat":21.1,"lon":-71.9,"wind_kt":70,"pressure_mb":null,"radius_34kt_nm":null},{"date":"18560825","time":"1800","status":"HU","lat":21.2,"lon":-72.8,"wind_kt":70,"pressure_mb":null,"radius_34kt_nm":null},{"date":"18560826","time":"0000","status":"HU","lat":21.6,"lon":-73.9,"wind_kt":70,"pressure_mb":null,"radius_34kt_nm":null},{"date":"18560826","time":"0600","status":"HU","lat":21.7,"lon":-74.8,"wind_kt":70,"pressure_mb":null,"radius_34kt_nm":null},{"date":"18560826","time":"1200","status":"HU","lat":22,"lon":-75.9,"wind_kt":80,"pressure_mb":null,"radius_34kt_nm":null},{"date":"18560826","time":"1800","status":"HU","lat":22.2,"lon":-76.6,"wind_kt":80,"pressure_mb":null,"radius_34kt_nm":null},{"date":"18560827","time":"0000","status":"HU","lat":22.4,"lon":-77.6,"wind_kt":80,"pressure_mb":null,"radius_34kt_nm":null},{"date":"18560827","time":"0600","status":"HU","lat":22.6,"lon":-78.6,"wind_kt":80,"pressure_mb":null,"radius_34kt_nm":null},{"date":"18560827","time":"1200","status":"HU","lat":22.7,"lon":-79.5,"wind_kt":90,"pressure_mb":null,"radius_34kt_nm":null},{"date":"18560827","time":"1800","status":"HU","lat":22.7,"lon":-80.6,"wind_kt":80,"pressure_mb":null,"radius_34kt_nm":null},{"date":"18560828","time":"0000","status":"HU","lat":22.9,"lon":-81.6,"wind_kt":80,"pressure_mb":null,"radius_34kt_nm":null},{"date":"18560828","time":"0600","status":"HU","lat":23,"lon":-82.9,"wind_kt":90,"pressure_mb":969,"radius_34kt_nm":null},{"date":"18560828","time":"1200","status":"HU","lat":23.2,"lon":-84,"wind_kt":90,"pressure_mb":null,"radius_34kt_nm":null},{"date":"18560828","time":"1800","status":"HU","lat":23.6,"lon":-84.6,"wind_kt":90,"pressure_mb":null,"radius_34kt_nm":null},{"date":"18560829","time":"0000","status":"HU","lat":23.9,"lon":-85.1,"wind_kt":90,"pressure_mb":null,"radius_34kt_nm":null},{"date":"18560829","time":"0600","status":"HU","lat":24.2,"lon":-85.6,"wind_kt":90,"pressure_mb":null,"radius_34kt_nm":null},{"date":"18560829","time":"1200","status":"HU","lat":24.7,"lon":-86.4,"wind_kt":90,"pressure_mb":null,"radius_34kt_nm":null},{"date":"18560829","time":"1800","status":"HU","lat":24.9,"lon":-86.8,"wind_kt":90,"pressure_mb":null,"radius_34kt_nm":null},{"date":"18560830","time":"0000","status":"HU","lat":25.2,"lon":-87.1,"wind_kt":100,"pressure_mb":null,"radius_34kt_nm":null},{"date":"18560830","time":"0600","status":"HU","lat":25.6,"lon":-87.3,"wind_kt":100,"pressure_mb":null,"radius_34kt_nm":null},{"date":"18560830","time":"1200","status":"HU","lat":26.2,"lon":-87.4,"wind_kt":100,"pressure_mb":null,"radius_34kt_nm":null},{"date":"18560830","time":"1800","status":"HU","lat":27.5,"lon":-87.3,"wind_kt":100,"pressure_mb":null,"radius_34kt_nm":null},{"date":"18560831","time":"0000","status":"HU","lat":28.9,"lon":-86.6,"wind_kt":90,"pressure_mb":null,"radius_34kt_nm":null},{"date":"18560831","time":"0600","status":"HU","lat":30.2,"lon":-85.9,"wind_kt":90,"pressure_mb":null,"radius_34kt_nm":null},{"date":"18560831","time":"1200","status":"HU","lat":31.1,"lon":-84.8,"wind_kt":70,"pressure_mb":null,"radius_34kt_nm":null},{"date":"18560831","time":"1800","status":"TS","lat":32.2,"lon":-83.3,"wind_kt":60,"pressure_mb":null,"radius_34kt_nm":null},{"date":"18560901","time":"0000","status":"TS","lat":33,"lon":-81.6,"wind_kt":50,"pressure_mb":null,"radius_34kt_nm":null},{"date":"18560901","time":"0600","status":"TS","lat":34,"lon":-79.6,"wind_kt":50,"pressure_mb":null,"radius_34kt_nm":null},{"date":"18560901","time":"1200","status":"TS","lat":34.7,"lon":-77.9,"wind_kt":50,"pressure_mb":null,"radius_34kt_nm":null},{"date":"18560901","time":"1800","status":"TS","lat":35.5,"lon":-75.3,"wind_kt":50,"pressure_mb":null,"radius_34kt_nm":null},{"date":"18560902","time":"0000","status":"TS","lat":36.3,"lon":-72.8,"wind_kt":50,"pressure_mb":null,"radius_34kt_nm":null},{"date":"18560902","time":"0600","status":"TS","lat":36.8,"lon":-70,"wind_kt":50,"pressure_mb":null,"radius_34kt_nm":null},{"date":"18560902","time":"1200","status":"TS","lat":37.2,"lon":-67.3,"wind_kt":50,"pressure_mb":null,"radius_34kt_nm":null},{"date":"18560902","time":"1800","status":"TS","lat":37.7,"lon":-64.6,"wind_kt":50,"pressure_mb":null,"radius_34kt_nm":null},{"date":"18560903","time":"0000","status":"TS","lat":38.2,"lon":-61.8,"wind_kt":50,"pressure_mb":null,"radius_34kt_nm":null},{"date":"18560903","time":"0600","status":"TS","lat":38.8,"lon":-58.6,"wind_kt":50,"pressure_mb":null,"radius_34kt_nm":null},{"date":"18560903","time":"1200","status":"TS","lat":39,"lon":-56,"wind_kt":50,"pressure_mb":null,"radius_34kt_nm":null},{"date":"18560903","time":"1800","status":"TS","lat":39.5,"lon":-52.3,"wind_kt":50,"pressure_mb":null,"radius_34kt_nm":null}]}},{"type":"Feature","geometry":{"type":"LineString","coordinates":[[-48.8,32],[-48.9,32.5],[-49,32.9],[-49.3,33.5],[-49.8,34.5],[-50.5,35.2],[-51,35.6],[-51.4,35.8],[-51.7,36],[-52,36.1],[-52.3,36.2],[-52.4,36.3],[-52.5,36.4],[-52.6,36.5],[-52.7,36.5],[-52.8,36.5],[-52.9,36.5],[-53,36.5],[-53,36.5],[-53,36.5]]},"properties":{"id":"hur-al061856","event_type":"hurricane","name":null,"year":1856,"max_wind_kt":70,"min_pressure_mb":null,"category":1,"preliminary":false,"start_date":"18560918","end_date":"18560922","track":[{"date":"18560918","time":"0000","status":"TS","lat":32,"lon":-48.8,"wind_kt":50,"pressure_mb":null,"radius_34kt_nm":null},{"date":"18560918","time":"0600","status":"TS","lat":32.5,"lon":-48.9,"wind_kt":50,"pressure_mb":null,"radius_34kt_nm":null},{"date":"18560918","time":"1200","status":"TS","lat":32.9,"lon":-49,"wind_kt":50,"pressure_mb":null,"radius_34kt_nm":null},{"date":"18560918","time":"1800","status":"TS","lat":33.5,"lon":-49.3,"wind_kt":50,"pressure_mb":null,"radius_34kt_nm":null},{"date":"18560919","time":"0000","status":"TS","lat":34.5,"lon":-49.8,"wind_kt":60,"pressure_mb":null,"radius_34kt_nm":null},{"date":"18560919","time":"0600","status":"TS","lat":35.2,"lon":-50.5,"wind_kt":60,"pressure_mb":null,"radius_34kt_nm":null},{"date":"18560919","time":"1200","status":"HU","lat":35.6,"lon":-51,"wind_kt":70,"pressure_mb":null,"radius_34kt_nm":null},{"date":"18560919","time":"1800","status":"HU","lat":35.8,"lon":-51.4,"wind_kt":70,"pressure_mb":null,"radius_34kt_nm":null},{"date":"18560920","time":"0000","status":"HU","lat":36,"lon":-51.7,"wind_kt":70,"pressure_mb":null,"radius_34kt_nm":null},{"date":"18560920","time":"0600","status":"HU","lat":36.1,"lon":-52,"wind_kt":70,"pressure_mb":null,"radius_34kt_nm":null},{"date":"18560920","time":"1200","status":"HU","lat":36.2,"lon":-52.3,"wind_kt":70,"pressure_mb":null,"radius_34kt_nm":null},{"date":"18560920","time":"1800","status":"HU","lat":36.3,"lon":-52.4,"wind_kt":70,"pressure_mb":null,"radius_34kt_nm":null},{"date":"18560921","time":"0000","status":"TS","lat":36.4,"lon":-52.5,"wind_kt":60,"pressure_mb":null,"radius_34kt_nm":null},{"date":"18560921","time":"0600","status":"TS","lat":36.5,"lon":-52.6,"wind_kt":60,"pressure_mb":null,"radius_34kt_nm":null},{"date":"18560921","time":"1200","status":"TS","lat":36.5,"lon":-52.7,"wind_kt":60,"pressure_mb":null,"radius_34kt_nm":null},{"date":"18560921","time":"1800","status":"TS","lat":36.5,"lon":-52.8,"wind_kt":60,"pressure_mb":null,"radius_34kt_nm":null},{"date":"18560922","time":"0000","status":"TS","lat":36.5,"lon":-52.9,"wind_kt":60,"pressure_mb":null,"radius_34kt_nm":null},{"date":"18560922","time":"0600","status":"TS","lat":36.5,"lon":-53,"wind_kt":60,"pressure_mb":null,"radius_34kt_nm":null},{"date":"18560922","time":"1200","status":"TS","lat":36.5,"lon":-53,"wind_kt":60,"pressure_mb":null,"radius_34kt_nm":null},{"date":"18560922","time":"1800","status":"TS","lat":36.5,"lon":-53,"wind_kt":60,"pressure_mb":null,"radius_34kt_nm":null}]}},{"type":"Feature","geometry":{"type":"LineString","coordinates":[[-74.5,34],[-73.8,34.5],[-72.6,35],[-71.4,35.2],[-70.1,35.4],[-68.9,35.5],[-67.6,35.8],[-66,36]]},"properties":{"id":"hur-al011857","event_type":"hurricane","name":null,"year":1857,"max_wind_kt":50,"min_pressure_mb":null,"category":0,"preliminary":false,"start_date":"18570630","end_date":"18570701","track":[{"date":"18570630","time":"0000","status":"TS","lat":34,"lon":-74.5,"wind_kt":50,"pressure_mb":null,"radius_34kt_nm":null},{"date":"18570630","time":"0600","status":"TS","lat":34.5,"lon":-73.8,"wind_kt":50,"pressure_mb":null,"radius_34kt_nm":null},{"date":"18570630","time":"1200","status":"TS","lat":35,"lon":-72.6,"wind_kt":50,"pressure_mb":null,"radius_34kt_nm":null},{"date":"18570630","time":"1800","status":"TS","lat":35.2,"lon":-71.4,"wind_kt":50,"pressure_mb":null,"radius_34kt_nm":null},{"date":"18570701","time":"0000","status":"TS","lat":35.4,"lon":-70.1,"wind_kt":50,"pressure_mb":null,"radius_34kt_nm":null},{"date":"18570701","time":"0600","status":"TS","lat":35.5,"lon":-68.9,"wind_kt":50,"pressure_mb":null,"radius_34kt_nm":null},{"date":"18570701","time":"1200","status":"TS","lat":35.8,"lon":-67.6,"wind_kt":50,"pressure_mb":null,"radius_34kt_nm":null},{"date":"18570701","time":"1800","status":"TS","lat":36,"lon":-66,"wind_kt":50,"pressure_mb":null,"radius_34kt_nm":null}]}},{"type":"Feature","geometry":{"type":"LineString","coordinates":[[-73,26.5],[-72.8,26.7],[-72.6,26.9],[-72.4,27.2],[-72.3,27.5],[-72.5,27.7],[-72.7,27.9],[-72.9,28.1],[-73,28.3],[-73.6,28.7],[-74.2,29.1],[-74.7,29.5],[-75.3,29.9],[-75.8,30.2],[-76.2,30.5],[-76.7,30.7],[-77.1,31],[-77.4,31.2],[-77.7,31.5],[-78,31.7],[-78.2,32.1],[-78.2,32.3],[-78.3,32.5],[-78.3,32.8],[-78.3,33.3],[-78,33.9],[-77.5,34.5],[-77.1,34.9],[-76.5,35.5],[-76.2,36],[-75.8,36.3],[-74.9,36.5],[-73.5,36.8],[-71.8,37.6],[-69.8,38.5],[-67.6,39.4],[-65.2,40.3],[-61.7,41.2],[-58.9,42.1],[-56,43],[-53,44],[-50,45],[-46,46],[-42,47],[-38,48],[-34,49],[-30,50]]},"properties":{"id":"hur-al021857","event_type":"hurricane","name":null,"year":1857,"max_wind_kt":90,"min_pressure_mb":961,"category":2,"preliminary":false,"start_date":"18570906","end_date":"18570918","track":[{"date":"18570906","time":"1800","status":"TS","lat":26.5,"lon":-73,"wind_kt":40,"pressure_mb":null,"radius_34kt_nm":null},{"date":"18570907","time":"0000","status":"TS","lat":26.7,"lon":-72.8,"wind_kt":40,"pressure_mb":null,"radius_34kt_nm":null},{"date":"18570907","time":"0600","status":"TS","lat":26.9,"lon":-72.6,"wind_kt":40,"pressure_mb":null,"radius_34kt_nm":null},{"date":"18570907","time":"1200","status":"TS","lat":27.2,"lon":-72.4,"wind_kt":50,"pressure_mb":null,"radius_34kt_nm":null},{"date":"18570907","time":"1800","status":"TS","lat":27.5,"lon":-72.3,"wind_kt":50,"pressure_mb":null,"radius_34kt_nm":null},{"date":"18570908","time":"0000","status":"TS","lat":27.7,"lon":-72.5,"wind_kt":50,"pressure_mb":null,"radius_34kt_nm":null},{"date":"18570908","time":"0600","status":"TS","lat":27.9,"lon":-72.7,"wind_kt":50,"pressure_mb":null,"radius_34kt_nm":null},{"date":"18570908","time":"1200","status":"TS","lat":28.1,"lon":-72.9,"wind_kt":60,"pressure_mb":null,"radius_34kt_nm":null},{"date":"18570908","time":"1800","status":"TS","lat":28.3,"lon":-73,"wind_kt":60,"pressure_mb":null,"radius_34kt_nm":null},{"date":"18570909","time":"0000","status":"TS","lat":28.7,"lon":-73.6,"wind_kt":60,"pressure_mb":null,"radius_34kt_nm":null},{"date":"18570909","time":"0600","status":"HU","lat":29.1,"lon":-74.2,"wind_kt":70,"pressure_mb":null,"radius_34kt_nm":null},{"date":"18570909","time":"1200","status":"HU","lat":29.5,"lon":-74.7,"wind_kt":70,"pressure_mb":null,"radius_34kt_nm":null},{"date":"18570909","time":"1800","status":"HU","lat":29.9,"lon":-75.3,"wind_kt":70,"pressure_mb":null,"radius_34kt_nm":null},{"date":"18570910","time":"0000","status":"HU","lat":30.2,"lon":-75.8,"wind_kt":70,"pressure_mb":null,"radius_34kt_nm":null},{"date":"18570910","time":"0600","status":"HU","lat":30.5,"lon":-76.2,"wind_kt":70,"pressure_mb":null,"radius_34kt_nm":null},{"date":"18570910","time":"1200","status":"HU","lat":30.7,"lon":-76.7,"wind_kt":80,"pressure_mb":null,"radius_34kt_nm":null},{"date":"18570910","time":"1800","status":"HU","lat":31,"lon":-77.1,"wind_kt":80,"pressure_mb":null,"radius_34kt_nm":null},{"date":"18570911","time":"0000","status":"HU","lat":31.2,"lon":-77.4,"wind_kt":90,"pressure_mb":null,"radius_34kt_nm":null},{"date":"18570911","time":"0600","status":"HU","lat":31.5,"lon":-77.7,"wind_kt":90,"pressure_mb":null,"radius_34kt_nm":null},{"date":"18570911","time":"1200","status":"HU","lat":31.7,"lon":-78,"wind_kt":90,"pressure_mb":null,"radius_34kt_nm":null},{"date":"18570911","time":"1800","status":"HU","lat":32.1,"lon":-78.2,"wind_kt":90,"pressure_mb":null,"radius_34kt_nm":null},{"date":"18570912","time":"0000","status":"HU","lat":32.3,"lon":-78.2,"wind_kt":90,"pressure_mb":null,"radius_34kt_nm":null},{"date":"18570912","time":"0600","status":"HU","lat":32.5,"lon":-78.3,"wind_kt":90,"pressure_mb":null,"radius_34kt_nm":null},{"date":"18570912","time":"1200","status":"HU","lat":32.8,"lon":-78.3,"wind_kt":90,"pressure_mb":null,"radius_34kt_nm":null},{"date":"18570912","time":"1800","status":"HU","lat":33.3,"lon":-78.3,"wind_kt":90,"pressure_mb":961,"radius_34kt_nm":null},{"date":"18570913","time":"0000","status":"HU","lat":33.9,"lon":-78,"wind_kt":90,"pressure_mb":null,"radius_34kt_nm":null},{"date":"18570913","time":"0600","status":"HU","lat":34.5,"lon":-77.5,"wind_kt":80,"pressure_mb":null,"radius_34kt_nm":null},{"date":"18570913","time":"1200","status":"HU","lat":34.9,"lon":-77.1,"wind_kt":70,"pressure_mb":null,"radius_34kt_nm":null},{"date":"18570913","time":"1800","status":"TS","lat":35.5,"lon":-76.5,"wind_kt":60,"pressure_mb":null,"radius_34kt_nm":null},{"date":"18570914","time":"0000","status":"TS","lat":36,"lon":-76.2,"wind_kt":50,"pressure_mb":null,"radius_34kt_nm":null},{"date":"18570914","time":"0600","status":"TS","lat":36.3,"lon":-75.8,"wind_kt":50,"pressure_mb":null,"radius_34kt_nm":null},{"date":"18570914","time":"1200","status":"TS","lat":36.5,"lon":-74.9,"wind_kt":50,"pressure_mb":null,"radius_34kt_nm":null},{"date":"18570914","time":"1800","status":"TS","lat":36.8,"lon":-73.5,"wind_kt":60,"pressure_mb":null,"radius_34kt_nm":null},{"date":"18570915","time":"0000","status":"TS","lat":37.6,"lon":-71.8,"wind_kt":60,"pressure_mb":null,"radius_34kt_nm":null},{"date":"18570915","time":"0600","status":"HU","lat":38.5,"lon":-69.8,"wind_kt":70,"pressure_mb":null,"radius_34kt_nm":null},{"date":"18570915","time":"1200","status":"HU","lat":39.4,"lon":-67.6,"wind_kt":80,"pressure_mb":null,"radius_34kt_nm":null},{"date":"18570915","time":"1800","status":"HU","lat":40.3,"lon":-65.2,"wind_kt":80,"pressure_mb":null,"radius_34kt_nm":null},{"date":"18570916","time":"0000","status":"HU","lat":41.2,"lon":-61.7,"wind_kt":80,"pressure_mb":null,"radius_34kt_nm":null},{"date":"18570916","time":"0600","status":"HU","lat":42.1,"lon":-58.9,"wind_kt":80,"pressure_mb":null,"radius_34kt_nm":null},{"date":"18570916","time":"1200","status":"HU","lat":43,"lon":-56,"wind_kt":80,"pressure_mb":null,"radius_34kt_nm":null},{"date":"18570916","time":"1800","status":"HU","lat":44,"lon":-53,"wind_kt":80,"pressure_mb":null,"radius_34kt_nm":null},{"date":"18570917","time":"0000","status":"HU","lat":45,"lon":-50,"wind_kt":80,"pressure_mb":null,"radius_34kt_nm":null},{"date":"18570917","time":"0600","status":"HU","lat":46,"lon":-46,"wind_kt":70,"pressure_mb":null,"radius_34kt_nm":null},{"date":"18570917","time":"1200","status":"TS","lat":47,"lon":-42,"wind_kt":60,"pressure_mb":null,"radius_34kt_nm":null},{"date":"18570917","time":"1800","status":"EX","lat":48,"lon":-38,"wind_kt":50,"pressure_mb":null,"radius_34kt_nm":null},{"date":"18570918","time":"0000","status":"EX","lat":49,"lon":-34,"wind_kt":40,"pressure_mb":null,"radius_34kt_nm":null},{"date":"18570918","time":"0600","status":"EX","lat":50,"lon":-30,"wind_kt":40,"pressure_mb":null,"radius_34kt_nm":null}]}},{"type":"Feature","geometry":{"type":"LineString","coordinates":[[-73.5,32.5],[-73.5,32.5],[-73.5,32.5],[-73.5,32.5],[-73.5,32.5],[-73.5,32.5],[-73.5,32.5],[-73.5,32.5],[-73.5,32.5],[-73.5,32.5],[-73.5,32.5],[-73.5,32.5],[-73.5,32.5],[-73.5,32.5],[-73.5,32.5],[-73.5,32.5],[-73.5,32.5],[-73.5,32.5],[-73.5,32.5],[-73.5,32.5]]},"properties":{"id":"hur-al031857","event_type":"hurricane","name":null,"year":1857,"max_wind_kt":70,"min_pressure_mb":null,"category":1,"preliminary":false,"start_date":"18570922","end_date":"18570926","track":[{"date":"18570922","time":"0000","status":"HU","lat":32.5,"lon":-73.5,"wind_kt":70,"pressure_mb":null,"radius_34kt_nm":null},{"date":"18570922","time":"0600","status":"HU","lat":32.5,"lon":-73.5,"wind_kt":70,"pressure_mb":null,"radius_34kt_nm":null},{"date":"18570922","time":"1200","status":"HU","lat":32.5,"lon":-73.5,"wind_kt":70,"pressure_mb":null,"radius_34kt_nm":null},{"date":"18570922","time":"1800","status":"HU","lat":32.5,"lon":-73.5,"wind_kt":70,"pressure_mb":null,"radius_34kt_nm":null},{"date":"18570923","time":"0000","status":"HU","lat":32.5,"lon":-73.5,"wind_kt":70,"pressure_mb":null,"radius_34kt_nm":null},{"date":"18570923","time":"0600","status":"HU","lat":32.5,"lon":-73.5,"wind_kt":70,"pressure_mb":null,"radius_34kt_nm":null},{"date":"18570923","time":"1200","status":"HU","lat":32.5,"lon":-73.5,"wind_kt":70,"pressure_mb":null,"radius_34kt_nm":null},{"date":"18570923","time":"1800","status":"HU","lat":32.5,"lon":-73.5,"wind_kt":70,"pressure_mb":null,"radius_34kt_nm":null},{"date":"18570924","time":"0000","status":"HU","lat":32.5,"lon":-73.5,"wind_kt":70,"pressure_mb":null,"radius_34kt_nm":null},{"date":"18570924","time":"0600","status":"HU","lat":32.5,"lon":-73.5,"wind_kt":70,"pressure_mb":null,"radius_34kt_nm":null},{"date":"18570924","time":"1200","status":"HU","lat":32.5,"lon":-73.5,"wind_kt":70,"pressure_mb":null,"radius_34kt_nm":null},{"date":"18570924","time":"1800","status":"HU","lat":32.5,"lon":-73.5,"wind_kt":70,"pressure_mb":null,"radius_34kt_nm":null},{"date":"18570925","time":"0000","status":"HU","lat":32.5,"lon":-73.5,"wind_kt":70,"pressure_mb":null,"radius_34kt_nm":null},{"date":"18570925","time":"0600","status":"HU","lat":32.5,"lon":-73.5,"wind_kt":70,"pressure_mb":null,"radius_34kt_nm":null},{"date":"18570925","time":"1200","status":"HU","lat":32.5,"lon":-73.5,"wind_kt":70,"pressure_mb":null,"radius_34kt_nm":null},{"date":"18570925","time":"1800","status":"HU","lat":32.5,"lon":-73.5,"wind_kt":70,"pressure_mb":null,"radius_34kt_nm":null},{"date":"18570926","time":"0000","status":"HU","lat":32.5,"lon":-73.5,"wind_kt":70,"pressure_mb":null,"radius_34kt_nm":null},{"date":"18570926","time":"0600","status":"HU","lat":32.5,"lon":-73.5,"wind_kt":70,"pressure_mb":null,"radius_34kt_nm":null},{"date":"18570926","time":"1200","status":"HU","lat":32.5,"lon":-73.5,"wind_kt":70,"pressure_mb":null,"radius_34kt_nm":null},{"date":"18570926","time":"1800","status":"HU","lat":32.5,"lon":-73.5,"wind_kt":70,"pressure_mb":null,"radius_34kt_nm":null}]}},{"type":"Feature","geometry":{"type":"LineString","coordinates":[[-54.7,16],[-56.2,16],[-57.7,16],[-59.2,16],[-61.1,16],[-63,16],[-64.6,16],[-66.8,16],[-68.5,16],[-70.3,16],[-72.1,16.1],[-73.9,16.2],[-75.8,16.6],[-78,17],[-80.1,17.7],[-81.4,18.2],[-82.9,19],[-84.1,19.7],[-85.3,20.2],[-86.5,21],[-87.9,21.7],[-89.4,22.2],[-91,23],[-92.6,23.7],[-94.1,24.4],[-95.8,25.2],[-97,25.8],[-97.5,26],[-99.1,27]]},"properties":{"id":"hur-al041857","event_type":"hurricane","name":null,"year":1857,"max_wind_kt":90,"min_pressure_mb":null,"category":2,"preliminary":false,"start_date":"18570924","end_date":"18570930","track":[{"date":"18570924","time":"0000","status":"TS","lat":16,"lon":-54.7,"wind_kt":50,"pressure_mb":null,"radius_34kt_nm":null},{"date":"18570924","time":"0600","status":"TS","lat":16,"lon":-56.2,"wind_kt":50,"pressure_mb":null,"radius_34kt_nm":null},{"date":"18570924","time":"1200","status":"TS","lat":16,"lon":-57.7,"wind_kt":50,"pressure_mb":null,"radius_34kt_nm":null},{"date":"18570924","time":"1800","status":"TS","lat":16,"lon":-59.2,"wind_kt":50,"pressure_mb":null,"radius_34kt_nm":null},{"date":"18570925","time":"0000","status":"TS","lat":16,"lon":-61.1,"wind_kt":60,"pressure_mb":null,"radius_34kt_nm":null},{"date":"18570925","time":"0600","status":"TS","lat":16,"lon":-63,"wind_kt":60,"pressure_mb":null,"radius_34kt_nm":null},{"date":"18570925","time":"1200","status":"TS","lat":16,"lon":-64.6,"wind_kt":60,"pressure_mb":null,"radius_34kt_nm":null},{"date":"18570925","time":"1800","status":"TS","lat":16,"lon":-66.8,"wind_kt":60,"pressure_mb":null,"radius_34kt_nm":null},{"date":"18570926","time":"0000","status":"HU","lat":16,"lon":-68.5,"wind_kt":70,"pressure_mb":null,"radius_34kt_nm":null},{"date":"18570926","time":"0600","status":"HU","lat":16,"lon":-70.3,"wind_kt":70,"pressure_mb":null,"radius_34kt_nm":null},{"date":"18570926","time":"1200","status":"HU","lat":16.1,"lon":-72.1,"wind_kt":70,"pressure_mb":null,"radius_34kt_nm":null},{"date":"18570926","time":"1800","status":"HU","lat":16.2,"lon":-73.9,"wind_kt":70,"pressure_mb":null,"radius_34kt_nm":null},{"date":"18570927","time":"0000","status":"HU","lat":16.6,"lon":-75.8,"wind_kt":80,"pressure_mb":null,"radius_34kt_nm":null},{"date":"18570927","time":"0600","status":"HU","lat":17,"lon":-78,"wind_kt":80,"pressure_mb":null,"radius_34kt_nm":null},{"date":"18570927","time":"1200","status":"HU","lat":17.7,"lon":-80.1,"wind_kt":80,"pressure_mb":null,"radius_34kt_nm":null},{"date":"18570927","time":"1800","status":"HU","lat":18.2,"lon":-81.4,"wind_kt":80,"pressure_mb":null,"radius_34kt_nm":null},{"date":"18570928","time":"0000","status":"HU","lat":19,"lon":-82.9,"wind_kt":90,"pressure_mb":null,"radius_34kt_nm":null},{"date":"18570928","time":"0600","status":"HU","lat":19.7,"lon":-84.1,"wind_kt":90,"pressure_mb":null,"radius_34kt_nm":null},{"date":"18570928","time":"1200","status":"HU","lat":20.2,"lon":-85.3,"wind_kt":90,"pressure_mb":null,"radius_34kt_nm":null},{"date":"18570928","time":"1800","status":"HU","lat":21,"lon":-86.5,"wind_kt":90,"pressure_mb":null,"radius_34kt_nm":null},{"date":"18570929","time":"0000","status":"HU","lat":21.7,"lon":-87.9,"wind_kt":70,"pressure_mb":null,"radius_34kt_nm":null},{"date":"18570929","time":"0600","status":"TS","lat":22.2,"lon":-89.4,"wind_kt":60,"pressure_mb":null,"radius_34kt_nm":null},{"date":"18570929","time":"1200","status":"TS","lat":23,"lon":-91,"wind_kt":60,"pressure_mb":null,"radius_34kt_nm":null},{"date":"18570929","time":"1800","status":"TS","lat":23.7,"lon":-92.6,"wind_kt":60,"pressure_mb":null,"radius_34kt_nm":null},{"date":"18570930","time":"0000","status":"TS","lat":24.4,"lon":-94.1,"wind_kt":50,"pressure_mb":null,"radius_34kt_nm":null},{"date":"18570930","time":"0600","status":"TS","lat":25.2,"lon":-95.8,"wind_kt":50,"pressure_mb":null,"radius_34kt_nm":null},{"date":"18570930","time":"1000","status":"TS","lat":25.8,"lon":-97,"wind_kt":50,"pressure_mb":null,"radius_34kt_nm":null},{"date":"18570930","time":"1200","status":"TS","lat":26,"lon":-97.5,"wind_kt":50,"pressure_mb":null,"radius_34kt_nm":null},{"date":"18570930","time":"1800","status":"TS","lat":27,"lon":-99.1,"wind_kt":40,"pressure_mb":null,"radius_34kt_nm":null}]}},{"type":"Feature","geometry":{"type":"LineString","coordinates":[[-85.5,19]]},"properties":{"id":"hur-al011858","event_type":"hurricane","name":null,"year":1858,"max_wind_kt":70,"min_pressure_mb":null,"category":1,"preliminary":false,"start_date":"18580612","end_date":"18580612","track":[{"date":"18580612","time":"1200","status":"HU","lat":19,"lon":-85.5,"wind_kt":70,"pressure_mb":null,"radius_34kt_nm":null}]}},{"type":"Feature","geometry":{"type":"LineString","coordinates":[[-40,45]]},"properties":{"id":"hur-al021858","event_type":"hurricane","name":null,"year":1858,"max_wind_kt":70,"min_pressure_mb":null,"category":1,"preliminary":false,"start_date":"18580805","end_date":"18580805","track":[{"date":"18580805","time":"1200","status":"HU","lat":45,"lon":-40,"wind_kt":70,"pressure_mb":null,"radius_34kt_nm":null}]}},{"type":"Feature","geometry":{"type":"LineString","coordinates":[[-84.6,25.2],[-83.9,26],[-83.1,26.9],[-82.7,27.6],[-82,27.9],[-80.8,28.9],[-79.6,30],[-78.5,31.2],[-77.3,32.4],[-75.8,34],[-74.6,36],[-73.3,38.5],[-72.2,40.9],[-72,41.4],[-70,45.5],[-67,50]]},"properties":{"id":"hur-al031858","event_type":"hurricane","name":null,"year":1858,"max_wind_kt":90,"min_pressure_mb":979,"category":2,"preliminary":false,"start_date":"18580914","end_date":"18580917","track":[{"date":"18580914","time":"0000","status":"TS","lat":25.2,"lon":-84.6,"wind_kt":60,"pressure_mb":null,"radius_34kt_nm":null},{"date":"18580914","time":"0600","status":"TS","lat":26,"lon":-83.9,"wind_kt":60,"pressure_mb":null,"radius_34kt_nm":null},{"date":"18580914","time":"1200","status":"TS","lat":26.9,"lon":-83.1,"wind_kt":60,"pressure_mb":null,"radius_34kt_nm":null},{"date":"18580914","time":"1500","status":"TS","lat":27.6,"lon":-82.7,"wind_kt":60,"pressure_mb":null,"radius_34kt_nm":null},{"date":"18580914","time":"1800","status":"TS","lat":27.9,"lon":-82,"wind_kt":50,"pressure_mb":null,"radius_34kt_nm":null},{"date":"18580915","time":"0000","status":"TS","lat":28.9,"lon":-80.8,"wind_kt":50,"pressure_mb":null,"radius_34kt_nm":null},{"date":"18580915","time":"0600","status":"TS","lat":30,"lon":-79.6,"wind_kt":60,"pressure_mb":null,"radius_34kt_nm":null},{"date":"18580915","time":"1200","status":"HU","lat":31.2,"lon":-78.5,"wind_kt":80,"pressure_mb":null,"radius_34kt_nm":null},{"date":"18580915","time":"1800","status":"HU","lat":32.4,"lon":-77.3,"wind_kt":90,"pressure_mb":null,"radius_34kt_nm":null},{"date":"18580916","time":"0000","status":"HU","lat":34,"lon":-75.8,"wind_kt":90,"pressure_mb":null,"radius_34kt_nm":null},{"date":"18580916","time":"0600","status":"HU","lat":36,"lon":-74.6,"wind_kt":90,"pressure_mb":null,"radius_34kt_nm":null},{"date":"18580916","time":"1200","status":"HU","lat":38.5,"lon":-73.3,"wind_kt":80,"pressure_mb":null,"radius_34kt_nm":null},{"date":"18580916","time":"1700","status":"HU","lat":40.9,"lon":-72.2,"wind_kt":80,"pressure_mb":null,"radius_34kt_nm":null},{"date":"18580916","time":"1800","status":"HU","lat":41.4,"lon":-72,"wind_kt":70,"pressure_mb":979,"radius_34kt_nm":null},{"date":"18580917","time":"0000","status":"TS","lat":45.5,"lon":-70,"wind_kt":50,"pressure_mb":null,"radius_34kt_nm":null},{"date":"18580917","time":"0600","status":"TS","lat":50,"lon":-67,"wind_kt":40,"pressure_mb":null,"radius_34kt_nm":null}]}},{"type":"Feature","geometry":{"type":"LineString","coordinates":[[-41.4,18.4],[-42.2,19.2],[-43,20],[-43.9,20.7],[-45,21.7],[-46,22.7],[-47,23.5],[-48.2,24.2],[-49.4,25.2],[-50.7,26.1],[-52,27],[-53.5,28],[-55.2,29.2],[-57.1,30.6],[-59,32],[-60.6,33.3],[-61.9,34.5],[-63,35.8],[-63.6,37],[-63.8,38],[-63.6,39],[-63.2,40],[-62.4,41],[-61.3,42],[-59.5,42.9],[-57.6,43.5],[-56.1,44],[-54.1,44.7],[-51.8,45.2],[-50,45.7],[-48,46],[-45.2,46.5]]},"properties":{"id":"hur-al041858","event_type":"hurricane","name":null,"year":1858,"max_wind_kt":80,"min_pressure_mb":null,"category":1,"preliminary":false,"start_date":"18580917","end_date":"18580924","track":[{"date":"18580917","time":"0000","status":"HU","lat":18.4,"lon":-41.4,"wind_kt":80,"pressure_mb":null,"radius_34kt_nm":null},{"date":"18580917","time":"0600","status":"HU","lat":19.2,"lon":-42.2,"wind_kt":80,"pressure_mb":null,"radius_34kt_nm":null},{"date":"18580917","time":"1200","status":"HU","lat":20,"lon":-43,"wind_kt":80,"pressure_mb":null,"radius_34kt_nm":null},{"date":"18580917","time":"1800","status":"HU","lat":20.7,"lon":-43.9,"wind_kt":80,"pressure_mb":null,"radius_34kt_nm":null},{"date":"18580918","time":"0000","status":"HU","lat":21.7,"lon":-45,"wind_kt":80,"pressure_mb":null,"radius_34kt_nm":null},{"date":"18580918","time":"0600","status":"HU","lat":22.7,"lon":-46,"wind_kt":80,"pressure_mb":null,"radius_34kt_nm":null},{"date":"18580918","time":"1200","status":"HU","lat":23.5,"lon":-47,"wind_kt":80,"pressure_mb":null,"radius_34kt_nm":null},{"date":"18580918","time":"1800","status":"HU","lat":24.2,"lon":-48.2,"wind_kt":80,"pressure_mb":null,"radius_34kt_nm":null},{"date":"18580919","time":"0000","status":"HU","lat":25.2,"lon":-49.4,"wind_kt":80,"pressure_mb":null,"radius_34kt_nm":null},{"date":"18580919","time":"0600","status":"HU","lat":26.1,"lon":-50.7,"wind_kt":80,"pressure_mb":null,"radius_34kt_nm":null},{"date":"18580919","time":"1200","status":"HU","lat":27,"lon":-52,"wind_kt":80,"pressure_mb":null,"radius_34kt_nm":null},{"date":"18580919","time":"1800","status":"HU","lat":28,"lon":-53.5,"wind_kt":80,"pressure_mb":null,"radius_34kt_nm":null},{"date":"18580920","time":"0000","status":"HU","lat":29.2,"lon":-55.2,"wind_kt":80,"pressure_mb":null,"radius_34kt_nm":null},{"date":"18580920","time":"0600","status":"HU","lat":30.6,"lon":-57.1,"wind_kt":80,"pressure_mb":null,"radius_34kt_nm":null},{"date":"18580920","time":"1200","status":"HU","lat":32,"lon":-59,"wind_kt":80,"pressure_mb":null,"radius_34kt_nm":null},{"date":"18580920","time":"1800","status":"HU","lat":33.3,"lon":-60.6,"wind_kt":80,"pressure_mb":null,"radius_34kt_nm":null},{"date":"18580921","time":"0000","status":"HU","lat":34.5,"lon":-61.9,"wind_kt":80,"pressure_mb":null,"radius_34kt_nm":null},{"date":"18580921","time":"0600","status":"HU","lat":35.8,"lon":-63,"wind_kt":80,"pressure_mb":null,"radius_34kt_nm":null},{"date":"18580921","time":"1200","status":"HU","lat":37,"lon":-63.6,"wind_kt":80,"pressure_mb":null,"radius_34kt_nm":null},{"date":"18580921","time":"1800","status":"HU","lat":38,"lon":-63.8,"wind_kt":80,"pressure_mb":null,"radius_34kt_nm":null},{"date":"18580922","time":"0000","status":"HU","lat":39,"lon":-63.6,"wind_kt":80,"pressure_mb":null,"radius_34kt_nm":null},{"date":"18580922","time":"0600","status":"HU","lat":40,"lon":-63.2,"wind_kt":80,"pressure_mb":null,"radius_34kt_nm":null},{"date":"18580922","time":"1200","status":"HU","lat":41,"lon":-62.4,"wind_kt":80,"pressure_mb":null,"radius_34kt_nm":null},{"date":"18580922","time":"1800","status":"HU","lat":42,"lon":-61.3,"wind_kt":80,"pressure_mb":null,"radius_34kt_nm":null},{"date":"18580923","time":"0000","status":"HU","lat":42.9,"lon":-59.5,"wind_kt":80,"pressure_mb":null,"radius_34kt_nm":null},{"date":"18580923","time":"0600","status":"HU","lat":43.5,"lon":-57.6,"wind_kt":80,"pressure_mb":null,"radius_34kt_nm":null},{"date":"18580923","time":"1200","status":"HU","lat":44,"lon":-56.1,"wind_kt":70,"pressure_mb":null,"radius_34kt_nm":null},{"date":"18580923","time":"1800","status":"HU","lat":44.7,"lon":-54.1,"wind_kt":70,"pressure_mb":null,"radius_34kt_nm":null},{"date":"18580924","time":"0000","status":"TS","lat":45.2,"lon":-51.8,"wind_kt":60,"pressure_mb":null,"radius_34kt_nm":null},{"date":"18580924","time":"0600","status":"TS","lat":45.7,"lon":-50,"wind_kt":60,"pressure_mb":null,"radius_34kt_nm":null},{"date":"18580924","time":"1200","status":"TS","lat":46,"lon":-48,"wind_kt":50,"pressure_mb":null,"radius_34kt_nm":null},{"date":"18580924","time":"1800","status":"TS","lat":46.5,"lon":-45.2,"wind_kt":50,"pressure_mb":null,"radius_34kt_nm":null}]}},{"type":"Feature","geometry":{"type":"LineString","coordinates":[[-74,21.9],[-74,23.2],[-74,24.6],[-74,26.1],[-74,27.9],[-74.1,29.3],[-74.1,30.7],[-74,32.2],[-73.8,33.3],[-73.7,33.9],[-73.6,34.5],[-73.4,35.2],[-73.1,35.9],[-72.6,36.5]]},"properties":{"id":"hur-al051858","event_type":"hurricane","name":null,"year":1858,"max_wind_kt":80,"min_pressure_mb":null,"category":1,"preliminary":false,"start_date":"18580922","end_date":"18580925","track":[{"date":"18580922","time":"1200","status":"TS","lat":21.9,"lon":-74,"wind_kt":50,"pressure_mb":null,"radius_34kt_nm":null},{"date":"18580922","time":"1800","status":"TS","lat":23.2,"lon":-74,"wind_kt":50,"pressure_mb":null,"radius_34kt_nm":null},{"date":"18580923","time":"0000","status":"TS","lat":24.6,"lon":-74,"wind_kt":60,"pressure_mb":null,"radius_34kt_nm":null},{"date":"18580923","time":"0600","status":"TS","lat":26.1,"lon":-74,"wind_kt":60,"pressure_mb":null,"radius_34kt_nm":null},{"date":"18580923","time":"1200","status":"HU","lat":27.9,"lon":-74,"wind_kt":70,"pressure_mb":null,"radius_34kt_nm":null},{"date":"18580923","time":"1800","status":"HU","lat":29.3,"lon":-74.1,"wind_kt":70,"pressure_mb":null,"radius_34kt_nm":null},{"date":"18580924","time":"0000","status":"HU","lat":30.7,"lon":-74.1,"wind_kt":70,"pressure_mb":null,"radius_34kt_nm":null},{"date":"18580924","time":"0600","status":"HU","lat":32.2,"lon":-74,"wind_kt":70,"pressure_mb":null,"radius_34kt_nm":null},{"date":"18580924","time":"1200","status":"HU","lat":33.3,"lon":-73.8,"wind_kt":80,"pressure_mb":null,"radius_34kt_nm":null},{"date":"18580924","time":"1800","status":"HU","lat":33.9,"lon":-73.7,"wind_kt":80,"pressure_mb":null,"radius_34kt_nm":null},{"date":"18580925","time":"0000","status":"HU","lat":34.5,"lon":-73.6,"wind_kt":80,"pressure_mb":null,"radius_34kt_nm":null},{"date":"18580925","time":"0600","status":"HU","lat":35.2,"lon":-73.4,"wind_kt":80,"pressure_mb":null,"radius_34kt_nm":null},{"date":"18580925","time":"1200","status":"HU","lat":35.9,"lon":-73.1,"wind_kt":80,"pressure_mb":null,"radius_34kt_nm":null},{"date":"18580925","time":"1800","status":"HU","lat":36.5,"lon":-72.6,"wind_kt":80,"pressure_mb":null,"radius_34kt_nm":null}]}},{"type":"Feature","geometry":{"type":"LineString","coordinates":[[-73.6,21.5],[-73.3,21.7],[-72.9,22.1],[-72.5,22.5],[-72.1,23.1],[-71.6,23.7],[-71.1,24.2],[-70.6,25.2],[-70,26.1],[-69.3,27],[-68.5,28.2],[-67.4,29.5],[-66.3,31],[-65,32.5],[-63.7,34],[-62.7,35.5],[-61.7,37],[-60.7,38.5],[-59.7,40],[-58.5,41.2],[-57.3,42.2],[-56,43.2]]},"properties":{"id":"hur-al061858","event_type":"hurricane","name":null,"year":1858,"max_wind_kt":90,"min_pressure_mb":null,"category":2,"preliminary":false,"start_date":"18581021","end_date":"18581026","track":[{"date":"18581021","time":"0000","status":"TS","lat":21.5,"lon":-73.6,"wind_kt":50,"pressure_mb":null,"radius_34kt_nm":null},{"date":"18581021","time":"0600","status":"TS","lat":21.7,"lon":-73.3,"wind_kt":50,"pressure_mb":null,"radius_34kt_nm":null},{"date":"18581021","time":"1200","status":"TS","lat":22.1,"lon":-72.9,"wind_kt":60,"pressure_mb":null,"radius_34kt_nm":null},{"date":"18581021","time":"1800","status":"TS","lat":22.5,"lon":-72.5,"wind_kt":60,"pressure_mb":null,"radius_34kt_nm":null},{"date":"18581022","time":"0000","status":"TS","lat":23.1,"lon":-72.1,"wind_kt":60,"pressure_mb":null,"radius_34kt_nm":null},{"date":"18581022","time":"0600","status":"TS","lat":23.7,"lon":-71.6,"wind_kt":60,"pressure_mb":null,"radius_34kt_nm":null},{"date":"18581022","time":"1200","status":"HU","lat":24.2,"lon":-71.1,"wind_kt":70,"pressure_mb":null,"radius_34kt_nm":null},{"date":"18581022","time":"1800","status":"HU","lat":25.2,"lon":-70.6,"wind_kt":70,"pressure_mb":null,"radius_34kt_nm":null},{"date":"18581023","time":"0000","status":"HU","lat":26.1,"lon":-70,"wind_kt":70,"pressure_mb":null,"radius_34kt_nm":null},{"date":"18581023","time":"0600","status":"HU","lat":27,"lon":-69.3,"wind_kt":70,"pressure_mb":null,"radius_34kt_nm":null},{"date":"18581023","time":"1200","status":"HU","lat":28.2,"lon":-68.5,"wind_kt":80,"pressure_mb":null,"radius_34kt_nm":null},{"date":"18581023","time":"1800","status":"HU","lat":29.5,"lon":-67.4,"wind_kt":80,"pressure_mb":null,"radius_34kt_nm":null},{"date":"18581024","time":"0000","status":"HU","lat":31,"lon":-66.3,"wind_kt":90,"pressure_mb":null,"radius_34kt_nm":null},{"date":"18581024","time":"0600","status":"HU","lat":32.5,"lon":-65,"wind_kt":90,"pressure_mb":null,"radius_34kt_nm":null},{"date":"18581024","time":"1200","status":"HU","lat":34,"lon":-63.7,"wind_kt":90,"pressure_mb":null,"radius_34kt_nm":null},{"date":"18581024","time":"1800","status":"HU","lat":35.5,"lon":-62.7,"wind_kt":90,"pressure_mb":null,"radius_34kt_nm":null},{"date":"18581025","time":"0000","status":"HU","lat":37,"lon":-61.7,"wind_kt":80,"pressure_mb":null,"radius_34kt_nm":null},{"date":"18581025","time":"0600","status":"HU","lat":38.5,"lon":-60.7,"wind_kt":80,"pressure_mb":null,"radius_34kt_nm":null},{"date":"18581025","time":"1200","status":"HU","lat":40,"lon":-59.7,"wind_kt":70,"pressure_mb":null,"radius_34kt_nm":null},{"date":"18581025","time":"1800","status":"HU","lat":41.2,"lon":-58.5,"wind_kt":70,"pressure_mb":null,"radius_34kt_nm":null},{"date":"18581026","time":"0000","status":"TS","lat":42.2,"lon":-57.3,"wind_kt":60,"pressure_mb":null,"radius_34kt_nm":null},{"date":"18581026","time":"0600","status":"TS","lat":43.2,"lon":-56,"wind_kt":60,"pressure_mb":null,"radius_34kt_nm":null}]}},{"type":"Feature","geometry":{"type":"LineString","coordinates":[[-97.5,21.5]]},"properties":{"id":"hur-al011859","event_type":"hurricane","name":null,"year":1859,"max_wind_kt":90,"min_pressure_mb":null,"category":2,"preliminary":false,"start_date":"18590701","end_date":"18590701","track":[{"date":"18590701","time":"1200","status":"HU","lat":21.5,"lon":-97.5,"wind_kt":90,"pressure_mb":null,"radius_34kt_nm":null}]}},{"type":"Feature","geometry":{"type":"LineString","coordinates":[[-67,38.5],[-66,39.5],[-65,40.2],[-64,40.7],[-62.9,41],[-61.6,41.4],[-60.2,41.7],[-59,41.8],[-58,41.9],[-57.3,42],[-56.8,42],[-56.5,42]]},"properties":{"id":"hur-al021859","event_type":"hurricane","name":null,"year":1859,"max_wind_kt":90,"min_pressure_mb":null,"category":2,"preliminary":false,"start_date":"18590817","end_date":"18590819","track":[{"date":"18590817","time":"0000","status":"HU","lat":38.5,"lon":-67,"wind_kt":90,"pressure_mb":null,"radius_34kt_nm":null},{"date":"18590817","time":"0600","status":"HU","lat":39.5,"lon":-66,"wind_kt":90,"pressure_mb":null,"radius_34kt_nm":null},{"date":"18590817","time":"1200","status":"HU","lat":40.2,"lon":-65,"wind_kt":90,"pressure_mb":null,"radius_34kt_nm":null},{"date":"18590817","time":"1800","status":"HU","lat":40.7,"lon":-64,"wind_kt":90,"pressure_mb":null,"radius_34kt_nm":null},{"date":"18590818","time":"0000","status":"HU","lat":41,"lon":-62.9,"wind_kt":90,"pressure_mb":null,"radius_34kt_nm":null},{"date":"18590818","time":"0600","status":"HU","lat":41.4,"lon":-61.6,"wind_kt":90,"pressure_mb":null,"radius_34kt_nm":null},{"date":"18590818","time":"1200","status":"HU","lat":41.7,"lon":-60.2,"wind_kt":90,"pressure_mb":null,"radius_34kt_nm":null},{"date":"18590818","time":"1800","status":"HU","lat":41.8,"lon":-59,"wind_kt":90,"pressure_mb":null,"radius_34kt_nm":null},{"date":"18590819","time":"0000","status":"HU","lat":41.9,"lon":-58,"wind_kt":90,"pressure_mb":null,"radius_34kt_nm":null},{"date":"18590819","time":"0600","status":"HU","lat":42,"lon":-57.3,"wind_kt":90,"pressure_mb":null,"radius_34kt_nm":null},{"date":"18590819","time":"1200","status":"HU","lat":42,"lon":-56.8,"wind_kt":90,"pressure_mb":null,"radius_34kt_nm":null},{"date":"18590819","time":"1800","status":"HU","lat":42,"lon":-56.5,"wind_kt":90,"pressure_mb":null,"radius_34kt_nm":null}]}},{"type":"Feature","geometry":{"type":"LineString","coordinates":[[-59.7,17.3],[-60.7,17.4],[-61.8,17.5],[-63,17.5],[-64.1,17.4],[-65.4,17.3]]},"properties":{"id":"hur-al031859","event_type":"hurricane","name":null,"year":1859,"max_wind_kt":70,"min_pressure_mb":null,"category":1,"preliminary":false,"start_date":"18590902","end_date":"18590903","track":[{"date":"18590902","time":"0000","status":"HU","lat":17.3,"lon":-59.7,"wind_kt":70,"pressure_mb":null,"radius_34kt_nm":null},{"date":"18590902","time":"0600","status":"HU","lat":17.4,"lon":-60.7,"wind_kt":70,"pressure_mb":null,"radius_34kt_nm":null},{"date":"18590902","time":"1200","status":"HU","lat":17.5,"lon":-61.8,"wind_kt":70,"pressure_mb":null,"radius_34kt_nm":null},{"date":"18590902","time":"1800","status":"HU","lat":17.5,"lon":-63,"wind_kt":70,"pressure_mb":null,"radius_34kt_nm":null},{"date":"18590903","time":"0000","status":"HU","lat":17.4,"lon":-64.1,"wind_kt":70,"pressure_mb":null,"radius_34kt_nm":null},{"date":"18590903","time":"0600","status":"HU","lat":17.3,"lon":-65.4,"wind_kt":70,"pressure_mb":null,"radius_34kt_nm":null}]}},{"type":"Feature","geometry":{"type":"LineString","coordinates":[[-57.5,35.5],[-54.5,37],[-52,39],[-50,41.5],[-48.5,43],[-46.5,45.5],[-43.5,49]]},"properties":{"id":"hur-al041859","event_type":"hurricane","name":null,"year":1859,"max_wind_kt":90,"min_pressure_mb":null,"category":2,"preliminary":false,"start_date":"18590912","end_date":"18590913","track":[{"date":"18590912","time":"0600","status":"HU","lat":35.5,"lon":-57.5,"wind_kt":90,"pressure_mb":null,"radius_34kt_nm":null},{"date":"18590912","time":"1200","status":"HU","lat":37,"lon":-54.5,"wind_kt":90,"pressure_mb":null,"radius_34kt_nm":null},{"date":"18590912","time":"1800","status":"HU","lat":39,"lon":-52,"wind_kt":90,"pressure_mb":null,"radius_34kt_nm":null},{"date":"18590913","time":"0000","status":"HU","lat":41.5,"lon":-50,"wind_kt":80,"pressure_mb":null,"radius_34kt_nm":null},{"date":"18590913","time":"0600","status":"HU","lat":43,"lon":-48.5,"wind_kt":80,"pressure_mb":null,"radius_34kt_nm":null},{"date":"18590913","time":"1200","status":"HU","lat":45.5,"lon":-46.5,"wind_kt":70,"pressure_mb":null,"radius_34kt_nm":null},{"date":"18590913","time":"1800","status":"HU","lat":49,"lon":-43.5,"wind_kt":70,"pressure_mb":null,"radius_34kt_nm":null}]}},{"type":"Feature","geometry":{"type":"LineString","coordinates":[[-89,28],[-89,28.5],[-88.9,29],[-88.6,29.6],[-88.1,30.3],[-87.5,31.1],[-86.8,32],[-84.8,33.1],[-82.5,34.3],[-80,35.6],[-77.5,37],[-74.5,38.5],[-71,40],[-66.5,41.2],[-61,42],[-55,42.5]]},"properties":{"id":"hur-al051859","event_type":"hurricane","name":null,"year":1859,"max_wind_kt":70,"min_pressure_mb":null,"category":1,"preliminary":false,"start_date":"18590915","end_date":"18590918","track":[{"date":"18590915","time":"0000","status":"HU","lat":28,"lon":-89,"wind_kt":70,"pressure_mb":null,"radius_34kt_nm":null},{"date":"18590915","time":"0600","status":"HU","lat":28.5,"lon":-89,"wind_kt":70,"pressure_mb":null,"radius_34kt_nm":null},{"date":"18590915","time":"1200","status":"HU","lat":29,"lon":-88.9,"wind_kt":70,"pressure_mb":null,"radius_34kt_nm":null},{"date":"18590915","time":"1800","status":"HU","lat":29.6,"lon":-88.6,"wind_kt":70,"pressure_mb":null,"radius_34kt_nm":null},{"date":"18590916","time":"0000","status":"HU","lat":30.3,"lon":-88.1,"wind_kt":70,"pressure_mb":null,"radius_34kt_nm":null},{"date":"18590916","time":"0600","status":"TS","lat":31.1,"lon":-87.5,"wind_kt":50,"pressure_mb":null,"radius_34kt_nm":null},{"date":"18590916","time":"1200","status":"TS","lat":32,"lon":-86.8,"wind_kt":40,"pressure_mb":null,"radius_34kt_nm":null},{"date":"18590916","time":"1800","status":"TS","lat":33.1,"lon":-84.8,"wind_kt":40,"pressure_mb":null,"radius_34kt_nm":null},{"date":"18590917","time":"0000","status":"TS","lat":34.3,"lon":-82.5,"wind_kt":40,"pressure_mb":null,"radius_34kt_nm":null},{"date":"18590917","time":"0600","status":"TS","lat":35.6,"lon":-80,"wind_kt":40,"pressure_mb":null,"radius_34kt_nm":null},{"date":"18590917","time":"1200","status":"TS","lat":37,"lon":-77.5,"wind_kt":50,"pressure_mb":null,"radius_34kt_nm":null},{"date":"18590917","time":"1800","status":"TS","lat":38.5,"lon":-74.5,"wind_kt":60,"pressure_mb":null,"radius_34kt_nm":null},{"date":"18590918","time":"0000","status":"HU","lat":40,"lon":-71,"wind_kt":70,"pressure_mb":null,"radius_34kt_nm":null},{"date":"18590918","time":"0600","status":"HU","lat":41.2,"lon":-66.5,"wind_kt":70,"pressure_mb":null,"radius_34kt_nm":null},{"date":"18590918","time":"1200","status":"HU","lat":42,"lon":-61,"wind_kt":70,"pressure_mb":null,"radius_34kt_nm":null},{"date":"18590918","time":"1800","status":"HU","lat":42.5,"lon":-55,"wind_kt":70,"pressure_mb":null,"radius_34kt_nm":null}]}},{"type":"Feature","geometry":{"type":"LineString","coordinates":[[-75.4,17.5],[-75.1,18.2],[-75,19.1],[-74.8,20.1],[-74.4,21.2],[-74.1,22.2],[-73.8,23.2],[-73.4,24.5],[-72.9,26],[-72.4,27.5],[-72,28.8],[-71.5,30.4],[-70.8,32.4],[-70.1,34.5],[-69.5,36.5],[-68.6,38],[-67.4,39.5],[-66.1,40.9],[-64,42.5],[-61,44.5]]},"properties":{"id":"hur-al061859","event_type":"hurricane","name":null,"year":1859,"max_wind_kt":110,"min_pressure_mb":938,"category":3,"preliminary":false,"start_date":"18591002","end_date":"18591006","track":[{"date":"18591002","time":"0000","status":"HU","lat":17.5,"lon":-75.4,"wind_kt":80,"pressure_mb":null,"radius_34kt_nm":null},{"date":"18591002","time":"0600","status":"HU","lat":18.2,"lon":-75.1,"wind_kt":80,"pressure_mb":null,"radius_34kt_nm":null},{"date":"18591002","time":"1200","status":"HU","lat":19.1,"lon":-75,"wind_kt":80,"pressure_mb":null,"radius_34kt_nm":null},{"date":"18591002","time":"1800","status":"HU","lat":20.1,"lon":-74.8,"wind_kt":80,"pressure_mb":null,"radius_34kt_nm":null},{"date":"18591003","time":"0000","status":"HU","lat":21.2,"lon":-74.4,"wind_kt":80,"pressure_mb":null,"radius_34kt_nm":null},{"date":"18591003","time":"0600","status":"HU","lat":22.2,"lon":-74.1,"wind_kt":80,"pressure_mb":null,"radius_34kt_nm":null},{"date":"18591003","time":"1200","status":"HU","lat":23.2,"lon":-73.8,"wind_kt":90,"pressure_mb":null,"radius_34kt_nm":null},{"date":"18591003","time":"1800","status":"HU","lat":24.5,"lon":-73.4,"wind_kt":90,"pressure_mb":null,"radius_34kt_nm":null},{"date":"18591004","time":"0000","status":"HU","lat":26,"lon":-72.9,"wind_kt":100,"pressure_mb":null,"radius_34kt_nm":null},{"date":"18591004","time":"0600","status":"HU","lat":27.5,"lon":-72.4,"wind_kt":100,"pressure_mb":null,"radius_34kt_nm":null},{"date":"18591004","time":"1200","status":"HU","lat":28.8,"lon":-72,"wind_kt":110,"pressure_mb":null,"radius_34kt_nm":null},{"date":"18591004","time":"1800","status":"HU","lat":30.4,"lon":-71.5,"wind_kt":110,"pressure_mb":null,"radius_34kt_nm":null},{"date":"18591005","time":"0000","status":"HU","lat":32.4,"lon":-70.8,"wind_kt":110,"pressure_mb":null,"radius_34kt_nm":null},{"date":"18591005","time":"0600","status":"HU","lat":34.5,"lon":-70.1,"wind_kt":110,"pressure_mb":null,"radius_34kt_nm":null},{"date":"18591005","time":"1200","status":"HU","lat":36.5,"lon":-69.5,"wind_kt":110,"pressure_mb":null,"radius_34kt_nm":null},{"date":"18591005","time":"1800","status":"HU","lat":38,"lon":-68.6,"wind_kt":110,"pressure_mb":null,"radius_34kt_nm":null},{"date":"18591006","time":"0000","status":"HU","lat":39.5,"lon":-67.4,"wind_kt":110,"pressure_mb":null,"radius_34kt_nm":null},{"date":"18591006","time":"0600","status":"HU","lat":40.9,"lon":-66.1,"wind_kt":110,"pressure_mb":null,"radius_34kt_nm":null},{"date":"18591006","time":"1200","status":"HU","lat":42.5,"lon":-64,"wind_kt":110,"pressure_mb":938,"radius_34kt_nm":null},{"date":"18591006","time":"1800","status":"HU","lat":44.5,"lon":-61,"wind_kt":110,"pressure_mb":null,"radius_34kt_nm":null}]}},{"type":"Feature","geometry":{"type":"LineString","coordinates":[[-75.1,25.1],[-75.5,25.2],[-76,25.2],[-76.6,25.5],[-77.6,25.8],[-78.5,26],[-79.5,26.2],[-80.1,26.4],[-80.5,26.5],[-81.3,26.8],[-81.8,27.2]]},"properties":{"id":"hur-al071859","event_type":"hurricane","name":null,"year":1859,"max_wind_kt":60,"min_pressure_mb":null,"category":0,"preliminary":false,"start_date":"18591016","end_date":"18591018","track":[{"date":"18591016","time":"0000","status":"TS","lat":25.1,"lon":-75.1,"wind_kt":60,"pressure_mb":null,"radius_34kt_nm":null},{"date":"18591016","time":"0600","status":"TS","lat":25.2,"lon":-75.5,"wind_kt":60,"pressure_mb":null,"radius_34kt_nm":null},{"date":"18591016","time":"1200","status":"TS","lat":25.2,"lon":-76,"wind_kt":60,"pressure_mb":null,"radius_34kt_nm":null},{"date":"18591016","time":"1800","status":"TS","lat":25.5,"lon":-76.6,"wind_kt":60,"pressure_mb":null,"radius_34kt_nm":null},{"date":"18591017","time":"0000","status":"TS","lat":25.8,"lon":-77.6,"wind_kt":60,"pressure_mb":null,"radius_34kt_nm":null},{"date":"18591017","time":"0600","status":"TS","lat":26,"lon":-78.5,"wind_kt":60,"pressure_mb":null,"radius_34kt_nm":null},{"date":"18591017","time":"1200","status":"TS","lat":26.2,"lon":-79.5,"wind_kt":60,"pressure_mb":null,"radius_34kt_nm":null},{"date":"18591017","time":"1600","status":"TS","lat":26.4,"lon":-80.1,"wind_kt":60,"pressure_mb":null,"radius_34kt_nm":null},{"date":"18591017","time":"1800","status":"TS","lat":26.5,"lon":-80.5,"wind_kt":50,"pressure_mb":null,"radius_34kt_nm":null},{"date":"18591018","time":"0000","status":"TS","lat":26.8,"lon":-81.3,"wind_kt":40,"pressure_mb":null,"radius_34kt_nm":null},{"date":"18591018","time":"0600","status":"TS","lat":27.2,"lon":-81.8,"wind_kt":40,"pressure_mb":null,"radius_34kt_nm":null}]}},{"type":"Feature","geometry":{"type":"LineString","coordinates":[[-93.3,20.2],[-93.3,20.3],[-93.3,20.4],[-93.2,20.6],[-93.2,20.7],[-93.2,20.8],[-93.1,21],[-93,21.2],[-92.9,21.4],[-92.8,21.6],[-92.6,21.8],[-92.5,22],[-92.1,22.3],[-91.7,22.5],[-91,23.1],[-90,23.9],[-88.7,24.8],[-87.1,25.7],[-85,26.7],[-82.8,27.7],[-79.2,29.2],[-75.2,30.3],[-69.9,31.7],[-63.5,32.7]]},"properties":{"id":"hur-al081859","event_type":"hurricane","name":null,"year":1859,"max_wind_kt":80,"min_pressure_mb":989,"category":1,"preliminary":false,"start_date":"18591024","end_date":"18591029","track":[{"date":"18591024","time":"0000","status":"TS","lat":20.2,"lon":-93.3,"wind_kt":40,"pressure_mb":null,"radius_34kt_nm":null},{"date":"18591024","time":"0600","status":"TS","lat":20.3,"lon":-93.3,"wind_kt":40,"pressure_mb":null,"radius_34kt_nm":null},{"date":"18591024","time":"1200","status":"TS","lat":20.4,"lon":-93.3,"wind_kt":40,"pressure_mb":null,"radius_34kt_nm":null},{"date":"18591024","time":"1800","status":"TS","lat":20.6,"lon":-93.2,"wind_kt":40,"pressure_mb":null,"radius_34kt_nm":null},{"date":"18591025","time":"0000","status":"TS","lat":20.7,"lon":-93.2,"wind_kt":40,"pressure_mb":null,"radius_34kt_nm":null},{"date":"18591025","time":"0600","status":"TS","lat":20.8,"lon":-93.2,"wind_kt":50,"pressure_mb":null,"radius_34kt_nm":null},{"date":"18591025","time":"1200","status":"TS","lat":21,"lon":-93.1,"wind_kt":50,"pressure_mb":null,"radius_34kt_nm":null},{"date":"18591025","time":"1800","status":"TS","lat":21.2,"lon":-93,"wind_kt":50,"pressure_mb":null,"radius_34kt_nm":null},{"date":"18591026","time":"0000","status":"TS","lat":21.4,"lon":-92.9,"wind_kt":60,"pressure_mb":null,"radius_34kt_nm":null},{"date":"18591026","time":"0600","status":"TS","lat":21.6,"lon":-92.8,"wind_kt":60,"pressure_mb":null,"radius_34kt_nm":null},{"date":"18591026","time":"1200","status":"HU","lat":21.8,"lon":-92.6,"wind_kt":70,"pressure_mb":null,"radius_34kt_nm":null},{"date":"18591026","time":"1800","status":"HU","lat":22,"lon":-92.5,"wind_kt":80,"pressure_mb":null,"radius_34kt_nm":null},{"date":"18591027","time":"0000","status":"HU","lat":22.3,"lon":-92.1,"wind_kt":80,"pressure_mb":null,"radius_34kt_nm":null},{"date":"18591027","time":"0600","status":"HU","lat":22.5,"lon":-91.7,"wind_kt":80,"pressure_mb":null,"radius_34kt_nm":null},{"date":"18591027","time":"1200","status":"HU","lat":23.1,"lon":-91,"wind_kt":80,"pressure_mb":null,"radius_34kt_nm":null},{"date":"18591027","time":"1800","status":"HU","lat":23.9,"lon":-90,"wind_kt":80,"pressure_mb":null,"radius_34kt_nm":null},{"date":"18591028","time":"0000","status":"HU","lat":24.8,"lon":-88.7,"wind_kt":80,"pressure_mb":null,"radius_34kt_nm":null},{"date":"18591028","time":"0600","status":"HU","lat":25.7,"lon":-87.1,"wind_kt":80,"pressure_mb":null,"radius_34kt_nm":null},{"date":"18591028","time":"1200","status":"HU","lat":26.7,"lon":-85,"wind_kt":80,"pressure_mb":null,"radius_34kt_nm":null},{"date":"18591028","time":"1800","status":"HU","lat":27.7,"lon":-82.8,"wind_kt":80,"pressure_mb":null,"radius_34kt_nm":null},{"date":"18591029","time":"0000","status":"HU","lat":29.2,"lon":-79.2,"wind_kt":70,"pressure_mb":989,"radius_34kt_nm":null},{"date":"18591029","time":"0600","status":"EX","lat":30.3,"lon":-75.2,"wind_kt":60,"pressure_mb":null,"radius_34kt_nm":null},{"date":"18591029","time":"1200","status":"EX","lat":31.7,"lon":-69.9,"wind_kt":50,"pressure_mb":null,"radius_34kt_nm":null},{"date":"18591029","time":"1800","status":"EX","lat":32.7,"lon":-63.5,"wind_kt":40,"pressure_mb":null,"radius_34kt_nm":null}]}}]}