{"type":"FeatureCollection","features":[{"type":"Feature","geometry":{"type":"LineString","coordinates":[[-88,30.5]]},"properties":{"id":"hur-al011870","event_type":"hurricane","name":null,"year":1870,"max_wind_kt":70,"min_pressure_mb":null,"category":1,"preliminary":false,"start_date":"18700730","end_date":"18700730","track":[{"date":"18700730","time":"1800","status":"HU","lat":30.5,"lon":-88,"wind_kt":70,"pressure_mb":null,"radius_34kt_nm":null}]}},{"type":"Feature","geometry":{"type":"LineString","coordinates":[[-59.5,21.7],[-60.3,22.4],[-61,23],[-61.8,23.7],[-62.6,24.4],[-63.3,25.2],[-64.1,25.9],[-65.1,26.8],[-66.1,27.7],[-67.1,28.6],[-68,29.3],[-68.6,30.1],[-69.5,31.1],[-70.1,32],[-71,33],[-71.5,34],[-71.6,35.4],[-71.3,37],[-70.8,38.7],[-68.8,40.5],[-66.3,42.5],[-63.3,44],[-59.6,45.4],[-55.5,46.3]]},"properties":{"id":"hur-al021870","event_type":"hurricane","name":null,"year":1870,"max_wind_kt":90,"min_pressure_mb":null,"category":2,"preliminary":false,"start_date":"18700830","end_date":"18700904","track":[{"date":"18700830","time":"0000","status":"TS","lat":21.7,"lon":-59.5,"wind_kt":50,"pressure_mb":null,"radius_34kt_nm":null},{"date":"18700830","time":"0600","status":"TS","lat":22.4,"lon":-60.3,"wind_kt":50,"pressure_mb":null,"radius_34kt_nm":null},{"date":"18700830","time":"1200","status":"TS","lat":23,"lon":-61,"wind_kt":50,"pressure_mb":null,"radius_34kt_nm":null},{"date":"18700830","time":"1800","status":"TS","lat":23.7,"lon":-61.8,"wind_kt":50,"pressure_mb":null,"radius_34kt_nm":null},{"date":"18700831","time":"0000","status":"TS","lat":24.4,"lon":-62.6,"wind_kt":60,"pressure_mb":null,"radius_34kt_nm":null},{"date":"18700831","time":"0600","status":"TS","lat":25.2,"lon":-63.3,"wind_kt":60,"pressure_mb":null,"radius_34kt_nm":null},{"date":"18700831","time":"1200","status":"HU","lat":25.9,"lon":-64.1,"wind_kt":70,"pressure_mb":null,"radius_34kt_nm":null},{"date":"18700831","time":"1800","status":"HU","lat":26.8,"lon":-65.1,"wind_kt":70,"pressure_mb":null,"radius_34kt_nm":null},{"date":"18700901","time":"0000","status":"HU","lat":27.7,"lon":-66.1,"wind_kt":80,"pressure_mb":null,"radius_34kt_nm":null},{"date":"18700901","time":"0600","status":"HU","lat":28.6,"lon":-67.1,"wind_kt":80,"pressure_mb":null,"radius_34kt_nm":null},{"date":"18700901","time":"1200","status":"HU","lat":29.3,"lon":-68,"wind_kt":80,"pressure_mb":null,"radius_34kt_nm":null},{"date":"18700901","time":"1800","status":"HU","lat":30.1,"lon":-68.6,"wind_kt":80,"pressure_mb":null,"radius_34kt_nm":null},{"date":"18700902","time":"0000","status":"HU","lat":31.1,"lon":-69.5,"wind_kt":90,"pressure_mb":null,"radius_34kt_nm":null},{"date":"18700902","time":"0600","status":"HU","lat":32,"lon":-70.1,"wind_kt":90,"pressure_mb":null,"radius_34kt_nm":null},{"date":"18700902","time":"1200","status":"HU","lat":33,"lon":-71,"wind_kt":90,"pressure_mb":null,"radius_34kt_nm":null},{"date":"18700902","time":"1800","status":"HU","lat":34,"lon":-71.5,"wind_kt":90,"pressure_mb":null,"radius_34kt_nm":null},{"date":"18700903","time":"0000","status":"HU","lat":35.4,"lon":-71.6,"wind_kt":90,"pressure_mb":null,"radius_34kt_nm":null},{"date":"18700903","time":"0600","status":"HU","lat":37,"lon":-71.3,"wind_kt":90,"pressure_mb":null,"radius_34kt_nm":null},{"date":"18700903","time":"1200","status":"HU","lat":38.7,"lon":-70.8,"wind_kt":80,"pressure_mb":null,"radius_34kt_nm":null},{"date":"18700903","time":"1800","status":"HU","lat":40.5,"lon":-68.8,"wind_kt":80,"pressure_mb":null,"radius_34kt_nm":null},{"date":"18700904","time":"0000","status":"HU","lat":42.5,"lon":-66.3,"wind_kt":80,"pressure_mb":null,"radius_34kt_nm":null},{"date":"18700904","time":"0600","status":"HU","lat":44,"lon":-63.3,"wind_kt":80,"pressure_mb":null,"radius_34kt_nm":null},{"date":"18700904","time":"1200","status":"HU","lat":45.4,"lon":-59.6,"wind_kt":70,"pressure_mb":null,"radius_34kt_nm":null},{"date":"18700904","time":"1800","status":"HU","lat":46.3,"lon":-55.5,"wind_kt":70,"pressure_mb":null,"radius_34kt_nm":null}]}},{"type":"Feature","geometry":{"type":"LineString","coordinates":[[-27.6,16],[-29,16.2],[-30.4,16.4],[-32,16.6],[-34,16.7],[-36,17.1],[-38,17.2],[-39.8,17.5],[-41.7,17.7],[-43.7,18],[-45.7,18.2],[-47.3,18.4],[-49,18.7],[-50.9,19],[-53,19.2],[-55,19.7]]},"properties":{"id":"hur-al031870","event_type":"hurricane","name":null,"year":1870,"max_wind_kt":60,"min_pressure_mb":1004,"category":0,"preliminary":false,"start_date":"18700901","end_date":"18700904","track":[{"date":"18700901","time":"0000","status":"TS","lat":16,"lon":-27.6,"wind_kt":50,"pressure_mb":null,"radius_34kt_nm":null},{"date":"18700901","time":"0600","status":"TS","lat":16.2,"lon":-29,"wind_kt":50,"pressure_mb":null,"radius_34kt_nm":null},{"date":"18700901","time":"1200","status":"TS","lat":16.4,"lon":-30.4,"wind_kt":60,"pressure_mb":null,"radius_34kt_nm":null},{"date":"18700901","time":"1800","status":"TS","lat":16.6,"lon":-32,"wind_kt":60,"pressure_mb":null,"radius_34kt_nm":null},{"date":"18700902","time":"0000","status":"TS","lat":16.7,"lon":-34,"wind_kt":60,"pressure_mb":null,"radius_34kt_nm":null},{"date":"18700902","time":"0600","status":"TS","lat":17.1,"lon":-36,"wind_kt":60,"pressure_mb":null,"radius_34kt_nm":null},{"date":"18700902","time":"1200","status":"TS","lat":17.2,"lon":-38,"wind_kt":60,"pressure_mb":null,"radius_34kt_nm":null},{"date":"18700902","time":"1800","status":"TS","lat":17.5,"lon":-39.8,"wind_kt":60,"pressure_mb":null,"radius_34kt_nm":null},{"date":"18700903","time":"0000","status":"TS","lat":17.7,"lon":-41.7,"wind_kt":50,"pressure_mb":null,"radius_34kt_nm":null},{"date":"18700903","time":"0600","status":"TS","lat":18,"lon":-43.7,"wind_kt":50,"pressure_mb":null,"radius_34kt_nm":null},{"date":"18700903","time":"1200","status":"TS","lat":18.2,"lon":-45.7,"wind_kt":50,"pressure_mb":null,"radius_34kt_nm":null},{"date":"18700903","time":"1800","status":"TS","lat":18.4,"lon":-47.3,"wind_kt":50,"pressure_mb":null,"radius_34kt_nm":null},{"date":"18700904","time":"0000","status":"TS","lat":18.7,"lon":-49,"wind_kt":40,"pressure_mb":null,"radius_34kt_nm":null},{"date":"18700904","time":"0600","status":"TS","lat":19,"lon":-50.9,"wind_kt":40,"pressure_mb":null,"radius_34kt_nm":null},{"date":"18700904","time":"1200","status":"TS","lat":19.2,"lon":-53,"wind_kt":40,"pressure_mb":1004,"radius_34kt_nm":null},{"date":"18700904","time":"1800","status":"TS","lat":19.7,"lon":-55,"wind_kt":40,"pressure_mb":null,"radius_34kt_nm":null}]}},{"type":"Feature","geometry":{"type":"LineString","coordinates":[[-64,24.2],[-64.4,25.1],[-65,26],[-65.6,27.1],[-66.3,28.7],[-66.6,30.5],[-66.3,32.5],[-65.4,33.9],[-64.1,35.4],[-62.6,36.8],[-61.2,38],[-59.4,39.7],[-57.4,41.5],[-55.4,43.5],[-53,45],[-51,46],[-48.2,47],[-45,47.8],[-42,48.4],[-39,49]]},"properties":{"id":"hur-al041870","event_type":"hurricane","name":null,"year":1870,"max_wind_kt":110,"min_pressure_mb":948,"category":3,"preliminary":false,"start_date":"18700909","end_date":"18700913","track":[{"date":"18700909","time":"0000","status":"HU","lat":24.2,"lon":-64,"wind_kt":70,"pressure_mb":null,"radius_34kt_nm":null},{"date":"18700909","time":"0600","status":"HU","lat":25.1,"lon":-64.4,"wind_kt":70,"pressure_mb":null,"radius_34kt_nm":null},{"date":"18700909","time":"1200","status":"HU","lat":26,"lon":-65,"wind_kt":80,"pressure_mb":null,"radius_34kt_nm":null},{"date":"18700909","time":"1800","status":"HU","lat":27.1,"lon":-65.6,"wind_kt":80,"pressure_mb":null,"radius_34kt_nm":null},{"date":"18700910","time":"0000","status":"HU","lat":28.7,"lon":-66.3,"wind_kt":90,"pressure_mb":null,"radius_34kt_nm":null},{"date":"18700910","time":"0600","status":"HU","lat":30.5,"lon":-66.6,"wind_kt":90,"pressure_mb":null,"radius_34kt_nm":null},{"date":"18700910","time":"1200","status":"HU","lat":32.5,"lon":-66.3,"wind_kt":100,"pressure_mb":null,"radius_34kt_nm":null},{"date":"18700910","time":"1800","status":"HU","lat":33.9,"lon":-65.4,"wind_kt":100,"pressure_mb":null,"radius_34kt_nm":null},{"date":"18700911","time":"0000","status":"HU","lat":35.4,"lon":-64.1,"wind_kt":110,"pressure_mb":null,"radius_34kt_nm":null},{"date":"18700911","time":"0600","status":"HU","lat":36.8,"lon":-62.6,"wind_kt":110,"pressure_mb":null,"radius_34kt_nm":null},{"date":"18700911","time":"1200","status":"HU","lat":38,"lon":-61.2,"wind_kt":110,"pressure_mb":null,"radius_34kt_nm":null},{"date":"18700911","time":"1800","status":"HU","lat":39.7,"lon":-59.4,"wind_kt":110,"pressure_mb":null,"radius_34kt_nm":null},{"date":"18700912","time":"0000","status":"HU","lat":41.5,"lon":-57.4,"wind_kt":100,"pressure_mb":948,"radius_34kt_nm":null},{"date":"18700912","time":"0600","status":"HU","lat":43.5,"lon":-55.4,"wind_kt":100,"pressure_mb":null,"radius_34kt_nm":null},{"date":"18700912","time":"1200","status":"HU","lat":45,"lon":-53,"wind_kt":90,"pressure_mb":null,"radius_34kt_nm":null},{"date":"18700912","time":"1800","status":"HU","lat":46,"lon":-51,"wind_kt":90,"pressure_mb":null,"radius_34kt_nm":null},{"date":"18700913","time":"0000","status":"EX","lat":47,"lon":-48.2,"wind_kt":80,"pressure_mb":null,"radius_34kt_nm":null},{"date":"18700913","time":"0600","status":"EX","lat":47.8,"lon":-45,"wind_kt":80,"pressure_mb":null,"radius_34kt_nm":null},{"date":"18700913","time":"1200","status":"EX","lat":48.4,"lon":-42,"wind_kt":70,"pressure_mb":null,"radius_34kt_nm":null},{"date":"18700913","time":"1800","status":"EX","lat":49,"lon":-39,"wind_kt":70,"pressure_mb":null,"radius_34kt_nm":null}]}},{"type":"Feature","geometry":{"type":"LineString","coordinates":[[-68.1,30.2],[-68.6,31],[-69,31.9],[-69.5,33],[-69.8,34.3],[-69.5,35.9],[-69,37.3],[-67.1,39.3],[-64.1,40.8],[-60.9,41.8],[-57.4,42.8],[-53,44.5],[-47.7,47],[-41.9,49.5],[-37,52.1],[-33.7,55]]},"properties":{"id":"hur-al051870","event_type":"hurricane","name":null,"year":1870,"max_wind_kt":80,"min_pressure_mb":969,"category":1,"preliminary":false,"start_date":"18700917","end_date":"18700920","track":[{"date":"18700917","time":"0000","status":"HU","lat":30.2,"lon":-68.1,"wind_kt":80,"pressure_mb":null,"radius_34kt_nm":null},{"date":"18700917","time":"0600","status":"HU","lat":31,"lon":-68.6,"wind_kt":80,"pressure_mb":null,"radius_34kt_nm":null},{"date":"18700917","time":"1200","status":"HU","lat":31.9,"lon":-69,"wind_kt":80,"pressure_mb":null,"radius_34kt_nm":null},{"date":"18700917","time":"1800","status":"HU","lat":33,"lon":-69.5,"wind_kt":80,"pressure_mb":null,"radius_34kt_nm":null},{"date":"18700918","time":"0000","status":"HU","lat":34.3,"lon":-69.8,"wind_kt":80,"pressure_mb":null,"radius_34kt_nm":null},{"date":"18700918","time":"0600","status":"HU","lat":35.9,"lon":-69.5,"wind_kt":80,"pressure_mb":null,"radius_34kt_nm":null},{"date":"18700918","time":"1200","status":"HU","lat":37.3,"lon":-69,"wind_kt":80,"pressure_mb":null,"radius_34kt_nm":null},{"date":"18700918","time":"1800","status":"HU","lat":39.3,"lon":-67.1,"wind_kt":80,"pressure_mb":null,"radius_34kt_nm":null},{"date":"18700919","time":"0000","status":"HU","lat":40.8,"lon":-64.1,"wind_kt":80,"pressure_mb":969,"radius_34kt_nm":null},{"date":"18700919","time":"0600","status":"HU","lat":41.8,"lon":-60.9,"wind_kt":80,"pressure_mb":null,"radius_34kt_nm":null},{"date":"18700919","time":"1200","status":"HU","lat":42.8,"lon":-57.4,"wind_kt":70,"pressure_mb":null,"radius_34kt_nm":null},{"date":"18700919","time":"1800","status":"HU","lat":44.5,"lon":-53,"wind_kt":70,"pressure_mb":null,"radius_34kt_nm":null},{"date":"18700920","time":"0000","status":"EX","lat":47,"lon":-47.7,"wind_kt":70,"pressure_mb":null,"radius_34kt_nm":null},{"date":"18700920","time":"0600","status":"EX","lat":49.5,"lon":-41.9,"wind_kt":70,"pressure_mb":null,"radius_34kt_nm":null},{"date":"18700920","time":"1200","status":"EX","lat":52.1,"lon":-37,"wind_kt":70,"pressure_mb":null,"radius_34kt_nm":null},{"date":"18700920","time":"1800","status":"EX","lat":55,"lon":-33.7,"wind_kt":70,"pressure_mb":null,"radius_34kt_nm":null}]}},{"type":"Feature","geometry":{"type":"LineString","coordinates":[[-74,17.5],[-75,18.1],[-76,18.7],[-77,19.1],[-78,19.5],[-79.1,20],[-80,20.5],[-80.4,21],[-80.9,21.4],[-81.3,21.7],[-81.6,22.1],[-81.9,22.4],[-82.1,22.7],[-82.1,23.1],[-82,23.4],[-81.9,23.7],[-81.8,23.9],[-81.6,24.1],[-81.4,24.2],[-81.1,24.4],[-81,24.5],[-80.8,24.6],[-80.6,24.7],[-80.3,24.9],[-80,25.1],[-79.8,25.2],[-79.5,25.5],[-79,25.8],[-78.6,26.2],[-78.1,26.5],[-77.6,26.8],[-77,27.3],[-76.3,27.8],[-75.6,28.3],[-74.9,28.9],[-74,29.5],[-72.9,30.1],[-71.8,30.7],[-70.5,31.4],[-69.1,32.2]]},"properties":{"id":"hur-al061870","event_type":"hurricane","name":null,"year":1870,"max_wind_kt":100,"min_pressure_mb":959,"category":3,"preliminary":false,"start_date":"18701005","end_date":"18701014","track":[{"date":"18701005","time":"0000","status":"TS","lat":17.5,"lon":-74,"wind_kt":40,"pressure_mb":null,"radius_34kt_nm":null},{"date":"18701005","time":"0600","status":"TS","lat":18.1,"lon":-75,"wind_kt":40,"pressure_mb":null,"radius_34kt_nm":null},{"date":"18701005","time":"1200","status":"TS","lat":18.7,"lon":-76,"wind_kt":50,"pressure_mb":null,"radius_34kt_nm":null},{"date":"18701005","time":"1800","status":"TS","lat":19.1,"lon":-77,"wind_kt":50,"pressure_mb":null,"radius_34kt_nm":null},{"date":"18701006","time":"0000","status":"TS","lat":19.5,"lon":-78,"wind_kt":60,"pressure_mb":null,"radius_34kt_nm":null},{"date":"18701006","time":"0600","status":"TS","lat":20,"lon":-79.1,"wind_kt":60,"pressure_mb":null,"radius_34kt_nm":null},{"date":"18701006","time":"1200","status":"HU","lat":20.5,"lon":-80,"wind_kt":70,"pressure_mb":null,"radius_34kt_nm":null},{"date":"18701006","time":"1800","status":"HU","lat":21,"lon":-80.4,"wind_kt":70,"pressure_mb":null,"radius_34kt_nm":null},{"date":"18701007","time":"0000","status":"HU","lat":21.4,"lon":-80.9,"wind_kt":80,"pressure_mb":null,"radius_34kt_nm":null},{"date":"18701007","time":"0600","status":"HU","lat":21.7,"lon":-81.3,"wind_kt":90,"pressure_mb":null,"radius_34kt_nm":null},{"date":"18701007","time":"1200","status":"HU","lat":22.1,"lon":-81.6,"wind_kt":100,"pressure_mb":959,"radius_34kt_nm":null},{"date":"18701007","time":"1800","status":"HU","lat":22.4,"lon":-81.9,"wind_kt":100,"pressure_mb":null,"radius_34kt_nm":null},{"date":"18701008","time":"0000","status":"HU","lat":22.7,"lon":-82.1,"wind_kt":90,"pressure_mb":null,"radius_34kt_nm":null},{"date":"18701008","time":"0600","status":"HU","lat":23.1,"lon":-82.1,"wind_kt":80,"pressure_mb":null,"radius_34kt_nm":null},{"date":"18701008","time":"1200","status":"HU","lat":23.4,"lon":-82,"wind_kt":90,"pressure_mb":null,"radius_34kt_nm":null},{"date":"18701008","time":"1800","status":"HU","lat":23.7,"lon":-81.9,"wind_kt":90,"pressure_mb":null,"radius_34kt_nm":null},{"date":"18701009","time":"0000","status":"HU","lat":23.9,"lon":-81.8,"wind_kt":90,"pressure_mb":null,"radius_34kt_nm":null},{"date":"18701009","time":"0600","status":"HU","lat":24.1,"lon":-81.6,"wind_kt":90,"pressure_mb":null,"radius_34kt_nm":null},{"date":"18701009","time":"1200","status":"HU","lat":24.2,"lon":-81.4,"wind_kt":90,"pressure_mb":null,"radius_34kt_nm":null},{"date":"18701009","time":"1800","status":"HU","lat":24.4,"lon":-81.1,"wind_kt":90,"pressure_mb":null,"radius_34kt_nm":null},{"date":"18701010","time":"0000","status":"HU","lat":24.5,"lon":-81,"wind_kt":90,"pressure_mb":null,"radius_34kt_nm":null},{"date":"18701010","time":"0600","status":"HU","lat":24.6,"lon":-80.8,"wind_kt":90,"pressure_mb":null,"radius_34kt_nm":null},{"date":"18701010","time":"1200","status":"HU","lat":24.7,"lon":-80.6,"wind_kt":90,"pressure_mb":null,"radius_34kt_nm":null},{"date":"18701010","time":"1800","status":"HU","lat":24.9,"lon":-80.3,"wind_kt":90,"pressure_mb":null,"radius_34kt_nm":null},{"date":"18701011","time":"0000","status":"HU","lat":25.1,"lon":-80,"wind_kt":90,"pressure_mb":null,"radius_34kt_nm":null},{"date":"18701011","time":"0600","status":"HU","lat":25.2,"lon":-79.8,"wind_kt":90,"pressure_mb":null,"radius_34kt_nm":null},{"date":"18701011","time":"1200","status":"HU","lat":25.5,"lon":-79.5,"wind_kt":90,"pressure_mb":null,"radius_34kt_nm":null},{"date":"18701011","time":"1800","status":"HU","lat":25.8,"lon":-79,"wind_kt":90,"pressure_mb":null,"radius_34kt_nm":null},{"date":"18701012","time":"0000","status":"HU","lat":26.2,"lon":-78.6,"wind_kt":90,"pressure_mb":null,"radius_34kt_nm":null},{"date":"18701012","time":"0600","status":"HU","lat":26.5,"lon":-78.1,"wind_kt":90,"pressure_mb":null,"radius_34kt_nm":null},{"date":"18701012","time":"1200","status":"HU","lat":26.8,"lon":-77.6,"wind_kt":80,"pressure_mb":null,"radius_34kt_nm":null},{"date":"18701012","time":"1800","status":"HU","lat":27.3,"lon":-77,"wind_kt":80,"pressure_mb":null,"radius_34kt_nm":null},{"date":"18701013","time":"0000","status":"HU","lat":27.8,"lon":-76.3,"wind_kt":80,"pressure_mb":null,"radius_34kt_nm":null},{"date":"18701013","time":"0600","status":"HU","lat":28.3,"lon":-75.6,"wind_kt":80,"pressure_mb":null,"radius_34kt_nm":null},{"date":"18701013","time":"1200","status":"HU","lat":28.9,"lon":-74.9,"wind_kt":70,"pressure_mb":null,"radius_34kt_nm":null},{"date":"18701013","time":"1800","status":"HU","lat":29.5,"lon":-74,"wind_kt":70,"pressure_mb":null,"radius_34kt_nm":null},{"date":"18701014","time":"0000","status":"HU","lat":30.1,"lon":-72.9,"wind_kt":70,"pressure_mb":null,"radius_34kt_nm":null},{"date":"18701014","time":"0600","status":"HU","lat":30.7,"lon":-71.8,"wind_kt":70,"pressure_mb":null,"radius_34kt_nm":null},{"date":"18701014","time":"1200","status":"HU","lat":31.4,"lon":-70.5,"wind_kt":70,"pressure_mb":null,"radius_34kt_nm":null},{"date":"18701014","time":"1800","status":"HU","lat":32.2,"lon":-69.1,"wind_kt":70,"pressure_mb":null,"radius_34kt_nm":null}]}},{"type":"Feature","geometry":{"type":"LineString","coordinates":[[-35,12]]},"properties":{"id":"hur-al071870","event_type":"hurricane","name":null,"year":1870,"max_wind_kt":70,"min_pressure_mb":null,"category":1,"preliminary":false,"start_date":"18701007","end_date":"18701007","track":[{"date":"18701007","time":"1200","status":"HU","lat":12,"lon":-35,"wind_kt":70,"pressure_mb":null,"radius_34kt_nm":null}]}},{"type":"Feature","geometry":{"type":"LineString","coordinates":[[-50.5,34],[-48.7,34.5],[-46.7,35.2],[-44,36],[-41,37],[-37,38]]},"properties":{"id":"hur-al081870","event_type":"hurricane","name":null,"year":1870,"max_wind_kt":70,"min_pressure_mb":null,"category":1,"preliminary":false,"start_date":"18701010","end_date":"18701011","track":[{"date":"18701010","time":"0000","status":"HU","lat":34,"lon":-50.5,"wind_kt":70,"pressure_mb":null,"radius_34kt_nm":null},{"date":"18701010","time":"0600","status":"HU","lat":34.5,"lon":-48.7,"wind_kt":70,"pressure_mb":null,"radius_34kt_nm":null},{"date":"18701010","time":"1200","status":"HU","lat":35.2,"lon":-46.7,"wind_kt":70,"pressure_mb":null,"radius_34kt_nm":null},{"date":"18701010","time":"1800","status":"HU","lat":36,"lon":-44,"wind_kt":70,"pressure_mb":null,"radius_34kt_nm":null},{"date":"18701011","time":"0000","status":"HU","lat":37,"lon":-41,"wind_kt":70,"pressure_mb":null,"radius_34kt_nm":null},{"date":"18701011","time":"0600","status":"HU","lat":38,"lon":-37,"wind_kt":70,"pressure_mb":null,"radius_34kt_nm":null}]}},{"type":"Feature","geometry":{"type":"LineString","coordinates":[[-84.1,19.5],[-84,19.9],[-84,20.4],[-83.9,21.1],[-83.7,22],[-83.5,23.1],[-83.1,24.3],[-82.8,24.7],[-82.3,25.5],[-81.8,26],[-81.1,26.7],[-79.7,27.9],[-78.1,29.1],[-76.6,30.3],[-75.4,31.4],[-74,32.5],[-72.6,33.5],[-71.1,34.5]]},"properties":{"id":"hur-al091870","event_type":"hurricane","name":null,"year":1870,"max_wind_kt":90,"min_pressure_mb":null,"category":2,"preliminary":false,"start_date":"18701019","end_date":"18701022","track":[{"date":"18701019","time":"0000","status":"HU","lat":19.5,"lon":-84.1,"wind_kt":90,"pressure_mb":null,"radius_34kt_nm":null},{"date":"18701019","time":"0600","status":"HU","lat":19.9,"lon":-84,"wind_kt":90,"pressure_mb":null,"radius_34kt_nm":null},{"date":"18701019","time":"1200","status":"HU","lat":20.4,"lon":-84,"wind_kt":90,"pressure_mb":null,"radius_34kt_nm":null},{"date":"18701019","time":"1800","status":"HU","lat":21.1,"lon":-83.9,"wind_kt":90,"pressure_mb":null,"radius_34kt_nm":null},{"date":"18701020","time":"0000","status":"HU","lat":22,"lon":-83.7,"wind_kt":90,"pressure_mb":null,"radius_34kt_nm":null},{"date":"18701020","time":"0600","status":"HU","lat":23.1,"lon":-83.5,"wind_kt":80,"pressure_mb":null,"radius_34kt_nm":null},{"date":"18701020","time":"1200","status":"HU","lat":24.3,"lon":-83.1,"wind_kt":80,"pressure_mb":null,"radius_34kt_nm":null},{"date":"18701020","time":"1400","status":"HU","lat":24.7,"lon":-82.8,"wind_kt":80,"pressure_mb":null,"radius_34kt_nm":null},{"date":"18701020","time":"1800","status":"HU","lat":25.5,"lon":-82.3,"wind_kt":80,"pressure_mb":null,"radius_34kt_nm":null},{"date":"18701020","time":"2000","status":"HU","lat":26,"lon":-81.8,"wind_kt":80,"pressure_mb":null,"radius_34kt_nm":null},{"date":"18701021","time":"0000","status":"HU","lat":26.7,"lon":-81.1,"wind_kt":70,"pressure_mb":null,"radius_34kt_nm":null},{"date":"18701021","time":"0600","status":"TS","lat":27.9,"lon":-79.7,"wind_kt":60,"pressure_mb":null,"radius_34kt_nm":null},{"date":"18701021","time":"1200","status":"HU","lat":29.1,"lon":-78.1,"wind_kt":70,"pressure_mb":null,"radius_34kt_nm":null},{"date":"18701021","time":"1800","status":"HU","lat":30.3,"lon":-76.6,"wind_kt":70,"pressure_mb":null,"radius_34kt_nm":null},{"date":"18701022","time":"0000","status":"HU","lat":31.4,"lon":-75.4,"wind_kt":70,"pressure_mb":null,"radius_34kt_nm":null},{"date":"18701022","time":"0600","status":"HU","lat":32.5,"lon":-74,"wind_kt":70,"pressure_mb":null,"radius_34kt_nm":null},{"date":"18701022","time":"1200","status":"HU","lat":33.5,"lon":-72.6,"wind_kt":70,"pressure_mb":null,"radius_34kt_nm":null},{"date":"18701022","time":"1800","status":"HU","lat":34.5,"lon":-71.1,"wind_kt":70,"pressure_mb":null,"radius_34kt_nm":null}]}},{"type":"Feature","geometry":{"type":"LineString","coordinates":[[-72,21]]},"properties":{"id":"hur-al101870","event_type":"hurricane","name":null,"year":1870,"max_wind_kt":90,"min_pressure_mb":null,"category":2,"preliminary":false,"start_date":"18701023","end_date":"18701023","track":[{"date":"18701023","time":"1200","status":"HU","lat":21,"lon":-72,"wind_kt":90,"pressure_mb":null,"radius_34kt_nm":null}]}},{"type":"Feature","geometry":{"type":"LineString","coordinates":[[-85.5,17],[-85.6,17.1],[-86,17.2],[-86.1,17.2],[-86.4,17.4],[-86.6,17.5],[-86.9,17.7],[-87.1,17.7],[-87.6,18],[-87.8,18.2],[-88,18.5],[-88,18.7],[-87.9,19.2],[-87.6,19.7],[-87.4,20.4],[-86.9,21.4],[-86.3,22.2],[-85.6,23],[-85,23.7],[-84,24.2]]},"properties":{"id":"hur-al111870","event_type":"hurricane","name":null,"year":1870,"max_wind_kt":70,"min_pressure_mb":null,"category":1,"preliminary":false,"start_date":"18701030","end_date":"18701103","track":[{"date":"18701030","time":"0000","status":"TS","lat":17,"lon":-85.5,"wind_kt":60,"pressure_mb":null,"radius_34kt_nm":null},{"date":"18701030","time":"0600","status":"TS","lat":17.1,"lon":-85.6,"wind_kt":60,"pressure_mb":null,"radius_34kt_nm":null},{"date":"18701030","time":"1200","status":"TS","lat":17.2,"lon":-86,"wind_kt":60,"pressure_mb":null,"radius_34kt_nm":null},{"date":"18701030","time":"1800","status":"TS","lat":17.2,"lon":-86.1,"wind_kt":60,"pressure_mb":null,"radius_34kt_nm":null},{"date":"18701031","time":"0000","status":"HU","lat":17.4,"lon":-86.4,"wind_kt":70,"pressure_mb":null,"radius_34kt_nm":null},{"date":"18701031","time":"0600","status":"HU","lat":17.5,"lon":-86.6,"wind_kt":70,"pressure_mb":null,"radius_34kt_nm":null},{"date":"18701031","time":"1200","status":"HU","lat":17.7,"lon":-86.9,"wind_kt":70,"pressure_mb":null,"radius_34kt_nm":null},{"date":"18701031","time":"1800","status":"HU","lat":17.7,"lon":-87.1,"wind_kt":70,"pressure_mb":null,"radius_34kt_nm":null},{"date":"18701101","time":"0000","status":"HU","lat":18,"lon":-87.6,"wind_kt":70,"pressure_mb":null,"radius_34kt_nm":null},{"date":"18701101","time":"0600","status":"HU","lat":18.2,"lon":-87.8,"wind_kt":70,"pressure_mb":null,"radius_34kt_nm":null},{"date":"18701101","time":"1200","status":"HU","lat":18.5,"lon":-88,"wind_kt":70,"pressure_mb":null,"radius_34kt_nm":null},{"date":"18701101","time":"1800","status":"TS","lat":18.7,"lon":-88,"wind_kt":60,"pressure_mb":null,"radius_34kt_nm":null},{"date":"18701102","time":"0000","status":"TS","lat":19.2,"lon":-87.9,"wind_kt":50,"pressure_mb":null,"radius_34kt_nm":null},{"date":"18701102","time":"0600","status":"TS","lat":19.7,"lon":-87.6,"wind_kt":40,"pressure_mb":null,"radius_34kt_nm":null},{"date":"18701102","time":"1200","status":"TS","lat":20.4,"lon":-87.4,"wind_kt":40,"pressure_mb":null,"radius_34kt_nm":null},{"date":"18701102","time":"1800","status":"TS","lat":21.4,"lon":-86.9,"wind_kt":50,"pressure_mb":null,"radius_34kt_nm":null},{"date":"18701103","time":"0000","status":"TS","lat":22.2,"lon":-86.3,"wind_kt":60,"pressure_mb":null,"radius_34kt_nm":null},{"date":"18701103","time":"0600","status":"TS","lat":23,"lon":-85.6,"wind_kt":60,"pressure_mb":null,"radius_34kt_nm":null},{"date":"18701103","time":"1200","status":"HU","lat":23.7,"lon":-85,"wind_kt":70,"pressure_mb":null,"radius_34kt_nm":null},{"date":"18701103","time":"1800","status":"HU","lat":24.2,"lon":-84,"wind_kt":70,"pressure_mb":null,"radius_34kt_nm":null}]}},{"type":"Feature","geometry":{"type":"LineString","coordinates":[[-81,24.1],[-82.1,24.1],[-83.6,24.2],[-84.6,24.7],[-85.4,25.2],[-86.1,25.8],[-87.3,26.1],[-88.6,26.5],[-89.8,26.8],[-91.1,27],[-92.4,27.3],[-93.3,27.7],[-94.1,28.2],[-95,28.9],[-95.1,29.1],[-95.6,29.7],[-96,30.3],[-96.1,31.1],[-96.1,32],[-95.8,33.2],[-95,35]]},"properties":{"id":"hur-al011871","event_type":"hurricane","name":null,"year":1871,"max_wind_kt":50,"min_pressure_mb":999,"category":0,"preliminary":false,"start_date":"18710601","end_date":"18710605","track":[{"date":"18710601","time":"0000","status":"TS","lat":24.1,"lon":-81,"wind_kt":40,"pressure_mb":null,"radius_34kt_nm":null},{"date":"18710601","time":"0600","status":"TS","lat":24.1,"lon":-82.1,"wind_kt":40,"pressure_mb":null,"radius_34kt_nm":null},{"date":"18710601","time":"1200","status":"TS","lat":24.2,"lon":-83.6,"wind_kt":40,"pressure_mb":null,"radius_34kt_nm":null},{"date":"18710601","time":"1800","status":"TS","lat":24.7,"lon":-84.6,"wind_kt":40,"pressure_mb":null,"radius_34kt_nm":null},{"date":"18710602","time":"0000","status":"TS","lat":25.2,"lon":-85.4,"wind_kt":50,"pressure_mb":null,"radius_34kt_nm":null},{"date":"18710602","time":"0600","status":"TS","lat":25.8,"lon":-86.1,"wind_kt":50,"pressure_mb":null,"radius_34kt_nm":null},{"date":"18710602","time":"1200","status":"TS","lat":26.1,"lon":-87.3,"wind_kt":50,"pressure_mb":null,"radius_34kt_nm":null},{"date":"18710602","time":"1800","status":"TS","lat":26.5,"lon":-88.6,"wind_kt":50,"pressure_mb":null,"radius_34kt_nm":null},{"date":"18710603","time":"0000","status":"TS","lat":26.8,"lon":-89.8,"wind_kt":50,"pressure_mb":null,"radius_34kt_nm":null},{"date":"18710603","time":"0600","status":"TS","lat":27,"lon":-91.1,"wind_kt":50,"pressure_mb":null,"radius_34kt_nm":null},{"date":"18710603","time":"1200","status":"TS","lat":27.3,"lon":-92.4,"wind_kt":50,"pressure_mb":null,"radius_34kt_nm":null},{"date":"18710603","time":"1800","status":"TS","lat":27.7,"lon":-93.3,"wind_kt":50,"pressure_mb":null,"radius_34kt_nm":null},{"date":"18710604","time":"0000","status":"TS","lat":28.2,"lon":-94.1,"wind_kt":50,"pressure_mb":null,"radius_34kt_nm":null},{"date":"18710604","time":"0600","status":"TS","lat":28.9,"lon":-95,"wind_kt":50,"pressure_mb":999,"radius_34kt_nm":null},{"date":"18710604","time":"0700","status":"TS","lat":29.1,"lon":-95.1,"wind_kt":50,"pressure_mb":999,"radius_34kt_nm":null},{"date":"18710604","time":"1200","status":"TS","lat":29.7,"lon":-95.6,"wind_kt":40,"pressure_mb":null,"radius_34kt_nm":null},{"date":"18710604","time":"1800","status":"TS","lat":30.3,"lon":-96,"wind_kt":40,"pressure_mb":null,"radius_34kt_nm":null},{"date":"18710605","time":"0000","status":"TS","lat":31.1,"lon":-96.1,"wind_kt":40,"pressure_mb":null,"radius_34kt_nm":null},{"date":"18710605","time":"0600","status":"TS","lat":32,"lon":-96.1,"wind_kt":40,"pressure_mb":null,"radius_34kt_nm":null},{"date":"18710605","time":"1200","status":"TD","lat":33.2,"lon":-95.8,"wind_kt":30,"pressure_mb":null,"radius_34kt_nm":null},{"date":"18710605","time":"1800","status":"TD","lat":35,"lon":-95,"wind_kt":30,"pressure_mb":null,"radius_34kt_nm":null}]}},{"type":"Feature","geometry":{"type":"LineString","coordinates":[[-90.4,23.4],[-91.1,24.2],[-91.8,25],[-92.6,25.9],[-93.3,26.7],[-94,27.4],[-94.6,28.3],[-95,29.2],[-95,29.3],[-95.1,30.3],[-95.1,31.3],[-95,32.4],[-95,33.5]]},"properties":{"id":"hur-al021871","event_type":"hurricane","name":null,"year":1871,"max_wind_kt":50,"min_pressure_mb":null,"category":0,"preliminary":false,"start_date":"18710608","end_date":"18710610","track":[{"date":"18710608","time":"0000","status":"TS","lat":23.4,"lon":-90.4,"wind_kt":40,"pressure_mb":null,"radius_34kt_nm":null},{"date":"18710608","time":"0600","status":"TS","lat":24.2,"lon":-91.1,"wind_kt":40,"pressure_mb":null,"radius_34kt_nm":null},{"date":"18710608","time":"1200","status":"TS","lat":25,"lon":-91.8,"wind_kt":40,"pressure_mb":null,"radius_34kt_nm":null},{"date":"18710608","time":"1800","status":"TS","lat":25.9,"lon":-92.6,"wind_kt":40,"pressure_mb":null,"radius_34kt_nm":null},{"date":"18710609","time":"0000","status":"TS","lat":26.7,"lon":-93.3,"wind_kt":50,"pressure_mb":null,"radius_34kt_nm":null},{"date":"18710609","time":"0600","status":"TS","lat":27.4,"lon":-94,"wind_kt":50,"pressure_mb":null,"radius_34kt_nm":null},{"date":"18710609","time":"1200","status":"TS","lat":28.3,"lon":-94.6,"wind_kt":50,"pressure_mb":null,"radius_34kt_nm":null},{"date":"18710609","time":"1700","status":"TS","lat":29.2,"lon":-95,"wind_kt":50,"pressure_mb":null,"radius_34kt_nm":null},{"date":"18710609","time":"1800","status":"TS","lat":29.3,"lon":-95,"wind_kt":50,"pressure_mb":null,"radius_34kt_nm":null},{"date":"18710610","time":"0000","status":"TS","lat":30.3,"lon":-95.1,"wind_kt":40,"pressure_mb":null,"radius_34kt_nm":null},{"date":"18710610","time":"0600","status":"TS","lat":31.3,"lon":-95.1,"wind_kt":40,"pressure_mb":null,"radius_34kt_nm":null},{"date":"18710610","time":"1200","status":"TD","lat":32.4,"lon":-95,"wind_kt":30,"pressure_mb":null,"radius_34kt_nm":null},{"date":"18710610","time":"1800","status":"TD","lat":33.5,"lon":-95,"wind_kt":30,"pressure_mb":null,"radius_34kt_nm":null}]}},{"type":"Feature","geometry":{"type":"LineString","coordinates":[[-72.4,26.5],[-73,26.6],[-73.6,26.7],[-74.3,26.7],[-75,26.8],[-75.8,26.8],[-76.7,26.8],[-77.7,26.8],[-78.5,26.8],[-79.1,26.8],[-79.5,26.8],[-79.8,26.9],[-80.1,27],[-80.2,27.1],[-80.5,27.2],[-81.1,27.6],[-81.7,28.3],[-82.1,29],[-82.5,29.7],[-82.3,30.4],[-81.9,30.8],[-81.4,31.3],[-80.8,31.8],[-80.2,32.1],[-79.6,32.3],[-78.8,32.5],[-77.6,32.7],[-76.8,32.6],[-76.4,32.4],[-76.1,32],[-76.3,31.7],[-76.5,31.4],[-77.1,31.2],[-78,31.1],[-78.6,31],[-79.5,31],[-80.4,31.1],[-81.4,31.2],[-82.4,31.3],[-83.5,31.4],[-84.5,31.4]]},"properties":{"id":"hur-al031871","event_type":"hurricane","name":null,"year":1871,"max_wind_kt":100,"min_pressure_mb":952,"category":3,"preliminary":false,"start_date":"18710814","end_date":"18710823","track":[{"date":"18710814","time":"0000","status":"HU","lat":26.5,"lon":-72.4,"wind_kt":80,"pressure_mb":null,"radius_34kt_nm":null},{"date":"18710814","time":"0600","status":"HU","lat":26.6,"lon":-73,"wind_kt":80,"pressure_mb":null,"radius_34kt_nm":null},{"date":"18710814","time":"1200","status":"HU","lat":26.7,"lon":-73.6,"wind_kt":80,"pressure_mb":null,"radius_34kt_nm":null},{"date":"18710814","time":"1800","status":"HU","lat":26.7,"lon":-74.3,"wind_kt":80,"pressure_mb":null,"radius_34kt_nm":null},{"date":"18710815","time":"0000","status":"HU","lat":26.8,"lon":-75,"wind_kt":90,"pressure_mb":null,"radius_34kt_nm":null},{"date":"18710815","time":"0600","status":"HU","lat":26.8,"lon":-75.8,"wind_kt":90,"pressure_mb":null,"radius_34kt_nm":null},{"date":"18710815","time":"1200","status":"HU","lat":26.8,"lon":-76.7,"wind_kt":100,"pressure_mb":null,"radius_34kt_nm":null},{"date":"18710815","time":"1800","status":"HU","lat":26.8,"lon":-77.7,"wind_kt":100,"pressure_mb":null,"radius_34kt_nm":null},{"date":"18710816","time":"0000","status":"HU","lat":26.8,"lon":-78.5,"wind_kt":100,"pressure_mb":952,"radius_34kt_nm":null},{"date":"18710816","time":"0600","status":"HU","lat":26.8,"lon":-79.1,"wind_kt":100,"pressure_mb":955,"radius_34kt_nm":null},{"date":"18710816","time":"1200","status":"HU","lat":26.8,"lon":-79.5,"wind_kt":100,"pressure_mb":null,"radius_34kt_nm":null},{"date":"18710816","time":"1800","status":"HU","lat":26.9,"lon":-79.8,"wind_kt":100,"pressure_mb":null,"radius_34kt_nm":null},{"date":"18710817","time":"0000","status":"HU","lat":27,"lon":-80.1,"wind_kt":100,"pressure_mb":null,"radius_34kt_nm":null},{"date":"18710817","time":"0200","status":"HU","lat":27.1,"lon":-80.2,"wind_kt":100,"pressure_mb":null,"radius_34kt_nm":null},{"date":"18710817","time":"0600","status":"HU","lat":27.2,"lon":-80.5,"wind_kt":90,"pressure_mb":null,"radius_34kt_nm":null},{"date":"18710817","time":"1200","status":"HU","lat":27.6,"lon":-81.1,"wind_kt":80,"pressure_mb":null,"radius_34kt_nm":null},{"date":"18710817","time":"1800","status":"HU","lat":28.3,"lon":-81.7,"wind_kt":70,"pressure_mb":null,"radius_34kt_nm":null},{"date":"18710818","time":"0000","status":"HU","lat":29,"lon":-82.1,"wind_kt":70,"pressure_mb":null,"radius_34kt_nm":null},{"date":"18710818","time":"0600","status":"TS","lat":29.7,"lon":-82.5,"wind_kt":60,"pressure_mb":null,"radius_34kt_nm":null},{"date":"18710818","time":"1200","status":"TS","lat":30.4,"lon":-82.3,"wind_kt":60,"pressure_mb":null,"radius_34kt_nm":null},{"date":"18710818","time":"1800","status":"TS","lat":30.8,"lon":-81.9,"wind_kt":50,"pressure_mb":null,"radius_34kt_nm":null},{"date":"18710819","time":"0000","status":"TS","lat":31.3,"lon":-81.4,"wind_kt":50,"pressure_mb":null,"radius_34kt_nm":null},{"date":"18710819","time":"0600","status":"TS","lat":31.8,"lon":-80.8,"wind_kt":60,"pressure_mb":null,"radius_34kt_nm":null},{"date":"18710819","time":"1200","status":"TS","lat":32.1,"lon":-80.2,"wind_kt":60,"pressure_mb":null,"radius_34kt_nm":null},{"date":"18710819","time":"1800","status":"TS","lat":32.3,"lon":-79.6,"wind_kt":60,"pressure_mb":null,"radius_34kt_nm":null},{"date":"18710820","time":"0000","status":"TS","lat":32.5,"lon":-78.8,"wind_kt":60,"pressure_mb":null,"radius_34kt_nm":null},{"date":"18710820","time":"0600","status":"TS","lat":32.7,"lon":-77.6,"wind_kt":60,"pressure_mb":null,"radius_34kt_nm":null},{"date":"18710820","time":"1200","status":"TS","lat":32.6,"lon":-76.8,"wind_kt":60,"pressure_mb":null,"radius_34kt_nm":null},{"date":"18710820","time":"1800","status":"TS","lat":32.4,"lon":-76.4,"wind_kt":60,"pressure_mb":null,"radius_34kt_nm":null},{"date":"18710821","time":"0000","status":"TS","lat":32,"lon":-76.1,"wind_kt":60,"pressure_mb":null,"radius_34kt_nm":null},{"date":"18710821","time":"0600","status":"TS","lat":31.7,"lon":-76.3,"wind_kt":60,"pressure_mb":null,"radius_34kt_nm":null},{"date":"18710821","time":"1200","status":"TS","lat":31.4,"lon":-76.5,"wind_kt":60,"pressure_mb":null,"radius_34kt_nm":null},{"date":"18710821","time":"1800","status":"TS","lat":31.2,"lon":-77.1,"wind_kt":60,"pressure_mb":null,"radius_34kt_nm":null},{"date":"18710822","time":"0000","status":"TS","lat":31.1,"lon":-78,"wind_kt":60,"pressure_mb":null,"radius_34kt_nm":null},{"date":"18710822","time":"0600","status":"TS","lat":31,"lon":-78.6,"wind_kt":60,"pressure_mb":null,"radius_34kt_nm":null},{"date":"18710822","time":"1200","status":"TS","lat":31,"lon":-79.5,"wind_kt":60,"pressure_mb":null,"radius_34kt_nm":null},{"date":"18710822","time":"1800","status":"TS","lat":31.1,"lon":-80.4,"wind_kt":60,"pressure_mb":null,"radius_34kt_nm":null},{"date":"18710823","time":"0000","status":"TS","lat":31.2,"lon":-81.4,"wind_kt":60,"pressure_mb":null,"radius_34kt_nm":null},{"date":"18710823","time":"0600","status":"TS","lat":31.3,"lon":-82.4,"wind_kt":50,"pressure_mb":null,"radius_34kt_nm":null},{"date":"18710823","time":"1200","status":"TS","lat":31.4,"lon":-83.5,"wind_kt":40,"pressure_mb":null,"radius_34kt_nm":null},{"date":"18710823","time":"1800","status":"TD","lat":31.4,"lon":-84.5,"wind_kt":30,"pressure_mb":null,"radius_34kt_nm":null}]}},{"type":"Feature","geometry":{"type":"LineString","coordinates":[[-30.7,11.2],[-32.2,11.5],[-33.9,11.8],[-35.5,12.3],[-37.4,12.9],[-39.2,13.5],[-41,14],[-42.5,14.2],[-44.5,14.3],[-46.4,14.5],[-48,14.7],[-49.9,14.9],[-52.2,15.1],[-54.5,15.3],[-56.4,15.4],[-58.2,15.8],[-60,16.4],[-61.6,17.1],[-62.9,17.7],[-64,18.2],[-65.3,18.9],[-66.5,19.5],[-67.5,20],[-68.6,20.7],[-69.6,21.2],[-71,22],[-72.3,22.5],[-73.5,23.2],[-75,24.1],[-76.4,25],[-77.6,25.7],[-78.6,26.3],[-79.5,27],[-80.3,27.1],[-80.5,27.7],[-81.3,28.3],[-82.2,28.9],[-83.1,29.4],[-83.8,29.9],[-84.3,30.5],[-84.5,30.9],[-84.5,31.3],[-84.4,31.7],[-84,32],[-83.5,32.1],[-83,32.2],[-82.5,32.2],[-82.1,32.3],[-81,32.4],[-79.9,32.5],[-78.6,32.7],[-77.5,33],[-76.1,34],[-74.3,35.5],[-72.4,37.3],[-70.5,39.5],[-68.5,42]]},"properties":{"id":"hur-al041871","event_type":"hurricane","name":null,"year":1871,"max_wind_kt":100,"min_pressure_mb":962,"category":3,"preliminary":false,"start_date":"18710817","end_date":"18710830","track":[{"date":"18710817","time":"0000","status":"TS","lat":11.2,"lon":-30.7,"wind_kt":40,"pressure_mb":null,"radius_34kt_nm":null},{"date":"18710817","time":"0600","status":"TS","lat":11.5,"lon":-32.2,"wind_kt":40,"pressure_mb":null,"radius_34kt_nm":null},{"date":"18710817","time":"1200","status":"TS","lat":11.8,"lon":-33.9,"wind_kt":40,"pressure_mb":null,"radius_34kt_nm":null},{"date":"18710817","time":"1800","status":"TS","lat":12.3,"lon":-35.5,"wind_kt":40,"pressure_mb":null,"radius_34kt_nm":null},{"date":"18710818","time":"0000","status":"TS","lat":12.9,"lon":-37.4,"wind_kt":50,"pressure_mb":null,"radius_34kt_nm":null},{"date":"18710818","time":"0600","status":"TS","lat":13.5,"lon":-39.2,"wind_kt":50,"pressure_mb":null,"radius_34kt_nm":null},{"date":"18710818","time":"1200","status":"TS","lat":14,"lon":-41,"wind_kt":50,"pressure_mb":null,"radius_34kt_nm":null},{"date":"18710818","time":"1800","status":"TS","lat":14.2,"lon":-42.5,"wind_kt":50,"pressure_mb":null,"radius_34kt_nm":null},{"date":"18710819","time":"0000","status":"TS","lat":14.3,"lon":-44.5,"wind_kt":60,"pressure_mb":null,"radius_34kt_nm":null},{"date":"18710819","time":"0600","status":"TS","lat":14.5,"lon":-46.4,"wind_kt":60,"pressure_mb":null,"radius_34kt_nm":null},{"date":"18710819","time":"1200","status":"HU","lat":14.7,"lon":-48,"wind_kt":70,"pressure_mb":null,"radius_34kt_nm":null},{"date":"18710819","time":"1800","status":"HU","lat":14.9,"lon":-49.9,"wind_kt":70,"pressure_mb":null,"radius_34kt_nm":null},{"date":"18710820","time":"0000","status":"HU","lat":15.1,"lon":-52.2,"wind_kt":80,"pressure_mb":null,"radius_34kt_nm":null},{"date":"18710820","time":"0600","status":"HU","lat":15.3,"lon":-54.5,"wind_kt":80,"pressure_mb":null,"radius_34kt_nm":null},{"date":"18710820","time":"1200","status":"HU","lat":15.4,"lon":-56.4,"wind_kt":90,"pressure_mb":null,"radius_34kt_nm":null},{"date":"18710820","time":"1800","status":"HU","lat":15.8,"lon":-58.2,"wind_kt":90,"pressure_mb":null,"radius_34kt_nm":null},{"date":"18710821","time":"0000","status":"HU","lat":16.4,"lon":-60,"wind_kt":100,"pressure_mb":null,"radius_34kt_nm":null},{"date":"18710821","time":"0600","status":"HU","lat":17.1,"lon":-61.6,"wind_kt":100,"pressure_mb":null,"radius_34kt_nm":null},{"date":"18710821","time":"1200","status":"HU","lat":17.7,"lon":-62.9,"wind_kt":100,"pressure_mb":965,"radius_34kt_nm":null},{"date":"18710821","time":"1800","status":"HU","lat":18.2,"lon":-64,"wind_kt":100,"pressure_mb":null,"radius_34kt_nm":null},{"date":"18710822","time":"0000","status":"HU","lat":18.9,"lon":-65.3,"wind_kt":100,"pressure_mb":962,"radius_34kt_nm":null},{"date":"18710822","time":"0600","status":"HU","lat":19.5,"lon":-66.5,"wind_kt":100,"pressure_mb":null,"radius_34kt_nm":null},{"date":"18710822","time":"1200","status":"HU","lat":20,"lon":-67.5,"wind_kt":90,"pressure_mb":null,"radius_34kt_nm":null},{"date":"18710822","time":"1800","status":"HU","lat":20.7,"lon":-68.6,"wind_kt":90,"pressure_mb":null,"radius_34kt_nm":null},{"date":"18710823","time":"0000","status":"HU","lat":21.2,"lon":-69.6,"wind_kt":90,"pressure_mb":null,"radius_34kt_nm":null},{"date":"18710823","time":"0600","status":"HU","lat":22,"lon":-71,"wind_kt":90,"pressure_mb":null,"radius_34kt_nm":null},{"date":"18710823","time":"1200","status":"HU","lat":22.5,"lon":-72.3,"wind_kt":90,"pressure_mb":null,"radius_34kt_nm":null},{"date":"18710823","time":"1800","status":"HU","lat":23.2,"lon":-73.5,"wind_kt":90,"pressure_mb":null,"radius_34kt_nm":null},{"date":"18710824","time":"0000","status":"HU","lat":24.1,"lon":-75,"wind_kt":90,"pressure_mb":null,"radius_34kt_nm":null},{"date":"18710824","time":"0600","status":"HU","lat":25,"lon":-76.4,"wind_kt":90,"pressure_mb":null,"radius_34kt_nm":null},{"date":"18710824","time":"1200","status":"HU","lat":25.7,"lon":-77.6,"wind_kt":90,"pressure_mb":null,"radius_34kt_nm":null},{"date":"18710824","time":"1800","status":"HU","lat":26.3,"lon":-78.6,"wind_kt":90,"pressure_mb":null,"radius_34kt_nm":null},{"date":"18710825","time":"0000","status":"HU","lat":27,"lon":-79.5,"wind_kt":90,"pressure_mb":null,"radius_34kt_nm":null},{"date":"18710825","time":"0500","status":"HU","lat":27.1,"lon":-80.3,"wind_kt":90,"pressure_mb":null,"radius_34kt_nm":null},{"date":"18710825","time":"0600","status":"HU","lat":27.7,"lon":-80.5,"wind_kt":90,"pressure_mb":null,"radius_34kt_nm":null},{"date":"18710825","time":"1200","status":"HU","lat":28.3,"lon":-81.3,"wind_kt":70,"pressure_mb":null,"radius_34kt_nm":null},{"date":"18710825","time":"1800","status":"TS","lat":28.9,"lon":-82.2,"wind_kt":50,"pressure_mb":null,"radius_34kt_nm":null},{"date":"18710826","time":"0000","status":"TS","lat":29.4,"lon":-83.1,"wind_kt":40,"pressure_mb":null,"radius_34kt_nm":null},{"date":"18710826","time":"0600","status":"TS","lat":29.9,"lon":-83.8,"wind_kt":40,"pressure_mb":null,"radius_34kt_nm":null},{"date":"18710826","time":"1200","status":"TS","lat":30.5,"lon":-84.3,"wind_kt":40,"pressure_mb":null,"radius_34kt_nm":null},{"date":"18710826","time":"1800","status":"TS","lat":30.9,"lon":-84.5,"wind_kt":40,"pressure_mb":null,"radius_34kt_nm":null},{"date":"18710827","time":"0000","status":"TD","lat":31.3,"lon":-84.5,"wind_kt":30,"pressure_mb":null,"radius_34kt_nm":null},{"date":"18710827","time":"0600","status":"TD","lat":31.7,"lon":-84.4,"wind_kt":30,"pressure_mb":null,"radius_34kt_nm":null},{"date":"18710827","time":"1200","status":"TD","lat":32,"lon":-84,"wind_kt":30,"pressure_mb":null,"radius_34kt_nm":null},{"date":"18710827","time":"1800","status":"TD","lat":32.1,"lon":-83.5,"wind_kt":30,"pressure_mb":null,"radius_34kt_nm":null},{"date":"18710828","time":"0000","status":"TD","lat":32.2,"lon":-83,"wind_kt":30,"pressure_mb":null,"radius_34kt_nm":null},{"date":"18710828","time":"0600","status":"TD","lat":32.2,"lon":-82.5,"wind_kt":30,"pressure_mb":null,"radius_34kt_nm":null},{"date":"18710828","time":"1200","status":"TD","lat":32.3,"lon":-82.1,"wind_kt":30,"pressure_mb":null,"radius_34kt_nm":null},{"date":"18710828","time":"1800","status":"TD","lat":32.4,"lon":-81,"wind_kt":30,"pressure_mb":null,"radius_34kt_nm":null},{"date":"18710829","time":"0000","status":"TS","lat":32.5,"lon":-79.9,"wind_kt":40,"pressure_mb":null,"radius_34kt_nm":null},{"date":"18710829","time":"0600","status":"TS","lat":32.7,"lon":-78.6,"wind_kt":40,"pressure_mb":null,"radius_34kt_nm":null},{"date":"18710829","time":"1200","status":"TS","lat":33,"lon":-77.5,"wind_kt":50,"pressure_mb":null,"radius_34kt_nm":null},{"date":"18710829","time":"1800","status":"TS","lat":34,"lon":-76.1,"wind_kt":50,"pressure_mb":null,"radius_34kt_nm":null},{"date":"18710830","time":"0000","status":"TS","lat":35.5,"lon":-74.3,"wind_kt":50,"pressure_mb":null,"radius_34kt_nm":null},{"date":"18710830","time":"0600","status":"TS","lat":37.3,"lon":-72.4,"wind_kt":50,"pressure_mb":null,"radius_34kt_nm":null},{"date":"18710830","time":"1200","status":"TS","lat":39.5,"lon":-70.5,"wind_kt":60,"pressure_mb":null,"radius_34kt_nm":null},{"date":"18710830","time":"1800","status":"TS","lat":42,"lon":-68.5,"wind_kt":60,"pressure_mb":null,"radius_34kt_nm":null}]}},{"type":"Feature","geometry":{"type":"LineString","coordinates":[[-65.6,26.7],[-66.5,27.5],[-67.5,28.5],[-68.3,29.6],[-69.1,30.8],[-69.8,32],[-70.3,33.5],[-70.4,34.4],[-70.3,35.3],[-70.1,36],[-70,37],[-69.6,37.8],[-69.3,38.9],[-68.5,40.3],[-67.5,41.3],[-66,42.5]]},"properties":{"id":"hur-al051871","event_type":"hurricane","name":null,"year":1871,"max_wind_kt":90,"min_pressure_mb":null,"category":2,"preliminary":false,"start_date":"18710830","end_date":"18710902","track":[{"date":"18710830","time":"0000","status":"HU","lat":26.7,"lon":-65.6,"wind_kt":90,"pressure_mb":null,"radius_34kt_nm":null},{"date":"18710830","time":"0600","status":"HU","lat":27.5,"lon":-66.5,"wind_kt":90,"pressure_mb":null,"radius_34kt_nm":null},{"date":"18710830","time":"1200","status":"HU","lat":28.5,"lon":-67.5,"wind_kt":90,"pressure_mb":null,"radius_34kt_nm":null},{"date":"18710830","time":"1800","status":"HU","lat":29.6,"lon":-68.3,"wind_kt":90,"pressure_mb":null,"radius_34kt_nm":null},{"date":"18710831","time":"0000","status":"HU","lat":30.8,"lon":-69.1,"wind_kt":90,"pressure_mb":null,"radius_34kt_nm":null},{"date":"18710831","time":"0600","status":"HU","lat":32,"lon":-69.8,"wind_kt":90,"pressure_mb":null,"radius_34kt_nm":null},{"date":"18710831","time":"1200","status":"HU","lat":33.5,"lon":-70.3,"wind_kt":90,"pressure_mb":null,"radius_34kt_nm":null},{"date":"18710831","time":"1800","status":"HU","lat":34.4,"lon":-70.4,"wind_kt":90,"pressure_mb":null,"radius_34kt_nm":null},{"date":"18710901","time":"0000","status":"HU","lat":35.3,"lon":-70.3,"wind_kt":90,"pressure_mb":null,"radius_34kt_nm":null},{"date":"18710901","time":"0600","status":"HU","lat":36,"lon":-70.1,"wind_kt":90,"pressure_mb":null,"radius_34kt_nm":null},{"date":"18710901","time":"1200","status":"HU","lat":37,"lon":-70,"wind_kt":90,"pressure_mb":null,"radius_34kt_nm":null},{"date":"18710901","time":"1800","status":"HU","lat":37.8,"lon":-69.6,"wind_kt":90,"pressure_mb":null,"radius_34kt_nm":null},{"date":"18710902","time":"0000","status":"HU","lat":38.9,"lon":-69.3,"wind_kt":90,"pressure_mb":null,"radius_34kt_nm":null},{"date":"18710902","time":"0600","status":"HU","lat":40.3,"lon":-68.5,"wind_kt":90,"pressure_mb":null,"radius_34kt_nm":null},{"date":"18710902","time":"1200","status":"HU","lat":41.3,"lon":-67.5,"wind_kt":90,"pressure_mb":null,"radius_34kt_nm":null},{"date":"18710902","time":"1800","status":"HU","lat":42.5,"lon":-66,"wind_kt":90,"pressure_mb":null,"radius_34kt_nm":null}]}},{"type":"Feature","geometry":{"type":"LineString","coordinates":[[-90.1,26],[-89,26.5],[-87.6,27],[-86.1,27.5],[-84.9,28.1],[-84.1,28.6],[-83.3,29],[-83,29.2],[-82.5,29.6],[-81.8,30.2],[-81.1,30.7],[-80.3,31.3],[-79.3,31.7],[-78.3,31.9],[-77,32.2],[-75.9,32.4],[-75,32.7]]},"properties":{"id":"hur-al061871","event_type":"hurricane","name":null,"year":1871,"max_wind_kt":70,"min_pressure_mb":null,"category":1,"preliminary":false,"start_date":"18710905","end_date":"18710908","track":[{"date":"18710905","time":"0000","status":"HU","lat":26,"lon":-90.1,"wind_kt":70,"pressure_mb":null,"radius_34kt_nm":null},{"date":"18710905","time":"0600","status":"HU","lat":26.5,"lon":-89,"wind_kt":70,"pressure_mb":null,"radius_34kt_nm":null},{"date":"18710905","time":"1200","status":"HU","lat":27,"lon":-87.6,"wind_kt":70,"pressure_mb":null,"radius_34kt_nm":null},{"date":"18710905","time":"1800","status":"HU","lat":27.5,"lon":-86.1,"wind_kt":70,"pressure_mb":null,"radius_34kt_nm":null},{"date":"18710906","time":"0000","status":"HU","lat":28.1,"lon":-84.9,"wind_kt":70,"pressure_mb":null,"radius_34kt_nm":null},{"date":"18710906","time":"0600","status":"HU","lat":28.6,"lon":-84.1,"wind_kt":70,"pressure_mb":null,"radius_34kt_nm":null},{"date":"18710906","time":"1200","status":"HU","lat":29,"lon":-83.3,"wind_kt":70,"pressure_mb":null,"radius_34kt_nm":null},{"date":"18710906","time":"1400","status":"HU","lat":29.2,"lon":-83,"wind_kt":70,"pressure_mb":null,"radius_34kt_nm":null},{"date":"18710906","time":"1800","status":"TS","lat":29.6,"lon":-82.5,"wind_kt":50,"pressure_mb":null,"radius_34kt_nm":null},{"date":"18710907","time":"0000","status":"TS","lat":30.2,"lon":-81.8,"wind_kt":50,"pressure_mb":null,"radius_34kt_nm":null},{"date":"18710907","time":"0600","status":"TS","lat":30.7,"lon":-81.1,"wind_kt":50,"pressure_mb":null,"radius_34kt_nm":null},{"date":"18710907","time":"1200","status":"TS","lat":31.3,"lon":-80.3,"wind_kt":60,"pressure_mb":null,"radius_34kt_nm":null},{"date":"18710907","time":"1800","status":"TS","lat":31.7,"lon":-79.3,"wind_kt":60,"pressure_mb":null,"radius_34kt_nm":null},{"date":"18710908","time":"0000","status":"TS","lat":31.9,"lon":-78.3,"wind_kt":60,"pressure_mb":null,"radius_34kt_nm":null},{"date":"18710908","time":"0600","status":"TS","lat":32.2,"lon":-77,"wind_kt":60,"pressure_mb":null,"radius_34kt_nm":null},{"date":"18710908","time":"1200","status":"TS","lat":32.4,"lon":-75.9,"wind_kt":60,"pressure_mb":null,"radius_34kt_nm":null},{"date":"18710908","time":"1800","status":"TS","lat":32.7,"lon":-75,"wind_kt":60,"pressure_mb":null,"radius_34kt_nm":null}]}},{"type":"Feature","geometry":{"type":"LineString","coordinates":[[-92.1,21.1],[-92.6,21.2],[-93.1,21.7],[-93.8,22.2],[-94.3,22.9],[-94.8,23.4],[-95.1,24],[-95.4,24.9],[-95.4,25.9],[-95.1,26.8],[-94.8,27.5],[-94,27.8],[-93.1,27.9],[-92.3,28],[-91.6,28.1],[-90.8,28.3],[-90.1,28.4],[-89.3,28.5],[-88.6,28.7],[-87.5,28.9],[-86.5,29.1],[-85.3,29.4],[-84.4,29.8],[-83.9,30],[-83.6,30.2],[-83.1,30.8],[-82.6,31.3],[-82.1,31.8],[-80.8,32.2],[-79.3,32.9],[-77.5,33.7],[-75,34],[-72,34.5]]},"properties":{"id":"hur-al071871","event_type":"hurricane","name":null,"year":1871,"max_wind_kt":70,"min_pressure_mb":null,"category":1,"preliminary":false,"start_date":"18710930","end_date":"18711007","track":[{"date":"18710930","time":"0000","status":"TS","lat":21.1,"lon":-92.1,"wind_kt":40,"pressure_mb":null,"radius_34kt_nm":null},{"date":"18710930","time":"0600","status":"TS","lat":21.2,"lon":-92.6,"wind_kt":40,"pressure_mb":null,"radius_34kt_nm":null},{"date":"18710930","time":"1200","status":"TS","lat":21.7,"lon":-93.1,"wind_kt":40,"pressure_mb":null,"radius_34kt_nm":null},{"date":"18710930","time":"1800","status":"TS","lat":22.2,"lon":-93.8,"wind_kt":40,"pressure_mb":null,"radius_34kt_nm":null},{"date":"18711001","time":"0000","status":"TS","lat":22.9,"lon":-94.3,"wind_kt":50,"pressure_mb":null,"radius_34kt_nm":null},{"date":"18711001","time":"0600","status":"TS","lat":23.4,"lon":-94.8,"wind_kt":50,"pressure_mb":null,"radius_34kt_nm":null},{"date":"18711001","time":"1200","status":"TS","lat":24,"lon":-95.1,"wind_kt":60,"pressure_mb":null,"radius_34kt_nm":null},{"date":"18711001","time":"1800","status":"TS","lat":24.9,"lon":-95.4,"wind_kt":60,"pressure_mb":null,"radius_34kt_nm":null},{"date":"18711002","time":"0000","status":"HU","lat":25.9,"lon":-95.4,"wind_kt":70,"pressure_mb":null,"radius_34kt_nm":null},{"date":"18711002","time":"0600","status":"HU","lat":26.8,"lon":-95.1,"wind_kt":70,"pressure_mb":null,"radius_34kt_nm":null},{"date":"18711002","time":"1200","status":"HU","lat":27.5,"lon":-94.8,"wind_kt":70,"pressure_mb":null,"radius_34kt_nm":null},{"date":"18711002","time":"1800","status":"HU","lat":27.8,"lon":-94,"wind_kt":70,"pressure_mb":null,"radius_34kt_nm":null},{"date":"18711003","time":"0000","status":"HU","lat":27.9,"lon":-93.1,"wind_kt":70,"pressure_mb":null,"radius_34kt_nm":null},{"date":"18711003","time":"0600","status":"HU","lat":28,"lon":-92.3,"wind_kt":70,"pressure_mb":null,"radius_34kt_nm":null},{"date":"18711003","time":"1200","status":"HU","lat":28.1,"lon":-91.6,"wind_kt":70,"pressure_mb":null,"radius_34kt_nm":null},{"date":"18711003","time":"1800","status":"HU","lat":28.3,"lon":-90.8,"wind_kt":70,"pressure_mb":null,"radius_34kt_nm":null},{"date":"18711004","time":"0000","status":"HU","lat":28.4,"lon":-90.1,"wind_kt":70,"pressure_mb":null,"radius_34kt_nm":null},{"date":"18711004","time":"0600","status":"HU","lat":28.5,"lon":-89.3,"wind_kt":70,"pressure_mb":null,"radius_34kt_nm":null},{"date":"18711004","time":"1200","status":"HU","lat":28.7,"lon":-88.6,"wind_kt":70,"pressure_mb":null,"radius_34kt_nm":null},{"date":"18711004","time":"1800","status":"HU","lat":28.9,"lon":-87.5,"wind_kt":70,"pressure_mb":null,"radius_34kt_nm":null},{"date":"18711005","time":"0000","status":"TS","lat":29.1,"lon":-86.5,"wind_kt":60,"pressure_mb":null,"radius_34kt_nm":null},{"date":"18711005","time":"0600","status":"TS","lat":29.4,"lon":-85.3,"wind_kt":60,"pressure_mb":null,"radius_34kt_nm":null},{"date":"18711005","time":"1200","status":"TS","lat":29.8,"lon":-84.4,"wind_kt":60,"pressure_mb":null,"radius_34kt_nm":null},{"date":"18711005","time":"1600","status":"TS","lat":30,"lon":-83.9,"wind_kt":60,"pressure_mb":null,"radius_34kt_nm":null},{"date":"18711005","time":"1800","status":"TS","lat":30.2,"lon":-83.6,"wind_kt":50,"pressure_mb":null,"radius_34kt_nm":null},{"date":"18711006","time":"0000","status":"TS","lat":30.8,"lon":-83.1,"wind_kt":40,"pressure_mb":null,"radius_34kt_nm":null},{"date":"18711006","time":"0600","status":"TS","lat":31.3,"lon":-82.6,"wind_kt":40,"pressure_mb":null,"radius_34kt_nm":null},{"date":"18711006","time":"1200","status":"TS","lat":31.8,"lon":-82.1,"wind_kt":40,"pressure_mb":null,"radius_34kt_nm":null},{"date":"18711006","time":"1800","status":"TS","lat":32.2,"lon":-80.8,"wind_kt":40,"pressure_mb":null,"radius_34kt_nm":null},{"date":"18711007","time":"0000","status":"TS","lat":32.9,"lon":-79.3,"wind_kt":40,"pressure_mb":null,"radius_34kt_nm":null},{"date":"18711007","time":"0600","status":"TS","lat":33.7,"lon":-77.5,"wind_kt":40,"pressure_mb":null,"radius_34kt_nm":null},{"date":"18711007","time":"1200","status":"TS","lat":34,"lon":-75,"wind_kt":40,"pressure_mb":null,"radius_34kt_nm":null},{"date":"18711007","time":"1800","status":"TS","lat":34.5,"lon":-72,"wind_kt":40,"pressure_mb":null,"radius_34kt_nm":null}]}},{"type":"Feature","geometry":{"type":"LineString","coordinates":[[-58,22.7],[-60,23.2],[-62,23.5],[-64.1,24.4],[-66.1,25.9],[-67.9,27.7],[-69,29.5],[-69.5,31.2],[-69.8,33.3],[-69.6,35.5],[-68.6,38],[-66,41.5],[-63,45],[-60,49]]},"properties":{"id":"hur-al081871","event_type":"hurricane","name":null,"year":1871,"max_wind_kt":70,"min_pressure_mb":null,"category":1,"preliminary":false,"start_date":"18711010","end_date":"18711013","track":[{"date":"18711010","time":"0000","status":"HU","lat":22.7,"lon":-58,"wind_kt":70,"pressure_mb":null,"radius_34kt_nm":null},{"date":"18711010","time":"0600","status":"HU","lat":23.2,"lon":-60,"wind_kt":70,"pressure_mb":null,"radius_34kt_nm":null},{"date":"18711010","time":"1200","status":"HU","lat":23.5,"lon":-62,"wind_kt":70,"pressure_mb":null,"radius_34kt_nm":null},{"date":"18711010","time":"1800","status":"HU","lat":24.4,"lon":-64.1,"wind_kt":70,"pressure_mb":null,"radius_34kt_nm":null},{"date":"18711011","time":"0000","status":"HU","lat":25.9,"lon":-66.1,"wind_kt":70,"pressure_mb":null,"radius_34kt_nm":null},{"date":"18711011","time":"0600","status":"HU","lat":27.7,"lon":-67.9,"wind_kt":70,"pressure_mb":null,"radius_34kt_nm":null},{"date":"18711011","time":"1200","status":"HU","lat":29.5,"lon":-69,"wind_kt":70,"pressure_mb":null,"radius_34kt_nm":null},{"date":"18711011","time":"1800","status":"HU","lat":31.2,"lon":-69.5,"wind_kt":70,"pressure_mb":null,"radius_34kt_nm":null},{"date":"18711012","time":"0000","status":"HU","lat":33.3,"lon":-69.8,"wind_kt":70,"pressure_mb":null,"radius_34kt_nm":null},{"date":"18711012","time":"0600","status":"HU","lat":35.5,"lon":-69.6,"wind_kt":70,"pressure_mb":null,"radius_34kt_nm":null},{"date":"18711012","time":"1200","status":"HU","lat":38,"lon":-68.6,"wind_kt":70,"pressure_mb":null,"radius_34kt_nm":null},{"date":"18711012","time":"1800","status":"HU","lat":41.5,"lon":-66,"wind_kt":70,"pressure_mb":null,"radius_34kt_nm":null},{"date":"18711013","time":"0000","status":"HU","lat":45,"lon":-63,"wind_kt":70,"pressure_mb":null,"radius_34kt_nm":null},{"date":"18711013","time":"0600","status":"TS","lat":49,"lon":-60,"wind_kt":50,"pressure_mb":null,"radius_34kt_nm":null}]}},{"type":"Feature","geometry":{"type":"LineString","coordinates":[[-92,23.5],[-91.8,24.1],[-91.6,24.6],[-91.2,25.1],[-90.8,25.7],[-90.4,26.3],[-90,27],[-89.6,27.7],[-89.3,28.4],[-89.1,29.1],[-89.1,29.2],[-89,30.2],[-89,30],[-89,30.5],[-89,30.9],[-89.1,31.3],[-89.3,31.6],[-89.5,32],[-89.5,32.5],[-89.4,33],[-89,33.5],[-88.5,34.2]]},"properties":{"id":"hur-al011872","event_type":"hurricane","name":null,"year":1872,"max_wind_kt":50,"min_pressure_mb":null,"category":0,"preliminary":false,"start_date":"18720709","end_date":"18720713","track":[{"date":"18720709","time":"0000","status":"TS","lat":23.5,"lon":-92,"wind_kt":40,"pressure_mb":null,"radius_34kt_nm":null},{"date":"18720709","time":"0600","status":"TS","lat":24.1,"lon":-91.8,"wind_kt":40,"pressure_mb":null,"radius_34kt_nm":null},{"date":"18720709","time":"1200","status":"TS","lat":24.6,"lon":-91.6,"wind_kt":40,"pressure_mb":null,"radius_34kt_nm":null},{"date":"18720709","time":"1800","status":"TS","lat":25.1,"lon":-91.2,"wind_kt":40,"pressure_mb":null,"radius_34kt_nm":null},{"date":"18720710","time":"0000","status":"TS","lat":25.7,"lon":-90.8,"wind_kt":50,"pressure_mb":null,"radius_34kt_nm":null},{"date":"18720710","time":"0600","status":"TS","lat":26.3,"lon":-90.4,"wind_kt":50,"pressure_mb":null,"radius_34kt_nm":null},{"date":"18720710","time":"1200","status":"TS","lat":27,"lon":-90,"wind_kt":50,"pressure_mb":null,"radius_34kt_nm":null},{"date":"18720710","time":"1800","status":"TS","lat":27.7,"lon":-89.6,"wind_kt":50,"pressure_mb":null,"radius_34kt_nm":null},{"date":"18720711","time":"0000","status":"TS","lat":28.4,"lon":-89.3,"wind_kt":50,"pressure_mb":null,"radius_34kt_nm":null},{"date":"18720711","time":"0500","status":"TS","lat":29.1,"lon":-89.1,"wind_kt":50,"pressure_mb":null,"radius_34kt_nm":null},{"date":"18720711","time":"0600","status":"TS","lat":29.2,"lon":-89.1,"wind_kt":50,"pressure_mb":null,"radius_34kt_nm":null},{"date":"18720711","time":"0800","status":"TS","lat":30.2,"lon":-89,"wind_kt":50,"pressure_mb":null,"radius_34kt_nm":null},{"date":"18720711","time":"1200","status":"TS","lat":30,"lon":-89,"wind_kt":50,"pressure_mb":null,"radius_34kt_nm":null},{"date":"18720711","time":"1800","status":"TS","lat":30.5,"lon":-89,"wind_kt":50,"pressure_mb":null,"radius_34kt_nm":null},{"date":"18720712","time":"0000","status":"TS","lat":30.9,"lon":-89,"wind_kt":40,"pressure_mb":null,"radius_34kt_nm":null},{"date":"18720712","time":"0600","status":"TS","lat":31.3,"lon":-89.1,"wind_kt":40,"pressure_mb":null,"radius_34kt_nm":null},{"date":"18720712","time":"1200","status":"TS","lat":31.6,"lon":-89.3,"wind_kt":40,"pressure_mb":null,"radius_34kt_nm":null},{"date":"18720712","time":"1800","status":"TS","lat":32,"lon":-89.5,"wind_kt":40,"pressure_mb":null,"radius_34kt_nm":null},{"date":"18720713","time":"0000","status":"TD","lat":32.5,"lon":-89.5,"wind_kt":30,"pressure_mb":null,"radius_34kt_nm":null},{"date":"18720713","time":"0600","status":"TD","lat":33,"lon":-89.4,"wind_kt":30,"pressure_mb":null,"radius_34kt_nm":null},{"date":"18720713","time":"1200","status":"TD","lat":33.5,"lon":-89,"wind_kt":30,"pressure_mb":null,"radius_34kt_nm":null},{"date":"18720713","time":"1800","status":"TD","lat":34.2,"lon":-88.5,"wind_kt":30,"pressure_mb":null,"radius_34kt_nm":null}]}},{"type":"Feature","geometry":{"type":"LineString","coordinates":[[-29.7,14.3],[-30.4,14.4],[-31,14.5],[-32,14.7],[-33.4,15],[-34.8,15.3],[-35.8,15.4],[-36.8,15.6],[-37.8,15.9],[-38.9,16.1],[-40.2,16.2],[-41.4,16.5],[-42.2,16.7],[-43.5,17],[-44.7,17.2],[-45.5,17.7],[-46.7,18.1],[-47.7,18.5],[-48.9,19],[-49.8,19.4],[-50.5,19.7],[-51.4,20],[-52.5,20.5],[-53.3,20.9],[-54.2,21.2],[-54.9,21.6],[-55.7,22],[-56.2,22.2],[-56.9,22.7],[-57.6,23.1],[-58.4,23.7],[-58.9,24],[-59.4,24.5],[-60,25],[-60.8,25.8],[-61.4,26.8],[-61.8,27.9],[-62,28.9],[-62.2,30],[-62.2,30.9],[-62.3,31.9],[-62.2,33],[-62,34.5],[-61.9,35.7],[-61.7,37],[-61.2,38.3],[-60.5,39.5],[-59.4,40.5],[-57.7,41.9],[-56.5,43],[-55.9,44.2],[-56.2,44.9],[-56.8,45.4],[-57.6,45.7],[-58.5,46.5],[-59.6,47.5]]},"properties":{"id":"hur-al021872","event_type":"hurricane","name":null,"year":1872,"max_wind_kt":90,"min_pressure_mb":null,"category":2,"preliminary":false,"start_date":"18720820","end_date":"18720902","track":[{"date":"18720820","time":"0000","status":"TS","lat":14.3,"lon":-29.7,"wind_kt":40,"pressure_mb":null,"radius_34kt_nm":null},{"date":"18720820","time":"0600","status":"TS","lat":14.4,"lon":-30.4,"wind_kt":40,"pressure_mb":null,"radius_34kt_nm":null},{"date":"18720820","time":"1200","status":"TS","lat":14.5,"lon":-31,"wind_kt":40,"pressure_mb":null,"radius_34kt_nm":null},{"date":"18720820","time":"1800","status":"TS","lat":14.7,"lon":-32,"wind_kt":40,"pressure_mb":null,"radius_34kt_nm":null},{"date":"18720821","time":"0000","status":"TS","lat":15,"lon":-33.4,"wind_kt":40,"pressure_mb":null,"radius_34kt_nm":null},{"date":"18720821","time":"0600","status":"TS","lat":15.3,"lon":-34.8,"wind_kt":40,"pressure_mb":null,"radius_34kt_nm":null},{"date":"18720821","time":"1200","status":"TS","lat":15.4,"lon":-35.8,"wind_kt":40,"pressure_mb":null,"radius_34kt_nm":null},{"date":"18720821","time":"1800","status":"TS","lat":15.6,"lon":-36.8,"wind_kt":40,"pressure_mb":null,"radius_34kt_nm":null},{"date":"18720822","time":"0000","status":"TS","lat":15.9,"lon":-37.8,"wind_kt":50,"pressure_mb":null,"radius_34kt_nm":null},{"date":"18720822","time":"0600","status":"TS","lat":16.1,"lon":-38.9,"wind_kt":50,"pressure_mb":null,"radius_34kt_nm":null},{"date":"18720822","time":"1200","status":"TS","lat":16.2,"lon":-40.2,"wind_kt":50,"pressure_mb":null,"radius_34kt_nm":null},{"date":"18720822","time":"1800","status":"TS","lat":16.5,"lon":-41.4,"wind_kt":50,"pressure_mb":null,"radius_34kt_nm":null},{"date":"18720823","time":"0000","status":"TS","lat":16.7,"lon":-42.2,"wind_kt":60,"pressure_mb":null,"radius_34kt_nm":null},{"date":"18720823","time":"0600","status":"TS","lat":17,"lon":-43.5,"wind_kt":60,"pressure_mb":null,"radius_34kt_nm":null},{"date":"18720823","time":"1200","status":"TS","lat":17.2,"lon":-44.7,"wind_kt":60,"pressure_mb":null,"radius_34kt_nm":null},{"date":"18720823","time":"1800","status":"TS","lat":17.7,"lon":-45.5,"wind_kt":60,"pressure_mb":null,"radius_34kt_nm":null},{"date":"18720824","time":"0000","status":"HU","lat":18.1,"lon":-46.7,"wind_kt":70,"pressure_mb":null,"radius_34kt_nm":null},{"date":"18720824","time":"0600","status":"HU","lat":18.5,"lon":-47.7,"wind_kt":70,"pressure_mb":null,"radius_34kt_nm":null},{"date":"18720824","time":"1200","status":"HU","lat":19,"lon":-48.9,"wind_kt":70,"pressure_mb":null,"radius_34kt_nm":null},{"date":"18720824","time":"1800","status":"HU","lat":19.4,"lon":-49.8,"wind_kt":70,"pressure_mb":null,"radius_34kt_nm":null},{"date":"18720825","time":"0000","status":"HU","lat":19.7,"lon":-50.5,"wind_kt":70,"pressure_mb":null,"radius_34kt_nm":null},{"date":"18720825","time":"0600","status":"HU","lat":20,"lon":-51.4,"wind_kt":70,"pressure_mb":null,"radius_34kt_nm":null},{"date":"18720825","time":"1200","status":"HU","lat":20.5,"lon":-52.5,"wind_kt":70,"pressure_mb":null,"radius_34kt_nm":null},{"date":"18720825","time":"1800","status":"HU","lat":20.9,"lon":-53.3,"wind_kt":70,"pressure_mb":null,"radius_34kt_nm":null},{"date":"18720826","time":"0000","status":"HU","lat":21.2,"lon":-54.2,"wind_kt":70,"pressure_mb":null,"radius_34kt_nm":null},{"date":"18720826","time":"0600","status":"HU","lat":21.6,"lon":-54.9,"wind_kt":70,"pressure_mb":null,"radius_34kt_nm":null},{"date":"18720826","time":"1200","status":"HU","lat":22,"lon":-55.7,"wind_kt":70,"pressure_mb":null,"radius_34kt_nm":null},{"date":"18720826","time":"1800","status":"HU","lat":22.2,"lon":-56.2,"wind_kt":70,"pressure_mb":null,"radius_34kt_nm":null},{"date":"18720827","time":"0000","status":"HU","lat":22.7,"lon":-56.9,"wind_kt":70,"pressure_mb":null,"radius_34kt_nm":null},{"date":"18720827","time":"0600","status":"HU","lat":23.1,"lon":-57.6,"wind_kt":70,"pressure_mb":null,"radius_34kt_nm":null},{"date":"18720827","time":"1200","status":"HU","lat":23.7,"lon":-58.4,"wind_kt":70,"pressure_mb":null,"radius_34kt_nm":null},{"date":"18720827","time":"1800","status":"HU","lat":24,"lon":-58.9,"wind_kt":70,"pressure_mb":null,"radius_34kt_nm":null},{"date":"18720828","time":"0000","status":"HU","lat":24.5,"lon":-59.4,"wind_kt":80,"pressure_mb":null,"radius_34kt_nm":null},{"date":"18720828","time":"0600","status":"HU","lat":25,"lon":-60,"wind_kt":80,"pressure_mb":null,"radius_34kt_nm":null},{"date":"18720828","time":"1200","status":"HU","lat":25.8,"lon":-60.8,"wind_kt":80,"pressure_mb":null,"radius_34kt_nm":null},{"date":"18720828","time":"1800","status":"HU","lat":26.8,"lon":-61.4,"wind_kt":80,"pressure_mb":null,"radius_34kt_nm":null},{"date":"18720829","time":"0000","status":"HU","lat":27.9,"lon":-61.8,"wind_kt":90,"pressure_mb":null,"radius_34kt_nm":null},{"date":"18720829","time":"0600","status":"HU","lat":28.9,"lon":-62,"wind_kt":90,"pressure_mb":null,"radius_34kt_nm":null},{"date":"18720829","time":"1200","status":"HU","lat":30,"lon":-62.2,"wind_kt":90,"pressure_mb":null,"radius_34kt_nm":null},{"date":"18720829","time":"1800","status":"HU","lat":30.9,"lon":-62.2,"wind_kt":90,"pressure_mb":null,"radius_34kt_nm":null},{"date":"18720830","time":"0000","status":"HU","lat":31.9,"lon":-62.3,"wind_kt":90,"pressure_mb":null,"radius_34kt_nm":null},{"date":"18720830","time":"0600","status":"HU","lat":33,"lon":-62.2,"wind_kt":90,"pressure_mb":null,"radius_34kt_nm":null},{"date":"18720830","time":"1200","status":"HU","lat":34.5,"lon":-62,"wind_kt":90,"pressure_mb":null,"radius_34kt_nm":null},{"date":"18720830","time":"1800","status":"HU","lat":35.7,"lon":-61.9,"wind_kt":90,"pressure_mb":null,"radius_34kt_nm":null},{"date":"18720831","time":"0000","status":"HU","lat":37,"lon":-61.7,"wind_kt":90,"pressure_mb":null,"radius_34kt_nm":null},{"date":"18720831","time":"0600","status":"HU","lat":38.3,"lon":-61.2,"wind_kt":90,"pressure_mb":null,"radius_34kt_nm":null},{"date":"18720831","time":"1200","status":"HU","lat":39.5,"lon":-60.5,"wind_kt":80,"pressure_mb":null,"radius_34kt_nm":null},{"date":"18720831","time":"1800","status":"HU","lat":40.5,"lon":-59.4,"wind_kt":80,"pressure_mb":null,"radius_34kt_nm":null},{"date":"18720901","time":"0000","status":"HU","lat":41.9,"lon":-57.7,"wind_kt":80,"pressure_mb":null,"radius_34kt_nm":null},{"date":"18720901","time":"0600","status":"HU","lat":43,"lon":-56.5,"wind_kt":80,"pressure_mb":null,"radius_34kt_nm":null},{"date":"18720901","time":"1200","status":"HU","lat":44.2,"lon":-55.9,"wind_kt":70,"pressure_mb":null,"radius_34kt_nm":null},{"date":"18720901","time":"1800","status":"HU","lat":44.9,"lon":-56.2,"wind_kt":70,"pressure_mb":null,"radius_34kt_nm":null},{"date":"18720902","time":"0000","status":"EX","lat":45.4,"lon":-56.8,"wind_kt":70,"pressure_mb":null,"radius_34kt_nm":null},{"date":"18720902","time":"0600","status":"EX","lat":45.7,"lon":-57.6,"wind_kt":70,"pressure_mb":null,"radius_34kt_nm":null},{"date":"18720902","time":"1200","status":"EX","lat":46.5,"lon":-58.5,"wind_kt":60,"pressure_mb":null,"radius_34kt_nm":null},{"date":"18720902","time":"1800","status":"EX","lat":47.5,"lon":-59.6,"wind_kt":50,"pressure_mb":null,"radius_34kt_nm":null}]}},{"type":"Feature","geometry":{"type":"LineString","coordinates":[[-59.4,12.5],[-59.7,12.8],[-60,13.3],[-60.3,13.9],[-60.6,14.4],[-61,15.2],[-61.5,16],[-62.1,16.9],[-62.7,17.7],[-63.1,18.7],[-63.5,19.7],[-63.7,20.9],[-63.8,21.6],[-63.8,22.5],[-63.7,23.2],[-63.6,24],[-63.5,24.7],[-63.3,25.4],[-63.2,26.1],[-63.1,26.8],[-63,27.4],[-62.8,28.1],[-62.7,28.7],[-62.5,29.6],[-62.4,30.3],[-62.3,31],[-62.2,31.7],[-62.1,32.2],[-61.9,32.8],[-61.8,33.5],[-61.7,34],[-61.5,34.5],[-61.1,35.3],[-60.7,36],[-60.1,37],[-59.7,37.7],[-59.4,38.3],[-59.1,38.9],[-58.7,39.5],[-58.4,40],[-58,40.9],[-57.4,41.5],[-56.9,42],[-56.4,42.5],[-56,43],[-55.5,43.3],[-55,43.7],[-54.5,44.2]]},"properties":{"id":"hur-al031872","event_type":"hurricane","name":null,"year":1872,"max_wind_kt":70,"min_pressure_mb":null,"category":1,"preliminary":false,"start_date":"18720909","end_date":"18720920","track":[{"date":"18720909","time":"0000","status":"TS","lat":12.5,"lon":-59.4,"wind_kt":40,"pressure_mb":null,"radius_34kt_nm":null},{"date":"18720909","time":"0600","status":"TS","lat":12.8,"lon":-59.7,"wind_kt":40,"pressure_mb":null,"radius_34kt_nm":null},{"date":"18720909","time":"1200","status":"TS","lat":13.3,"lon":-60,"wind_kt":40,"pressure_mb":null,"radius_34kt_nm":null},{"date":"18720909","time":"1800","status":"TS","lat":13.9,"lon":-60.3,"wind_kt":40,"pressure_mb":null,"radius_34kt_nm":null},{"date":"18720910","time":"0000","status":"TS","lat":14.4,"lon":-60.6,"wind_kt":50,"pressure_mb":null,"radius_34kt_nm":null},{"date":"18720910","time":"0600","status":"TS","lat":15.2,"lon":-61,"wind_kt":50,"pressure_mb":null,"radius_34kt_nm":null},{"date":"18720910","time":"1200","status":"TS","lat":16,"lon":-61.5,"wind_kt":50,"pressure_mb":null,"radius_34kt_nm":null},{"date":"18720910","time":"1800","status":"TS","lat":16.9,"lon":-62.1,"wind_kt":50,"pressure_mb":null,"radius_34kt_nm":null},{"date":"18720911","time":"0000","status":"TS","lat":17.7,"lon":-62.7,"wind_kt":60,"pressure_mb":null,"radius_34kt_nm":null},{"date":"18720911","time":"0600","status":"TS","lat":18.7,"lon":-63.1,"wind_kt":60,"pressure_mb":null,"radius_34kt_nm":null},{"date":"18720911","time":"1200","status":"TS","lat":19.7,"lon":-63.5,"wind_kt":60,"pressure_mb":null,"radius_34kt_nm":null},{"date":"18720911","time":"1800","status":"TS","lat":20.9,"lon":-63.7,"wind_kt":60,"pressure_mb":null,"radius_34kt_nm":null},{"date":"18720912","time":"0000","status":"HU","lat":21.6,"lon":-63.8,"wind_kt":70,"pressure_mb":null,"radius_34kt_nm":null},{"date":"18720912","time":"0600","status":"HU","lat":22.5,"lon":-63.8,"wind_kt":70,"pressure_mb":null,"radius_34kt_nm":null},{"date":"18720912","time":"1200","status":"HU","lat":23.2,"lon":-63.7,"wind_kt":70,"pressure_mb":null,"radius_34kt_nm":null},{"date":"18720912","time":"1800","status":"HU","lat":24,"lon":-63.6,"wind_kt":70,"pressure_mb":null,"radius_34kt_nm":null},{"date":"18720913","time":"0000","status":"HU","lat":24.7,"lon":-63.5,"wind_kt":70,"pressure_mb":null,"radius_34kt_nm":null},{"date":"18720913","time":"0600","status":"HU","lat":25.4,"lon":-63.3,"wind_kt":70,"pressure_mb":null,"radius_34kt_nm":null},{"date":"18720913","time":"1200","status":"HU","lat":26.1,"lon":-63.2,"wind_kt":70,"pressure_mb":null,"radius_34kt_nm":null},{"date":"18720913","time":"1800","status":"HU","lat":26.8,"lon":-63.1,"wind_kt":70,"pressure_mb":null,"radius_34kt_nm":null},{"date":"18720914","time":"0000","status":"HU","lat":27.4,"lon":-63,"wind_kt":70,"pressure_mb":null,"radius_34kt_nm":null},{"date":"18720914","time":"0600","status":"HU","lat":28.1,"lon":-62.8,"wind_kt":70,"pressure_mb":null,"radius_34kt_nm":null},{"date":"18720914","time":"1200","status":"HU","lat":28.7,"lon":-62.7,"wind_kt":70,"pressure_mb":null,"radius_34kt_nm":null},{"date":"18720914","time":"1800","status":"HU","lat":29.6,"lon":-62.5,"wind_kt":70,"pressure_mb":null,"radius_34kt_nm":null},{"date":"18720915","time":"0000","status":"HU","lat":30.3,"lon":-62.4,"wind_kt":70,"pressure_mb":null,"radius_34kt_nm":null},{"date":"18720915","time":"0600","status":"HU","lat":31,"lon":-62.3,"wind_kt":70,"pressure_mb":null,"radius_34kt_nm":null},{"date":"18720915","time":"1200","status":"HU","lat":31.7,"lon":-62.2,"wind_kt":70,"pressure_mb":null,"radius_34kt_nm":null},{"date":"18720915","time":"1800","status":"HU","lat":32.2,"lon":-62.1,"wind_kt":70,"pressure_mb":null,"radius_34kt_nm":null},{"date":"18720916","time":"0000","status":"HU","lat":32.8,"lon":-61.9,"wind_kt":70,"pressure_mb":null,"radius_34kt_nm":null},{"date":"18720916","time":"0600","status":"HU","lat":33.5,"lon":-61.8,"wind_kt":70,"pressure_mb":null,"radius_34kt_nm":null},{"date":"18720916","time":"1200","status":"HU","lat":34,"lon":-61.7,"wind_kt":70,"pressure_mb":null,"radius_34kt_nm":null},{"date":"18720916","time":"1800","status":"HU","lat":34.5,"lon":-61.5,"wind_kt":70,"pressure_mb":null,"radius_34kt_nm":null},{"date":"18720917","time":"0000","status":"HU","lat":35.3,"lon":-61.1,"wind_kt":70,"pressure_mb":null,"radius_34kt_nm":null},{"date":"18720917","time":"0600","status":"HU","lat":36,"lon":-60.7,"wind_kt":70,"pressure_mb":null,"radius_34kt_nm":null},{"date":"18720917","time":"1200","status":"HU","lat":37,"lon":-60.1,"wind_kt":70,"pressure_mb":null,"radius_34kt_nm":null},{"date":"18720917","time":"1800","status":"HU","lat":37.7,"lon":-59.7,"wind_kt":70,"pressure_mb":null,"radius_34kt_nm":null},{"date":"18720918","time":"0000","status":"HU","lat":38.3,"lon":-59.4,"wind_kt":70,"pressure_mb":null,"radius_34kt_nm":null},{"date":"18720918","time":"0600","status":"HU","lat":38.9,"lon":-59.1,"wind_kt":70,"pressure_mb":null,"radius_34kt_nm":null},{"date":"18720918","time":"1200","status":"HU","lat":39.5,"lon":-58.7,"wind_kt":70,"pressure_mb":null,"radius_34kt_nm":null},{"date":"18720918","time":"1800","status":"HU","lat":40,"lon":-58.4,"wind_kt":70,"pressure_mb":null,"radius_34kt_nm":null},{"date":"18720919","time":"0000","status":"HU","lat":40.9,"lon":-58,"wind_kt":70,"pressure_mb":null,"radius_34kt_nm":null},{"date":"18720919","time":"0600","status":"HU","lat":41.5,"lon":-57.4,"wind_kt":70,"pressure_mb":null,"radius_34kt_nm":null},{"date":"18720919","time":"1200","status":"HU","lat":42,"lon":-56.9,"wind_kt":70,"pressure_mb":null,"radius_34kt_nm":null},{"date":"18720919","time":"1800","status":"HU","lat":42.5,"lon":-56.4,"wind_kt":70,"pressure_mb":null,"radius_34kt_nm":null},{"date":"18720920","time":"0000","status":"HU","lat":43,"lon":-56,"wind_kt":70,"pressure_mb":null,"radius_34kt_nm":null},{"date":"18720920","time":"0600","status":"HU","lat":43.3,"lon":-55.5,"wind_kt":70,"pressure_mb":null,"radius_34kt_nm":null},{"date":"18720920","time":"1200","status":"HU","lat":43.7,"lon":-55,"wind_kt":70,"pressure_mb":null,"radius_34kt_nm":null},{"date":"18720920","time":"1800","status":"HU","lat":44.2,"lon":-54.5,"wind_kt":70,"pressure_mb":null,"radius_34kt_nm":null}]}},{"type":"Feature","geometry":{"type":"LineString","coordinates":[[-31.7,13],[-32.7,13.4],[-33.7,13.8],[-34.7,14.4],[-36,15.3],[-37.4,16.2],[-38.7,17.2],[-39.5,17.9],[-40.3,18.5],[-41,19.1],[-42,20],[-42.9,21],[-43.8,22],[-44.8,23.1],[-45.7,24],[-46.5,25.1],[-47.2,26.4],[-48,27.7],[-48.8,29],[-49.4,30.3],[-49.8,31.7],[-50,33],[-49.9,34.5],[-48.8,36.4],[-46.4,38.2],[-43.8,39.3],[-41,40],[-38,40.5]]},"properties":{"id":"hur-al041872","event_type":"hurricane","name":null,"year":1872,"max_wind_kt":70,"min_pressure_mb":null,"category":1,"preliminary":false,"start_date":"18720930","end_date":"18721006","track":[{"date":"18720930","time":"0000","status":"TS","lat":13,"lon":-31.7,"wind_kt":40,"pressure_mb":null,"radius_34kt_nm":null},{"date":"18720930","time":"0600","status":"TS","lat":13.4,"lon":-32.7,"wind_kt":40,"pressure_mb":null,"radius_34kt_nm":null},{"date":"18720930","time":"1200","status":"TS","lat":13.8,"lon":-33.7,"wind_kt":40,"pressure_mb":null,"radius_34kt_nm":null},{"date":"18720930","time":"1800","status":"TS","lat":14.4,"lon":-34.7,"wind_kt":40,"pressure_mb":null,"radius_34kt_nm":null},{"date":"18721001","time":"0000","status":"TS","lat":15.3,"lon":-36,"wind_kt":50,"pressure_mb":null,"radius_34kt_nm":null},{"date":"18721001","time":"0600","status":"TS","lat":16.2,"lon":-37.4,"wind_kt":50,"pressure_mb":null,"radius_34kt_nm":null},{"date":"18721001","time":"1200","status":"TS","lat":17.2,"lon":-38.7,"wind_kt":50,"pressure_mb":null,"radius_34kt_nm":null},{"date":"18721001","time":"1800","status":"TS","lat":17.9,"lon":-39.5,"wind_kt":50,"pressure_mb":null,"radius_34kt_nm":null},{"date":"18721002","time":"0000","status":"TS","lat":18.5,"lon":-40.3,"wind_kt":60,"pressure_mb":null,"radius_34kt_nm":null},{"date":"18721002","time":"0600","status":"TS","lat":19.1,"lon":-41,"wind_kt":60,"pressure_mb":null,"radius_34kt_nm":null},{"date":"18721002","time":"1200","status":"TS","lat":20,"lon":-42,"wind_kt":60,"pressure_mb":null,"radius_34kt_nm":null},{"date":"18721002","time":"1800","status":"TS","lat":21,"lon":-42.9,"wind_kt":60,"pressure_mb":null,"radius_34kt_nm":null},{"date":"18721003","time":"0000","status":"HU","lat":22,"lon":-43.8,"wind_kt":70,"pressure_mb":null,"radius_34kt_nm":null},{"date":"18721003","time":"0600","status":"HU","lat":23.1,"lon":-44.8,"wind_kt":70,"pressure_mb":null,"radius_34kt_nm":null},{"date":"18721003","time":"1200","status":"HU","lat":24,"lon":-45.7,"wind_kt":70,"pressure_mb":null,"radius_34kt_nm":null},{"date":"18721003","time":"1800","status":"HU","lat":25.1,"lon":-46.5,"wind_kt":70,"pressure_mb":null,"radius_34kt_nm":null},{"date":"18721004","time":"0000","status":"HU","lat":26.4,"lon":-47.2,"wind_kt":70,"pressure_mb":null,"radius_34kt_nm":null},{"date":"18721004","time":"0600","status":"HU","lat":27.7,"lon":-48,"wind_kt":70,"pressure_mb":null,"radius_34kt_nm":null},{"date":"18721004","time":"1200","status":"HU","lat":29,"lon":-48.8,"wind_kt":70,"pressure_mb":null,"radius_34kt_nm":null},{"date":"18721004","time":"1800","status":"HU","lat":30.3,"lon":-49.4,"wind_kt":70,"pressure_mb":null,"radius_34kt_nm":null},{"date":"18721005","time":"0000","status":"HU","lat":31.7,"lon":-49.8,"wind_kt":70,"pressure_mb":null,"radius_34kt_nm":null},{"date":"18721005","time":"0600","status":"HU","lat":33,"lon":-50,"wind_kt":70,"pressure_mb":null,"radius_34kt_nm":null},{"date":"18721005","time":"1200","status":"HU","lat":34.5,"lon":-49.9,"wind_kt":70,"pressure_mb":null,"radius_34kt_nm":null},{"date":"18721005","time":"1800","status":"HU","lat":36.4,"lon":-48.8,"wind_kt":70,"pressure_mb":null,"radius_34kt_nm":null},{"date":"18721006","time":"0000","status":"HU","lat":38.2,"lon":-46.4,"wind_kt":70,"pressure_mb":null,"radius_34kt_nm":null},{"date":"18721006","time":"0600","status":"HU","lat":39.3,"lon":-43.8,"wind_kt":70,"pressure_mb":null,"radius_34kt_nm":null},{"date":"18721006","time":"1200","status":"HU","lat":40,"lon":-41,"wind_kt":70,"pressure_mb":null,"radius_34kt_nm":null},{"date":"18721006","time":"1800","status":"HU","lat":40.5,"lon":-38,"wind_kt":70,"pressure_mb":null,"radius_34kt_nm":null}]}},{"type":"Feature","geometry":{"type":"LineString","coordinates":[[-89.3,23.4],[-88.3,24],[-87.3,24.7],[-86.2,25.7],[-84.8,26.7],[-83.3,27.6],[-82.7,27.9],[-81.8,28.4],[-80.3,29],[-79,30],[-78.5,31.3],[-78.2,32.6],[-77.9,33.6],[-77.7,34.3],[-77.7,34.4],[-77.5,35],[-77.2,35.7],[-76.9,36.5],[-76.5,37.5],[-75.8,38.6],[-74.8,39.7],[-73.8,40.6],[-72.6,41.3],[-71.3,41.8],[-69.2,42.4],[-67.2,42.9],[-65,43.6],[-62.5,44.5]]},"properties":{"id":"hur-al051872","event_type":"hurricane","name":null,"year":1872,"max_wind_kt":70,"min_pressure_mb":null,"category":1,"preliminary":false,"start_date":"18721022","end_date":"18721028","track":[{"date":"18721022","time":"0000","status":"TS","lat":23.4,"lon":-89.3,"wind_kt":40,"pressure_mb":null,"radius_34kt_nm":null},{"date":"18721022","time":"0600","status":"TS","lat":24,"lon":-88.3,"wind_kt":40,"pressure_mb":null,"radius_34kt_nm":null},{"date":"18721022","time":"1200","status":"TS","lat":24.7,"lon":-87.3,"wind_kt":40,"pressure_mb":null,"radius_34kt_nm":null},{"date":"18721022","time":"1800","status":"TS","lat":25.7,"lon":-86.2,"wind_kt":40,"pressure_mb":null,"radius_34kt_nm":null},{"date":"18721023","time":"0000","status":"TS","lat":26.7,"lon":-84.8,"wind_kt":50,"pressure_mb":null,"radius_34kt_nm":null},{"date":"18721023","time":"0600","status":"TS","lat":27.6,"lon":-83.3,"wind_kt":50,"pressure_mb":null,"radius_34kt_nm":null},{"date":"18721023","time":"0800","status":"TS","lat":27.9,"lon":-82.7,"wind_kt":50,"pressure_mb":null,"radius_34kt_nm":null},{"date":"18721023","time":"1200","status":"TS","lat":28.4,"lon":-81.8,"wind_kt":40,"pressure_mb":null,"radius_34kt_nm":null},{"date":"18721023","time":"1800","status":"TS","lat":29,"lon":-80.3,"wind_kt":40,"pressure_mb":null,"radius_34kt_nm":null},{"date":"18721024","time":"0000","status":"TS","lat":30,"lon":-79,"wind_kt":50,"pressure_mb":null,"radius_34kt_nm":null},{"date":"18721024","time":"0600","status":"TS","lat":31.3,"lon":-78.5,"wind_kt":60,"pressure_mb":null,"radius_34kt_nm":null},{"date":"18721024","time":"1200","status":"HU","lat":32.6,"lon":-78.2,"wind_kt":70,"pressure_mb":null,"radius_34kt_nm":null},{"date":"18721024","time":"1800","status":"TS","lat":33.6,"lon":-77.9,"wind_kt":60,"pressure_mb":null,"radius_34kt_nm":null},{"date":"18721025","time":"0000","status":"TS","lat":34.3,"lon":-77.7,"wind_kt":50,"pressure_mb":null,"radius_34kt_nm":null},{"date":"18721025","time":"0100","status":"TS","lat":34.4,"lon":-77.7,"wind_kt":50,"pressure_mb":null,"radius_34kt_nm":null},{"date":"18721025","time":"0600","status":"TS","lat":35,"lon":-77.5,"wind_kt":50,"pressure_mb":null,"radius_34kt_nm":null},{"date":"18721025","time":"1200","status":"TS","lat":35.7,"lon":-77.2,"wind_kt":40,"pressure_mb":null,"radius_34kt_nm":null},{"date":"18721025","time":"1800","status":"TS","lat":36.5,"lon":-76.9,"wind_kt":40,"pressure_mb":null,"radius_34kt_nm":null},{"date":"18721026","time":"0000","status":"TS","lat":37.5,"lon":-76.5,"wind_kt":40,"pressure_mb":null,"radius_34kt_nm":null},{"date":"18721026","time":"0600","status":"TS","lat":38.6,"lon":-75.8,"wind_kt":40,"pressure_mb":null,"radius_34kt_nm":null},{"date":"18721026","time":"1200","status":"TS","lat":39.7,"lon":-74.8,"wind_kt":40,"pressure_mb":null,"radius_34kt_nm":null},{"date":"18721026","time":"1800","status":"TS","lat":40.6,"lon":-73.8,"wind_kt":40,"pressure_mb":null,"radius_34kt_nm":null},{"date":"18721027","time":"0000","status":"TS","lat":41.3,"lon":-72.6,"wind_kt":40,"pressure_mb":null,"radius_34kt_nm":null},{"date":"18721027","time":"0600","status":"TS","lat":41.8,"lon":-71.3,"wind_kt":40,"pressure_mb":null,"radius_34kt_nm":null},{"date":"18721027","time":"1200","status":"EX","lat":42.4,"lon":-69.2,"wind_kt":40,"pressure_mb":null,"radius_34kt_nm":null},{"date":"18721027","time":"1800","status":"EX","lat":42.9,"lon":-67.2,"wind_kt":40,"pressure_mb":null,"radius_34kt_nm":null},{"date":"18721028","time":"0000","status":"EX","lat":43.6,"lon":-65,"wind_kt":40,"pressure_mb":null,"radius_34kt_nm":null},{"date":"18721028","time":"0600","status":"EX","lat":44.5,"lon":-62.5,"wind_kt":40,"pressure_mb":null,"radius_34kt_nm":null}]}},{"type":"Feature","geometry":{"type":"LineString","coordinates":[[-78.8,24.2],[-78.6,25.6],[-78.5,26.9],[-78.6,28.6],[-79.9,30.1],[-81.4,30.8],[-81.8,31],[-83.8,31.7]]},"properties":{"id":"hur-al011873","event_type":"hurricane","name":null,"year":1873,"max_wind_kt":40,"min_pressure_mb":null,"category":0,"preliminary":false,"start_date":"18730601","end_date":"18730602","track":[{"date":"18730601","time":"0600","status":"TS","lat":24.2,"lon":-78.8,"wind_kt":40,"pressure_mb":null,"radius_34kt_nm":null},{"date":"18730601","time":"1200","status":"TS","lat":25.6,"lon":-78.6,"wind_kt":40,"pressure_mb":null,"radius_34kt_nm":null},{"date":"18730601","time":"1800","status":"TS","lat":26.9,"lon":-78.5,"wind_kt":40,"pressure_mb":null,"radius_34kt_nm":null},{"date":"18730602","time":"0000","status":"TS","lat":28.6,"lon":-78.6,"wind_kt":40,"pressure_mb":null,"radius_34kt_nm":null},{"date":"18730602","time":"0600","status":"TS","lat":30.1,"lon":-79.9,"wind_kt":40,"pressure_mb":null,"radius_34kt_nm":null},{"date":"18730602","time":"1100","status":"TS","lat":30.8,"lon":-81.4,"wind_kt":40,"pressure_mb":null,"radius_34kt_nm":null},{"date":"18730602","time":"1200","status":"TS","lat":31,"lon":-81.8,"wind_kt":40,"pressure_mb":null,"radius_34kt_nm":null},{"date":"18730602","time":"1800","status":"TD","lat":31.7,"lon":-83.8,"wind_kt":30,"pressure_mb":null,"radius_34kt_nm":null}]}},{"type":"Feature","geometry":{"type":"LineString","coordinates":[[-25,13.9],[-26,14],[-27,14],[-28.1,14.1],[-29.3,14.1],[-30.6,14.2],[-32,14.3],[-33,14.4],[-34.4,14.5],[-35.9,14.5],[-37.3,14.5],[-38.4,14.6],[-39.7,14.7],[-41.2,14.8],[-42.7,15],[-44,15.3],[-45.5,15.6],[-47,16],[-49,16.5],[-50.5,16.9],[-52,17.5],[-53.6,18.2],[-55,18.7],[-56.4,19.5],[-57.9,20.2],[-59.5,21.2],[-61,22],[-62.1,22.9],[-63.5,23.9],[-64.6,24.9],[-65.6,26],[-66.6,26.8],[-67.3,27.8],[-67.8,29],[-68.2,30.3],[-68.4,31],[-68.5,31.7],[-68.6,32.5],[-68.5,33.3],[-68.3,34.3],[-68,35.2],[-67.6,36],[-67,37],[-66.4,38.3],[-65.8,39.5],[-64.6,40.9],[-63.5,42],[-61.4,43],[-58.9,43.7],[-56.6,44.4],[-55,45],[-54.3,45.7],[-54.1,46],[-54.1,46.5],[-54,47],[-54,47.4],[-53.9,47.8],[-53.7,48.2],[-53.5,48.5],[-52.6,49.4],[-51.3,50.4],[-49.8,51],[-48,52],[-46,53]]},"properties":{"id":"hur-al021873","event_type":"hurricane","name":null,"year":1873,"max_wind_kt":100,"min_pressure_mb":962,"category":3,"preliminary":false,"start_date":"18730813","end_date":"18730828","track":[{"date":"18730813","time":"0000","status":"TS","lat":13.9,"lon":-25,"wind_kt":40,"pressure_mb":null,"radius_34kt_nm":null},{"date":"18730813","time":"0600","status":"TS","lat":14,"lon":-26,"wind_kt":40,"pressure_mb":null,"radius_34kt_nm":null},{"date":"18730813","time":"1200","status":"TS","lat":14,"lon":-27,"wind_kt":40,"pressure_mb":null,"radius_34kt_nm":null},{"date":"18730813","time":"1800","status":"TS","lat":14.1,"lon":-28.1,"wind_kt":40,"pressure_mb":null,"radius_34kt_nm":null},{"date":"18730814","time":"0000","status":"TS","lat":14.1,"lon":-29.3,"wind_kt":50,"pressure_mb":null,"radius_34kt_nm":null},{"date":"18730814","time":"0600","status":"TS","lat":14.2,"lon":-30.6,"wind_kt":50,"pressure_mb":null,"radius_34kt_nm":null},{"date":"18730814","time":"1200","status":"TS","lat":14.3,"lon":-32,"wind_kt":50,"pressure_mb":null,"radius_34kt_nm":null},{"date":"18730814","time":"1800","status":"TS","lat":14.4,"lon":-33,"wind_kt":50,"pressure_mb":null,"radius_34kt_nm":null},{"date":"18730815","time":"0000","status":"TS","lat":14.5,"lon":-34.4,"wind_kt":50,"pressure_mb":null,"radius_34kt_nm":null},{"date":"18730815","time":"0600","status":"TS","lat":14.5,"lon":-35.9,"wind_kt":50,"pressure_mb":null,"radius_34kt_nm":null},{"date":"18730815","time":"1200","status":"TS","lat":14.5,"lon":-37.3,"wind_kt":50,"pressure_mb":null,"radius_34kt_nm":null},{"date":"18730815","time":"1800","status":"TS","lat":14.6,"lon":-38.4,"wind_kt":50,"pressure_mb":null,"radius_34kt_nm":null},{"date":"18730816","time":"0000","status":"TS","lat":14.7,"lon":-39.7,"wind_kt":60,"pressure_mb":null,"radius_34kt_nm":null},{"date":"18730816","time":"0600","status":"TS","lat":14.8,"lon":-41.2,"wind_kt":60,"pressure_mb":null,"radius_34kt_nm":null},{"date":"18730816","time":"1200","status":"TS","lat":15,"lon":-42.7,"wind_kt":60,"pressure_mb":null,"radius_34kt_nm":null},{"date":"18730816","time":"1800","status":"TS","lat":15.3,"lon":-44,"wind_kt":60,"pressure_mb":null,"radius_34kt_nm":null},{"date":"18730817","time":"0000","status":"HU","lat":15.6,"lon":-45.5,"wind_kt":70,"pressure_mb":null,"radius_34kt_nm":null},{"date":"18730817","time":"0600","status":"HU","lat":16,"lon":-47,"wind_kt":70,"pressure_mb":null,"radius_34kt_nm":null},{"date":"18730817","time":"1200","status":"HU","lat":16.5,"lon":-49,"wind_kt":70,"pressure_mb":null,"radius_34kt_nm":null},{"date":"18730817","time":"1800","status":"HU","lat":16.9,"lon":-50.5,"wind_kt":70,"pressure_mb":null,"radius_34kt_nm":null},{"date":"18730818","time":"0000","status":"HU","lat":17.5,"lon":-52,"wind_kt":70,"pressure_mb":null,"radius_34kt_nm":null},{"date":"18730818","time":"0600","status":"HU","lat":18.2,"lon":-53.6,"wind_kt":70,"pressure_mb":null,"radius_34kt_nm":null},{"date":"18730818","time":"1200","status":"HU","lat":18.7,"lon":-55,"wind_kt":70,"pressure_mb":null,"radius_34kt_nm":null},{"date":"18730818","time":"1800","status":"HU","lat":19.5,"lon":-56.4,"wind_kt":70,"pressure_mb":null,"radius_34kt_nm":null},{"date":"18730819","time":"0000","status":"HU","lat":20.2,"lon":-57.9,"wind_kt":80,"pressure_mb":null,"radius_34kt_nm":null},{"date":"18730819","time":"0600","status":"HU","lat":21.2,"lon":-59.5,"wind_kt":80,"pressure_mb":null,"radius_34kt_nm":null},{"date":"18730819","time":"1200","status":"HU","lat":22,"lon":-61,"wind_kt":80,"pressure_mb":null,"radius_34kt_nm":null},{"date":"18730819","time":"1800","status":"HU","lat":22.9,"lon":-62.1,"wind_kt":80,"pressure_mb":null,"radius_34kt_nm":null},{"date":"18730820","time":"0000","status":"HU","lat":23.9,"lon":-63.5,"wind_kt":80,"pressure_mb":null,"radius_34kt_nm":null},{"date":"18730820","time":"0600","status":"HU","lat":24.9,"lon":-64.6,"wind_kt":80,"pressure_mb":null,"radius_34kt_nm":null},{"date":"18730820","time":"1200","status":"HU","lat":26,"lon":-65.6,"wind_kt":80,"pressure_mb":null,"radius_34kt_nm":null},{"date":"18730820","time":"1800","status":"HU","lat":26.8,"lon":-66.6,"wind_kt":80,"pressure_mb":null,"radius_34kt_nm":null},{"date":"18730821","time":"0000","status":"HU","lat":27.8,"lon":-67.3,"wind_kt":90,"pressure_mb":null,"radius_34kt_nm":null},{"date":"18730821","time":"0600","status":"HU","lat":29,"lon":-67.8,"wind_kt":90,"pressure_mb":null,"radius_34kt_nm":null},{"date":"18730821","time":"1200","status":"HU","lat":30.3,"lon":-68.2,"wind_kt":90,"pressure_mb":null,"radius_34kt_nm":null},{"date":"18730821","time":"1800","status":"HU","lat":31,"lon":-68.4,"wind_kt":90,"pressure_mb":null,"radius_34kt_nm":null},{"date":"18730822","time":"0000","status":"HU","lat":31.7,"lon":-68.5,"wind_kt":90,"pressure_mb":null,"radius_34kt_nm":null},{"date":"18730822","time":"0600","status":"HU","lat":32.5,"lon":-68.6,"wind_kt":90,"pressure_mb":null,"radius_34kt_nm":null},{"date":"18730822","time":"1200","status":"HU","lat":33.3,"lon":-68.5,"wind_kt":90,"pressure_mb":null,"radius_34kt_nm":null},{"date":"18730822","time":"1800","status":"HU","lat":34.3,"lon":-68.3,"wind_kt":90,"pressure_mb":null,"radius_34kt_nm":null},{"date":"18730823","time":"0000","status":"HU","lat":35.2,"lon":-68,"wind_kt":100,"pressure_mb":null,"radius_34kt_nm":null},{"date":"18730823","time":"0600","status":"HU","lat":36,"lon":-67.6,"wind_kt":100,"pressure_mb":null,"radius_34kt_nm":null},{"date":"18730823","time":"1200","status":"HU","lat":37,"lon":-67,"wind_kt":100,"pressure_mb":null,"radius_34kt_nm":null},{"date":"18730823","time":"1800","status":"HU","lat":38.3,"lon":-66.4,"wind_kt":100,"pressure_mb":null,"radius_34kt_nm":null},{"date":"18730824","time":"0000","status":"HU","lat":39.5,"lon":-65.8,"wind_kt":100,"pressure_mb":null,"radius_34kt_nm":null},{"date":"18730824","time":"0600","status":"HU","lat":40.9,"lon":-64.6,"wind_kt":100,"pressure_mb":null,"radius_34kt_nm":null},{"date":"18730824","time":"1200","status":"HU","lat":42,"lon":-63.5,"wind_kt":90,"pressure_mb":null,"radius_34kt_nm":null},{"date":"18730824","time":"1800","status":"HU","lat":43,"lon":-61.4,"wind_kt":90,"pressure_mb":null,"radius_34kt_nm":null},{"date":"18730825","time":"0000","status":"HU","lat":43.7,"lon":-58.9,"wind_kt":90,"pressure_mb":962,"radius_34kt_nm":null},{"date":"18730825","time":"0600","status":"HU","lat":44.4,"lon":-56.6,"wind_kt":90,"pressure_mb":null,"radius_34kt_nm":null},{"date":"18730825","time":"1200","status":"HU","lat":45,"lon":-55,"wind_kt":80,"pressure_mb":null,"radius_34kt_nm":null},{"date":"18730825","time":"1800","status":"HU","lat":45.7,"lon":-54.3,"wind_kt":80,"pressure_mb":null,"radius_34kt_nm":null},{"date":"18730826","time":"0000","status":"HU","lat":46,"lon":-54.1,"wind_kt":80,"pressure_mb":null,"radius_34kt_nm":null},{"date":"18730826","time":"0600","status":"HU","lat":46.5,"lon":-54.1,"wind_kt":80,"pressure_mb":null,"radius_34kt_nm":null},{"date":"18730826","time":"1200","status":"HU","lat":47,"lon":-54,"wind_kt":70,"pressure_mb":null,"radius_34kt_nm":null},{"date":"18730826","time":"1800","status":"HU","lat":47.4,"lon":-54,"wind_kt":70,"pressure_mb":null,"radius_34kt_nm":null},{"date":"18730827","time":"0000","status":"HU","lat":47.8,"lon":-53.9,"wind_kt":70,"pressure_mb":null,"radius_34kt_nm":null},{"date":"18730827","time":"0600","status":"HU","lat":48.2,"lon":-53.7,"wind_kt":70,"pressure_mb":null,"radius_34kt_nm":null},{"date":"18730827","time":"1200","status":"EX","lat":48.5,"lon":-53.5,"wind_kt":60,"pressure_mb":null,"radius_34kt_nm":null},{"date":"18730827","time":"1800","status":"EX","lat":49.4,"lon":-52.6,"wind_kt":60,"pressure_mb":null,"radius_34kt_nm":null},{"date":"18730828","time":"0000","status":"EX","lat":50.4,"lon":-51.3,"wind_kt":60,"pressure_mb":null,"radius_34kt_nm":null},{"date":"18730828","time":"0600","status":"EX","lat":51,"lon":-49.8,"wind_kt":60,"pressure_mb":null,"radius_34kt_nm":null},{"date":"18730828","time":"1200","status":"EX","lat":52,"lon":-48,"wind_kt":50,"pressure_mb":null,"radius_34kt_nm":null},{"date":"18730828","time":"1800","status":"EX","lat":53,"lon":-46,"wind_kt":50,"pressure_mb":null,"radius_34kt_nm":null}]}},{"type":"Feature","geometry":{"type":"LineString","coordinates":[[-89.9,22.7],[-89.9,23.5],[-89.6,24.5],[-88.9,25.7],[-87.8,26.8],[-86.6,27.9],[-85.1,29.1],[-84.4,29.9],[-83.4,30.7],[-80.6,32.5],[-77.8,33.5],[-74.5,34.2],[-70.3,34.5]]},"properties":{"id":"hur-al031873","event_type":"hurricane","name":null,"year":1873,"max_wind_kt":70,"min_pressure_mb":null,"category":1,"preliminary":false,"start_date":"18730918","end_date":"18730920","track":[{"date":"18730918","time":"0000","status":"HU","lat":22.7,"lon":-89.9,"wind_kt":70,"pressure_mb":null,"radius_34kt_nm":null},{"date":"18730918","time":"0600","status":"HU","lat":23.5,"lon":-89.9,"wind_kt":70,"pressure_mb":null,"radius_34kt_nm":null},{"date":"18730918","time":"1200","status":"HU","lat":24.5,"lon":-89.6,"wind_kt":70,"pressure_mb":null,"radius_34kt_nm":null},{"date":"18730918","time":"1800","status":"HU","lat":25.7,"lon":-88.9,"wind_kt":70,"pressure_mb":null,"radius_34kt_nm":null},{"date":"18730919","time":"0000","status":"HU","lat":26.8,"lon":-87.8,"wind_kt":70,"pressure_mb":null,"radius_34kt_nm":null},{"date":"18730919","time":"0600","status":"HU","lat":27.9,"lon":-86.6,"wind_kt":70,"pressure_mb":null,"radius_34kt_nm":null},{"date":"18730919","time":"1200","status":"HU","lat":29.1,"lon":-85.1,"wind_kt":70,"pressure_mb":null,"radius_34kt_nm":null},{"date":"18730919","time":"1500","status":"HU","lat":29.9,"lon":-84.4,"wind_kt":70,"pressure_mb":null,"radius_34kt_nm":null},{"date":"18730919","time":"1800","status":"TS","lat":30.7,"lon":-83.4,"wind_kt":60,"pressure_mb":null,"radius_34kt_nm":null},{"date":"18730920","time":"0000","status":"TS","lat":32.5,"lon":-80.6,"wind_kt":50,"pressure_mb":null,"radius_34kt_nm":null},{"date":"18730920","time":"0600","status":"TS","lat":33.5,"lon":-77.8,"wind_kt":60,"pressure_mb":null,"radius_34kt_nm":null},{"date":"18730920","time":"1200","status":"HU","lat":34.2,"lon":-74.5,"wind_kt":70,"pressure_mb":null,"radius_34kt_nm":null},{"date":"18730920","time":"1800","status":"HU","lat":34.5,"lon":-70.3,"wind_kt":70,"pressure_mb":null,"radius_34kt_nm":null}]}},{"type":"Feature","geometry":{"type":"LineString","coordinates":[[-86.1,22.2],[-86,23.2],[-85.5,24.2],[-85,25],[-84.1,26],[-83.4,27],[-82.8,27.8],[-82.6,28.1],[-81.3,29.3],[-79,31.1],[-76.8,32.9],[-73.6,34.9],[-70,36.7]]},"properties":{"id":"hur-al041873","event_type":"hurricane","name":null,"year":1873,"max_wind_kt":50,"min_pressure_mb":null,"category":0,"preliminary":false,"start_date":"18730922","end_date":"18730924","track":[{"date":"18730922","time":"0000","status":"TS","lat":22.2,"lon":-86.1,"wind_kt":40,"pressure_mb":null,"radius_34kt_nm":null},{"date":"18730922","time":"0600","status":"TS","lat":23.2,"lon":-86,"wind_kt":40,"pressure_mb":null,"radius_34kt_nm":null},{"date":"18730922","time":"1200","status":"TS","lat":24.2,"lon":-85.5,"wind_kt":40,"pressure_mb":null,"radius_34kt_nm":null},{"date":"18730922","time":"1800","status":"TS","lat":25,"lon":-85,"wind_kt":40,"pressure_mb":null,"radius_34kt_nm":null},{"date":"18730923","time":"0000","status":"TS","lat":26,"lon":-84.1,"wind_kt":50,"pressure_mb":null,"radius_34kt_nm":null},{"date":"18730923","time":"0600","status":"TS","lat":27,"lon":-83.4,"wind_kt":50,"pressure_mb":null,"radius_34kt_nm":null},{"date":"18730923","time":"1000","status":"TS","lat":27.8,"lon":-82.8,"wind_kt":50,"pressure_mb":null,"radius_34kt_nm":null},{"date":"18730923","time":"1200","status":"TS","lat":28.1,"lon":-82.6,"wind_kt":50,"pressure_mb":null,"radius_34kt_nm":null},{"date":"18730923","time":"1800","status":"TS","lat":29.3,"lon":-81.3,"wind_kt":40,"pressure_mb":null,"radius_34kt_nm":null},{"date":"18730924","time":"0000","status":"TS","lat":31.1,"lon":-79,"wind_kt":40,"pressure_mb":null,"radius_34kt_nm":null},{"date":"18730924","time":"0600","status":"TS","lat":32.9,"lon":-76.8,"wind_kt":40,"pressure_mb":null,"radius_34kt_nm":null},{"date":"18730924","time":"1200","status":"TS","lat":34.9,"lon":-73.6,"wind_kt":50,"pressure_mb":null,"radius_34kt_nm":null},{"date":"18730924","time":"1800","status":"TS","lat":36.7,"lon":-70,"wind_kt":50,"pressure_mb":null,"radius_34kt_nm":null}]}},{"type":"Feature","geometry":{"type":"LineString","coordinates":[[-62.3,14.7],[-63.1,14.8],[-64,15],[-65.1,15.3],[-66.5,15.7],[-67.6,16],[-69,16.2],[-70.1,16.6],[-71.1,16.9],[-72.3,17.4],[-73,18],[-73.9,19],[-74.5,19.7],[-75.5,20.2],[-76.5,20.2],[-77.1,20.2],[-77.8,20.1],[-78.4,20],[-79,20],[-79.6,20.1],[-80.1,20.1],[-80.6,20.1],[-81,20],[-81.4,20],[-81.8,20],[-82.1,20],[-82.5,20],[-82.8,20],[-83.1,20],[-83.6,20],[-84,20],[-84.6,20],[-85.1,20],[-85.6,20.1],[-86,20.2],[-86.1,20.4],[-86.4,20.8],[-86.5,21.2],[-86.5,21.5],[-86.4,21.9],[-86.1,22.4],[-85.9,23],[-85.5,23.7],[-84.1,24.7],[-82.5,26.2],[-82.2,26.5],[-80.3,28.1],[-78.6,29.7],[-77.1,31.1],[-75.6,32.4],[-74.1,33.7],[-72.6,35],[-70.9,36.3],[-68.5,37.5],[-66.1,38.8],[-64.5,39.5],[-63,40],[-61.5,40.5],[-60,41]]},"properties":{"id":"hur-al051873","event_type":"hurricane","name":null,"year":1873,"max_wind_kt":100,"min_pressure_mb":959,"category":3,"preliminary":false,"start_date":"18730926","end_date":"18731010","track":[{"date":"18730926","time":"0000","status":"TS","lat":14.7,"lon":-62.3,"wind_kt":40,"pressure_mb":null,"radius_34kt_nm":null},{"date":"18730926","time":"0600","status":"TS","lat":14.8,"lon":-63.1,"wind_kt":40,"pressure_mb":null,"radius_34kt_nm":null},{"date":"18730926","time":"1200","status":"TS","lat":15,"lon":-64,"wind_kt":50,"pressure_mb":null,"radius_34kt_nm":null},{"date":"18730926","time":"1800","status":"TS","lat":15.3,"lon":-65.1,"wind_kt":50,"pressure_mb":null,"radius_34kt_nm":null},{"date":"18730927","time":"0000","status":"TS","lat":15.7,"lon":-66.5,"wind_kt":60,"pressure_mb":null,"radius_34kt_nm":null},{"date":"18730927","time":"0600","status":"TS","lat":16,"lon":-67.6,"wind_kt":60,"pressure_mb":null,"radius_34kt_nm":null},{"date":"18730927","time":"1200","status":"HU","lat":16.2,"lon":-69,"wind_kt":70,"pressure_mb":null,"radius_34kt_nm":null},{"date":"18730927","time":"1800","status":"HU","lat":16.6,"lon":-70.1,"wind_kt":70,"pressure_mb":null,"radius_34kt_nm":null},{"date":"18730928","time":"0000","status":"HU","lat":16.9,"lon":-71.1,"wind_kt":80,"pressure_mb":null,"radius_34kt_nm":null},{"date":"18730928","time":"0600","status":"HU","lat":17.4,"lon":-72.3,"wind_kt":90,"pressure_mb":null,"radius_34kt_nm":null},{"date":"18730928","time":"1200","status":"HU","lat":18,"lon":-73,"wind_kt":100,"pressure_mb":null,"radius_34kt_nm":null},{"date":"18730928","time":"1800","status":"HU","lat":19,"lon":-73.9,"wind_kt":90,"pressure_mb":null,"radius_34kt_nm":null},{"date":"18730929","time":"0000","status":"HU","lat":19.7,"lon":-74.5,"wind_kt":90,"pressure_mb":null,"radius_34kt_nm":null},{"date":"18730929","time":"0600","status":"HU","lat":20.2,"lon":-75.5,"wind_kt":80,"pressure_mb":null,"radius_34kt_nm":null},{"date":"18730929","time":"1200","status":"TS","lat":20.2,"lon":-76.5,"wind_kt":60,"pressure_mb":null,"radius_34kt_nm":null},{"date":"18730929","time":"1800","status":"TS","lat":20.2,"lon":-77.1,"wind_kt":50,"pressure_mb":null,"radius_34kt_nm":null},{"date":"18730930","time":"0000","status":"TS","lat":20.1,"lon":-77.8,"wind_kt":40,"pressure_mb":null,"radius_34kt_nm":null},{"date":"18730930","time":"0600","status":"TS","lat":20,"lon":-78.4,"wind_kt":40,"pressure_mb":null,"radius_34kt_nm":null},{"date":"18730930","time":"1200","status":"TS","lat":20,"lon":-79,"wind_kt":40,"pressure_mb":null,"radius_34kt_nm":null},{"date":"18730930","time":"1800","status":"TS","lat":20.1,"lon":-79.6,"wind_kt":40,"pressure_mb":null,"radius_34kt_nm":null},{"date":"18731001","time":"0000","status":"TS","lat":20.1,"lon":-80.1,"wind_kt":40,"pressure_mb":null,"radius_34kt_nm":null},{"date":"18731001","time":"0600","status":"TS","lat":20.1,"lon":-80.6,"wind_kt":40,"pressure_mb":null,"radius_34kt_nm":null},{"date":"18731001","time":"1200","status":"TS","lat":20,"lon":-81,"wind_kt":40,"pressure_mb":null,"radius_34kt_nm":null},{"date":"18731001","time":"1800","status":"TS","lat":20,"lon":-81.4,"wind_kt":40,"pressure_mb":null,"radius_34kt_nm":null},{"date":"18731002","time":"0000","status":"TS","lat":20,"lon":-81.8,"wind_kt":50,"pressure_mb":null,"radius_34kt_nm":null},{"date":"18731002","time":"0600","status":"TS","lat":20,"lon":-82.1,"wind_kt":50,"pressure_mb":null,"radius_34kt_nm":null},{"date":"18731002","time":"1200","status":"TS","lat":20,"lon":-82.5,"wind_kt":50,"pressure_mb":null,"radius_34kt_nm":null},{"date":"18731002","time":"1800","status":"TS","lat":20,"lon":-82.8,"wind_kt":50,"pressure_mb":null,"radius_34kt_nm":null},{"date":"18731003","time":"0000","status":"TS","lat":20,"lon":-83.1,"wind_kt":60,"pressure_mb":null,"radius_34kt_nm":null},{"date":"18731003","time":"0600","status":"TS","lat":20,"lon":-83.6,"wind_kt":60,"pressure_mb":null,"radius_34kt_nm":null},{"date":"18731003","time":"1200","status":"HU","lat":20,"lon":-84,"wind_kt":70,"pressure_mb":null,"radius_34kt_nm":null},{"date":"18731003","time":"1800","status":"HU","lat":20,"lon":-84.6,"wind_kt":70,"pressure_mb":null,"radius_34kt_nm":null},{"date":"18731004","time":"0000","status":"HU","lat":20,"lon":-85.1,"wind_kt":70,"pressure_mb":null,"radius_34kt_nm":null},{"date":"18731004","time":"0600","status":"HU","lat":20.1,"lon":-85.6,"wind_kt":70,"pressure_mb":null,"radius_34kt_nm":null},{"date":"18731004","time":"1200","status":"HU","lat":20.2,"lon":-86,"wind_kt":80,"pressure_mb":null,"radius_34kt_nm":null},{"date":"18731004","time":"1800","status":"HU","lat":20.4,"lon":-86.1,"wind_kt":80,"pressure_mb":null,"radius_34kt_nm":null},{"date":"18731005","time":"0000","status":"HU","lat":20.8,"lon":-86.4,"wind_kt":80,"pressure_mb":null,"radius_34kt_nm":null},{"date":"18731005","time":"0600","status":"HU","lat":21.2,"lon":-86.5,"wind_kt":80,"pressure_mb":null,"radius_34kt_nm":null},{"date":"18731005","time":"1200","status":"HU","lat":21.5,"lon":-86.5,"wind_kt":90,"pressure_mb":null,"radius_34kt_nm":null},{"date":"18731005","time":"1800","status":"HU","lat":21.9,"lon":-86.4,"wind_kt":90,"pressure_mb":null,"radius_34kt_nm":null},{"date":"18731006","time":"0000","status":"HU","lat":22.4,"lon":-86.1,"wind_kt":90,"pressure_mb":null,"radius_34kt_nm":null},{"date":"18731006","time":"0600","status":"HU","lat":23,"lon":-85.9,"wind_kt":90,"pressure_mb":null,"radius_34kt_nm":null},{"date":"18731006","time":"1200","status":"HU","lat":23.7,"lon":-85.5,"wind_kt":100,"pressure_mb":null,"radius_34kt_nm":null},{"date":"18731006","time":"1800","status":"HU","lat":24.7,"lon":-84.1,"wind_kt":100,"pressure_mb":null,"radius_34kt_nm":null},{"date":"18731007","time":"0000","status":"HU","lat":26.2,"lon":-82.5,"wind_kt":100,"pressure_mb":959,"radius_34kt_nm":null},{"date":"18731007","time":"0100","status":"HU","lat":26.5,"lon":-82.2,"wind_kt":100,"pressure_mb":959,"radius_34kt_nm":null},{"date":"18731007","time":"0600","status":"HU","lat":28.1,"lon":-80.3,"wind_kt":80,"pressure_mb":null,"radius_34kt_nm":null},{"date":"18731007","time":"1200","status":"HU","lat":29.7,"lon":-78.6,"wind_kt":80,"pressure_mb":null,"radius_34kt_nm":null},{"date":"18731007","time":"1800","status":"HU","lat":31.1,"lon":-77.1,"wind_kt":80,"pressure_mb":null,"radius_34kt_nm":null},{"date":"18731008","time":"0000","status":"HU","lat":32.4,"lon":-75.6,"wind_kt":90,"pressure_mb":null,"radius_34kt_nm":null},{"date":"18731008","time":"0600","status":"HU","lat":33.7,"lon":-74.1,"wind_kt":90,"pressure_mb":null,"radius_34kt_nm":null},{"date":"18731008","time":"1200","status":"HU","lat":35,"lon":-72.6,"wind_kt":80,"pressure_mb":null,"radius_34kt_nm":null},{"date":"18731008","time":"1800","status":"HU","lat":36.3,"lon":-70.9,"wind_kt":80,"pressure_mb":null,"radius_34kt_nm":null},{"date":"18731009","time":"0000","status":"HU","lat":37.5,"lon":-68.5,"wind_kt":70,"pressure_mb":null,"radius_34kt_nm":null},{"date":"18731009","time":"0600","status":"HU","lat":38.8,"lon":-66.1,"wind_kt":70,"pressure_mb":null,"radius_34kt_nm":null},{"date":"18731009","time":"1200","status":"EX","lat":39.5,"lon":-64.5,"wind_kt":60,"pressure_mb":null,"radius_34kt_nm":null},{"date":"18731009","time":"1800","status":"EX","lat":40,"lon":-63,"wind_kt":60,"pressure_mb":null,"radius_34kt_nm":null},{"date":"18731010","time":"0000","status":"EX","lat":40.5,"lon":-61.5,"wind_kt":60,"pressure_mb":null,"radius_34kt_nm":null},{"date":"18731010","time":"0600","status":"EX","lat":41,"lon":-60,"wind_kt":60,"pressure_mb":null,"radius_34kt_nm":null}]}},{"type":"Feature","geometry":{"type":"LineString","coordinates":[[-85.1,25.8],[-85.9,26.2],[-86.6,26.7],[-87.4,27.1],[-88.3,27.4],[-89.1,27.7],[-90.1,27.8],[-91.3,27.9],[-92.5,27.9],[-93.8,27.9],[-94.9,28],[-95.8,28.3],[-96.2,28.5],[-96.8,28.8],[-97.8,29.4]]},"properties":{"id":"hur-al011874","event_type":"hurricane","name":null,"year":1874,"max_wind_kt":50,"min_pressure_mb":null,"category":0,"preliminary":false,"start_date":"18740702","end_date":"18740705","track":[{"date":"18740702","time":"0000","status":"TS","lat":25.8,"lon":-85.1,"wind_kt":40,"pressure_mb":null,"radius_34kt_nm":null},{"date":"18740702","time":"0600","status":"TS","lat":26.2,"lon":-85.9,"wind_kt":40,"pressure_mb":null,"radius_34kt_nm":null},{"date":"18740702","time":"1200","status":"TS","lat":26.7,"lon":-86.6,"wind_kt":40,"pressure_mb":null,"radius_34kt_nm":null},{"date":"18740702","time":"1800","status":"TS","lat":27.1,"lon":-87.4,"wind_kt":40,"pressure_mb":null,"radius_34kt_nm":null},{"date":"18740703","time":"0000","status":"TS","lat":27.4,"lon":-88.3,"wind_kt":50,"pressure_mb":null,"radius_34kt_nm":null},{"date":"18740703","time":"0600","status":"TS","lat":27.7,"lon":-89.1,"wind_kt":50,"pressure_mb":null,"radius_34kt_nm":null},{"date":"18740703","time":"1200","status":"TS","lat":27.8,"lon":-90.1,"wind_kt":50,"pressure_mb":null,"radius_34kt_nm":null},{"date":"18740703","time":"1800","status":"TS","lat":27.9,"lon":-91.3,"wind_kt":50,"pressure_mb":null,"radius_34kt_nm":null},{"date":"18740704","time":"0000","status":"TS","lat":27.9,"lon":-92.5,"wind_kt":50,"pressure_mb":null,"radius_34kt_nm":null},{"date":"18740704","time":"0600","status":"TS","lat":27.9,"lon":-93.8,"wind_kt":50,"pressure_mb":null,"radius_34kt_nm":null},{"date":"18740704","time":"1200","status":"TS","lat":28,"lon":-94.9,"wind_kt":50,"pressure_mb":null,"radius_34kt_nm":null},{"date":"18740704","time":"1800","status":"TS","lat":28.3,"lon":-95.8,"wind_kt":50,"pressure_mb":null,"radius_34kt_nm":null},{"date":"18740704","time":"2000","status":"TS","lat":28.5,"lon":-96.2,"wind_kt":50,"pressure_mb":null,"radius_34kt_nm":null},{"date":"18740705","time":"0000","status":"TS","lat":28.8,"lon":-96.8,"wind_kt":40,"pressure_mb":null,"radius_34kt_nm":null},{"date":"18740705","time":"0600","status":"TD","lat":29.4,"lon":-97.8,"wind_kt":30,"pressure_mb":null,"radius_34kt_nm":null}]}},{"type":"Feature","geometry":{"type":"LineString","coordinates":[[-53.6,24.7],[-54.6,26],[-55.4,27],[-56.3,28.1],[-57.4,29.5],[-58.2,30.6],[-59,31.6],[-59.7,32.5],[-60.3,33.5],[-60.8,34.4],[-61.3,35.4],[-61.6,36.8],[-62,38],[-62,39.8],[-61.8,41.2],[-61.1,43],[-59.9,44.5],[-58.4,46],[-57,47],[-55.7,47.7]]},"properties":{"id":"hur-al021874","event_type":"hurricane","name":null,"year":1874,"max_wind_kt":70,"min_pressure_mb":null,"category":1,"preliminary":false,"start_date":"18740803","end_date":"18740807","track":[{"date":"18740803","time":"0000","status":"TS","lat":24.7,"lon":-53.6,"wind_kt":50,"pressure_mb":null,"radius_34kt_nm":null},{"date":"18740803","time":"0600","status":"TS","lat":26,"lon":-54.6,"wind_kt":50,"pressure_mb":null,"radius_34kt_nm":null},{"date":"18740803","time":"1200","status":"TS","lat":27,"lon":-55.4,"wind_kt":50,"pressure_mb":null,"radius_34kt_nm":null},{"date":"18740803","time":"1800","status":"TS","lat":28.1,"lon":-56.3,"wind_kt":50,"pressure_mb":null,"radius_34kt_nm":null},{"date":"18740804","time":"0000","status":"TS","lat":29.5,"lon":-57.4,"wind_kt":60,"pressure_mb":null,"radius_34kt_nm":null},{"date":"18740804","time":"0600","status":"TS","lat":30.6,"lon":-58.2,"wind_kt":60,"pressure_mb":null,"radius_34kt_nm":null},{"date":"18740804","time":"1200","status":"TS","lat":31.6,"lon":-59,"wind_kt":60,"pressure_mb":null,"radius_34kt_nm":null},{"date":"18740804","time":"1800","status":"TS","lat":32.5,"lon":-59.7,"wind_kt":60,"pressure_mb":null,"radius_34kt_nm":null},{"date":"18740805","time":"0000","status":"HU","lat":33.5,"lon":-60.3,"wind_kt":70,"pressure_mb":null,"radius_34kt_nm":null},{"date":"18740805","time":"0600","status":"HU","lat":34.4,"lon":-60.8,"wind_kt":70,"pressure_mb":null,"radius_34kt_nm":null},{"date":"18740805","time":"1200","status":"HU","lat":35.4,"lon":-61.3,"wind_kt":70,"pressure_mb":null,"radius_34kt_nm":null},{"date":"18740805","time":"1800","status":"HU","lat":36.8,"lon":-61.6,"wind_kt":70,"pressure_mb":null,"radius_34kt_nm":null},{"date":"18740806","time":"0000","status":"HU","lat":38,"lon":-62,"wind_kt":70,"pressure_mb":null,"radius_34kt_nm":null},{"date":"18740806","time":"0600","status":"HU","lat":39.8,"lon":-62,"wind_kt":70,"pressure_mb":null,"radius_34kt_nm":null},{"date":"18740806","time":"1200","status":"HU","lat":41.2,"lon":-61.8,"wind_kt":70,"pressure_mb":null,"radius_34kt_nm":null},{"date":"18740806","time":"1800","status":"HU","lat":43,"lon":-61.1,"wind_kt":70,"pressure_mb":null,"radius_34kt_nm":null},{"date":"18740807","time":"0000","status":"HU","lat":44.5,"lon":-59.9,"wind_kt":70,"pressure_mb":null,"radius_34kt_nm":null},{"date":"18740807","time":"0600","status":"HU","lat":46,"lon":-58.4,"wind_kt":70,"pressure_mb":null,"radius_34kt_nm":null},{"date":"18740807","time":"1200","status":"TS","lat":47,"lon":-57,"wind_kt":60,"pressure_mb":null,"radius_34kt_nm":null},{"date":"18740807","time":"1800","status":"TS","lat":47.7,"lon":-55.7,"wind_kt":60,"pressure_mb":null,"radius_34kt_nm":null}]}},{"type":"Feature","geometry":{"type":"LineString","coordinates":[[-34.5,13.6],[-35.5,13.8],[-36.5,14],[-37.5,14.3],[-38.5,14.6],[-39.5,14.9],[-40.5,15.3],[-41.4,15.6],[-42.4,15.9],[-43.5,16.2],[-44.7,16.7],[-45.8,17],[-46.9,17.5],[-48,17.7],[-49.3,18.2],[-50.5,18.7],[-51.8,19.4],[-52.8,19.9],[-54,20.5],[-55,21.1],[-56,21.7],[-57.1,22.4],[-58,23],[-58.9,23.6],[-59.8,24.5],[-60.7,25.4],[-61.5,26.5],[-62.2,27.3],[-62.9,28.1],[-63.8,29.1],[-64.3,30],[-65,31.1],[-65.6,32.3],[-66.1,33.5],[-66.6,35],[-67,37],[-66.5,39.3],[-65.1,41.3],[-63.5,42.9],[-61,44.5],[-58,46],[-55,47.5]]},"properties":{"id":"hur-al031874","event_type":"hurricane","name":null,"year":1874,"max_wind_kt":80,"min_pressure_mb":null,"category":1,"preliminary":false,"start_date":"18740829","end_date":"18740908","track":[{"date":"18740829","time":"0000","status":"TS","lat":13.6,"lon":-34.5,"wind_kt":40,"pressure_mb":null,"radius_34kt_nm":null},{"date":"18740829","time":"0600","status":"TS","lat":13.8,"lon":-35.5,"wind_kt":40,"pressure_mb":null,"radius_34kt_nm":null},{"date":"18740829","time":"1200","status":"TS","lat":14,"lon":-36.5,"wind_kt":40,"pressure_mb":null,"radius_34kt_nm":null},{"date":"18740829","time":"1800","status":"TS","lat":14.3,"lon":-37.5,"wind_kt":40,"pressure_mb":null,"radius_34kt_nm":null},{"date":"18740830","time":"0000","status":"TS","lat":14.6,"lon":-38.5,"wind_kt":40,"pressure_mb":null,"radius_34kt_nm":null},{"date":"18740830","time":"0600","status":"TS","lat":14.9,"lon":-39.5,"wind_kt":40,"pressure_mb":null,"radius_34kt_nm":null},{"date":"18740830","time":"1200","status":"TS","lat":15.3,"lon":-40.5,"wind_kt":40,"pressure_mb":null,"radius_34kt_nm":null},{"date":"18740830","time":"1800","status":"TS","lat":15.6,"lon":-41.4,"wind_kt":40,"pressure_mb":null,"radius_34kt_nm":null},{"date":"18740831","time":"0000","status":"TS","lat":15.9,"lon":-42.4,"wind_kt":50,"pressure_mb":null,"radius_34kt_nm":null},{"date":"18740831","time":"0600","status":"TS","lat":16.2,"lon":-43.5,"wind_kt":50,"pressure_mb":null,"radius_34kt_nm":null},{"date":"18740831","time":"1200","status":"TS","lat":16.7,"lon":-44.7,"wind_kt":50,"pressure_mb":null,"radius_34kt_nm":null},{"date":"18740831","time":"1800","status":"TS","lat":17,"lon":-45.8,"wind_kt":50,"pressure_mb":null,"radius_34kt_nm":null},{"date":"18740901","time":"0000","status":"TS","lat":17.5,"lon":-46.9,"wind_kt":60,"pressure_mb":null,"radius_34kt_nm":null},{"date":"18740901","time":"0600","status":"TS","lat":17.7,"lon":-48,"wind_kt":60,"pressure_mb":null,"radius_34kt_nm":null},{"date":"18740901","time":"1200","status":"TS","lat":18.2,"lon":-49.3,"wind_kt":60,"pressure_mb":null,"radius_34kt_nm":null},{"date":"18740901","time":"1800","status":"TS","lat":18.7,"lon":-50.5,"wind_kt":60,"pressure_mb":null,"radius_34kt_nm":null},{"date":"18740902","time":"0000","status":"HU","lat":19.4,"lon":-51.8,"wind_kt":70,"pressure_mb":null,"radius_34kt_nm":null},{"date":"18740902","time":"0600","status":"HU","lat":19.9,"lon":-52.8,"wind_kt":70,"pressure_mb":null,"radius_34kt_nm":null},{"date":"18740902","time":"1200","status":"HU","lat":20.5,"lon":-54,"wind_kt":70,"pressure_mb":null,"radius_34kt_nm":null},{"date":"18740902","time":"1800","status":"HU","lat":21.1,"lon":-55,"wind_kt":70,"pressure_mb":null,"radius_34kt_nm":null},{"date":"18740903","time":"0000","status":"HU","lat":21.7,"lon":-56,"wind_kt":70,"pressure_mb":null,"radius_34kt_nm":null},{"date":"18740903","time":"0600","status":"HU","lat":22.4,"lon":-57.1,"wind_kt":70,"pressure_mb":null,"radius_34kt_nm":null},{"date":"18740903","time":"1200","status":"HU","lat":23,"lon":-58,"wind_kt":70,"pressure_mb":null,"radius_34kt_nm":null},{"date":"18740903","time":"1800","status":"HU","lat":23.6,"lon":-58.9,"wind_kt":70,"pressure_mb":null,"radius_34kt_nm":null},{"date":"18740904","time":"0000","status":"HU","lat":24.5,"lon":-59.8,"wind_kt":70,"pressure_mb":null,"radius_34kt_nm":null},{"date":"18740904","time":"0600","status":"HU","lat":25.4,"lon":-60.7,"wind_kt":70,"pressure_mb":null,"radius_34kt_nm":null},{"date":"18740904","time":"1200","status":"HU","lat":26.5,"lon":-61.5,"wind_kt":70,"pressure_mb":null,"radius_34kt_nm":null},{"date":"18740904","time":"1800","status":"HU","lat":27.3,"lon":-62.2,"wind_kt":70,"pressure_mb":null,"radius_34kt_nm":null},{"date":"18740905","time":"0000","status":"HU","lat":28.1,"lon":-62.9,"wind_kt":70,"pressure_mb":null,"radius_34kt_nm":null},{"date":"18740905","time":"0600","status":"HU","lat":29.1,"lon":-63.8,"wind_kt":70,"pressure_mb":null,"radius_34kt_nm":null},{"date":"18740905","time":"1200","status":"HU","lat":30,"lon":-64.3,"wind_kt":70,"pressure_mb":null,"radius_34kt_nm":null},{"date":"18740905","time":"1800","status":"HU","lat":31.1,"lon":-65,"wind_kt":70,"pressure_mb":null,"radius_34kt_nm":null},{"date":"18740906","time":"0000","status":"HU","lat":32.3,"lon":-65.6,"wind_kt":80,"pressure_mb":null,"radius_34kt_nm":null},{"date":"18740906","time":"0600","status":"HU","lat":33.5,"lon":-66.1,"wind_kt":80,"pressure_mb":null,"radius_34kt_nm":null},{"date":"18740906","time":"1200","status":"HU","lat":35,"lon":-66.6,"wind_kt":80,"pressure_mb":null,"radius_34kt_nm":null},{"date":"18740906","time":"1800","status":"HU","lat":37,"lon":-67,"wind_kt":80,"pressure_mb":null,"radius_34kt_nm":null},{"date":"18740907","time":"0000","status":"HU","lat":39.3,"lon":-66.5,"wind_kt":80,"pressure_mb":null,"radius_34kt_nm":null},{"date":"18740907","time":"0600","status":"HU","lat":41.3,"lon":-65.1,"wind_kt":80,"pressure_mb":null,"radius_34kt_nm":null},{"date":"18740907","time":"1200","status":"EX","lat":42.9,"lon":-63.5,"wind_kt":70,"pressure_mb":null,"radius_34kt_nm":null},{"date":"18740907","time":"1800","status":"EX","lat":44.5,"lon":-61,"wind_kt":70,"pressure_mb":null,"radius_34kt_nm":null},{"date":"18740908","time":"0000","status":"EX","lat":46,"lon":-58,"wind_kt":60,"pressure_mb":null,"radius_34kt_nm":null},{"date":"18740908","time":"0600","status":"EX","lat":47.5,"lon":-55,"wind_kt":60,"pressure_mb":null,"radius_34kt_nm":null}]}},{"type":"Feature","geometry":{"type":"LineString","coordinates":[[-94.6,20.4],[-95,20.7],[-95.3,21.2],[-95.6,21.5],[-95.9,22],[-96.2,22.4],[-96.5,22.9],[-96.8,23.4],[-97.1,23.9],[-97.4,24.4],[-97.6,25],[-97.8,25.5],[-98,26.1],[-98.1,26.7],[-98.2,27.3],[-98.3,27.8],[-98.4,28.3],[-98.5,28.8],[-98.5,29.2],[-98.5,29.7],[-98.5,30.3],[-98.4,31],[-98.4,31.7],[-98.3,32.5]]},"properties":{"id":"hur-al041874","event_type":"hurricane","name":null,"year":1874,"max_wind_kt":50,"min_pressure_mb":null,"category":0,"preliminary":false,"start_date":"18740902","end_date":"18740907","track":[{"date":"18740902","time":"0000","status":"TS","lat":20.4,"lon":-94.6,"wind_kt":40,"pressure_mb":null,"radius_34kt_nm":null},{"date":"18740902","time":"0600","status":"TS","lat":20.7,"lon":-95,"wind_kt":40,"pressure_mb":null,"radius_34kt_nm":null},{"date":"18740902","time":"1200","status":"TS","lat":21.2,"lon":-95.3,"wind_kt":40,"pressure_mb":null,"radius_34kt_nm":null},{"date":"18740902","time":"1800","status":"TS","lat":21.5,"lon":-95.6,"wind_kt":40,"pressure_mb":null,"radius_34kt_nm":null},{"date":"18740903","time":"0000","status":"TS","lat":22,"lon":-95.9,"wind_kt":40,"pressure_mb":null,"radius_34kt_nm":null},{"date":"18740903","time":"0600","status":"TS","lat":22.4,"lon":-96.2,"wind_kt":40,"pressure_mb":null,"radius_34kt_nm":null},{"date":"18740903","time":"1200","status":"TS","lat":22.9,"lon":-96.5,"wind_kt":40,"pressure_mb":null,"radius_34kt_nm":null},{"date":"18740903","time":"1800","status":"TS","lat":23.4,"lon":-96.8,"wind_kt":40,"pressure_mb":null,"radius_34kt_nm":null},{"date":"18740904","time":"0000","status":"TS","lat":23.9,"lon":-97.1,"wind_kt":50,"pressure_mb":null,"radius_34kt_nm":null},{"date":"18740904","time":"0600","status":"TS","lat":24.4,"lon":-97.4,"wind_kt":50,"pressure_mb":null,"radius_34kt_nm":null},{"date":"18740904","time":"1200","status":"TS","lat":25,"lon":-97.6,"wind_kt":50,"pressure_mb":null,"radius_34kt_nm":null},{"date":"18740904","time":"1800","status":"TS","lat":25.5,"lon":-97.8,"wind_kt":50,"pressure_mb":null,"radius_34kt_nm":null},{"date":"18740905","time":"0000","status":"TS","lat":26.1,"lon":-98,"wind_kt":40,"pressure_mb":null,"radius_34kt_nm":null},{"date":"18740905","time":"0600","status":"TS","lat":26.7,"lon":-98.1,"wind_kt":40,"pressure_mb":null,"radius_34kt_nm":null},{"date":"18740905","time":"1200","status":"TD","lat":27.3,"lon":-98.2,"wind_kt":30,"pressure_mb":null,"radius_34kt_nm":null},{"date":"18740905","time":"1800","status":"TD","lat":27.8,"lon":-98.3,"wind_kt":30,"pressure_mb":null,"radius_34kt_nm":null},{"date":"18740906","time":"0000","status":"TD","lat":28.3,"lon":-98.4,"wind_kt":30,"pressure_mb":null,"radius_34kt_nm":null},{"date":"18740906","time":"0600","status":"TD","lat":28.8,"lon":-98.5,"wind_kt":30,"pressure_mb":null,"radius_34kt_nm":null},{"date":"18740906","time":"1200","status":"TD","lat":29.2,"lon":-98.5,"wind_kt":30,"pressure_mb":null,"radius_34kt_nm":null},{"date":"18740906","time":"1800","status":"TD","lat":29.7,"lon":-98.5,"wind_kt":30,"pressure_mb":null,"radius_34kt_nm":null},{"date":"18740907","time":"0000","status":"TD","lat":30.3,"lon":-98.5,"wind_kt":30,"pressure_mb":null,"radius_34kt_nm":null},{"date":"18740907","time":"0600","status":"TD","lat":31,"lon":-98.4,"wind_kt":30,"pressure_mb":null,"radius_34kt_nm":null},{"date":"18740907","time":"1200","status":"TD","lat":31.7,"lon":-98.4,"wind_kt":30,"pressure_mb":null,"radius_34kt_nm":null},{"date":"18740907","time":"1800","status":"TD","lat":32.5,"lon":-98.3,"wind_kt":30,"pressure_mb":null,"radius_34kt_nm":null}]}},{"type":"Feature","geometry":{"type":"LineString","coordinates":[[-70.6,25.8],[-71.3,26.7],[-72.1,27.7],[-72.8,28.8],[-73.1,29.9],[-73.4,31],[-73.6,32.2],[-73,33.8],[-71.8,35.5],[-69.6,36.5],[-67.3,37.5],[-65.1,38.5],[-63.3,39.9],[-60.8,42],[-58.5,44],[-56.8,45.5]]},"properties":{"id":"hur-al051874","event_type":"hurricane","name":null,"year":1874,"max_wind_kt":50,"min_pressure_mb":null,"category":0,"preliminary":false,"start_date":"18740908","end_date":"18740911","track":[{"date":"18740908","time":"0000","status":"TS","lat":25.8,"lon":-70.6,"wind_kt":50,"pressure_mb":null,"radius_34kt_nm":null},{"date":"18740908","time":"0600","status":"TS","lat":26.7,"lon":-71.3,"wind_kt":50,"pressure_mb":null,"radius_34kt_nm":null},{"date":"18740908","time":"1200","status":"TS","lat":27.7,"lon":-72.1,"wind_kt":50,"pressure_mb":null,"radius_34kt_nm":null},{"date":"18740908","time":"1800","status":"TS","lat":28.8,"lon":-72.8,"wind_kt":50,"pressure_mb":null,"radius_34kt_nm":null},{"date":"18740909","time":"0000","status":"TS","lat":29.9,"lon":-73.1,"wind_kt":50,"pressure_mb":null,"radius_34kt_nm":null},{"date":"18740909","time":"0600","status":"TS","lat":31,"lon":-73.4,"wind_kt":50,"pressure_mb":null,"radius_34kt_nm":null},{"date":"18740909","time":"1200","status":"TS","lat":32.2,"lon":-73.6,"wind_kt":50,"pressure_mb":null,"radius_34kt_nm":null},{"date":"18740909","time":"1800","status":"TS","lat":33.8,"lon":-73,"wind_kt":50,"pressure_mb":null,"radius_34kt_nm":null},{"date":"18740910","time":"0000","status":"TS","lat":35.5,"lon":-71.8,"wind_kt":50,"pressure_mb":null,"radius_34kt_nm":null},{"date":"18740910","time":"0600","status":"TS","lat":36.5,"lon":-69.6,"wind_kt":50,"pressure_mb":null,"radius_34kt_nm":null},{"date":"18740910","time":"1200","status":"TS","lat":37.5,"lon":-67.3,"wind_kt":50,"pressure_mb":null,"radius_34kt_nm":null},{"date":"18740910","time":"1800","status":"TS","lat":38.5,"lon":-65.1,"wind_kt":50,"pressure_mb":null,"radius_34kt_nm":null},{"date":"18740911","time":"0000","status":"TS","lat":39.9,"lon":-63.3,"wind_kt":50,"pressure_mb":null,"radius_34kt_nm":null},{"date":"18740911","time":"0600","status":"TS","lat":42,"lon":-60.8,"wind_kt":50,"pressure_mb":null,"radius_34kt_nm":null},{"date":"18740911","time":"1200","status":"TS","lat":44,"lon":-58.5,"wind_kt":50,"pressure_mb":null,"radius_34kt_nm":null},{"date":"18740911","time":"1800","status":"TS","lat":45.5,"lon":-56.8,"wind_kt":50,"pressure_mb":null,"radius_34kt_nm":null}]}},{"type":"Feature","geometry":{"type":"LineString","coordinates":[[-86.4,17.5],[-87.1,18.1],[-87.5,18.5],[-88,19],[-88.4,19.6],[-88.6,20.4],[-88.8,21.2],[-88.5,22.2],[-88,23.2],[-87.5,24.2],[-86.5,25.2],[-85.1,26.8],[-83.6,28.2],[-82.9,29.1],[-82.3,29.8],[-81,31.4],[-80,32.8],[-79,34],[-78,35.2],[-77,36.8],[-75.5,38.9],[-73.6,40.9],[-71.6,42.7],[-70,44.3],[-68,46],[-65.5,48],[-63,50]]},"properties":{"id":"hur-al061874","event_type":"hurricane","name":null,"year":1874,"max_wind_kt":80,"min_pressure_mb":980,"category":1,"preliminary":false,"start_date":"18740925","end_date":"18741001","track":[{"date":"18740925","time":"0000","status":"TS","lat":17.5,"lon":-86.4,"wind_kt":40,"pressure_mb":null,"radius_34kt_nm":null},{"date":"18740925","time":"0600","status":"TS","lat":18.1,"lon":-87.1,"wind_kt":40,"pressure_mb":null,"radius_34kt_nm":null},{"date":"18740925","time":"1200","status":"TS","lat":18.5,"lon":-87.5,"wind_kt":50,"pressure_mb":null,"radius_34kt_nm":null},{"date":"18740925","time":"1800","status":"TS","lat":19,"lon":-88,"wind_kt":40,"pressure_mb":null,"radius_34kt_nm":null},{"date":"18740926","time":"0000","status":"TS","lat":19.6,"lon":-88.4,"wind_kt":40,"pressure_mb":null,"radius_34kt_nm":null},{"date":"18740926","time":"0600","status":"TD","lat":20.4,"lon":-88.6,"wind_kt":30,"pressure_mb":null,"radius_34kt_nm":null},{"date":"18740926","time":"1200","status":"TD","lat":21.2,"lon":-88.8,"wind_kt":30,"pressure_mb":null,"radius_34kt_nm":null},{"date":"18740926","time":"1800","status":"TS","lat":22.2,"lon":-88.5,"wind_kt":40,"pressure_mb":null,"radius_34kt_nm":null},{"date":"18740927","time":"0000","status":"TS","lat":23.2,"lon":-88,"wind_kt":50,"pressure_mb":null,"radius_34kt_nm":null},{"date":"18740927","time":"0600","status":"TS","lat":24.2,"lon":-87.5,"wind_kt":50,"pressure_mb":null,"radius_34kt_nm":null},{"date":"18740927","time":"1200","status":"TS","lat":25.2,"lon":-86.5,"wind_kt":60,"pressure_mb":null,"radius_34kt_nm":null},{"date":"18740927","time":"1800","status":"TS","lat":26.8,"lon":-85.1,"wind_kt":60,"pressure_mb":null,"radius_34kt_nm":null},{"date":"18740928","time":"0000","status":"HU","lat":28.2,"lon":-83.6,"wind_kt":70,"pressure_mb":null,"radius_34kt_nm":null},{"date":"18740928","time":"0300","status":"HU","lat":29.1,"lon":-82.9,"wind_kt":70,"pressure_mb":null,"radius_34kt_nm":null},{"date":"18740928","time":"0600","status":"TS","lat":29.8,"lon":-82.3,"wind_kt":60,"pressure_mb":null,"radius_34kt_nm":null},{"date":"18740928","time":"1200","status":"HU","lat":31.4,"lon":-81,"wind_kt":70,"pressure_mb":null,"radius_34kt_nm":null},{"date":"18740928","time":"1800","status":"HU","lat":32.8,"lon":-80,"wind_kt":80,"pressure_mb":981,"radius_34kt_nm":null},{"date":"18740929","time":"0000","status":"HU","lat":34,"lon":-79,"wind_kt":70,"pressure_mb":null,"radius_34kt_nm":null},{"date":"18740929","time":"0600","status":"TS","lat":35.2,"lon":-78,"wind_kt":60,"pressure_mb":null,"radius_34kt_nm":null},{"date":"18740929","time":"1200","status":"TS","lat":36.8,"lon":-77,"wind_kt":50,"pressure_mb":null,"radius_34kt_nm":null},{"date":"18740929","time":"1800","status":"TS","lat":38.9,"lon":-75.5,"wind_kt":50,"pressure_mb":null,"radius_34kt_nm":null},{"date":"18740930","time":"0000","status":"TS","lat":40.9,"lon":-73.6,"wind_kt":60,"pressure_mb":null,"radius_34kt_nm":null},{"date":"18740930","time":"0600","status":"TS","lat":42.7,"lon":-71.6,"wind_kt":60,"pressure_mb":null,"radius_34kt_nm":null},{"date":"18740930","time":"1200","status":"EX","lat":44.3,"lon":-70,"wind_kt":60,"pressure_mb":null,"radius_34kt_nm":null},{"date":"18740930","time":"1800","status":"EX","lat":46,"lon":-68,"wind_kt":60,"pressure_mb":980,"radius_34kt_nm":null},{"date":"18741001","time":"0000","status":"EX","lat":48,"lon":-65.5,"wind_kt":50,"pressure_mb":null,"radius_34kt_nm":null},{"date":"18741001","time":"0600","status":"EX","lat":50,"lon":-63,"wind_kt":50,"pressure_mb":null,"radius_34kt_nm":null}]}},{"type":"Feature","geometry":{"type":"LineString","coordinates":[[-78.4,13.5],[-78.3,14.1],[-78.1,14.7],[-78.1,15.1],[-77.9,15.7],[-77.8,16],[-77.6,16.4],[-77.4,17.1],[-77.2,17.7],[-77,18.4],[-76.6,19.1],[-76.1,19.9],[-75.8,20.5],[-75.4,21],[-75,21.5],[-74.4,22.2],[-73.9,23.1],[-73.4,23.7],[-73,24.5],[-72.5,25.5]]},"properties":{"id":"hur-al071874","event_type":"hurricane","name":null,"year":1874,"max_wind_kt":90,"min_pressure_mb":null,"category":2,"preliminary":false,"start_date":"18741031","end_date":"18741104","track":[{"date":"18741031","time":"0000","status":"TS","lat":13.5,"lon":-78.4,"wind_kt":40,"pressure_mb":null,"radius_34kt_nm":null},{"date":"18741031","time":"0600","status":"TS","lat":14.1,"lon":-78.3,"wind_kt":40,"pressure_mb":null,"radius_34kt_nm":null},{"date":"18741031","time":"1200","status":"TS","lat":14.7,"lon":-78.1,"wind_kt":50,"pressure_mb":null,"radius_34kt_nm":null},{"date":"18741031","time":"1800","status":"TS","lat":15.1,"lon":-78.1,"wind_kt":50,"pressure_mb":null,"radius_34kt_nm":null},{"date":"18741101","time":"0000","status":"TS","lat":15.7,"lon":-77.9,"wind_kt":60,"pressure_mb":null,"radius_34kt_nm":null},{"date":"18741101","time":"0600","status":"TS","lat":16,"lon":-77.8,"wind_kt":60,"pressure_mb":null,"radius_34kt_nm":null},{"date":"18741101","time":"1200","status":"HU","lat":16.4,"lon":-77.6,"wind_kt":70,"pressure_mb":null,"radius_34kt_nm":null},{"date":"18741101","time":"1800","status":"HU","lat":17.1,"lon":-77.4,"wind_kt":80,"pressure_mb":null,"radius_34kt_nm":null},{"date":"18741102","time":"0000","status":"HU","lat":17.7,"lon":-77.2,"wind_kt":90,"pressure_mb":null,"radius_34kt_nm":null},{"date":"18741102","time":"0600","status":"HU","lat":18.4,"lon":-77,"wind_kt":70,"pressure_mb":null,"radius_34kt_nm":null},{"date":"18741102","time":"1200","status":"TS","lat":19.1,"lon":-76.6,"wind_kt":60,"pressure_mb":null,"radius_34kt_nm":null},{"date":"18741102","time":"1800","status":"TS","lat":19.9,"lon":-76.1,"wind_kt":60,"pressure_mb":null,"radius_34kt_nm":null},{"date":"18741103","time":"0000","status":"TS","lat":20.5,"lon":-75.8,"wind_kt":50,"pressure_mb":null,"radius_34kt_nm":null},{"date":"18741103","time":"0600","status":"TS","lat":21,"lon":-75.4,"wind_kt":50,"pressure_mb":null,"radius_34kt_nm":null},{"date":"18741103","time":"1200","status":"TS","lat":21.5,"lon":-75,"wind_kt":60,"pressure_mb":null,"radius_34kt_nm":null},{"date":"18741103","time":"1800","status":"TS","lat":22.2,"lon":-74.4,"wind_kt":60,"pressure_mb":null,"radius_34kt_nm":null},{"date":"18741104","time":"0000","status":"HU","lat":23.1,"lon":-73.9,"wind_kt":70,"pressure_mb":null,"radius_34kt_nm":null},{"date":"18741104","time":"0600","status":"HU","lat":23.7,"lon":-73.4,"wind_kt":70,"pressure_mb":null,"radius_34kt_nm":null},{"date":"18741104","time":"1200","status":"HU","lat":24.5,"lon":-73,"wind_kt":70,"pressure_mb":null,"radius_34kt_nm":null},{"date":"18741104","time":"1800","status":"HU","lat":25.5,"lon":-72.5,"wind_kt":70,"pressure_mb":null,"radius_34kt_nm":null}]}},{"type":"Feature","geometry":{"type":"LineString","coordinates":[[-74.5,29.5],[-74,30.4],[-73.5,31.3],[-73,32.3],[-72.5,33.4],[-71.9,34.5],[-71.3,35.7],[-70.6,36.7],[-70,37.5],[-69.1,38.5],[-68,39.5],[-67,40.3],[-66.1,41],[-65.3,41.7],[-64,42.5],[-62,43.5]]},"properties":{"id":"hur-al011875","event_type":"hurricane","name":null,"year":1875,"max_wind_kt":70,"min_pressure_mb":null,"category":1,"preliminary":false,"start_date":"18750816","end_date":"18750819","track":[{"date":"18750816","time":"0000","status":"HU","lat":29.5,"lon":-74.5,"wind_kt":70,"pressure_mb":null,"radius_34kt_nm":null},{"date":"18750816","time":"0600","status":"HU","lat":30.4,"lon":-74,"wind_kt":70,"pressure_mb":null,"radius_34kt_nm":null},{"date":"18750816","time":"1200","status":"HU","lat":31.3,"lon":-73.5,"wind_kt":70,"pressure_mb":null,"radius_34kt_nm":null},{"date":"18750816","time":"1800","status":"HU","lat":32.3,"lon":-73,"wind_kt":70,"pressure_mb":null,"radius_34kt_nm":null},{"date":"18750817","time":"0000","status":"HU","lat":33.4,"lon":-72.5,"wind_kt":70,"pressure_mb":null,"radius_34kt_nm":null},{"date":"18750817","time":"0600","status":"HU","lat":34.5,"lon":-71.9,"wind_kt":70,"pressure_mb":null,"radius_34kt_nm":null},{"date":"18750817","time":"1200","status":"HU","lat":35.7,"lon":-71.3,"wind_kt":70,"pressure_mb":null,"radius_34kt_nm":null},{"date":"18750817","time":"1800","status":"HU","lat":36.7,"lon":-70.6,"wind_kt":70,"pressure_mb":null,"radius_34kt_nm":null},{"date":"18750818","time":"0000","status":"HU","lat":37.5,"lon":-70,"wind_kt":70,"pressure_mb":null,"radius_34kt_nm":null},{"date":"18750818","time":"0600","status":"HU","lat":38.5,"lon":-69.1,"wind_kt":70,"pressure_mb":null,"radius_34kt_nm":null},{"date":"18750818","time":"1200","status":"HU","lat":39.5,"lon":-68,"wind_kt":70,"pressure_mb":null,"radius_34kt_nm":null},{"date":"18750818","time":"1800","status":"HU","lat":40.3,"lon":-67,"wind_kt":70,"pressure_mb":null,"radius_34kt_nm":null},{"date":"18750819","time":"0000","status":"HU","lat":41,"lon":-66.1,"wind_kt":70,"pressure_mb":null,"radius_34kt_nm":null},{"date":"18750819","time":"0600","status":"HU","lat":41.7,"lon":-65.3,"wind_kt":70,"pressure_mb":null,"radius_34kt_nm":null},{"date":"18750819","time":"1200","status":"HU","lat":42.5,"lon":-64,"wind_kt":70,"pressure_mb":null,"radius_34kt_nm":null},{"date":"18750819","time":"1800","status":"HU","lat":43.5,"lon":-62,"wind_kt":70,"pressure_mb":null,"radius_34kt_nm":null}]}},{"type":"Feature","geometry":{"type":"LineString","coordinates":[[-36,10.5],[-37.5,10.5],[-39,10.6],[-40.5,10.8],[-42,11.1],[-43.5,11.5],[-45,12],[-46.3,12.6],[-47.5,13.4],[-48.5,14.2],[-49.5,15],[-50.5,15.9],[-51.5,16.9],[-52.4,17.7],[-53.3,18.7],[-54.1,19.4],[-54.9,20.2],[-55.8,21],[-56.5,21.7],[-57.2,22.4],[-58,23.1],[-58.5,23.6],[-59,24.2],[-59.7,25.2],[-60.2,26.2],[-60.5,27],[-60.6,28.2],[-60.1,29.8],[-59.2,31.7],[-57.9,33.5],[-56.7,35],[-55,36.5],[-53.1,38],[-51,39.5],[-49,41],[-47.7,42],[-46.4,43.4],[-45.2,44.5],[-44,46],[-43,47.5]]},"properties":{"id":"hur-al021875","event_type":"hurricane","name":null,"year":1875,"max_wind_kt":70,"min_pressure_mb":982,"category":1,"preliminary":false,"start_date":"18750901","end_date":"18750910","track":[{"date":"18750901","time":"0000","status":"TS","lat":10.5,"lon":-36,"wind_kt":40,"pressure_mb":null,"radius_34kt_nm":null},{"date":"18750901","time":"0600","status":"TS","lat":10.5,"lon":-37.5,"wind_kt":40,"pressure_mb":null,"radius_34kt_nm":null},{"date":"18750901","time":"1200","status":"TS","lat":10.6,"lon":-39,"wind_kt":40,"pressure_mb":null,"radius_34kt_nm":null},{"date":"18750901","time":"1800","status":"TS","lat":10.8,"lon":-40.5,"wind_kt":40,"pressure_mb":null,"radius_34kt_nm":null},{"date":"18750902","time":"0000","status":"TS","lat":11.1,"lon":-42,"wind_kt":50,"pressure_mb":null,"radius_34kt_nm":null},{"date":"18750902","time":"0600","status":"TS","lat":11.5,"lon":-43.5,"wind_kt":50,"pressure_mb":null,"radius_34kt_nm":null},{"date":"18750902","time":"1200","status":"TS","lat":12,"lon":-45,"wind_kt":60,"pressure_mb":null,"radius_34kt_nm":null},{"date":"18750902","time":"1800","status":"TS","lat":12.6,"lon":-46.3,"wind_kt":60,"pressure_mb":null,"radius_34kt_nm":null},{"date":"18750903","time":"0000","status":"HU","lat":13.4,"lon":-47.5,"wind_kt":70,"pressure_mb":null,"radius_34kt_nm":null},{"date":"18750903","time":"0600","status":"HU","lat":14.2,"lon":-48.5,"wind_kt":70,"pressure_mb":null,"radius_34kt_nm":null},{"date":"18750903","time":"1200","status":"HU","lat":15,"lon":-49.5,"wind_kt":70,"pressure_mb":null,"radius_34kt_nm":null},{"date":"18750903","time":"1800","status":"HU","lat":15.9,"lon":-50.5,"wind_kt":70,"pressure_mb":null,"radius_34kt_nm":null},{"date":"18750904","time":"0000","status":"HU","lat":16.9,"lon":-51.5,"wind_kt":70,"pressure_mb":null,"radius_34kt_nm":null},{"date":"18750904","time":"0600","status":"HU","lat":17.7,"lon":-52.4,"wind_kt":70,"pressure_mb":null,"radius_34kt_nm":null},{"date":"18750904","time":"1200","status":"HU","lat":18.7,"lon":-53.3,"wind_kt":70,"pressure_mb":null,"radius_34kt_nm":null},{"date":"18750904","time":"1800","status":"HU","lat":19.4,"lon":-54.1,"wind_kt":70,"pressure_mb":null,"radius_34kt_nm":null},{"date":"18750905","time":"0000","status":"HU","lat":20.2,"lon":-54.9,"wind_kt":70,"pressure_mb":null,"radius_34kt_nm":null},{"date":"18750905","time":"0600","status":"HU","lat":21,"lon":-55.8,"wind_kt":70,"pressure_mb":null,"radius_34kt_nm":null},{"date":"18750905","time":"1200","status":"HU","lat":21.7,"lon":-56.5,"wind_kt":70,"pressure_mb":null,"radius_34kt_nm":null},{"date":"18750905","time":"1800","status":"HU","lat":22.4,"lon":-57.2,"wind_kt":70,"pressure_mb":null,"radius_34kt_nm":null},{"date":"18750906","time":"0000","status":"HU","lat":23.1,"lon":-58,"wind_kt":70,"pressure_mb":null,"radius_34kt_nm":null},{"date":"18750906","time":"0600","status":"HU","lat":23.6,"lon":-58.5,"wind_kt":70,"pressure_mb":982,"radius_34kt_nm":null},{"date":"18750906","time":"1200","status":"HU","lat":24.2,"lon":-59,"wind_kt":70,"pressure_mb":null,"radius_34kt_nm":null},{"date":"18750906","time":"1800","status":"HU","lat":25.2,"lon":-59.7,"wind_kt":70,"pressure_mb":null,"radius_34kt_nm":null},{"date":"18750907","time":"0000","status":"HU","lat":26.2,"lon":-60.2,"wind_kt":70,"pressure_mb":null,"radius_34kt_nm":null},{"date":"18750907","time":"0600","status":"HU","lat":27,"lon":-60.5,"wind_kt":70,"pressure_mb":null,"radius_34kt_nm":null},{"date":"18750907","time":"1200","status":"HU","lat":28.2,"lon":-60.6,"wind_kt":70,"pressure_mb":null,"radius_34kt_nm":null},{"date":"18750907","time":"1800","status":"HU","lat":29.8,"lon":-60.1,"wind_kt":70,"pressure_mb":null,"radius_34kt_nm":null},{"date":"18750908","time":"0000","status":"HU","lat":31.7,"lon":-59.2,"wind_kt":70,"pressure_mb":null,"radius_34kt_nm":null},{"date":"18750908","time":"0600","status":"HU","lat":33.5,"lon":-57.9,"wind_kt":70,"pressure_mb":null,"radius_34kt_nm":null},{"date":"18750908","time":"1200","status":"HU","lat":35,"lon":-56.7,"wind_kt":70,"pressure_mb":null,"radius_34kt_nm":null},{"date":"18750908","time":"1800","status":"HU","lat":36.5,"lon":-55,"wind_kt":70,"pressure_mb":null,"radius_34kt_nm":null},{"date":"18750909","time":"0000","status":"HU","lat":38,"lon":-53.1,"wind_kt":70,"pressure_mb":null,"radius_34kt_nm":null},{"date":"18750909","time":"0600","status":"HU","lat":39.5,"lon":-51,"wind_kt":70,"pressure_mb":null,"radius_34kt_nm":null},{"date":"18750909","time":"1200","status":"HU","lat":41,"lon":-49,"wind_kt":70,"pressure_mb":null,"radius_34kt_nm":null},{"date":"18750909","time":"1800","status":"HU","lat":42,"lon":-47.7,"wind_kt":70,"pressure_mb":null,"radius_34kt_nm":null},{"date":"18750910","time":"0000","status":"HU","lat":43.4,"lon":-46.4,"wind_kt":70,"pressure_mb":null,"radius_34kt_nm":null},{"date":"18750910","time":"0600","status":"HU","lat":44.5,"lon":-45.2,"wind_kt":70,"pressure_mb":null,"radius_34kt_nm":null},{"date":"18750910","time":"1200","status":"HU","lat":46,"lon":-44,"wind_kt":70,"pressure_mb":null,"radius_34kt_nm":null},{"date":"18750910","time":"1800","status":"HU","lat":47.5,"lon":-43,"wind_kt":70,"pressure_mb":null,"radius_34kt_nm":null}]}},{"type":"Feature","geometry":{"type":"LineString","coordinates":[[-55.3,13.9],[-56.4,13.9],[-57.5,14],[-58.7,14],[-59.7,14.1],[-60.7,14.2],[-61.8,14.3],[-62.7,14.4],[-63.5,14.5],[-64.3,14.6],[-65.1,14.8],[-66.3,15.1],[-67.4,15.5],[-68.4,15.8],[-69.3,16.1],[-70.1,16.4],[-71.3,16.7],[-72.1,17.1],[-73,17.5],[-74.5,18.2],[-76,19.4],[-77.5,20.2],[-78.5,21],[-79.9,22],[-80.9,22.7],[-82.4,23.4],[-83.9,24],[-85.4,24.7],[-87.1,25.8],[-89.1,26.3],[-90.5,26.6],[-92,26.8],[-93.4,27],[-94.9,27.1],[-96.1,27.1],[-96.9,27.4],[-97.2,27.7],[-97.3,28],[-97.3,28.8],[-97,29.5],[-96.2,30],[-95,30.3],[-93.5,30.6],[-91.8,31],[-90,31.5]]},"properties":{"id":"hur-al031875","event_type":"hurricane","name":null,"year":1875,"max_wind_kt":100,"min_pressure_mb":978,"category":3,"preliminary":false,"start_date":"18750908","end_date":"18750918","track":[{"date":"18750908","time":"0000","status":"HU","lat":13.9,"lon":-55.3,"wind_kt":70,"pressure_mb":null,"radius_34kt_nm":null},{"date":"18750908","time":"0600","status":"HU","lat":13.9,"lon":-56.4,"wind_kt":70,"pressure_mb":null,"radius_34kt_nm":null},{"date":"18750908","time":"1200","status":"HU","lat":14,"lon":-57.5,"wind_kt":70,"pressure_mb":null,"radius_34kt_nm":null},{"date":"18750908","time":"1800","status":"HU","lat":14,"lon":-58.7,"wind_kt":70,"pressure_mb":null,"radius_34kt_nm":null},{"date":"18750909","time":"0000","status":"HU","lat":14.1,"lon":-59.7,"wind_kt":80,"pressure_mb":null,"radius_34kt_nm":null},{"date":"18750909","time":"0600","status":"HU","lat":14.2,"lon":-60.7,"wind_kt":80,"pressure_mb":null,"radius_34kt_nm":null},{"date":"18750909","time":"1200","status":"HU","lat":14.3,"lon":-61.8,"wind_kt":80,"pressure_mb":null,"radius_34kt_nm":null},{"date":"18750909","time":"1800","status":"HU","lat":14.4,"lon":-62.7,"wind_kt":80,"pressure_mb":null,"radius_34kt_nm":null},{"date":"18750910","time":"0000","status":"HU","lat":14.5,"lon":-63.5,"wind_kt":80,"pressure_mb":null,"radius_34kt_nm":null},{"date":"18750910","time":"0600","status":"HU","lat":14.6,"lon":-64.3,"wind_kt":80,"pressure_mb":null,"radius_34kt_nm":null},{"date":"18750910","time":"1200","status":"HU","lat":14.8,"lon":-65.1,"wind_kt":80,"pressure_mb":null,"radius_34kt_nm":null},{"date":"18750910","time":"1800","status":"HU","lat":15.1,"lon":-66.3,"wind_kt":80,"pressure_mb":null,"radius_34kt_nm":null},{"date":"18750911","time":"0000","status":"HU","lat":15.5,"lon":-67.4,"wind_kt":90,"pressure_mb":null,"radius_34kt_nm":null},{"date":"18750911","time":"0600","status":"HU","lat":15.8,"lon":-68.4,"wind_kt":90,"pressure_mb":null,"radius_34kt_nm":null},{"date":"18750911","time":"1200","status":"HU","lat":16.1,"lon":-69.3,"wind_kt":90,"pressure_mb":null,"radius_34kt_nm":null},{"date":"18750911","time":"1800","status":"HU","lat":16.4,"lon":-70.1,"wind_kt":90,"pressure_mb":null,"radius_34kt_nm":null},{"date":"18750912","time":"0000","status":"HU","lat":16.7,"lon":-71.3,"wind_kt":90,"pressure_mb":null,"radius_34kt_nm":null},{"date":"18750912","time":"0600","status":"HU","lat":17.1,"lon":-72.1,"wind_kt":90,"pressure_mb":null,"radius_34kt_nm":null},{"date":"18750912","time":"1200","status":"HU","lat":17.5,"lon":-73,"wind_kt":90,"pressure_mb":null,"radius_34kt_nm":null},{"date":"18750912","time":"1800","status":"HU","lat":18.2,"lon":-74.5,"wind_kt":90,"pressure_mb":null,"radius_34kt_nm":null},{"date":"18750913","time":"0000","status":"HU","lat":19.4,"lon":-76,"wind_kt":90,"pressure_mb":null,"radius_34kt_nm":null},{"date":"18750913","time":"0600","status":"HU","lat":20.2,"lon":-77.5,"wind_kt":90,"pressure_mb":null,"radius_34kt_nm":null},{"date":"18750913","time":"1200","status":"HU","lat":21,"lon":-78.5,"wind_kt":80,"pressure_mb":978,"radius_34kt_nm":null},{"date":"18750913","time":"1800","status":"HU","lat":22,"lon":-79.9,"wind_kt":80,"pressure_mb":null,"radius_34kt_nm":null},{"date":"18750914","time":"0000","status":"HU","lat":22.7,"lon":-80.9,"wind_kt":70,"pressure_mb":null,"radius_34kt_nm":null},{"date":"18750914","time":"0600","status":"TS","lat":23.4,"lon":-82.4,"wind_kt":60,"pressure_mb":992,"radius_34kt_nm":null},{"date":"18750914","time":"1200","status":"HU","lat":24,"lon":-83.9,"wind_kt":70,"pressure_mb":null,"radius_34kt_nm":null},{"date":"18750914","time":"1800","status":"HU","lat":24.7,"lon":-85.4,"wind_kt":80,"pressure_mb":null,"radius_34kt_nm":null},{"date":"18750915","time":"0000","status":"HU","lat":25.8,"lon":-87.1,"wind_kt":80,"pressure_mb":null,"radius_34kt_nm":null},{"date":"18750915","time":"0600","status":"HU","lat":26.3,"lon":-89.1,"wind_kt":80,"pressure_mb":null,"radius_34kt_nm":null},{"date":"18750915","time":"1200","status":"HU","lat":26.6,"lon":-90.5,"wind_kt":90,"pressure_mb":null,"radius_34kt_nm":null},{"date":"18750915","time":"1800","status":"HU","lat":26.8,"lon":-92,"wind_kt":90,"pressure_mb":null,"radius_34kt_nm":null},{"date":"18750916","time":"0000","status":"HU","lat":27,"lon":-93.4,"wind_kt":90,"pressure_mb":null,"radius_34kt_nm":null},{"date":"18750916","time":"0600","status":"HU","lat":27.1,"lon":-94.9,"wind_kt":90,"pressure_mb":null,"radius_34kt_nm":null},{"date":"18750916","time":"1200","status":"HU","lat":27.1,"lon":-96.1,"wind_kt":100,"pressure_mb":null,"radius_34kt_nm":null},{"date":"18750916","time":"1800","status":"HU","lat":27.4,"lon":-96.9,"wind_kt":100,"pressure_mb":null,"radius_34kt_nm":null},{"date":"18750916","time":"2100","status":"HU","lat":27.7,"lon":-97.2,"wind_kt":100,"pressure_mb":null,"radius_34kt_nm":null},{"date":"18750917","time":"0000","status":"HU","lat":28,"lon":-97.3,"wind_kt":90,"pressure_mb":null,"radius_34kt_nm":null},{"date":"18750917","time":"0600","status":"HU","lat":28.8,"lon":-97.3,"wind_kt":70,"pressure_mb":null,"radius_34kt_nm":null},{"date":"18750917","time":"1200","status":"TS","lat":29.5,"lon":-97,"wind_kt":60,"pressure_mb":null,"radius_34kt_nm":null},{"date":"18750917","time":"1800","status":"TS","lat":30,"lon":-96.2,"wind_kt":50,"pressure_mb":null,"radius_34kt_nm":null},{"date":"18750918","time":"0000","status":"TS","lat":30.3,"lon":-95,"wind_kt":40,"pressure_mb":null,"radius_34kt_nm":null},{"date":"18750918","time":"0600","status":"TS","lat":30.6,"lon":-93.5,"wind_kt":40,"pressure_mb":null,"radius_34kt_nm":null},{"date":"18750918","time":"1200","status":"TD","lat":31,"lon":-91.8,"wind_kt":30,"pressure_mb":null,"radius_34kt_nm":null},{"date":"18750918","time":"1800","status":"TD","lat":31.5,"lon":-90,"wind_kt":30,"pressure_mb":null,"radius_34kt_nm":null}]}},{"type":"Feature","geometry":{"type":"LineString","coordinates":[[-93.4,23.4],[-94,23.9],[-94.6,24.5],[-95.1,25.2],[-95.1,26.3],[-94.3,27.1],[-93.3,27.7],[-92.1,28],[-91.1,28.2],[-90.1,28.5],[-89,28.8],[-88.1,29],[-87.3,29.3],[-86.6,29.7],[-85.9,30],[-85.7,30.1],[-85,30.5],[-84,31]]},"properties":{"id":"hur-al041875","event_type":"hurricane","name":null,"year":1875,"max_wind_kt":50,"min_pressure_mb":null,"category":0,"preliminary":false,"start_date":"18750924","end_date":"18750928","track":[{"date":"18750924","time":"0000","status":"TS","lat":23.4,"lon":-93.4,"wind_kt":40,"pressure_mb":null,"radius_34kt_nm":null},{"date":"18750924","time":"0600","status":"TS","lat":23.9,"lon":-94,"wind_kt":40,"pressure_mb":null,"radius_34kt_nm":null},{"date":"18750924","time":"1200","status":"TS","lat":24.5,"lon":-94.6,"wind_kt":40,"pressure_mb":null,"radius_34kt_nm":null},{"date":"18750924","time":"1800","status":"TS","lat":25.2,"lon":-95.1,"wind_kt":40,"pressure_mb":null,"radius_34kt_nm":null},{"date":"18750925","time":"0000","status":"TS","lat":26.3,"lon":-95.1,"wind_kt":50,"pressure_mb":null,"radius_34kt_nm":null},{"date":"18750925","time":"0600","status":"TS","lat":27.1,"lon":-94.3,"wind_kt":50,"pressure_mb":null,"radius_34kt_nm":null},{"date":"18750925","time":"1200","status":"TS","lat":27.7,"lon":-93.3,"wind_kt":50,"pressure_mb":null,"radius_34kt_nm":null},{"date":"18750925","time":"1800","status":"TS","lat":28,"lon":-92.1,"wind_kt":50,"pressure_mb":null,"radius_34kt_nm":null},{"date":"18750926","time":"0000","status":"TS","lat":28.2,"lon":-91.1,"wind_kt":50,"pressure_mb":null,"radius_34kt_nm":null},{"date":"18750926","time":"0600","status":"TS","lat":28.5,"lon":-90.1,"wind_kt":50,"pressure_mb":null,"radius_34kt_nm":null},{"date":"18750926","time":"1200","status":"TS","lat":28.8,"lon":-89,"wind_kt":50,"pressure_mb":null,"radius_34kt_nm":null},{"date":"18750926","time":"1800","status":"TS","lat":29,"lon":-88.1,"wind_kt":50,"pressure_mb":null,"radius_34kt_nm":null},{"date":"18750927","time":"0000","status":"TS","lat":29.3,"lon":-87.3,"wind_kt":50,"pressure_mb":null,"radius_34kt_nm":null},{"date":"18750927","time":"0600","status":"TS","lat":29.7,"lon":-86.6,"wind_kt":50,"pressure_mb":null,"radius_34kt_nm":null},{"date":"18750927","time":"1200","status":"TS","lat":30,"lon":-85.9,"wind_kt":50,"pressure_mb":null,"radius_34kt_nm":null},{"date":"18750927","time":"1300","status":"TS","lat":30.1,"lon":-85.7,"wind_kt":50,"pressure_mb":null,"radius_34kt_nm":null},{"date":"18750927","time":"1800","status":"TS","lat":30.5,"lon":-85,"wind_kt":40,"pressure_mb":null,"radius_34kt_nm":null},{"date":"18750928","time":"0000","status":"TD","lat":31,"lon":-84,"wind_kt":30,"pressure_mb":null,"radius_34kt_nm":null}]}},{"type":"Feature","geometry":{"type":"LineString","coordinates":[[-68.5,23.7],[-68.8,24.5],[-69,25],[-69.1,25.8],[-69.4,26.5],[-69.5,27.1],[-69.5,28],[-69.3,29.2],[-69,30.5],[-68.3,31.7],[-67.5,33],[-66.3,34.8],[-65.1,36.7],[-63.5,38.5],[-61.5,40],[-58.5,42]]},"properties":{"id":"hur-al051875","event_type":"hurricane","name":null,"year":1875,"max_wind_kt":90,"min_pressure_mb":null,"category":2,"preliminary":false,"start_date":"18751007","end_date":"18751010","track":[{"date":"18751007","time":"0000","status":"HU","lat":23.7,"lon":-68.5,"wind_kt":70,"pressure_mb":null,"radius_34kt_nm":null},{"date":"18751007","time":"0600","status":"HU","lat":24.5,"lon":-68.8,"wind_kt":70,"pressure_mb":null,"radius_34kt_nm":null},{"date":"18751007","time":"1200","status":"HU","lat":25,"lon":-69,"wind_kt":80,"pressure_mb":null,"radius_34kt_nm":null},{"date":"18751007","time":"1800","status":"HU","lat":25.8,"lon":-69.1,"wind_kt":80,"pressure_mb":null,"radius_34kt_nm":null},{"date":"18751008","time":"0000","status":"HU","lat":26.5,"lon":-69.4,"wind_kt":90,"pressure_mb":null,"radius_34kt_nm":null},{"date":"18751008","time":"0600","status":"HU","lat":27.1,"lon":-69.5,"wind_kt":90,"pressure_mb":null,"radius_34kt_nm":null},{"date":"18751008","time":"1200","status":"HU","lat":28,"lon":-69.5,"wind_kt":90,"pressure_mb":null,"radius_34kt_nm":null},{"date":"18751008","time":"1800","status":"HU","lat":29.2,"lon":-69.3,"wind_kt":90,"pressure_mb":null,"radius_34kt_nm":null},{"date":"18751009","time":"0000","status":"HU","lat":30.5,"lon":-69,"wind_kt":80,"pressure_mb":null,"radius_34kt_nm":null},{"date":"18751009","time":"0600","status":"HU","lat":31.7,"lon":-68.3,"wind_kt":80,"pressure_mb":null,"radius_34kt_nm":null},{"date":"18751009","time":"1200","status":"HU","lat":33,"lon":-67.5,"wind_kt":80,"pressure_mb":null,"radius_34kt_nm":null},{"date":"18751009","time":"1800","status":"HU","lat":34.8,"lon":-66.3,"wind_kt":80,"pressure_mb":null,"radius_34kt_nm":null},{"date":"18751010","time":"0000","status":"HU","lat":36.7,"lon":-65.1,"wind_kt":70,"pressure_mb":null,"radius_34kt_nm":null},{"date":"18751010","time":"0600","status":"HU","lat":38.5,"lon":-63.5,"wind_kt":70,"pressure_mb":null,"radius_34kt_nm":null},{"date":"18751010","time":"1200","status":"HU","lat":40,"lon":-61.5,"wind_kt":70,"pressure_mb":null,"radius_34kt_nm":null},{"date":"18751010","time":"1800","status":"HU","lat":42,"lon":-58.5,"wind_kt":70,"pressure_mb":null,"radius_34kt_nm":null}]}},{"type":"Feature","geometry":{"type":"LineString","coordinates":[[-74.8,27.3],[-74.9,28],[-75,28.7],[-75,29.1],[-75.1,29.5],[-75.1,29.9],[-75,30.3],[-74.9,31.1],[-74.8,31.9],[-74.6,32.5],[-74.5,33.3],[-74.1,34.5],[-73.6,35.4],[-73.1,36.4],[-72.3,37.5],[-71,39.7],[-68.5,42.2],[-65.5,44.4],[-62.2,46.2],[-59,48]]},"properties":{"id":"hur-al061875","event_type":"hurricane","name":null,"year":1875,"max_wind_kt":70,"min_pressure_mb":null,"category":1,"preliminary":false,"start_date":"18751012","end_date":"18751016","track":[{"date":"18751012","time":"0000","status":"TS","lat":27.3,"lon":-74.8,"wind_kt":50,"pressure_mb":null,"radius_34kt_nm":null},{"date":"18751012","time":"0600","status":"TS","lat":28,"lon":-74.9,"wind_kt":50,"pressure_mb":null,"radius_34kt_nm":null},{"date":"18751012","time":"1200","status":"TS","lat":28.7,"lon":-75,"wind_kt":50,"pressure_mb":null,"radius_34kt_nm":null},{"date":"18751012","time":"1800","status":"TS","lat":29.1,"lon":-75,"wind_kt":50,"pressure_mb":null,"radius_34kt_nm":null},{"date":"18751013","time":"0000","status":"TS","lat":29.5,"lon":-75.1,"wind_kt":60,"pressure_mb":null,"radius_34kt_nm":null},{"date":"18751013","time":"0600","status":"TS","lat":29.9,"lon":-75.1,"wind_kt":60,"pressure_mb":null,"radius_34kt_nm":null},{"date":"18751013","time":"1200","status":"TS","lat":30.3,"lon":-75,"wind_kt":60,"pressure_mb":null,"radius_34kt_nm":null},{"date":"18751013","time":"1800","status":"TS","lat":31.1,"lon":-74.9,"wind_kt":60,"pressure_mb":null,"radius_34kt_nm":null},{"date":"18751014","time":"0000","status":"HU","lat":31.9,"lon":-74.8,"wind_kt":70,"pressure_mb":null,"radius_34kt_nm":null},{"date":"18751014","time":"0600","status":"HU","lat":32.5,"lon":-74.6,"wind_kt":70,"pressure_mb":null,"radius_34kt_nm":null},{"date":"18751014","time":"1200","status":"HU","lat":33.3,"lon":-74.5,"wind_kt":70,"pressure_mb":null,"radius_34kt_nm":null},{"date":"18751014","time":"1800","status":"HU","lat":34.5,"lon":-74.1,"wind_kt":70,"pressure_mb":null,"radius_34kt_nm":null},{"date":"18751015","time":"0000","status":"TS","lat":35.4,"lon":-73.6,"wind_kt":60,"pressure_mb":null,"radius_34kt_nm":null},{"date":"18751015","time":"0600","status":"TS","lat":36.4,"lon":-73.1,"wind_kt":60,"pressure_mb":null,"radius_34kt_nm":null},{"date":"18751015","time":"1200","status":"TS","lat":37.5,"lon":-72.3,"wind_kt":60,"pressure_mb":null,"radius_34kt_nm":null},{"date":"18751015","time":"1800","status":"TS","lat":39.7,"lon":-71,"wind_kt":60,"pressure_mb":null,"radius_34kt_nm":null},{"date":"18751016","time":"0000","status":"TS","lat":42.2,"lon":-68.5,"wind_kt":50,"pressure_mb":null,"radius_34kt_nm":null},{"date":"18751016","time":"0600","status":"TS","lat":44.4,"lon":-65.5,"wind_kt":50,"pressure_mb":null,"radius_34kt_nm":null},{"date":"18751016","time":"1200","status":"EX","lat":46.2,"lon":-62.2,"wind_kt":40,"pressure_mb":null,"radius_34kt_nm":null},{"date":"18751016","time":"1800","status":"EX","lat":48,"lon":-59,"wind_kt":40,"pressure_mb":null,"radius_34kt_nm":null}]}},{"type":"Feature","geometry":{"type":"LineString","coordinates":[[-60.8,39],[-60.4,39.5],[-60,40],[-59.3,40.7],[-58.3,41.5],[-57.2,42.4],[-56,43],[-54.6,43.5],[-53.2,43.9],[-51.9,44.2],[-50.5,44.5],[-48.5,45]]},"properties":{"id":"hur-al011876","event_type":"hurricane","name":null,"year":1876,"max_wind_kt":80,"min_pressure_mb":970,"category":1,"preliminary":false,"start_date":"18760909","end_date":"18760911","track":[{"date":"18760909","time":"0000","status":"HU","lat":39,"lon":-60.8,"wind_kt":80,"pressure_mb":null,"radius_34kt_nm":null},{"date":"18760909","time":"0600","status":"HU","lat":39.5,"lon":-60.4,"wind_kt":80,"pressure_mb":null,"radius_34kt_nm":null},{"date":"18760909","time":"1200","status":"HU","lat":40,"lon":-60,"wind_kt":80,"pressure_mb":null,"radius_34kt_nm":null},{"date":"18760909","time":"1800","status":"HU","lat":40.7,"lon":-59.3,"wind_kt":80,"pressure_mb":970,"radius_34kt_nm":null},{"date":"18760910","time":"0000","status":"HU","lat":41.5,"lon":-58.3,"wind_kt":80,"pressure_mb":null,"radius_34kt_nm":null},{"date":"18760910","time":"0600","status":"HU","lat":42.4,"lon":-57.2,"wind_kt":80,"pressure_mb":null,"radius_34kt_nm":null},{"date":"18760910","time":"1200","status":"HU","lat":43,"lon":-56,"wind_kt":70,"pressure_mb":null,"radius_34kt_nm":null},{"date":"18760910","time":"1800","status":"HU","lat":43.5,"lon":-54.6,"wind_kt":70,"pressure_mb":null,"radius_34kt_nm":null},{"date":"18760911","time":"0000","status":"TS","lat":43.9,"lon":-53.2,"wind_kt":60,"pressure_mb":null,"radius_34kt_nm":null},{"date":"18760911","time":"0600","status":"TS","lat":44.2,"lon":-51.9,"wind_kt":60,"pressure_mb":null,"radius_34kt_nm":null},{"date":"18760911","time":"1200","status":"EX","lat":44.5,"lon":-50.5,"wind_kt":60,"pressure_mb":null,"radius_34kt_nm":null},{"date":"18760911","time":"1800","status":"EX","lat":45,"lon":-48.5,"wind_kt":60,"pressure_mb":null,"radius_34kt_nm":null}]}},{"type":"Feature","geometry":{"type":"LineString","coordinates":[[-58.5,17.7],[-59.7,17.7],[-61,17.9],[-62.1,18],[-63.4,18],[-64.6,18],[-66,18.1],[-67.6,18.3],[-69.2,18.6],[-70.7,18.9],[-72,19.3],[-73.4,19.7],[-74.8,20.1],[-76.1,20.4],[-77.6,20.7],[-78.6,21],[-79.6,21.7],[-80,22.9],[-80,24.5],[-79.4,26.6],[-78.6,28.8],[-78.3,31.4],[-77.8,33.5],[-77.6,34.4],[-77.3,36],[-77.3,38.2],[-78.1,40.8],[-77.5,42.5],[-76.1,43],[-74.5,43],[-73,42.7],[-71.5,42.3],[-70,42]]},"properties":{"id":"hur-al021876","event_type":"hurricane","name":null,"year":1876,"max_wind_kt":100,"min_pressure_mb":980,"category":3,"preliminary":false,"start_date":"18760912","end_date":"18760919","track":[{"date":"18760912","time":"0000","status":"HU","lat":17.7,"lon":-58.5,"wind_kt":70,"pressure_mb":null,"radius_34kt_nm":null},{"date":"18760912","time":"0600","status":"HU","lat":17.7,"lon":-59.7,"wind_kt":70,"pressure_mb":null,"radius_34kt_nm":null},{"date":"18760912","time":"1200","status":"HU","lat":17.9,"lon":-61,"wind_kt":80,"pressure_mb":null,"radius_34kt_nm":null},{"date":"18760912","time":"1800","status":"HU","lat":18,"lon":-62.1,"wind_kt":90,"pressure_mb":null,"radius_34kt_nm":null},{"date":"18760913","time":"0000","status":"HU","lat":18,"lon":-63.4,"wind_kt":100,"pressure_mb":null,"radius_34kt_nm":null},{"date":"18760913","time":"0600","status":"HU","lat":18,"lon":-64.6,"wind_kt":100,"pressure_mb":null,"radius_34kt_nm":null},{"date":"18760913","time":"1200","status":"HU","lat":18.1,"lon":-66,"wind_kt":90,"pressure_mb":null,"radius_34kt_nm":null},{"date":"18760913","time":"1800","status":"HU","lat":18.3,"lon":-67.6,"wind_kt":70,"pressure_mb":991,"radius_34kt_nm":null},{"date":"18760914","time":"0000","status":"HU","lat":18.6,"lon":-69.2,"wind_kt":70,"pressure_mb":null,"radius_34kt_nm":null},{"date":"18760914","time":"0600","status":"TS","lat":18.9,"lon":-70.7,"wind_kt":60,"pressure_mb":null,"radius_34kt_nm":null},{"date":"18760914","time":"1200","status":"TS","lat":19.3,"lon":-72,"wind_kt":50,"pressure_mb":null,"radius_34kt_nm":null},{"date":"18760914","time":"1800","status":"TS","lat":19.7,"lon":-73.4,"wind_kt":50,"pressure_mb":null,"radius_34kt_nm":null},{"date":"18760915","time":"0000","status":"HU","lat":20.1,"lon":-74.8,"wind_kt":70,"pressure_mb":null,"radius_34kt_nm":null},{"date":"18760915","time":"0600","status":"TS","lat":20.4,"lon":-76.1,"wind_kt":60,"pressure_mb":null,"radius_34kt_nm":null},{"date":"18760915","time":"1200","status":"TS","lat":20.7,"lon":-77.6,"wind_kt":50,"pressure_mb":null,"radius_34kt_nm":null},{"date":"18760915","time":"1800","status":"TS","lat":21,"lon":-78.6,"wind_kt":50,"pressure_mb":null,"radius_34kt_nm":null},{"date":"18760916","time":"0000","status":"TS","lat":21.7,"lon":-79.6,"wind_kt":50,"pressure_mb":null,"radius_34kt_nm":null},{"date":"18760916","time":"0600","status":"TS","lat":22.9,"lon":-80,"wind_kt":50,"pressure_mb":999,"radius_34kt_nm":null},{"date":"18760916","time":"1200","status":"TS","lat":24.5,"lon":-80,"wind_kt":60,"pressure_mb":null,"radius_34kt_nm":null},{"date":"18760916","time":"1800","status":"TS","lat":26.6,"lon":-79.4,"wind_kt":60,"pressure_mb":null,"radius_34kt_nm":null},{"date":"18760917","time":"0000","status":"HU","lat":28.8,"lon":-78.6,"wind_kt":70,"pressure_mb":null,"radius_34kt_nm":null},{"date":"18760917","time":"0600","status":"HU","lat":31.4,"lon":-78.3,"wind_kt":70,"pressure_mb":null,"radius_34kt_nm":null},{"date":"18760917","time":"1200","status":"HU","lat":33.5,"lon":-77.8,"wind_kt":80,"pressure_mb":980,"radius_34kt_nm":null},{"date":"18760917","time":"1400","status":"HU","lat":34.4,"lon":-77.6,"wind_kt":80,"pressure_mb":980,"radius_34kt_nm":null},{"date":"18760917","time":"1800","status":"HU","lat":36,"lon":-77.3,"wind_kt":70,"pressure_mb":985,"radius_34kt_nm":null},{"date":"18760918","time":"0000","status":"TS","lat":38.2,"lon":-77.3,"wind_kt":60,"pressure_mb":987,"radius_34kt_nm":null},{"date":"18760918","time":"0600","status":"TS","lat":40.8,"lon":-78.1,"wind_kt":50,"pressure_mb":null,"radius_34kt_nm":null},{"date":"18760918","time":"1200","status":"TS","lat":42.5,"lon":-77.5,"wind_kt":40,"pressure_mb":null,"radius_34kt_nm":null},{"date":"18760918","time":"1800","status":"TS","lat":43,"lon":-76.1,"wind_kt":40,"pressure_mb":null,"radius_34kt_nm":null},{"date":"18760919","time":"0000","status":"TD","lat":43,"lon":-74.5,"wind_kt":30,"pressure_mb":null,"radius_34kt_nm":null},{"date":"18760919","time":"0600","status":"TD","lat":42.7,"lon":-73,"wind_kt":30,"pressure_mb":null,"radius_34kt_nm":null},{"date":"18760919","time":"1200","status":"TD","lat":42.3,"lon":-71.5,"wind_kt":30,"pressure_mb":null,"radius_34kt_nm":null},{"date":"18760919","time":"1800","status":"TD","lat":42,"lon":-70,"wind_kt":30,"pressure_mb":null,"radius_34kt_nm":null}]}},{"type":"Feature","geometry":{"type":"LineString","coordinates":[[-57.8,19],[-58.3,20.6],[-58.9,21.5],[-59.5,22.7],[-60.2,24.4],[-60.7,26.2],[-61,28],[-61.1,29.9],[-60.9,31.8],[-60.3,33.5],[-59.5,35.5],[-58.3,37.2]]},"properties":{"id":"hur-al031876","event_type":"hurricane","name":null,"year":1876,"max_wind_kt":50,"min_pressure_mb":null,"category":0,"preliminary":false,"start_date":"18760916","end_date":"18760918","track":[{"date":"18760916","time":"0000","status":"TS","lat":19,"lon":-57.8,"wind_kt":50,"pressure_mb":null,"radius_34kt_nm":null},{"date":"18760916","time":"0600","status":"TS","lat":20.6,"lon":-58.3,"wind_kt":50,"pressure_mb":null,"radius_34kt_nm":null},{"date":"18760916","time":"1200","status":"TS","lat":21.5,"lon":-58.9,"wind_kt":50,"pressure_mb":null,"radius_34kt_nm":null},{"date":"18760916","time":"1800","status":"TS","lat":22.7,"lon":-59.5,"wind_kt":50,"pressure_mb":null,"radius_34kt_nm":null},{"date":"18760917","time":"0000","status":"TS","lat":24.4,"lon":-60.2,"wind_kt":50,"pressure_mb":null,"radius_34kt_nm":null},{"date":"18760917","time":"0600","status":"TS","lat":26.2,"lon":-60.7,"wind_kt":50,"pressure_mb":null,"radius_34kt_nm":null},{"date":"18760917","time":"1200","status":"TS","lat":28,"lon":-61,"wind_kt":50,"pressure_mb":null,"radius_34kt_nm":null},{"date":"18760917","time":"1800","status":"TS","lat":29.9,"lon":-61.1,"wind_kt":50,"pressure_mb":null,"radius_34kt_nm":null},{"date":"18760918","time":"0000","status":"TS","lat":31.8,"lon":-60.9,"wind_kt":50,"pressure_mb":null,"radius_34kt_nm":null},{"date":"18760918","time":"0600","status":"TS","lat":33.5,"lon":-60.3,"wind_kt":50,"pressure_mb":null,"radius_34kt_nm":null},{"date":"18760918","time":"1200","status":"TS","lat":35.5,"lon":-59.5,"wind_kt":50,"pressure_mb":null,"radius_34kt_nm":null},{"date":"18760918","time":"1800","status":"TS","lat":37.2,"lon":-58.3,"wind_kt":50,"pressure_mb":null,"radius_34kt_nm":null}]}},{"type":"Feature","geometry":{"type":"LineString","coordinates":[[-58.8,14.1],[-59.6,14],[-60.5,14],[-61.7,14],[-63.3,13.9],[-64.8,13.8],[-66.3,13.7],[-67.6,13.7],[-69.3,13.6],[-70.8,13.5],[-72.5,13.3],[-74.1,13.2],[-75.4,13.1],[-76.8,12.9],[-78.3,12.7],[-79.4,12.6],[-80.3,12.5],[-81.4,12.2],[-82.5,12],[-83.5,11.8],[-84.5,11.7],[-85.5,11.6],[-86.5,11.5],[-87.5,11.3],[-88.5,11.3],[-89.5,11.3]]},"properties":{"id":"hur-al041876","event_type":"hurricane","name":null,"year":1876,"max_wind_kt":90,"min_pressure_mb":null,"category":2,"preliminary":false,"start_date":"18760929","end_date":"18761005","track":[{"date":"18760929","time":"0000","status":"TS","lat":14.1,"lon":-58.8,"wind_kt":50,"pressure_mb":null,"radius_34kt_nm":null},{"date":"18760929","time":"0600","status":"TS","lat":14,"lon":-59.6,"wind_kt":50,"pressure_mb":null,"radius_34kt_nm":null},{"date":"18760929","time":"1200","status":"TS","lat":14,"lon":-60.5,"wind_kt":50,"pressure_mb":null,"radius_34kt_nm":null},{"date":"18760929","time":"1800","status":"TS","lat":14,"lon":-61.7,"wind_kt":50,"pressure_mb":null,"radius_34kt_nm":null},{"date":"18760930","time":"0000","status":"TS","lat":13.9,"lon":-63.3,"wind_kt":60,"pressure_mb":null,"radius_34kt_nm":null},{"date":"18760930","time":"0600","status":"TS","lat":13.8,"lon":-64.8,"wind_kt":60,"pressure_mb":null,"radius_34kt_nm":null},{"date":"18760930","time":"1200","status":"TS","lat":13.7,"lon":-66.3,"wind_kt":60,"pressure_mb":null,"radius_34kt_nm":null},{"date":"18760930","time":"1800","status":"TS","lat":13.7,"lon":-67.6,"wind_kt":60,"pressure_mb":null,"radius_34kt_nm":null},{"date":"18761001","time":"0000","status":"HU","lat":13.6,"lon":-69.3,"wind_kt":70,"pressure_mb":null,"radius_34kt_nm":null},{"date":"18761001","time":"0600","status":"HU","lat":13.5,"lon":-70.8,"wind_kt":70,"pressure_mb":null,"radius_34kt_nm":null},{"date":"18761001","time":"1200","status":"HU","lat":13.3,"lon":-72.5,"wind_kt":70,"pressure_mb":null,"radius_34kt_nm":null},{"date":"18761001","time":"1800","status":"HU","lat":13.2,"lon":-74.1,"wind_kt":70,"pressure_mb":null,"radius_34kt_nm":null},{"date":"18761002","time":"0000","status":"HU","lat":13.1,"lon":-75.4,"wind_kt":80,"pressure_mb":null,"radius_34kt_nm":null},{"date":"18761002","time":"0600","status":"HU","lat":12.9,"lon":-76.8,"wind_kt":80,"pressure_mb":null,"radius_34kt_nm":null},{"date":"18761002","time":"1200","status":"HU","lat":12.7,"lon":-78.3,"wind_kt":80,"pressure_mb":null,"radius_34kt_nm":null},{"date":"18761002","time":"1800","status":"HU","lat":12.6,"lon":-79.4,"wind_kt":80,"pressure_mb":null,"radius_34kt_nm":null},{"date":"18761003","time":"0000","status":"HU","lat":12.5,"lon":-80.3,"wind_kt":90,"pressure_mb":null,"radius_34kt_nm":null},{"date":"18761003","time":"0600","status":"HU","lat":12.2,"lon":-81.4,"wind_kt":90,"pressure_mb":null,"radius_34kt_nm":null},{"date":"18761003","time":"1200","status":"HU","lat":12,"lon":-82.5,"wind_kt":90,"pressure_mb":null,"radius_34kt_nm":null},{"date":"18761003","time":"1800","status":"HU","lat":11.8,"lon":-83.5,"wind_kt":90,"pressure_mb":null,"radius_34kt_nm":null},{"date":"18761004","time":"0000","status":"HU","lat":11.7,"lon":-84.5,"wind_kt":70,"pressure_mb":null,"radius_34kt_nm":null},{"date":"18761004","time":"0600","status":"TS","lat":11.6,"lon":-85.5,"wind_kt":60,"pressure_mb":null,"radius_34kt_nm":null},{"date":"18761004","time":"1200","status":"TS","lat":11.5,"lon":-86.5,"wind_kt":50,"pressure_mb":null,"radius_34kt_nm":null},{"date":"18761004","time":"1800","status":"TS","lat":11.3,"lon":-87.5,"wind_kt":50,"pressure_mb":null,"radius_34kt_nm":null},{"date":"18761005","time":"0000","status":"TS","lat":11.3,"lon":-88.5,"wind_kt":50,"pressure_mb":null,"radius_34kt_nm":null},{"date":"18761005","time":"0600","status":"TS","lat":11.3,"lon":-89.5,"wind_kt":50,"pressure_mb":null,"radius_34kt_nm":null}]}},{"type":"Feature","geometry":{"type":"LineString","coordinates":[[-79,12],[-79,12.2],[-79,12.4],[-79,12.6],[-79,12.8],[-79.1,13],[-79.2,13.2],[-79.2,13.5],[-79.4,13.8],[-79.5,14.1],[-79.6,14.4],[-79.7,14.7],[-79.8,15],[-79.9,15.4],[-80,15.8],[-80.1,16.2],[-80.2,16.6],[-80.3,17],[-80.4,17.4],[-80.5,17.8],[-80.6,18.2],[-80.7,18.6],[-80.8,19],[-80.9,19.4],[-81.1,19.7],[-81.3,20.2],[-81.5,20.7],[-81.7,21.2],[-81.9,21.7],[-82.2,22.3],[-82.3,22.7],[-82.3,23.6],[-81.9,24.7],[-81.4,25.8],[-81.3,26],[-80.5,27.5],[-79.6,28.8],[-78.8,30],[-77.9,31],[-76.7,31.9],[-74.9,32.5],[-72.6,33],[-69.8,33.3],[-67.8,33.5],[-66.6,33.5],[-65.6,33.8],[-64.6,33.9],[-63.5,34],[-62,34.2]]},"properties":{"id":"hur-al051876","event_type":"hurricane","name":null,"year":1876,"max_wind_kt":100,"min_pressure_mb":958,"category":3,"preliminary":false,"start_date":"18761012","end_date":"18761023","track":[{"date":"18761012","time":"0000","status":"TS","lat":12,"lon":-79,"wind_kt":40,"pressure_mb":null,"radius_34kt_nm":null},{"date":"18761012","time":"0600","status":"TS","lat":12.2,"lon":-79,"wind_kt":40,"pressure_mb":null,"radius_34kt_nm":null},{"date":"18761012","time":"1200","status":"TS","lat":12.4,"lon":-79,"wind_kt":50,"pressure_mb":null,"radius_34kt_nm":null},{"date":"18761012","time":"1800","status":"TS","lat":12.6,"lon":-79,"wind_kt":50,"pressure_mb":null,"radius_34kt_nm":null},{"date":"18761013","time":"0000","status":"TS","lat":12.8,"lon":-79,"wind_kt":50,"pressure_mb":null,"radius_34kt_nm":null},{"date":"18761013","time":"0600","status":"TS","lat":13,"lon":-79.1,"wind_kt":50,"pressure_mb":null,"radius_34kt_nm":null},{"date":"18761013","time":"1200","status":"TS","lat":13.2,"lon":-79.2,"wind_kt":50,"pressure_mb":null,"radius_34kt_nm":null},{"date":"18761013","time":"1800","status":"TS","lat":13.5,"lon":-79.2,"wind_kt":50,"pressure_mb":null,"radius_34kt_nm":null},{"date":"18761014","time":"0000","status":"TS","lat":13.8,"lon":-79.4,"wind_kt":50,"pressure_mb":null,"radius_34kt_nm":null},{"date":"18761014","time":"0600","status":"TS","lat":14.1,"lon":-79.5,"wind_kt":50,"pressure_mb":null,"radius_34kt_nm":null},{"date":"18761014","time":"1200","status":"TS","lat":14.4,"lon":-79.6,"wind_kt":50,"pressure_mb":null,"radius_34kt_nm":null},{"date":"18761014","time":"1800","status":"TS","lat":14.7,"lon":-79.7,"wind_kt":50,"pressure_mb":null,"radius_34kt_nm":null},{"date":"18761015","time":"0000","status":"TS","lat":15,"lon":-79.8,"wind_kt":50,"pressure_mb":null,"radius_34kt_nm":null},{"date":"18761015","time":"0600","status":"TS","lat":15.4,"lon":-79.9,"wind_kt":50,"pressure_mb":null,"radius_34kt_nm":null},{"date":"18761015","time":"1200","status":"TS","lat":15.8,"lon":-80,"wind_kt":50,"pressure_mb":null,"radius_34kt_nm":null},{"date":"18761015","time":"1800","status":"TS","lat":16.2,"lon":-80.1,"wind_kt":50,"pressure_mb":null,"radius_34kt_nm":null},{"date":"18761016","time":"0000","status":"TS","lat":16.6,"lon":-80.2,"wind_kt":50,"pressure_mb":null,"radius_34kt_nm":null},{"date":"18761016","time":"0600","status":"TS","lat":17,"lon":-80.3,"wind_kt":50,"pressure_mb":null,"radius_34kt_nm":null},{"date":"18761016","time":"1200","status":"TS","lat":17.4,"lon":-80.4,"wind_kt":60,"pressure_mb":null,"radius_34kt_nm":null},{"date":"18761016","time":"1800","status":"TS","lat":17.8,"lon":-80.5,"wind_kt":60,"pressure_mb":null,"radius_34kt_nm":null},{"date":"18761017","time":"0000","status":"HU","lat":18.2,"lon":-80.6,"wind_kt":70,"pressure_mb":null,"radius_34kt_nm":null},{"date":"18761017","time":"0600","status":"HU","lat":18.6,"lon":-80.7,"wind_kt":70,"pressure_mb":null,"radius_34kt_nm":null},{"date":"18761017","time":"1200","status":"HU","lat":19,"lon":-80.8,"wind_kt":80,"pressure_mb":null,"radius_34kt_nm":null},{"date":"18761017","time":"1800","status":"HU","lat":19.4,"lon":-80.9,"wind_kt":80,"pressure_mb":null,"radius_34kt_nm":null},{"date":"18761018","time":"0000","status":"HU","lat":19.7,"lon":-81.1,"wind_kt":90,"pressure_mb":null,"radius_34kt_nm":null},{"date":"18761018","time":"0600","status":"HU","lat":20.2,"lon":-81.3,"wind_kt":90,"pressure_mb":null,"radius_34kt_nm":null},{"date":"18761018","time":"1200","status":"HU","lat":20.7,"lon":-81.5,"wind_kt":90,"pressure_mb":null,"radius_34kt_nm":null},{"date":"18761018","time":"1800","status":"HU","lat":21.2,"lon":-81.7,"wind_kt":90,"pressure_mb":null,"radius_34kt_nm":null},{"date":"18761019","time":"0000","status":"HU","lat":21.7,"lon":-81.9,"wind_kt":100,"pressure_mb":null,"radius_34kt_nm":null},{"date":"18761019","time":"0600","status":"HU","lat":22.3,"lon":-82.2,"wind_kt":100,"pressure_mb":null,"radius_34kt_nm":null},{"date":"18761019","time":"1200","status":"HU","lat":22.7,"lon":-82.3,"wind_kt":100,"pressure_mb":958,"radius_34kt_nm":null},{"date":"18761019","time":"1800","status":"HU","lat":23.6,"lon":-82.3,"wind_kt":90,"pressure_mb":null,"radius_34kt_nm":null},{"date":"18761020","time":"0000","status":"HU","lat":24.7,"lon":-81.9,"wind_kt":90,"pressure_mb":973,"radius_34kt_nm":null},{"date":"18761020","time":"0500","status":"HU","lat":25.8,"lon":-81.4,"wind_kt":90,"pressure_mb":973,"radius_34kt_nm":null},{"date":"18761020","time":"0600","status":"HU","lat":26,"lon":-81.3,"wind_kt":90,"pressure_mb":null,"radius_34kt_nm":null},{"date":"18761020","time":"1200","status":"HU","lat":27.5,"lon":-80.5,"wind_kt":80,"pressure_mb":null,"radius_34kt_nm":null},{"date":"18761020","time":"1800","status":"HU","lat":28.8,"lon":-79.6,"wind_kt":80,"pressure_mb":976,"radius_34kt_nm":null},{"date":"18761021","time":"0000","status":"HU","lat":30,"lon":-78.8,"wind_kt":80,"pressure_mb":null,"radius_34kt_nm":null},{"date":"18761021","time":"0600","status":"HU","lat":31,"lon":-77.9,"wind_kt":80,"pressure_mb":null,"radius_34kt_nm":null},{"date":"18761021","time":"1200","status":"HU","lat":31.9,"lon":-76.7,"wind_kt":80,"pressure_mb":null,"radius_34kt_nm":null},{"date":"18761021","time":"1800","status":"HU","lat":32.5,"lon":-74.9,"wind_kt":80,"pressure_mb":null,"radius_34kt_nm":null},{"date":"18761022","time":"0000","status":"HU","lat":33,"lon":-72.6,"wind_kt":80,"pressure_mb":null,"radius_34kt_nm":null},{"date":"18761022","time":"0600","status":"HU","lat":33.3,"lon":-69.8,"wind_kt":80,"pressure_mb":null,"radius_34kt_nm":null},{"date":"18761022","time":"1200","status":"HU","lat":33.5,"lon":-67.8,"wind_kt":70,"pressure_mb":null,"radius_34kt_nm":null},{"date":"18761022","time":"1800","status":"HU","lat":33.5,"lon":-66.6,"wind_kt":70,"pressure_mb":null,"radius_34kt_nm":null},{"date":"18761023","time":"0000","status":"HU","lat":33.8,"lon":-65.6,"wind_kt":70,"pressure_mb":null,"radius_34kt_nm":null},{"date":"18761023","time":"0600","status":"HU","lat":33.9,"lon":-64.6,"wind_kt":70,"pressure_mb":null,"radius_34kt_nm":null},{"date":"18761023","time":"1200","status":"TS","lat":34,"lon":-63.5,"wind_kt":60,"pressure_mb":null,"radius_34kt_nm":null},{"date":"18761023","time":"1800","status":"TS","lat":34.2,"lon":-62,"wind_kt":60,"pressure_mb":null,"radius_34kt_nm":null}]}},{"type":"Feature","geometry":{"type":"LineString","coordinates":[[-72.1,23.1],[-73.5,23.7],[-74.6,24.7],[-75.3,25.2],[-75.9,26.1],[-76.5,27.1],[-77,28],[-77.1,28.8],[-77,29.8],[-76.6,30.7],[-76.3,31.5],[-75.3,33.3],[-73.6,35.5],[-71.5,37.4],[-69.5,39.5],[-67.5,42.5],[-65.6,45.5],[-64,48.5]]},"properties":{"id":"hur-al011877","event_type":"hurricane","name":null,"year":1877,"max_wind_kt":60,"min_pressure_mb":null,"category":0,"preliminary":false,"start_date":"18770801","end_date":"18770805","track":[{"date":"18770801","time":"0000","status":"TS","lat":23.1,"lon":-72.1,"wind_kt":40,"pressure_mb":null,"radius_34kt_nm":null},{"date":"18770801","time":"0600","status":"TS","lat":23.7,"lon":-73.5,"wind_kt":40,"pressure_mb":null,"radius_34kt_nm":null},{"date":"18770801","time":"1200","status":"TS","lat":24.7,"lon":-74.6,"wind_kt":50,"pressure_mb":null,"radius_34kt_nm":null},{"date":"18770801","time":"1800","status":"TS","lat":25.2,"lon":-75.3,"wind_kt":50,"pressure_mb":null,"radius_34kt_nm":null},{"date":"18770802","time":"0000","status":"TS","lat":26.1,"lon":-75.9,"wind_kt":60,"pressure_mb":null,"radius_34kt_nm":null},{"date":"18770802","time":"0600","status":"TS","lat":27.1,"lon":-76.5,"wind_kt":60,"pressure_mb":null,"radius_34kt_nm":null},{"date":"18770802","time":"1200","status":"TS","lat":28,"lon":-77,"wind_kt":60,"pressure_mb":null,"radius_34kt_nm":null},{"date":"18770802","time":"1800","status":"TS","lat":28.8,"lon":-77.1,"wind_kt":60,"pressure_mb":null,"radius_34kt_nm":null},{"date":"18770803","time":"0000","status":"TS","lat":29.8,"lon":-77,"wind_kt":60,"pressure_mb":null,"radius_34kt_nm":null},{"date":"18770803","time":"0600","status":"TS","lat":30.7,"lon":-76.6,"wind_kt":60,"pressure_mb":null,"radius_34kt_nm":null},{"date":"18770803","time":"1200","status":"TS","lat":31.5,"lon":-76.3,"wind_kt":60,"pressure_mb":null,"radius_34kt_nm":null},{"date":"18770803","time":"1800","status":"TS","lat":33.3,"lon":-75.3,"wind_kt":60,"pressure_mb":null,"radius_34kt_nm":null},{"date":"18770804","time":"0000","status":"TS","lat":35.5,"lon":-73.6,"wind_kt":50,"pressure_mb":null,"radius_34kt_nm":null},{"date":"18770804","time":"0600","status":"TS","lat":37.4,"lon":-71.5,"wind_kt":50,"pressure_mb":null,"radius_34kt_nm":null},{"date":"18770804","time":"1200","status":"TS","lat":39.5,"lon":-69.5,"wind_kt":50,"pressure_mb":null,"radius_34kt_nm":null},{"date":"18770804","time":"1800","status":"TS","lat":42.5,"lon":-67.5,"wind_kt":50,"pressure_mb":null,"radius_34kt_nm":null},{"date":"18770805","time":"0000","status":"TS","lat":45.5,"lon":-65.6,"wind_kt":50,"pressure_mb":null,"radius_34kt_nm":null},{"date":"18770805","time":"0600","status":"TS","lat":48.5,"lon":-64,"wind_kt":40,"pressure_mb":null,"radius_34kt_nm":null}]}},{"type":"Feature","geometry":{"type":"LineString","coordinates":[[-92,21.5],[-92.4,21.9],[-93,22.2],[-93.6,22.9],[-94.1,23.5],[-94.6,24.1],[-95,24.7],[-95.1,25.2],[-95.3,25.9],[-95.3,26.4],[-95.3,27],[-95.1,27.4],[-95.1,27.8],[-94.8,28.2],[-94.5,28.5],[-93.8,28.7],[-93.3,28.8],[-92.5,28.9],[-91.6,29],[-91,29.2],[-90.6,29.3],[-89.8,29.5],[-89,29.7],[-88,30],[-86.9,30.3],[-86.6,30.4],[-85.9,30.6],[-84.6,30.8],[-83.6,31],[-82.4,31.1],[-81.1,31.2],[-80,31.3],[-78.6,31.3],[-76.8,31.5]]},"properties":{"id":"hur-al021877","event_type":"hurricane","name":null,"year":1877,"max_wind_kt":70,"min_pressure_mb":null,"category":1,"preliminary":false,"start_date":"18770914","end_date":"18770921","track":[{"date":"18770914","time":"0000","status":"TS","lat":21.5,"lon":-92,"wind_kt":40,"pressure_mb":null,"radius_34kt_nm":null},{"date":"18770914","time":"0600","status":"TS","lat":21.9,"lon":-92.4,"wind_kt":40,"pressure_mb":null,"radius_34kt_nm":null},{"date":"18770914","time":"1200","status":"TS","lat":22.2,"lon":-93,"wind_kt":40,"pressure_mb":null,"radius_34kt_nm":null},{"date":"18770914","time":"1800","status":"TS","lat":22.9,"lon":-93.6,"wind_kt":40,"pressure_mb":null,"radius_34kt_nm":null},{"date":"18770915","time":"0000","status":"TS","lat":23.5,"lon":-94.1,"wind_kt":50,"pressure_mb":null,"radius_34kt_nm":null},{"date":"18770915","time":"0600","status":"TS","lat":24.1,"lon":-94.6,"wind_kt":50,"pressure_mb":null,"radius_34kt_nm":null},{"date":"18770915","time":"1200","status":"TS","lat":24.7,"lon":-95,"wind_kt":50,"pressure_mb":null,"radius_34kt_nm":null},{"date":"18770915","time":"1800","status":"TS","lat":25.2,"lon":-95.1,"wind_kt":50,"pressure_mb":null,"radius_34kt_nm":null},{"date":"18770916","time":"0000","status":"TS","lat":25.9,"lon":-95.3,"wind_kt":60,"pressure_mb":null,"radius_34kt_nm":null},{"date":"18770916","time":"0600","status":"TS","lat":26.4,"lon":-95.3,"wind_kt":60,"pressure_mb":null,"radius_34kt_nm":null},{"date":"18770916","time":"1200","status":"TS","lat":27,"lon":-95.3,"wind_kt":60,"pressure_mb":null,"radius_34kt_nm":null},{"date":"18770916","time":"1800","status":"TS","lat":27.4,"lon":-95.1,"wind_kt":60,"pressure_mb":null,"radius_34kt_nm":null},{"date":"18770917","time":"0000","status":"HU","lat":27.8,"lon":-95.1,"wind_kt":70,"pressure_mb":null,"radius_34kt_nm":null},{"date":"18770917","time":"0600","status":"HU","lat":28.2,"lon":-94.8,"wind_kt":70,"pressure_mb":null,"radius_34kt_nm":null},{"date":"18770917","time":"1200","status":"HU","lat":28.5,"lon":-94.5,"wind_kt":70,"pressure_mb":null,"radius_34kt_nm":null},{"date":"18770917","time":"1800","status":"HU","lat":28.7,"lon":-93.8,"wind_kt":70,"pressure_mb":null,"radius_34kt_nm":null},{"date":"18770918","time":"0000","status":"HU","lat":28.8,"lon":-93.3,"wind_kt":70,"pressure_mb":null,"radius_34kt_nm":null},{"date":"18770918","time":"0600","status":"HU","lat":28.9,"lon":-92.5,"wind_kt":70,"pressure_mb":null,"radius_34kt_nm":null},{"date":"18770918","time":"1200","status":"HU","lat":29,"lon":-91.6,"wind_kt":70,"pressure_mb":null,"radius_34kt_nm":null},{"date":"18770918","time":"1600","status":"HU","lat":29.2,"lon":-91,"wind_kt":70,"pressure_mb":null,"radius_34kt_nm":null},{"date":"18770918","time":"1800","status":"HU","lat":29.3,"lon":-90.6,"wind_kt":70,"pressure_mb":null,"radius_34kt_nm":null},{"date":"18770919","time":"0000","status":"HU","lat":29.5,"lon":-89.8,"wind_kt":70,"pressure_mb":null,"radius_34kt_nm":null},{"date":"18770919","time":"0600","status":"HU","lat":29.7,"lon":-89,"wind_kt":70,"pressure_mb":null,"radius_34kt_nm":null},{"date":"18770919","time":"1200","status":"HU","lat":30,"lon":-88,"wind_kt":70,"pressure_mb":null,"radius_34kt_nm":null},{"date":"18770919","time":"1800","status":"HU","lat":30.3,"lon":-86.9,"wind_kt":70,"pressure_mb":null,"radius_34kt_nm":null},{"date":"18770919","time":"2000","status":"HU","lat":30.4,"lon":-86.6,"wind_kt":70,"pressure_mb":null,"radius_34kt_nm":null},{"date":"18770920","time":"0000","status":"TS","lat":30.6,"lon":-85.9,"wind_kt":60,"pressure_mb":null,"radius_34kt_nm":null},{"date":"18770920","time":"0600","status":"TS","lat":30.8,"lon":-84.6,"wind_kt":50,"pressure_mb":null,"radius_34kt_nm":null},{"date":"18770920","time":"1200","status":"TS","lat":31,"lon":-83.6,"wind_kt":40,"pressure_mb":null,"radius_34kt_nm":null},{"date":"18770920","time":"1800","status":"TS","lat":31.1,"lon":-82.4,"wind_kt":40,"pressure_mb":null,"radius_34kt_nm":null},{"date":"18770921","time":"0000","status":"TS","lat":31.2,"lon":-81.1,"wind_kt":40,"pressure_mb":null,"radius_34kt_nm":null},{"date":"18770921","time":"0600","status":"TS","lat":31.3,"lon":-80,"wind_kt":40,"pressure_mb":null,"radius_34kt_nm":null},{"date":"18770921","time":"1200","status":"TS","lat":31.3,"lon":-78.6,"wind_kt":40,"pressure_mb":null,"radius_34kt_nm":null},{"date":"18770921","time":"1800","status":"TS","lat":31.5,"lon":-76.8,"wind_kt":40,"pressure_mb":null,"radius_34kt_nm":null}]}},{"type":"Feature","geometry":{"type":"LineString","coordinates":[[-50.5,25.5],[-51.8,26],[-53,26.8],[-54.1,27.5],[-54.9,28.1],[-55.8,28.9],[-56.5,29.5],[-57.3,30.2],[-57.9,30.7],[-58.6,31.2],[-59.3,31.7],[-60,32.3],[-60.7,32.9],[-61.5,33.5],[-62,34],[-62.7,34.5],[-63.2,35],[-63.7,35.5],[-64,36],[-64.1,36.7],[-64.1,37.5],[-64.1,38],[-64,38.7],[-63.6,40.3],[-62.5,42.2],[-61.1,43.8],[-59.5,45.3],[-56.7,46.9]]},"properties":{"id":"hur-al031877","event_type":"hurricane","name":null,"year":1877,"max_wind_kt":70,"min_pressure_mb":null,"category":1,"preliminary":false,"start_date":"18770916","end_date":"18770922","track":[{"date":"18770916","time":"0000","status":"HU","lat":25.5,"lon":-50.5,"wind_kt":70,"pressure_mb":null,"radius_34kt_nm":null},{"date":"18770916","time":"0600","status":"HU","lat":26,"lon":-51.8,"wind_kt":70,"pressure_mb":null,"radius_34kt_nm":null},{"date":"18770916","time":"1200","status":"HU","lat":26.8,"lon":-53,"wind_kt":70,"pressure_mb":null,"radius_34kt_nm":null},{"date":"18770916","time":"1800","status":"HU","lat":27.5,"lon":-54.1,"wind_kt":70,"pressure_mb":null,"radius_34kt_nm":null},{"date":"18770917","time":"0000","status":"HU","lat":28.1,"lon":-54.9,"wind_kt":70,"pressure_mb":null,"radius_34kt_nm":null},{"date":"18770917","time":"0600","status":"HU","lat":28.9,"lon":-55.8,"wind_kt":70,"pressure_mb":null,"radius_34kt_nm":null},{"date":"18770917","time":"1200","status":"HU","lat":29.5,"lon":-56.5,"wind_kt":70,"pressure_mb":null,"radius_34kt_nm":null},{"date":"18770917","time":"1800","status":"HU","lat":30.2,"lon":-57.3,"wind_kt":70,"pressure_mb":null,"radius_34kt_nm":null},{"date":"18770918","time":"0000","status":"HU","lat":30.7,"lon":-57.9,"wind_kt":70,"pressure_mb":null,"radius_34kt_nm":null},{"date":"18770918","time":"0600","status":"HU","lat":31.2,"lon":-58.6,"wind_kt":70,"pressure_mb":null,"radius_34kt_nm":null},{"date":"18770918","time":"1200","status":"HU","lat":31.7,"lon":-59.3,"wind_kt":70,"pressure_mb":null,"radius_34kt_nm":null},{"date":"18770918","time":"1800","status":"HU","lat":32.3,"lon":-60,"wind_kt":70,"pressure_mb":null,"radius_34kt_nm":null},{"date":"18770919","time":"0000","status":"HU","lat":32.9,"lon":-60.7,"wind_kt":70,"pressure_mb":null,"radius_34kt_nm":null},{"date":"18770919","time":"0600","status":"HU","lat":33.5,"lon":-61.5,"wind_kt":70,"pressure_mb":null,"radius_34kt_nm":null},{"date":"18770919","time":"1200","status":"HU","lat":34,"lon":-62,"wind_kt":70,"pressure_mb":null,"radius_34kt_nm":null},{"date":"18770919","time":"1800","status":"HU","lat":34.5,"lon":-62.7,"wind_kt":70,"pressure_mb":null,"radius_34kt_nm":null},{"date":"18770920","time":"0000","status":"HU","lat":35,"lon":-63.2,"wind_kt":70,"pressure_mb":null,"radius_34kt_nm":null},{"date":"18770920","time":"0600","status":"HU","lat":35.5,"lon":-63.7,"wind_kt":70,"pressure_mb":null,"radius_34kt_nm":null},{"date":"18770920","time":"1200","status":"HU","lat":36,"lon":-64,"wind_kt":70,"pressure_mb":null,"radius_34kt_nm":null},{"date":"18770920","time":"1800","status":"HU","lat":36.7,"lon":-64.1,"wind_kt":70,"pressure_mb":null,"radius_34kt_nm":null},{"date":"18770921","time":"0000","status":"HU","lat":37.5,"lon":-64.1,"wind_kt":70,"pressure_mb":null,"radius_34kt_nm":null},{"date":"18770921","time":"0600","status":"HU","lat":38,"lon":-64.1,"wind_kt":70,"pressure_mb":null,"radius_34kt_nm":null},{"date":"18770921","time":"1200","status":"HU","lat":38.7,"lon":-64,"wind_kt":70,"pressure_mb":null,"radius_34kt_nm":null},{"date":"18770921","time":"1800","status":"HU","lat":40.3,"lon":-63.6,"wind_kt":70,"pressure_mb":null,"radius_34kt_nm":null},{"date":"18770922","time":"0000","status":"TS","lat":42.2,"lon":-62.5,"wind_kt":60,"pressure_mb":null,"radius_34kt_nm":null},{"date":"18770922","time":"0600","status":"TS","lat":43.8,"lon":-61.1,"wind_kt":60,"pressure_mb":null,"radius_34kt_nm":null},{"date":"18770922","time":"1200","status":"TS","lat":45.3,"lon":-59.5,"wind_kt":60,"pressure_mb":null,"radius_34kt_nm":null},{"date":"18770922","time":"1800","status":"TS","lat":46.9,"lon":-56.7,"wind_kt":60,"pressure_mb":null,"radius_34kt_nm":null}]}},{"type":"Feature","geometry":{"type":"LineString","coordinates":[[-55.5,11.7],[-56.5,11.7],[-57.7,11.7],[-59.1,11.8],[-60.5,11.8],[-62,11.8],[-63.3,11.7],[-64.4,11.6],[-65.8,11.6],[-67,11.6],[-68,11.7],[-69.1,11.8],[-70.3,12.1],[-71.4,12.3],[-72.5,12.7],[-73.6,13],[-74.6,13.3],[-75.9,13.7],[-77,14],[-78,14.3],[-79.1,14.7],[-80.1,15],[-81,15.3],[-81.6,15.7],[-82.1,16.1],[-82.6,16.7],[-83.1,17.1],[-83.6,17.7],[-84.3,18.2],[-85.1,18.9],[-85.5,19.5],[-85.9,20.1],[-86.1,20.6],[-86.4,21.2],[-86.8,21.9],[-87,22.4],[-87.1,22.9],[-87.3,23.4],[-87.5,23.9],[-87.7,24.4],[-87.8,24.9],[-87.8,25.4],[-87.7,26],[-87.6,26.5],[-87.5,27.1],[-87.3,27.5],[-87,28],[-86.4,28.8],[-85.9,29.5],[-85.5,30],[-85.3,30.1],[-84.5,30.7],[-83.3,31.7],[-82.1,32.8],[-80.8,33.9],[-79.3,35],[-77.4,36.9],[-74.9,39.3],[-72.4,40.8],[-69.5,42],[-66,43.5]]},"properties":{"id":"hur-al041877","event_type":"hurricane","name":null,"year":1877,"max_wind_kt":100,"min_pressure_mb":null,"category":3,"preliminary":false,"start_date":"18770921","end_date":"18771005","track":[{"date":"18770921","time":"0000","status":"TS","lat":11.7,"lon":-55.5,"wind_kt":50,"pressure_mb":null,"radius_34kt_nm":null},{"date":"18770921","time":"0600","status":"TS","lat":11.7,"lon":-56.5,"wind_kt":50,"pressure_mb":null,"radius_34kt_nm":null},{"date":"18770921","time":"1200","status":"TS","lat":11.7,"lon":-57.7,"wind_kt":60,"pressure_mb":null,"radius_34kt_nm":null},{"date":"18770921","time":"1800","status":"TS","lat":11.8,"lon":-59.1,"wind_kt":60,"pressure_mb":null,"radius_34kt_nm":null},{"date":"18770922","time":"0000","status":"HU","lat":11.8,"lon":-60.5,"wind_kt":70,"pressure_mb":null,"radius_34kt_nm":null},{"date":"18770922","time":"0600","status":"HU","lat":11.8,"lon":-62,"wind_kt":70,"pressure_mb":null,"radius_34kt_nm":null},{"date":"18770922","time":"1200","status":"HU","lat":11.7,"lon":-63.3,"wind_kt":80,"pressure_mb":null,"radius_34kt_nm":null},{"date":"18770922","time":"1800","status":"HU","lat":11.6,"lon":-64.4,"wind_kt":80,"pressure_mb":null,"radius_34kt_nm":null},{"date":"18770923","time":"0000","status":"HU","lat":11.6,"lon":-65.8,"wind_kt":90,"pressure_mb":null,"radius_34kt_nm":null},{"date":"18770923","time":"0600","status":"HU","lat":11.6,"lon":-67,"wind_kt":90,"pressure_mb":null,"radius_34kt_nm":null},{"date":"18770923","time":"1200","status":"HU","lat":11.7,"lon":-68,"wind_kt":90,"pressure_mb":null,"radius_34kt_nm":null},{"date":"18770923","time":"1800","status":"HU","lat":11.8,"lon":-69.1,"wind_kt":90,"pressure_mb":null,"radius_34kt_nm":null},{"date":"18770924","time":"0000","status":"HU","lat":12.1,"lon":-70.3,"wind_kt":90,"pressure_mb":null,"radius_34kt_nm":null},{"date":"18770924","time":"0600","status":"HU","lat":12.3,"lon":-71.4,"wind_kt":90,"pressure_mb":null,"radius_34kt_nm":null},{"date":"18770924","time":"1200","status":"HU","lat":12.7,"lon":-72.5,"wind_kt":90,"pressure_mb":null,"radius_34kt_nm":null},{"date":"18770924","time":"1800","status":"HU","lat":13,"lon":-73.6,"wind_kt":90,"pressure_mb":null,"radius_34kt_nm":null},{"date":"18770925","time":"0000","status":"HU","lat":13.3,"lon":-74.6,"wind_kt":80,"pressure_mb":null,"radius_34kt_nm":null},{"date":"18770925","time":"0600","status":"HU","lat":13.7,"lon":-75.9,"wind_kt":80,"pressure_mb":null,"radius_34kt_nm":null},{"date":"18770925","time":"1200","status":"HU","lat":14,"lon":-77,"wind_kt":80,"pressure_mb":null,"radius_34kt_nm":null},{"date":"18770925","time":"1800","status":"HU","lat":14.3,"lon":-78,"wind_kt":80,"pressure_mb":null,"radius_34kt_nm":null},{"date":"18770926","time":"0000","status":"HU","lat":14.7,"lon":-79.1,"wind_kt":70,"pressure_mb":null,"radius_34kt_nm":null},{"date":"18770926","time":"0600","status":"HU","lat":15,"lon":-80.1,"wind_kt":70,"pressure_mb":null,"radius_34kt_nm":null},{"date":"18770926","time":"1200","status":"HU","lat":15.3,"lon":-81,"wind_kt":70,"pressure_mb":null,"radius_34kt_nm":null},{"date":"18770926","time":"1800","status":"HU","lat":15.7,"lon":-81.6,"wind_kt":70,"pressure_mb":null,"radius_34kt_nm":null},{"date":"18770927","time":"0000","status":"HU","lat":16.1,"lon":-82.1,"wind_kt":70,"pressure_mb":null,"radius_34kt_nm":null},{"date":"18770927","time":"0600","status":"HU","lat":16.7,"lon":-82.6,"wind_kt":70,"pressure_mb":null,"radius_34kt_nm":null},{"date":"18770927","time":"1200","status":"HU","lat":17.1,"lon":-83.1,"wind_kt":70,"pressure_mb":null,"radius_34kt_nm":null},{"date":"18770927","time":"1800","status":"HU","lat":17.7,"lon":-83.6,"wind_kt":70,"pressure_mb":null,"radius_34kt_nm":null},{"date":"18770928","time":"0000","status":"HU","lat":18.2,"lon":-84.3,"wind_kt":70,"pressure_mb":null,"radius_34kt_nm":null},{"date":"18770928","time":"0600","status":"HU","lat":18.9,"lon":-85.1,"wind_kt":70,"pressure_mb":null,"radius_34kt_nm":null},{"date":"18770928","time":"1200","status":"HU","lat":19.5,"lon":-85.5,"wind_kt":70,"pressure_mb":null,"radius_34kt_nm":null},{"date":"18770928","time":"1800","status":"HU","lat":20.1,"lon":-85.9,"wind_kt":70,"pressure_mb":null,"radius_34kt_nm":null},{"date":"18770929","time":"0000","status":"HU","lat":20.6,"lon":-86.1,"wind_kt":70,"pressure_mb":null,"radius_34kt_nm":null},{"date":"18770929","time":"0600","status":"HU","lat":21.2,"lon":-86.4,"wind_kt":70,"pressure_mb":null,"radius_34kt_nm":null},{"date":"18770929","time":"1200","status":"HU","lat":21.9,"lon":-86.8,"wind_kt":70,"pressure_mb":null,"radius_34kt_nm":null},{"date":"18770929","time":"1800","status":"HU","lat":22.4,"lon":-87,"wind_kt":70,"pressure_mb":null,"radius_34kt_nm":null},{"date":"18770930","time":"0000","status":"HU","lat":22.9,"lon":-87.1,"wind_kt":70,"pressure_mb":null,"radius_34kt_nm":null},{"date":"18770930","time":"0600","status":"HU","lat":23.4,"lon":-87.3,"wind_kt":70,"pressure_mb":null,"radius_34kt_nm":null},{"date":"18770930","time":"1200","status":"HU","lat":23.9,"lon":-87.5,"wind_kt":70,"pressure_mb":null,"radius_34kt_nm":null},{"date":"18770930","time":"1800","status":"HU","lat":24.4,"lon":-87.7,"wind_kt":70,"pressure_mb":null,"radius_34kt_nm":null},{"date":"18771001","time":"0000","status":"HU","lat":24.9,"lon":-87.8,"wind_kt":80,"pressure_mb":null,"radius_34kt_nm":null},{"date":"18771001","time":"0600","status":"HU","lat":25.4,"lon":-87.8,"wind_kt":80,"pressure_mb":null,"radius_34kt_nm":null},{"date":"18771001","time":"1200","status":"HU","lat":26,"lon":-87.7,"wind_kt":80,"pressure_mb":null,"radius_34kt_nm":null},{"date":"18771001","time":"1800","status":"HU","lat":26.5,"lon":-87.6,"wind_kt":80,"pressure_mb":null,"radius_34kt_nm":null},{"date":"18771002","time":"0000","status":"HU","lat":27.1,"lon":-87.5,"wind_kt":90,"pressure_mb":null,"radius_34kt_nm":null},{"date":"18771002","time":"0600","status":"HU","lat":27.5,"lon":-87.3,"wind_kt":90,"pressure_mb":null,"radius_34kt_nm":null},{"date":"18771002","time":"1200","status":"HU","lat":28,"lon":-87,"wind_kt":90,"pressure_mb":null,"radius_34kt_nm":null},{"date":"18771002","time":"1800","status":"HU","lat":28.8,"lon":-86.4,"wind_kt":90,"pressure_mb":null,"radius_34kt_nm":null},{"date":"18771003","time":"0000","status":"HU","lat":29.5,"lon":-85.9,"wind_kt":100,"pressure_mb":null,"radius_34kt_nm":null},{"date":"18771003","time":"0500","status":"HU","lat":30,"lon":-85.5,"wind_kt":100,"pressure_mb":null,"radius_34kt_nm":null},{"date":"18771003","time":"0600","status":"HU","lat":30.1,"lon":-85.3,"wind_kt":90,"pressure_mb":null,"radius_34kt_nm":null},{"date":"18771003","time":"1200","status":"HU","lat":30.7,"lon":-84.5,"wind_kt":70,"pressure_mb":null,"radius_34kt_nm":null},{"date":"18771003","time":"1800","status":"TS","lat":31.7,"lon":-83.3,"wind_kt":50,"pressure_mb":null,"radius_34kt_nm":null},{"date":"18771004","time":"0000","status":"TS","lat":32.8,"lon":-82.1,"wind_kt":40,"pressure_mb":null,"radius_34kt_nm":null},{"date":"18771004","time":"0600","status":"TS","lat":33.9,"lon":-80.8,"wind_kt":40,"pressure_mb":null,"radius_34kt_nm":null},{"date":"18771004","time":"1200","status":"EX","lat":35,"lon":-79.3,"wind_kt":50,"pressure_mb":null,"radius_34kt_nm":null},{"date":"18771004","time":"1800","status":"EX","lat":36.9,"lon":-77.4,"wind_kt":50,"pressure_mb":null,"radius_34kt_nm":null},{"date":"18771005","time":"0000","status":"EX","lat":39.3,"lon":-74.9,"wind_kt":60,"pressure_mb":null,"radius_34kt_nm":null},{"date":"18771005","time":"0600","status":"EX","lat":40.8,"lon":-72.4,"wind_kt":60,"pressure_mb":null,"radius_34kt_nm":null},{"date":"18771005","time":"1200","status":"EX","lat":42,"lon":-69.5,"wind_kt":50,"pressure_mb":null,"radius_34kt_nm":null},{"date":"18771005","time":"1800","status":"EX","lat":43.5,"lon":-66,"wind_kt":50,"pressure_mb":null,"radius_34kt_nm":null}]}},{"type":"Feature","geometry":{"type":"LineString","coordinates":[[-68,21.2],[-69,21.2],[-70,21.4],[-71,21.5],[-72.1,21.7],[-73.6,22.2],[-74.6,22.7],[-75.4,23.1],[-76.3,23.6],[-77.1,24.2],[-77.6,25.1],[-77.9,25.9],[-78.1,26.5],[-78.3,27.3],[-78.4,28],[-78.5,29.2],[-78.4,30.1],[-78.1,31.4],[-77.6,32.3],[-77.1,33],[-76.5,33.7],[-75.9,34.2],[-75,34.5],[-73.5,35]]},"properties":{"id":"hur-al051877","event_type":"hurricane","name":null,"year":1877,"max_wind_kt":50,"min_pressure_mb":null,"category":0,"preliminary":false,"start_date":"18770924","end_date":"18770929","track":[{"date":"18770924","time":"0000","status":"TS","lat":21.2,"lon":-68,"wind_kt":40,"pressure_mb":null,"radius_34kt_nm":null},{"date":"18770924","time":"0600","status":"TS","lat":21.2,"lon":-69,"wind_kt":40,"pressure_mb":null,"radius_34kt_nm":null},{"date":"18770924","time":"1200","status":"TS","lat":21.4,"lon":-70,"wind_kt":40,"pressure_mb":null,"radius_34kt_nm":null},{"date":"18770924","time":"1800","status":"TS","lat":21.5,"lon":-71,"wind_kt":40,"pressure_mb":null,"radius_34kt_nm":null},{"date":"18770925","time":"0000","status":"TS","lat":21.7,"lon":-72.1,"wind_kt":40,"pressure_mb":null,"radius_34kt_nm":null},{"date":"18770925","time":"0600","status":"TS","lat":22.2,"lon":-73.6,"wind_kt":40,"pressure_mb":null,"radius_34kt_nm":null},{"date":"18770925","time":"1200","status":"TS","lat":22.7,"lon":-74.6,"wind_kt":40,"pressure_mb":null,"radius_34kt_nm":null},{"date":"18770925","time":"1800","status":"TS","lat":23.1,"lon":-75.4,"wind_kt":40,"pressure_mb":null,"radius_34kt_nm":null},{"date":"18770926","time":"0000","status":"TS","lat":23.6,"lon":-76.3,"wind_kt":40,"pressure_mb":null,"radius_34kt_nm":null},{"date":"18770926","time":"0600","status":"TS","lat":24.2,"lon":-77.1,"wind_kt":40,"pressure_mb":null,"radius_34kt_nm":null},{"date":"18770926","time":"1200","status":"TS","lat":25.1,"lon":-77.6,"wind_kt":40,"pressure_mb":null,"radius_34kt_nm":null},{"date":"18770926","time":"1800","status":"TS","lat":25.9,"lon":-77.9,"wind_kt":40,"pressure_mb":null,"radius_34kt_nm":null},{"date":"18770927","time":"0000","status":"TS","lat":26.5,"lon":-78.1,"wind_kt":40,"pressure_mb":null,"radius_34kt_nm":null},{"date":"18770927","time":"0600","status":"TS","lat":27.3,"lon":-78.3,"wind_kt":40,"pressure_mb":null,"radius_34kt_nm":null},{"date":"18770927","time":"1200","status":"TS","lat":28,"lon":-78.4,"wind_kt":40,"pressure_mb":null,"radius_34kt_nm":null},{"date":"18770927","time":"1800","status":"TS","lat":29.2,"lon":-78.5,"wind_kt":40,"pressure_mb":null,"radius_34kt_nm":null},{"date":"18770928","time":"0000","status":"TS","lat":30.1,"lon":-78.4,"wind_kt":50,"pressure_mb":null,"radius_34kt_nm":null},{"date":"18770928","time":"0600","status":"TS","lat":31.4,"lon":-78.1,"wind_kt":50,"pressure_mb":null,"radius_34kt_nm":null},{"date":"18770928","time":"1200","status":"TS","lat":32.3,"lon":-77.6,"wind_kt":50,"pressure_mb":null,"radius_34kt_nm":null},{"date":"18770928","time":"1800","status":"TS","lat":33,"lon":-77.1,"wind_kt":50,"pressure_mb":null,"radius_34kt_nm":null},{"date":"18770929","time":"0000","status":"TS","lat":33.7,"lon":-76.5,"wind_kt":50,"pressure_mb":null,"radius_34kt_nm":null},{"date":"18770929","time":"0600","status":"TS","lat":34.2,"lon":-75.9,"wind_kt":50,"pressure_mb":null,"radius_34kt_nm":null},{"date":"18770929","time":"1200","status":"TS","lat":34.5,"lon":-75,"wind_kt":50,"pressure_mb":null,"radius_34kt_nm":null},{"date":"18770929","time":"1800","status":"TS","lat":35,"lon":-73.5,"wind_kt":50,"pressure_mb":null,"radius_34kt_nm":null}]}},{"type":"Feature","geometry":{"type":"LineString","coordinates":[[-48,27],[-48.8,28.1],[-49.7,29.3],[-50.4,30.5],[-51,31.8],[-51.8,33],[-52.2,34.7],[-52.7,35.7],[-52.8,36.5],[-52.9,37.2],[-53,37.8],[-52.9,38.5],[-52.7,39.4],[-52.2,40.5],[-51.4,41.7],[-50.4,42.7],[-48.9,43.8],[-47.2,44.5],[-45.4,45.3],[-42.8,46],[-40.4,46.8],[-37.9,47.4],[-35.7,47.8],[-32.7,48.3]]},"properties":{"id":"hur-al061877","event_type":"hurricane","name":null,"year":1877,"max_wind_kt":50,"min_pressure_mb":null,"category":0,"preliminary":false,"start_date":"18771013","end_date":"18771018","track":[{"date":"18771013","time":"0000","status":"TS","lat":27,"lon":-48,"wind_kt":50,"pressure_mb":null,"radius_34kt_nm":null},{"date":"18771013","time":"0600","status":"TS","lat":28.1,"lon":-48.8,"wind_kt":50,"pressure_mb":null,"radius_34kt_nm":null},{"date":"18771013","time":"1200","status":"TS","lat":29.3,"lon":-49.7,"wind_kt":50,"pressure_mb":null,"radius_34kt_nm":null},{"date":"18771013","time":"1800","status":"TS","lat":30.5,"lon":-50.4,"wind_kt":50,"pressure_mb":null,"radius_34kt_nm":null},{"date":"18771014","time":"0000","status":"TS","lat":31.8,"lon":-51,"wind_kt":50,"pressure_mb":null,"radius_34kt_nm":null},{"date":"18771014","time":"0600","status":"TS","lat":33,"lon":-51.8,"wind_kt":50,"pressure_mb":null,"radius_34kt_nm":null},{"date":"18771014","time":"1200","status":"TS","lat":34.7,"lon":-52.2,"wind_kt":50,"pressure_mb":null,"radius_34kt_nm":null},{"date":"18771014","time":"1800","status":"TS","lat":35.7,"lon":-52.7,"wind_kt":50,"pressure_mb":null,"radius_34kt_nm":null},{"date":"18771015","time":"0000","status":"TS","lat":36.5,"lon":-52.8,"wind_kt":50,"pressure_mb":null,"radius_34kt_nm":null},{"date":"18771015","time":"0600","status":"TS","lat":37.2,"lon":-52.9,"wind_kt":50,"pressure_mb":null,"radius_34kt_nm":null},{"date":"18771015","time":"1200","status":"TS","lat":37.8,"lon":-53,"wind_kt":50,"pressure_mb":null,"radius_34kt_nm":null},{"date":"18771015","time":"1800","status":"TS","lat":38.5,"lon":-52.9,"wind_kt":50,"pressure_mb":null,"radius_34kt_nm":null},{"date":"18771016","time":"0000","status":"TS","lat":39.4,"lon":-52.7,"wind_kt":50,"pressure_mb":null,"radius_34kt_nm":null},{"date":"18771016","time":"0600","status":"TS","lat":40.5,"lon":-52.2,"wind_kt":50,"pressure_mb":null,"radius_34kt_nm":null},{"date":"18771016","time":"1200","status":"TS","lat":41.7,"lon":-51.4,"wind_kt":50,"pressure_mb":null,"radius_34kt_nm":null},{"date":"18771016","time":"1800","status":"TS","lat":42.7,"lon":-50.4,"wind_kt":50,"pressure_mb":null,"radius_34kt_nm":null},{"date":"18771017","time":"0000","status":"EX","lat":43.8,"lon":-48.9,"wind_kt":50,"pressure_mb":null,"radius_34kt_nm":null},{"date":"18771017","time":"0600","status":"EX","lat":44.5,"lon":-47.2,"wind_kt":50,"pressure_mb":null,"radius_34kt_nm":null},{"date":"18771017","time":"1200","status":"EX","lat":45.3,"lon":-45.4,"wind_kt":50,"pressure_mb":null,"radius_34kt_nm":null},{"date":"18771017","time":"1800","status":"EX","lat":46,"lon":-42.8,"wind_kt":50,"pressure_mb":null,"radius_34kt_nm":null},{"date":"18771018","time":"0000","status":"EX","lat":46.8,"lon":-40.4,"wind_kt":50,"pressure_mb":null,"radius_34kt_nm":null},{"date":"18771018","time":"0600","status":"EX","lat":47.4,"lon":-37.9,"wind_kt":50,"pressure_mb":null,"radius_34kt_nm":null},{"date":"18771018","time":"1200","status":"EX","lat":47.8,"lon":-35.7,"wind_kt":50,"pressure_mb":null,"radius_34kt_nm":null},{"date":"18771018","time":"1800","status":"EX","lat":48.3,"lon":-32.7,"wind_kt":50,"pressure_mb":null,"radius_34kt_nm":null}]}},{"type":"Feature","geometry":{"type":"LineString","coordinates":[[-94.1,24.5],[-94.1,25.5],[-94,26.5],[-93.8,27.1],[-93.4,27.5],[-92.8,27.8],[-92.3,28],[-91.1,28.3],[-90.1,28.4],[-88.9,28.5],[-87.5,28.7],[-84.9,29],[-83.2,29.3],[-81.9,29.6],[-79,30.1],[-76,30.9],[-72.5,32],[-69,33.5],[-65,35.5]]},"properties":{"id":"hur-al071877","event_type":"hurricane","name":null,"year":1877,"max_wind_kt":50,"min_pressure_mb":null,"category":0,"preliminary":false,"start_date":"18771024","end_date":"18771028","track":[{"date":"18771024","time":"0000","status":"TS","lat":24.5,"lon":-94.1,"wind_kt":40,"pressure_mb":null,"radius_34kt_nm":null},{"date":"18771024","time":"0600","status":"TS","lat":25.5,"lon":-94.1,"wind_kt":40,"pressure_mb":null,"radius_34kt_nm":null},{"date":"18771024","time":"1200","status":"TS","lat":26.5,"lon":-94,"wind_kt":40,"pressure_mb":null,"radius_34kt_nm":null},{"date":"18771024","time":"1800","status":"TS","lat":27.1,"lon":-93.8,"wind_kt":40,"pressure_mb":null,"radius_34kt_nm":null},{"date":"18771025","time":"0000","status":"TS","lat":27.5,"lon":-93.4,"wind_kt":40,"pressure_mb":null,"radius_34kt_nm":null},{"date":"18771025","time":"0600","status":"TS","lat":27.8,"lon":-92.8,"wind_kt":40,"pressure_mb":null,"radius_34kt_nm":null},{"date":"18771025","time":"1200","status":"TS","lat":28,"lon":-92.3,"wind_kt":40,"pressure_mb":null,"radius_34kt_nm":null},{"date":"18771025","time":"1800","status":"TS","lat":28.3,"lon":-91.1,"wind_kt":40,"pressure_mb":null,"radius_34kt_nm":null},{"date":"18771026","time":"0000","status":"TS","lat":28.4,"lon":-90.1,"wind_kt":40,"pressure_mb":null,"radius_34kt_nm":null},{"date":"18771026","time":"0600","status":"TS","lat":28.5,"lon":-88.9,"wind_kt":40,"pressure_mb":null,"radius_34kt_nm":null},{"date":"18771026","time":"1200","status":"TS","lat":28.7,"lon":-87.5,"wind_kt":40,"pressure_mb":null,"radius_34kt_nm":null},{"date":"18771026","time":"1800","status":"TS","lat":29,"lon":-84.9,"wind_kt":40,"pressure_mb":null,"radius_34kt_nm":null},{"date":"18771026","time":"2100","status":"TS","lat":29.3,"lon":-83.2,"wind_kt":40,"pressure_mb":null,"radius_34kt_nm":null},{"date":"18771027","time":"0000","status":"TS","lat":29.6,"lon":-81.9,"wind_kt":40,"pressure_mb":null,"radius_34kt_nm":null},{"date":"18771027","time":"0600","status":"TS","lat":30.1,"lon":-79,"wind_kt":50,"pressure_mb":null,"radius_34kt_nm":null},{"date":"18771027","time":"1200","status":"TS","lat":30.9,"lon":-76,"wind_kt":50,"pressure_mb":null,"radius_34kt_nm":null},{"date":"18771027","time":"1800","status":"TS","lat":32,"lon":-72.5,"wind_kt":50,"pressure_mb":null,"radius_34kt_nm":null},{"date":"18771028","time":"0000","status":"TS","lat":33.5,"lon":-69,"wind_kt":50,"pressure_mb":null,"radius_34kt_nm":null},{"date":"18771028","time":"0600","status":"TS","lat":35.5,"lon":-65,"wind_kt":50,"pressure_mb":null,"radius_34kt_nm":null}]}},{"type":"Feature","geometry":{"type":"LineString","coordinates":[[-76.5,23.2],[-76.1,24.9],[-75.5,27],[-74.6,29.2],[-73.5,31.5],[-72.4,33.4],[-70.8,35.5],[-68.8,38.5],[-66,41.6],[-63.6,44.7],[-60,48.5],[-55.7,52.5]]},"properties":{"id":"hur-al081877","event_type":"hurricane","name":null,"year":1877,"max_wind_kt":50,"min_pressure_mb":null,"category":0,"preliminary":false,"start_date":"18771128","end_date":"18771130","track":[{"date":"18771128","time":"0000","status":"TS","lat":23.2,"lon":-76.5,"wind_kt":40,"pressure_mb":null,"radius_34kt_nm":null},{"date":"18771128","time":"0600","status":"TS","lat":24.9,"lon":-76.1,"wind_kt":40,"pressure_mb":null,"radius_34kt_nm":null},{"date":"18771128","time":"1200","status":"TS","lat":27,"lon":-75.5,"wind_kt":40,"pressure_mb":null,"radius_34kt_nm":null},{"date":"18771128","time":"1800","status":"TS","lat":29.2,"lon":-74.6,"wind_kt":40,"pressure_mb":null,"radius_34kt_nm":null},{"date":"18771129","time":"0000","status":"TS","lat":31.5,"lon":-73.5,"wind_kt":50,"pressure_mb":null,"radius_34kt_nm":null},{"date":"18771129","time":"0600","status":"TS","lat":33.4,"lon":-72.4,"wind_kt":50,"pressure_mb":null,"radius_34kt_nm":null},{"date":"18771129","time":"1200","status":"TS","lat":35.5,"lon":-70.8,"wind_kt":50,"pressure_mb":null,"radius_34kt_nm":null},{"date":"18771129","time":"1800","status":"TS","lat":38.5,"lon":-68.8,"wind_kt":50,"pressure_mb":null,"radius_34kt_nm":null},{"date":"18771130","time":"0000","status":"EX","lat":41.6,"lon":-66,"wind_kt":40,"pressure_mb":null,"radius_34kt_nm":null},{"date":"18771130","time":"0600","status":"EX","lat":44.7,"lon":-63.6,"wind_kt":40,"pressure_mb":null,"radius_34kt_nm":null},{"date":"18771130","time":"1200","status":"EX","lat":48.5,"lon":-60,"wind_kt":40,"pressure_mb":null,"radius_34kt_nm":null},{"date":"18771130","time":"1800","status":"EX","lat":52.5,"lon":-55.7,"wind_kt":40,"pressure_mb":null,"radius_34kt_nm":null}]}},{"type":"Feature","geometry":{"type":"LineString","coordinates":[[-87.3,25.4],[-86.6,25.4],[-86,25.5],[-85,25.6],[-84.3,25.7],[-83.5,25.8],[-82.4,25.9],[-81.8,26],[-81,26.3],[-79.6,27.3],[-78.3,28],[-77,28.7],[-75.6,29.4]]},"properties":{"id":"hur-al011878","event_type":"hurricane","name":null,"year":1878,"max_wind_kt":40,"min_pressure_mb":null,"category":0,"preliminary":false,"start_date":"18780701","end_date":"18780703","track":[{"date":"18780701","time":"0000","status":"TS","lat":25.4,"lon":-87.3,"wind_kt":40,"pressure_mb":null,"radius_34kt_nm":null},{"date":"18780701","time":"0600","status":"TS","lat":25.4,"lon":-86.6,"wind_kt":40,"pressure_mb":null,"radius_34kt_nm":null},{"date":"18780701","time":"1200","status":"TS","lat":25.5,"lon":-86,"wind_kt":40,"pressure_mb":null,"radius_34kt_nm":null},{"date":"18780701","time":"1800","status":"TS","lat":25.6,"lon":-85,"wind_kt":40,"pressure_mb":null,"radius_34kt_nm":null},{"date":"18780702","time":"0000","status":"TS","lat":25.7,"lon":-84.3,"wind_kt":40,"pressure_mb":null,"radius_34kt_nm":null},{"date":"18780702","time":"0600","status":"TS","lat":25.8,"lon":-83.5,"wind_kt":40,"pressure_mb":null,"radius_34kt_nm":null},{"date":"18780702","time":"1200","status":"TS","lat":25.9,"lon":-82.4,"wind_kt":40,"pressure_mb":null,"radius_34kt_nm":null},{"date":"18780702","time":"1500","status":"TS","lat":26,"lon":-81.8,"wind_kt":40,"pressure_mb":null,"radius_34kt_nm":null},{"date":"18780702","time":"1800","status":"TD","lat":26.3,"lon":-81,"wind_kt":30,"pressure_mb":null,"radius_34kt_nm":null},{"date":"18780703","time":"0000","status":"TS","lat":27.3,"lon":-79.6,"wind_kt":40,"pressure_mb":null,"radius_34kt_nm":null},{"date":"18780703","time":"0600","status":"TS","lat":28,"lon":-78.3,"wind_kt":40,"pressure_mb":null,"radius_34kt_nm":null},{"date":"18780703","time":"1200","status":"TS","lat":28.7,"lon":-77,"wind_kt":40,"pressure_mb":null,"radius_34kt_nm":null},{"date":"18780703","time":"1800","status":"TS","lat":29.4,"lon":-75.6,"wind_kt":40,"pressure_mb":null,"radius_34kt_nm":null}]}},{"type":"Feature","geometry":{"type":"LineString","coordinates":[[-60.5,15],[-61,14.9],[-61.5,14.7],[-61.9,14.6],[-62.4,14.6],[-62.8,14.6],[-63.3,14.5],[-64.1,14.5],[-64.9,14.4],[-65.6,14.4],[-66.5,14.3],[-67.6,14.2],[-68.6,14.1],[-70,14],[-71.3,14],[-73,14.1],[-74.6,14.3],[-76.1,14.5],[-77.5,15],[-78.6,15.9],[-79.6,16.6],[-80.6,17.4],[-81.5,18],[-82.5,18.7],[-83.3,19.5],[-84.1,20.2],[-85,21],[-85.6,21.5],[-86.1,22],[-86.8,22.5],[-87.5,22.8],[-88.1,22.9],[-89,23],[-89.6,23],[-90.3,23],[-91.1,23],[-92.1,23],[-93,23],[-94,23],[-94.8,23],[-95.6,22.9],[-96.5,22.8],[-97.5,22.7],[-98.5,22.6],[-99.2,22.5]]},"properties":{"id":"hur-al021878","event_type":"hurricane","name":null,"year":1878,"max_wind_kt":70,"min_pressure_mb":null,"category":1,"preliminary":false,"start_date":"18780808","end_date":"18780819","track":[{"date":"18780808","time":"0000","status":"TS","lat":15,"lon":-60.5,"wind_kt":40,"pressure_mb":null,"radius_34kt_nm":null},{"date":"18780808","time":"0600","status":"TS","lat":14.9,"lon":-61,"wind_kt":40,"pressure_mb":null,"radius_34kt_nm":null},{"date":"18780808","time":"1200","status":"TS","lat":14.7,"lon":-61.5,"wind_kt":40,"pressure_mb":null,"radius_34kt_nm":null},{"date":"18780808","time":"1800","status":"TS","lat":14.6,"lon":-61.9,"wind_kt":40,"pressure_mb":null,"radius_34kt_nm":null},{"date":"18780809","time":"0000","status":"TS","lat":14.6,"lon":-62.4,"wind_kt":40,"pressure_mb":null,"radius_34kt_nm":null},{"date":"18780809","time":"0600","status":"TS","lat":14.6,"lon":-62.8,"wind_kt":40,"pressure_mb":null,"radius_34kt_nm":null},{"date":"18780809","time":"1200","status":"TS","lat":14.5,"lon":-63.3,"wind_kt":40,"pressure_mb":null,"radius_34kt_nm":null},{"date":"18780809","time":"1800","status":"TS","lat":14.5,"lon":-64.1,"wind_kt":40,"pressure_mb":null,"radius_34kt_nm":null},{"date":"18780810","time":"0000","status":"TS","lat":14.4,"lon":-64.9,"wind_kt":40,"pressure_mb":null,"radius_34kt_nm":null},{"date":"18780810","time":"0600","status":"TS","lat":14.4,"lon":-65.6,"wind_kt":40,"pressure_mb":null,"radius_34kt_nm":null},{"date":"18780810","time":"1200","status":"TS","lat":14.3,"lon":-66.5,"wind_kt":40,"pressure_mb":null,"radius_34kt_nm":null},{"date":"18780810","time":"1800","status":"TS","lat":14.2,"lon":-67.6,"wind_kt":40,"pressure_mb":null,"radius_34kt_nm":null},{"date":"18780811","time":"0000","status":"TS","lat":14.1,"lon":-68.6,"wind_kt":40,"pressure_mb":null,"radius_34kt_nm":null},{"date":"18780811","time":"0600","status":"TS","lat":14,"lon":-70,"wind_kt":40,"pressure_mb":null,"radius_34kt_nm":null},{"date":"18780811","time":"1200","status":"TS","lat":14,"lon":-71.3,"wind_kt":40,"pressure_mb":null,"radius_34kt_nm":null},{"date":"18780811","time":"1800","status":"TS","lat":14.1,"lon":-73,"wind_kt":40,"pressure_mb":null,"radius_34kt_nm":null},{"date":"18780812","time":"0000","status":"TS","lat":14.3,"lon":-74.6,"wind_kt":50,"pressure_mb":null,"radius_34kt_nm":null},{"date":"18780812","time":"0600","status":"TS","lat":14.5,"lon":-76.1,"wind_kt":50,"pressure_mb":null,"radius_34kt_nm":null},{"date":"18780812","time":"1200","status":"TS","lat":15,"lon":-77.5,"wind_kt":50,"pressure_mb":null,"radius_34kt_nm":null},{"date":"18780812","time":"1800","status":"TS","lat":15.9,"lon":-78.6,"wind_kt":50,"pressure_mb":null,"radius_34kt_nm":null},{"date":"18780813","time":"0000","status":"TS","lat":16.6,"lon":-79.6,"wind_kt":50,"pressure_mb":null,"radius_34kt_nm":null},{"date":"18780813","time":"0600","status":"TS","lat":17.4,"lon":-80.6,"wind_kt":50,"pressure_mb":null,"radius_34kt_nm":null},{"date":"18780813","time":"1200","status":"TS","lat":18,"lon":-81.5,"wind_kt":50,"pressure_mb":null,"radius_34kt_nm":null},{"date":"18780813","time":"1800","status":"TS","lat":18.7,"lon":-82.5,"wind_kt":50,"pressure_mb":null,"radius_34kt_nm":null},{"date":"18780814","time":"0000","status":"TS","lat":19.5,"lon":-83.3,"wind_kt":60,"pressure_mb":null,"radius_34kt_nm":null},{"date":"18780814","time":"0600","status":"TS","lat":20.2,"lon":-84.1,"wind_kt":60,"pressure_mb":null,"radius_34kt_nm":null},{"date":"18780814","time":"1200","status":"TS","lat":21,"lon":-85,"wind_kt":60,"pressure_mb":null,"radius_34kt_nm":null},{"date":"18780814","time":"1800","status":"TS","lat":21.5,"lon":-85.6,"wind_kt":60,"pressure_mb":null,"radius_34kt_nm":null},{"date":"18780815","time":"0000","status":"HU","lat":22,"lon":-86.1,"wind_kt":70,"pressure_mb":null,"radius_34kt_nm":null},{"date":"18780815","time":"0600","status":"HU","lat":22.5,"lon":-86.8,"wind_kt":70,"pressure_mb":null,"radius_34kt_nm":null},{"date":"18780815","time":"1200","status":"HU","lat":22.8,"lon":-87.5,"wind_kt":70,"pressure_mb":null,"radius_34kt_nm":null},{"date":"18780815","time":"1800","status":"HU","lat":22.9,"lon":-88.1,"wind_kt":70,"pressure_mb":null,"radius_34kt_nm":null},{"date":"18780816","time":"0000","status":"HU","lat":23,"lon":-89,"wind_kt":70,"pressure_mb":null,"radius_34kt_nm":null},{"date":"18780816","time":"0600","status":"HU","lat":23,"lon":-89.6,"wind_kt":70,"pressure_mb":null,"radius_34kt_nm":null},{"date":"18780816","time":"1200","status":"HU","lat":23,"lon":-90.3,"wind_kt":70,"pressure_mb":null,"radius_34kt_nm":null},{"date":"18780816","time":"1800","status":"HU","lat":23,"lon":-91.1,"wind_kt":70,"pressure_mb":null,"radius_34kt_nm":null},{"date":"18780817","time":"0000","status":"HU","lat":23,"lon":-92.1,"wind_kt":70,"pressure_mb":null,"radius_34kt_nm":null},{"date":"18780817","time":"0600","status":"HU","lat":23,"lon":-93,"wind_kt":70,"pressure_mb":null,"radius_34kt_nm":null},{"date":"18780817","time":"1200","status":"HU","lat":23,"lon":-94,"wind_kt":70,"pressure_mb":null,"radius_34kt_nm":null},{"date":"18780817","time":"1800","status":"HU","lat":23,"lon":-94.8,"wind_kt":70,"pressure_mb":null,"radius_34kt_nm":null},{"date":"18780818","time":"0000","status":"HU","lat":22.9,"lon":-95.6,"wind_kt":70,"pressure_mb":null,"radius_34kt_nm":null},{"date":"18780818","time":"0600","status":"HU","lat":22.8,"lon":-96.5,"wind_kt":70,"pressure_mb":null,"radius_34kt_nm":null},{"date":"18780818","time":"1200","status":"HU","lat":22.7,"lon":-97.5,"wind_kt":70,"pressure_mb":null,"radius_34kt_nm":null},{"date":"18780818","time":"1800","status":"TS","lat":22.6,"lon":-98.5,"wind_kt":40,"pressure_mb":null,"radius_34kt_nm":null},{"date":"18780819","time":"0000","status":"TD","lat":22.5,"lon":-99.2,"wind_kt":30,"pressure_mb":null,"radius_34kt_nm":null}]}},{"type":"Feature","geometry":{"type":"LineString","coordinates":[[-60.5,35.5],[-60.4,37.3],[-60.3,39.3],[-60.1,41.5],[-59.9,43.5],[-59.7,45.8],[-59.5,48],[-59,49.8],[-58.3,51],[-57.3,51.6],[-56,52],[-54.5,52.2]]},"properties":{"id":"hur-al031878","event_type":"hurricane","name":null,"year":1878,"max_wind_kt":80,"min_pressure_mb":963,"category":1,"preliminary":false,"start_date":"18780819","end_date":"18780821","track":[{"date":"18780819","time":"0000","status":"HU","lat":35.5,"lon":-60.5,"wind_kt":80,"pressure_mb":null,"radius_34kt_nm":null},{"date":"18780819","time":"0600","status":"HU","lat":37.3,"lon":-60.4,"wind_kt":80,"pressure_mb":null,"radius_34kt_nm":null},{"date":"18780819","time":"1200","status":"HU","lat":39.3,"lon":-60.3,"wind_kt":80,"pressure_mb":null,"radius_34kt_nm":null},{"date":"18780819","time":"1800","status":"HU","lat":41.5,"lon":-60.1,"wind_kt":80,"pressure_mb":null,"radius_34kt_nm":null},{"date":"18780820","time":"0000","status":"HU","lat":43.5,"lon":-59.9,"wind_kt":80,"pressure_mb":null,"radius_34kt_nm":null},{"date":"18780820","time":"0600","status":"HU","lat":45.8,"lon":-59.7,"wind_kt":80,"pressure_mb":963,"radius_34kt_nm":null},{"date":"18780820","time":"1200","status":"HU","lat":48,"lon":-59.5,"wind_kt":70,"pressure_mb":null,"radius_34kt_nm":null},{"date":"18780820","time":"1800","status":"HU","lat":49.8,"lon":-59,"wind_kt":70,"pressure_mb":null,"radius_34kt_nm":null},{"date":"18780821","time":"0000","status":"EX","lat":51,"lon":-58.3,"wind_kt":60,"pressure_mb":null,"radius_34kt_nm":null},{"date":"18780821","time":"0600","status":"EX","lat":51.6,"lon":-57.3,"wind_kt":60,"pressure_mb":null,"radius_34kt_nm":null},{"date":"18780821","time":"1200","status":"EX","lat":52,"lon":-56,"wind_kt":60,"pressure_mb":null,"radius_34kt_nm":null},{"date":"18780821","time":"1800","status":"EX","lat":52.2,"lon":-54.5,"wind_kt":60,"pressure_mb":null,"radius_34kt_nm":null}]}},{"type":"Feature","geometry":{"type":"LineString","coordinates":[[-77.1,24.7],[-76.6,25.4],[-76.3,26],[-75.6,26.7],[-74.9,27.4],[-74.1,28.2],[-73,29],[-72.1,29.5],[-71.3,30.1],[-70.3,30.8],[-69.3,31.5],[-68.4,32],[-67.5,32.5],[-66.6,32.9],[-65.3,33.5],[-63.9,34],[-62.2,34.5],[-60.4,35.2],[-58.7,35.7],[-56.3,36.3],[-53,36.8],[-49.5,37],[-46.5,37.3],[-43,37.5]]},"properties":{"id":"hur-al041878","event_type":"hurricane","name":null,"year":1878,"max_wind_kt":90,"min_pressure_mb":972,"category":2,"preliminary":false,"start_date":"18780825","end_date":"18780830","track":[{"date":"18780825","time":"0000","status":"TS","lat":24.7,"lon":-77.1,"wind_kt":40,"pressure_mb":null,"radius_34kt_nm":null},{"date":"18780825","time":"0600","status":"TS","lat":25.4,"lon":-76.6,"wind_kt":40,"pressure_mb":null,"radius_34kt_nm":null},{"date":"18780825","time":"1200","status":"TS","lat":26,"lon":-76.3,"wind_kt":50,"pressure_mb":null,"radius_34kt_nm":null},{"date":"18780825","time":"1800","status":"TS","lat":26.7,"lon":-75.6,"wind_kt":50,"pressure_mb":996,"radius_34kt_nm":null},{"date":"18780826","time":"0000","status":"TS","lat":27.4,"lon":-74.9,"wind_kt":60,"pressure_mb":null,"radius_34kt_nm":null},{"date":"18780826","time":"0600","status":"TS","lat":28.2,"lon":-74.1,"wind_kt":60,"pressure_mb":null,"radius_34kt_nm":null},{"date":"18780826","time":"1200","status":"HU","lat":29,"lon":-73,"wind_kt":70,"pressure_mb":null,"radius_34kt_nm":null},{"date":"18780826","time":"1800","status":"HU","lat":29.5,"lon":-72.1,"wind_kt":70,"pressure_mb":null,"radius_34kt_nm":null},{"date":"18780827","time":"0000","status":"HU","lat":30.1,"lon":-71.3,"wind_kt":70,"pressure_mb":null,"radius_34kt_nm":null},{"date":"18780827","time":"0600","status":"HU","lat":30.8,"lon":-70.3,"wind_kt":70,"pressure_mb":null,"radius_34kt_nm":null},{"date":"18780827","time":"1200","status":"HU","lat":31.5,"lon":-69.3,"wind_kt":80,"pressure_mb":null,"radius_34kt_nm":null},{"date":"18780827","time":"1800","status":"HU","lat":32,"lon":-68.4,"wind_kt":80,"pressure_mb":null,"radius_34kt_nm":null},{"date":"18780828","time":"0000","status":"HU","lat":32.5,"lon":-67.5,"wind_kt":90,"pressure_mb":null,"radius_34kt_nm":null},{"date":"18780828","time":"0600","status":"HU","lat":32.9,"lon":-66.6,"wind_kt":90,"pressure_mb":null,"radius_34kt_nm":null},{"date":"18780828","time":"1200","status":"HU","lat":33.5,"lon":-65.3,"wind_kt":90,"pressure_mb":null,"radius_34kt_nm":null},{"date":"18780828","time":"1800","status":"HU","lat":34,"lon":-63.9,"wind_kt":90,"pressure_mb":972,"radius_34kt_nm":null},{"date":"18780829","time":"0000","status":"HU","lat":34.5,"lon":-62.2,"wind_kt":80,"pressure_mb":null,"radius_34kt_nm":null},{"date":"18780829","time":"0600","status":"HU","lat":35.2,"lon":-60.4,"wind_kt":80,"pressure_mb":975,"radius_34kt_nm":null},{"date":"18780829","time":"1200","status":"HU","lat":35.7,"lon":-58.7,"wind_kt":80,"pressure_mb":null,"radius_34kt_nm":null},{"date":"18780829","time":"1800","status":"HU","lat":36.3,"lon":-56.3,"wind_kt":80,"pressure_mb":null,"radius_34kt_nm":null},{"date":"18780830","time":"0000","status":"HU","lat":36.8,"lon":-53,"wind_kt":80,"pressure_mb":null,"radius_34kt_nm":null},{"date":"18780830","time":"0600","status":"HU","lat":37,"lon":-49.5,"wind_kt":80,"pressure_mb":null,"radius_34kt_nm":null},{"date":"18780830","time":"1200","status":"HU","lat":37.3,"lon":-46.5,"wind_kt":80,"pressure_mb":null,"radius_34kt_nm":null},{"date":"18780830","time":"1800","status":"HU","lat":37.5,"lon":-43,"wind_kt":80,"pressure_mb":null,"radius_34kt_nm":null}]}},{"type":"Feature","geometry":{"type":"LineString","coordinates":[[-54.2,8.5],[-55.6,8.7],[-57,9],[-58.4,9.6],[-59.9,10.3],[-61.7,11.3],[-63.3,12.3],[-64.8,13.3],[-66.3,14.3],[-67.8,15.2],[-69.3,16],[-70.1,16.7],[-71.1,17.5],[-72.1,18.2],[-73,18.9],[-73.9,19.5],[-74.6,20],[-75.6,20.5],[-76.6,21],[-77.1,21.5],[-77.8,21.9],[-78.4,22.1],[-79,22.3],[-79.5,22.5],[-80,22.8],[-80.5,23.1],[-80.8,23.6],[-80.9,24.3],[-80.9,24.7],[-81,25],[-81,25.2],[-81.2,25.8],[-81.5,26.5],[-81.9,26.9],[-82.4,27.2],[-82.9,27.4],[-83.3,27.6],[-83.5,27.8],[-83.4,28],[-83,28.3],[-82.6,28.6],[-82.5,28.7],[-82,29.2],[-81.5,29.7],[-81.1,30.1],[-80.9,30.5],[-80.7,30.9],[-80.6,31.3],[-80.5,31.8],[-80.4,32.5],[-80.1,34],[-79.8,36.5],[-79.4,39],[-79,41.5],[-78.5,44]]},"properties":{"id":"hur-al051878","event_type":"hurricane","name":null,"year":1878,"max_wind_kt":90,"min_pressure_mb":970,"category":2,"preliminary":false,"start_date":"18780901","end_date":"18780913","track":[{"date":"18780901","time":"0000","status":"TS","lat":8.5,"lon":-54.2,"wind_kt":50,"pressure_mb":null,"radius_34kt_nm":null},{"date":"18780901","time":"0600","status":"TS","lat":8.7,"lon":-55.6,"wind_kt":50,"pressure_mb":null,"radius_34kt_nm":null},{"date":"18780901","time":"1200","status":"TS","lat":9,"lon":-57,"wind_kt":60,"pressure_mb":null,"radius_34kt_nm":null},{"date":"18780901","time":"1800","status":"TS","lat":9.6,"lon":-58.4,"wind_kt":60,"pressure_mb":null,"radius_34kt_nm":null},{"date":"18780902","time":"0000","status":"HU","lat":10.3,"lon":-59.9,"wind_kt":70,"pressure_mb":null,"radius_34kt_nm":null},{"date":"18780902","time":"0600","status":"HU","lat":11.3,"lon":-61.7,"wind_kt":80,"pressure_mb":null,"radius_34kt_nm":null},{"date":"18780902","time":"1200","status":"HU","lat":12.3,"lon":-63.3,"wind_kt":80,"pressure_mb":null,"radius_34kt_nm":null},{"date":"18780902","time":"1800","status":"HU","lat":13.3,"lon":-64.8,"wind_kt":80,"pressure_mb":null,"radius_34kt_nm":null},{"date":"18780903","time":"0000","status":"HU","lat":14.3,"lon":-66.3,"wind_kt":80,"pressure_mb":null,"radius_34kt_nm":null},{"date":"18780903","time":"0600","status":"HU","lat":15.2,"lon":-67.8,"wind_kt":80,"pressure_mb":null,"radius_34kt_nm":null},{"date":"18780903","time":"1200","status":"HU","lat":16,"lon":-69.3,"wind_kt":80,"pressure_mb":null,"radius_34kt_nm":null},{"date":"18780903","time":"1800","status":"HU","lat":16.7,"lon":-70.1,"wind_kt":80,"pressure_mb":null,"radius_34kt_nm":null},{"date":"18780904","time":"0000","status":"HU","lat":17.5,"lon":-71.1,"wind_kt":80,"pressure_mb":null,"radius_34kt_nm":null},{"date":"18780904","time":"0600","status":"HU","lat":18.2,"lon":-72.1,"wind_kt":70,"pressure_mb":null,"radius_34kt_nm":null},{"date":"18780904","time":"1200","status":"TS","lat":18.9,"lon":-73,"wind_kt":60,"pressure_mb":null,"radius_34kt_nm":null},{"date":"18780904","time":"1800","status":"HU","lat":19.5,"lon":-73.9,"wind_kt":70,"pressure_mb":null,"radius_34kt_nm":null},{"date":"18780905","time":"0000","status":"HU","lat":20,"lon":-74.6,"wind_kt":70,"pressure_mb":null,"radius_34kt_nm":null},{"date":"18780905","time":"0600","status":"TS","lat":20.5,"lon":-75.6,"wind_kt":60,"pressure_mb":null,"radius_34kt_nm":null},{"date":"18780905","time":"1200","status":"TS","lat":21,"lon":-76.6,"wind_kt":60,"pressure_mb":null,"radius_34kt_nm":null},{"date":"18780905","time":"1800","status":"TS","lat":21.5,"lon":-77.1,"wind_kt":60,"pressure_mb":null,"radius_34kt_nm":null},{"date":"18780906","time":"0000","status":"TS","lat":21.9,"lon":-77.8,"wind_kt":50,"pressure_mb":null,"radius_34kt_nm":null},{"date":"18780906","time":"0600","status":"TS","lat":22.1,"lon":-78.4,"wind_kt":50,"pressure_mb":null,"radius_34kt_nm":null},{"date":"18780906","time":"1200","status":"TS","lat":22.3,"lon":-79,"wind_kt":50,"pressure_mb":null,"radius_34kt_nm":null},{"date":"18780906","time":"1800","status":"TS","lat":22.5,"lon":-79.5,"wind_kt":50,"pressure_mb":null,"radius_34kt_nm":null},{"date":"18780907","time":"0000","status":"TS","lat":22.8,"lon":-80,"wind_kt":50,"pressure_mb":null,"radius_34kt_nm":null},{"date":"18780907","time":"0600","status":"TS","lat":23.1,"lon":-80.5,"wind_kt":50,"pressure_mb":null,"radius_34kt_nm":null},{"date":"18780907","time":"1200","status":"TS","lat":23.6,"lon":-80.8,"wind_kt":50,"pressure_mb":null,"radius_34kt_nm":null},{"date":"18780907","time":"1800","status":"TS","lat":24.3,"lon":-80.9,"wind_kt":50,"pressure_mb":null,"radius_34kt_nm":null},{"date":"18780907","time":"2100","status":"TS","lat":24.7,"lon":-80.9,"wind_kt":60,"pressure_mb":null,"radius_34kt_nm":null},{"date":"18780908","time":"0000","status":"TS","lat":25,"lon":-81,"wind_kt":60,"pressure_mb":null,"radius_34kt_nm":null},{"date":"18780908","time":"0200","status":"TS","lat":25.2,"lon":-81,"wind_kt":60,"pressure_mb":null,"radius_34kt_nm":null},{"date":"18780908","time":"0600","status":"TS","lat":25.8,"lon":-81.2,"wind_kt":50,"pressure_mb":null,"radius_34kt_nm":null},{"date":"18780908","time":"1200","status":"TS","lat":26.5,"lon":-81.5,"wind_kt":40,"pressure_mb":null,"radius_34kt_nm":null},{"date":"18780908","time":"1800","status":"TS","lat":26.9,"lon":-81.9,"wind_kt":40,"pressure_mb":null,"radius_34kt_nm":null},{"date":"18780909","time":"0000","status":"TS","lat":27.2,"lon":-82.4,"wind_kt":40,"pressure_mb":null,"radius_34kt_nm":null},{"date":"18780909","time":"0600","status":"TS","lat":27.4,"lon":-82.9,"wind_kt":50,"pressure_mb":null,"radius_34kt_nm":null},{"date":"18780909","time":"1200","status":"TS","lat":27.6,"lon":-83.3,"wind_kt":60,"pressure_mb":null,"radius_34kt_nm":null},{"date":"18780909","time":"1800","status":"HU","lat":27.8,"lon":-83.5,"wind_kt":70,"pressure_mb":null,"radius_34kt_nm":null},{"date":"18780910","time":"0000","status":"HU","lat":28,"lon":-83.4,"wind_kt":80,"pressure_mb":null,"radius_34kt_nm":null},{"date":"18780910","time":"0600","status":"HU","lat":28.3,"lon":-83,"wind_kt":90,"pressure_mb":null,"radius_34kt_nm":null},{"date":"18780910","time":"1100","status":"HU","lat":28.6,"lon":-82.6,"wind_kt":90,"pressure_mb":null,"radius_34kt_nm":null},{"date":"18780910","time":"1200","status":"HU","lat":28.7,"lon":-82.5,"wind_kt":80,"pressure_mb":970,"radius_34kt_nm":null},{"date":"18780910","time":"1800","status":"HU","lat":29.2,"lon":-82,"wind_kt":70,"pressure_mb":null,"radius_34kt_nm":null},{"date":"18780911","time":"0000","status":"TS","lat":29.7,"lon":-81.5,"wind_kt":60,"pressure_mb":985,"radius_34kt_nm":null},{"date":"18780911","time":"0600","status":"HU","lat":30.1,"lon":-81.1,"wind_kt":70,"pressure_mb":null,"radius_34kt_nm":null},{"date":"18780911","time":"1200","status":"HU","lat":30.5,"lon":-80.9,"wind_kt":80,"pressure_mb":null,"radius_34kt_nm":null},{"date":"18780911","time":"1800","status":"HU","lat":30.9,"lon":-80.7,"wind_kt":80,"pressure_mb":null,"radius_34kt_nm":null},{"date":"18780912","time":"0000","status":"HU","lat":31.3,"lon":-80.6,"wind_kt":80,"pressure_mb":null,"radius_34kt_nm":null},{"date":"18780912","time":"0600","status":"HU","lat":31.8,"lon":-80.5,"wind_kt":80,"pressure_mb":null,"radius_34kt_nm":null},{"date":"18780912","time":"1200","status":"HU","lat":32.5,"lon":-80.4,"wind_kt":80,"pressure_mb":null,"radius_34kt_nm":null},{"date":"18780912","time":"1800","status":"TS","lat":34,"lon":-80.1,"wind_kt":60,"pressure_mb":null,"radius_34kt_nm":null},{"date":"18780913","time":"0000","status":"TS","lat":36.5,"lon":-79.8,"wind_kt":50,"pressure_mb":null,"radius_34kt_nm":null},{"date":"18780913","time":"0600","status":"EX","lat":39,"lon":-79.4,"wind_kt":50,"pressure_mb":null,"radius_34kt_nm":null},{"date":"18780913","time":"1200","status":"EX","lat":41.5,"lon":-79,"wind_kt":40,"pressure_mb":null,"radius_34kt_nm":null},{"date":"18780913","time":"1800","status":"EX","lat":44,"lon":-78.5,"wind_kt":40,"pressure_mb":null,"radius_34kt_nm":null}]}},{"type":"Feature","geometry":{"type":"LineString","coordinates":[[-45,12.5],[-46.2,12.8],[-47.2,13.2],[-48,13.8],[-49.3,14.7],[-50.7,15.8],[-52,16.6],[-53,17],[-53.7,17.2],[-54.4,17.7],[-55,18.1],[-55.7,18.4],[-56.4,18.9],[-57.1,19.2],[-57.9,20],[-58.3,20.7],[-58.7,21.4],[-59.1,22],[-59.5,22.7],[-59.9,23.7],[-60.2,24.7],[-60.4,26],[-60.3,27.1],[-60.2,27.7],[-60.1,28.4],[-59.9,29.1],[-59.7,29.7],[-59.4,30.4]]},"properties":{"id":"hur-al061878","event_type":"hurricane","name":null,"year":1878,"max_wind_kt":90,"min_pressure_mb":null,"category":2,"preliminary":false,"start_date":"18780912","end_date":"18780918","track":[{"date":"18780912","time":"0000","status":"HU","lat":12.5,"lon":-45,"wind_kt":70,"pressure_mb":null,"radius_34kt_nm":null},{"date":"18780912","time":"0600","status":"HU","lat":12.8,"lon":-46.2,"wind_kt":70,"pressure_mb":null,"radius_34kt_nm":null},{"date":"18780912","time":"1200","status":"HU","lat":13.2,"lon":-47.2,"wind_kt":70,"pressure_mb":null,"radius_34kt_nm":null},{"date":"18780912","time":"1800","status":"HU","lat":13.8,"lon":-48,"wind_kt":70,"pressure_mb":null,"radius_34kt_nm":null},{"date":"18780913","time":"0000","status":"HU","lat":14.7,"lon":-49.3,"wind_kt":70,"pressure_mb":null,"radius_34kt_nm":null},{"date":"18780913","time":"0600","status":"HU","lat":15.8,"lon":-50.7,"wind_kt":70,"pressure_mb":null,"radius_34kt_nm":null},{"date":"18780913","time":"1200","status":"HU","lat":16.6,"lon":-52,"wind_kt":70,"pressure_mb":null,"radius_34kt_nm":null},{"date":"18780913","time":"1800","status":"HU","lat":17,"lon":-53,"wind_kt":70,"pressure_mb":null,"radius_34kt_nm":null},{"date":"18780914","time":"0000","status":"HU","lat":17.2,"lon":-53.7,"wind_kt":80,"pressure_mb":null,"radius_34kt_nm":null},{"date":"18780914","time":"0600","status":"HU","lat":17.7,"lon":-54.4,"wind_kt":80,"pressure_mb":null,"radius_34kt_nm":null},{"date":"18780914","time":"1200","status":"HU","lat":18.1,"lon":-55,"wind_kt":80,"pressure_mb":null,"radius_34kt_nm":null},{"date":"18780914","time":"1800","status":"HU","lat":18.4,"lon":-55.7,"wind_kt":80,"pressure_mb":null,"radius_34kt_nm":null},{"date":"18780915","time":"0000","status":"HU","lat":18.9,"lon":-56.4,"wind_kt":80,"pressure_mb":null,"radius_34kt_nm":null},{"date":"18780915","time":"0600","status":"HU","lat":19.2,"lon":-57.1,"wind_kt":80,"pressure_mb":null,"radius_34kt_nm":null},{"date":"18780915","time":"1200","status":"HU","lat":20,"lon":-57.9,"wind_kt":90,"pressure_mb":null,"radius_34kt_nm":null},{"date":"18780915","time":"1800","status":"HU","lat":20.7,"lon":-58.3,"wind_kt":90,"pressure_mb":null,"radius_34kt_nm":null},{"date":"18780916","time":"0000","status":"HU","lat":21.4,"lon":-58.7,"wind_kt":90,"pressure_mb":null,"radius_34kt_nm":null},{"date":"18780916","time":"0600","status":"HU","lat":22,"lon":-59.1,"wind_kt":90,"pressure_mb":null,"radius_34kt_nm":null},{"date":"18780916","time":"1200","status":"HU","lat":22.7,"lon":-59.5,"wind_kt":90,"pressure_mb":null,"radius_34kt_nm":null},{"date":"18780916","time":"1800","status":"HU","lat":23.7,"lon":-59.9,"wind_kt":90,"pressure_mb":null,"radius_34kt_nm":null},{"date":"18780917","time":"0000","status":"HU","lat":24.7,"lon":-60.2,"wind_kt":80,"pressure_mb":null,"radius_34kt_nm":null},{"date":"18780917","time":"0600","status":"HU","lat":26,"lon":-60.4,"wind_kt":80,"pressure_mb":null,"radius_34kt_nm":null},{"date":"18780917","time":"1200","status":"HU","lat":27.1,"lon":-60.3,"wind_kt":80,"pressure_mb":null,"radius_34kt_nm":null},{"date":"18780917","time":"1800","status":"HU","lat":27.7,"lon":-60.2,"wind_kt":80,"pressure_mb":null,"radius_34kt_nm":null},{"date":"18780918","time":"0000","status":"HU","lat":28.4,"lon":-60.1,"wind_kt":70,"pressure_mb":null,"radius_34kt_nm":null},{"date":"18780918","time":"0600","status":"HU","lat":29.1,"lon":-59.9,"wind_kt":70,"pressure_mb":null,"radius_34kt_nm":null},{"date":"18780918","time":"1200","status":"HU","lat":29.7,"lon":-59.7,"wind_kt":70,"pressure_mb":null,"radius_34kt_nm":null},{"date":"18780918","time":"1800","status":"HU","lat":30.4,"lon":-59.4,"wind_kt":70,"pressure_mb":null,"radius_34kt_nm":null}]}},{"type":"Feature","geometry":{"type":"LineString","coordinates":[[-71.9,15.1],[-71.9,15.5],[-72,16],[-72,16.2],[-72,16.4],[-72.1,16.7],[-72.1,17],[-72.2,17.6],[-72.3,18],[-72.4,18.4],[-72.5,18.7],[-72.6,19.2],[-72.6,19.5],[-72.6,19.7],[-72.6,20.1],[-72.7,20.5],[-72.8,20.9],[-72.9,21.2],[-73,21.6],[-73.1,22.1],[-73.3,22.4],[-73.4,22.7],[-73.5,23.2],[-73.5,23.6],[-73.5,23.9],[-73.5,24.2],[-73.5,24.7],[-73.5,25.4],[-73.5,25.8],[-73.4,26.3],[-73.3,26.8],[-73.1,27.4],[-73.1,27.6],[-73.1,28],[-73,28.5],[-72.9,28.9],[-72.6,29.3],[-72.5,29.8],[-72.1,30.2],[-71.9,30.8],[-71.5,31.4],[-71.1,31.9],[-70.6,32.5],[-70,33.3],[-69.3,33.9],[-68.6,34.4],[-67.7,35],[-66.6,36],[-64.8,37.3],[-62.6,38.5],[-60.5,39.7],[-58.3,40.7],[-55.5,41.7],[-51.9,42.7],[-48.5,43.5],[-44.3,44.8],[-39.5,46.2],[-35.5,47.5],[-31,48.5],[-27,49.5]]},"properties":{"id":"hur-al071878","event_type":"hurricane","name":null,"year":1878,"max_wind_kt":120,"min_pressure_mb":938,"category":4,"preliminary":false,"start_date":"18780924","end_date":"18781008","track":[{"date":"18780924","time":"0000","status":"TS","lat":15.1,"lon":-71.9,"wind_kt":40,"pressure_mb":null,"radius_34kt_nm":null},{"date":"18780924","time":"0600","status":"TS","lat":15.5,"lon":-71.9,"wind_kt":40,"pressure_mb":null,"radius_34kt_nm":null},{"date":"18780924","time":"1200","status":"TS","lat":16,"lon":-72,"wind_kt":50,"pressure_mb":null,"radius_34kt_nm":null},{"date":"18780924","time":"1800","status":"TS","lat":16.2,"lon":-72,"wind_kt":50,"pressure_mb":null,"radius_34kt_nm":null},{"date":"18780925","time":"0000","status":"TS","lat":16.4,"lon":-72,"wind_kt":60,"pressure_mb":null,"radius_34kt_nm":null},{"date":"18780925","time":"0600","status":"TS","lat":16.7,"lon":-72.1,"wind_kt":60,"pressure_mb":null,"radius_34kt_nm":null},{"date":"18780925","time":"1200","status":"HU","lat":17,"lon":-72.1,"wind_kt":70,"pressure_mb":null,"radius_34kt_nm":null},{"date":"18780925","time":"1800","status":"HU","lat":17.6,"lon":-72.2,"wind_kt":70,"pressure_mb":null,"radius_34kt_nm":null},{"date":"18780926","time":"0000","status":"HU","lat":18,"lon":-72.3,"wind_kt":70,"pressure_mb":null,"radius_34kt_nm":null},{"date":"18780926","time":"0600","status":"TS","lat":18.4,"lon":-72.4,"wind_kt":60,"pressure_mb":null,"radius_34kt_nm":null},{"date":"18780926","time":"1200","status":"TS","lat":18.7,"lon":-72.5,"wind_kt":50,"pressure_mb":null,"radius_34kt_nm":null},{"date":"18780926","time":"1800","status":"TS","lat":19.2,"lon":-72.6,"wind_kt":40,"pressure_mb":null,"radius_34kt_nm":null},{"date":"18780927","time":"0000","status":"TS","lat":19.5,"lon":-72.6,"wind_kt":40,"pressure_mb":null,"radius_34kt_nm":null},{"date":"18780927","time":"0600","status":"TS","lat":19.7,"lon":-72.6,"wind_kt":40,"pressure_mb":null,"radius_34kt_nm":null},{"date":"18780927","time":"1200","status":"TS","lat":20.1,"lon":-72.6,"wind_kt":50,"pressure_mb":null,"radius_34kt_nm":null},{"date":"18780927","time":"1800","status":"TS","lat":20.5,"lon":-72.7,"wind_kt":60,"pressure_mb":null,"radius_34kt_nm":null},{"date":"18780928","time":"0000","status":"HU","lat":20.9,"lon":-72.8,"wind_kt":70,"pressure_mb":null,"radius_34kt_nm":null},{"date":"18780928","time":"0600","status":"HU","lat":21.2,"lon":-72.9,"wind_kt":70,"pressure_mb":null,"radius_34kt_nm":null},{"date":"18780928","time":"1200","status":"HU","lat":21.6,"lon":-73,"wind_kt":70,"pressure_mb":null,"radius_34kt_nm":null},{"date":"18780928","time":"1800","status":"HU","lat":22.1,"lon":-73.1,"wind_kt":70,"pressure_mb":null,"radius_34kt_nm":null},{"date":"18780929","time":"0000","status":"HU","lat":22.4,"lon":-73.3,"wind_kt":80,"pressure_mb":null,"radius_34kt_nm":null},{"date":"18780929","time":"0600","status":"HU","lat":22.7,"lon":-73.4,"wind_kt":80,"pressure_mb":null,"radius_34kt_nm":null},{"date":"18780929","time":"1200","status":"HU","lat":23.2,"lon":-73.5,"wind_kt":80,"pressure_mb":null,"radius_34kt_nm":null},{"date":"18780929","time":"1800","status":"HU","lat":23.6,"lon":-73.5,"wind_kt":80,"pressure_mb":null,"radius_34kt_nm":null},{"date":"18780930","time":"0000","status":"HU","lat":23.9,"lon":-73.5,"wind_kt":90,"pressure_mb":null,"radius_34kt_nm":null},{"date":"18780930","time":"0600","status":"HU","lat":24.2,"lon":-73.5,"wind_kt":90,"pressure_mb":null,"radius_34kt_nm":null},{"date":"18780930","time":"1200","status":"HU","lat":24.7,"lon":-73.5,"wind_kt":90,"pressure_mb":null,"radius_34kt_nm":null},{"date":"18780930","time":"1800","status":"HU","lat":25.4,"lon":-73.5,"wind_kt":90,"pressure_mb":null,"radius_34kt_nm":null},{"date":"18781001","time":"0000","status":"HU","lat":25.8,"lon":-73.5,"wind_kt":100,"pressure_mb":null,"radius_34kt_nm":null},{"date":"18781001","time":"0600","status":"HU","lat":26.3,"lon":-73.4,"wind_kt":100,"pressure_mb":null,"radius_34kt_nm":null},{"date":"18781001","time":"1200","status":"HU","lat":26.8,"lon":-73.3,"wind_kt":100,"pressure_mb":null,"radius_34kt_nm":null},{"date":"18781001","time":"1800","status":"HU","lat":27.4,"lon":-73.1,"wind_kt":100,"pressure_mb":null,"radius_34kt_nm":null},{"date":"18781002","time":"0000","status":"HU","lat":27.6,"lon":-73.1,"wind_kt":110,"pressure_mb":null,"radius_34kt_nm":null},{"date":"18781002","time":"0600","status":"HU","lat":28,"lon":-73.1,"wind_kt":110,"pressure_mb":null,"radius_34kt_nm":null},{"date":"18781002","time":"1200","status":"HU","lat":28.5,"lon":-73,"wind_kt":110,"pressure_mb":null,"radius_34kt_nm":null},{"date":"18781002","time":"1800","status":"HU","lat":28.9,"lon":-72.9,"wind_kt":110,"pressure_mb":null,"radius_34kt_nm":null},{"date":"18781003","time":"0000","status":"HU","lat":29.3,"lon":-72.6,"wind_kt":120,"pressure_mb":null,"radius_34kt_nm":null},{"date":"18781003","time":"0600","status":"HU","lat":29.8,"lon":-72.5,"wind_kt":120,"pressure_mb":null,"radius_34kt_nm":null},{"date":"18781003","time":"1200","status":"HU","lat":30.2,"lon":-72.1,"wind_kt":120,"pressure_mb":null,"radius_34kt_nm":null},{"date":"18781003","time":"1800","status":"HU","lat":30.8,"lon":-71.9,"wind_kt":120,"pressure_mb":null,"radius_34kt_nm":null},{"date":"18781004","time":"0000","status":"HU","lat":31.4,"lon":-71.5,"wind_kt":120,"pressure_mb":null,"radius_34kt_nm":null},{"date":"18781004","time":"0600","status":"HU","lat":31.9,"lon":-71.1,"wind_kt":120,"pressure_mb":null,"radius_34kt_nm":null},{"date":"18781004","time":"1200","status":"HU","lat":32.5,"lon":-70.6,"wind_kt":120,"pressure_mb":null,"radius_34kt_nm":null},{"date":"18781004","time":"1800","status":"HU","lat":33.3,"lon":-70,"wind_kt":120,"pressure_mb":null,"radius_34kt_nm":null},{"date":"18781005","time":"0000","status":"HU","lat":33.9,"lon":-69.3,"wind_kt":110,"pressure_mb":null,"radius_34kt_nm":null},{"date":"18781005","time":"0600","status":"HU","lat":34.4,"lon":-68.6,"wind_kt":110,"pressure_mb":null,"radius_34kt_nm":null},{"date":"18781005","time":"1200","status":"HU","lat":35,"lon":-67.7,"wind_kt":110,"pressure_mb":null,"radius_34kt_nm":null},{"date":"18781005","time":"1800","status":"HU","lat":36,"lon":-66.6,"wind_kt":110,"pressure_mb":null,"radius_34kt_nm":null},{"date":"18781006","time":"0000","status":"HU","lat":37.3,"lon":-64.8,"wind_kt":110,"pressure_mb":null,"radius_34kt_nm":null},{"date":"18781006","time":"0600","status":"HU","lat":38.5,"lon":-62.6,"wind_kt":110,"pressure_mb":null,"radius_34kt_nm":null},{"date":"18781006","time":"1200","status":"HU","lat":39.7,"lon":-60.5,"wind_kt":110,"pressure_mb":null,"radius_34kt_nm":null},{"date":"18781006","time":"1800","status":"HU","lat":40.7,"lon":-58.3,"wind_kt":110,"pressure_mb":null,"radius_34kt_nm":null},{"date":"18781007","time":"0000","status":"HU","lat":41.7,"lon":-55.5,"wind_kt":110,"pressure_mb":null,"radius_34kt_nm":null},{"date":"18781007","time":"0600","status":"HU","lat":42.7,"lon":-51.9,"wind_kt":110,"pressure_mb":null,"radius_34kt_nm":null},{"date":"18781007","time":"1200","status":"HU","lat":43.5,"lon":-48.5,"wind_kt":110,"pressure_mb":938,"radius_34kt_nm":null},{"date":"18781007","time":"1800","status":"HU","lat":44.8,"lon":-44.3,"wind_kt":100,"pressure_mb":null,"radius_34kt_nm":null},{"date":"18781008","time":"0000","status":"HU","lat":46.2,"lon":-39.5,"wind_kt":100,"pressure_mb":null,"radius_34kt_nm":null},{"date":"18781008","time":"0600","status":"HU","lat":47.5,"lon":-35.5,"wind_kt":100,"pressure_mb":null,"radius_34kt_nm":null},{"date":"18781008","time":"1200","status":"HU","lat":48.5,"lon":-31,"wind_kt":90,"pressure_mb":null,"radius_34kt_nm":null},{"date":"18781008","time":"1800","status":"HU","lat":49.5,"lon":-27,"wind_kt":90,"pressure_mb":null,"radius_34kt_nm":null}]}},{"type":"Feature","geometry":{"type":"LineString","coordinates":[[-91.3,23.5],[-91.1,24.6],[-90.6,25.6],[-90.1,26.3],[-89.6,26.8],[-89.1,27.3],[-88.1,28.1],[-86.6,29.2],[-85.4,29.9],[-83.8,30.6],[-80.8,31.5],[-78.1,32.7],[-76.6,33.5],[-75,34.5],[-73.6,35.8],[-72.5,37],[-70.5,38.8],[-68.1,40.2],[-65.1,41.8],[-62.6,42.9],[-59.7,43.8],[-56.8,44.5],[-53.3,45.2],[-50,45.5],[-47.5,45.5],[-44,45.5],[-40.9,45.5],[-37.5,45.5],[-34,45.5]]},"properties":{"id":"hur-al081878","event_type":"hurricane","name":null,"year":1878,"max_wind_kt":70,"min_pressure_mb":982,"category":1,"preliminary":false,"start_date":"18781009","end_date":"18781015","track":[{"date":"18781009","time":"0000","status":"TS","lat":23.5,"lon":-91.3,"wind_kt":40,"pressure_mb":null,"radius_34kt_nm":null},{"date":"18781009","time":"0600","status":"TS","lat":24.6,"lon":-91.1,"wind_kt":40,"pressure_mb":null,"radius_34kt_nm":null},{"date":"18781009","time":"1200","status":"TS","lat":25.6,"lon":-90.6,"wind_kt":40,"pressure_mb":null,"radius_34kt_nm":null},{"date":"18781009","time":"1800","status":"TS","lat":26.3,"lon":-90.1,"wind_kt":40,"pressure_mb":null,"radius_34kt_nm":null},{"date":"18781010","time":"0000","status":"TS","lat":26.8,"lon":-89.6,"wind_kt":50,"pressure_mb":null,"radius_34kt_nm":null},{"date":"18781010","time":"0600","status":"TS","lat":27.3,"lon":-89.1,"wind_kt":50,"pressure_mb":null,"radius_34kt_nm":null},{"date":"18781010","time":"1200","status":"TS","lat":28.1,"lon":-88.1,"wind_kt":50,"pressure_mb":null,"radius_34kt_nm":null},{"date":"18781010","time":"1800","status":"TS","lat":29.2,"lon":-86.6,"wind_kt":50,"pressure_mb":null,"radius_34kt_nm":null},{"date":"18781010","time":"2100","status":"TS","lat":29.9,"lon":-85.4,"wind_kt":50,"pressure_mb":null,"radius_34kt_nm":null},{"date":"18781011","time":"0000","status":"TS","lat":30.6,"lon":-83.8,"wind_kt":40,"pressure_mb":null,"radius_34kt_nm":null},{"date":"18781011","time":"0600","status":"TS","lat":31.5,"lon":-80.8,"wind_kt":40,"pressure_mb":null,"radius_34kt_nm":null},{"date":"18781011","time":"1200","status":"TS","lat":32.7,"lon":-78.1,"wind_kt":50,"pressure_mb":null,"radius_34kt_nm":null},{"date":"18781011","time":"1800","status":"TS","lat":33.5,"lon":-76.6,"wind_kt":60,"pressure_mb":null,"radius_34kt_nm":null},{"date":"18781012","time":"0000","status":"HU","lat":34.5,"lon":-75,"wind_kt":70,"pressure_mb":null,"radius_34kt_nm":null},{"date":"18781012","time":"0600","status":"HU","lat":35.8,"lon":-73.6,"wind_kt":70,"pressure_mb":null,"radius_34kt_nm":null},{"date":"18781012","time":"1200","status":"HU","lat":37,"lon":-72.5,"wind_kt":70,"pressure_mb":null,"radius_34kt_nm":null},{"date":"18781012","time":"1800","status":"HU","lat":38.8,"lon":-70.5,"wind_kt":70,"pressure_mb":null,"radius_34kt_nm":null},{"date":"18781013","time":"0000","status":"HU","lat":40.2,"lon":-68.1,"wind_kt":70,"pressure_mb":null,"radius_34kt_nm":null},{"date":"18781013","time":"0600","status":"HU","lat":41.8,"lon":-65.1,"wind_kt":70,"pressure_mb":null,"radius_34kt_nm":null},{"date":"18781013","time":"1200","status":"HU","lat":42.9,"lon":-62.6,"wind_kt":70,"pressure_mb":982,"radius_34kt_nm":null},{"date":"18781013","time":"1800","status":"HU","lat":43.8,"lon":-59.7,"wind_kt":70,"pressure_mb":null,"radius_34kt_nm":null},{"date":"18781014","time":"0000","status":"HU","lat":44.5,"lon":-56.8,"wind_kt":70,"pressure_mb":null,"radius_34kt_nm":null},{"date":"18781014","time":"0600","status":"HU","lat":45.2,"lon":-53.3,"wind_kt":70,"pressure_mb":null,"radius_34kt_nm":null},{"date":"18781014","time":"1200","status":"HU","lat":45.5,"lon":-50,"wind_kt":70,"pressure_mb":null,"radius_34kt_nm":null},{"date":"18781014","time":"1800","status":"HU","lat":45.5,"lon":-47.5,"wind_kt":70,"pressure_mb":null,"radius_34kt_nm":null},{"date":"18781015","time":"0000","status":"EX","lat":45.5,"lon":-44,"wind_kt":60,"pressure_mb":null,"radius_34kt_nm":null},{"date":"18781015","time":"0600","status":"EX","lat":45.5,"lon":-40.9,"wind_kt":60,"pressure_mb":null,"radius_34kt_nm":null},{"date":"18781015","time":"1200","status":"EX","lat":45.5,"lon":-37.5,"wind_kt":60,"pressure_mb":null,"radius_34kt_nm":null},{"date":"18781015","time":"1800","status":"EX","lat":45.5,"lon":-34,"wind_kt":60,"pressure_mb":null,"radius_34kt_nm":null}]}},{"type":"Feature","geometry":{"type":"LineString","coordinates":[[-38,15.6],[-38.9,15.8],[-39.8,16],[-40.7,16.2],[-41.7,16.5],[-42.7,16.7],[-43.7,17],[-44.8,17.2],[-45.8,17.7],[-46.8,18.2],[-47.7,19],[-48.2,19.7],[-48.8,20.9],[-49.4,21.9],[-49.9,23],[-50.4,23.9],[-50.9,24.7],[-51.4,25.8],[-51.8,26.9],[-51.9,27.8],[-51.8,28.6],[-51.8,29.6],[-51.7,30.6],[-51.7,32],[-51.5,34.3],[-51,36.8],[-49.7,39],[-48,40.8],[-45.8,42.1],[-43.2,43.1],[-41,43.5],[-38,44]]},"properties":{"id":"hur-al091878","event_type":"hurricane","name":null,"year":1878,"max_wind_kt":70,"min_pressure_mb":null,"category":1,"preliminary":false,"start_date":"18781009","end_date":"18781016","track":[{"date":"18781009","time":"0000","status":"TS","lat":15.6,"lon":-38,"wind_kt":40,"pressure_mb":null,"radius_34kt_nm":null},{"date":"18781009","time":"0600","status":"TS","lat":15.8,"lon":-38.9,"wind_kt":40,"pressure_mb":null,"radius_34kt_nm":null},{"date":"18781009","time":"1200","status":"TS","lat":16,"lon":-39.8,"wind_kt":40,"pressure_mb":null,"radius_34kt_nm":null},{"date":"18781009","time":"1800","status":"TS","lat":16.2,"lon":-40.7,"wind_kt":40,"pressure_mb":null,"radius_34kt_nm":null},{"date":"18781010","time":"0000","status":"TS","lat":16.5,"lon":-41.7,"wind_kt":50,"pressure_mb":null,"radius_34kt_nm":null},{"date":"18781010","time":"0600","status":"TS","lat":16.7,"lon":-42.7,"wind_kt":50,"pressure_mb":null,"radius_34kt_nm":null},{"date":"18781010","time":"1200","status":"TS","lat":17,"lon":-43.7,"wind_kt":50,"pressure_mb":null,"radius_34kt_nm":null},{"date":"18781010","time":"1800","status":"TS","lat":17.2,"lon":-44.8,"wind_kt":50,"pressure_mb":null,"radius_34kt_nm":null},{"date":"18781011","time":"0000","status":"TS","lat":17.7,"lon":-45.8,"wind_kt":60,"pressure_mb":null,"radius_34kt_nm":null},{"date":"18781011","time":"0600","status":"TS","lat":18.2,"lon":-46.8,"wind_kt":60,"pressure_mb":null,"radius_34kt_nm":null},{"date":"18781011","time":"1200","status":"TS","lat":19,"lon":-47.7,"wind_kt":60,"pressure_mb":null,"radius_34kt_nm":null},{"date":"18781011","time":"1800","status":"TS","lat":19.7,"lon":-48.2,"wind_kt":60,"pressure_mb":null,"radius_34kt_nm":null},{"date":"18781012","time":"0000","status":"HU","lat":20.9,"lon":-48.8,"wind_kt":70,"pressure_mb":null,"radius_34kt_nm":null},{"date":"18781012","time":"0600","status":"HU","lat":21.9,"lon":-49.4,"wind_kt":70,"pressure_mb":null,"radius_34kt_nm":null},{"date":"18781012","time":"1200","status":"HU","lat":23,"lon":-49.9,"wind_kt":70,"pressure_mb":null,"radius_34kt_nm":null},{"date":"18781012","time":"1800","status":"HU","lat":23.9,"lon":-50.4,"wind_kt":70,"pressure_mb":null,"radius_34kt_nm":null},{"date":"18781013","time":"0000","status":"HU","lat":24.7,"lon":-50.9,"wind_kt":70,"pressure_mb":null,"radius_34kt_nm":null},{"date":"18781013","time":"0600","status":"HU","lat":25.8,"lon":-51.4,"wind_kt":70,"pressure_mb":null,"radius_34kt_nm":null},{"date":"18781013","time":"1200","status":"HU","lat":26.9,"lon":-51.8,"wind_kt":70,"pressure_mb":null,"radius_34kt_nm":null},{"date":"18781013","time":"1800","status":"HU","lat":27.8,"lon":-51.9,"wind_kt":70,"pressure_mb":null,"radius_34kt_nm":null},{"date":"18781014","time":"0000","status":"HU","lat":28.6,"lon":-51.8,"wind_kt":70,"pressure_mb":null,"radius_34kt_nm":null},{"date":"18781014","time":"0600","status":"HU","lat":29.6,"lon":-51.8,"wind_kt":70,"pressure_mb":null,"radius_34kt_nm":null},{"date":"18781014","time":"1200","status":"HU","lat":30.6,"lon":-51.7,"wind_kt":70,"pressure_mb":null,"radius_34kt_nm":null},{"date":"18781014","time":"1800","status":"HU","lat":32,"lon":-51.7,"wind_kt":70,"pressure_mb":null,"radius_34kt_nm":null},{"date":"18781015","time":"0000","status":"HU","lat":34.3,"lon":-51.5,"wind_kt":70,"pressure_mb":null,"radius_34kt_nm":null},{"date":"18781015","time":"0600","status":"HU","lat":36.8,"lon":-51,"wind_kt":70,"pressure_mb":null,"radius_34kt_nm":null},{"date":"18781015","time":"1200","status":"HU","lat":39,"lon":-49.7,"wind_kt":70,"pressure_mb":null,"radius_34kt_nm":null},{"date":"18781015","time":"1800","status":"HU","lat":40.8,"lon":-48,"wind_kt":70,"pressure_mb":null,"radius_34kt_nm":null},{"date":"18781016","time":"0000","status":"EX","lat":42.1,"lon":-45.8,"wind_kt":60,"pressure_mb":null,"radius_34kt_nm":null},{"date":"18781016","time":"0600","status":"EX","lat":43.1,"lon":-43.2,"wind_kt":60,"pressure_mb":null,"radius_34kt_nm":null},{"date":"18781016","time":"1200","status":"EX","lat":43.5,"lon":-41,"wind_kt":60,"pressure_mb":null,"radius_34kt_nm":null},{"date":"18781016","time":"1800","status":"EX","lat":44,"lon":-38,"wind_kt":60,"pressure_mb":null,"radius_34kt_nm":null}]}},{"type":"Feature","geometry":{"type":"LineString","coordinates":[[-36.2,16.6],[-36.9,16.5],[-37.7,16.4],[-38.5,16.2],[-39.5,16.2],[-40.3,16.2],[-41.2,16.2],[-42.2,16.2],[-43.3,16.6],[-44.5,16.7],[-45.5,17],[-46.7,17.5],[-47.8,18],[-48.9,18.9],[-49.7,19.7],[-50.5,20.5],[-51.4,21.6],[-52.2,22.7],[-53,23.9],[-53.9,25.2],[-54.8,26.8],[-55.7,28.3],[-56.2,29.8],[-56.8,31],[-57.2,31.9],[-57.4,32.8],[-57.6,33.5],[-57.8,34.5]]},"properties":{"id":"hur-al101878","event_type":"hurricane","name":null,"year":1878,"max_wind_kt":100,"min_pressure_mb":951,"category":3,"preliminary":false,"start_date":"18781013","end_date":"18781019","track":[{"date":"18781013","time":"0000","status":"TS","lat":16.6,"lon":-36.2,"wind_kt":40,"pressure_mb":null,"radius_34kt_nm":null},{"date":"18781013","time":"0600","status":"TS","lat":16.5,"lon":-36.9,"wind_kt":40,"pressure_mb":null,"radius_34kt_nm":null},{"date":"18781013","time":"1200","status":"TS","lat":16.4,"lon":-37.7,"wind_kt":40,"pressure_mb":null,"radius_34kt_nm":null},{"date":"18781013","time":"1800","status":"TS","lat":16.2,"lon":-38.5,"wind_kt":40,"pressure_mb":null,"radius_34kt_nm":null},{"date":"18781014","time":"0000","status":"TS","lat":16.2,"lon":-39.5,"wind_kt":50,"pressure_mb":null,"radius_34kt_nm":null},{"date":"18781014","time":"0600","status":"TS","lat":16.2,"lon":-40.3,"wind_kt":50,"pressure_mb":null,"radius_34kt_nm":null},{"date":"18781014","time":"1200","status":"TS","lat":16.2,"lon":-41.2,"wind_kt":50,"pressure_mb":null,"radius_34kt_nm":null},{"date":"18781014","time":"1800","status":"TS","lat":16.2,"lon":-42.2,"wind_kt":50,"pressure_mb":null,"radius_34kt_nm":null},{"date":"18781015","time":"0000","status":"TS","lat":16.6,"lon":-43.3,"wind_kt":60,"pressure_mb":null,"radius_34kt_nm":null},{"date":"18781015","time":"0600","status":"TS","lat":16.7,"lon":-44.5,"wind_kt":60,"pressure_mb":null,"radius_34kt_nm":null},{"date":"18781015","time":"1200","status":"HU","lat":17,"lon":-45.5,"wind_kt":70,"pressure_mb":null,"radius_34kt_nm":null},{"date":"18781015","time":"1800","status":"HU","lat":17.5,"lon":-46.7,"wind_kt":70,"pressure_mb":null,"radius_34kt_nm":null},{"date":"18781016","time":"0000","status":"HU","lat":18,"lon":-47.8,"wind_kt":80,"pressure_mb":null,"radius_34kt_nm":null},{"date":"18781016","time":"0600","status":"HU","lat":18.9,"lon":-48.9,"wind_kt":80,"pressure_mb":null,"radius_34kt_nm":null},{"date":"18781016","time":"1200","status":"HU","lat":19.7,"lon":-49.7,"wind_kt":90,"pressure_mb":null,"radius_34kt_nm":null},{"date":"18781016","time":"1800","status":"HU","lat":20.5,"lon":-50.5,"wind_kt":90,"pressure_mb":null,"radius_34kt_nm":null},{"date":"18781017","time":"0000","status":"HU","lat":21.6,"lon":-51.4,"wind_kt":100,"pressure_mb":null,"radius_34kt_nm":null},{"date":"18781017","time":"0600","status":"HU","lat":22.7,"lon":-52.2,"wind_kt":100,"pressure_mb":null,"radius_34kt_nm":null},{"date":"18781017","time":"1200","status":"HU","lat":23.9,"lon":-53,"wind_kt":100,"pressure_mb":null,"radius_34kt_nm":null},{"date":"18781017","time":"1800","status":"HU","lat":25.2,"lon":-53.9,"wind_kt":100,"pressure_mb":null,"radius_34kt_nm":null},{"date":"18781018","time":"0000","status":"HU","lat":26.8,"lon":-54.8,"wind_kt":100,"pressure_mb":null,"radius_34kt_nm":null},{"date":"18781018","time":"0600","status":"HU","lat":28.3,"lon":-55.7,"wind_kt":100,"pressure_mb":null,"radius_34kt_nm":null},{"date":"18781018","time":"1200","status":"HU","lat":29.8,"lon":-56.2,"wind_kt":100,"pressure_mb":null,"radius_34kt_nm":null},{"date":"18781018","time":"1800","status":"HU","lat":31,"lon":-56.8,"wind_kt":100,"pressure_mb":951,"radius_34kt_nm":null},{"date":"18781019","time":"0000","status":"HU","lat":31.9,"lon":-57.2,"wind_kt":100,"pressure_mb":null,"radius_34kt_nm":null},{"date":"18781019","time":"0600","status":"HU","lat":32.8,"lon":-57.4,"wind_kt":100,"pressure_mb":null,"radius_34kt_nm":null},{"date":"18781019","time":"1200","status":"HU","lat":33.5,"lon":-57.6,"wind_kt":90,"pressure_mb":null,"radius_34kt_nm":null},{"date":"18781019","time":"1800","status":"HU","lat":34.5,"lon":-57.8,"wind_kt":90,"pressure_mb":null,"radius_34kt_nm":null}]}},{"type":"Feature","geometry":{"type":"LineString","coordinates":[[-79.6,17.2],[-80.1,17.7],[-80.5,18],[-80.6,18.2],[-80.9,18.5],[-81.1,18.7],[-81.3,19],[-81.6,19.4],[-81.9,19.7],[-82.1,20.2],[-82.4,20.7],[-82.4,21.2],[-82.4,21.9],[-82.2,22.5],[-81.8,23.2],[-81,24.4],[-79.8,25.9],[-79.3,27.3],[-78.8,28.7],[-78,30.7],[-77.4,33],[-77.1,34.8],[-77,35.7],[-77.2,39],[-75.4,41.5],[-73.6,42.7],[-71.4,42.9],[-68.8,42.5],[-66.6,41.5],[-65,40.9],[-63.1,40.2],[-61.3,39.5],[-59.8,39]]},"properties":{"id":"hur-al111878","event_type":"hurricane","name":null,"year":1878,"max_wind_kt":90,"min_pressure_mb":963,"category":2,"preliminary":false,"start_date":"18781018","end_date":"18781025","track":[{"date":"18781018","time":"0000","status":"TS","lat":17.2,"lon":-79.6,"wind_kt":40,"pressure_mb":null,"radius_34kt_nm":null},{"date":"18781018","time":"0600","status":"TS","lat":17.7,"lon":-80.1,"wind_kt":40,"pressure_mb":null,"radius_34kt_nm":null},{"date":"18781018","time":"1200","status":"TS","lat":18,"lon":-80.5,"wind_kt":50,"pressure_mb":null,"radius_34kt_nm":null},{"date":"18781018","time":"1800","status":"TS","lat":18.2,"lon":-80.6,"wind_kt":50,"pressure_mb":null,"radius_34kt_nm":null},{"date":"18781019","time":"0000","status":"TS","lat":18.5,"lon":-80.9,"wind_kt":60,"pressure_mb":null,"radius_34kt_nm":null},{"date":"18781019","time":"0600","status":"TS","lat":18.7,"lon":-81.1,"wind_kt":60,"pressure_mb":null,"radius_34kt_nm":null},{"date":"18781019","time":"1200","status":"TS","lat":19,"lon":-81.3,"wind_kt":60,"pressure_mb":null,"radius_34kt_nm":null},{"date":"18781019","time":"1800","status":"TS","lat":19.4,"lon":-81.6,"wind_kt":60,"pressure_mb":null,"radius_34kt_nm":null},{"date":"18781020","time":"0000","status":"HU","lat":19.7,"lon":-81.9,"wind_kt":70,"pressure_mb":null,"radius_34kt_nm":null},{"date":"18781020","time":"0600","status":"HU","lat":20.2,"lon":-82.1,"wind_kt":70,"pressure_mb":null,"radius_34kt_nm":null},{"date":"18781020","time":"1200","status":"HU","lat":20.7,"lon":-82.4,"wind_kt":80,"pressure_mb":null,"radius_34kt_nm":null},{"date":"18781020","time":"1800","status":"HU","lat":21.2,"lon":-82.4,"wind_kt":80,"pressure_mb":null,"radius_34kt_nm":null},{"date":"18781021","time":"0000","status":"HU","lat":21.9,"lon":-82.4,"wind_kt":90,"pressure_mb":null,"radius_34kt_nm":null},{"date":"18781021","time":"0600","status":"HU","lat":22.5,"lon":-82.2,"wind_kt":90,"pressure_mb":null,"radius_34kt_nm":null},{"date":"18781021","time":"1200","status":"HU","lat":23.2,"lon":-81.8,"wind_kt":80,"pressure_mb":null,"radius_34kt_nm":null},{"date":"18781021","time":"1800","status":"HU","lat":24.4,"lon":-81,"wind_kt":70,"pressure_mb":null,"radius_34kt_nm":null},{"date":"18781022","time":"0000","status":"HU","lat":25.9,"lon":-79.8,"wind_kt":70,"pressure_mb":null,"radius_34kt_nm":null},{"date":"18781022","time":"0600","status":"HU","lat":27.3,"lon":-79.3,"wind_kt":70,"pressure_mb":null,"radius_34kt_nm":null},{"date":"18781022","time":"1200","status":"HU","lat":28.7,"lon":-78.8,"wind_kt":80,"pressure_mb":null,"radius_34kt_nm":null},{"date":"18781022","time":"1800","status":"HU","lat":30.7,"lon":-78,"wind_kt":80,"pressure_mb":null,"radius_34kt_nm":null},{"date":"18781023","time":"0000","status":"HU","lat":33,"lon":-77.4,"wind_kt":90,"pressure_mb":963,"radius_34kt_nm":null},{"date":"18781023","time":"0400","status":"HU","lat":34.8,"lon":-77.1,"wind_kt":90,"pressure_mb":963,"radius_34kt_nm":null},{"date":"18781023","time":"0600","status":"HU","lat":35.7,"lon":-77,"wind_kt":90,"pressure_mb":null,"radius_34kt_nm":null},{"date":"18781023","time":"1200","status":"HU","lat":39,"lon":-77.2,"wind_kt":80,"pressure_mb":975,"radius_34kt_nm":null},{"date":"18781023","time":"1800","status":"HU","lat":41.5,"lon":-75.4,"wind_kt":70,"pressure_mb":null,"radius_34kt_nm":null},{"date":"18781024","time":"0000","status":"EX","lat":42.7,"lon":-73.6,"wind_kt":60,"pressure_mb":null,"radius_34kt_nm":null},{"date":"18781024","time":"0600","status":"EX","lat":42.9,"lon":-71.4,"wind_kt":50,"pressure_mb":null,"radius_34kt_nm":null},{"date":"18781024","time":"1200","status":"EX","lat":42.5,"lon":-68.8,"wind_kt":50,"pressure_mb":null,"radius_34kt_nm":null},{"date":"18781024","time":"1800","status":"EX","lat":41.5,"lon":-66.6,"wind_kt":50,"pressure_mb":null,"radius_34kt_nm":null},{"date":"18781025","time":"0000","status":"EX","lat":40.9,"lon":-65,"wind_kt":50,"pressure_mb":null,"radius_34kt_nm":null},{"date":"18781025","time":"0600","status":"EX","lat":40.2,"lon":-63.1,"wind_kt":50,"pressure_mb":null,"radius_34kt_nm":null},{"date":"18781025","time":"1200","status":"EX","lat":39.5,"lon":-61.3,"wind_kt":50,"pressure_mb":null,"radius_34kt_nm":null},{"date":"18781025","time":"1800","status":"EX","lat":39,"lon":-59.8,"wind_kt":50,"pressure_mb":null,"radius_34kt_nm":null}]}},{"type":"Feature","geometry":{"type":"LineString","coordinates":[[-50.3,14.6],[-51.2,14.8],[-51.8,15],[-52.7,15.2],[-53.6,15.4],[-54.6,15.7],[-55.6,16],[-56.5,16.5],[-57.5,16.9],[-58.3,17.2],[-59.2,17.5],[-60.5,17.7],[-61.5,17.9],[-62.7,18],[-64,18],[-65.3,18],[-66.6,17.9],[-67.8,17.7],[-69,17.5],[-69.9,17.4],[-70.6,17.1],[-71.3,16.9],[-72,16.7],[-72.6,16.5],[-73.1,16.2],[-73.8,16.2],[-74.5,16],[-75,15.9],[-75.4,15.9],[-76.1,15.8],[-76.5,15.7],[-77,15.5]]},"properties":{"id":"hur-al121878","event_type":"hurricane","name":null,"year":1878,"max_wind_kt":60,"min_pressure_mb":null,"category":0,"preliminary":false,"start_date":"18781125","end_date":"18781202","track":[{"date":"18781125","time":"0000","status":"TS","lat":14.6,"lon":-50.3,"wind_kt":40,"pressure_mb":null,"radius_34kt_nm":null},{"date":"18781125","time":"0600","status":"TS","lat":14.8,"lon":-51.2,"wind_kt":40,"pressure_mb":null,"radius_34kt_nm":null},{"date":"18781125","time":"1200","status":"TS","lat":15,"lon":-51.8,"wind_kt":40,"pressure_mb":null,"radius_34kt_nm":null},{"date":"18781125","time":"1800","status":"TS","lat":15.2,"lon":-52.7,"wind_kt":40,"pressure_mb":null,"radius_34kt_nm":null},{"date":"18781126","time":"0000","status":"TS","lat":15.4,"lon":-53.6,"wind_kt":50,"pressure_mb":null,"radius_34kt_nm":null},{"date":"18781126","time":"0600","status":"TS","lat":15.7,"lon":-54.6,"wind_kt":50,"pressure_mb":null,"radius_34kt_nm":null},{"date":"18781126","time":"1200","status":"TS","lat":16,"lon":-55.6,"wind_kt":50,"pressure_mb":null,"radius_34kt_nm":null},{"date":"18781126","time":"1800","status":"TS","lat":16.5,"lon":-56.5,"wind_kt":50,"pressure_mb":null,"radius_34kt_nm":null},{"date":"18781127","time":"0000","status":"TS","lat":16.9,"lon":-57.5,"wind_kt":60,"pressure_mb":null,"radius_34kt_nm":null},{"date":"18781127","time":"0600","status":"TS","lat":17.2,"lon":-58.3,"wind_kt":60,"pressure_mb":null,"radius_34kt_nm":null},{"date":"18781127","time":"1200","status":"TS","lat":17.5,"lon":-59.2,"wind_kt":60,"pressure_mb":null,"radius_34kt_nm":null},{"date":"18781127","time":"1800","status":"TS","lat":17.7,"lon":-60.5,"wind_kt":60,"pressure_mb":null,"radius_34kt_nm":null},{"date":"18781128","time":"0000","status":"TS","lat":17.9,"lon":-61.5,"wind_kt":60,"pressure_mb":null,"radius_34kt_nm":null},{"date":"18781128","time":"0600","status":"TS","lat":18,"lon":-62.7,"wind_kt":60,"pressure_mb":null,"radius_34kt_nm":null},{"date":"18781128","time":"1200","status":"TS","lat":18,"lon":-64,"wind_kt":60,"pressure_mb":null,"radius_34kt_nm":null},{"date":"18781128","time":"1800","status":"TS","lat":18,"lon":-65.3,"wind_kt":60,"pressure_mb":null,"radius_34kt_nm":null},{"date":"18781129","time":"0000","status":"TS","lat":17.9,"lon":-66.6,"wind_kt":60,"pressure_mb":null,"radius_34kt_nm":null},{"date":"18781129","time":"0600","status":"TS","lat":17.7,"lon":-67.8,"wind_kt":60,"pressure_mb":null,"radius_34kt_nm":null},{"date":"18781129","time":"1200","status":"TS","lat":17.5,"lon":-69,"wind_kt":60,"pressure_mb":null,"radius_34kt_nm":null},{"date":"18781129","time":"1800","status":"TS","lat":17.4,"lon":-69.9,"wind_kt":60,"pressure_mb":null,"radius_34kt_nm":null},{"date":"18781130","time":"0000","status":"TS","lat":17.1,"lon":-70.6,"wind_kt":60,"pressure_mb":null,"radius_34kt_nm":null},{"date":"18781130","time":"0600","status":"TS","lat":16.9,"lon":-71.3,"wind_kt":60,"pressure_mb":null,"radius_34kt_nm":null},{"date":"18781130","time":"1200","status":"TS","lat":16.7,"lon":-72,"wind_kt":60,"pressure_mb":null,"radius_34kt_nm":null},{"date":"18781130","time":"1800","status":"TS","lat":16.5,"lon":-72.6,"wind_kt":60,"pressure_mb":null,"radius_34kt_nm":null},{"date":"18781201","time":"0000","status":"TS","lat":16.2,"lon":-73.1,"wind_kt":50,"pressure_mb":null,"radius_34kt_nm":null},{"date":"18781201","time":"0600","status":"TS","lat":16.2,"lon":-73.8,"wind_kt":50,"pressure_mb":null,"radius_34kt_nm":null},{"date":"18781201","time":"1200","status":"TS","lat":16,"lon":-74.5,"wind_kt":50,"pressure_mb":null,"radius_34kt_nm":null},{"date":"18781201","time":"1800","status":"TS","lat":15.9,"lon":-75,"wind_kt":50,"pressure_mb":null,"radius_34kt_nm":null},{"date":"18781202","time":"0000","status":"TS","lat":15.9,"lon":-75.4,"wind_kt":40,"pressure_mb":null,"radius_34kt_nm":null},{"date":"18781202","time":"0600","status":"TS","lat":15.8,"lon":-76.1,"wind_kt":40,"pressure_mb":null,"radius_34kt_nm":null},{"date":"18781202","time":"1200","status":"TS","lat":15.7,"lon":-76.5,"wind_kt":40,"pressure_mb":null,"radius_34kt_nm":null},{"date":"18781202","time":"1800","status":"TS","lat":15.5,"lon":-77,"wind_kt":40,"pressure_mb":null,"radius_34kt_nm":null}]}},{"type":"Feature","geometry":{"type":"LineString","coordinates":[[-77,31.5],[-75.9,32.3],[-75,33],[-73.9,33.9],[-72.8,34.8],[-71.3,36],[-70,37],[-68.8,37.9],[-67.5,39],[-66.1,39.9],[-65,40.7],[-63,41.7],[-61,42.5],[-59,43.2],[-57,43.7],[-55,44]]},"properties":{"id":"hur-al011879","event_type":"hurricane","name":null,"year":1879,"max_wind_kt":70,"min_pressure_mb":null,"category":1,"preliminary":false,"start_date":"18790809","end_date":"18790812","track":[{"date":"18790809","time":"0000","status":"TS","lat":31.5,"lon":-77,"wind_kt":40,"pressure_mb":null,"radius_34kt_nm":null},{"date":"18790809","time":"0600","status":"TS","lat":32.3,"lon":-75.9,"wind_kt":40,"pressure_mb":null,"radius_34kt_nm":null},{"date":"18790809","time":"1200","status":"TS","lat":33,"lon":-75,"wind_kt":40,"pressure_mb":null,"radius_34kt_nm":null},{"date":"18790809","time":"1800","status":"TS","lat":33.9,"lon":-73.9,"wind_kt":40,"pressure_mb":null,"radius_34kt_nm":null},{"date":"18790810","time":"0000","status":"TS","lat":34.8,"lon":-72.8,"wind_kt":50,"pressure_mb":null,"radius_34kt_nm":null},{"date":"18790810","time":"0600","status":"TS","lat":36,"lon":-71.3,"wind_kt":50,"pressure_mb":null,"radius_34kt_nm":null},{"date":"18790810","time":"1200","status":"TS","lat":37,"lon":-70,"wind_kt":60,"pressure_mb":null,"radius_34kt_nm":null},{"date":"18790810","time":"1800","status":"TS","lat":37.9,"lon":-68.8,"wind_kt":60,"pressure_mb":null,"radius_34kt_nm":null},{"date":"18790811","time":"0000","status":"HU","lat":39,"lon":-67.5,"wind_kt":70,"pressure_mb":null,"radius_34kt_nm":null},{"date":"18790811","time":"0600","status":"HU","lat":39.9,"lon":-66.1,"wind_kt":70,"pressure_mb":null,"radius_34kt_nm":null},{"date":"18790811","time":"1200","status":"HU","lat":40.7,"lon":-65,"wind_kt":70,"pressure_mb":null,"radius_34kt_nm":null},{"date":"18790811","time":"1800","status":"HU","lat":41.7,"lon":-63,"wind_kt":70,"pressure_mb":null,"radius_34kt_nm":null},{"date":"18790812","time":"0000","status":"HU","lat":42.5,"lon":-61,"wind_kt":70,"pressure_mb":null,"radius_34kt_nm":null},{"date":"18790812","time":"0600","status":"HU","lat":43.2,"lon":-59,"wind_kt":70,"pressure_mb":null,"radius_34kt_nm":null},{"date":"18790812","time":"1200","status":"TS","lat":43.7,"lon":-57,"wind_kt":60,"pressure_mb":null,"radius_34kt_nm":null},{"date":"18790812","time":"1800","status":"TS","lat":44,"lon":-55,"wind_kt":60,"pressure_mb":null,"radius_34kt_nm":null}]}},{"type":"Feature","geometry":{"type":"LineString","coordinates":[[-58,19],[-59,19],[-60,19],[-61.3,19],[-62.9,19.1],[-64.5,19.2],[-65.6,19.2],[-66.8,19.5],[-68,19.7],[-69,20.1],[-70,20.5],[-71.1,21.2],[-72.1,21.7],[-72.9,22.5],[-73.6,23.2],[-74.6,24.2],[-75.6,25.2],[-76.9,26.5],[-77.6,27.7],[-78.4,29.3],[-78.4,31.2],[-77.9,32.8],[-76.8,34.5],[-75.4,37.3],[-73.4,39.5],[-70.8,41.4],[-68,43.3],[-65.4,44.8],[-61.7,46.5],[-58.3,48.2],[-55,49.3],[-51.5,50.2]]},"properties":{"id":"hur-al021879","event_type":"hurricane","name":null,"year":1879,"max_wind_kt":100,"min_pressure_mb":971,"category":3,"preliminary":false,"start_date":"18790813","end_date":"18790820","track":[{"date":"18790813","time":"0000","status":"TS","lat":19,"lon":-58,"wind_kt":40,"pressure_mb":null,"radius_34kt_nm":null},{"date":"18790813","time":"0600","status":"TS","lat":19,"lon":-59,"wind_kt":40,"pressure_mb":null,"radius_34kt_nm":null},{"date":"18790813","time":"1200","status":"TS","lat":19,"lon":-60,"wind_kt":40,"pressure_mb":null,"radius_34kt_nm":null},{"date":"18790813","time":"1800","status":"TS","lat":19,"lon":-61.3,"wind_kt":40,"pressure_mb":null,"radius_34kt_nm":null},{"date":"18790814","time":"0000","status":"TS","lat":19.1,"lon":-62.9,"wind_kt":40,"pressure_mb":null,"radius_34kt_nm":null},{"date":"18790814","time":"0600","status":"TS","lat":19.2,"lon":-64.5,"wind_kt":40,"pressure_mb":null,"radius_34kt_nm":null},{"date":"18790814","time":"1200","status":"TS","lat":19.2,"lon":-65.6,"wind_kt":40,"pressure_mb":null,"radius_34kt_nm":null},{"date":"18790814","time":"1800","status":"TS","lat":19.5,"lon":-66.8,"wind_kt":40,"pressure_mb":null,"radius_34kt_nm":null},{"date":"18790815","time":"0000","status":"TS","lat":19.7,"lon":-68,"wind_kt":40,"pressure_mb":null,"radius_34kt_nm":null},{"date":"18790815","time":"0600","status":"TS","lat":20.1,"lon":-69,"wind_kt":40,"pressure_mb":null,"radius_34kt_nm":null},{"date":"18790815","time":"1200","status":"TS","lat":20.5,"lon":-70,"wind_kt":50,"pressure_mb":null,"radius_34kt_nm":null},{"date":"18790815","time":"1800","status":"TS","lat":21.2,"lon":-71.1,"wind_kt":50,"pressure_mb":null,"radius_34kt_nm":null},{"date":"18790816","time":"0000","status":"TS","lat":21.7,"lon":-72.1,"wind_kt":60,"pressure_mb":null,"radius_34kt_nm":null},{"date":"18790816","time":"0600","status":"TS","lat":22.5,"lon":-72.9,"wind_kt":60,"pressure_mb":null,"radius_34kt_nm":null},{"date":"18790816","time":"1200","status":"HU","lat":23.2,"lon":-73.6,"wind_kt":70,"pressure_mb":null,"radius_34kt_nm":null},{"date":"18790816","time":"1800","status":"HU","lat":24.2,"lon":-74.6,"wind_kt":70,"pressure_mb":null,"radius_34kt_nm":null},{"date":"18790817","time":"0000","status":"HU","lat":25.2,"lon":-75.6,"wind_kt":80,"pressure_mb":null,"radius_34kt_nm":null},{"date":"18790817","time":"0600","status":"HU","lat":26.5,"lon":-76.9,"wind_kt":80,"pressure_mb":null,"radius_34kt_nm":null},{"date":"18790817","time":"1200","status":"HU","lat":27.7,"lon":-77.6,"wind_kt":90,"pressure_mb":null,"radius_34kt_nm":null},{"date":"18790817","time":"1800","status":"HU","lat":29.3,"lon":-78.4,"wind_kt":90,"pressure_mb":null,"radius_34kt_nm":null},{"date":"18790818","time":"0000","status":"HU","lat":31.2,"lon":-78.4,"wind_kt":100,"pressure_mb":null,"radius_34kt_nm":null},{"date":"18790818","time":"0600","status":"HU","lat":32.8,"lon":-77.9,"wind_kt":100,"pressure_mb":null,"radius_34kt_nm":null},{"date":"18790818","time":"1200","status":"HU","lat":34.5,"lon":-76.8,"wind_kt":100,"pressure_mb":971,"radius_34kt_nm":null},{"date":"18790818","time":"1800","status":"HU","lat":37.3,"lon":-75.4,"wind_kt":90,"pressure_mb":979,"radius_34kt_nm":null},{"date":"18790819","time":"0000","status":"HU","lat":39.5,"lon":-73.4,"wind_kt":80,"pressure_mb":984,"radius_34kt_nm":null},{"date":"18790819","time":"0600","status":"HU","lat":41.4,"lon":-70.8,"wind_kt":70,"pressure_mb":984,"radius_34kt_nm":null},{"date":"18790819","time":"1200","status":"TS","lat":43.3,"lon":-68,"wind_kt":60,"pressure_mb":null,"radius_34kt_nm":null},{"date":"18790819","time":"1800","status":"TS","lat":44.8,"lon":-65.4,"wind_kt":60,"pressure_mb":null,"radius_34kt_nm":null},{"date":"18790820","time":"0000","status":"TS","lat":46.5,"lon":-61.7,"wind_kt":60,"pressure_mb":null,"radius_34kt_nm":null},{"date":"18790820","time":"0600","status":"TS","lat":48.2,"lon":-58.3,"wind_kt":60,"pressure_mb":null,"radius_34kt_nm":null},{"date":"18790820","time":"1200","status":"TS","lat":49.3,"lon":-55,"wind_kt":50,"pressure_mb":null,"radius_34kt_nm":null},{"date":"18790820","time":"1800","status":"TS","lat":50.2,"lon":-51.5,"wind_kt":50,"pressure_mb":null,"radius_34kt_nm":null}]}},{"type":"Feature","geometry":{"type":"LineString","coordinates":[[-81.1,16.7],[-82.1,17.1],[-83,17.5],[-84.1,18],[-85.4,18.5],[-86.5,19.1],[-87.6,19.7],[-89,20.2],[-90.3,21],[-91.5,22],[-92.5,23],[-93,24],[-93.5,25],[-93.8,26.1],[-94,27.1],[-94.2,28.1],[-94.4,29.3],[-94.4,29.6],[-94.2,30.8],[-93.8,32.3],[-93.3,33.5],[-92.6,34.4],[-91.6,35.2],[-90.5,36],[-88.6,36.8]]},"properties":{"id":"hur-al031879","event_type":"hurricane","name":null,"year":1879,"max_wind_kt":90,"min_pressure_mb":964,"category":2,"preliminary":false,"start_date":"18790819","end_date":"18790824","track":[{"date":"18790819","time":"0000","status":"TS","lat":16.7,"lon":-81.1,"wind_kt":60,"pressure_mb":null,"radius_34kt_nm":null},{"date":"18790819","time":"0600","status":"TS","lat":17.1,"lon":-82.1,"wind_kt":60,"pressure_mb":null,"radius_34kt_nm":null},{"date":"18790819","time":"1200","status":"TS","lat":17.5,"lon":-83,"wind_kt":60,"pressure_mb":null,"radius_34kt_nm":null},{"date":"18790819","time":"1800","status":"TS","lat":18,"lon":-84.1,"wind_kt":60,"pressure_mb":null,"radius_34kt_nm":null},{"date":"18790820","time":"0000","status":"HU","lat":18.5,"lon":-85.4,"wind_kt":70,"pressure_mb":null,"radius_34kt_nm":null},{"date":"18790820","time":"0600","status":"HU","lat":19.1,"lon":-86.5,"wind_kt":70,"pressure_mb":null,"radius_34kt_nm":null},{"date":"18790820","time":"1200","status":"HU","lat":19.7,"lon":-87.6,"wind_kt":70,"pressure_mb":null,"radius_34kt_nm":null},{"date":"18790820","time":"1800","status":"TS","lat":20.2,"lon":-89,"wind_kt":60,"pressure_mb":null,"radius_34kt_nm":null},{"date":"18790821","time":"0000","status":"TS","lat":21,"lon":-90.3,"wind_kt":60,"pressure_mb":null,"radius_34kt_nm":null},{"date":"18790821","time":"0600","status":"TS","lat":22,"lon":-91.5,"wind_kt":60,"pressure_mb":null,"radius_34kt_nm":null},{"date":"18790821","time":"1200","status":"HU","lat":23,"lon":-92.5,"wind_kt":70,"pressure_mb":null,"radius_34kt_nm":null},{"date":"18790821","time":"1800","status":"HU","lat":24,"lon":-93,"wind_kt":70,"pressure_mb":null,"radius_34kt_nm":null},{"date":"18790822","time":"0000","status":"HU","lat":25,"lon":-93.5,"wind_kt":80,"pressure_mb":null,"radius_34kt_nm":null},{"date":"18790822","time":"0600","status":"HU","lat":26.1,"lon":-93.8,"wind_kt":80,"pressure_mb":null,"radius_34kt_nm":null},{"date":"18790822","time":"1200","status":"HU","lat":27.1,"lon":-94,"wind_kt":90,"pressure_mb":null,"radius_34kt_nm":null},{"date":"18790822","time":"1800","status":"HU","lat":28.1,"lon":-94.2,"wind_kt":90,"pressure_mb":null,"radius_34kt_nm":null},{"date":"18790823","time":"0000","status":"HU","lat":29.3,"lon":-94.4,"wind_kt":90,"pressure_mb":964,"radius_34kt_nm":null},{"date":"18790823","time":"0200","status":"HU","lat":29.6,"lon":-94.4,"wind_kt":90,"pressure_mb":964,"radius_34kt_nm":null},{"date":"18790823","time":"0600","status":"HU","lat":30.8,"lon":-94.2,"wind_kt":70,"pressure_mb":null,"radius_34kt_nm":null},{"date":"18790823","time":"1200","status":"TS","lat":32.3,"lon":-93.8,"wind_kt":50,"pressure_mb":988,"radius_34kt_nm":null},{"date":"18790823","time":"1800","status":"TS","lat":33.5,"lon":-93.3,"wind_kt":40,"pressure_mb":null,"radius_34kt_nm":null},{"date":"18790824","time":"0000","status":"TS","lat":34.4,"lon":-92.6,"wind_kt":40,"pressure_mb":null,"radius_34kt_nm":null},{"date":"18790824","time":"0600","status":"TD","lat":35.2,"lon":-91.6,"wind_kt":30,"pressure_mb":null,"radius_34kt_nm":null},{"date":"18790824","time":"1200","status":"TD","lat":36,"lon":-90.5,"wind_kt":30,"pressure_mb":null,"radius_34kt_nm":null},{"date":"18790824","time":"1800","status":"TD","lat":36.8,"lon":-88.6,"wind_kt":30,"pressure_mb":null,"radius_34kt_nm":null}]}},{"type":"Feature","geometry":{"type":"LineString","coordinates":[[-88.5,23.5],[-88.8,23.7],[-89.1,24],[-89.3,24.2],[-89.6,24.4],[-90,24.7],[-90.3,25],[-90.6,25.4],[-91,25.8],[-91.3,26.2],[-91.5,26.8],[-91.6,27.3],[-91.7,27.8],[-91.6,28.3],[-91.5,28.8],[-91.4,29.5],[-91.1,29.9],[-90.5,31.2],[-89.9,32.4],[-88.5,33.5],[-87.1,34.8]]},"properties":{"id":"hur-al041879","event_type":"hurricane","name":null,"year":1879,"max_wind_kt":110,"min_pressure_mb":null,"category":3,"preliminary":false,"start_date":"18790829","end_date":"18790902","track":[{"date":"18790829","time":"0000","status":"TS","lat":23.5,"lon":-88.5,"wind_kt":50,"pressure_mb":null,"radius_34kt_nm":null},{"date":"18790829","time":"0600","status":"TS","lat":23.7,"lon":-88.8,"wind_kt":50,"pressure_mb":null,"radius_34kt_nm":null},{"date":"18790829","time":"1200","status":"TS","lat":24,"lon":-89.1,"wind_kt":50,"pressure_mb":null,"radius_34kt_nm":null},{"date":"18790829","time":"1800","status":"TS","lat":24.2,"lon":-89.3,"wind_kt":50,"pressure_mb":null,"radius_34kt_nm":null},{"date":"18790830","time":"0000","status":"HU","lat":24.4,"lon":-89.6,"wind_kt":70,"pressure_mb":null,"radius_34kt_nm":null},{"date":"18790830","time":"0600","status":"HU","lat":24.7,"lon":-90,"wind_kt":70,"pressure_mb":null,"radius_34kt_nm":null},{"date":"18790830","time":"1200","status":"HU","lat":25,"lon":-90.3,"wind_kt":80,"pressure_mb":null,"radius_34kt_nm":null},{"date":"18790830","time":"1800","status":"HU","lat":25.4,"lon":-90.6,"wind_kt":80,"pressure_mb":null,"radius_34kt_nm":null},{"date":"18790831","time":"0000","status":"HU","lat":25.8,"lon":-91,"wind_kt":90,"pressure_mb":null,"radius_34kt_nm":null},{"date":"18790831","time":"0600","status":"HU","lat":26.2,"lon":-91.3,"wind_kt":90,"pressure_mb":null,"radius_34kt_nm":null},{"date":"18790831","time":"1200","status":"HU","lat":26.8,"lon":-91.5,"wind_kt":100,"pressure_mb":null,"radius_34kt_nm":null},{"date":"18790831","time":"1800","status":"HU","lat":27.3,"lon":-91.6,"wind_kt":100,"pressure_mb":null,"radius_34kt_nm":null},{"date":"18790901","time":"0000","status":"HU","lat":27.8,"lon":-91.7,"wind_kt":110,"pressure_mb":null,"radius_34kt_nm":null},{"date":"18790901","time":"0600","status":"HU","lat":28.3,"lon":-91.6,"wind_kt":110,"pressure_mb":null,"radius_34kt_nm":null},{"date":"18790901","time":"1200","status":"HU","lat":28.8,"lon":-91.5,"wind_kt":110,"pressure_mb":null,"radius_34kt_nm":null},{"date":"18790901","time":"1600","status":"HU","lat":29.5,"lon":-91.4,"wind_kt":110,"pressure_mb":null,"radius_34kt_nm":null},{"date":"18790901","time":"1800","status":"HU","lat":29.9,"lon":-91.1,"wind_kt":90,"pressure_mb":null,"radius_34kt_nm":null},{"date":"18790902","time":"0000","status":"TS","lat":31.2,"lon":-90.5,"wind_kt":60,"pressure_mb":null,"radius_34kt_nm":null},{"date":"18790902","time":"0600","status":"TS","lat":32.4,"lon":-89.9,"wind_kt":50,"pressure_mb":null,"radius_34kt_nm":null},{"date":"18790902","time":"1200","status":"TS","lat":33.5,"lon":-88.5,"wind_kt":40,"pressure_mb":null,"radius_34kt_nm":null},{"date":"18790902","time":"1800","status":"TD","lat":34.8,"lon":-87.1,"wind_kt":30,"pressure_mb":null,"radius_34kt_nm":null}]}},{"type":"Feature","geometry":{"type":"LineString","coordinates":[[-77.6,14.5],[-78.6,15.4],[-79.5,16.2],[-80.4,17.2],[-81.4,18.2],[-82.1,19.1],[-83,20],[-83.9,20.7],[-84.6,21.6],[-85.4,22.4],[-85.9,23.1],[-86.4,23.7],[-86.9,24.4],[-87.4,25],[-87.9,25.8],[-88.4,26.7],[-88.9,28],[-89.2,29],[-89.3,29.3],[-90,31.2],[-90.5,33]]},"properties":{"id":"hur-al051879","event_type":"hurricane","name":null,"year":1879,"max_wind_kt":50,"min_pressure_mb":null,"category":0,"preliminary":false,"start_date":"18791003","end_date":"18791007","track":[{"date":"18791003","time":"0000","status":"TS","lat":14.5,"lon":-77.6,"wind_kt":40,"pressure_mb":null,"radius_34kt_nm":null},{"date":"18791003","time":"0600","status":"TS","lat":15.4,"lon":-78.6,"wind_kt":40,"pressure_mb":null,"radius_34kt_nm":null},{"date":"18791003","time":"1200","status":"TS","lat":16.2,"lon":-79.5,"wind_kt":40,"pressure_mb":null,"radius_34kt_nm":null},{"date":"18791003","time":"1800","status":"TS","lat":17.2,"lon":-80.4,"wind_kt":40,"pressure_mb":null,"radius_34kt_nm":null},{"date":"18791004","time":"0000","status":"TS","lat":18.2,"lon":-81.4,"wind_kt":40,"pressure_mb":null,"radius_34kt_nm":null},{"date":"18791004","time":"0600","status":"TS","lat":19.1,"lon":-82.1,"wind_kt":40,"pressure_mb":null,"radius_34kt_nm":null},{"date":"18791004","time":"1200","status":"TS","lat":20,"lon":-83,"wind_kt":40,"pressure_mb":null,"radius_34kt_nm":null},{"date":"18791004","time":"1800","status":"TS","lat":20.7,"lon":-83.9,"wind_kt":40,"pressure_mb":null,"radius_34kt_nm":null},{"date":"18791005","time":"0000","status":"TS","lat":21.6,"lon":-84.6,"wind_kt":40,"pressure_mb":null,"radius_34kt_nm":null},{"date":"18791005","time":"0600","status":"TS","lat":22.4,"lon":-85.4,"wind_kt":40,"pressure_mb":null,"radius_34kt_nm":null},{"date":"18791005","time":"1200","status":"TS","lat":23.1,"lon":-85.9,"wind_kt":40,"pressure_mb":null,"radius_34kt_nm":null},{"date":"18791005","time":"1800","status":"TS","lat":23.7,"lon":-86.4,"wind_kt":40,"pressure_mb":null,"radius_34kt_nm":null},{"date":"18791006","time":"0000","status":"TS","lat":24.4,"lon":-86.9,"wind_kt":50,"pressure_mb":null,"radius_34kt_nm":null},{"date":"18791006","time":"0600","status":"TS","lat":25,"lon":-87.4,"wind_kt":50,"pressure_mb":null,"radius_34kt_nm":null},{"date":"18791006","time":"1200","status":"TS","lat":25.8,"lon":-87.9,"wind_kt":50,"pressure_mb":null,"radius_34kt_nm":null},{"date":"18791006","time":"1800","status":"TS","lat":26.7,"lon":-88.4,"wind_kt":50,"pressure_mb":null,"radius_34kt_nm":null},{"date":"18791007","time":"0000","status":"TS","lat":28,"lon":-88.9,"wind_kt":50,"pressure_mb":null,"radius_34kt_nm":null},{"date":"18791007","time":"0500","status":"TS","lat":29,"lon":-89.2,"wind_kt":50,"pressure_mb":null,"radius_34kt_nm":null},{"date":"18791007","time":"0600","status":"TS","lat":29.3,"lon":-89.3,"wind_kt":50,"pressure_mb":null,"radius_34kt_nm":null},{"date":"18791007","time":"1200","status":"TS","lat":31.2,"lon":-90,"wind_kt":40,"pressure_mb":null,"radius_34kt_nm":null},{"date":"18791007","time":"1800","status":"TD","lat":33,"lon":-90.5,"wind_kt":30,"pressure_mb":null,"radius_34kt_nm":null}]}},{"type":"Feature","geometry":{"type":"LineString","coordinates":[[-56,14.2],[-57.2,14.2],[-58.5,14.3],[-59.9,14.4],[-61.4,14.6],[-63.2,14.8],[-65,15],[-66.4,15.2],[-68.1,15.4],[-70,15.7],[-72,16],[-73.6,16.2],[-75.1,16.7],[-76.8,17.5],[-78.3,18.1],[-79.3,18.7],[-80.3,19.2],[-81.1,20],[-81.9,20.4],[-82.6,21],[-83.1,21.7],[-83.5,22.5],[-83.9,23.2],[-84.1,24.1],[-84.3,24.9],[-84.5,25.9],[-84.8,26.8],[-85.1,27.7],[-85.6,28.7],[-86.4,29.9],[-86.6,30.4],[-87.1,31.3],[-88,33]]},"properties":{"id":"hur-al061879","event_type":"hurricane","name":null,"year":1879,"max_wind_kt":50,"min_pressure_mb":null,"category":0,"preliminary":false,"start_date":"18791009","end_date":"18791016","track":[{"date":"18791009","time":"0000","status":"TS","lat":14.2,"lon":-56,"wind_kt":40,"pressure_mb":null,"radius_34kt_nm":null},{"date":"18791009","time":"0600","status":"TS","lat":14.2,"lon":-57.2,"wind_kt":40,"pressure_mb":null,"radius_34kt_nm":null},{"date":"18791009","time":"1200","status":"TS","lat":14.3,"lon":-58.5,"wind_kt":40,"pressure_mb":null,"radius_34kt_nm":null},{"date":"18791009","time":"1800","status":"TS","lat":14.4,"lon":-59.9,"wind_kt":40,"pressure_mb":null,"radius_34kt_nm":null},{"date":"18791010","time":"0000","status":"TS","lat":14.6,"lon":-61.4,"wind_kt":40,"pressure_mb":null,"radius_34kt_nm":null},{"date":"18791010","time":"0600","status":"TS","lat":14.8,"lon":-63.2,"wind_kt":40,"pressure_mb":null,"radius_34kt_nm":null},{"date":"18791010","time":"1200","status":"TS","lat":15,"lon":-65,"wind_kt":40,"pressure_mb":null,"radius_34kt_nm":null},{"date":"18791010","time":"1800","status":"TS","lat":15.2,"lon":-66.4,"wind_kt":40,"pressure_mb":null,"radius_34kt_nm":null},{"date":"18791011","time":"0000","status":"TS","lat":15.4,"lon":-68.1,"wind_kt":40,"pressure_mb":null,"radius_34kt_nm":null},{"date":"18791011","time":"0600","status":"TS","lat":15.7,"lon":-70,"wind_kt":40,"pressure_mb":null,"radius_34kt_nm":null},{"date":"18791011","time":"1200","status":"TS","lat":16,"lon":-72,"wind_kt":50,"pressure_mb":null,"radius_34kt_nm":null},{"date":"18791011","time":"1800","status":"TS","lat":16.2,"lon":-73.6,"wind_kt":50,"pressure_mb":null,"radius_34kt_nm":null},{"date":"18791012","time":"0000","status":"TS","lat":16.7,"lon":-75.1,"wind_kt":50,"pressure_mb":null,"radius_34kt_nm":null},{"date":"18791012","time":"0600","status":"TS","lat":17.5,"lon":-76.8,"wind_kt":50,"pressure_mb":null,"radius_34kt_nm":null},{"date":"18791012","time":"1200","status":"TS","lat":18.1,"lon":-78.3,"wind_kt":50,"pressure_mb":null,"radius_34kt_nm":null},{"date":"18791012","time":"1800","status":"TS","lat":18.7,"lon":-79.3,"wind_kt":50,"pressure_mb":null,"radius_34kt_nm":null},{"date":"18791013","time":"0000","status":"TS","lat":19.2,"lon":-80.3,"wind_kt":50,"pressure_mb":null,"radius_34kt_nm":null},{"date":"18791013","time":"0600","status":"TS","lat":20,"lon":-81.1,"wind_kt":50,"pressure_mb":null,"radius_34kt_nm":null},{"date":"18791013","time":"1200","status":"TS","lat":20.4,"lon":-81.9,"wind_kt":50,"pressure_mb":null,"radius_34kt_nm":null},{"date":"18791013","time":"1800","status":"TS","lat":21,"lon":-82.6,"wind_kt":50,"pressure_mb":null,"radius_34kt_nm":null},{"date":"18791014","time":"0000","status":"TS","lat":21.7,"lon":-83.1,"wind_kt":50,"pressure_mb":null,"radius_34kt_nm":null},{"date":"18791014","time":"0600","status":"TS","lat":22.5,"lon":-83.5,"wind_kt":50,"pressure_mb":null,"radius_34kt_nm":null},{"date":"18791014","time":"1200","status":"TS","lat":23.2,"lon":-83.9,"wind_kt":50,"pressure_mb":null,"radius_34kt_nm":null},{"date":"18791014","time":"1800","status":"TS","lat":24.1,"lon":-84.1,"wind_kt":50,"pressure_mb":null,"radius_34kt_nm":null},{"date":"18791015","time":"0000","status":"TS","lat":24.9,"lon":-84.3,"wind_kt":50,"pressure_mb":null,"radius_34kt_nm":null},{"date":"18791015","time":"0600","status":"TS","lat":25.9,"lon":-84.5,"wind_kt":50,"pressure_mb":null,"radius_34kt_nm":null},{"date":"18791015","time":"1200","status":"TS","lat":26.8,"lon":-84.8,"wind_kt":50,"pressure_mb":null,"radius_34kt_nm":null},{"date":"18791015","time":"1800","status":"TS","lat":27.7,"lon":-85.1,"wind_kt":50,"pressure_mb":null,"radius_34kt_nm":null},{"date":"18791016","time":"0000","status":"TS","lat":28.7,"lon":-85.6,"wind_kt":50,"pressure_mb":null,"radius_34kt_nm":null},{"date":"18791016","time":"0600","status":"TS","lat":29.9,"lon":-86.4,"wind_kt":50,"pressure_mb":null,"radius_34kt_nm":null},{"date":"18791016","time":"0800","status":"TS","lat":30.4,"lon":-86.6,"wind_kt":50,"pressure_mb":null,"radius_34kt_nm":null},{"date":"18791016","time":"1200","status":"TS","lat":31.3,"lon":-87.1,"wind_kt":40,"pressure_mb":null,"radius_34kt_nm":null},{"date":"18791016","time":"1800","status":"TD","lat":33,"lon":-88,"wind_kt":30,"pressure_mb":null,"radius_34kt_nm":null}]}},{"type":"Feature","geometry":{"type":"LineString","coordinates":[[-84.6,20.2],[-85.1,20.6],[-85.6,21.1],[-86,21.4],[-86.3,21.7],[-86.6,22.1],[-86.9,22.2],[-87.3,22.7],[-87.6,23.1],[-87.9,23.5],[-88,24],[-88,24.5],[-87.6,25.1],[-87.1,26],[-86.1,27],[-84.1,28.2],[-82.7,29],[-81.6,29.6],[-78.6,31.5],[-75.6,33.7],[-72.9,36.9],[-69.1,40],[-65.5,42.5],[-61.5,44.3],[-56.5,46.5]]},"properties":{"id":"hur-al071879","event_type":"hurricane","name":null,"year":1879,"max_wind_kt":70,"min_pressure_mb":null,"category":1,"preliminary":false,"start_date":"18791024","end_date":"18791029","track":[{"date":"18791024","time":"0000","status":"TS","lat":20.2,"lon":-84.6,"wind_kt":40,"pressure_mb":null,"radius_34kt_nm":null},{"date":"18791024","time":"0600","status":"TS","lat":20.6,"lon":-85.1,"wind_kt":40,"pressure_mb":null,"radius_34kt_nm":null},{"date":"18791024","time":"1200","status":"TS","lat":21.1,"lon":-85.6,"wind_kt":40,"pressure_mb":null,"radius_34kt_nm":null},{"date":"18791024","time":"1800","status":"TS","lat":21.4,"lon":-86,"wind_kt":40,"pressure_mb":null,"radius_34kt_nm":null},{"date":"18791025","time":"0000","status":"TS","lat":21.7,"lon":-86.3,"wind_kt":40,"pressure_mb":null,"radius_34kt_nm":null},{"date":"18791025","time":"0600","status":"TS","lat":22.1,"lon":-86.6,"wind_kt":40,"pressure_mb":null,"radius_34kt_nm":null},{"date":"18791025","time":"1200","status":"TS","lat":22.2,"lon":-86.9,"wind_kt":50,"pressure_mb":null,"radius_34kt_nm":null},{"date":"18791025","time":"1800","status":"TS","lat":22.7,"lon":-87.3,"wind_kt":50,"pressure_mb":null,"radius_34kt_nm":null},{"date":"18791026","time":"0000","status":"TS","lat":23.1,"lon":-87.6,"wind_kt":50,"pressure_mb":null,"radius_34kt_nm":null},{"date":"18791026","time":"0600","status":"TS","lat":23.5,"lon":-87.9,"wind_kt":50,"pressure_mb":null,"radius_34kt_nm":null},{"date":"18791026","time":"1200","status":"TS","lat":24,"lon":-88,"wind_kt":60,"pressure_mb":null,"radius_34kt_nm":null},{"date":"18791026","time":"1800","status":"TS","lat":24.5,"lon":-88,"wind_kt":60,"pressure_mb":null,"radius_34kt_nm":null},{"date":"18791027","time":"0000","status":"TS","lat":25.1,"lon":-87.6,"wind_kt":60,"pressure_mb":null,"radius_34kt_nm":null},{"date":"18791027","time":"0600","status":"TS","lat":26,"lon":-87.1,"wind_kt":60,"pressure_mb":null,"radius_34kt_nm":null},{"date":"18791027","time":"1200","status":"TS","lat":27,"lon":-86.1,"wind_kt":60,"pressure_mb":null,"radius_34kt_nm":null},{"date":"18791027","time":"1800","status":"TS","lat":28.2,"lon":-84.1,"wind_kt":60,"pressure_mb":null,"radius_34kt_nm":null},{"date":"18791027","time":"2100","status":"TS","lat":29,"lon":-82.7,"wind_kt":60,"pressure_mb":null,"radius_34kt_nm":null},{"date":"18791028","time":"0000","status":"TS","lat":29.6,"lon":-81.6,"wind_kt":50,"pressure_mb":null,"radius_34kt_nm":null},{"date":"18791028","time":"0600","status":"TS","lat":31.5,"lon":-78.6,"wind_kt":50,"pressure_mb":null,"radius_34kt_nm":null},{"date":"18791028","time":"1200","status":"TS","lat":33.7,"lon":-75.6,"wind_kt":60,"pressure_mb":null,"radius_34kt_nm":null},{"date":"18791028","time":"1800","status":"TS","lat":36.9,"lon":-72.9,"wind_kt":60,"pressure_mb":null,"radius_34kt_nm":null},{"date":"18791029","time":"0000","status":"HU","lat":40,"lon":-69.1,"wind_kt":70,"pressure_mb":null,"radius_34kt_nm":null},{"date":"18791029","time":"0600","status":"HU","lat":42.5,"lon":-65.5,"wind_kt":70,"pressure_mb":null,"radius_34kt_nm":null},{"date":"18791029","time":"1200","status":"TS","lat":44.3,"lon":-61.5,"wind_kt":60,"pressure_mb":null,"radius_34kt_nm":null},{"date":"18791029","time":"1800","status":"TS","lat":46.5,"lon":-56.5,"wind_kt":60,"pressure_mb":null,"radius_34kt_nm":null}]}},{"type":"Feature","geometry":{"type":"LineString","coordinates":[[-73.5,21.7],[-73.5,22.5],[-73.5,23.5],[-73.5,24.2],[-73.5,25.2],[-73.5,26.3],[-73.5,28],[-73,30.6],[-72,33.5],[-70,36.3],[-68,39],[-64.8,42.5],[-61.8,45.8],[-58.7,49.3],[-55.5,53],[-54,55]]},"properties":{"id":"hur-al081879","event_type":"hurricane","name":null,"year":1879,"max_wind_kt":90,"min_pressure_mb":968,"category":2,"preliminary":false,"start_date":"18791118","end_date":"18791121","track":[{"date":"18791118","time":"0000","status":"TS","lat":21.7,"lon":-73.5,"wind_kt":60,"pressure_mb":null,"radius_34kt_nm":null},{"date":"18791118","time":"0600","status":"TS","lat":22.5,"lon":-73.5,"wind_kt":60,"pressure_mb":null,"radius_34kt_nm":null},{"date":"18791118","time":"1200","status":"TS","lat":23.5,"lon":-73.5,"wind_kt":60,"pressure_mb":null,"radius_34kt_nm":null},{"date":"18791118","time":"1800","status":"TS","lat":24.2,"lon":-73.5,"wind_kt":60,"pressure_mb":null,"radius_34kt_nm":null},{"date":"18791119","time":"0000","status":"HU","lat":25.2,"lon":-73.5,"wind_kt":70,"pressure_mb":null,"radius_34kt_nm":null},{"date":"18791119","time":"0600","status":"HU","lat":26.3,"lon":-73.5,"wind_kt":70,"pressure_mb":null,"radius_34kt_nm":null},{"date":"18791119","time":"1200","status":"HU","lat":28,"lon":-73.5,"wind_kt":80,"pressure_mb":null,"radius_34kt_nm":null},{"date":"18791119","time":"1800","status":"HU","lat":30.6,"lon":-73,"wind_kt":80,"pressure_mb":null,"radius_34kt_nm":null},{"date":"18791120","time":"0000","status":"HU","lat":33.5,"lon":-72,"wind_kt":90,"pressure_mb":null,"radius_34kt_nm":null},{"date":"18791120","time":"0600","status":"HU","lat":36.3,"lon":-70,"wind_kt":90,"pressure_mb":null,"radius_34kt_nm":null},{"date":"18791120","time":"1200","status":"EX","lat":39,"lon":-68,"wind_kt":80,"pressure_mb":null,"radius_34kt_nm":null},{"date":"18791120","time":"1800","status":"EX","lat":42.5,"lon":-64.8,"wind_kt":80,"pressure_mb":968,"radius_34kt_nm":null},{"date":"18791121","time":"0000","status":"EX","lat":45.8,"lon":-61.8,"wind_kt":70,"pressure_mb":null,"radius_34kt_nm":null},{"date":"18791121","time":"0600","status":"EX","lat":49.3,"lon":-58.7,"wind_kt":60,"pressure_mb":null,"radius_34kt_nm":null},{"date":"18791121","time":"1200","status":"EX","lat":53,"lon":-55.5,"wind_kt":50,"pressure_mb":null,"radius_34kt_nm":null},{"date":"18791121","time":"1800","status":"EX","lat":55,"lon":-54,"wind_kt":50,"pressure_mb":null,"radius_34kt_nm":null}]}}]}