{"type":"FeatureCollection","features":[{"type":"Feature","geometry":{"type":"LineString","coordinates":[[-42.1,15],[-43.4,15.2],[-44.7,15.3],[-45.6,15.4],[-46.6,15.6],[-47.9,15.8],[-49.1,16],[-50.3,16.1],[-51.4,16.3],[-52.4,16.4],[-53.7,16.5],[-55.1,16.6],[-56.6,16.8],[-58,16.9],[-59.3,17],[-60.6,17],[-61.9,17.1],[-63.3,17.2],[-64.7,17.3],[-65.6,17.4],[-66.4,17.5],[-67.4,17.6],[-68.3,17.7],[-69.2,18],[-70.3,18.3],[-71.3,18.7],[-72.3,19],[-73.2,19.3],[-74.1,19.5],[-75,19.7],[-76,20],[-76.6,20.3],[-77.2,20.6],[-77.7,21],[-78.3,21.3],[-78.9,21.6],[-79.5,22],[-80.1,22.4],[-80.7,23],[-81.5,23.5],[-82.3,24.1],[-83.2,24.8],[-84.1,25.5],[-85.2,26.1],[-86.2,26.5],[-87.4,26.8],[-88.7,27],[-89.7,27.2],[-90.6,27.4],[-91.5,27.6],[-92.4,27.8],[-93.5,28.2],[-94.7,28.9],[-95.1,29.1],[-95.9,29.8],[-96.9,31],[-97.6,32.2],[-97.8,33.4],[-97.8,34.7],[-97.6,36],[-97.3,37.4],[-96.5,38.8],[-95.1,40.2],[-92.4,41.5],[-88.6,42.6],[-84.2,43.4],[-79.4,44.3],[-74.5,45.2],[-69.3,46.3],[-64,47.5],[-58.7,48.6],[-53.9,49.7],[-49.8,50.6],[-46.2,51.4],[-43,52.1],[-40,53],[-37.2,54.1],[-34.6,55.3],[-32.2,56.7],[-30,58.2],[-28,60]]},"properties":{"id":"hur-al011900","event_type":"hurricane","name":null,"year":1900,"max_wind_kt":125,"min_pressure_mb":936,"category":4,"preliminary":false,"start_date":"19000827","end_date":"19000915","track":[{"date":"19000827","time":"0000","status":"TS","lat":15,"lon":-42.1,"wind_kt":35,"pressure_mb":null},{"date":"19000827","time":"0600","status":"TS","lat":15.2,"lon":-43.4,"wind_kt":35,"pressure_mb":null},{"date":"19000827","time":"1200","status":"TS","lat":15.3,"lon":-44.7,"wind_kt":35,"pressure_mb":null},{"date":"19000827","time":"1800","status":"TS","lat":15.4,"lon":-45.6,"wind_kt":35,"pressure_mb":null},{"date":"19000828","time":"0000","status":"TS","lat":15.6,"lon":-46.6,"wind_kt":35,"pressure_mb":null},{"date":"19000828","time":"0600","status":"TS","lat":15.8,"lon":-47.9,"wind_kt":35,"pressure_mb":null},{"date":"19000828","time":"1200","status":"TS","lat":16,"lon":-49.1,"wind_kt":35,"pressure_mb":null},{"date":"19000828","time":"1800","status":"TS","lat":16.1,"lon":-50.3,"wind_kt":35,"pressure_mb":null},{"date":"19000829","time":"0000","status":"TS","lat":16.3,"lon":-51.4,"wind_kt":35,"pressure_mb":null},{"date":"19000829","time":"0600","status":"TS","lat":16.4,"lon":-52.4,"wind_kt":35,"pressure_mb":null},{"date":"19000829","time":"1200","status":"TS","lat":16.5,"lon":-53.7,"wind_kt":40,"pressure_mb":null},{"date":"19000829","time":"1800","status":"TS","lat":16.6,"lon":-55.1,"wind_kt":40,"pressure_mb":null},{"date":"19000830","time":"0000","status":"TS","lat":16.8,"lon":-56.6,"wind_kt":40,"pressure_mb":null},{"date":"19000830","time":"0600","status":"TS","lat":16.9,"lon":-58,"wind_kt":40,"pressure_mb":null},{"date":"19000830","time":"1200","status":"TS","lat":17,"lon":-59.3,"wind_kt":45,"pressure_mb":null},{"date":"19000830","time":"1800","status":"TS","lat":17,"lon":-60.6,"wind_kt":45,"pressure_mb":null},{"date":"19000831","time":"0000","status":"TS","lat":17.1,"lon":-61.9,"wind_kt":45,"pressure_mb":null},{"date":"19000831","time":"0600","status":"TS","lat":17.2,"lon":-63.3,"wind_kt":45,"pressure_mb":null},{"date":"19000831","time":"1200","status":"TS","lat":17.3,"lon":-64.7,"wind_kt":45,"pressure_mb":null},{"date":"19000831","time":"1800","status":"TS","lat":17.4,"lon":-65.6,"wind_kt":45,"pressure_mb":null},{"date":"19000901","time":"0000","status":"TS","lat":17.5,"lon":-66.4,"wind_kt":45,"pressure_mb":null},{"date":"19000901","time":"0600","status":"TS","lat":17.6,"lon":-67.4,"wind_kt":45,"pressure_mb":null},{"date":"19000901","time":"1200","status":"TS","lat":17.7,"lon":-68.3,"wind_kt":45,"pressure_mb":null},{"date":"19000901","time":"1800","status":"TS","lat":18,"lon":-69.2,"wind_kt":40,"pressure_mb":null},{"date":"19000902","time":"0000","status":"TS","lat":18.3,"lon":-70.3,"wind_kt":40,"pressure_mb":null},{"date":"19000902","time":"0600","status":"TS","lat":18.7,"lon":-71.3,"wind_kt":35,"pressure_mb":null},{"date":"19000902","time":"1200","status":"TS","lat":19,"lon":-72.3,"wind_kt":35,"pressure_mb":null},{"date":"19000902","time":"1800","status":"TS","lat":19.3,"lon":-73.2,"wind_kt":35,"pressure_mb":null},{"date":"19000903","time":"0000","status":"TS","lat":19.5,"lon":-74.1,"wind_kt":35,"pressure_mb":null},{"date":"19000903","time":"0600","status":"TS","lat":19.7,"lon":-75,"wind_kt":35,"pressure_mb":null},{"date":"19000903","time":"1200","status":"TS","lat":20,"lon":-76,"wind_kt":35,"pressure_mb":null},{"date":"19000903","time":"1800","status":"TS","lat":20.3,"lon":-76.6,"wind_kt":35,"pressure_mb":null},{"date":"19000904","time":"0000","status":"TS","lat":20.6,"lon":-77.2,"wind_kt":35,"pressure_mb":null},{"date":"19000904","time":"0600","status":"TS","lat":21,"lon":-77.7,"wind_kt":35,"pressure_mb":null},{"date":"19000904","time":"1200","status":"TS","lat":21.3,"lon":-78.3,"wind_kt":35,"pressure_mb":null},{"date":"19000904","time":"1800","status":"TS","lat":21.6,"lon":-78.9,"wind_kt":35,"pressure_mb":null},{"date":"19000905","time":"0000","status":"TS","lat":22,"lon":-79.5,"wind_kt":35,"pressure_mb":null},{"date":"19000905","time":"0600","status":"TS","lat":22.4,"lon":-80.1,"wind_kt":35,"pressure_mb":null},{"date":"19000905","time":"1200","status":"TS","lat":23,"lon":-80.7,"wind_kt":45,"pressure_mb":null},{"date":"19000905","time":"1800","status":"TS","lat":23.5,"lon":-81.5,"wind_kt":55,"pressure_mb":null},{"date":"19000906","time":"0000","status":"TS","lat":24.1,"lon":-82.3,"wind_kt":60,"pressure_mb":null},{"date":"19000906","time":"0600","status":"HU","lat":24.8,"lon":-83.2,"wind_kt":65,"pressure_mb":null},{"date":"19000906","time":"1200","status":"HU","lat":25.5,"lon":-84.1,"wind_kt":75,"pressure_mb":null},{"date":"19000906","time":"1800","status":"HU","lat":26.1,"lon":-85.2,"wind_kt":85,"pressure_mb":974},{"date":"19000907","time":"0000","status":"HU","lat":26.5,"lon":-86.2,"wind_kt":95,"pressure_mb":null},{"date":"19000907","time":"0600","status":"HU","lat":26.8,"lon":-87.4,"wind_kt":105,"pressure_mb":null},{"date":"19000907","time":"1200","status":"HU","lat":27,"lon":-88.7,"wind_kt":115,"pressure_mb":null},{"date":"19000907","time":"1800","status":"HU","lat":27.2,"lon":-89.7,"wind_kt":125,"pressure_mb":null},{"date":"19000908","time":"0000","status":"HU","lat":27.4,"lon":-90.6,"wind_kt":125,"pressure_mb":null},{"date":"19000908","time":"0600","status":"HU","lat":27.6,"lon":-91.5,"wind_kt":125,"pressure_mb":null},{"date":"19000908","time":"1200","status":"HU","lat":27.8,"lon":-92.4,"wind_kt":120,"pressure_mb":null},{"date":"19000908","time":"1800","status":"HU","lat":28.2,"lon":-93.5,"wind_kt":120,"pressure_mb":null},{"date":"19000909","time":"0000","status":"HU","lat":28.9,"lon":-94.7,"wind_kt":120,"pressure_mb":936},{"date":"19000909","time":"0200","status":"HU","lat":29.1,"lon":-95.1,"wind_kt":120,"pressure_mb":936},{"date":"19000909","time":"0600","status":"HU","lat":29.8,"lon":-95.9,"wind_kt":90,"pressure_mb":null},{"date":"19000909","time":"1200","status":"HU","lat":31,"lon":-96.9,"wind_kt":65,"pressure_mb":null},{"date":"19000909","time":"1800","status":"TS","lat":32.2,"lon":-97.6,"wind_kt":50,"pressure_mb":null},{"date":"19000910","time":"0000","status":"TS","lat":33.4,"lon":-97.8,"wind_kt":45,"pressure_mb":null},{"date":"19000910","time":"0600","status":"TS","lat":34.7,"lon":-97.8,"wind_kt":40,"pressure_mb":null},{"date":"19000910","time":"1200","status":"TS","lat":36,"lon":-97.6,"wind_kt":35,"pressure_mb":null},{"date":"19000910","time":"1800","status":"TD","lat":37.4,"lon":-97.3,"wind_kt":30,"pressure_mb":null},{"date":"19000911","time":"0000","status":"TD","lat":38.8,"lon":-96.5,"wind_kt":30,"pressure_mb":null},{"date":"19000911","time":"0600","status":"TD","lat":40.2,"lon":-95.1,"wind_kt":30,"pressure_mb":null},{"date":"19000911","time":"1200","status":"EX","lat":41.5,"lon":-92.4,"wind_kt":40,"pressure_mb":null},{"date":"19000911","time":"1800","status":"EX","lat":42.6,"lon":-88.6,"wind_kt":50,"pressure_mb":null},{"date":"19000912","time":"0000","status":"EX","lat":43.4,"lon":-84.2,"wind_kt":55,"pressure_mb":null},{"date":"19000912","time":"0600","status":"EX","lat":44.3,"lon":-79.4,"wind_kt":60,"pressure_mb":null},{"date":"19000912","time":"1200","status":"EX","lat":45.2,"lon":-74.5,"wind_kt":65,"pressure_mb":null},{"date":"19000912","time":"1800","status":"EX","lat":46.3,"lon":-69.3,"wind_kt":65,"pressure_mb":null},{"date":"19000913","time":"0000","status":"EX","lat":47.5,"lon":-64,"wind_kt":65,"pressure_mb":null},{"date":"19000913","time":"0600","status":"EX","lat":48.6,"lon":-58.7,"wind_kt":65,"pressure_mb":null},{"date":"19000913","time":"1200","status":"EX","lat":49.7,"lon":-53.9,"wind_kt":65,"pressure_mb":null},{"date":"19000913","time":"1800","status":"EX","lat":50.6,"lon":-49.8,"wind_kt":60,"pressure_mb":null},{"date":"19000914","time":"0000","status":"EX","lat":51.4,"lon":-46.2,"wind_kt":55,"pressure_mb":null},{"date":"19000914","time":"0600","status":"EX","lat":52.1,"lon":-43,"wind_kt":50,"pressure_mb":null},{"date":"19000914","time":"1200","status":"EX","lat":53,"lon":-40,"wind_kt":45,"pressure_mb":null},{"date":"19000914","time":"1800","status":"EX","lat":54.1,"lon":-37.2,"wind_kt":45,"pressure_mb":null},{"date":"19000915","time":"0000","status":"EX","lat":55.3,"lon":-34.6,"wind_kt":45,"pressure_mb":null},{"date":"19000915","time":"0600","status":"EX","lat":56.7,"lon":-32.2,"wind_kt":40,"pressure_mb":null},{"date":"19000915","time":"1200","status":"EX","lat":58.2,"lon":-30,"wind_kt":40,"pressure_mb":null},{"date":"19000915","time":"1800","status":"EX","lat":60,"lon":-28,"wind_kt":35,"pressure_mb":null}]}},{"type":"Feature","geometry":{"type":"LineString","coordinates":[[-28,14.5],[-29.5,14.7],[-31,15],[-32.3,15.2],[-33.6,15.3],[-34.8,15.4],[-36,15.5],[-37.3,15.7],[-38.6,15.8],[-39.8,15.9],[-41,16],[-42.3,16.2],[-43.6,16.3],[-44.8,16.4],[-46,16.5],[-47.2,16.7],[-48.3,16.8],[-49.4,16.9],[-50.5,17],[-51.7,17.2],[-52.8,17.3],[-53.9,17.4],[-55,17.5],[-56.1,17.7],[-57.2,18],[-58.3,18.5],[-59.3,19],[-60,19.5],[-60.6,20],[-61.3,20.5],[-62,21],[-62.5,21.4],[-63.1,21.8],[-63.5,22.2],[-64,22.7],[-64.7,23.4],[-65,23.8],[-65.3,24.3],[-65.5,25],[-65.7,26],[-65.6,27.1],[-65.4,28.2],[-65,29.3],[-64.1,31.1],[-62.6,33.2],[-60.4,35.1],[-58,36.5],[-56,38],[-53.3,39.7],[-49.8,41.5]]},"properties":{"id":"hur-al021900","event_type":"hurricane","name":null,"year":1900,"max_wind_kt":105,"min_pressure_mb":null,"category":3,"preliminary":false,"start_date":"19000907","end_date":"19000919","track":[{"date":"19000907","time":"0000","status":"TS","lat":14.5,"lon":-28,"wind_kt":35,"pressure_mb":null},{"date":"19000907","time":"0600","status":"TS","lat":14.7,"lon":-29.5,"wind_kt":40,"pressure_mb":null},{"date":"19000907","time":"1200","status":"TS","lat":15,"lon":-31,"wind_kt":45,"pressure_mb":null},{"date":"19000907","time":"1800","status":"TS","lat":15.2,"lon":-32.3,"wind_kt":50,"pressure_mb":null},{"date":"19000908","time":"0000","status":"TS","lat":15.3,"lon":-33.6,"wind_kt":55,"pressure_mb":null},{"date":"19000908","time":"0600","status":"TS","lat":15.4,"lon":-34.8,"wind_kt":60,"pressure_mb":null},{"date":"19000908","time":"1200","status":"TS","lat":15.5,"lon":-36,"wind_kt":60,"pressure_mb":null},{"date":"19000908","time":"1800","status":"TS","lat":15.7,"lon":-37.3,"wind_kt":60,"pressure_mb":null},{"date":"19000909","time":"0000","status":"TS","lat":15.8,"lon":-38.6,"wind_kt":60,"pressure_mb":null},{"date":"19000909","time":"0600","status":"TS","lat":15.9,"lon":-39.8,"wind_kt":60,"pressure_mb":null},{"date":"19000909","time":"1200","status":"TS","lat":16,"lon":-41,"wind_kt":60,"pressure_mb":null},{"date":"19000909","time":"1800","status":"TS","lat":16.2,"lon":-42.3,"wind_kt":60,"pressure_mb":null},{"date":"19000910","time":"0000","status":"TS","lat":16.3,"lon":-43.6,"wind_kt":60,"pressure_mb":null},{"date":"19000910","time":"0600","status":"TS","lat":16.4,"lon":-44.8,"wind_kt":60,"pressure_mb":null},{"date":"19000910","time":"1200","status":"TS","lat":16.5,"lon":-46,"wind_kt":60,"pressure_mb":null},{"date":"19000910","time":"1800","status":"TS","lat":16.7,"lon":-47.2,"wind_kt":60,"pressure_mb":null},{"date":"19000911","time":"0000","status":"TS","lat":16.8,"lon":-48.3,"wind_kt":60,"pressure_mb":null},{"date":"19000911","time":"0600","status":"TS","lat":16.9,"lon":-49.4,"wind_kt":60,"pressure_mb":null},{"date":"19000911","time":"1200","status":"TS","lat":17,"lon":-50.5,"wind_kt":60,"pressure_mb":null},{"date":"19000911","time":"1800","status":"TS","lat":17.2,"lon":-51.7,"wind_kt":60,"pressure_mb":null},{"date":"19000912","time":"0000","status":"TS","lat":17.3,"lon":-52.8,"wind_kt":60,"pressure_mb":null},{"date":"19000912","time":"0600","status":"TS","lat":17.4,"lon":-53.9,"wind_kt":60,"pressure_mb":null},{"date":"19000912","time":"1200","status":"TS","lat":17.5,"lon":-55,"wind_kt":60,"pressure_mb":null},{"date":"19000912","time":"1800","status":"TS","lat":17.7,"lon":-56.1,"wind_kt":60,"pressure_mb":null},{"date":"19000913","time":"0000","status":"TS","lat":18,"lon":-57.2,"wind_kt":60,"pressure_mb":null},{"date":"19000913","time":"0600","status":"TS","lat":18.5,"lon":-58.3,"wind_kt":60,"pressure_mb":null},{"date":"19000913","time":"1200","status":"HU","lat":19,"lon":-59.3,"wind_kt":65,"pressure_mb":null},{"date":"19000913","time":"1800","status":"HU","lat":19.5,"lon":-60,"wind_kt":70,"pressure_mb":null},{"date":"19000914","time":"0000","status":"HU","lat":20,"lon":-60.6,"wind_kt":75,"pressure_mb":null},{"date":"19000914","time":"0600","status":"HU","lat":20.5,"lon":-61.3,"wind_kt":80,"pressure_mb":null},{"date":"19000914","time":"1200","status":"HU","lat":21,"lon":-62,"wind_kt":80,"pressure_mb":null},{"date":"19000914","time":"1800","status":"HU","lat":21.4,"lon":-62.5,"wind_kt":85,"pressure_mb":null},{"date":"19000915","time":"0000","status":"HU","lat":21.8,"lon":-63.1,"wind_kt":85,"pressure_mb":null},{"date":"19000915","time":"0600","status":"HU","lat":22.2,"lon":-63.5,"wind_kt":85,"pressure_mb":null},{"date":"19000915","time":"1200","status":"HU","lat":22.7,"lon":-64,"wind_kt":85,"pressure_mb":null},{"date":"19000915","time":"1800","status":"HU","lat":23.4,"lon":-64.7,"wind_kt":85,"pressure_mb":null},{"date":"19000916","time":"0000","status":"HU","lat":23.8,"lon":-65,"wind_kt":90,"pressure_mb":null},{"date":"19000916","time":"0600","status":"HU","lat":24.3,"lon":-65.3,"wind_kt":95,"pressure_mb":null},{"date":"19000916","time":"1200","status":"HU","lat":25,"lon":-65.5,"wind_kt":100,"pressure_mb":null},{"date":"19000916","time":"1800","status":"HU","lat":26,"lon":-65.7,"wind_kt":105,"pressure_mb":null},{"date":"19000917","time":"0000","status":"HU","lat":27.1,"lon":-65.6,"wind_kt":105,"pressure_mb":null},{"date":"19000917","time":"0600","status":"HU","lat":28.2,"lon":-65.4,"wind_kt":105,"pressure_mb":null},{"date":"19000917","time":"1200","status":"HU","lat":29.3,"lon":-65,"wind_kt":100,"pressure_mb":null},{"date":"19000917","time":"1800","status":"HU","lat":31.1,"lon":-64.1,"wind_kt":95,"pressure_mb":null},{"date":"19000918","time":"0000","status":"HU","lat":33.2,"lon":-62.6,"wind_kt":85,"pressure_mb":null},{"date":"19000918","time":"0600","status":"HU","lat":35.1,"lon":-60.4,"wind_kt":75,"pressure_mb":null},{"date":"19000918","time":"1200","status":"HU","lat":36.5,"lon":-58,"wind_kt":65,"pressure_mb":null},{"date":"19000918","time":"1800","status":"TS","lat":38,"lon":-56,"wind_kt":50,"pressure_mb":null},{"date":"19000919","time":"0000","status":"TS","lat":39.7,"lon":-53.3,"wind_kt":35,"pressure_mb":null},{"date":"19000919","time":"0600","status":"TD","lat":41.5,"lon":-49.8,"wind_kt":30,"pressure_mb":null}]}},{"type":"Feature","geometry":{"type":"LineString","coordinates":[[-18.5,10],[-19.4,10.3],[-20.3,10.6],[-21.2,10.9],[-22.1,11.2],[-23,11.6],[-23.9,12],[-24.8,12.5],[-25.7,13],[-26.3,13.5],[-27,14],[-27.7,14.5],[-28.3,15],[-29.1,15.5],[-29.9,15.9],[-30.6,16.4],[-31.3,17.1],[-32,18.6],[-32.6,19.7],[-33,20.8],[-33.5,22],[-33.9,23],[-34.3,24],[-34.7,25],[-35,26],[-34.6,26.9],[-33.9,28.1],[-33.1,29],[-32.3,29.7],[-31.8,30],[-31.3,30.2],[-30.7,30.4],[-30,30.4],[-29.5,30.3],[-29,30.1],[-28.8,29.5],[-29,29],[-29.5,28.8],[-30.1,28.6],[-30.7,28.4],[-31.5,28.2],[-32.5,27.8],[-33.7,27.2],[-34.9,26.7],[-36.5,26.5],[-38.1,26.6],[-39.9,27],[-41.6,27.5],[-43,28],[-44.2,28.4],[-45.1,28.9],[-45.9,29.3],[-46.6,29.6],[-47.2,29.8],[-47.7,29.9],[-48.3,30],[-48.9,30.1],[-49.5,30.2],[-50.2,30.3],[-50.8,30.3],[-51.5,30.4],[-52.2,30.6]]},"properties":{"id":"hur-al031900","event_type":"hurricane","name":null,"year":1900,"max_wind_kt":85,"min_pressure_mb":null,"category":2,"preliminary":false,"start_date":"19000908","end_date":"19000923","track":[{"date":"19000908","time":"1200","status":"TS","lat":10,"lon":-18.5,"wind_kt":40,"pressure_mb":null},{"date":"19000908","time":"1800","status":"TS","lat":10.3,"lon":-19.4,"wind_kt":45,"pressure_mb":null},{"date":"19000909","time":"0000","status":"TS","lat":10.6,"lon":-20.3,"wind_kt":50,"pressure_mb":null},{"date":"19000909","time":"0600","status":"TS","lat":10.9,"lon":-21.2,"wind_kt":55,"pressure_mb":null},{"date":"19000909","time":"1200","status":"TS","lat":11.2,"lon":-22.1,"wind_kt":60,"pressure_mb":null},{"date":"19000909","time":"1800","status":"HU","lat":11.6,"lon":-23,"wind_kt":65,"pressure_mb":null},{"date":"19000910","time":"0000","status":"HU","lat":12,"lon":-23.9,"wind_kt":70,"pressure_mb":null},{"date":"19000910","time":"0600","status":"HU","lat":12.5,"lon":-24.8,"wind_kt":70,"pressure_mb":null},{"date":"19000910","time":"1200","status":"HU","lat":13,"lon":-25.7,"wind_kt":70,"pressure_mb":null},{"date":"19000910","time":"1800","status":"HU","lat":13.5,"lon":-26.3,"wind_kt":70,"pressure_mb":null},{"date":"19000911","time":"0000","status":"HU","lat":14,"lon":-27,"wind_kt":70,"pressure_mb":null},{"date":"19000911","time":"0600","status":"HU","lat":14.5,"lon":-27.7,"wind_kt":70,"pressure_mb":null},{"date":"19000911","time":"1200","status":"HU","lat":15,"lon":-28.3,"wind_kt":75,"pressure_mb":null},{"date":"19000911","time":"1800","status":"HU","lat":15.5,"lon":-29.1,"wind_kt":80,"pressure_mb":null},{"date":"19000912","time":"0000","status":"HU","lat":15.9,"lon":-29.9,"wind_kt":85,"pressure_mb":null},{"date":"19000912","time":"0600","status":"HU","lat":16.4,"lon":-30.6,"wind_kt":85,"pressure_mb":null},{"date":"19000912","time":"1200","status":"HU","lat":17.1,"lon":-31.3,"wind_kt":85,"pressure_mb":null},{"date":"19000912","time":"1800","status":"HU","lat":18.6,"lon":-32,"wind_kt":85,"pressure_mb":null},{"date":"19000913","time":"0000","status":"HU","lat":19.7,"lon":-32.6,"wind_kt":85,"pressure_mb":null},{"date":"19000913","time":"0600","status":"HU","lat":20.8,"lon":-33,"wind_kt":85,"pressure_mb":null},{"date":"19000913","time":"1200","status":"HU","lat":22,"lon":-33.5,"wind_kt":85,"pressure_mb":null},{"date":"19000913","time":"1800","status":"HU","lat":23,"lon":-33.9,"wind_kt":85,"pressure_mb":null},{"date":"19000914","time":"0000","status":"HU","lat":24,"lon":-34.3,"wind_kt":85,"pressure_mb":null},{"date":"19000914","time":"0600","status":"HU","lat":25,"lon":-34.7,"wind_kt":85,"pressure_mb":null},{"date":"19000914","time":"1200","status":"HU","lat":26,"lon":-35,"wind_kt":85,"pressure_mb":null},{"date":"19000914","time":"1800","status":"HU","lat":26.9,"lon":-34.6,"wind_kt":85,"pressure_mb":null},{"date":"19000915","time":"0000","status":"HU","lat":28.1,"lon":-33.9,"wind_kt":80,"pressure_mb":null},{"date":"19000915","time":"0600","status":"HU","lat":29,"lon":-33.1,"wind_kt":75,"pressure_mb":null},{"date":"19000915","time":"1200","status":"HU","lat":29.7,"lon":-32.3,"wind_kt":75,"pressure_mb":null},{"date":"19000915","time":"1800","status":"HU","lat":30,"lon":-31.8,"wind_kt":75,"pressure_mb":null},{"date":"19000916","time":"0000","status":"HU","lat":30.2,"lon":-31.3,"wind_kt":75,"pressure_mb":null},{"date":"19000916","time":"0600","status":"HU","lat":30.4,"lon":-30.7,"wind_kt":75,"pressure_mb":null},{"date":"19000916","time":"1200","status":"HU","lat":30.4,"lon":-30,"wind_kt":75,"pressure_mb":null},{"date":"19000916","time":"1800","status":"HU","lat":30.3,"lon":-29.5,"wind_kt":75,"pressure_mb":null},{"date":"19000917","time":"0000","status":"HU","lat":30.1,"lon":-29,"wind_kt":75,"pressure_mb":null},{"date":"19000917","time":"0600","status":"HU","lat":29.5,"lon":-28.8,"wind_kt":75,"pressure_mb":null},{"date":"19000917","time":"1200","status":"HU","lat":29,"lon":-29,"wind_kt":75,"pressure_mb":null},{"date":"19000917","time":"1800","status":"HU","lat":28.8,"lon":-29.5,"wind_kt":75,"pressure_mb":null},{"date":"19000918","time":"0000","status":"HU","lat":28.6,"lon":-30.1,"wind_kt":75,"pressure_mb":null},{"date":"19000918","time":"0600","status":"HU","lat":28.4,"lon":-30.7,"wind_kt":75,"pressure_mb":null},{"date":"19000918","time":"1200","status":"HU","lat":28.2,"lon":-31.5,"wind_kt":70,"pressure_mb":null},{"date":"19000918","time":"1800","status":"HU","lat":27.8,"lon":-32.5,"wind_kt":70,"pressure_mb":null},{"date":"19000919","time":"0000","status":"HU","lat":27.2,"lon":-33.7,"wind_kt":65,"pressure_mb":null},{"date":"19000919","time":"0600","status":"HU","lat":26.7,"lon":-34.9,"wind_kt":65,"pressure_mb":null},{"date":"19000919","time":"1200","status":"HU","lat":26.5,"lon":-36.5,"wind_kt":65,"pressure_mb":null},{"date":"19000919","time":"1800","status":"HU","lat":26.6,"lon":-38.1,"wind_kt":65,"pressure_mb":null},{"date":"19000920","time":"0000","status":"HU","lat":27,"lon":-39.9,"wind_kt":65,"pressure_mb":null},{"date":"19000920","time":"0600","status":"TS","lat":27.5,"lon":-41.6,"wind_kt":60,"pressure_mb":null},{"date":"19000920","time":"1200","status":"TS","lat":28,"lon":-43,"wind_kt":50,"pressure_mb":null},{"date":"19000920","time":"1800","status":"TS","lat":28.4,"lon":-44.2,"wind_kt":45,"pressure_mb":null},{"date":"19000921","time":"0000","status":"TS","lat":28.9,"lon":-45.1,"wind_kt":40,"pressure_mb":null},{"date":"19000921","time":"0600","status":"TS","lat":29.3,"lon":-45.9,"wind_kt":40,"pressure_mb":null},{"date":"19000921","time":"1200","status":"TS","lat":29.6,"lon":-46.6,"wind_kt":35,"pressure_mb":null},{"date":"19000921","time":"1800","status":"TS","lat":29.8,"lon":-47.2,"wind_kt":35,"pressure_mb":null},{"date":"19000922","time":"0000","status":"TS","lat":29.9,"lon":-47.7,"wind_kt":35,"pressure_mb":null},{"date":"19000922","time":"0600","status":"TS","lat":30,"lon":-48.3,"wind_kt":35,"pressure_mb":null},{"date":"19000922","time":"1200","status":"TS","lat":30.1,"lon":-48.9,"wind_kt":35,"pressure_mb":null},{"date":"19000922","time":"1800","status":"TD","lat":30.2,"lon":-49.5,"wind_kt":30,"pressure_mb":null},{"date":"19000923","time":"0000","status":"TD","lat":30.3,"lon":-50.2,"wind_kt":30,"pressure_mb":null},{"date":"19000923","time":"0600","status":"TD","lat":30.3,"lon":-50.8,"wind_kt":25,"pressure_mb":null},{"date":"19000923","time":"1200","status":"TD","lat":30.4,"lon":-51.5,"wind_kt":25,"pressure_mb":null},{"date":"19000923","time":"1800","status":"TD","lat":30.6,"lon":-52.2,"wind_kt":20,"pressure_mb":null}]}},{"type":"Feature","geometry":{"type":"LineString","coordinates":[[-85.2,20],[-86,20.9],[-87,21.8],[-87.6,22.8],[-88.2,23.8],[-88.7,24.8],[-89.3,26],[-89.7,27],[-89.8,28.1],[-89.5,29.1],[-89,30],[-88.8,30.3],[-88.6,30.5],[-88.3,31],[-87.8,31.5],[-87.4,32],[-86.9,32.4],[-86.3,32.8],[-85.5,33.3],[-84.7,33.7],[-83.3,34]]},"properties":{"id":"hur-al041900","event_type":"hurricane","name":null,"year":1900,"max_wind_kt":45,"min_pressure_mb":null,"category":0,"preliminary":false,"start_date":"19000911","end_date":"19000915","track":[{"date":"19000911","time":"0000","status":"TS","lat":20,"lon":-85.2,"wind_kt":35,"pressure_mb":null},{"date":"19000911","time":"0600","status":"TS","lat":20.9,"lon":-86,"wind_kt":40,"pressure_mb":null},{"date":"19000911","time":"1200","status":"TS","lat":21.8,"lon":-87,"wind_kt":40,"pressure_mb":null},{"date":"19000911","time":"1800","status":"TS","lat":22.8,"lon":-87.6,"wind_kt":45,"pressure_mb":null},{"date":"19000912","time":"0000","status":"TS","lat":23.8,"lon":-88.2,"wind_kt":45,"pressure_mb":null},{"date":"19000912","time":"0600","status":"TS","lat":24.8,"lon":-88.7,"wind_kt":45,"pressure_mb":null},{"date":"19000912","time":"1200","status":"TS","lat":26,"lon":-89.3,"wind_kt":45,"pressure_mb":null},{"date":"19000912","time":"1800","status":"TS","lat":27,"lon":-89.7,"wind_kt":45,"pressure_mb":null},{"date":"19000913","time":"0000","status":"TS","lat":28.1,"lon":-89.8,"wind_kt":45,"pressure_mb":null},{"date":"19000913","time":"0600","status":"TS","lat":29.1,"lon":-89.5,"wind_kt":40,"pressure_mb":null},{"date":"19000913","time":"1200","status":"TS","lat":30,"lon":-89,"wind_kt":35,"pressure_mb":null},{"date":"19000913","time":"1500","status":"TS","lat":30.3,"lon":-88.8,"wind_kt":35,"pressure_mb":null},{"date":"19000913","time":"1800","status":"TS","lat":30.5,"lon":-88.6,"wind_kt":35,"pressure_mb":null},{"date":"19000914","time":"0000","status":"TD","lat":31,"lon":-88.3,"wind_kt":30,"pressure_mb":null},{"date":"19000914","time":"0600","status":"TD","lat":31.5,"lon":-87.8,"wind_kt":30,"pressure_mb":null},{"date":"19000914","time":"1200","status":"TD","lat":32,"lon":-87.4,"wind_kt":30,"pressure_mb":null},{"date":"19000914","time":"1800","status":"TD","lat":32.4,"lon":-86.9,"wind_kt":30,"pressure_mb":null},{"date":"19000915","time":"0000","status":"TD","lat":32.8,"lon":-86.3,"wind_kt":25,"pressure_mb":null},{"date":"19000915","time":"0600","status":"TD","lat":33.3,"lon":-85.5,"wind_kt":25,"pressure_mb":null},{"date":"19000915","time":"1200","status":"TD","lat":33.7,"lon":-84.7,"wind_kt":25,"pressure_mb":null},{"date":"19000915","time":"1800","status":"TD","lat":34,"lon":-83.3,"wind_kt":25,"pressure_mb":null}]}},{"type":"Feature","geometry":{"type":"LineString","coordinates":[[-61.3,21.2],[-62.3,22.2],[-62.8,23.2],[-63.1,24.2],[-63.7,25.1],[-64.4,25.9],[-65.3,26.3],[-66.2,26.7],[-67.1,27],[-68,27.2],[-68.8,27.3],[-69.5,27.3],[-70.2,27.3],[-70.9,27.4],[-71.6,27.5],[-72.4,27.5],[-72.9,27.1],[-73,26.5],[-72.1,26.4],[-71.5,26.9],[-71.1,27.6],[-70.5,29],[-69.5,30.7],[-68.8,33.4],[-68.5,36.4],[-68.5,38.5],[-68.5,39.8],[-68.5,41.2],[-68.1,42.8],[-67,44],[-63.9,45.2],[-60.6,46],[-58.4,47.1],[-56.5,48.5],[-54.9,49.7],[-53.1,51.1],[-51.6,52.3],[-50,53.7],[-48.2,55.3],[-46.8,56.8],[-45.7,58.2],[-45.1,59.5]]},"properties":{"id":"hur-al051900","event_type":"hurricane","name":null,"year":1900,"max_wind_kt":60,"min_pressure_mb":null,"category":0,"preliminary":false,"start_date":"19001004","end_date":"19001014","track":[{"date":"19001004","time":"0600","status":"TD","lat":21.2,"lon":-61.3,"wind_kt":30,"pressure_mb":null},{"date":"19001004","time":"1200","status":"TD","lat":22.2,"lon":-62.3,"wind_kt":30,"pressure_mb":null},{"date":"19001004","time":"1800","status":"TD","lat":23.2,"lon":-62.8,"wind_kt":30,"pressure_mb":null},{"date":"19001005","time":"0000","status":"TD","lat":24.2,"lon":-63.1,"wind_kt":30,"pressure_mb":null},{"date":"19001005","time":"0600","status":"TD","lat":25.1,"lon":-63.7,"wind_kt":30,"pressure_mb":null},{"date":"19001005","time":"1200","status":"TD","lat":25.9,"lon":-64.4,"wind_kt":30,"pressure_mb":null},{"date":"19001005","time":"1800","status":"TD","lat":26.3,"lon":-65.3,"wind_kt":30,"pressure_mb":null},{"date":"19001006","time":"0000","status":"TD","lat":26.7,"lon":-66.2,"wind_kt":30,"pressure_mb":null},{"date":"19001006","time":"0600","status":"TD","lat":27,"lon":-67.1,"wind_kt":30,"pressure_mb":null},{"date":"19001006","time":"1200","status":"TD","lat":27.2,"lon":-68,"wind_kt":30,"pressure_mb":null},{"date":"19001006","time":"1800","status":"TD","lat":27.3,"lon":-68.8,"wind_kt":30,"pressure_mb":null},{"date":"19001007","time":"0000","status":"TS","lat":27.3,"lon":-69.5,"wind_kt":35,"pressure_mb":null},{"date":"19001007","time":"0600","status":"TS","lat":27.3,"lon":-70.2,"wind_kt":35,"pressure_mb":null},{"date":"19001007","time":"1200","status":"TS","lat":27.4,"lon":-70.9,"wind_kt":40,"pressure_mb":null},{"date":"19001007","time":"1800","status":"TS","lat":27.5,"lon":-71.6,"wind_kt":45,"pressure_mb":null},{"date":"19001008","time":"0000","status":"TS","lat":27.5,"lon":-72.4,"wind_kt":50,"pressure_mb":null},{"date":"19001008","time":"0600","status":"TS","lat":27.1,"lon":-72.9,"wind_kt":50,"pressure_mb":null},{"date":"19001008","time":"1200","status":"TS","lat":26.5,"lon":-73,"wind_kt":55,"pressure_mb":null},{"date":"19001008","time":"1800","status":"TS","lat":26.4,"lon":-72.1,"wind_kt":55,"pressure_mb":null},{"date":"19001009","time":"0000","status":"TS","lat":26.9,"lon":-71.5,"wind_kt":60,"pressure_mb":null},{"date":"19001009","time":"0600","status":"TS","lat":27.6,"lon":-71.1,"wind_kt":60,"pressure_mb":null},{"date":"19001009","time":"1200","status":"TS","lat":29,"lon":-70.5,"wind_kt":60,"pressure_mb":null},{"date":"19001009","time":"1800","status":"TS","lat":30.7,"lon":-69.5,"wind_kt":60,"pressure_mb":null},{"date":"19001010","time":"0000","status":"TS","lat":33.4,"lon":-68.8,"wind_kt":60,"pressure_mb":null},{"date":"19001010","time":"0600","status":"EX","lat":36.4,"lon":-68.5,"wind_kt":55,"pressure_mb":null},{"date":"19001010","time":"1200","status":"EX","lat":38.5,"lon":-68.5,"wind_kt":50,"pressure_mb":null},{"date":"19001010","time":"1800","status":"EX","lat":39.8,"lon":-68.5,"wind_kt":45,"pressure_mb":null},{"date":"19001011","time":"0000","status":"EX","lat":41.2,"lon":-68.5,"wind_kt":40,"pressure_mb":null},{"date":"19001011","time":"0600","status":"EX","lat":42.8,"lon":-68.1,"wind_kt":40,"pressure_mb":null},{"date":"19001011","time":"1200","status":"EX","lat":44,"lon":-67,"wind_kt":40,"pressure_mb":null},{"date":"19001011","time":"1800","status":"EX","lat":45.2,"lon":-63.9,"wind_kt":40,"pressure_mb":null},{"date":"19001012","time":"0000","status":"EX","lat":46,"lon":-60.6,"wind_kt":40,"pressure_mb":null},{"date":"19001012","time":"0600","status":"EX","lat":47.1,"lon":-58.4,"wind_kt":40,"pressure_mb":null},{"date":"19001012","time":"1200","status":"EX","lat":48.5,"lon":-56.5,"wind_kt":40,"pressure_mb":null},{"date":"19001012","time":"1800","status":"EX","lat":49.7,"lon":-54.9,"wind_kt":40,"pressure_mb":null},{"date":"19001013","time":"0000","status":"EX","lat":51.1,"lon":-53.1,"wind_kt":35,"pressure_mb":null},{"date":"19001013","time":"0600","status":"EX","lat":52.3,"lon":-51.6,"wind_kt":35,"pressure_mb":null},{"date":"19001013","time":"1200","status":"EX","lat":53.7,"lon":-50,"wind_kt":35,"pressure_mb":null},{"date":"19001013","time":"1800","status":"EX","lat":55.3,"lon":-48.2,"wind_kt":35,"pressure_mb":null},{"date":"19001014","time":"0000","status":"EX","lat":56.8,"lon":-46.8,"wind_kt":35,"pressure_mb":null},{"date":"19001014","time":"0600","status":"EX","lat":58.2,"lon":-45.7,"wind_kt":35,"pressure_mb":null},{"date":"19001014","time":"1200","status":"EX","lat":59.5,"lon":-45.1,"wind_kt":35,"pressure_mb":null}]}},{"type":"Feature","geometry":{"type":"LineString","coordinates":[[-91.4,21],[-91,22],[-90.7,23.5],[-90.2,24.8],[-89.4,26.1],[-88.5,27.3],[-86.6,28.5],[-84.2,29.2],[-83.3,29.5],[-82.4,30],[-80.8,31.1],[-79.3,32.2],[-78,33.4],[-76.6,34.6],[-75.4,35.8],[-74.9,36.9],[-74.5,38],[-74.1,39.2],[-73.7,40.3],[-72.4,41.9],[-70.7,44.1],[-68.6,46.8],[-66.1,49.7],[-63.8,52.8]]},"properties":{"id":"hur-al061900","event_type":"hurricane","name":null,"year":1900,"max_wind_kt":40,"min_pressure_mb":null,"category":0,"preliminary":false,"start_date":"19001010","end_date":"19001015","track":[{"date":"19001010","time":"0600","status":"TS","lat":21,"lon":-91.4,"wind_kt":35,"pressure_mb":null},{"date":"19001010","time":"1200","status":"TS","lat":22,"lon":-91,"wind_kt":35,"pressure_mb":null},{"date":"19001010","time":"1800","status":"TS","lat":23.5,"lon":-90.7,"wind_kt":35,"pressure_mb":null},{"date":"19001011","time":"0000","status":"TS","lat":24.8,"lon":-90.2,"wind_kt":35,"pressure_mb":null},{"date":"19001011","time":"0600","status":"TS","lat":26.1,"lon":-89.4,"wind_kt":40,"pressure_mb":null},{"date":"19001011","time":"1200","status":"TS","lat":27.3,"lon":-88.5,"wind_kt":40,"pressure_mb":null},{"date":"19001011","time":"1800","status":"TS","lat":28.5,"lon":-86.6,"wind_kt":40,"pressure_mb":null},{"date":"19001012","time":"0000","status":"TS","lat":29.2,"lon":-84.2,"wind_kt":40,"pressure_mb":null},{"date":"19001012","time":"0300","status":"TS","lat":29.5,"lon":-83.3,"wind_kt":40,"pressure_mb":null},{"date":"19001012","time":"0600","status":"TS","lat":30,"lon":-82.4,"wind_kt":35,"pressure_mb":null},{"date":"19001012","time":"1200","status":"EX","lat":31.1,"lon":-80.8,"wind_kt":35,"pressure_mb":null},{"date":"19001012","time":"1800","status":"EX","lat":32.2,"lon":-79.3,"wind_kt":35,"pressure_mb":null},{"date":"19001013","time":"0000","status":"EX","lat":33.4,"lon":-78,"wind_kt":35,"pressure_mb":null},{"date":"19001013","time":"0600","status":"EX","lat":34.6,"lon":-76.6,"wind_kt":35,"pressure_mb":null},{"date":"19001013","time":"1200","status":"EX","lat":35.8,"lon":-75.4,"wind_kt":35,"pressure_mb":null},{"date":"19001013","time":"1800","status":"EX","lat":36.9,"lon":-74.9,"wind_kt":35,"pressure_mb":null},{"date":"19001014","time":"0000","status":"EX","lat":38,"lon":-74.5,"wind_kt":35,"pressure_mb":null},{"date":"19001014","time":"0600","status":"EX","lat":39.2,"lon":-74.1,"wind_kt":35,"pressure_mb":null},{"date":"19001014","time":"1200","status":"EX","lat":40.3,"lon":-73.7,"wind_kt":35,"pressure_mb":null},{"date":"19001014","time":"1800","status":"EX","lat":41.9,"lon":-72.4,"wind_kt":30,"pressure_mb":null},{"date":"19001015","time":"0000","status":"EX","lat":44.1,"lon":-70.7,"wind_kt":30,"pressure_mb":null},{"date":"19001015","time":"0600","status":"EX","lat":46.8,"lon":-68.6,"wind_kt":25,"pressure_mb":null},{"date":"19001015","time":"1200","status":"EX","lat":49.7,"lon":-66.1,"wind_kt":25,"pressure_mb":null},{"date":"19001015","time":"1800","status":"EX","lat":52.8,"lon":-63.8,"wind_kt":25,"pressure_mb":null}]}},{"type":"Feature","geometry":{"type":"LineString","coordinates":[[-64.5,15],[-65.2,15.5],[-66,16],[-66.8,16.5],[-67.6,17],[-68.5,17.5],[-69.5,18],[-70.5,18.5],[-71.5,19],[-72.5,19.5],[-73.3,20],[-73.9,20.6],[-74.4,21.2],[-74.8,21.8],[-75,22.5],[-74.8,23.6],[-74.4,25.6],[-73.8,27.2],[-72.8,29],[-71.4,31.5],[-69.3,34.8],[-67.3,38],[-65,41.5],[-63,45]]},"properties":{"id":"hur-al071900","event_type":"hurricane","name":null,"year":1900,"max_wind_kt":45,"min_pressure_mb":null,"category":0,"preliminary":false,"start_date":"19001024","end_date":"19001029","track":[{"date":"19001024","time":"0000","status":"TD","lat":15,"lon":-64.5,"wind_kt":30,"pressure_mb":null},{"date":"19001024","time":"0600","status":"TD","lat":15.5,"lon":-65.2,"wind_kt":30,"pressure_mb":null},{"date":"19001024","time":"1200","status":"TD","lat":16,"lon":-66,"wind_kt":30,"pressure_mb":null},{"date":"19001024","time":"1800","status":"TD","lat":16.5,"lon":-66.8,"wind_kt":30,"pressure_mb":null},{"date":"19001025","time":"0000","status":"TD","lat":17,"lon":-67.6,"wind_kt":30,"pressure_mb":null},{"date":"19001025","time":"0600","status":"TD","lat":17.5,"lon":-68.5,"wind_kt":30,"pressure_mb":null},{"date":"19001025","time":"1200","status":"TD","lat":18,"lon":-69.5,"wind_kt":30,"pressure_mb":null},{"date":"19001025","time":"1800","status":"TD","lat":18.5,"lon":-70.5,"wind_kt":30,"pressure_mb":null},{"date":"19001026","time":"0000","status":"TD","lat":19,"lon":-71.5,"wind_kt":30,"pressure_mb":null},{"date":"19001026","time":"0600","status":"TD","lat":19.5,"lon":-72.5,"wind_kt":30,"pressure_mb":null},{"date":"19001026","time":"1200","status":"TS","lat":20,"lon":-73.3,"wind_kt":35,"pressure_mb":null},{"date":"19001026","time":"1800","status":"TS","lat":20.6,"lon":-73.9,"wind_kt":40,"pressure_mb":null},{"date":"19001027","time":"0000","status":"TS","lat":21.2,"lon":-74.4,"wind_kt":40,"pressure_mb":null},{"date":"19001027","time":"0600","status":"TS","lat":21.8,"lon":-74.8,"wind_kt":40,"pressure_mb":null},{"date":"19001027","time":"1200","status":"TS","lat":22.5,"lon":-75,"wind_kt":40,"pressure_mb":null},{"date":"19001027","time":"1800","status":"TS","lat":23.6,"lon":-74.8,"wind_kt":45,"pressure_mb":null},{"date":"19001028","time":"0000","status":"TS","lat":25.6,"lon":-74.4,"wind_kt":45,"pressure_mb":null},{"date":"19001028","time":"0600","status":"TS","lat":27.2,"lon":-73.8,"wind_kt":45,"pressure_mb":null},{"date":"19001028","time":"1200","status":"TS","lat":29,"lon":-72.8,"wind_kt":45,"pressure_mb":null},{"date":"19001028","time":"1800","status":"TS","lat":31.5,"lon":-71.4,"wind_kt":45,"pressure_mb":null},{"date":"19001029","time":"0000","status":"EX","lat":34.8,"lon":-69.3,"wind_kt":45,"pressure_mb":null},{"date":"19001029","time":"0600","status":"EX","lat":38,"lon":-67.3,"wind_kt":45,"pressure_mb":null},{"date":"19001029","time":"1200","status":"EX","lat":41.5,"lon":-65,"wind_kt":45,"pressure_mb":null},{"date":"19001029","time":"1800","status":"EX","lat":45,"lon":-63,"wind_kt":45,"pressure_mb":null}]}},{"type":"Feature","geometry":{"type":"LineString","coordinates":[[-82.3,19.3],[-83,20],[-83.5,20.7],[-83.9,21.4],[-84.3,22.1],[-84.7,22.9],[-85,24],[-85.2,25.1],[-85.2,26.1],[-85,27.4],[-84.7,28.5],[-84.6,29.5],[-84.6,29.9],[-84.7,30.5],[-84.8,31.5],[-85,32.5],[-85.4,33.8],[-86.2,34.9],[-87,35.9],[-88,37],[-89.7,38.5]]},"properties":{"id":"hur-al011901","event_type":"hurricane","name":null,"year":1901,"max_wind_kt":35,"min_pressure_mb":null,"category":0,"preliminary":false,"start_date":"19010611","end_date":"19010615","track":[{"date":"19010611","time":"0000","status":"TD","lat":19.3,"lon":-82.3,"wind_kt":25,"pressure_mb":null},{"date":"19010611","time":"0600","status":"TD","lat":20,"lon":-83,"wind_kt":25,"pressure_mb":null},{"date":"19010611","time":"1200","status":"TD","lat":20.7,"lon":-83.5,"wind_kt":30,"pressure_mb":null},{"date":"19010611","time":"1800","status":"TD","lat":21.4,"lon":-83.9,"wind_kt":30,"pressure_mb":null},{"date":"19010612","time":"0000","status":"TS","lat":22.1,"lon":-84.3,"wind_kt":35,"pressure_mb":null},{"date":"19010612","time":"0600","status":"TS","lat":22.9,"lon":-84.7,"wind_kt":35,"pressure_mb":null},{"date":"19010612","time":"1200","status":"TS","lat":24,"lon":-85,"wind_kt":35,"pressure_mb":null},{"date":"19010612","time":"1800","status":"TS","lat":25.1,"lon":-85.2,"wind_kt":35,"pressure_mb":null},{"date":"19010613","time":"0000","status":"TS","lat":26.1,"lon":-85.2,"wind_kt":35,"pressure_mb":null},{"date":"19010613","time":"0600","status":"TS","lat":27.4,"lon":-85,"wind_kt":35,"pressure_mb":null},{"date":"19010613","time":"1200","status":"TS","lat":28.5,"lon":-84.7,"wind_kt":35,"pressure_mb":null},{"date":"19010613","time":"1800","status":"TS","lat":29.5,"lon":-84.6,"wind_kt":35,"pressure_mb":null},{"date":"19010613","time":"2100","status":"TS","lat":29.9,"lon":-84.6,"wind_kt":35,"pressure_mb":null},{"date":"19010614","time":"0000","status":"TD","lat":30.5,"lon":-84.7,"wind_kt":30,"pressure_mb":null},{"date":"19010614","time":"0600","status":"TD","lat":31.5,"lon":-84.8,"wind_kt":30,"pressure_mb":null},{"date":"19010614","time":"1200","status":"TD","lat":32.5,"lon":-85,"wind_kt":25,"pressure_mb":null},{"date":"19010614","time":"1800","status":"TD","lat":33.8,"lon":-85.4,"wind_kt":25,"pressure_mb":null},{"date":"19010615","time":"0000","status":"TD","lat":34.9,"lon":-86.2,"wind_kt":25,"pressure_mb":null},{"date":"19010615","time":"0600","status":"TD","lat":35.9,"lon":-87,"wind_kt":25,"pressure_mb":null},{"date":"19010615","time":"1200","status":"TD","lat":37,"lon":-88,"wind_kt":25,"pressure_mb":null},{"date":"19010615","time":"1800","status":"TD","lat":38.5,"lon":-89.7,"wind_kt":25,"pressure_mb":null}]}},{"type":"Feature","geometry":{"type":"LineString","coordinates":[[-54,9],[-55,9.5],[-56.2,10.2],[-57.4,10.8],[-58.7,11.5],[-60.1,12.3],[-61.9,13.2],[-63.6,14.2],[-65.7,15.3],[-67.4,15.9],[-69.2,16.3],[-70.8,16.6],[-72.5,17],[-73.6,17.4],[-74.6,17.8],[-75.5,18.3],[-76.5,18.7],[-77.4,18.9],[-78.3,19.2],[-79.3,19.4],[-80.3,19.7],[-81,20.1],[-81.9,20.6],[-82.6,21],[-83.5,21.5],[-84.3,21.9],[-85,22.2],[-85.9,22.6],[-87,23],[-87.9,23.5],[-88.7,24.1],[-89.6,24.8],[-90.5,25.3],[-91.9,26],[-93.5,26.9],[-95,27.9],[-96,28.6],[-96.5,28.9],[-97.8,30]]},"properties":{"id":"hur-al021901","event_type":"hurricane","name":null,"year":1901,"max_wind_kt":60,"min_pressure_mb":null,"category":0,"preliminary":false,"start_date":"19010701","end_date":"19010710","track":[{"date":"19010701","time":"1200","status":"TS","lat":9,"lon":-54,"wind_kt":35,"pressure_mb":null},{"date":"19010701","time":"1800","status":"TS","lat":9.5,"lon":-55,"wind_kt":35,"pressure_mb":null},{"date":"19010702","time":"0000","status":"TS","lat":10.2,"lon":-56.2,"wind_kt":35,"pressure_mb":null},{"date":"19010702","time":"0600","status":"TS","lat":10.8,"lon":-57.4,"wind_kt":35,"pressure_mb":null},{"date":"19010702","time":"1200","status":"TS","lat":11.5,"lon":-58.7,"wind_kt":35,"pressure_mb":null},{"date":"19010702","time":"1800","status":"TS","lat":12.3,"lon":-60.1,"wind_kt":35,"pressure_mb":null},{"date":"19010703","time":"0000","status":"TS","lat":13.2,"lon":-61.9,"wind_kt":35,"pressure_mb":null},{"date":"19010703","time":"0600","status":"TS","lat":14.2,"lon":-63.6,"wind_kt":40,"pressure_mb":null},{"date":"19010703","time":"1200","status":"TS","lat":15.3,"lon":-65.7,"wind_kt":40,"pressure_mb":null},{"date":"19010703","time":"1800","status":"TS","lat":15.9,"lon":-67.4,"wind_kt":40,"pressure_mb":null},{"date":"19010704","time":"0000","status":"TS","lat":16.3,"lon":-69.2,"wind_kt":45,"pressure_mb":null},{"date":"19010704","time":"0600","status":"TS","lat":16.6,"lon":-70.8,"wind_kt":50,"pressure_mb":null},{"date":"19010704","time":"1200","status":"TS","lat":17,"lon":-72.5,"wind_kt":55,"pressure_mb":null},{"date":"19010704","time":"1800","status":"TS","lat":17.4,"lon":-73.6,"wind_kt":55,"pressure_mb":null},{"date":"19010705","time":"0000","status":"TS","lat":17.8,"lon":-74.6,"wind_kt":60,"pressure_mb":null},{"date":"19010705","time":"0600","status":"TS","lat":18.3,"lon":-75.5,"wind_kt":60,"pressure_mb":null},{"date":"19010705","time":"1200","status":"TS","lat":18.7,"lon":-76.5,"wind_kt":60,"pressure_mb":null},{"date":"19010705","time":"1800","status":"TS","lat":18.9,"lon":-77.4,"wind_kt":60,"pressure_mb":null},{"date":"19010706","time":"0000","status":"TS","lat":19.2,"lon":-78.3,"wind_kt":60,"pressure_mb":null},{"date":"19010706","time":"0600","status":"TS","lat":19.4,"lon":-79.3,"wind_kt":60,"pressure_mb":null},{"date":"19010706","time":"1200","status":"TS","lat":19.7,"lon":-80.3,"wind_kt":60,"pressure_mb":null},{"date":"19010706","time":"1800","status":"TS","lat":20.1,"lon":-81,"wind_kt":60,"pressure_mb":null},{"date":"19010707","time":"0000","status":"TS","lat":20.6,"lon":-81.9,"wind_kt":60,"pressure_mb":null},{"date":"19010707","time":"0600","status":"TS","lat":21,"lon":-82.6,"wind_kt":60,"pressure_mb":null},{"date":"19010707","time":"1200","status":"TS","lat":21.5,"lon":-83.5,"wind_kt":60,"pressure_mb":null},{"date":"19010707","time":"1800","status":"TS","lat":21.9,"lon":-84.3,"wind_kt":60,"pressure_mb":null},{"date":"19010708","time":"0000","status":"TS","lat":22.2,"lon":-85,"wind_kt":60,"pressure_mb":null},{"date":"19010708","time":"0600","status":"TS","lat":22.6,"lon":-85.9,"wind_kt":60,"pressure_mb":null},{"date":"19010708","time":"1200","status":"TS","lat":23,"lon":-87,"wind_kt":60,"pressure_mb":null},{"date":"19010708","time":"1800","status":"TS","lat":23.5,"lon":-87.9,"wind_kt":60,"pressure_mb":null},{"date":"19010709","time":"0000","status":"TS","lat":24.1,"lon":-88.7,"wind_kt":60,"pressure_mb":null},{"date":"19010709","time":"0600","status":"TS","lat":24.8,"lon":-89.6,"wind_kt":60,"pressure_mb":null},{"date":"19010709","time":"1200","status":"TS","lat":25.3,"lon":-90.5,"wind_kt":60,"pressure_mb":null},{"date":"19010709","time":"1800","status":"TS","lat":26,"lon":-91.9,"wind_kt":60,"pressure_mb":null},{"date":"19010710","time":"0000","status":"TS","lat":26.9,"lon":-93.5,"wind_kt":55,"pressure_mb":null},{"date":"19010710","time":"0600","status":"TS","lat":27.9,"lon":-95,"wind_kt":50,"pressure_mb":null},{"date":"19010710","time":"1000","status":"TS","lat":28.6,"lon":-96,"wind_kt":45,"pressure_mb":null},{"date":"19010710","time":"1200","status":"TS","lat":28.9,"lon":-96.5,"wind_kt":35,"pressure_mb":null},{"date":"19010710","time":"1800","status":"TD","lat":30,"lon":-97.8,"wind_kt":30,"pressure_mb":null}]}},{"type":"Feature","geometry":{"type":"LineString","coordinates":[[-55.5,9.5],[-55.8,10.2],[-56.3,11],[-57,11.8],[-57.8,12.5],[-58.7,13.2],[-59.7,13.7],[-60.8,14.4],[-61.9,15],[-63,15.5],[-64.1,15.9],[-65.1,16.6],[-66.3,17.4],[-67.6,18.2],[-69,19],[-70.2,20],[-71.3,21.3],[-72.2,22.8],[-73.3,24.5],[-74.5,26.4],[-75.8,27.7],[-76.6,29],[-76.7,30.5],[-75.9,31.8],[-75.1,33],[-74.2,33.7],[-73.8,34.6],[-73.8,35.7],[-74.6,36.1],[-75.6,36.1],[-75.8,36],[-76.2,35.6],[-76.4,35.3],[-76.6,34.7],[-76.8,34.2],[-77.1,34],[-77.6,33.9],[-77.9,34],[-78.1,34],[-78.8,34.2],[-79.5,34.5],[-80.2,34.8]]},"properties":{"id":"hur-al031901","event_type":"hurricane","name":null,"year":1901,"max_wind_kt":70,"min_pressure_mb":null,"category":1,"preliminary":false,"start_date":"19010704","end_date":"19010713","track":[{"date":"19010704","time":"0000","status":"TD","lat":9.5,"lon":-55.5,"wind_kt":30,"pressure_mb":null},{"date":"19010704","time":"0600","status":"TS","lat":10.2,"lon":-55.8,"wind_kt":35,"pressure_mb":null},{"date":"19010704","time":"1200","status":"TD","lat":11,"lon":-56.3,"wind_kt":30,"pressure_mb":null},{"date":"19010704","time":"1800","status":"TD","lat":11.8,"lon":-57,"wind_kt":30,"pressure_mb":null},{"date":"19010705","time":"0000","status":"TS","lat":12.5,"lon":-57.8,"wind_kt":35,"pressure_mb":null},{"date":"19010705","time":"0600","status":"TS","lat":13.2,"lon":-58.7,"wind_kt":35,"pressure_mb":null},{"date":"19010705","time":"1200","status":"TS","lat":13.7,"lon":-59.7,"wind_kt":35,"pressure_mb":null},{"date":"19010705","time":"1800","status":"TS","lat":14.4,"lon":-60.8,"wind_kt":35,"pressure_mb":null},{"date":"19010706","time":"0000","status":"TS","lat":15,"lon":-61.9,"wind_kt":35,"pressure_mb":null},{"date":"19010706","time":"0600","status":"TS","lat":15.5,"lon":-63,"wind_kt":40,"pressure_mb":null},{"date":"19010706","time":"1200","status":"TS","lat":15.9,"lon":-64.1,"wind_kt":45,"pressure_mb":null},{"date":"19010706","time":"1800","status":"TS","lat":16.6,"lon":-65.1,"wind_kt":50,"pressure_mb":null},{"date":"19010707","time":"0000","status":"TS","lat":17.4,"lon":-66.3,"wind_kt":55,"pressure_mb":null},{"date":"19010707","time":"0600","status":"TS","lat":18.2,"lon":-67.6,"wind_kt":60,"pressure_mb":null},{"date":"19010707","time":"1200","status":"TS","lat":19,"lon":-69,"wind_kt":60,"pressure_mb":null},{"date":"19010707","time":"1800","status":"TS","lat":20,"lon":-70.2,"wind_kt":60,"pressure_mb":null},{"date":"19010708","time":"0000","status":"TS","lat":21.3,"lon":-71.3,"wind_kt":60,"pressure_mb":null},{"date":"19010708","time":"0600","status":"TS","lat":22.8,"lon":-72.2,"wind_kt":60,"pressure_mb":null},{"date":"19010708","time":"1200","status":"TS","lat":24.5,"lon":-73.3,"wind_kt":60,"pressure_mb":null},{"date":"19010708","time":"1800","status":"TS","lat":26.4,"lon":-74.5,"wind_kt":60,"pressure_mb":null},{"date":"19010709","time":"0000","status":"TS","lat":27.7,"lon":-75.8,"wind_kt":60,"pressure_mb":null},{"date":"19010709","time":"0600","status":"TS","lat":29,"lon":-76.6,"wind_kt":60,"pressure_mb":null},{"date":"19010709","time":"1200","status":"TS","lat":30.5,"lon":-76.7,"wind_kt":60,"pressure_mb":null},{"date":"19010709","time":"1800","status":"TS","lat":31.8,"lon":-75.9,"wind_kt":60,"pressure_mb":null},{"date":"19010710","time":"0000","status":"HU","lat":33,"lon":-75.1,"wind_kt":65,"pressure_mb":null},{"date":"19010710","time":"0600","status":"HU","lat":33.7,"lon":-74.2,"wind_kt":70,"pressure_mb":null},{"date":"19010710","time":"1200","status":"HU","lat":34.6,"lon":-73.8,"wind_kt":70,"pressure_mb":null},{"date":"19010710","time":"1800","status":"HU","lat":35.7,"lon":-73.8,"wind_kt":70,"pressure_mb":null},{"date":"19010711","time":"0000","status":"HU","lat":36.1,"lon":-74.6,"wind_kt":70,"pressure_mb":null},{"date":"19010711","time":"0600","status":"HU","lat":36.1,"lon":-75.6,"wind_kt":70,"pressure_mb":null},{"date":"19010711","time":"0700","status":"HU","lat":36,"lon":-75.8,"wind_kt":70,"pressure_mb":null},{"date":"19010711","time":"1200","status":"TS","lat":35.6,"lon":-76.2,"wind_kt":60,"pressure_mb":null},{"date":"19010711","time":"1800","status":"TS","lat":35.3,"lon":-76.4,"wind_kt":50,"pressure_mb":null},{"date":"19010712","time":"0000","status":"TS","lat":34.7,"lon":-76.6,"wind_kt":40,"pressure_mb":null},{"date":"19010712","time":"0600","status":"TS","lat":34.2,"lon":-76.8,"wind_kt":40,"pressure_mb":null},{"date":"19010712","time":"1200","status":"TS","lat":34,"lon":-77.1,"wind_kt":35,"pressure_mb":null},{"date":"19010712","time":"1800","status":"TS","lat":33.9,"lon":-77.6,"wind_kt":35,"pressure_mb":null},{"date":"19010712","time":"2200","status":"TS","lat":34,"lon":-77.9,"wind_kt":35,"pressure_mb":null},{"date":"19010713","time":"0000","status":"TS","lat":34,"lon":-78.1,"wind_kt":35,"pressure_mb":null},{"date":"19010713","time":"0600","status":"TS","lat":34.2,"lon":-78.8,"wind_kt":35,"pressure_mb":null},{"date":"19010713","time":"1200","status":"TS","lat":34.5,"lon":-79.5,"wind_kt":35,"pressure_mb":null},{"date":"19010713","time":"1800","status":"TD","lat":34.8,"lon":-80.2,"wind_kt":30,"pressure_mb":null}]}},{"type":"Feature","geometry":{"type":"LineString","coordinates":[[-38.4,32.6],[-39.1,32.3],[-40,32],[-41.1,31.6],[-42.3,31.1],[-43.7,30.5],[-45,30],[-46.3,29.3],[-47.3,28.6],[-48.8,27.7],[-50,27],[-51.6,26.3],[-53.2,25.6],[-54.8,24.9],[-56.5,24.5],[-57.9,24.2],[-59.3,23.9],[-60.8,23.7],[-62.3,23.7],[-63.9,23.9],[-65.7,24.2],[-67.5,24.6],[-69,25],[-70.2,25.3],[-71.6,25.5],[-72.7,25.5],[-74,25.5],[-74.5,25.4],[-75,25],[-75.6,25],[-76.4,25.2],[-77.1,25.3],[-77.8,25.4],[-78.4,25.6],[-79,25.8],[-79.6,26.1],[-80.1,26.3],[-80.4,26.4],[-81.3,26.7],[-82.1,26.9],[-82.7,27],[-83.2,27.2],[-83.7,27.3],[-84.2,27.4],[-84.8,27.4],[-85.4,27.5],[-86,27.5],[-86.7,27.5],[-87.6,27.6],[-88.7,27.9],[-89.3,28.3],[-89.7,28.7],[-89.8,29.1],[-89.6,29.3],[-89.5,29.4],[-89.2,29.7],[-89,30],[-88.8,30.4],[-88.7,30.5],[-88.3,31],[-88.1,31.5],[-88,32],[-88.7,33],[-89.5,34],[-90,35],[-89.9,36.3],[-89.3,37.1],[-88.7,37.8],[-87.8,38.4],[-86.8,39],[-85.4,39.8]]},"properties":{"id":"hur-al041901","event_type":"hurricane","name":null,"year":1901,"max_wind_kt":80,"min_pressure_mb":973,"category":1,"preliminary":false,"start_date":"19010802","end_date":"19010818","track":[{"date":"19010802","time":"0000","status":"TD","lat":32.6,"lon":-38.4,"wind_kt":25,"pressure_mb":null},{"date":"19010802","time":"0600","status":"TD","lat":32.3,"lon":-39.1,"wind_kt":25,"pressure_mb":null},{"date":"19010802","time":"1200","status":"TD","lat":32,"lon":-40,"wind_kt":25,"pressure_mb":null},{"date":"19010802","time":"1800","status":"TD","lat":31.6,"lon":-41.1,"wind_kt":25,"pressure_mb":null},{"date":"19010803","time":"0000","status":"TD","lat":31.1,"lon":-42.3,"wind_kt":25,"pressure_mb":null},{"date":"19010803","time":"0600","status":"TD","lat":30.5,"lon":-43.7,"wind_kt":25,"pressure_mb":null},{"date":"19010803","time":"1200","status":"TD","lat":30,"lon":-45,"wind_kt":25,"pressure_mb":null},{"date":"19010803","time":"1800","status":"TD","lat":29.3,"lon":-46.3,"wind_kt":25,"pressure_mb":null},{"date":"19010804","time":"0000","status":"TD","lat":28.6,"lon":-47.3,"wind_kt":30,"pressure_mb":null},{"date":"19010804","time":"0600","status":"TD","lat":27.7,"lon":-48.8,"wind_kt":30,"pressure_mb":null},{"date":"19010804","time":"1200","status":"TD","lat":27,"lon":-50,"wind_kt":30,"pressure_mb":null},{"date":"19010804","time":"1800","status":"TD","lat":26.3,"lon":-51.6,"wind_kt":30,"pressure_mb":null},{"date":"19010805","time":"0000","status":"TD","lat":25.6,"lon":-53.2,"wind_kt":30,"pressure_mb":null},{"date":"19010805","time":"0600","status":"TD","lat":24.9,"lon":-54.8,"wind_kt":30,"pressure_mb":null},{"date":"19010805","time":"1200","status":"TD","lat":24.5,"lon":-56.5,"wind_kt":30,"pressure_mb":null},{"date":"19010805","time":"1800","status":"TD","lat":24.2,"lon":-57.9,"wind_kt":30,"pressure_mb":null},{"date":"19010806","time":"0000","status":"TD","lat":23.9,"lon":-59.3,"wind_kt":30,"pressure_mb":null},{"date":"19010806","time":"0600","status":"TD","lat":23.7,"lon":-60.8,"wind_kt":30,"pressure_mb":null},{"date":"19010806","time":"1200","status":"TD","lat":23.7,"lon":-62.3,"wind_kt":30,"pressure_mb":null},{"date":"19010806","time":"1800","status":"TD","lat":23.9,"lon":-63.9,"wind_kt":30,"pressure_mb":null},{"date":"19010807","time":"0000","status":"TD","lat":24.2,"lon":-65.7,"wind_kt":30,"pressure_mb":null},{"date":"19010807","time":"0600","status":"TD","lat":24.6,"lon":-67.5,"wind_kt":30,"pressure_mb":null},{"date":"19010807","time":"1200","status":"TD","lat":25,"lon":-69,"wind_kt":30,"pressure_mb":null},{"date":"19010807","time":"1800","status":"TD","lat":25.3,"lon":-70.2,"wind_kt":30,"pressure_mb":null},{"date":"19010808","time":"0000","status":"TD","lat":25.5,"lon":-71.6,"wind_kt":30,"pressure_mb":null},{"date":"19010808","time":"0600","status":"TD","lat":25.5,"lon":-72.7,"wind_kt":30,"pressure_mb":null},{"date":"19010808","time":"1200","status":"TD","lat":25.5,"lon":-74,"wind_kt":30,"pressure_mb":null},{"date":"19010808","time":"1800","status":"TD","lat":25.4,"lon":-74.5,"wind_kt":30,"pressure_mb":null},{"date":"19010809","time":"0000","status":"TS","lat":25,"lon":-75,"wind_kt":35,"pressure_mb":null},{"date":"19010809","time":"0600","status":"TS","lat":25,"lon":-75.6,"wind_kt":35,"pressure_mb":null},{"date":"19010809","time":"1200","status":"TS","lat":25.2,"lon":-76.4,"wind_kt":40,"pressure_mb":null},{"date":"19010809","time":"1800","status":"TS","lat":25.3,"lon":-77.1,"wind_kt":40,"pressure_mb":null},{"date":"19010810","time":"0000","status":"TS","lat":25.4,"lon":-77.8,"wind_kt":40,"pressure_mb":null},{"date":"19010810","time":"0600","status":"TS","lat":25.6,"lon":-78.4,"wind_kt":40,"pressure_mb":null},{"date":"19010810","time":"1200","status":"TS","lat":25.8,"lon":-79,"wind_kt":40,"pressure_mb":null},{"date":"19010810","time":"1800","status":"TS","lat":26.1,"lon":-79.6,"wind_kt":40,"pressure_mb":null},{"date":"19010810","time":"2200","status":"TS","lat":26.3,"lon":-80.1,"wind_kt":40,"pressure_mb":null},{"date":"19010811","time":"0000","status":"TS","lat":26.4,"lon":-80.4,"wind_kt":35,"pressure_mb":null},{"date":"19010811","time":"0600","status":"TS","lat":26.7,"lon":-81.3,"wind_kt":35,"pressure_mb":null},{"date":"19010811","time":"1200","status":"TS","lat":26.9,"lon":-82.1,"wind_kt":40,"pressure_mb":null},{"date":"19010811","time":"1800","status":"TS","lat":27,"lon":-82.7,"wind_kt":45,"pressure_mb":null},{"date":"19010812","time":"0000","status":"TS","lat":27.2,"lon":-83.2,"wind_kt":50,"pressure_mb":null},{"date":"19010812","time":"0600","status":"TS","lat":27.3,"lon":-83.7,"wind_kt":55,"pressure_mb":null},{"date":"19010812","time":"1200","status":"HU","lat":27.4,"lon":-84.2,"wind_kt":65,"pressure_mb":null},{"date":"19010812","time":"1800","status":"HU","lat":27.4,"lon":-84.8,"wind_kt":70,"pressure_mb":null},{"date":"19010813","time":"0000","status":"HU","lat":27.5,"lon":-85.4,"wind_kt":75,"pressure_mb":null},{"date":"19010813","time":"0600","status":"HU","lat":27.5,"lon":-86,"wind_kt":80,"pressure_mb":null},{"date":"19010813","time":"1200","status":"HU","lat":27.5,"lon":-86.7,"wind_kt":80,"pressure_mb":null},{"date":"19010813","time":"1800","status":"HU","lat":27.6,"lon":-87.6,"wind_kt":80,"pressure_mb":null},{"date":"19010814","time":"0000","status":"HU","lat":27.9,"lon":-88.7,"wind_kt":80,"pressure_mb":null},{"date":"19010814","time":"0600","status":"HU","lat":28.3,"lon":-89.3,"wind_kt":80,"pressure_mb":null},{"date":"19010814","time":"1200","status":"HU","lat":28.7,"lon":-89.7,"wind_kt":75,"pressure_mb":null},{"date":"19010814","time":"1800","status":"HU","lat":29.1,"lon":-89.8,"wind_kt":75,"pressure_mb":null},{"date":"19010814","time":"2100","status":"HU","lat":29.3,"lon":-89.6,"wind_kt":75,"pressure_mb":null},{"date":"19010815","time":"0000","status":"HU","lat":29.4,"lon":-89.5,"wind_kt":75,"pressure_mb":null},{"date":"19010815","time":"0600","status":"HU","lat":29.7,"lon":-89.2,"wind_kt":75,"pressure_mb":null},{"date":"19010815","time":"1200","status":"HU","lat":30,"lon":-89,"wind_kt":75,"pressure_mb":null},{"date":"19010815","time":"1700","status":"HU","lat":30.4,"lon":-88.8,"wind_kt":75,"pressure_mb":null},{"date":"19010815","time":"1800","status":"HU","lat":30.5,"lon":-88.7,"wind_kt":70,"pressure_mb":973},{"date":"19010816","time":"0000","status":"TS","lat":31,"lon":-88.3,"wind_kt":60,"pressure_mb":null},{"date":"19010816","time":"0600","status":"TS","lat":31.5,"lon":-88.1,"wind_kt":45,"pressure_mb":null},{"date":"19010816","time":"1200","status":"TS","lat":32,"lon":-88,"wind_kt":40,"pressure_mb":null},{"date":"19010816","time":"1800","status":"TS","lat":33,"lon":-88.7,"wind_kt":35,"pressure_mb":null},{"date":"19010817","time":"0000","status":"EX","lat":34,"lon":-89.5,"wind_kt":30,"pressure_mb":null},{"date":"19010817","time":"0600","status":"EX","lat":35,"lon":-90,"wind_kt":30,"pressure_mb":null},{"date":"19010817","time":"1200","status":"EX","lat":36.3,"lon":-89.9,"wind_kt":25,"pressure_mb":null},{"date":"19010817","time":"1800","status":"EX","lat":37.1,"lon":-89.3,"wind_kt":25,"pressure_mb":null},{"date":"19010818","time":"0000","status":"EX","lat":37.8,"lon":-88.7,"wind_kt":25,"pressure_mb":null},{"date":"19010818","time":"0600","status":"EX","lat":38.4,"lon":-87.8,"wind_kt":25,"pressure_mb":null},{"date":"19010818","time":"1200","status":"EX","lat":39,"lon":-86.8,"wind_kt":25,"pressure_mb":null},{"date":"19010818","time":"1800","status":"EX","lat":39.8,"lon":-85.4,"wind_kt":25,"pressure_mb":null}]}},{"type":"Feature","geometry":{"type":"LineString","coordinates":[[-53,11.5],[-54,11.6],[-54.8,11.7],[-55.7,11.9],[-56.7,12],[-57.7,12.1],[-58.6,12.2],[-59.5,12.2],[-60.3,12.3],[-61.2,12.3],[-62.2,12.4],[-63.3,12.4],[-64.5,12.5],[-65.8,12.6],[-67.1,12.6],[-68.3,12.6],[-69.5,12.7],[-71,12.8]]},"properties":{"id":"hur-al051901","event_type":"hurricane","name":null,"year":1901,"max_wind_kt":45,"min_pressure_mb":null,"category":0,"preliminary":false,"start_date":"19010818","end_date":"19010822","track":[{"date":"19010818","time":"1200","status":"TD","lat":11.5,"lon":-53,"wind_kt":30,"pressure_mb":null},{"date":"19010818","time":"1800","status":"TD","lat":11.6,"lon":-54,"wind_kt":30,"pressure_mb":null},{"date":"19010819","time":"0000","status":"TD","lat":11.7,"lon":-54.8,"wind_kt":30,"pressure_mb":null},{"date":"19010819","time":"0600","status":"TD","lat":11.9,"lon":-55.7,"wind_kt":30,"pressure_mb":null},{"date":"19010819","time":"1200","status":"TS","lat":12,"lon":-56.7,"wind_kt":35,"pressure_mb":null},{"date":"19010819","time":"1800","status":"TS","lat":12.1,"lon":-57.7,"wind_kt":35,"pressure_mb":null},{"date":"19010820","time":"0000","status":"TS","lat":12.2,"lon":-58.6,"wind_kt":40,"pressure_mb":null},{"date":"19010820","time":"0600","status":"TS","lat":12.2,"lon":-59.5,"wind_kt":40,"pressure_mb":null},{"date":"19010820","time":"1200","status":"TS","lat":12.3,"lon":-60.3,"wind_kt":45,"pressure_mb":null},{"date":"19010820","time":"1800","status":"TS","lat":12.3,"lon":-61.2,"wind_kt":45,"pressure_mb":null},{"date":"19010821","time":"0000","status":"TS","lat":12.4,"lon":-62.2,"wind_kt":40,"pressure_mb":null},{"date":"19010821","time":"0600","status":"TS","lat":12.4,"lon":-63.3,"wind_kt":35,"pressure_mb":null},{"date":"19010821","time":"1200","status":"TD","lat":12.5,"lon":-64.5,"wind_kt":30,"pressure_mb":null},{"date":"19010821","time":"1800","status":"TD","lat":12.6,"lon":-65.8,"wind_kt":30,"pressure_mb":null},{"date":"19010822","time":"0000","status":"TD","lat":12.6,"lon":-67.1,"wind_kt":25,"pressure_mb":null},{"date":"19010822","time":"0600","status":"TD","lat":12.6,"lon":-68.3,"wind_kt":25,"pressure_mb":null},{"date":"19010822","time":"1200","status":"TD","lat":12.7,"lon":-69.5,"wind_kt":25,"pressure_mb":null},{"date":"19010822","time":"1800","status":"TD","lat":12.8,"lon":-71,"wind_kt":25,"pressure_mb":null}]}},{"type":"Feature","geometry":{"type":"LineString","coordinates":[[-22,16],[-23.3,16.2],[-24.6,16.4],[-25.8,16.7],[-27,17],[-28,17.3],[-29,17.6],[-30,17.8],[-31,18],[-31.9,18.2],[-32.7,18.5],[-33.4,18.8],[-34,19],[-34.6,19.2],[-35.3,19.4],[-36.1,19.7],[-37,20],[-38,20.4],[-39,20.9],[-40,21.4],[-41,22],[-42,22.8]]},"properties":{"id":"hur-al061901","event_type":"hurricane","name":null,"year":1901,"max_wind_kt":70,"min_pressure_mb":null,"category":1,"preliminary":false,"start_date":"19010825","end_date":"19010830","track":[{"date":"19010825","time":"1200","status":"TS","lat":16,"lon":-22,"wind_kt":35,"pressure_mb":null},{"date":"19010825","time":"1800","status":"TS","lat":16.2,"lon":-23.3,"wind_kt":35,"pressure_mb":null},{"date":"19010826","time":"0000","status":"TS","lat":16.4,"lon":-24.6,"wind_kt":40,"pressure_mb":null},{"date":"19010826","time":"0600","status":"TS","lat":16.7,"lon":-25.8,"wind_kt":45,"pressure_mb":null},{"date":"19010826","time":"1200","status":"TS","lat":17,"lon":-27,"wind_kt":50,"pressure_mb":null},{"date":"19010826","time":"1800","status":"TS","lat":17.3,"lon":-28,"wind_kt":55,"pressure_mb":null},{"date":"19010827","time":"0000","status":"TS","lat":17.6,"lon":-29,"wind_kt":60,"pressure_mb":null},{"date":"19010827","time":"0600","status":"HU","lat":17.8,"lon":-30,"wind_kt":65,"pressure_mb":null},{"date":"19010827","time":"1200","status":"HU","lat":18,"lon":-31,"wind_kt":70,"pressure_mb":null},{"date":"19010827","time":"1800","status":"HU","lat":18.2,"lon":-31.9,"wind_kt":70,"pressure_mb":null},{"date":"19010828","time":"0000","status":"HU","lat":18.5,"lon":-32.7,"wind_kt":70,"pressure_mb":null},{"date":"19010828","time":"0600","status":"HU","lat":18.8,"lon":-33.4,"wind_kt":65,"pressure_mb":null},{"date":"19010828","time":"1200","status":"TS","lat":19,"lon":-34,"wind_kt":60,"pressure_mb":null},{"date":"19010828","time":"1800","status":"TS","lat":19.2,"lon":-34.6,"wind_kt":60,"pressure_mb":null},{"date":"19010829","time":"0000","status":"TS","lat":19.4,"lon":-35.3,"wind_kt":55,"pressure_mb":null},{"date":"19010829","time":"0600","status":"TS","lat":19.7,"lon":-36.1,"wind_kt":55,"pressure_mb":null},{"date":"19010829","time":"1200","status":"TS","lat":20,"lon":-37,"wind_kt":50,"pressure_mb":null},{"date":"19010829","time":"1800","status":"TS","lat":20.4,"lon":-38,"wind_kt":50,"pressure_mb":null},{"date":"19010830","time":"0000","status":"TS","lat":20.9,"lon":-39,"wind_kt":45,"pressure_mb":null},{"date":"19010830","time":"0600","status":"TS","lat":21.4,"lon":-40,"wind_kt":45,"pressure_mb":null},{"date":"19010830","time":"1200","status":"TS","lat":22,"lon":-41,"wind_kt":40,"pressure_mb":null},{"date":"19010830","time":"1800","status":"TS","lat":22.8,"lon":-42,"wind_kt":35,"pressure_mb":null}]}},{"type":"Feature","geometry":{"type":"LineString","coordinates":[[-22.4,13.6],[-24,13.7],[-25.9,13.9],[-27.4,14.1],[-28.8,14.2],[-30.2,14.3],[-31.5,14.4],[-33,14.5],[-34.5,14.7],[-36.3,15],[-37.7,15.1],[-39,15.4],[-40.4,15.7],[-42,16.3],[-43.2,16.8],[-44.6,17.4],[-46,18],[-47.5,18.5],[-48.8,18.9],[-50.1,19.2],[-51.4,19.6],[-52.7,20],[-54.2,20.7],[-55.6,21.5],[-57,22.6],[-58,24],[-58.4,25],[-58.7,26.1],[-58.9,27.1],[-59,28],[-59.1,28.8],[-59.2,29.5],[-59.1,30.1],[-59,30.7],[-58.6,31.6],[-57.8,32.6],[-57,33.6],[-56.1,34.2],[-55.3,34.7],[-54,35.2],[-52,35.6],[-50,35.8],[-47.5,36],[-44.4,36],[-41.3,36.2],[-39,37],[-37.4,38.1],[-35.7,39.5],[-33.8,41],[-32,43],[-30.9,44.4],[-29.3,45.8],[-27.7,47.3],[-25,48.6],[-20,49.2]]},"properties":{"id":"hur-al071901","event_type":"hurricane","name":null,"year":1901,"max_wind_kt":90,"min_pressure_mb":null,"category":2,"preliminary":false,"start_date":"19010829","end_date":"19010911","track":[{"date":"19010829","time":"0600","status":"TD","lat":13.6,"lon":-22.4,"wind_kt":30,"pressure_mb":null},{"date":"19010829","time":"1200","status":"TS","lat":13.7,"lon":-24,"wind_kt":35,"pressure_mb":null},{"date":"19010829","time":"1800","status":"TS","lat":13.9,"lon":-25.9,"wind_kt":35,"pressure_mb":null},{"date":"19010830","time":"0000","status":"TS","lat":14.1,"lon":-27.4,"wind_kt":40,"pressure_mb":null},{"date":"19010830","time":"0600","status":"TS","lat":14.2,"lon":-28.8,"wind_kt":40,"pressure_mb":null},{"date":"19010830","time":"1200","status":"TS","lat":14.3,"lon":-30.2,"wind_kt":45,"pressure_mb":null},{"date":"19010830","time":"1800","status":"TS","lat":14.4,"lon":-31.5,"wind_kt":45,"pressure_mb":null},{"date":"19010831","time":"0000","status":"TS","lat":14.5,"lon":-33,"wind_kt":50,"pressure_mb":null},{"date":"19010831","time":"0600","status":"TS","lat":14.7,"lon":-34.5,"wind_kt":50,"pressure_mb":null},{"date":"19010831","time":"1200","status":"TS","lat":15,"lon":-36.3,"wind_kt":55,"pressure_mb":null},{"date":"19010831","time":"1800","status":"TS","lat":15.1,"lon":-37.7,"wind_kt":55,"pressure_mb":null},{"date":"19010901","time":"0000","status":"TS","lat":15.4,"lon":-39,"wind_kt":60,"pressure_mb":null},{"date":"19010901","time":"0600","status":"TS","lat":15.7,"lon":-40.4,"wind_kt":60,"pressure_mb":null},{"date":"19010901","time":"1200","status":"HU","lat":16.3,"lon":-42,"wind_kt":65,"pressure_mb":null},{"date":"19010901","time":"1800","status":"HU","lat":16.8,"lon":-43.2,"wind_kt":65,"pressure_mb":null},{"date":"19010902","time":"0000","status":"HU","lat":17.4,"lon":-44.6,"wind_kt":70,"pressure_mb":null},{"date":"19010902","time":"0600","status":"HU","lat":18,"lon":-46,"wind_kt":70,"pressure_mb":null},{"date":"19010902","time":"1200","status":"HU","lat":18.5,"lon":-47.5,"wind_kt":75,"pressure_mb":null},{"date":"19010902","time":"1800","status":"HU","lat":18.9,"lon":-48.8,"wind_kt":75,"pressure_mb":null},{"date":"19010903","time":"0000","status":"HU","lat":19.2,"lon":-50.1,"wind_kt":80,"pressure_mb":null},{"date":"19010903","time":"0600","status":"HU","lat":19.6,"lon":-51.4,"wind_kt":80,"pressure_mb":null},{"date":"19010903","time":"1200","status":"HU","lat":20,"lon":-52.7,"wind_kt":85,"pressure_mb":null},{"date":"19010903","time":"1800","status":"HU","lat":20.7,"lon":-54.2,"wind_kt":85,"pressure_mb":null},{"date":"19010904","time":"0000","status":"HU","lat":21.5,"lon":-55.6,"wind_kt":90,"pressure_mb":null},{"date":"19010904","time":"0600","status":"HU","lat":22.6,"lon":-57,"wind_kt":90,"pressure_mb":null},{"date":"19010904","time":"1200","status":"HU","lat":24,"lon":-58,"wind_kt":90,"pressure_mb":null},{"date":"19010904","time":"1800","status":"HU","lat":25,"lon":-58.4,"wind_kt":90,"pressure_mb":null},{"date":"19010905","time":"0000","status":"HU","lat":26.1,"lon":-58.7,"wind_kt":90,"pressure_mb":null},{"date":"19010905","time":"0600","status":"HU","lat":27.1,"lon":-58.9,"wind_kt":90,"pressure_mb":null},{"date":"19010905","time":"1200","status":"HU","lat":28,"lon":-59,"wind_kt":90,"pressure_mb":null},{"date":"19010905","time":"1800","status":"HU","lat":28.8,"lon":-59.1,"wind_kt":90,"pressure_mb":null},{"date":"19010906","time":"0000","status":"HU","lat":29.5,"lon":-59.2,"wind_kt":90,"pressure_mb":null},{"date":"19010906","time":"0600","status":"HU","lat":30.1,"lon":-59.1,"wind_kt":90,"pressure_mb":null},{"date":"19010906","time":"1200","status":"HU","lat":30.7,"lon":-59,"wind_kt":85,"pressure_mb":null},{"date":"19010906","time":"1800","status":"HU","lat":31.6,"lon":-58.6,"wind_kt":85,"pressure_mb":null},{"date":"19010907","time":"0000","status":"HU","lat":32.6,"lon":-57.8,"wind_kt":85,"pressure_mb":null},{"date":"19010907","time":"0600","status":"HU","lat":33.6,"lon":-57,"wind_kt":85,"pressure_mb":null},{"date":"19010907","time":"1200","status":"HU","lat":34.2,"lon":-56.1,"wind_kt":85,"pressure_mb":null},{"date":"19010907","time":"1800","status":"HU","lat":34.7,"lon":-55.3,"wind_kt":85,"pressure_mb":null},{"date":"19010908","time":"0000","status":"HU","lat":35.2,"lon":-54,"wind_kt":85,"pressure_mb":null},{"date":"19010908","time":"0600","status":"HU","lat":35.6,"lon":-52,"wind_kt":80,"pressure_mb":null},{"date":"19010908","time":"1200","status":"HU","lat":35.8,"lon":-50,"wind_kt":80,"pressure_mb":null},{"date":"19010908","time":"1800","status":"HU","lat":36,"lon":-47.5,"wind_kt":80,"pressure_mb":null},{"date":"19010909","time":"0000","status":"HU","lat":36,"lon":-44.4,"wind_kt":80,"pressure_mb":null},{"date":"19010909","time":"0600","status":"HU","lat":36.2,"lon":-41.3,"wind_kt":80,"pressure_mb":null},{"date":"19010909","time":"1200","status":"HU","lat":37,"lon":-39,"wind_kt":80,"pressure_mb":null},{"date":"19010909","time":"1800","status":"HU","lat":38.1,"lon":-37.4,"wind_kt":75,"pressure_mb":null},{"date":"19010910","time":"0000","status":"HU","lat":39.5,"lon":-35.7,"wind_kt":70,"pressure_mb":null},{"date":"19010910","time":"0600","status":"HU","lat":41,"lon":-33.8,"wind_kt":70,"pressure_mb":null},{"date":"19010910","time":"1200","status":"HU","lat":43,"lon":-32,"wind_kt":65,"pressure_mb":null},{"date":"19010910","time":"1800","status":"HU","lat":44.4,"lon":-30.9,"wind_kt":65,"pressure_mb":null},{"date":"19010911","time":"0000","status":"EX","lat":45.8,"lon":-29.3,"wind_kt":55,"pressure_mb":null},{"date":"19010911","time":"0600","status":"EX","lat":47.3,"lon":-27.7,"wind_kt":45,"pressure_mb":null},{"date":"19010911","time":"1200","status":"EX","lat":48.6,"lon":-25,"wind_kt":40,"pressure_mb":null},{"date":"19010911","time":"1800","status":"EX","lat":49.2,"lon":-20,"wind_kt":35,"pressure_mb":null}]}},{"type":"Feature","geometry":{"type":"LineString","coordinates":[[-50.7,17.6],[-52,17.5],[-53.2,17.5],[-54.6,17.4],[-56,17.4],[-57.3,17.3],[-58.8,17.4],[-60.1,17.5],[-61.3,17.6],[-62.7,17.8],[-64.3,18.1],[-65.6,18.4],[-66.9,18.5],[-68.2,18.6],[-69.6,18.7],[-71,18.8],[-72.6,18.9],[-74.3,19],[-75.7,19.1],[-77,19.2],[-78.3,19.4],[-79.5,19.7],[-80.6,20.1],[-81.9,20.5],[-83.3,21],[-84.5,21.5],[-85.6,22],[-86.5,22.6],[-87.3,23.3],[-88,24.3],[-88.5,25.3],[-88.5,26.5],[-88.1,27.7],[-87.5,29],[-86.7,30.3],[-86.6,30.4],[-85.3,31.6],[-83.4,32.5],[-81.2,33],[-77,34.2],[-74.2,35.8],[-72.5,37.1],[-70,38.7],[-67.2,40.5]]},"properties":{"id":"hur-al081901","event_type":"hurricane","name":null,"year":1901,"max_wind_kt":70,"min_pressure_mb":null,"category":1,"preliminary":false,"start_date":"19010909","end_date":"19010919","track":[{"date":"19010909","time":"0600","status":"TS","lat":17.6,"lon":-50.7,"wind_kt":35,"pressure_mb":null},{"date":"19010909","time":"1200","status":"TS","lat":17.5,"lon":-52,"wind_kt":35,"pressure_mb":null},{"date":"19010909","time":"1800","status":"TS","lat":17.5,"lon":-53.2,"wind_kt":35,"pressure_mb":null},{"date":"19010910","time":"0000","status":"TS","lat":17.4,"lon":-54.6,"wind_kt":35,"pressure_mb":null},{"date":"19010910","time":"0600","status":"TS","lat":17.4,"lon":-56,"wind_kt":35,"pressure_mb":null},{"date":"19010910","time":"1200","status":"TS","lat":17.3,"lon":-57.3,"wind_kt":35,"pressure_mb":null},{"date":"19010910","time":"1800","status":"TS","lat":17.4,"lon":-58.8,"wind_kt":35,"pressure_mb":null},{"date":"19010911","time":"0000","status":"TS","lat":17.5,"lon":-60.1,"wind_kt":35,"pressure_mb":null},{"date":"19010911","time":"0600","status":"TS","lat":17.6,"lon":-61.3,"wind_kt":40,"pressure_mb":null},{"date":"19010911","time":"1200","status":"TS","lat":17.8,"lon":-62.7,"wind_kt":45,"pressure_mb":null},{"date":"19010911","time":"1800","status":"TS","lat":18.1,"lon":-64.3,"wind_kt":50,"pressure_mb":null},{"date":"19010912","time":"0000","status":"TS","lat":18.4,"lon":-65.6,"wind_kt":50,"pressure_mb":null},{"date":"19010912","time":"0600","status":"TS","lat":18.5,"lon":-66.9,"wind_kt":50,"pressure_mb":null},{"date":"19010912","time":"1200","status":"TS","lat":18.6,"lon":-68.2,"wind_kt":50,"pressure_mb":null},{"date":"19010912","time":"1800","status":"TS","lat":18.7,"lon":-69.6,"wind_kt":40,"pressure_mb":null},{"date":"19010913","time":"0000","status":"TS","lat":18.8,"lon":-71,"wind_kt":35,"pressure_mb":null},{"date":"19010913","time":"0600","status":"TS","lat":18.9,"lon":-72.6,"wind_kt":35,"pressure_mb":null},{"date":"19010913","time":"1200","status":"TS","lat":19,"lon":-74.3,"wind_kt":45,"pressure_mb":null},{"date":"19010913","time":"1800","status":"TS","lat":19.1,"lon":-75.7,"wind_kt":50,"pressure_mb":null},{"date":"19010914","time":"0000","status":"TS","lat":19.2,"lon":-77,"wind_kt":55,"pressure_mb":null},{"date":"19010914","time":"0600","status":"TS","lat":19.4,"lon":-78.3,"wind_kt":60,"pressure_mb":null},{"date":"19010914","time":"1200","status":"HU","lat":19.7,"lon":-79.5,"wind_kt":65,"pressure_mb":null},{"date":"19010914","time":"1800","status":"HU","lat":20.1,"lon":-80.6,"wind_kt":65,"pressure_mb":null},{"date":"19010915","time":"0000","status":"HU","lat":20.5,"lon":-81.9,"wind_kt":70,"pressure_mb":null},{"date":"19010915","time":"0600","status":"HU","lat":21,"lon":-83.3,"wind_kt":70,"pressure_mb":null},{"date":"19010915","time":"1200","status":"HU","lat":21.5,"lon":-84.5,"wind_kt":70,"pressure_mb":null},{"date":"19010915","time":"1800","status":"HU","lat":22,"lon":-85.6,"wind_kt":65,"pressure_mb":null},{"date":"19010916","time":"0000","status":"TS","lat":22.6,"lon":-86.5,"wind_kt":60,"pressure_mb":null},{"date":"19010916","time":"0600","status":"TS","lat":23.3,"lon":-87.3,"wind_kt":55,"pressure_mb":null},{"date":"19010916","time":"1200","status":"TS","lat":24.3,"lon":-88,"wind_kt":50,"pressure_mb":null},{"date":"19010916","time":"1800","status":"TS","lat":25.3,"lon":-88.5,"wind_kt":50,"pressure_mb":null},{"date":"19010917","time":"0000","status":"TS","lat":26.5,"lon":-88.5,"wind_kt":50,"pressure_mb":null},{"date":"19010917","time":"0600","status":"TS","lat":27.7,"lon":-88.1,"wind_kt":50,"pressure_mb":null},{"date":"19010917","time":"1200","status":"TS","lat":29,"lon":-87.5,"wind_kt":50,"pressure_mb":null},{"date":"19010917","time":"1800","status":"TS","lat":30.3,"lon":-86.7,"wind_kt":50,"pressure_mb":null},{"date":"19010917","time":"2000","status":"TS","lat":30.4,"lon":-86.6,"wind_kt":50,"pressure_mb":null},{"date":"19010918","time":"0000","status":"TS","lat":31.6,"lon":-85.3,"wind_kt":40,"pressure_mb":null},{"date":"19010918","time":"0600","status":"TS","lat":32.5,"lon":-83.4,"wind_kt":35,"pressure_mb":null},{"date":"19010918","time":"1200","status":"TS","lat":33,"lon":-81.2,"wind_kt":35,"pressure_mb":null},{"date":"19010918","time":"1800","status":"TS","lat":34.2,"lon":-77,"wind_kt":35,"pressure_mb":null},{"date":"19010919","time":"0000","status":"EX","lat":35.8,"lon":-74.2,"wind_kt":40,"pressure_mb":null},{"date":"19010919","time":"0600","status":"EX","lat":37.1,"lon":-72.5,"wind_kt":45,"pressure_mb":null},{"date":"19010919","time":"1200","status":"EX","lat":38.7,"lon":-70,"wind_kt":50,"pressure_mb":null},{"date":"19010919","time":"1800","status":"EX","lat":40.5,"lon":-67.2,"wind_kt":50,"pressure_mb":null}]}},{"type":"Feature","geometry":{"type":"LineString","coordinates":[[-28.1,11.1],[-28.5,11.5],[-28.9,12.1],[-29.1,12.7],[-29.4,13.3],[-29.5,13.8],[-29.6,14.3],[-29.6,14.8],[-29.6,15.3],[-29.4,15.8],[-29.2,16.2],[-29.1,16.6],[-29,17],[-29,17.4],[-29.2,17.8],[-29.4,18.1],[-29.8,18.4],[-30.2,18.6],[-30.7,18.9],[-30.9,19.1],[-31.1,19.4],[-31.4,19.8],[-31.6,20.2],[-32,20.8]]},"properties":{"id":"hur-al091901","event_type":"hurricane","name":null,"year":1901,"max_wind_kt":50,"min_pressure_mb":null,"category":0,"preliminary":false,"start_date":"19010912","end_date":"19010917","track":[{"date":"19010912","time":"0000","status":"TS","lat":11.1,"lon":-28.1,"wind_kt":35,"pressure_mb":null},{"date":"19010912","time":"0600","status":"TS","lat":11.5,"lon":-28.5,"wind_kt":35,"pressure_mb":null},{"date":"19010912","time":"1200","status":"TS","lat":12.1,"lon":-28.9,"wind_kt":35,"pressure_mb":null},{"date":"19010912","time":"1800","status":"TS","lat":12.7,"lon":-29.1,"wind_kt":35,"pressure_mb":null},{"date":"19010913","time":"0000","status":"TS","lat":13.3,"lon":-29.4,"wind_kt":40,"pressure_mb":null},{"date":"19010913","time":"0600","status":"TS","lat":13.8,"lon":-29.5,"wind_kt":40,"pressure_mb":null},{"date":"19010913","time":"1200","status":"TS","lat":14.3,"lon":-29.6,"wind_kt":45,"pressure_mb":null},{"date":"19010913","time":"1800","status":"TS","lat":14.8,"lon":-29.6,"wind_kt":45,"pressure_mb":null},{"date":"19010914","time":"0000","status":"TS","lat":15.3,"lon":-29.6,"wind_kt":50,"pressure_mb":null},{"date":"19010914","time":"0600","status":"TS","lat":15.8,"lon":-29.4,"wind_kt":50,"pressure_mb":null},{"date":"19010914","time":"1200","status":"TS","lat":16.2,"lon":-29.2,"wind_kt":50,"pressure_mb":null},{"date":"19010914","time":"1800","status":"TS","lat":16.6,"lon":-29.1,"wind_kt":50,"pressure_mb":null},{"date":"19010915","time":"0000","status":"TS","lat":17,"lon":-29,"wind_kt":45,"pressure_mb":null},{"date":"19010915","time":"0600","status":"TS","lat":17.4,"lon":-29,"wind_kt":40,"pressure_mb":null},{"date":"19010915","time":"1200","status":"TS","lat":17.8,"lon":-29.2,"wind_kt":35,"pressure_mb":null},{"date":"19010915","time":"1800","status":"TS","lat":18.1,"lon":-29.4,"wind_kt":35,"pressure_mb":null},{"date":"19010916","time":"0000","status":"TS","lat":18.4,"lon":-29.8,"wind_kt":35,"pressure_mb":null},{"date":"19010916","time":"0600","status":"TS","lat":18.6,"lon":-30.2,"wind_kt":35,"pressure_mb":null},{"date":"19010916","time":"1200","status":"TS","lat":18.9,"lon":-30.7,"wind_kt":35,"pressure_mb":null},{"date":"19010916","time":"1800","status":"TS","lat":19.1,"lon":-30.9,"wind_kt":35,"pressure_mb":null},{"date":"19010917","time":"0000","status":"TS","lat":19.4,"lon":-31.1,"wind_kt":35,"pressure_mb":null},{"date":"19010917","time":"0600","status":"TS","lat":19.8,"lon":-31.4,"wind_kt":35,"pressure_mb":null},{"date":"19010917","time":"1200","status":"TS","lat":20.2,"lon":-31.6,"wind_kt":35,"pressure_mb":null},{"date":"19010917","time":"1800","status":"TD","lat":20.8,"lon":-32,"wind_kt":30,"pressure_mb":null}]}},{"type":"Feature","geometry":{"type":"LineString","coordinates":[[-73,13.7],[-74,13.8],[-75,14],[-75.9,14.2],[-76.9,14.4],[-78,14.7],[-79,15],[-79.8,15.2],[-80.6,15.5],[-81.3,15.9],[-82,16.5],[-82.3,16.9],[-82.5,17.4],[-82.8,18],[-83,18.5],[-83.2,18.8],[-83.3,19.2],[-83.4,19.6],[-83.5,20],[-83.7,20.3],[-83.8,20.7],[-83.9,21.1],[-84,21.5],[-84.2,22.1],[-84.5,23.2],[-84.8,24.3],[-85,25.5],[-84.9,27],[-84.7,28.8],[-84.6,29.9],[-84.5,30.6],[-84,32.5],[-82.7,35.1],[-81.4,37.8],[-80.1,40.3],[-78.6,42.5],[-76.5,44.2],[-74.5,45.7],[-72.5,47],[-68.5,48],[-63.9,48.2],[-60.1,48.2],[-55.9,48.3],[-51.5,48.5],[-46.1,49],[-39.4,50.8],[-32.6,53.1],[-27,55.3]]},"properties":{"id":"hur-al101901","event_type":"hurricane","name":null,"year":1901,"max_wind_kt":45,"min_pressure_mb":null,"category":0,"preliminary":false,"start_date":"19010921","end_date":"19011002","track":[{"date":"19010921","time":"0000","status":"TS","lat":13.7,"lon":-73,"wind_kt":35,"pressure_mb":null},{"date":"19010921","time":"0600","status":"TS","lat":13.8,"lon":-74,"wind_kt":35,"pressure_mb":null},{"date":"19010921","time":"1200","status":"TS","lat":14,"lon":-75,"wind_kt":35,"pressure_mb":null},{"date":"19010921","time":"1800","status":"TS","lat":14.2,"lon":-75.9,"wind_kt":35,"pressure_mb":null},{"date":"19010922","time":"0000","status":"TS","lat":14.4,"lon":-76.9,"wind_kt":35,"pressure_mb":null},{"date":"19010922","time":"0600","status":"TS","lat":14.7,"lon":-78,"wind_kt":35,"pressure_mb":null},{"date":"19010922","time":"1200","status":"TS","lat":15,"lon":-79,"wind_kt":35,"pressure_mb":null},{"date":"19010922","time":"1800","status":"TS","lat":15.2,"lon":-79.8,"wind_kt":35,"pressure_mb":null},{"date":"19010923","time":"0000","status":"TS","lat":15.5,"lon":-80.6,"wind_kt":35,"pressure_mb":null},{"date":"19010923","time":"0600","status":"TS","lat":15.9,"lon":-81.3,"wind_kt":35,"pressure_mb":null},{"date":"19010923","time":"1200","status":"TS","lat":16.5,"lon":-82,"wind_kt":35,"pressure_mb":null},{"date":"19010923","time":"1800","status":"TS","lat":16.9,"lon":-82.3,"wind_kt":35,"pressure_mb":null},{"date":"19010924","time":"0000","status":"TS","lat":17.4,"lon":-82.5,"wind_kt":35,"pressure_mb":null},{"date":"19010924","time":"0600","status":"TS","lat":18,"lon":-82.8,"wind_kt":35,"pressure_mb":null},{"date":"19010924","time":"1200","status":"TS","lat":18.5,"lon":-83,"wind_kt":35,"pressure_mb":null},{"date":"19010924","time":"1800","status":"TS","lat":18.8,"lon":-83.2,"wind_kt":35,"pressure_mb":null},{"date":"19010925","time":"0000","status":"TS","lat":19.2,"lon":-83.3,"wind_kt":35,"pressure_mb":null},{"date":"19010925","time":"0600","status":"TS","lat":19.6,"lon":-83.4,"wind_kt":35,"pressure_mb":null},{"date":"19010925","time":"1200","status":"TS","lat":20,"lon":-83.5,"wind_kt":40,"pressure_mb":null},{"date":"19010925","time":"1800","status":"TS","lat":20.3,"lon":-83.7,"wind_kt":40,"pressure_mb":null},{"date":"19010926","time":"0000","status":"TS","lat":20.7,"lon":-83.8,"wind_kt":40,"pressure_mb":null},{"date":"19010926","time":"0600","status":"TS","lat":21.1,"lon":-83.9,"wind_kt":45,"pressure_mb":null},{"date":"19010926","time":"1200","status":"TS","lat":21.5,"lon":-84,"wind_kt":45,"pressure_mb":null},{"date":"19010926","time":"1800","status":"TS","lat":22.1,"lon":-84.2,"wind_kt":45,"pressure_mb":null},{"date":"19010927","time":"0000","status":"TS","lat":23.2,"lon":-84.5,"wind_kt":40,"pressure_mb":null},{"date":"19010927","time":"0600","status":"TS","lat":24.3,"lon":-84.8,"wind_kt":40,"pressure_mb":null},{"date":"19010927","time":"1200","status":"TS","lat":25.5,"lon":-85,"wind_kt":40,"pressure_mb":null},{"date":"19010927","time":"1800","status":"TS","lat":27,"lon":-84.9,"wind_kt":40,"pressure_mb":null},{"date":"19010928","time":"0000","status":"TS","lat":28.8,"lon":-84.7,"wind_kt":40,"pressure_mb":null},{"date":"19010928","time":"0300","status":"TS","lat":29.9,"lon":-84.6,"wind_kt":40,"pressure_mb":null},{"date":"19010928","time":"0600","status":"TS","lat":30.6,"lon":-84.5,"wind_kt":35,"pressure_mb":null},{"date":"19010928","time":"1200","status":"EX","lat":32.5,"lon":-84,"wind_kt":35,"pressure_mb":null},{"date":"19010928","time":"1800","status":"EX","lat":35.1,"lon":-82.7,"wind_kt":35,"pressure_mb":null},{"date":"19010929","time":"0000","status":"EX","lat":37.8,"lon":-81.4,"wind_kt":30,"pressure_mb":null},{"date":"19010929","time":"0600","status":"EX","lat":40.3,"lon":-80.1,"wind_kt":25,"pressure_mb":null},{"date":"19010929","time":"1200","status":"EX","lat":42.5,"lon":-78.6,"wind_kt":25,"pressure_mb":null},{"date":"19010929","time":"1800","status":"EX","lat":44.2,"lon":-76.5,"wind_kt":25,"pressure_mb":null},{"date":"19010930","time":"0000","status":"EX","lat":45.7,"lon":-74.5,"wind_kt":25,"pressure_mb":null},{"date":"19010930","time":"0600","status":"EX","lat":47,"lon":-72.5,"wind_kt":25,"pressure_mb":null},{"date":"19010930","time":"1200","status":"EX","lat":48,"lon":-68.5,"wind_kt":25,"pressure_mb":null},{"date":"19010930","time":"1800","status":"EX","lat":48.2,"lon":-63.9,"wind_kt":30,"pressure_mb":null},{"date":"19011001","time":"0000","status":"EX","lat":48.2,"lon":-60.1,"wind_kt":30,"pressure_mb":null},{"date":"19011001","time":"0600","status":"EX","lat":48.3,"lon":-55.9,"wind_kt":35,"pressure_mb":null},{"date":"19011001","time":"1200","status":"EX","lat":48.5,"lon":-51.5,"wind_kt":35,"pressure_mb":null},{"date":"19011001","time":"1800","status":"EX","lat":49,"lon":-46.1,"wind_kt":40,"pressure_mb":null},{"date":"19011002","time":"0000","status":"EX","lat":50.8,"lon":-39.4,"wind_kt":40,"pressure_mb":null},{"date":"19011002","time":"0600","status":"EX","lat":53.1,"lon":-32.6,"wind_kt":45,"pressure_mb":null},{"date":"19011002","time":"1200","status":"EX","lat":55.3,"lon":-27,"wind_kt":45,"pressure_mb":null}]}},{"type":"Feature","geometry":{"type":"LineString","coordinates":[[-51.5,12],[-51.7,12.2],[-52,12.5],[-52.3,12.7],[-52.6,13],[-52.9,13.2],[-53.3,13.5],[-53.7,13.8],[-54.1,14.2],[-54.5,14.6],[-55,15],[-55.6,15.5],[-56.7,16.2],[-57.6,16.9],[-58.5,17.5],[-59.6,18.4],[-60.6,19.4],[-61.4,20.2],[-62.3,21],[-63.7,21.8],[-65.5,22.7],[-67,24],[-68.5,25.6],[-69,27.7],[-68.5,30.3],[-67.2,33],[-65,35],[-63.8,35.8],[-62.5,36.5],[-61.3,37.3],[-60,38.1],[-58.7,39.2],[-57,40.2],[-55.6,41.1],[-54.1,42],[-51.6,43],[-48.4,43.9],[-44.4,44.9],[-40,45.8]]},"properties":{"id":"hur-al111901","event_type":"hurricane","name":null,"year":1901,"max_wind_kt":60,"min_pressure_mb":null,"category":0,"preliminary":false,"start_date":"19011005","end_date":"19011014","track":[{"date":"19011005","time":"0000","status":"TS","lat":12,"lon":-51.5,"wind_kt":35,"pressure_mb":null},{"date":"19011005","time":"0600","status":"TS","lat":12.2,"lon":-51.7,"wind_kt":35,"pressure_mb":null},{"date":"19011005","time":"1200","status":"TS","lat":12.5,"lon":-52,"wind_kt":35,"pressure_mb":null},{"date":"19011005","time":"1800","status":"TS","lat":12.7,"lon":-52.3,"wind_kt":35,"pressure_mb":null},{"date":"19011006","time":"0000","status":"TS","lat":13,"lon":-52.6,"wind_kt":40,"pressure_mb":null},{"date":"19011006","time":"0600","status":"TS","lat":13.2,"lon":-52.9,"wind_kt":40,"pressure_mb":null},{"date":"19011006","time":"1200","status":"TS","lat":13.5,"lon":-53.3,"wind_kt":40,"pressure_mb":null},{"date":"19011006","time":"1800","status":"TS","lat":13.8,"lon":-53.7,"wind_kt":45,"pressure_mb":null},{"date":"19011007","time":"0000","status":"TS","lat":14.2,"lon":-54.1,"wind_kt":50,"pressure_mb":null},{"date":"19011007","time":"0600","status":"TS","lat":14.6,"lon":-54.5,"wind_kt":55,"pressure_mb":null},{"date":"19011007","time":"1200","status":"TS","lat":15,"lon":-55,"wind_kt":60,"pressure_mb":null},{"date":"19011007","time":"1800","status":"TS","lat":15.5,"lon":-55.6,"wind_kt":60,"pressure_mb":null},{"date":"19011008","time":"0000","status":"TS","lat":16.2,"lon":-56.7,"wind_kt":60,"pressure_mb":null},{"date":"19011008","time":"0600","status":"TS","lat":16.9,"lon":-57.6,"wind_kt":60,"pressure_mb":null},{"date":"19011008","time":"1200","status":"TS","lat":17.5,"lon":-58.5,"wind_kt":55,"pressure_mb":null},{"date":"19011008","time":"1800","status":"TS","lat":18.4,"lon":-59.6,"wind_kt":50,"pressure_mb":null},{"date":"19011009","time":"0000","status":"TS","lat":19.4,"lon":-60.6,"wind_kt":45,"pressure_mb":null},{"date":"19011009","time":"0600","status":"TS","lat":20.2,"lon":-61.4,"wind_kt":40,"pressure_mb":null},{"date":"19011009","time":"1200","status":"TS","lat":21,"lon":-62.3,"wind_kt":35,"pressure_mb":null},{"date":"19011009","time":"1800","status":"TS","lat":21.8,"lon":-63.7,"wind_kt":35,"pressure_mb":null},{"date":"19011010","time":"0000","status":"TS","lat":22.7,"lon":-65.5,"wind_kt":35,"pressure_mb":null},{"date":"19011010","time":"0600","status":"TS","lat":24,"lon":-67,"wind_kt":35,"pressure_mb":null},{"date":"19011010","time":"1200","status":"TS","lat":25.6,"lon":-68.5,"wind_kt":35,"pressure_mb":null},{"date":"19011010","time":"1800","status":"TS","lat":27.7,"lon":-69,"wind_kt":35,"pressure_mb":null},{"date":"19011011","time":"0000","status":"EX","lat":30.3,"lon":-68.5,"wind_kt":40,"pressure_mb":null},{"date":"19011011","time":"0600","status":"EX","lat":33,"lon":-67.2,"wind_kt":40,"pressure_mb":null},{"date":"19011011","time":"1200","status":"EX","lat":35,"lon":-65,"wind_kt":45,"pressure_mb":null},{"date":"19011011","time":"1800","status":"EX","lat":35.8,"lon":-63.8,"wind_kt":45,"pressure_mb":null},{"date":"19011012","time":"0000","status":"EX","lat":36.5,"lon":-62.5,"wind_kt":45,"pressure_mb":null},{"date":"19011012","time":"0600","status":"EX","lat":37.3,"lon":-61.3,"wind_kt":40,"pressure_mb":null},{"date":"19011012","time":"1200","status":"EX","lat":38.1,"lon":-60,"wind_kt":35,"pressure_mb":null},{"date":"19011012","time":"1800","status":"EX","lat":39.2,"lon":-58.7,"wind_kt":35,"pressure_mb":null},{"date":"19011013","time":"0000","status":"EX","lat":40.2,"lon":-57,"wind_kt":35,"pressure_mb":null},{"date":"19011013","time":"0600","status":"EX","lat":41.1,"lon":-55.6,"wind_kt":35,"pressure_mb":null},{"date":"19011013","time":"1200","status":"EX","lat":42,"lon":-54.1,"wind_kt":35,"pressure_mb":null},{"date":"19011013","time":"1800","status":"EX","lat":43,"lon":-51.6,"wind_kt":35,"pressure_mb":null},{"date":"19011014","time":"0000","status":"EX","lat":43.9,"lon":-48.4,"wind_kt":35,"pressure_mb":null},{"date":"19011014","time":"0600","status":"EX","lat":44.9,"lon":-44.4,"wind_kt":35,"pressure_mb":null},{"date":"19011014","time":"1200","status":"EX","lat":45.8,"lon":-40,"wind_kt":35,"pressure_mb":null}]}},{"type":"Feature","geometry":{"type":"LineString","coordinates":[[-80,21],[-79.3,21.5],[-78.5,22],[-77.7,22.5],[-76.7,22.9],[-75.8,23.3],[-75,23.7],[-73.7,24.3],[-72.4,25.2],[-71.1,25.8],[-69.5,26.5],[-68.4,26.9],[-67.2,27.3],[-66.1,27.6],[-65,28],[-63.7,28.4]]},"properties":{"id":"hur-al121901","event_type":"hurricane","name":null,"year":1901,"max_wind_kt":50,"min_pressure_mb":null,"category":0,"preliminary":false,"start_date":"19011015","end_date":"19011018","track":[{"date":"19011015","time":"0000","status":"TD","lat":21,"lon":-80,"wind_kt":30,"pressure_mb":null},{"date":"19011015","time":"0600","status":"TD","lat":21.5,"lon":-79.3,"wind_kt":30,"pressure_mb":null},{"date":"19011015","time":"1200","status":"TD","lat":22,"lon":-78.5,"wind_kt":30,"pressure_mb":null},{"date":"19011015","time":"1800","status":"TS","lat":22.5,"lon":-77.7,"wind_kt":35,"pressure_mb":null},{"date":"19011016","time":"0000","status":"TS","lat":22.9,"lon":-76.7,"wind_kt":40,"pressure_mb":null},{"date":"19011016","time":"0600","status":"TS","lat":23.3,"lon":-75.8,"wind_kt":45,"pressure_mb":null},{"date":"19011016","time":"1200","status":"TS","lat":23.7,"lon":-75,"wind_kt":50,"pressure_mb":null},{"date":"19011016","time":"1800","status":"TS","lat":24.3,"lon":-73.7,"wind_kt":50,"pressure_mb":null},{"date":"19011017","time":"0000","status":"TS","lat":25.2,"lon":-72.4,"wind_kt":50,"pressure_mb":null},{"date":"19011017","time":"0600","status":"TS","lat":25.8,"lon":-71.1,"wind_kt":50,"pressure_mb":null},{"date":"19011017","time":"1200","status":"TS","lat":26.5,"lon":-69.5,"wind_kt":45,"pressure_mb":null},{"date":"19011017","time":"1800","status":"TS","lat":26.9,"lon":-68.4,"wind_kt":40,"pressure_mb":null},{"date":"19011018","time":"0000","status":"TS","lat":27.3,"lon":-67.2,"wind_kt":40,"pressure_mb":null},{"date":"19011018","time":"0600","status":"EX","lat":27.6,"lon":-66.1,"wind_kt":40,"pressure_mb":null},{"date":"19011018","time":"1200","status":"EX","lat":28,"lon":-65,"wind_kt":40,"pressure_mb":null},{"date":"19011018","time":"1800","status":"EX","lat":28.4,"lon":-63.7,"wind_kt":40,"pressure_mb":null}]}},{"type":"Feature","geometry":{"type":"LineString","coordinates":[[-67.3,19.3],[-67.2,20.5],[-67.1,21.7],[-66.9,22.9],[-66.7,24],[-66.4,24.7],[-66.1,25.4],[-65.7,26.1],[-65.3,26.7],[-64.9,27.4],[-64.6,28],[-64.2,28.6],[-63.5,29.3],[-62.8,29.6],[-62,30],[-61.1,30.5],[-60.3,31.2],[-59.1,32.4],[-58.1,34],[-57.1,35.6],[-56.3,36.8],[-55.7,37.4],[-55.5,37.9],[-55,38.3],[-54.5,38.5],[-53.4,38.3],[-52.5,37.8],[-51.5,37.3],[-50.5,37],[-49.2,37]]},"properties":{"id":"hur-al131901","event_type":"hurricane","name":null,"year":1901,"max_wind_kt":70,"min_pressure_mb":null,"category":1,"preliminary":false,"start_date":"19011030","end_date":"19011106","track":[{"date":"19011030","time":"1200","status":"TD","lat":19.3,"lon":-67.3,"wind_kt":30,"pressure_mb":null},{"date":"19011030","time":"1800","status":"TD","lat":20.5,"lon":-67.2,"wind_kt":30,"pressure_mb":null},{"date":"19011031","time":"0000","status":"TS","lat":21.7,"lon":-67.1,"wind_kt":35,"pressure_mb":null},{"date":"19011031","time":"0600","status":"TS","lat":22.9,"lon":-66.9,"wind_kt":35,"pressure_mb":null},{"date":"19011031","time":"1200","status":"TS","lat":24,"lon":-66.7,"wind_kt":35,"pressure_mb":null},{"date":"19011031","time":"1800","status":"TS","lat":24.7,"lon":-66.4,"wind_kt":35,"pressure_mb":null},{"date":"19011101","time":"0000","status":"TS","lat":25.4,"lon":-66.1,"wind_kt":40,"pressure_mb":null},{"date":"19011101","time":"0600","status":"TS","lat":26.1,"lon":-65.7,"wind_kt":45,"pressure_mb":null},{"date":"19011101","time":"1200","status":"TS","lat":26.7,"lon":-65.3,"wind_kt":50,"pressure_mb":null},{"date":"19011101","time":"1800","status":"TS","lat":27.4,"lon":-64.9,"wind_kt":55,"pressure_mb":null},{"date":"19011102","time":"0000","status":"TS","lat":28,"lon":-64.6,"wind_kt":55,"pressure_mb":null},{"date":"19011102","time":"0600","status":"TS","lat":28.6,"lon":-64.2,"wind_kt":60,"pressure_mb":null},{"date":"19011102","time":"1200","status":"TS","lat":29.3,"lon":-63.5,"wind_kt":60,"pressure_mb":null},{"date":"19011102","time":"1800","status":"HU","lat":29.6,"lon":-62.8,"wind_kt":65,"pressure_mb":null},{"date":"19011103","time":"0000","status":"HU","lat":30,"lon":-62,"wind_kt":70,"pressure_mb":null},{"date":"19011103","time":"0600","status":"HU","lat":30.5,"lon":-61.1,"wind_kt":70,"pressure_mb":null},{"date":"19011103","time":"1200","status":"HU","lat":31.2,"lon":-60.3,"wind_kt":70,"pressure_mb":null},{"date":"19011103","time":"1800","status":"HU","lat":32.4,"lon":-59.1,"wind_kt":70,"pressure_mb":null},{"date":"19011104","time":"0000","status":"HU","lat":34,"lon":-58.1,"wind_kt":65,"pressure_mb":null},{"date":"19011104","time":"0600","status":"TS","lat":35.6,"lon":-57.1,"wind_kt":60,"pressure_mb":null},{"date":"19011104","time":"1200","status":"TS","lat":36.8,"lon":-56.3,"wind_kt":55,"pressure_mb":null},{"date":"19011104","time":"1800","status":"TS","lat":37.4,"lon":-55.7,"wind_kt":50,"pressure_mb":null},{"date":"19011105","time":"0000","status":"TS","lat":37.9,"lon":-55.5,"wind_kt":50,"pressure_mb":null},{"date":"19011105","time":"0600","status":"TS","lat":38.3,"lon":-55,"wind_kt":50,"pressure_mb":null},{"date":"19011105","time":"1200","status":"TS","lat":38.5,"lon":-54.5,"wind_kt":45,"pressure_mb":null},{"date":"19011105","time":"1800","status":"TS","lat":38.3,"lon":-53.4,"wind_kt":45,"pressure_mb":null},{"date":"19011106","time":"0000","status":"EX","lat":37.8,"lon":-52.5,"wind_kt":40,"pressure_mb":null},{"date":"19011106","time":"0600","status":"EX","lat":37.3,"lon":-51.5,"wind_kt":40,"pressure_mb":null},{"date":"19011106","time":"1200","status":"EX","lat":37,"lon":-50.5,"wind_kt":35,"pressure_mb":null},{"date":"19011106","time":"1800","status":"EX","lat":37,"lon":-49.2,"wind_kt":30,"pressure_mb":null}]}},{"type":"Feature","geometry":{"type":"LineString","coordinates":[[-84,17.7],[-83.6,19.1],[-83.3,20.7],[-83.1,22.2],[-83,23.8],[-83.2,24.9],[-83.5,25.9],[-83.8,26.9],[-84,28],[-83.9,29],[-83.7,29.8],[-83.6,30],[-83.2,31],[-82.5,32],[-81.7,33],[-80.7,34],[-79.5,35.2],[-78,36.7],[-74.9,38.6],[-71.5,41.9],[-68.2,45],[-66,47.5],[-64,49.4]]},"properties":{"id":"hur-al011902","event_type":"hurricane","name":null,"year":1902,"max_wind_kt":50,"min_pressure_mb":null,"category":0,"preliminary":false,"start_date":"19020612","end_date":"19020617","track":[{"date":"19020612","time":"1200","status":"TD","lat":17.7,"lon":-84,"wind_kt":30,"pressure_mb":null},{"date":"19020612","time":"1800","status":"TD","lat":19.1,"lon":-83.6,"wind_kt":30,"pressure_mb":null},{"date":"19020613","time":"0000","status":"TS","lat":20.7,"lon":-83.3,"wind_kt":35,"pressure_mb":null},{"date":"19020613","time":"0600","status":"TS","lat":22.2,"lon":-83.1,"wind_kt":40,"pressure_mb":null},{"date":"19020613","time":"1200","status":"TS","lat":23.8,"lon":-83,"wind_kt":45,"pressure_mb":null},{"date":"19020613","time":"1800","status":"TS","lat":24.9,"lon":-83.2,"wind_kt":50,"pressure_mb":null},{"date":"19020614","time":"0000","status":"TS","lat":25.9,"lon":-83.5,"wind_kt":50,"pressure_mb":null},{"date":"19020614","time":"0600","status":"TS","lat":26.9,"lon":-83.8,"wind_kt":50,"pressure_mb":null},{"date":"19020614","time":"1200","status":"TS","lat":28,"lon":-84,"wind_kt":50,"pressure_mb":null},{"date":"19020614","time":"1800","status":"TS","lat":29,"lon":-83.9,"wind_kt":50,"pressure_mb":null},{"date":"19020614","time":"2300","status":"TS","lat":29.8,"lon":-83.7,"wind_kt":50,"pressure_mb":null},{"date":"19020615","time":"0000","status":"TS","lat":30,"lon":-83.6,"wind_kt":45,"pressure_mb":null},{"date":"19020615","time":"0600","status":"TS","lat":31,"lon":-83.2,"wind_kt":40,"pressure_mb":null},{"date":"19020615","time":"1200","status":"TS","lat":32,"lon":-82.5,"wind_kt":35,"pressure_mb":null},{"date":"19020615","time":"1800","status":"TS","lat":33,"lon":-81.7,"wind_kt":35,"pressure_mb":null},{"date":"19020616","time":"0000","status":"TS","lat":34,"lon":-80.7,"wind_kt":35,"pressure_mb":null},{"date":"19020616","time":"0600","status":"TS","lat":35.2,"lon":-79.5,"wind_kt":35,"pressure_mb":null},{"date":"19020616","time":"1200","status":"EX","lat":36.7,"lon":-78,"wind_kt":40,"pressure_mb":null},{"date":"19020616","time":"1800","status":"EX","lat":38.6,"lon":-74.9,"wind_kt":40,"pressure_mb":null},{"date":"19020617","time":"0000","status":"EX","lat":41.9,"lon":-71.5,"wind_kt":35,"pressure_mb":null},{"date":"19020617","time":"0600","status":"EX","lat":45,"lon":-68.2,"wind_kt":35,"pressure_mb":null},{"date":"19020617","time":"1200","status":"EX","lat":47.5,"lon":-66,"wind_kt":30,"pressure_mb":null},{"date":"19020617","time":"1800","status":"EX","lat":49.4,"lon":-64,"wind_kt":30,"pressure_mb":null}]}},{"type":"Feature","geometry":{"type":"LineString","coordinates":[[-92.1,17.2],[-92.4,17.6],[-92.7,18],[-92.9,18.2],[-93,18.4],[-93.2,18.7],[-93.5,19],[-93.7,19.2],[-93.9,19.5],[-94.1,19.7],[-94.3,20],[-94.5,20.3],[-94.6,20.5],[-94.8,20.7],[-95,21],[-95.3,21.5],[-95.6,22.1],[-96,22.7],[-96.3,23.3],[-96.6,23.9],[-96.8,24.7],[-96.9,25.5],[-97,26.4],[-97.1,27.2],[-97.2,27.7],[-97.2,28.1],[-97.3,29],[-97.4,30],[-97.2,31.5],[-96.6,32.8],[-95.9,34.2],[-94.5,35.8],[-92.3,37.6],[-88.6,39.5],[-85.4,40.6],[-82,41.5],[-78.6,41.8]]},"properties":{"id":"hur-al021902","event_type":"hurricane","name":null,"year":1902,"max_wind_kt":70,"min_pressure_mb":null,"category":1,"preliminary":false,"start_date":"19020621","end_date":"19020629","track":[{"date":"19020621","time":"0000","status":"TD","lat":17.2,"lon":-92.1,"wind_kt":25,"pressure_mb":null},{"date":"19020621","time":"0600","status":"TD","lat":17.6,"lon":-92.4,"wind_kt":25,"pressure_mb":null},{"date":"19020621","time":"1200","status":"TD","lat":18,"lon":-92.7,"wind_kt":25,"pressure_mb":null},{"date":"19020621","time":"1800","status":"TD","lat":18.2,"lon":-92.9,"wind_kt":25,"pressure_mb":null},{"date":"19020622","time":"0000","status":"TD","lat":18.4,"lon":-93,"wind_kt":30,"pressure_mb":null},{"date":"19020622","time":"0600","status":"TD","lat":18.7,"lon":-93.2,"wind_kt":30,"pressure_mb":null},{"date":"19020622","time":"1200","status":"TD","lat":19,"lon":-93.5,"wind_kt":30,"pressure_mb":null},{"date":"19020622","time":"1800","status":"TD","lat":19.2,"lon":-93.7,"wind_kt":30,"pressure_mb":null},{"date":"19020623","time":"0000","status":"TD","lat":19.5,"lon":-93.9,"wind_kt":30,"pressure_mb":null},{"date":"19020623","time":"0600","status":"TD","lat":19.7,"lon":-94.1,"wind_kt":30,"pressure_mb":null},{"date":"19020623","time":"1200","status":"TD","lat":20,"lon":-94.3,"wind_kt":30,"pressure_mb":null},{"date":"19020623","time":"1800","status":"TD","lat":20.3,"lon":-94.5,"wind_kt":30,"pressure_mb":null},{"date":"19020624","time":"0000","status":"TD","lat":20.5,"lon":-94.6,"wind_kt":30,"pressure_mb":null},{"date":"19020624","time":"0600","status":"TD","lat":20.7,"lon":-94.8,"wind_kt":30,"pressure_mb":null},{"date":"19020624","time":"1200","status":"TS","lat":21,"lon":-95,"wind_kt":35,"pressure_mb":null},{"date":"19020624","time":"1800","status":"TS","lat":21.5,"lon":-95.3,"wind_kt":40,"pressure_mb":null},{"date":"19020625","time":"0000","status":"TS","lat":22.1,"lon":-95.6,"wind_kt":45,"pressure_mb":null},{"date":"19020625","time":"0600","status":"TS","lat":22.7,"lon":-96,"wind_kt":50,"pressure_mb":null},{"date":"19020625","time":"1200","status":"TS","lat":23.3,"lon":-96.3,"wind_kt":55,"pressure_mb":null},{"date":"19020625","time":"1800","status":"TS","lat":23.9,"lon":-96.6,"wind_kt":60,"pressure_mb":null},{"date":"19020626","time":"0000","status":"HU","lat":24.7,"lon":-96.8,"wind_kt":65,"pressure_mb":null},{"date":"19020626","time":"0600","status":"HU","lat":25.5,"lon":-96.9,"wind_kt":70,"pressure_mb":null},{"date":"19020626","time":"1200","status":"HU","lat":26.4,"lon":-97,"wind_kt":65,"pressure_mb":null},{"date":"19020626","time":"1800","status":"TS","lat":27.2,"lon":-97.1,"wind_kt":60,"pressure_mb":null},{"date":"19020626","time":"2100","status":"TS","lat":27.7,"lon":-97.2,"wind_kt":60,"pressure_mb":null},{"date":"19020627","time":"0000","status":"TS","lat":28.1,"lon":-97.2,"wind_kt":50,"pressure_mb":null},{"date":"19020627","time":"0600","status":"TS","lat":29,"lon":-97.3,"wind_kt":45,"pressure_mb":null},{"date":"19020627","time":"1200","status":"TS","lat":30,"lon":-97.4,"wind_kt":40,"pressure_mb":null},{"date":"19020627","time":"1800","status":"TS","lat":31.5,"lon":-97.2,"wind_kt":35,"pressure_mb":null},{"date":"19020628","time":"0000","status":"TS","lat":32.8,"lon":-96.6,"wind_kt":35,"pressure_mb":null},{"date":"19020628","time":"0600","status":"TS","lat":34.2,"lon":-95.9,"wind_kt":35,"pressure_mb":null},{"date":"19020628","time":"1200","status":"EX","lat":35.8,"lon":-94.5,"wind_kt":35,"pressure_mb":null},{"date":"19020628","time":"1800","status":"EX","lat":37.6,"lon":-92.3,"wind_kt":35,"pressure_mb":null},{"date":"19020629","time":"0000","status":"EX","lat":39.5,"lon":-88.6,"wind_kt":35,"pressure_mb":null},{"date":"19020629","time":"0600","status":"EX","lat":40.6,"lon":-85.4,"wind_kt":35,"pressure_mb":null},{"date":"19020629","time":"1200","status":"EX","lat":41.5,"lon":-82,"wind_kt":35,"pressure_mb":null},{"date":"19020629","time":"1800","status":"EX","lat":41.8,"lon":-78.6,"wind_kt":35,"pressure_mb":null}]}},{"type":"Feature","geometry":{"type":"LineString","coordinates":[[-30.8,7.7],[-32,8],[-33.2,8.5],[-34.5,9.2],[-36,9.8],[-37.5,10.4],[-38.9,10.9],[-40.3,11.4],[-41.7,11.9],[-43,12.3],[-44.4,12.6],[-46.1,13.1],[-47.7,13.6],[-49.3,14.3],[-50.9,15.3],[-52.3,16.8],[-53,18.9],[-53,21],[-52.6,22.9],[-51.7,24.7],[-50.5,26.5],[-49.5,28.3],[-48.4,30.2],[-47.3,32.1],[-46,33.6],[-44.8,34.8],[-42.9,35.8],[-41.4,36.8],[-39.9,37.8],[-38.5,38.7],[-37.1,39.5],[-35.8,40.4],[-34.5,41.3],[-33.1,42.3],[-31.7,44],[-30.4,45.7],[-29.6,47.6],[-28.8,49.8],[-29.2,51.6]]},"properties":{"id":"hur-al031902","event_type":"hurricane","name":null,"year":1902,"max_wind_kt":85,"min_pressure_mb":null,"category":2,"preliminary":false,"start_date":"19020916","end_date":"19020925","track":[{"date":"19020916","time":"0600","status":"TS","lat":7.7,"lon":-30.8,"wind_kt":35,"pressure_mb":null},{"date":"19020916","time":"1200","status":"TS","lat":8,"lon":-32,"wind_kt":35,"pressure_mb":null},{"date":"19020916","time":"1800","status":"TS","lat":8.5,"lon":-33.2,"wind_kt":35,"pressure_mb":null},{"date":"19020917","time":"0000","status":"TS","lat":9.2,"lon":-34.5,"wind_kt":35,"pressure_mb":null},{"date":"19020917","time":"0600","status":"TS","lat":9.8,"lon":-36,"wind_kt":35,"pressure_mb":null},{"date":"19020917","time":"1200","status":"TS","lat":10.4,"lon":-37.5,"wind_kt":35,"pressure_mb":null},{"date":"19020917","time":"1800","status":"TS","lat":10.9,"lon":-38.9,"wind_kt":35,"pressure_mb":null},{"date":"19020918","time":"0000","status":"TS","lat":11.4,"lon":-40.3,"wind_kt":40,"pressure_mb":null},{"date":"19020918","time":"0600","status":"TS","lat":11.9,"lon":-41.7,"wind_kt":40,"pressure_mb":null},{"date":"19020918","time":"1200","status":"TS","lat":12.3,"lon":-43,"wind_kt":40,"pressure_mb":null},{"date":"19020918","time":"1800","status":"TS","lat":12.6,"lon":-44.4,"wind_kt":45,"pressure_mb":null},{"date":"19020919","time":"0000","status":"TS","lat":13.1,"lon":-46.1,"wind_kt":50,"pressure_mb":null},{"date":"19020919","time":"0600","status":"TS","lat":13.6,"lon":-47.7,"wind_kt":50,"pressure_mb":null},{"date":"19020919","time":"1200","status":"TS","lat":14.3,"lon":-49.3,"wind_kt":55,"pressure_mb":null},{"date":"19020919","time":"1800","status":"TS","lat":15.3,"lon":-50.9,"wind_kt":60,"pressure_mb":null},{"date":"19020920","time":"0000","status":"HU","lat":16.8,"lon":-52.3,"wind_kt":65,"pressure_mb":null},{"date":"19020920","time":"0600","status":"HU","lat":18.9,"lon":-53,"wind_kt":70,"pressure_mb":null},{"date":"19020920","time":"1200","status":"HU","lat":21,"lon":-53,"wind_kt":75,"pressure_mb":null},{"date":"19020920","time":"1800","status":"HU","lat":22.9,"lon":-52.6,"wind_kt":80,"pressure_mb":null},{"date":"19020921","time":"0000","status":"HU","lat":24.7,"lon":-51.7,"wind_kt":85,"pressure_mb":null},{"date":"19020921","time":"0600","status":"HU","lat":26.5,"lon":-50.5,"wind_kt":85,"pressure_mb":null},{"date":"19020921","time":"1200","status":"HU","lat":28.3,"lon":-49.5,"wind_kt":85,"pressure_mb":null},{"date":"19020921","time":"1800","status":"HU","lat":30.2,"lon":-48.4,"wind_kt":85,"pressure_mb":null},{"date":"19020922","time":"0000","status":"HU","lat":32.1,"lon":-47.3,"wind_kt":80,"pressure_mb":null},{"date":"19020922","time":"0600","status":"HU","lat":33.6,"lon":-46,"wind_kt":75,"pressure_mb":null},{"date":"19020922","time":"1200","status":"EX","lat":34.8,"lon":-44.8,"wind_kt":75,"pressure_mb":null},{"date":"19020922","time":"1800","status":"EX","lat":35.8,"lon":-42.9,"wind_kt":70,"pressure_mb":null},{"date":"19020923","time":"0000","status":"EX","lat":36.8,"lon":-41.4,"wind_kt":65,"pressure_mb":null},{"date":"19020923","time":"0600","status":"EX","lat":37.8,"lon":-39.9,"wind_kt":65,"pressure_mb":null},{"date":"19020923","time":"1200","status":"EX","lat":38.7,"lon":-38.5,"wind_kt":60,"pressure_mb":null},{"date":"19020923","time":"1800","status":"EX","lat":39.5,"lon":-37.1,"wind_kt":55,"pressure_mb":null},{"date":"19020924","time":"0000","status":"EX","lat":40.4,"lon":-35.8,"wind_kt":55,"pressure_mb":null},{"date":"19020924","time":"0600","status":"EX","lat":41.3,"lon":-34.5,"wind_kt":50,"pressure_mb":null},{"date":"19020924","time":"1200","status":"EX","lat":42.3,"lon":-33.1,"wind_kt":50,"pressure_mb":null},{"date":"19020924","time":"1800","status":"EX","lat":44,"lon":-31.7,"wind_kt":45,"pressure_mb":null},{"date":"19020925","time":"0000","status":"EX","lat":45.7,"lon":-30.4,"wind_kt":45,"pressure_mb":null},{"date":"19020925","time":"0600","status":"EX","lat":47.6,"lon":-29.6,"wind_kt":45,"pressure_mb":null},{"date":"19020925","time":"1200","status":"EX","lat":49.8,"lon":-28.8,"wind_kt":40,"pressure_mb":null},{"date":"19020925","time":"1800","status":"EX","lat":51.6,"lon":-29.2,"wind_kt":40,"pressure_mb":null}]}},{"type":"Feature","geometry":{"type":"LineString","coordinates":[[-93.8,14],[-94,14.5],[-94.2,15],[-94.3,15.5],[-94.4,16],[-94.5,16.5],[-94.6,17],[-94.7,17.5],[-94.8,18],[-94.9,18.5],[-94.9,18.7],[-94.7,18.8],[-94.4,18.9],[-94,19.1],[-93.7,19.3],[-93.3,19.5],[-92.9,19.7],[-92.5,20],[-92,20.3],[-91.5,20.7],[-91.1,21.1],[-90.8,21.5],[-90.5,22],[-90.2,22.7],[-90,23.4],[-89.9,23.9],[-89.7,24.5],[-89.5,25.3],[-89.1,26.2],[-88.8,27.1],[-88.5,28],[-87.8,29.4],[-87.3,30.3],[-86.9,31],[-85.9,32.5],[-84.8,33.7],[-82.8,34.9],[-80.5,36.4],[-78,37.6],[-72.8,38.8],[-69.1,39.9],[-65.5,40.9],[-61,41.9],[-55.1,42.8]]},"properties":{"id":"hur-al041902","event_type":"hurricane","name":null,"year":1902,"max_wind_kt":90,"min_pressure_mb":970,"category":2,"preliminary":false,"start_date":"19021003","end_date":"19021013","track":[{"date":"19021003","time":"0000","status":"TD","lat":14,"lon":-93.8,"wind_kt":30,"pressure_mb":null},{"date":"19021003","time":"0600","status":"TD","lat":14.5,"lon":-94,"wind_kt":30,"pressure_mb":null},{"date":"19021003","time":"1200","status":"TD","lat":15,"lon":-94.2,"wind_kt":30,"pressure_mb":null},{"date":"19021003","time":"1800","status":"TD","lat":15.5,"lon":-94.3,"wind_kt":30,"pressure_mb":null},{"date":"19021004","time":"0000","status":"TD","lat":16,"lon":-94.4,"wind_kt":30,"pressure_mb":null},{"date":"19021004","time":"0600","status":"TD","lat":16.5,"lon":-94.5,"wind_kt":30,"pressure_mb":null},{"date":"19021004","time":"1200","status":"TD","lat":17,"lon":-94.6,"wind_kt":30,"pressure_mb":null},{"date":"19021004","time":"1800","status":"TD","lat":17.5,"lon":-94.7,"wind_kt":30,"pressure_mb":null},{"date":"19021005","time":"0000","status":"TD","lat":18,"lon":-94.8,"wind_kt":30,"pressure_mb":null},{"date":"19021005","time":"0600","status":"TD","lat":18.5,"lon":-94.9,"wind_kt":30,"pressure_mb":null},{"date":"19021005","time":"1200","status":"TS","lat":18.7,"lon":-94.9,"wind_kt":35,"pressure_mb":null},{"date":"19021005","time":"1800","status":"TS","lat":18.8,"lon":-94.7,"wind_kt":45,"pressure_mb":null},{"date":"19021006","time":"0000","status":"TS","lat":18.9,"lon":-94.4,"wind_kt":55,"pressure_mb":null},{"date":"19021006","time":"0600","status":"TS","lat":19.1,"lon":-94,"wind_kt":60,"pressure_mb":null},{"date":"19021006","time":"1200","status":"HU","lat":19.3,"lon":-93.7,"wind_kt":65,"pressure_mb":null},{"date":"19021006","time":"1800","status":"HU","lat":19.5,"lon":-93.3,"wind_kt":75,"pressure_mb":null},{"date":"19021007","time":"0000","status":"HU","lat":19.7,"lon":-92.9,"wind_kt":85,"pressure_mb":null},{"date":"19021007","time":"0600","status":"HU","lat":20,"lon":-92.5,"wind_kt":90,"pressure_mb":970},{"date":"19021007","time":"1200","status":"HU","lat":20.3,"lon":-92,"wind_kt":90,"pressure_mb":null},{"date":"19021007","time":"1800","status":"HU","lat":20.7,"lon":-91.5,"wind_kt":90,"pressure_mb":null},{"date":"19021008","time":"0000","status":"HU","lat":21.1,"lon":-91.1,"wind_kt":90,"pressure_mb":null},{"date":"19021008","time":"0600","status":"HU","lat":21.5,"lon":-90.8,"wind_kt":90,"pressure_mb":null},{"date":"19021008","time":"1200","status":"HU","lat":22,"lon":-90.5,"wind_kt":90,"pressure_mb":null},{"date":"19021008","time":"1800","status":"HU","lat":22.7,"lon":-90.2,"wind_kt":90,"pressure_mb":null},{"date":"19021009","time":"0000","status":"HU","lat":23.4,"lon":-90,"wind_kt":90,"pressure_mb":null},{"date":"19021009","time":"0600","status":"HU","lat":23.9,"lon":-89.9,"wind_kt":85,"pressure_mb":null},{"date":"19021009","time":"1200","status":"HU","lat":24.5,"lon":-89.7,"wind_kt":80,"pressure_mb":null},{"date":"19021009","time":"1800","status":"HU","lat":25.3,"lon":-89.5,"wind_kt":70,"pressure_mb":null},{"date":"19021010","time":"0000","status":"HU","lat":26.2,"lon":-89.1,"wind_kt":65,"pressure_mb":null},{"date":"19021010","time":"0600","status":"TS","lat":27.1,"lon":-88.8,"wind_kt":60,"pressure_mb":null},{"date":"19021010","time":"1200","status":"TS","lat":28,"lon":-88.5,"wind_kt":55,"pressure_mb":null},{"date":"19021010","time":"1800","status":"TS","lat":29.4,"lon":-87.8,"wind_kt":50,"pressure_mb":null},{"date":"19021010","time":"2100","status":"TS","lat":30.3,"lon":-87.3,"wind_kt":50,"pressure_mb":null},{"date":"19021011","time":"0000","status":"TS","lat":31,"lon":-86.9,"wind_kt":40,"pressure_mb":null},{"date":"19021011","time":"0600","status":"EX","lat":32.5,"lon":-85.9,"wind_kt":35,"pressure_mb":null},{"date":"19021011","time":"1200","status":"EX","lat":33.7,"lon":-84.8,"wind_kt":35,"pressure_mb":null},{"date":"19021011","time":"1800","status":"EX","lat":34.9,"lon":-82.8,"wind_kt":35,"pressure_mb":null},{"date":"19021012","time":"0000","status":"EX","lat":36.4,"lon":-80.5,"wind_kt":35,"pressure_mb":null},{"date":"19021012","time":"0600","status":"EX","lat":37.6,"lon":-78,"wind_kt":35,"pressure_mb":null},{"date":"19021012","time":"1200","status":"EX","lat":38.8,"lon":-72.8,"wind_kt":35,"pressure_mb":null},{"date":"19021012","time":"1800","status":"EX","lat":39.9,"lon":-69.1,"wind_kt":35,"pressure_mb":null},{"date":"19021013","time":"0000","status":"EX","lat":40.9,"lon":-65.5,"wind_kt":35,"pressure_mb":null},{"date":"19021013","time":"0600","status":"EX","lat":41.9,"lon":-61,"wind_kt":40,"pressure_mb":null},{"date":"19021013","time":"1200","status":"EX","lat":42.8,"lon":-55.1,"wind_kt":40,"pressure_mb":null}]}},{"type":"Feature","geometry":{"type":"LineString","coordinates":[[-67.3,20],[-68.3,21],[-67.3,22.5],[-66.3,24.6],[-65.3,26.6],[-63.9,28.7],[-62.6,30.5],[-61.3,31.8],[-60.3,32.7],[-59.2,33.5],[-58,34.3],[-57.2,34.8],[-56.5,35.2],[-55.7,35.7],[-55,36],[-53.8,36.3],[-52.8,36.6],[-51.9,36.8],[-51,37],[-49.8,37.1],[-48.6,37.1],[-47.4,37],[-46.5,37],[-45.4,37.1]]},"properties":{"id":"hur-al051902","event_type":"hurricane","name":null,"year":1902,"max_wind_kt":60,"min_pressure_mb":null,"category":0,"preliminary":false,"start_date":"19021101","end_date":"19021106","track":[{"date":"19021101","time":"0000","status":"TD","lat":20,"lon":-67.3,"wind_kt":30,"pressure_mb":null},{"date":"19021101","time":"0600","status":"TD","lat":21,"lon":-68.3,"wind_kt":30,"pressure_mb":null},{"date":"19021101","time":"1200","status":"TS","lat":22.5,"lon":-67.3,"wind_kt":35,"pressure_mb":null},{"date":"19021101","time":"1800","status":"TS","lat":24.6,"lon":-66.3,"wind_kt":35,"pressure_mb":null},{"date":"19021102","time":"0000","status":"TS","lat":26.6,"lon":-65.3,"wind_kt":35,"pressure_mb":null},{"date":"19021102","time":"0600","status":"TS","lat":28.7,"lon":-63.9,"wind_kt":40,"pressure_mb":null},{"date":"19021102","time":"1200","status":"TS","lat":30.5,"lon":-62.6,"wind_kt":45,"pressure_mb":null},{"date":"19021102","time":"1800","status":"TS","lat":31.8,"lon":-61.3,"wind_kt":50,"pressure_mb":null},{"date":"19021103","time":"0000","status":"TS","lat":32.7,"lon":-60.3,"wind_kt":55,"pressure_mb":null},{"date":"19021103","time":"0600","status":"TS","lat":33.5,"lon":-59.2,"wind_kt":60,"pressure_mb":null},{"date":"19021103","time":"1200","status":"TS","lat":34.3,"lon":-58,"wind_kt":60,"pressure_mb":null},{"date":"19021103","time":"1800","status":"TS","lat":34.8,"lon":-57.2,"wind_kt":60,"pressure_mb":null},{"date":"19021104","time":"0000","status":"TS","lat":35.2,"lon":-56.5,"wind_kt":60,"pressure_mb":null},{"date":"19021104","time":"0600","status":"TS","lat":35.7,"lon":-55.7,"wind_kt":55,"pressure_mb":null},{"date":"19021104","time":"1200","status":"TS","lat":36,"lon":-55,"wind_kt":50,"pressure_mb":null},{"date":"19021104","time":"1800","status":"TS","lat":36.3,"lon":-53.8,"wind_kt":50,"pressure_mb":null},{"date":"19021105","time":"0000","status":"TS","lat":36.6,"lon":-52.8,"wind_kt":50,"pressure_mb":null},{"date":"19021105","time":"0600","status":"TS","lat":36.8,"lon":-51.9,"wind_kt":50,"pressure_mb":null},{"date":"19021105","time":"1200","status":"TS","lat":37,"lon":-51,"wind_kt":50,"pressure_mb":null},{"date":"19021105","time":"1800","status":"TS","lat":37.1,"lon":-49.8,"wind_kt":40,"pressure_mb":null},{"date":"19021106","time":"0000","status":"TS","lat":37.1,"lon":-48.6,"wind_kt":35,"pressure_mb":null},{"date":"19021106","time":"0600","status":"TD","lat":37,"lon":-47.4,"wind_kt":30,"pressure_mb":null},{"date":"19021106","time":"1200","status":"TD","lat":37,"lon":-46.5,"wind_kt":25,"pressure_mb":null},{"date":"19021106","time":"1800","status":"TD","lat":37.1,"lon":-45.4,"wind_kt":20,"pressure_mb":null}]}},{"type":"Feature","geometry":{"type":"LineString","coordinates":[[-67.8,20],[-68.9,20.7],[-70,21.5],[-71.2,22.5],[-72.6,23.7],[-73.8,24.9],[-75,26.5],[-75.5,27.6],[-75.6,28.8],[-75.4,29.9],[-75,31],[-73.6,32.2],[-71.6,33.4],[-70.1,34.3],[-68.5,35.3],[-66.9,36.4],[-65.2,37.3],[-63.6,37.9],[-61.5,38.5],[-58,39.3],[-54.7,39.9],[-51.4,40.5],[-48.5,41],[-45.7,41.4]]},"properties":{"id":"hur-al011903","event_type":"hurricane","name":null,"year":1903,"max_wind_kt":70,"min_pressure_mb":null,"category":1,"preliminary":false,"start_date":"19030721","end_date":"19030726","track":[{"date":"19030721","time":"0000","status":"TS","lat":20,"lon":-67.8,"wind_kt":35,"pressure_mb":null},{"date":"19030721","time":"0600","status":"TS","lat":20.7,"lon":-68.9,"wind_kt":35,"pressure_mb":null},{"date":"19030721","time":"1200","status":"TS","lat":21.5,"lon":-70,"wind_kt":35,"pressure_mb":null},{"date":"19030721","time":"1800","status":"TS","lat":22.5,"lon":-71.2,"wind_kt":35,"pressure_mb":null},{"date":"19030722","time":"0000","status":"TS","lat":23.7,"lon":-72.6,"wind_kt":35,"pressure_mb":null},{"date":"19030722","time":"0600","status":"TS","lat":24.9,"lon":-73.8,"wind_kt":35,"pressure_mb":null},{"date":"19030722","time":"1200","status":"TS","lat":26.5,"lon":-75,"wind_kt":40,"pressure_mb":null},{"date":"19030722","time":"1800","status":"TS","lat":27.6,"lon":-75.5,"wind_kt":40,"pressure_mb":null},{"date":"19030723","time":"0000","status":"TS","lat":28.8,"lon":-75.6,"wind_kt":45,"pressure_mb":null},{"date":"19030723","time":"0600","status":"TS","lat":29.9,"lon":-75.4,"wind_kt":50,"pressure_mb":null},{"date":"19030723","time":"1200","status":"TS","lat":31,"lon":-75,"wind_kt":55,"pressure_mb":null},{"date":"19030723","time":"1800","status":"TS","lat":32.2,"lon":-73.6,"wind_kt":60,"pressure_mb":null},{"date":"19030724","time":"0000","status":"HU","lat":33.4,"lon":-71.6,"wind_kt":65,"pressure_mb":null},{"date":"19030724","time":"0600","status":"HU","lat":34.3,"lon":-70.1,"wind_kt":70,"pressure_mb":null},{"date":"19030724","time":"1200","status":"HU","lat":35.3,"lon":-68.5,"wind_kt":70,"pressure_mb":null},{"date":"19030724","time":"1800","status":"HU","lat":36.4,"lon":-66.9,"wind_kt":70,"pressure_mb":null},{"date":"19030725","time":"0000","status":"HU","lat":37.3,"lon":-65.2,"wind_kt":70,"pressure_mb":null},{"date":"19030725","time":"0600","status":"HU","lat":37.9,"lon":-63.6,"wind_kt":65,"pressure_mb":null},{"date":"19030725","time":"1200","status":"TS","lat":38.5,"lon":-61.5,"wind_kt":60,"pressure_mb":null},{"date":"19030725","time":"1800","status":"TS","lat":39.3,"lon":-58,"wind_kt":55,"pressure_mb":null},{"date":"19030726","time":"0000","status":"TS","lat":39.9,"lon":-54.7,"wind_kt":50,"pressure_mb":null},{"date":"19030726","time":"0600","status":"EX","lat":40.5,"lon":-51.4,"wind_kt":50,"pressure_mb":null},{"date":"19030726","time":"1200","status":"EX","lat":41,"lon":-48.5,"wind_kt":45,"pressure_mb":null},{"date":"19030726","time":"1800","status":"EX","lat":41.4,"lon":-45.7,"wind_kt":40,"pressure_mb":null}]}},{"type":"Feature","geometry":{"type":"LineString","coordinates":[[-42.3,11.8],[-43.5,12],[-44.7,12.3],[-46,12.6],[-47.5,13.1],[-49,13.5],[-50.9,13.7],[-52.6,13.8],[-54.1,13.8],[-56,14],[-57.8,14.3],[-59.8,14.4],[-61.4,14.5],[-63,14.7],[-64.7,14.9],[-66.4,15.2],[-68.2,15.6],[-70,16],[-72,16.6],[-73.8,17.2],[-75.6,17.7],[-77.3,18.3],[-78.7,18.6],[-80,19],[-81.1,19.4],[-82.5,19.7],[-84,20.1],[-85.6,20.4],[-87.3,20.8],[-88.4,21],[-89.4,21.2],[-90.4,21.4],[-91.4,21.7],[-92.5,22],[-93.4,22.1],[-94.3,22.3],[-95.1,22.6],[-96,23],[-96.8,23.1],[-97.6,23],[-98.3,22.8],[-99,22.5],[-99.6,22]]},"properties":{"id":"hur-al021903","event_type":"hurricane","name":null,"year":1903,"max_wind_kt":105,"min_pressure_mb":958,"category":3,"preliminary":false,"start_date":"19030806","end_date":"19030816","track":[{"date":"19030806","time":"0600","status":"TS","lat":11.8,"lon":-42.3,"wind_kt":50,"pressure_mb":null},{"date":"19030806","time":"1200","status":"TS","lat":12,"lon":-43.5,"wind_kt":50,"pressure_mb":null},{"date":"19030806","time":"1800","status":"TS","lat":12.3,"lon":-44.7,"wind_kt":50,"pressure_mb":null},{"date":"19030807","time":"0000","status":"TS","lat":12.6,"lon":-46,"wind_kt":55,"pressure_mb":null},{"date":"19030807","time":"0600","status":"HU","lat":13.1,"lon":-47.5,"wind_kt":65,"pressure_mb":null},{"date":"19030807","time":"1200","status":"HU","lat":13.5,"lon":-49,"wind_kt":70,"pressure_mb":null},{"date":"19030807","time":"1800","status":"HU","lat":13.7,"lon":-50.9,"wind_kt":70,"pressure_mb":null},{"date":"19030808","time":"0000","status":"HU","lat":13.8,"lon":-52.6,"wind_kt":70,"pressure_mb":null},{"date":"19030808","time":"0600","status":"HU","lat":13.8,"lon":-54.1,"wind_kt":70,"pressure_mb":null},{"date":"19030808","time":"1200","status":"HU","lat":14,"lon":-56,"wind_kt":70,"pressure_mb":null},{"date":"19030808","time":"1800","status":"HU","lat":14.3,"lon":-57.8,"wind_kt":75,"pressure_mb":null},{"date":"19030809","time":"0000","status":"HU","lat":14.4,"lon":-59.8,"wind_kt":80,"pressure_mb":null},{"date":"19030809","time":"0600","status":"HU","lat":14.5,"lon":-61.4,"wind_kt":90,"pressure_mb":970},{"date":"19030809","time":"1200","status":"HU","lat":14.7,"lon":-63,"wind_kt":100,"pressure_mb":null},{"date":"19030809","time":"1800","status":"HU","lat":14.9,"lon":-64.7,"wind_kt":105,"pressure_mb":null},{"date":"19030810","time":"0000","status":"HU","lat":15.2,"lon":-66.4,"wind_kt":105,"pressure_mb":null},{"date":"19030810","time":"0600","status":"HU","lat":15.6,"lon":-68.2,"wind_kt":105,"pressure_mb":null},{"date":"19030810","time":"1200","status":"HU","lat":16,"lon":-70,"wind_kt":105,"pressure_mb":null},{"date":"19030810","time":"1800","status":"HU","lat":16.6,"lon":-72,"wind_kt":105,"pressure_mb":null},{"date":"19030811","time":"0000","status":"HU","lat":17.2,"lon":-73.8,"wind_kt":105,"pressure_mb":null},{"date":"19030811","time":"0600","status":"HU","lat":17.7,"lon":-75.6,"wind_kt":105,"pressure_mb":null},{"date":"19030811","time":"1200","status":"HU","lat":18.3,"lon":-77.3,"wind_kt":105,"pressure_mb":null},{"date":"19030811","time":"1800","status":"HU","lat":18.6,"lon":-78.7,"wind_kt":105,"pressure_mb":null},{"date":"19030812","time":"0000","status":"HU","lat":19,"lon":-80,"wind_kt":105,"pressure_mb":null},{"date":"19030812","time":"0600","status":"HU","lat":19.4,"lon":-81.1,"wind_kt":105,"pressure_mb":958},{"date":"19030812","time":"1200","status":"HU","lat":19.7,"lon":-82.5,"wind_kt":105,"pressure_mb":null},{"date":"19030812","time":"1800","status":"HU","lat":20.1,"lon":-84,"wind_kt":105,"pressure_mb":null},{"date":"19030813","time":"0000","status":"HU","lat":20.4,"lon":-85.6,"wind_kt":105,"pressure_mb":null},{"date":"19030813","time":"0600","status":"HU","lat":20.8,"lon":-87.3,"wind_kt":85,"pressure_mb":null},{"date":"19030813","time":"1200","status":"HU","lat":21,"lon":-88.4,"wind_kt":70,"pressure_mb":null},{"date":"19030813","time":"1800","status":"HU","lat":21.2,"lon":-89.4,"wind_kt":65,"pressure_mb":null},{"date":"19030814","time":"0000","status":"HU","lat":21.4,"lon":-90.4,"wind_kt":70,"pressure_mb":null},{"date":"19030814","time":"0600","status":"HU","lat":21.7,"lon":-91.4,"wind_kt":70,"pressure_mb":null},{"date":"19030814","time":"1200","status":"HU","lat":22,"lon":-92.5,"wind_kt":70,"pressure_mb":null},{"date":"19030814","time":"1800","status":"HU","lat":22.1,"lon":-93.4,"wind_kt":70,"pressure_mb":null},{"date":"19030815","time":"0000","status":"HU","lat":22.3,"lon":-94.3,"wind_kt":70,"pressure_mb":null},{"date":"19030815","time":"0600","status":"HU","lat":22.6,"lon":-95.1,"wind_kt":70,"pressure_mb":986},{"date":"19030815","time":"1200","status":"HU","lat":23,"lon":-96,"wind_kt":70,"pressure_mb":null},{"date":"19030815","time":"1800","status":"HU","lat":23.1,"lon":-96.8,"wind_kt":70,"pressure_mb":null},{"date":"19030816","time":"0000","status":"HU","lat":23,"lon":-97.6,"wind_kt":70,"pressure_mb":null},{"date":"19030816","time":"0600","status":"TS","lat":22.8,"lon":-98.3,"wind_kt":50,"pressure_mb":null},{"date":"19030816","time":"1200","status":"TS","lat":22.5,"lon":-99,"wind_kt":40,"pressure_mb":null},{"date":"19030816","time":"1800","status":"TS","lat":22,"lon":-99.6,"wind_kt":35,"pressure_mb":null}]}},{"type":"Feature","geometry":{"type":"LineString","coordinates":[[-72.4,21.4],[-73.4,21.8],[-74,22.2],[-74.7,22.6],[-75.3,23.2],[-76,23.8],[-76.7,24.5],[-77.5,25.1],[-78.2,25.5],[-78.9,25.7],[-79.6,25.9],[-80.1,26.1],[-80.3,26.2],[-81.2,26.7],[-82.1,27.3],[-82.9,27.7],[-83.6,28.1],[-84.2,28.5],[-84.8,28.9],[-85.3,29.5],[-85.6,30.1],[-85.7,30.3],[-85.9,31],[-86,31.6],[-86,32],[-85.9,32.4],[-85.6,32.7],[-85.3,33],[-84.9,33.3],[-84.3,33.6],[-83.7,33.8],[-83,34],[-82.3,33.9]]},"properties":{"id":"hur-al031903","event_type":"hurricane","name":null,"year":1903,"max_wind_kt":80,"min_pressure_mb":976,"category":1,"preliminary":false,"start_date":"19030909","end_date":"19030916","track":[{"date":"19030909","time":"0600","status":"TS","lat":21.4,"lon":-72.4,"wind_kt":50,"pressure_mb":null},{"date":"19030909","time":"1200","status":"TS","lat":21.8,"lon":-73.4,"wind_kt":50,"pressure_mb":null},{"date":"19030909","time":"1800","status":"TS","lat":22.2,"lon":-74,"wind_kt":50,"pressure_mb":null},{"date":"19030910","time":"0000","status":"TS","lat":22.6,"lon":-74.7,"wind_kt":55,"pressure_mb":null},{"date":"19030910","time":"0600","status":"TS","lat":23.2,"lon":-75.3,"wind_kt":60,"pressure_mb":null},{"date":"19030910","time":"1200","status":"HU","lat":23.8,"lon":-76,"wind_kt":65,"pressure_mb":null},{"date":"19030910","time":"1800","status":"HU","lat":24.5,"lon":-76.7,"wind_kt":70,"pressure_mb":null},{"date":"19030911","time":"0000","status":"HU","lat":25.1,"lon":-77.5,"wind_kt":75,"pressure_mb":null},{"date":"19030911","time":"0600","status":"HU","lat":25.5,"lon":-78.2,"wind_kt":75,"pressure_mb":null},{"date":"19030911","time":"1200","status":"HU","lat":25.7,"lon":-78.9,"wind_kt":75,"pressure_mb":null},{"date":"19030911","time":"1800","status":"HU","lat":25.9,"lon":-79.6,"wind_kt":75,"pressure_mb":976},{"date":"19030911","time":"2300","status":"HU","lat":26.1,"lon":-80.1,"wind_kt":75,"pressure_mb":976},{"date":"19030912","time":"0000","status":"HU","lat":26.2,"lon":-80.3,"wind_kt":70,"pressure_mb":null},{"date":"19030912","time":"0600","status":"TS","lat":26.7,"lon":-81.2,"wind_kt":60,"pressure_mb":null},{"date":"19030912","time":"1200","status":"TS","lat":27.3,"lon":-82.1,"wind_kt":55,"pressure_mb":988},{"date":"19030912","time":"1800","status":"TS","lat":27.7,"lon":-82.9,"wind_kt":50,"pressure_mb":null},{"date":"19030913","time":"0000","status":"TS","lat":28.1,"lon":-83.6,"wind_kt":60,"pressure_mb":null},{"date":"19030913","time":"0600","status":"HU","lat":28.5,"lon":-84.2,"wind_kt":70,"pressure_mb":null},{"date":"19030913","time":"1200","status":"HU","lat":28.9,"lon":-84.8,"wind_kt":80,"pressure_mb":null},{"date":"19030913","time":"1800","status":"HU","lat":29.5,"lon":-85.3,"wind_kt":80,"pressure_mb":null},{"date":"19030913","time":"2300","status":"HU","lat":30.1,"lon":-85.6,"wind_kt":80,"pressure_mb":null},{"date":"19030914","time":"0000","status":"HU","lat":30.3,"lon":-85.7,"wind_kt":80,"pressure_mb":null},{"date":"19030914","time":"0600","status":"TS","lat":31,"lon":-85.9,"wind_kt":60,"pressure_mb":null},{"date":"19030914","time":"1200","status":"TS","lat":31.6,"lon":-86,"wind_kt":45,"pressure_mb":null},{"date":"19030914","time":"1800","status":"TS","lat":32,"lon":-86,"wind_kt":35,"pressure_mb":null},{"date":"19030915","time":"0000","status":"TS","lat":32.4,"lon":-85.9,"wind_kt":35,"pressure_mb":null},{"date":"19030915","time":"0600","status":"TS","lat":32.7,"lon":-85.6,"wind_kt":35,"pressure_mb":null},{"date":"19030915","time":"1200","status":"TS","lat":33,"lon":-85.3,"wind_kt":35,"pressure_mb":null},{"date":"19030915","time":"1800","status":"TS","lat":33.3,"lon":-84.9,"wind_kt":35,"pressure_mb":null},{"date":"19030916","time":"0000","status":"TD","lat":33.6,"lon":-84.3,"wind_kt":30,"pressure_mb":null},{"date":"19030916","time":"0600","status":"TD","lat":33.8,"lon":-83.7,"wind_kt":30,"pressure_mb":null},{"date":"19030916","time":"1200","status":"TD","lat":34,"lon":-83,"wind_kt":30,"pressure_mb":null},{"date":"19030916","time":"1800","status":"TD","lat":33.9,"lon":-82.3,"wind_kt":30,"pressure_mb":null}]}},{"type":"Feature","geometry":{"type":"LineString","coordinates":[[-55.6,22.5],[-56.4,23.3],[-57.3,24.2],[-58.7,25.4],[-60.4,26.5],[-62.2,27.4],[-64,28],[-65.2,28.4],[-66.5,28.8],[-67.8,29.1],[-69,29.5],[-70.3,30.1],[-71.5,30.8],[-72.6,31.6],[-73.3,32.5],[-74,34.1],[-74.5,36.2],[-74.6,38],[-74.7,39.1],[-74.7,39.3],[-75,40.3],[-75.5,41.1],[-76.3,41.9],[-77,43],[-77,44.8]]},"properties":{"id":"hur-al041903","event_type":"hurricane","name":null,"year":1903,"max_wind_kt":85,"min_pressure_mb":990,"category":2,"preliminary":false,"start_date":"19030912","end_date":"19030917","track":[{"date":"19030912","time":"0000","status":"TS","lat":22.5,"lon":-55.6,"wind_kt":60,"pressure_mb":null},{"date":"19030912","time":"0600","status":"TS","lat":23.3,"lon":-56.4,"wind_kt":60,"pressure_mb":null},{"date":"19030912","time":"1200","status":"TS","lat":24.2,"lon":-57.3,"wind_kt":60,"pressure_mb":null},{"date":"19030912","time":"1800","status":"TS","lat":25.4,"lon":-58.7,"wind_kt":60,"pressure_mb":null},{"date":"19030913","time":"0000","status":"TS","lat":26.5,"lon":-60.4,"wind_kt":60,"pressure_mb":null},{"date":"19030913","time":"0600","status":"TS","lat":27.4,"lon":-62.2,"wind_kt":60,"pressure_mb":null},{"date":"19030913","time":"1200","status":"TS","lat":28,"lon":-64,"wind_kt":60,"pressure_mb":null},{"date":"19030913","time":"1800","status":"TS","lat":28.4,"lon":-65.2,"wind_kt":60,"pressure_mb":null},{"date":"19030914","time":"0000","status":"TS","lat":28.8,"lon":-66.5,"wind_kt":60,"pressure_mb":null},{"date":"19030914","time":"0600","status":"TS","lat":29.1,"lon":-67.8,"wind_kt":60,"pressure_mb":null},{"date":"19030914","time":"1200","status":"TS","lat":29.5,"lon":-69,"wind_kt":60,"pressure_mb":null},{"date":"19030914","time":"1800","status":"HU","lat":30.1,"lon":-70.3,"wind_kt":65,"pressure_mb":null},{"date":"19030915","time":"0000","status":"HU","lat":30.8,"lon":-71.5,"wind_kt":70,"pressure_mb":null},{"date":"19030915","time":"0600","status":"HU","lat":31.6,"lon":-72.6,"wind_kt":75,"pressure_mb":null},{"date":"19030915","time":"1200","status":"HU","lat":32.5,"lon":-73.3,"wind_kt":80,"pressure_mb":null},{"date":"19030915","time":"1800","status":"HU","lat":34.1,"lon":-74,"wind_kt":85,"pressure_mb":null},{"date":"19030916","time":"0000","status":"HU","lat":36.2,"lon":-74.5,"wind_kt":80,"pressure_mb":null},{"date":"19030916","time":"0600","status":"HU","lat":38,"lon":-74.6,"wind_kt":75,"pressure_mb":null},{"date":"19030916","time":"1100","status":"HU","lat":39.1,"lon":-74.7,"wind_kt":70,"pressure_mb":990},{"date":"19030916","time":"1200","status":"HU","lat":39.3,"lon":-74.7,"wind_kt":70,"pressure_mb":990},{"date":"19030916","time":"1800","status":"TS","lat":40.3,"lon":-75,"wind_kt":55,"pressure_mb":null},{"date":"19030917","time":"0000","status":"TS","lat":41.1,"lon":-75.5,"wind_kt":55,"pressure_mb":null},{"date":"19030917","time":"0600","status":"TS","lat":41.9,"lon":-76.3,"wind_kt":45,"pressure_mb":null},{"date":"19030917","time":"1200","status":"EX","lat":43,"lon":-77,"wind_kt":40,"pressure_mb":null},{"date":"19030917","time":"1800","status":"EX","lat":44.8,"lon":-77,"wind_kt":30,"pressure_mb":null}]}},{"type":"Feature","geometry":{"type":"LineString","coordinates":[[-71.6,20.8],[-71.7,21.3],[-71.7,21.7],[-71.7,22],[-71.7,22.3],[-71.7,22.6],[-71.7,23],[-71.8,23.5],[-72,24.1],[-72.2,24.6],[-72.5,25],[-72.7,25.5],[-72.9,26],[-73.1,26.5],[-73.3,27],[-73.5,27.5],[-73.6,27.9],[-73.6,28.5],[-73.7,29],[-73.9,30],[-74,31.4],[-73.8,32.8],[-73,34],[-71.6,34.7],[-70.4,35.1],[-69,35.4],[-67.5,35.5],[-65.3,36],[-62.7,36.7],[-60.1,37.3],[-57.5,37.8],[-55.6,38.2]]},"properties":{"id":"hur-al051903","event_type":"hurricane","name":null,"year":1903,"max_wind_kt":50,"min_pressure_mb":null,"category":0,"preliminary":false,"start_date":"19030919","end_date":"19030926","track":[{"date":"19030919","time":"0000","status":"TD","lat":20.8,"lon":-71.6,"wind_kt":30,"pressure_mb":null},{"date":"19030919","time":"0600","status":"TD","lat":21.3,"lon":-71.7,"wind_kt":30,"pressure_mb":null},{"date":"19030919","time":"1200","status":"TD","lat":21.7,"lon":-71.7,"wind_kt":30,"pressure_mb":null},{"date":"19030919","time":"1800","status":"TD","lat":22,"lon":-71.7,"wind_kt":30,"pressure_mb":null},{"date":"19030920","time":"0000","status":"TD","lat":22.3,"lon":-71.7,"wind_kt":30,"pressure_mb":null},{"date":"19030920","time":"0600","status":"TD","lat":22.6,"lon":-71.7,"wind_kt":30,"pressure_mb":null},{"date":"19030920","time":"1200","status":"TD","lat":23,"lon":-71.7,"wind_kt":30,"pressure_mb":null},{"date":"19030920","time":"1800","status":"TD","lat":23.5,"lon":-71.8,"wind_kt":30,"pressure_mb":null},{"date":"19030921","time":"0000","status":"TD","lat":24.1,"lon":-72,"wind_kt":30,"pressure_mb":null},{"date":"19030921","time":"0600","status":"TD","lat":24.6,"lon":-72.2,"wind_kt":30,"pressure_mb":null},{"date":"19030921","time":"1200","status":"TD","lat":25,"lon":-72.5,"wind_kt":30,"pressure_mb":null},{"date":"19030921","time":"1800","status":"TD","lat":25.5,"lon":-72.7,"wind_kt":30,"pressure_mb":null},{"date":"19030922","time":"0000","status":"TD","lat":26,"lon":-72.9,"wind_kt":30,"pressure_mb":null},{"date":"19030922","time":"0600","status":"TD","lat":26.5,"lon":-73.1,"wind_kt":30,"pressure_mb":null},{"date":"19030922","time":"1200","status":"TS","lat":27,"lon":-73.3,"wind_kt":35,"pressure_mb":null},{"date":"19030922","time":"1800","status":"TS","lat":27.5,"lon":-73.5,"wind_kt":35,"pressure_mb":null},{"date":"19030923","time":"0000","status":"TS","lat":27.9,"lon":-73.6,"wind_kt":40,"pressure_mb":null},{"date":"19030923","time":"0600","status":"TS","lat":28.5,"lon":-73.6,"wind_kt":40,"pressure_mb":null},{"date":"19030923","time":"1200","status":"TS","lat":29,"lon":-73.7,"wind_kt":45,"pressure_mb":null},{"date":"19030923","time":"1800","status":"TS","lat":30,"lon":-73.9,"wind_kt":45,"pressure_mb":null},{"date":"19030924","time":"0000","status":"TS","lat":31.4,"lon":-74,"wind_kt":50,"pressure_mb":null},{"date":"19030924","time":"0600","status":"TS","lat":32.8,"lon":-73.8,"wind_kt":50,"pressure_mb":null},{"date":"19030924","time":"1200","status":"TS","lat":34,"lon":-73,"wind_kt":50,"pressure_mb":null},{"date":"19030924","time":"1800","status":"TS","lat":34.7,"lon":-71.6,"wind_kt":50,"pressure_mb":null},{"date":"19030925","time":"0000","status":"TS","lat":35.1,"lon":-70.4,"wind_kt":50,"pressure_mb":null},{"date":"19030925","time":"0600","status":"TS","lat":35.4,"lon":-69,"wind_kt":45,"pressure_mb":null},{"date":"19030925","time":"1200","status":"TS","lat":35.5,"lon":-67.5,"wind_kt":45,"pressure_mb":null},{"date":"19030925","time":"1800","status":"TS","lat":36,"lon":-65.3,"wind_kt":40,"pressure_mb":null},{"date":"19030926","time":"0000","status":"TS","lat":36.7,"lon":-62.7,"wind_kt":35,"pressure_mb":null},{"date":"19030926","time":"0600","status":"TD","lat":37.3,"lon":-60.1,"wind_kt":30,"pressure_mb":null},{"date":"19030926","time":"1200","status":"TD","lat":37.8,"lon":-57.5,"wind_kt":25,"pressure_mb":null},{"date":"19030926","time":"1800","status":"TD","lat":38.2,"lon":-55.6,"wind_kt":25,"pressure_mb":null}]}},{"type":"Feature","geometry":{"type":"LineString","coordinates":[[-58.8,22.9],[-60,23.3],[-61.6,23.6],[-62.8,23.9],[-63.8,24.3],[-64.6,24.8],[-65.3,26],[-65.7,27.3],[-65.7,28.7],[-65.5,30],[-64.2,32.1],[-62.3,34.1],[-59.1,36],[-56.3,37.5],[-52.8,39.4],[-48.6,41.2],[-44.8,42.7],[-40.5,44.5],[-35.5,46.5]]},"properties":{"id":"hur-al061903","event_type":"hurricane","name":null,"year":1903,"max_wind_kt":95,"min_pressure_mb":null,"category":2,"preliminary":false,"start_date":"19030926","end_date":"19030930","track":[{"date":"19030926","time":"0600","status":"TS","lat":22.9,"lon":-58.8,"wind_kt":40,"pressure_mb":null},{"date":"19030926","time":"1200","status":"TS","lat":23.3,"lon":-60,"wind_kt":40,"pressure_mb":null},{"date":"19030926","time":"1800","status":"TS","lat":23.6,"lon":-61.6,"wind_kt":40,"pressure_mb":null},{"date":"19030927","time":"0000","status":"TS","lat":23.9,"lon":-62.8,"wind_kt":45,"pressure_mb":null},{"date":"19030927","time":"0600","status":"TS","lat":24.3,"lon":-63.8,"wind_kt":50,"pressure_mb":null},{"date":"19030927","time":"1200","status":"TS","lat":24.8,"lon":-64.6,"wind_kt":55,"pressure_mb":null},{"date":"19030927","time":"1800","status":"TS","lat":26,"lon":-65.3,"wind_kt":60,"pressure_mb":null},{"date":"19030928","time":"0000","status":"HU","lat":27.3,"lon":-65.7,"wind_kt":70,"pressure_mb":null},{"date":"19030928","time":"0600","status":"HU","lat":28.7,"lon":-65.7,"wind_kt":80,"pressure_mb":null},{"date":"19030928","time":"1200","status":"HU","lat":30,"lon":-65.5,"wind_kt":90,"pressure_mb":null},{"date":"19030928","time":"1800","status":"HU","lat":32.1,"lon":-64.2,"wind_kt":95,"pressure_mb":null},{"date":"19030929","time":"0000","status":"HU","lat":34.1,"lon":-62.3,"wind_kt":95,"pressure_mb":null},{"date":"19030929","time":"0600","status":"HU","lat":36,"lon":-59.1,"wind_kt":95,"pressure_mb":null},{"date":"19030929","time":"1200","status":"HU","lat":37.5,"lon":-56.3,"wind_kt":90,"pressure_mb":null},{"date":"19030929","time":"1800","status":"HU","lat":39.4,"lon":-52.8,"wind_kt":85,"pressure_mb":null},{"date":"19030930","time":"0000","status":"HU","lat":41.2,"lon":-48.6,"wind_kt":80,"pressure_mb":null},{"date":"19030930","time":"0600","status":"EX","lat":42.7,"lon":-44.8,"wind_kt":75,"pressure_mb":null},{"date":"19030930","time":"1200","status":"EX","lat":44.5,"lon":-40.5,"wind_kt":70,"pressure_mb":null},{"date":"19030930","time":"1800","status":"EX","lat":46.5,"lon":-35.5,"wind_kt":60,"pressure_mb":null}]}},{"type":"Feature","geometry":{"type":"LineString","coordinates":[[-57.3,17.7],[-57.9,18.1],[-58.5,18.5],[-60,19.4],[-61,20.3],[-62.2,21.5],[-63.5,23],[-63.8,24.3],[-63.7,25.4],[-63.4,26.3],[-63,27.3],[-62.7,28],[-62.2,28.9],[-61.6,29.5],[-60.7,30],[-59.1,30.5],[-57.2,30.6],[-55.2,30.4],[-53.4,30],[-51.9,29.5],[-50.2,28.9],[-48.8,28.1],[-48,27],[-48.2,26.8],[-48.4,26.7],[-48.7,26.8],[-49,27],[-48.8,27.6],[-48.2,28],[-47.2,28.2],[-46.2,28.3],[-45,28.5],[-43.1,29],[-41.5,29.5],[-40,30],[-38.7,30.5],[-37.5,30.9],[-36.2,31.6],[-35,32.4],[-33.2,33.6]]},"properties":{"id":"hur-al071903","event_type":"hurricane","name":null,"year":1903,"max_wind_kt":85,"min_pressure_mb":null,"category":2,"preliminary":false,"start_date":"19031001","end_date":"19031010","track":[{"date":"19031001","time":"0000","status":"TS","lat":17.7,"lon":-57.3,"wind_kt":60,"pressure_mb":null},{"date":"19031001","time":"0600","status":"TS","lat":18.1,"lon":-57.9,"wind_kt":60,"pressure_mb":null},{"date":"19031001","time":"1200","status":"TS","lat":18.5,"lon":-58.5,"wind_kt":60,"pressure_mb":null},{"date":"19031001","time":"1800","status":"TS","lat":19.4,"lon":-60,"wind_kt":60,"pressure_mb":null},{"date":"19031002","time":"0000","status":"HU","lat":20.3,"lon":-61,"wind_kt":65,"pressure_mb":null},{"date":"19031002","time":"0600","status":"HU","lat":21.5,"lon":-62.2,"wind_kt":70,"pressure_mb":null},{"date":"19031002","time":"1200","status":"HU","lat":23,"lon":-63.5,"wind_kt":70,"pressure_mb":null},{"date":"19031002","time":"1800","status":"HU","lat":24.3,"lon":-63.8,"wind_kt":70,"pressure_mb":null},{"date":"19031003","time":"0000","status":"HU","lat":25.4,"lon":-63.7,"wind_kt":70,"pressure_mb":null},{"date":"19031003","time":"0600","status":"HU","lat":26.3,"lon":-63.4,"wind_kt":70,"pressure_mb":null},{"date":"19031003","time":"1200","status":"HU","lat":27.3,"lon":-63,"wind_kt":75,"pressure_mb":null},{"date":"19031003","time":"1800","status":"HU","lat":28,"lon":-62.7,"wind_kt":75,"pressure_mb":null},{"date":"19031004","time":"0000","status":"HU","lat":28.9,"lon":-62.2,"wind_kt":80,"pressure_mb":null},{"date":"19031004","time":"0600","status":"HU","lat":29.5,"lon":-61.6,"wind_kt":80,"pressure_mb":null},{"date":"19031004","time":"1200","status":"HU","lat":30,"lon":-60.7,"wind_kt":85,"pressure_mb":null},{"date":"19031004","time":"1800","status":"HU","lat":30.5,"lon":-59.1,"wind_kt":85,"pressure_mb":null},{"date":"19031005","time":"0000","status":"HU","lat":30.6,"lon":-57.2,"wind_kt":85,"pressure_mb":null},{"date":"19031005","time":"0600","status":"HU","lat":30.4,"lon":-55.2,"wind_kt":85,"pressure_mb":null},{"date":"19031005","time":"1200","status":"HU","lat":30,"lon":-53.4,"wind_kt":85,"pressure_mb":null},{"date":"19031005","time":"1800","status":"HU","lat":29.5,"lon":-51.9,"wind_kt":80,"pressure_mb":null},{"date":"19031006","time":"0000","status":"HU","lat":28.9,"lon":-50.2,"wind_kt":75,"pressure_mb":null},{"date":"19031006","time":"0600","status":"HU","lat":28.1,"lon":-48.8,"wind_kt":70,"pressure_mb":null},{"date":"19031006","time":"1200","status":"HU","lat":27,"lon":-48,"wind_kt":70,"pressure_mb":null},{"date":"19031006","time":"1800","status":"HU","lat":26.8,"lon":-48.2,"wind_kt":70,"pressure_mb":null},{"date":"19031007","time":"0000","status":"HU","lat":26.7,"lon":-48.4,"wind_kt":70,"pressure_mb":null},{"date":"19031007","time":"0600","status":"HU","lat":26.8,"lon":-48.7,"wind_kt":70,"pressure_mb":null},{"date":"19031007","time":"1200","status":"HU","lat":27,"lon":-49,"wind_kt":70,"pressure_mb":null},{"date":"19031007","time":"1800","status":"HU","lat":27.6,"lon":-48.8,"wind_kt":70,"pressure_mb":null},{"date":"19031008","time":"0000","status":"HU","lat":28,"lon":-48.2,"wind_kt":70,"pressure_mb":null},{"date":"19031008","time":"0600","status":"HU","lat":28.2,"lon":-47.2,"wind_kt":70,"pressure_mb":null},{"date":"19031008","time":"1200","status":"HU","lat":28.3,"lon":-46.2,"wind_kt":70,"pressure_mb":null},{"date":"19031008","time":"1800","status":"HU","lat":28.5,"lon":-45,"wind_kt":65,"pressure_mb":null},{"date":"19031009","time":"0000","status":"HU","lat":29,"lon":-43.1,"wind_kt":65,"pressure_mb":null},{"date":"19031009","time":"0600","status":"TS","lat":29.5,"lon":-41.5,"wind_kt":60,"pressure_mb":null},{"date":"19031009","time":"1200","status":"TS","lat":30,"lon":-40,"wind_kt":50,"pressure_mb":null},{"date":"19031009","time":"1800","status":"TS","lat":30.5,"lon":-38.7,"wind_kt":45,"pressure_mb":null},{"date":"19031010","time":"0000","status":"EX","lat":30.9,"lon":-37.5,"wind_kt":40,"pressure_mb":null},{"date":"19031010","time":"0600","status":"EX","lat":31.6,"lon":-36.2,"wind_kt":35,"pressure_mb":null},{"date":"19031010","time":"1200","status":"EX","lat":32.4,"lon":-35,"wind_kt":35,"pressure_mb":null},{"date":"19031010","time":"1800","status":"EX","lat":33.6,"lon":-33.2,"wind_kt":35,"pressure_mb":null}]}},{"type":"Feature","geometry":{"type":"LineString","coordinates":[[-72.5,25.5],[-72.3,25.7],[-72,26],[-71.7,26.3],[-71.3,26.6],[-70.9,26.9],[-70.5,27.2],[-70.1,27.5],[-69.7,27.8],[-69.3,28.1],[-68.8,28.5],[-68.2,29],[-67.4,29.5],[-66.9,30],[-66.5,30.5],[-66.2,31.1],[-65.9,31.7],[-65.7,32.3],[-65.5,33],[-65.3,33.7],[-65.2,34.5],[-65.1,35.3],[-65,36.1],[-64.8,37.2]]},"properties":{"id":"hur-al081903","event_type":"hurricane","name":null,"year":1903,"max_wind_kt":60,"min_pressure_mb":null,"category":0,"preliminary":false,"start_date":"19031005","end_date":"19031010","track":[{"date":"19031005","time":"0000","status":"TS","lat":25.5,"lon":-72.5,"wind_kt":35,"pressure_mb":null},{"date":"19031005","time":"0600","status":"TS","lat":25.7,"lon":-72.3,"wind_kt":35,"pressure_mb":null},{"date":"19031005","time":"1200","status":"TS","lat":26,"lon":-72,"wind_kt":40,"pressure_mb":null},{"date":"19031005","time":"1800","status":"TS","lat":26.3,"lon":-71.7,"wind_kt":40,"pressure_mb":null},{"date":"19031006","time":"0000","status":"TS","lat":26.6,"lon":-71.3,"wind_kt":40,"pressure_mb":null},{"date":"19031006","time":"0600","status":"TS","lat":26.9,"lon":-70.9,"wind_kt":40,"pressure_mb":null},{"date":"19031006","time":"1200","status":"TS","lat":27.2,"lon":-70.5,"wind_kt":40,"pressure_mb":null},{"date":"19031006","time":"1800","status":"TS","lat":27.5,"lon":-70.1,"wind_kt":40,"pressure_mb":null},{"date":"19031007","time":"0000","status":"TS","lat":27.8,"lon":-69.7,"wind_kt":40,"pressure_mb":null},{"date":"19031007","time":"0600","status":"TS","lat":28.1,"lon":-69.3,"wind_kt":40,"pressure_mb":null},{"date":"19031007","time":"1200","status":"TS","lat":28.5,"lon":-68.8,"wind_kt":40,"pressure_mb":null},{"date":"19031007","time":"1800","status":"TS","lat":29,"lon":-68.2,"wind_kt":45,"pressure_mb":null},{"date":"19031008","time":"0000","status":"TS","lat":29.5,"lon":-67.4,"wind_kt":50,"pressure_mb":null},{"date":"19031008","time":"0600","status":"TS","lat":30,"lon":-66.9,"wind_kt":55,"pressure_mb":null},{"date":"19031008","time":"1200","status":"TS","lat":30.5,"lon":-66.5,"wind_kt":60,"pressure_mb":null},{"date":"19031008","time":"1800","status":"TS","lat":31.1,"lon":-66.2,"wind_kt":60,"pressure_mb":null},{"date":"19031009","time":"0000","status":"TS","lat":31.7,"lon":-65.9,"wind_kt":60,"pressure_mb":null},{"date":"19031009","time":"0600","status":"TS","lat":32.3,"lon":-65.7,"wind_kt":60,"pressure_mb":null},{"date":"19031009","time":"1200","status":"TS","lat":33,"lon":-65.5,"wind_kt":60,"pressure_mb":null},{"date":"19031009","time":"1800","status":"TS","lat":33.7,"lon":-65.3,"wind_kt":60,"pressure_mb":null},{"date":"19031010","time":"0000","status":"TS","lat":34.5,"lon":-65.2,"wind_kt":55,"pressure_mb":null},{"date":"19031010","time":"0600","status":"TS","lat":35.3,"lon":-65.1,"wind_kt":50,"pressure_mb":null},{"date":"19031010","time":"1200","status":"EX","lat":36.1,"lon":-65,"wind_kt":50,"pressure_mb":null},{"date":"19031010","time":"1800","status":"EX","lat":37.2,"lon":-64.8,"wind_kt":50,"pressure_mb":null}]}},{"type":"Feature","geometry":{"type":"LineString","coordinates":[[-72,21.2],[-72.5,21.5],[-72.9,21.9],[-73.3,22.5],[-73.6,23.2],[-74,24],[-74.2,24.8],[-74.3,25.6],[-74.3,26.3],[-74.3,27],[-74.5,27.9],[-74.8,29],[-75.1,30.1],[-75,31.2],[-74.5,32.4],[-73.1,33.6],[-71.5,34.5],[-69.5,35.8],[-66.9,38],[-63.7,40.5],[-60.4,42.8],[-57.5,45],[-55.4,47.3],[-53.7,49.1],[-52.4,51.1],[-51,53],[-49.5,55.2]]},"properties":{"id":"hur-al091903","event_type":"hurricane","name":null,"year":1903,"max_wind_kt":50,"min_pressure_mb":null,"category":0,"preliminary":false,"start_date":"19031021","end_date":"19031027","track":[{"date":"19031021","time":"0600","status":"TD","lat":21.2,"lon":-72,"wind_kt":30,"pressure_mb":null},{"date":"19031021","time":"1200","status":"TD","lat":21.5,"lon":-72.5,"wind_kt":30,"pressure_mb":null},{"date":"19031021","time":"1800","status":"TD","lat":21.9,"lon":-72.9,"wind_kt":30,"pressure_mb":null},{"date":"19031022","time":"0000","status":"TD","lat":22.5,"lon":-73.3,"wind_kt":30,"pressure_mb":null},{"date":"19031022","time":"0600","status":"TD","lat":23.2,"lon":-73.6,"wind_kt":30,"pressure_mb":null},{"date":"19031022","time":"1200","status":"TD","lat":24,"lon":-74,"wind_kt":30,"pressure_mb":null},{"date":"19031022","time":"1800","status":"TD","lat":24.8,"lon":-74.2,"wind_kt":30,"pressure_mb":null},{"date":"19031023","time":"0000","status":"TD","lat":25.6,"lon":-74.3,"wind_kt":30,"pressure_mb":null},{"date":"19031023","time":"0600","status":"TD","lat":26.3,"lon":-74.3,"wind_kt":30,"pressure_mb":null},{"date":"19031023","time":"1200","status":"TS","lat":27,"lon":-74.3,"wind_kt":35,"pressure_mb":null},{"date":"19031023","time":"1800","status":"TS","lat":27.9,"lon":-74.5,"wind_kt":40,"pressure_mb":null},{"date":"19031024","time":"0000","status":"TS","lat":29,"lon":-74.8,"wind_kt":45,"pressure_mb":null},{"date":"19031024","time":"0600","status":"TS","lat":30.1,"lon":-75.1,"wind_kt":50,"pressure_mb":null},{"date":"19031024","time":"1200","status":"TS","lat":31.2,"lon":-75,"wind_kt":50,"pressure_mb":null},{"date":"19031024","time":"1800","status":"EX","lat":32.4,"lon":-74.5,"wind_kt":50,"pressure_mb":null},{"date":"19031025","time":"0000","status":"EX","lat":33.6,"lon":-73.1,"wind_kt":50,"pressure_mb":null},{"date":"19031025","time":"0600","status":"EX","lat":34.5,"lon":-71.5,"wind_kt":50,"pressure_mb":null},{"date":"19031025","time":"1200","status":"EX","lat":35.8,"lon":-69.5,"wind_kt":50,"pressure_mb":null},{"date":"19031025","time":"1800","status":"EX","lat":38,"lon":-66.9,"wind_kt":50,"pressure_mb":null},{"date":"19031026","time":"0000","status":"EX","lat":40.5,"lon":-63.7,"wind_kt":50,"pressure_mb":null},{"date":"19031026","time":"0600","status":"EX","lat":42.8,"lon":-60.4,"wind_kt":50,"pressure_mb":null},{"date":"19031026","time":"1200","status":"EX","lat":45,"lon":-57.5,"wind_kt":45,"pressure_mb":null},{"date":"19031026","time":"1800","status":"EX","lat":47.3,"lon":-55.4,"wind_kt":40,"pressure_mb":null},{"date":"19031027","time":"0000","status":"EX","lat":49.1,"lon":-53.7,"wind_kt":40,"pressure_mb":null},{"date":"19031027","time":"0600","status":"EX","lat":51.1,"lon":-52.4,"wind_kt":40,"pressure_mb":null},{"date":"19031027","time":"1200","status":"EX","lat":53,"lon":-51,"wind_kt":35,"pressure_mb":null},{"date":"19031027","time":"1800","status":"EX","lat":55.2,"lon":-49.5,"wind_kt":35,"pressure_mb":null}]}},{"type":"Feature","geometry":{"type":"LineString","coordinates":[[-37,19],[-38.5,19.5],[-39.7,19.9],[-41.3,20.4],[-42.9,21.1],[-44.4,21.9],[-45.6,22.8],[-46.8,23.7],[-48,24.5],[-49.3,25.5],[-49.8,26.4],[-49.6,27.3],[-49.3,28.2],[-48.5,29],[-47.7,29.2],[-47.1,29.3],[-46.2,29.3],[-45.4,29.3],[-44.7,29.5],[-44.1,29.7],[-43.6,30],[-43.2,30.4],[-42.9,31.3],[-42.7,32.8],[-42.5,34.3],[-42.3,35.4],[-42.1,36.3],[-41.9,37],[-41.7,37.7],[-41.4,38.5],[-40.9,39.4],[-40.5,40.3],[-40,41.3],[-39.6,42.2],[-38.9,43.5]]},"properties":{"id":"hur-al101903","event_type":"hurricane","name":null,"year":1903,"max_wind_kt":70,"min_pressure_mb":null,"category":1,"preliminary":false,"start_date":"19031117","end_date":"19031125","track":[{"date":"19031117","time":"0600","status":"TS","lat":19,"lon":-37,"wind_kt":35,"pressure_mb":null},{"date":"19031117","time":"1200","status":"TS","lat":19.5,"lon":-38.5,"wind_kt":35,"pressure_mb":null},{"date":"19031117","time":"1800","status":"TS","lat":19.9,"lon":-39.7,"wind_kt":35,"pressure_mb":null},{"date":"19031118","time":"0000","status":"TS","lat":20.4,"lon":-41.3,"wind_kt":35,"pressure_mb":null},{"date":"19031118","time":"0600","status":"TS","lat":21.1,"lon":-42.9,"wind_kt":35,"pressure_mb":null},{"date":"19031118","time":"1200","status":"TS","lat":21.9,"lon":-44.4,"wind_kt":35,"pressure_mb":null},{"date":"19031118","time":"1800","status":"TS","lat":22.8,"lon":-45.6,"wind_kt":35,"pressure_mb":null},{"date":"19031119","time":"0000","status":"TS","lat":23.7,"lon":-46.8,"wind_kt":35,"pressure_mb":null},{"date":"19031119","time":"0600","status":"TS","lat":24.5,"lon":-48,"wind_kt":40,"pressure_mb":null},{"date":"19031119","time":"1200","status":"TS","lat":25.5,"lon":-49.3,"wind_kt":45,"pressure_mb":null},{"date":"19031119","time":"1800","status":"TS","lat":26.4,"lon":-49.8,"wind_kt":50,"pressure_mb":null},{"date":"19031120","time":"0000","status":"TS","lat":27.3,"lon":-49.6,"wind_kt":60,"pressure_mb":null},{"date":"19031120","time":"0600","status":"HU","lat":28.2,"lon":-49.3,"wind_kt":65,"pressure_mb":null},{"date":"19031120","time":"1200","status":"HU","lat":29,"lon":-48.5,"wind_kt":70,"pressure_mb":null},{"date":"19031120","time":"1800","status":"HU","lat":29.2,"lon":-47.7,"wind_kt":70,"pressure_mb":null},{"date":"19031121","time":"0000","status":"HU","lat":29.3,"lon":-47.1,"wind_kt":70,"pressure_mb":null},{"date":"19031121","time":"0600","status":"HU","lat":29.3,"lon":-46.2,"wind_kt":70,"pressure_mb":null},{"date":"19031121","time":"1200","status":"HU","lat":29.3,"lon":-45.4,"wind_kt":70,"pressure_mb":null},{"date":"19031121","time":"1800","status":"HU","lat":29.5,"lon":-44.7,"wind_kt":70,"pressure_mb":null},{"date":"19031122","time":"0000","status":"HU","lat":29.7,"lon":-44.1,"wind_kt":70,"pressure_mb":null},{"date":"19031122","time":"0600","status":"HU","lat":30,"lon":-43.6,"wind_kt":70,"pressure_mb":null},{"date":"19031122","time":"1200","status":"HU","lat":30.4,"lon":-43.2,"wind_kt":70,"pressure_mb":null},{"date":"19031122","time":"1800","status":"HU","lat":31.3,"lon":-42.9,"wind_kt":70,"pressure_mb":null},{"date":"19031123","time":"0000","status":"HU","lat":32.8,"lon":-42.7,"wind_kt":70,"pressure_mb":null},{"date":"19031123","time":"0600","status":"HU","lat":34.3,"lon":-42.5,"wind_kt":70,"pressure_mb":null},{"date":"19031123","time":"1200","status":"HU","lat":35.4,"lon":-42.3,"wind_kt":70,"pressure_mb":null},{"date":"19031123","time":"1800","status":"HU","lat":36.3,"lon":-42.1,"wind_kt":70,"pressure_mb":null},{"date":"19031124","time":"0000","status":"HU","lat":37,"lon":-41.9,"wind_kt":70,"pressure_mb":null},{"date":"19031124","time":"0600","status":"HU","lat":37.7,"lon":-41.7,"wind_kt":70,"pressure_mb":null},{"date":"19031124","time":"1200","status":"HU","lat":38.5,"lon":-41.4,"wind_kt":70,"pressure_mb":null},{"date":"19031124","time":"1800","status":"HU","lat":39.4,"lon":-40.9,"wind_kt":70,"pressure_mb":null},{"date":"19031125","time":"0000","status":"HU","lat":40.3,"lon":-40.5,"wind_kt":65,"pressure_mb":null},{"date":"19031125","time":"0600","status":"HU","lat":41.3,"lon":-40,"wind_kt":65,"pressure_mb":null},{"date":"19031125","time":"1200","status":"HU","lat":42.2,"lon":-39.6,"wind_kt":65,"pressure_mb":null},{"date":"19031125","time":"1800","status":"EX","lat":43.5,"lon":-38.9,"wind_kt":50,"pressure_mb":null}]}},{"type":"Feature","geometry":{"type":"LineString","coordinates":[[-80.5,13],[-80.7,13.6],[-80.7,14.2],[-80.5,14.6],[-80.3,15],[-80.2,15.7],[-80.1,16.2],[-79.9,16.8],[-79.7,17.3],[-79.5,17.7],[-79.2,18.1],[-78.9,18.4],[-78.5,18.7],[-77.7,19.4],[-76.8,20.3],[-76,21.1],[-75.3,22],[-74.6,22.9]]},"properties":{"id":"hur-al011904","event_type":"hurricane","name":null,"year":1904,"max_wind_kt":70,"min_pressure_mb":null,"category":1,"preliminary":false,"start_date":"19040610","end_date":"19040614","track":[{"date":"19040610","time":"1200","status":"TD","lat":13,"lon":-80.5,"wind_kt":30,"pressure_mb":null},{"date":"19040610","time":"1800","status":"TD","lat":13.6,"lon":-80.7,"wind_kt":30,"pressure_mb":null},{"date":"19040611","time":"0000","status":"TD","lat":14.2,"lon":-80.7,"wind_kt":30,"pressure_mb":null},{"date":"19040611","time":"0600","status":"TD","lat":14.6,"lon":-80.5,"wind_kt":30,"pressure_mb":null},{"date":"19040611","time":"1200","status":"TD","lat":15,"lon":-80.3,"wind_kt":30,"pressure_mb":null},{"date":"19040611","time":"1800","status":"TD","lat":15.7,"lon":-80.2,"wind_kt":30,"pressure_mb":null},{"date":"19040612","time":"0000","status":"TS","lat":16.2,"lon":-80.1,"wind_kt":35,"pressure_mb":null},{"date":"19040612","time":"0600","status":"TS","lat":16.8,"lon":-79.9,"wind_kt":40,"pressure_mb":null},{"date":"19040612","time":"1200","status":"TS","lat":17.3,"lon":-79.7,"wind_kt":45,"pressure_mb":null},{"date":"19040612","time":"1800","status":"TS","lat":17.7,"lon":-79.5,"wind_kt":50,"pressure_mb":null},{"date":"19040613","time":"0000","status":"TS","lat":18.1,"lon":-79.2,"wind_kt":55,"pressure_mb":null},{"date":"19040613","time":"0600","status":"TS","lat":18.4,"lon":-78.9,"wind_kt":60,"pressure_mb":null},{"date":"19040613","time":"1200","status":"HU","lat":18.7,"lon":-78.5,"wind_kt":65,"pressure_mb":null},{"date":"19040613","time":"1800","status":"HU","lat":19.4,"lon":-77.7,"wind_kt":70,"pressure_mb":null},{"date":"19040614","time":"0000","status":"TS","lat":20.3,"lon":-76.8,"wind_kt":55,"pressure_mb":null},{"date":"19040614","time":"0600","status":"TS","lat":21.1,"lon":-76,"wind_kt":40,"pressure_mb":null},{"date":"19040614","time":"1200","status":"TS","lat":22,"lon":-75.3,"wind_kt":35,"pressure_mb":null},{"date":"19040614","time":"1800","status":"TD","lat":22.9,"lon":-74.6,"wind_kt":25,"pressure_mb":null}]}},{"type":"Feature","geometry":{"type":"LineString","coordinates":[[-54,16.2],[-54.8,16.7],[-55.7,17.3],[-57.1,18.1],[-58.6,19],[-60.3,19.9],[-62,21],[-63,21.7],[-64.2,22.5],[-65.5,23.4],[-66.5,24],[-67.3,24.7],[-68,25.1],[-69,25.5],[-70,25.9],[-70.8,26.2],[-71.6,26.6],[-72.3,26.8],[-73,27],[-73.8,27.2],[-74.7,27.6],[-75.7,28.1],[-76.7,29],[-77.4,29.7],[-78,30.4],[-78.5,31.5],[-79,32.7],[-79.2,33.1],[-79.5,34.6],[-77.6,36.5],[-75,39.1],[-70.3,42],[-64,45.9]]},"properties":{"id":"hur-al021904","event_type":"hurricane","name":null,"year":1904,"max_wind_kt":75,"min_pressure_mb":null,"category":1,"preliminary":false,"start_date":"19040908","end_date":"19040915","track":[{"date":"19040908","time":"0000","status":"TS","lat":16.2,"lon":-54,"wind_kt":50,"pressure_mb":null},{"date":"19040908","time":"0600","status":"TS","lat":16.7,"lon":-54.8,"wind_kt":50,"pressure_mb":null},{"date":"19040908","time":"1200","status":"TS","lat":17.3,"lon":-55.7,"wind_kt":50,"pressure_mb":null},{"date":"19040908","time":"1800","status":"TS","lat":18.1,"lon":-57.1,"wind_kt":50,"pressure_mb":null},{"date":"19040909","time":"0000","status":"TS","lat":19,"lon":-58.6,"wind_kt":50,"pressure_mb":null},{"date":"19040909","time":"0600","status":"TS","lat":19.9,"lon":-60.3,"wind_kt":50,"pressure_mb":null},{"date":"19040909","time":"1200","status":"TS","lat":21,"lon":-62,"wind_kt":50,"pressure_mb":null},{"date":"19040909","time":"1800","status":"TS","lat":21.7,"lon":-63,"wind_kt":50,"pressure_mb":null},{"date":"19040910","time":"0000","status":"TS","lat":22.5,"lon":-64.2,"wind_kt":50,"pressure_mb":null},{"date":"19040910","time":"0600","status":"TS","lat":23.4,"lon":-65.5,"wind_kt":50,"pressure_mb":null},{"date":"19040910","time":"1200","status":"TS","lat":24,"lon":-66.5,"wind_kt":50,"pressure_mb":null},{"date":"19040910","time":"1800","status":"TS","lat":24.7,"lon":-67.3,"wind_kt":50,"pressure_mb":null},{"date":"19040911","time":"0000","status":"TS","lat":25.1,"lon":-68,"wind_kt":50,"pressure_mb":null},{"date":"19040911","time":"0600","status":"TS","lat":25.5,"lon":-69,"wind_kt":50,"pressure_mb":null},{"date":"19040911","time":"1200","status":"TS","lat":25.9,"lon":-70,"wind_kt":50,"pressure_mb":null},{"date":"19040911","time":"1800","status":"TS","lat":26.2,"lon":-70.8,"wind_kt":50,"pressure_mb":null},{"date":"19040912","time":"0000","status":"TS","lat":26.6,"lon":-71.6,"wind_kt":55,"pressure_mb":null},{"date":"19040912","time":"0600","status":"TS","lat":26.8,"lon":-72.3,"wind_kt":60,"pressure_mb":null},{"date":"19040912","time":"1200","status":"HU","lat":27,"lon":-73,"wind_kt":65,"pressure_mb":null},{"date":"19040912","time":"1800","status":"HU","lat":27.2,"lon":-73.8,"wind_kt":70,"pressure_mb":null},{"date":"19040913","time":"0000","status":"HU","lat":27.6,"lon":-74.7,"wind_kt":70,"pressure_mb":null},{"date":"19040913","time":"0600","status":"HU","lat":28.1,"lon":-75.7,"wind_kt":70,"pressure_mb":null},{"date":"19040913","time":"1200","status":"HU","lat":29,"lon":-76.7,"wind_kt":70,"pressure_mb":null},{"date":"19040913","time":"1800","status":"HU","lat":29.7,"lon":-77.4,"wind_kt":70,"pressure_mb":null},{"date":"19040914","time":"0000","status":"HU","lat":30.4,"lon":-78,"wind_kt":70,"pressure_mb":null},{"date":"19040914","time":"0600","status":"HU","lat":31.5,"lon":-78.5,"wind_kt":70,"pressure_mb":null},{"date":"19040914","time":"1200","status":"HU","lat":32.7,"lon":-79,"wind_kt":70,"pressure_mb":null},{"date":"19040914","time":"1300","status":"HU","lat":33.1,"lon":-79.2,"wind_kt":70,"pressure_mb":null},{"date":"19040914","time":"1800","status":"TS","lat":34.6,"lon":-79.5,"wind_kt":60,"pressure_mb":null},{"date":"19040915","time":"0000","status":"TS","lat":36.5,"lon":-77.6,"wind_kt":55,"pressure_mb":null},{"date":"19040915","time":"0600","status":"EX","lat":39.1,"lon":-75,"wind_kt":65,"pressure_mb":null},{"date":"19040915","time":"1200","status":"EX","lat":42,"lon":-70.3,"wind_kt":75,"pressure_mb":null},{"date":"19040915","time":"1800","status":"EX","lat":45.9,"lon":-64,"wind_kt":55,"pressure_mb":null}]}},{"type":"Feature","geometry":{"type":"LineString","coordinates":[[-80,12],[-80.3,12.2],[-80.5,12.5],[-80.8,12.8],[-81,13],[-81.2,13.2],[-81.5,13.5],[-81.8,13.9],[-82,14.4],[-82.2,15],[-82.5,15.5],[-82.8,15.9],[-83.1,16.3],[-83.5,16.7],[-84,17],[-84.6,17.3],[-85.2,17.6],[-85.8,17.8],[-86.5,18],[-87.2,18.1],[-87.8,18.2],[-88.4,18.1],[-89,18],[-89.7,17.9],[-90.4,17.7],[-91.2,17.4],[-92,17],[-92.8,16.5]]},"properties":{"id":"hur-al031904","event_type":"hurricane","name":null,"year":1904,"max_wind_kt":70,"min_pressure_mb":null,"category":1,"preliminary":false,"start_date":"19040928","end_date":"19041004","track":[{"date":"19040928","time":"0000","status":"TD","lat":12,"lon":-80,"wind_kt":25,"pressure_mb":null},{"date":"19040928","time":"0600","status":"TD","lat":12.2,"lon":-80.3,"wind_kt":25,"pressure_mb":null},{"date":"19040928","time":"1200","status":"TD","lat":12.5,"lon":-80.5,"wind_kt":30,"pressure_mb":null},{"date":"19040928","time":"1800","status":"TD","lat":12.8,"lon":-80.8,"wind_kt":30,"pressure_mb":null},{"date":"19040929","time":"0000","status":"TS","lat":13,"lon":-81,"wind_kt":35,"pressure_mb":null},{"date":"19040929","time":"0600","status":"TS","lat":13.2,"lon":-81.2,"wind_kt":35,"pressure_mb":null},{"date":"19040929","time":"1200","status":"TS","lat":13.5,"lon":-81.5,"wind_kt":40,"pressure_mb":null},{"date":"19040929","time":"1800","status":"TS","lat":13.9,"lon":-81.8,"wind_kt":40,"pressure_mb":null},{"date":"19040930","time":"0000","status":"TS","lat":14.4,"lon":-82,"wind_kt":45,"pressure_mb":null},{"date":"19040930","time":"0600","status":"TS","lat":15,"lon":-82.2,"wind_kt":50,"pressure_mb":null},{"date":"19040930","time":"1200","status":"TS","lat":15.5,"lon":-82.5,"wind_kt":55,"pressure_mb":null},{"date":"19040930","time":"1800","status":"TS","lat":15.9,"lon":-82.8,"wind_kt":60,"pressure_mb":null},{"date":"19041001","time":"0000","status":"HU","lat":16.3,"lon":-83.1,"wind_kt":65,"pressure_mb":null},{"date":"19041001","time":"0600","status":"HU","lat":16.7,"lon":-83.5,"wind_kt":70,"pressure_mb":null},{"date":"19041001","time":"1200","status":"HU","lat":17,"lon":-84,"wind_kt":70,"pressure_mb":null},{"date":"19041001","time":"1800","status":"HU","lat":17.3,"lon":-84.6,"wind_kt":70,"pressure_mb":null},{"date":"19041002","time":"0000","status":"HU","lat":17.6,"lon":-85.2,"wind_kt":65,"pressure_mb":null},{"date":"19041002","time":"0600","status":"TS","lat":17.8,"lon":-85.8,"wind_kt":60,"pressure_mb":null},{"date":"19041002","time":"1200","status":"TS","lat":18,"lon":-86.5,"wind_kt":55,"pressure_mb":null},{"date":"19041002","time":"1800","status":"TS","lat":18.1,"lon":-87.2,"wind_kt":50,"pressure_mb":null},{"date":"19041003","time":"0000","status":"TS","lat":18.2,"lon":-87.8,"wind_kt":50,"pressure_mb":null},{"date":"19041003","time":"0600","status":"TS","lat":18.1,"lon":-88.4,"wind_kt":40,"pressure_mb":null},{"date":"19041003","time":"1200","status":"TS","lat":18,"lon":-89,"wind_kt":35,"pressure_mb":null},{"date":"19041003","time":"1800","status":"TS","lat":17.9,"lon":-89.7,"wind_kt":35,"pressure_mb":null},{"date":"19041004","time":"0000","status":"TD","lat":17.7,"lon":-90.4,"wind_kt":30,"pressure_mb":null},{"date":"19041004","time":"0600","status":"TD","lat":17.4,"lon":-91.2,"wind_kt":30,"pressure_mb":null},{"date":"19041004","time":"1200","status":"TD","lat":17,"lon":-92,"wind_kt":25,"pressure_mb":null},{"date":"19041004","time":"1800","status":"TD","lat":16.5,"lon":-92.8,"wind_kt":25,"pressure_mb":null}]}},{"type":"Feature","geometry":{"type":"LineString","coordinates":[[-75.7,15.3],[-76.4,15.3],[-77.1,15.4],[-77.7,15.9],[-78.2,16.4],[-78.7,17],[-79.1,17.5],[-79.3,18],[-79.5,18.6],[-79.7,19.3],[-79.8,19.8],[-79.9,20.1],[-79.9,20.6],[-80,21],[-80,21.4],[-80,21.7],[-80,22],[-80,22.5],[-79.9,23.3],[-79.9,24.2],[-80.1,25.1],[-80.3,25.3],[-80.7,25.7],[-80.9,25.9],[-81.1,26.2],[-81.4,26.5],[-81.7,26.7],[-82.3,26.8],[-82.5,26.7],[-82.6,26.6],[-82.7,26.3],[-82.6,25.9],[-82.2,25.6],[-81.6,25.4],[-81.2,25.5],[-81,25.5],[-80,25.8],[-79,26.1],[-78.2,26.5],[-77,27],[-75.9,27.4]]},"properties":{"id":"hur-al041904","event_type":"hurricane","name":null,"year":1904,"max_wind_kt":70,"min_pressure_mb":null,"category":1,"preliminary":false,"start_date":"19041012","end_date":"19041021","track":[{"date":"19041012","time":"0600","status":"TS","lat":15.3,"lon":-75.7,"wind_kt":35,"pressure_mb":null},{"date":"19041012","time":"1200","status":"TS","lat":15.3,"lon":-76.4,"wind_kt":35,"pressure_mb":null},{"date":"19041012","time":"1800","status":"TS","lat":15.4,"lon":-77.1,"wind_kt":35,"pressure_mb":null},{"date":"19041013","time":"0000","status":"TS","lat":15.9,"lon":-77.7,"wind_kt":35,"pressure_mb":null},{"date":"19041013","time":"0600","status":"TS","lat":16.4,"lon":-78.2,"wind_kt":35,"pressure_mb":null},{"date":"19041013","time":"1200","status":"TS","lat":17,"lon":-78.7,"wind_kt":40,"pressure_mb":null},{"date":"19041013","time":"1800","status":"TS","lat":17.5,"lon":-79.1,"wind_kt":40,"pressure_mb":null},{"date":"19041014","time":"0000","status":"TS","lat":18,"lon":-79.3,"wind_kt":40,"pressure_mb":null},{"date":"19041014","time":"0600","status":"TS","lat":18.6,"lon":-79.5,"wind_kt":40,"pressure_mb":null},{"date":"19041014","time":"1200","status":"TS","lat":19.3,"lon":-79.7,"wind_kt":45,"pressure_mb":null},{"date":"19041014","time":"1800","status":"TS","lat":19.8,"lon":-79.8,"wind_kt":50,"pressure_mb":null},{"date":"19041015","time":"0000","status":"TS","lat":20.1,"lon":-79.9,"wind_kt":55,"pressure_mb":null},{"date":"19041015","time":"0600","status":"TS","lat":20.6,"lon":-79.9,"wind_kt":60,"pressure_mb":null},{"date":"19041015","time":"1200","status":"HU","lat":21,"lon":-80,"wind_kt":65,"pressure_mb":null},{"date":"19041015","time":"1800","status":"HU","lat":21.4,"lon":-80,"wind_kt":65,"pressure_mb":null},{"date":"19041016","time":"0000","status":"HU","lat":21.7,"lon":-80,"wind_kt":65,"pressure_mb":null},{"date":"19041016","time":"0600","status":"TS","lat":22,"lon":-80,"wind_kt":55,"pressure_mb":null},{"date":"19041016","time":"1200","status":"TS","lat":22.5,"lon":-80,"wind_kt":50,"pressure_mb":null},{"date":"19041016","time":"1800","status":"TS","lat":23.3,"lon":-79.9,"wind_kt":55,"pressure_mb":null},{"date":"19041017","time":"0000","status":"HU","lat":24.2,"lon":-79.9,"wind_kt":65,"pressure_mb":null},{"date":"19041017","time":"0600","status":"HU","lat":25.1,"lon":-80.1,"wind_kt":70,"pressure_mb":null},{"date":"19041017","time":"0800","status":"HU","lat":25.3,"lon":-80.3,"wind_kt":70,"pressure_mb":null},{"date":"19041017","time":"1200","status":"TS","lat":25.7,"lon":-80.7,"wind_kt":60,"pressure_mb":null},{"date":"19041017","time":"1800","status":"TS","lat":25.9,"lon":-80.9,"wind_kt":50,"pressure_mb":null},{"date":"19041018","time":"0000","status":"TS","lat":26.2,"lon":-81.1,"wind_kt":45,"pressure_mb":null},{"date":"19041018","time":"0600","status":"TS","lat":26.5,"lon":-81.4,"wind_kt":40,"pressure_mb":null},{"date":"19041018","time":"1200","status":"TS","lat":26.7,"lon":-81.7,"wind_kt":40,"pressure_mb":null},{"date":"19041018","time":"1800","status":"TS","lat":26.8,"lon":-82.3,"wind_kt":35,"pressure_mb":null},{"date":"19041019","time":"0000","status":"TS","lat":26.7,"lon":-82.5,"wind_kt":35,"pressure_mb":null},{"date":"19041019","time":"0600","status":"TS","lat":26.6,"lon":-82.6,"wind_kt":35,"pressure_mb":null},{"date":"19041019","time":"1200","status":"TS","lat":26.3,"lon":-82.7,"wind_kt":35,"pressure_mb":null},{"date":"19041019","time":"1800","status":"TS","lat":25.9,"lon":-82.6,"wind_kt":35,"pressure_mb":null},{"date":"19041020","time":"0000","status":"TS","lat":25.6,"lon":-82.2,"wind_kt":35,"pressure_mb":null},{"date":"19041020","time":"0600","status":"TS","lat":25.4,"lon":-81.6,"wind_kt":35,"pressure_mb":null},{"date":"19041020","time":"1000","status":"TS","lat":25.5,"lon":-81.2,"wind_kt":35,"pressure_mb":null},{"date":"19041020","time":"1200","status":"TS","lat":25.5,"lon":-81,"wind_kt":35,"pressure_mb":null},{"date":"19041020","time":"1800","status":"TD","lat":25.8,"lon":-80,"wind_kt":30,"pressure_mb":null},{"date":"19041021","time":"0000","status":"TD","lat":26.1,"lon":-79,"wind_kt":25,"pressure_mb":null},{"date":"19041021","time":"0600","status":"TD","lat":26.5,"lon":-78.2,"wind_kt":20,"pressure_mb":null},{"date":"19041021","time":"1200","status":"TD","lat":27,"lon":-77,"wind_kt":20,"pressure_mb":null},{"date":"19041021","time":"1800","status":"TD","lat":27.4,"lon":-75.9,"wind_kt":20,"pressure_mb":null}]}},{"type":"Feature","geometry":{"type":"LineString","coordinates":[[-45.4,25.8],[-46.3,25],[-47.5,23.8],[-48.8,22.7],[-50.3,22.1],[-51.6,22.5],[-52.2,23],[-52.3,23.6],[-52.2,24.3],[-52,25],[-52.2,26],[-52.8,26.7],[-53.6,27.5],[-54.5,28.5],[-55.3,29.6],[-56.1,31.1],[-56.8,32.8],[-57.5,35],[-57.5,36.7],[-56.7,39.2],[-55.6,41.7],[-54,44.5],[-51.2,47.3],[-48.4,50.4],[-45.4,53.4],[-42.5,56],[-39.5,57.8]]},"properties":{"id":"hur-al051904","event_type":"hurricane","name":null,"year":1904,"max_wind_kt":45,"min_pressure_mb":null,"category":0,"preliminary":false,"start_date":"19041019","end_date":"19041025","track":[{"date":"19041019","time":"0600","status":"TS","lat":25.8,"lon":-45.4,"wind_kt":35,"pressure_mb":null},{"date":"19041019","time":"1200","status":"TS","lat":25,"lon":-46.3,"wind_kt":35,"pressure_mb":null},{"date":"19041019","time":"1800","status":"TS","lat":23.8,"lon":-47.5,"wind_kt":35,"pressure_mb":null},{"date":"19041020","time":"0000","status":"TS","lat":22.7,"lon":-48.8,"wind_kt":35,"pressure_mb":null},{"date":"19041020","time":"0600","status":"TS","lat":22.1,"lon":-50.3,"wind_kt":35,"pressure_mb":null},{"date":"19041020","time":"1200","status":"TS","lat":22.5,"lon":-51.6,"wind_kt":35,"pressure_mb":null},{"date":"19041020","time":"1800","status":"TS","lat":23,"lon":-52.2,"wind_kt":35,"pressure_mb":null},{"date":"19041021","time":"0000","status":"TS","lat":23.6,"lon":-52.3,"wind_kt":40,"pressure_mb":null},{"date":"19041021","time":"0600","status":"TS","lat":24.3,"lon":-52.2,"wind_kt":40,"pressure_mb":null},{"date":"19041021","time":"1200","status":"TS","lat":25,"lon":-52,"wind_kt":45,"pressure_mb":null},{"date":"19041021","time":"1800","status":"TS","lat":26,"lon":-52.2,"wind_kt":45,"pressure_mb":null},{"date":"19041022","time":"0000","status":"TS","lat":26.7,"lon":-52.8,"wind_kt":45,"pressure_mb":null},{"date":"19041022","time":"0600","status":"TS","lat":27.5,"lon":-53.6,"wind_kt":45,"pressure_mb":null},{"date":"19041022","time":"1200","status":"TS","lat":28.5,"lon":-54.5,"wind_kt":40,"pressure_mb":null},{"date":"19041022","time":"1800","status":"TS","lat":29.6,"lon":-55.3,"wind_kt":35,"pressure_mb":null},{"date":"19041023","time":"0000","status":"TS","lat":31.1,"lon":-56.1,"wind_kt":35,"pressure_mb":null},{"date":"19041023","time":"0600","status":"TS","lat":32.8,"lon":-56.8,"wind_kt":35,"pressure_mb":null},{"date":"19041023","time":"1200","status":"TS","lat":35,"lon":-57.5,"wind_kt":35,"pressure_mb":null},{"date":"19041023","time":"1800","status":"TS","lat":36.7,"lon":-57.5,"wind_kt":35,"pressure_mb":null},{"date":"19041024","time":"0000","status":"EX","lat":39.2,"lon":-56.7,"wind_kt":35,"pressure_mb":null},{"date":"19041024","time":"0600","status":"EX","lat":41.7,"lon":-55.6,"wind_kt":35,"pressure_mb":null},{"date":"19041024","time":"1200","status":"EX","lat":44.5,"lon":-54,"wind_kt":35,"pressure_mb":null},{"date":"19041024","time":"1800","status":"EX","lat":47.3,"lon":-51.2,"wind_kt":35,"pressure_mb":null},{"date":"19041025","time":"0000","status":"EX","lat":50.4,"lon":-48.4,"wind_kt":35,"pressure_mb":null},{"date":"19041025","time":"0600","status":"EX","lat":53.4,"lon":-45.4,"wind_kt":35,"pressure_mb":null},{"date":"19041025","time":"1200","status":"EX","lat":56,"lon":-42.5,"wind_kt":35,"pressure_mb":null},{"date":"19041025","time":"1800","status":"EX","lat":57.8,"lon":-39.5,"wind_kt":35,"pressure_mb":null}]}},{"type":"Feature","geometry":{"type":"LineString","coordinates":[[-91.3,20],[-91.8,20.4],[-92,21],[-92.2,21.6],[-92,22.3],[-91.7,23.1],[-91.4,23.8],[-91.1,24.4],[-90.7,25.3],[-89.8,26.5],[-88.9,27.8],[-88.1,29.1],[-86.7,30.3],[-84.8,31.3],[-82.7,32.1],[-80.4,32.9],[-78,33.5],[-76,33.8],[-73.4,34.5],[-71.1,35.1],[-68.7,36],[-66,37.7],[-62.4,40],[-59.3,42.4],[-57.5,45],[-55.7,46.6]]},"properties":{"id":"hur-al061904","event_type":"hurricane","name":null,"year":1904,"max_wind_kt":45,"min_pressure_mb":null,"category":0,"preliminary":false,"start_date":"19041031","end_date":"19041106","track":[{"date":"19041031","time":"1200","status":"TS","lat":20,"lon":-91.3,"wind_kt":35,"pressure_mb":null},{"date":"19041031","time":"1800","status":"TS","lat":20.4,"lon":-91.8,"wind_kt":35,"pressure_mb":null},{"date":"19041101","time":"0000","status":"TS","lat":21,"lon":-92,"wind_kt":35,"pressure_mb":null},{"date":"19041101","time":"0600","status":"TS","lat":21.6,"lon":-92.2,"wind_kt":40,"pressure_mb":null},{"date":"19041101","time":"1200","status":"TS","lat":22.3,"lon":-92,"wind_kt":40,"pressure_mb":null},{"date":"19041101","time":"1800","status":"TS","lat":23.1,"lon":-91.7,"wind_kt":45,"pressure_mb":null},{"date":"19041102","time":"0000","status":"TS","lat":23.8,"lon":-91.4,"wind_kt":45,"pressure_mb":null},{"date":"19041102","time":"0600","status":"TS","lat":24.4,"lon":-91.1,"wind_kt":45,"pressure_mb":null},{"date":"19041102","time":"1200","status":"TS","lat":25.3,"lon":-90.7,"wind_kt":40,"pressure_mb":null},{"date":"19041102","time":"1800","status":"TS","lat":26.5,"lon":-89.8,"wind_kt":35,"pressure_mb":null},{"date":"19041103","time":"0000","status":"TS","lat":27.8,"lon":-88.9,"wind_kt":35,"pressure_mb":null},{"date":"19041103","time":"0600","status":"TS","lat":29.1,"lon":-88.1,"wind_kt":35,"pressure_mb":null},{"date":"19041103","time":"1200","status":"TS","lat":30.3,"lon":-86.7,"wind_kt":35,"pressure_mb":null},{"date":"19041103","time":"1800","status":"TD","lat":31.3,"lon":-84.8,"wind_kt":30,"pressure_mb":null},{"date":"19041104","time":"0000","status":"TD","lat":32.1,"lon":-82.7,"wind_kt":30,"pressure_mb":null},{"date":"19041104","time":"0600","status":"TD","lat":32.9,"lon":-80.4,"wind_kt":30,"pressure_mb":null},{"date":"19041104","time":"1200","status":"EX","lat":33.5,"lon":-78,"wind_kt":35,"pressure_mb":null},{"date":"19041104","time":"1800","status":"EX","lat":33.8,"lon":-76,"wind_kt":35,"pressure_mb":null},{"date":"19041105","time":"0000","status":"EX","lat":34.5,"lon":-73.4,"wind_kt":35,"pressure_mb":null},{"date":"19041105","time":"0600","status":"EX","lat":35.1,"lon":-71.1,"wind_kt":35,"pressure_mb":null},{"date":"19041105","time":"1200","status":"EX","lat":36,"lon":-68.7,"wind_kt":35,"pressure_mb":null},{"date":"19041105","time":"1800","status":"EX","lat":37.7,"lon":-66,"wind_kt":35,"pressure_mb":null},{"date":"19041106","time":"0000","status":"EX","lat":40,"lon":-62.4,"wind_kt":35,"pressure_mb":null},{"date":"19041106","time":"0600","status":"EX","lat":42.4,"lon":-59.3,"wind_kt":35,"pressure_mb":null},{"date":"19041106","time":"1200","status":"EX","lat":45,"lon":-57.5,"wind_kt":35,"pressure_mb":null},{"date":"19041106","time":"1800","status":"EX","lat":46.6,"lon":-55.7,"wind_kt":35,"pressure_mb":null}]}},{"type":"Feature","geometry":{"type":"LineString","coordinates":[[-58.5,11.6],[-59.8,12],[-61.1,12.5],[-62.8,13],[-64.3,13.5],[-65.8,13.9],[-67.3,14.4],[-68.9,14.9],[-70.3,15.3],[-72.1,15.9]]},"properties":{"id":"hur-al011905","event_type":"hurricane","name":null,"year":1905,"max_wind_kt":50,"min_pressure_mb":null,"category":0,"preliminary":false,"start_date":"19050906","end_date":"19050908","track":[{"date":"19050906","time":"1200","status":"TS","lat":11.6,"lon":-58.5,"wind_kt":50,"pressure_mb":null},{"date":"19050906","time":"1800","status":"TS","lat":12,"lon":-59.8,"wind_kt":50,"pressure_mb":null},{"date":"19050907","time":"0000","status":"TS","lat":12.5,"lon":-61.1,"wind_kt":50,"pressure_mb":null},{"date":"19050907","time":"0600","status":"TS","lat":13,"lon":-62.8,"wind_kt":50,"pressure_mb":null},{"date":"19050907","time":"1200","status":"TS","lat":13.5,"lon":-64.3,"wind_kt":40,"pressure_mb":null},{"date":"19050907","time":"1800","status":"TS","lat":13.9,"lon":-65.8,"wind_kt":35,"pressure_mb":null},{"date":"19050908","time":"0000","status":"TD","lat":14.4,"lon":-67.3,"wind_kt":30,"pressure_mb":null},{"date":"19050908","time":"0600","status":"TD","lat":14.9,"lon":-68.9,"wind_kt":30,"pressure_mb":null},{"date":"19050908","time":"1200","status":"TD","lat":15.3,"lon":-70.3,"wind_kt":30,"pressure_mb":null},{"date":"19050908","time":"1800","status":"TD","lat":15.9,"lon":-72.1,"wind_kt":25,"pressure_mb":null}]}},{"type":"Feature","geometry":{"type":"LineString","coordinates":[[-51,19.5],[-52.1,19.7],[-53.3,20],[-54.1,20.2],[-55,20.5],[-56,21],[-56.8,21.4],[-57.4,21.8],[-57.9,22.1],[-58.3,22.3],[-58.6,22.6],[-58.8,22.9],[-59.1,23.2],[-59.4,23.8],[-59.7,24.4],[-60,25],[-60.3,25.5],[-60.6,25.9],[-61.1,26.3],[-61.5,26.7],[-62,27],[-62.5,27.2]]},"properties":{"id":"hur-al021905","event_type":"hurricane","name":null,"year":1905,"max_wind_kt":50,"min_pressure_mb":null,"category":0,"preliminary":false,"start_date":"19050911","end_date":"19050916","track":[{"date":"19050911","time":"1200","status":"TS","lat":19.5,"lon":-51,"wind_kt":35,"pressure_mb":null},{"date":"19050911","time":"1800","status":"TS","lat":19.7,"lon":-52.1,"wind_kt":35,"pressure_mb":null},{"date":"19050912","time":"0000","status":"TS","lat":20,"lon":-53.3,"wind_kt":35,"pressure_mb":null},{"date":"19050912","time":"0600","status":"TS","lat":20.2,"lon":-54.1,"wind_kt":35,"pressure_mb":null},{"date":"19050912","time":"1200","status":"TS","lat":20.5,"lon":-55,"wind_kt":40,"pressure_mb":null},{"date":"19050912","time":"1800","status":"TS","lat":21,"lon":-56,"wind_kt":40,"pressure_mb":null},{"date":"19050913","time":"0000","status":"TS","lat":21.4,"lon":-56.8,"wind_kt":40,"pressure_mb":null},{"date":"19050913","time":"0600","status":"TS","lat":21.8,"lon":-57.4,"wind_kt":45,"pressure_mb":null},{"date":"19050913","time":"1200","status":"TS","lat":22.1,"lon":-57.9,"wind_kt":50,"pressure_mb":null},{"date":"19050913","time":"1800","status":"TS","lat":22.3,"lon":-58.3,"wind_kt":50,"pressure_mb":null},{"date":"19050914","time":"0000","status":"TS","lat":22.6,"lon":-58.6,"wind_kt":50,"pressure_mb":null},{"date":"19050914","time":"0600","status":"TS","lat":22.9,"lon":-58.8,"wind_kt":50,"pressure_mb":null},{"date":"19050914","time":"1200","status":"TS","lat":23.2,"lon":-59.1,"wind_kt":45,"pressure_mb":null},{"date":"19050914","time":"1800","status":"TS","lat":23.8,"lon":-59.4,"wind_kt":40,"pressure_mb":null},{"date":"19050915","time":"0000","status":"TS","lat":24.4,"lon":-59.7,"wind_kt":35,"pressure_mb":null},{"date":"19050915","time":"0600","status":"TS","lat":25,"lon":-60,"wind_kt":35,"pressure_mb":null},{"date":"19050915","time":"1200","status":"TS","lat":25.5,"lon":-60.3,"wind_kt":35,"pressure_mb":null},{"date":"19050915","time":"1800","status":"TS","lat":25.9,"lon":-60.6,"wind_kt":35,"pressure_mb":null},{"date":"19050916","time":"0000","status":"TS","lat":26.3,"lon":-61.1,"wind_kt":35,"pressure_mb":null},{"date":"19050916","time":"0600","status":"TS","lat":26.7,"lon":-61.5,"wind_kt":35,"pressure_mb":null},{"date":"19050916","time":"1200","status":"TD","lat":27,"lon":-62,"wind_kt":30,"pressure_mb":null},{"date":"19050916","time":"1800","status":"TD","lat":27.2,"lon":-62.5,"wind_kt":30,"pressure_mb":null}]}},{"type":"Feature","geometry":{"type":"LineString","coordinates":[[-84,17.7],[-84.7,18.2],[-85.4,18.6],[-86,19],[-86.7,19.4],[-87.4,19.9],[-88.1,20.4],[-88.8,20.9],[-89.7,21.5],[-90.5,22.2],[-90.9,22.9],[-91.4,23.7],[-91.8,24.5],[-92,25.3],[-92.2,25.9],[-92.4,26.5],[-92.6,27.2],[-92.7,27.7],[-92.8,28.3],[-92.7,28.7],[-92.6,29.2],[-92.6,29.6],[-92.5,29.8],[-91.8,30.6],[-90.9,31.7],[-91.2,33],[-92,34.1],[-93.4,34.8]]},"properties":{"id":"hur-al031905","event_type":"hurricane","name":null,"year":1905,"max_wind_kt":45,"min_pressure_mb":null,"category":0,"preliminary":false,"start_date":"19050924","end_date":"19050930","track":[{"date":"19050924","time":"0600","status":"TS","lat":17.7,"lon":-84,"wind_kt":35,"pressure_mb":null},{"date":"19050924","time":"1200","status":"TS","lat":18.2,"lon":-84.7,"wind_kt":35,"pressure_mb":null},{"date":"19050924","time":"1800","status":"TS","lat":18.6,"lon":-85.4,"wind_kt":35,"pressure_mb":null},{"date":"19050925","time":"0000","status":"TS","lat":19,"lon":-86,"wind_kt":35,"pressure_mb":null},{"date":"19050925","time":"0600","status":"TS","lat":19.4,"lon":-86.7,"wind_kt":40,"pressure_mb":null},{"date":"19050925","time":"1200","status":"TS","lat":19.9,"lon":-87.4,"wind_kt":40,"pressure_mb":null},{"date":"19050925","time":"1800","status":"TS","lat":20.4,"lon":-88.1,"wind_kt":35,"pressure_mb":null},{"date":"19050926","time":"0000","status":"TS","lat":20.9,"lon":-88.8,"wind_kt":35,"pressure_mb":null},{"date":"19050926","time":"0600","status":"TS","lat":21.5,"lon":-89.7,"wind_kt":35,"pressure_mb":null},{"date":"19050926","time":"1200","status":"TS","lat":22.2,"lon":-90.5,"wind_kt":45,"pressure_mb":null},{"date":"19050926","time":"1800","status":"TS","lat":22.9,"lon":-90.9,"wind_kt":45,"pressure_mb":null},{"date":"19050927","time":"0000","status":"TS","lat":23.7,"lon":-91.4,"wind_kt":45,"pressure_mb":null},{"date":"19050927","time":"0600","status":"TS","lat":24.5,"lon":-91.8,"wind_kt":45,"pressure_mb":null},{"date":"19050927","time":"1200","status":"TS","lat":25.3,"lon":-92,"wind_kt":45,"pressure_mb":null},{"date":"19050927","time":"1800","status":"TS","lat":25.9,"lon":-92.2,"wind_kt":45,"pressure_mb":null},{"date":"19050928","time":"0000","status":"TS","lat":26.5,"lon":-92.4,"wind_kt":45,"pressure_mb":null},{"date":"19050928","time":"0600","status":"TS","lat":27.2,"lon":-92.6,"wind_kt":45,"pressure_mb":null},{"date":"19050928","time":"1200","status":"TS","lat":27.7,"lon":-92.7,"wind_kt":45,"pressure_mb":null},{"date":"19050928","time":"1800","status":"TS","lat":28.3,"lon":-92.8,"wind_kt":45,"pressure_mb":null},{"date":"19050929","time":"0000","status":"TS","lat":28.7,"lon":-92.7,"wind_kt":45,"pressure_mb":null},{"date":"19050929","time":"0600","status":"TS","lat":29.2,"lon":-92.6,"wind_kt":45,"pressure_mb":null},{"date":"19050929","time":"1000","status":"TS","lat":29.6,"lon":-92.6,"wind_kt":45,"pressure_mb":null},{"date":"19050929","time":"1200","status":"TS","lat":29.8,"lon":-92.5,"wind_kt":40,"pressure_mb":null},{"date":"19050929","time":"1800","status":"TS","lat":30.6,"lon":-91.8,"wind_kt":35,"pressure_mb":null},{"date":"19050930","time":"0000","status":"TS","lat":31.7,"lon":-90.9,"wind_kt":35,"pressure_mb":null},{"date":"19050930","time":"0600","status":"TS","lat":33,"lon":-91.2,"wind_kt":35,"pressure_mb":null},{"date":"19050930","time":"1200","status":"TS","lat":34.1,"lon":-92,"wind_kt":35,"pressure_mb":null},{"date":"19050930","time":"1800","status":"TD","lat":34.8,"lon":-93.4,"wind_kt":30,"pressure_mb":null}]}},{"type":"Feature","geometry":{"type":"LineString","coordinates":[[-79.2,11],[-79,11],[-78.8,11.1],[-78.7,11.3],[-78.6,11.5],[-78.5,11.7],[-78.3,11.9],[-78.2,12.1],[-78.1,12.4],[-78,12.7],[-77.9,13.2],[-77.8,13.7],[-77.7,14.1],[-77.5,14.5],[-77,15.2],[-76.5,15.8],[-76,16.3],[-75.5,17],[-74.8,18.1],[-74.2,19.2],[-73.6,20.2],[-73,21],[-72.3,22.1],[-71.7,23.2],[-71.1,24.3],[-70.5,25.3],[-69.6,26.4],[-68.6,27.3],[-67.6,28.1],[-66.5,29],[-65,30.1],[-63.7,30.8],[-62.1,31.7],[-60.5,32.3],[-57.5,32.9],[-54.8,33.3],[-52.2,34],[-50,35],[-48.6,36.3],[-47.9,37.9],[-47.1,39.6],[-46,41],[-44.8,42.9],[-45,45.2],[-46,47],[-47.5,49],[-48.4,50.1],[-49.2,51],[-50.1,52.1],[-51,53],[-52.1,54]]},"properties":{"id":"hur-al041905","event_type":"hurricane","name":null,"year":1905,"max_wind_kt":105,"min_pressure_mb":945,"category":3,"preliminary":false,"start_date":"19051001","end_date":"19051013","track":[{"date":"19051001","time":"0600","status":"TD","lat":11,"lon":-79.2,"wind_kt":30,"pressure_mb":null},{"date":"19051001","time":"1200","status":"TD","lat":11,"lon":-79,"wind_kt":30,"pressure_mb":null},{"date":"19051001","time":"1800","status":"TD","lat":11.1,"lon":-78.8,"wind_kt":30,"pressure_mb":null},{"date":"19051002","time":"0000","status":"TD","lat":11.3,"lon":-78.7,"wind_kt":30,"pressure_mb":null},{"date":"19051002","time":"0600","status":"TD","lat":11.5,"lon":-78.6,"wind_kt":30,"pressure_mb":null},{"date":"19051002","time":"1200","status":"TD","lat":11.7,"lon":-78.5,"wind_kt":30,"pressure_mb":null},{"date":"19051002","time":"1800","status":"TD","lat":11.9,"lon":-78.3,"wind_kt":30,"pressure_mb":null},{"date":"19051003","time":"0000","status":"TS","lat":12.1,"lon":-78.2,"wind_kt":35,"pressure_mb":null},{"date":"19051003","time":"0600","status":"TS","lat":12.4,"lon":-78.1,"wind_kt":35,"pressure_mb":null},{"date":"19051003","time":"1200","status":"TS","lat":12.7,"lon":-78,"wind_kt":35,"pressure_mb":null},{"date":"19051003","time":"1800","status":"TS","lat":13.2,"lon":-77.9,"wind_kt":35,"pressure_mb":null},{"date":"19051004","time":"0000","status":"TS","lat":13.7,"lon":-77.8,"wind_kt":40,"pressure_mb":null},{"date":"19051004","time":"0600","status":"TS","lat":14.1,"lon":-77.7,"wind_kt":40,"pressure_mb":null},{"date":"19051004","time":"1200","status":"TS","lat":14.5,"lon":-77.5,"wind_kt":45,"pressure_mb":null},{"date":"19051004","time":"1800","status":"TS","lat":15.2,"lon":-77,"wind_kt":45,"pressure_mb":null},{"date":"19051005","time":"0000","status":"TS","lat":15.8,"lon":-76.5,"wind_kt":50,"pressure_mb":null},{"date":"19051005","time":"0600","status":"TS","lat":16.3,"lon":-76,"wind_kt":50,"pressure_mb":null},{"date":"19051005","time":"1200","status":"TS","lat":17,"lon":-75.5,"wind_kt":55,"pressure_mb":null},{"date":"19051005","time":"1800","status":"TS","lat":18.1,"lon":-74.8,"wind_kt":55,"pressure_mb":null},{"date":"19051006","time":"0000","status":"TS","lat":19.2,"lon":-74.2,"wind_kt":60,"pressure_mb":null},{"date":"19051006","time":"0600","status":"TS","lat":20.2,"lon":-73.6,"wind_kt":60,"pressure_mb":null},{"date":"19051006","time":"1200","status":"TS","lat":21,"lon":-73,"wind_kt":60,"pressure_mb":null},{"date":"19051006","time":"1800","status":"TS","lat":22.1,"lon":-72.3,"wind_kt":60,"pressure_mb":null},{"date":"19051007","time":"0000","status":"TS","lat":23.2,"lon":-71.7,"wind_kt":60,"pressure_mb":null},{"date":"19051007","time":"0600","status":"TS","lat":24.3,"lon":-71.1,"wind_kt":60,"pressure_mb":null},{"date":"19051007","time":"1200","status":"TS","lat":25.3,"lon":-70.5,"wind_kt":60,"pressure_mb":null},{"date":"19051007","time":"1800","status":"TS","lat":26.4,"lon":-69.6,"wind_kt":60,"pressure_mb":null},{"date":"19051008","time":"0000","status":"HU","lat":27.3,"lon":-68.6,"wind_kt":65,"pressure_mb":null},{"date":"19051008","time":"0600","status":"HU","lat":28.1,"lon":-67.6,"wind_kt":70,"pressure_mb":null},{"date":"19051008","time":"1200","status":"HU","lat":29,"lon":-66.5,"wind_kt":75,"pressure_mb":null},{"date":"19051008","time":"1800","status":"HU","lat":30.1,"lon":-65,"wind_kt":85,"pressure_mb":null},{"date":"19051009","time":"0000","status":"HU","lat":30.8,"lon":-63.7,"wind_kt":95,"pressure_mb":null},{"date":"19051009","time":"0600","status":"HU","lat":31.7,"lon":-62.1,"wind_kt":105,"pressure_mb":null},{"date":"19051009","time":"1200","status":"HU","lat":32.3,"lon":-60.5,"wind_kt":105,"pressure_mb":null},{"date":"19051009","time":"1800","status":"HU","lat":32.9,"lon":-57.5,"wind_kt":105,"pressure_mb":null},{"date":"19051010","time":"0000","status":"HU","lat":33.3,"lon":-54.8,"wind_kt":105,"pressure_mb":null},{"date":"19051010","time":"0600","status":"HU","lat":34,"lon":-52.2,"wind_kt":100,"pressure_mb":null},{"date":"19051010","time":"1200","status":"HU","lat":35,"lon":-50,"wind_kt":95,"pressure_mb":null},{"date":"19051010","time":"1800","status":"HU","lat":36.3,"lon":-48.6,"wind_kt":90,"pressure_mb":null},{"date":"19051011","time":"0000","status":"HU","lat":37.9,"lon":-47.9,"wind_kt":85,"pressure_mb":null},{"date":"19051011","time":"0600","status":"EX","lat":39.6,"lon":-47.1,"wind_kt":80,"pressure_mb":null},{"date":"19051011","time":"1200","status":"EX","lat":41,"lon":-46,"wind_kt":80,"pressure_mb":null},{"date":"19051011","time":"1800","status":"EX","lat":42.9,"lon":-44.8,"wind_kt":80,"pressure_mb":945},{"date":"19051012","time":"0000","status":"EX","lat":45.2,"lon":-45,"wind_kt":75,"pressure_mb":null},{"date":"19051012","time":"0600","status":"EX","lat":47,"lon":-46,"wind_kt":70,"pressure_mb":null},{"date":"19051012","time":"1200","status":"EX","lat":49,"lon":-47.5,"wind_kt":65,"pressure_mb":null},{"date":"19051012","time":"1800","status":"EX","lat":50.1,"lon":-48.4,"wind_kt":55,"pressure_mb":null},{"date":"19051013","time":"0000","status":"EX","lat":51,"lon":-49.2,"wind_kt":45,"pressure_mb":null},{"date":"19051013","time":"0600","status":"EX","lat":52.1,"lon":-50.1,"wind_kt":35,"pressure_mb":null},{"date":"19051013","time":"1200","status":"EX","lat":53,"lon":-51,"wind_kt":35,"pressure_mb":null},{"date":"19051013","time":"1800","status":"EX","lat":54,"lon":-52.1,"wind_kt":35,"pressure_mb":null}]}},{"type":"Feature","geometry":{"type":"LineString","coordinates":[[-88.9,23],[-89.5,23],[-89.9,23],[-90.4,23.1],[-90.8,23.3],[-91.1,23.6],[-91.6,24],[-92,24.4],[-92.4,24.9],[-92.6,25.2],[-92.7,25.6],[-92.7,25.8],[-92.6,26],[-92.5,26.3],[-92.4,26.7],[-92.3,27.3],[-92.2,28],[-92,28.7],[-91.4,29.5],[-91.3,29.6],[-90.5,30.7],[-89.8,32],[-88.7,33.5],[-86.5,34.7],[-84.3,35.6],[-82.4,36.4],[-80,37.3],[-77.7,38.5]]},"properties":{"id":"hur-al051905","event_type":"hurricane","name":null,"year":1905,"max_wind_kt":45,"min_pressure_mb":null,"category":0,"preliminary":false,"start_date":"19051005","end_date":"19051011","track":[{"date":"19051005","time":"0600","status":"TS","lat":23,"lon":-88.9,"wind_kt":35,"pressure_mb":null},{"date":"19051005","time":"1200","status":"TS","lat":23,"lon":-89.5,"wind_kt":40,"pressure_mb":null},{"date":"19051005","time":"1800","status":"TS","lat":23,"lon":-89.9,"wind_kt":40,"pressure_mb":null},{"date":"19051006","time":"0000","status":"TS","lat":23.1,"lon":-90.4,"wind_kt":40,"pressure_mb":null},{"date":"19051006","time":"0600","status":"TS","lat":23.3,"lon":-90.8,"wind_kt":40,"pressure_mb":null},{"date":"19051006","time":"1200","status":"TS","lat":23.6,"lon":-91.1,"wind_kt":40,"pressure_mb":null},{"date":"19051006","time":"1800","status":"TS","lat":24,"lon":-91.6,"wind_kt":40,"pressure_mb":null},{"date":"19051007","time":"0000","status":"TS","lat":24.4,"lon":-92,"wind_kt":40,"pressure_mb":null},{"date":"19051007","time":"0600","status":"TS","lat":24.9,"lon":-92.4,"wind_kt":40,"pressure_mb":null},{"date":"19051007","time":"1200","status":"TS","lat":25.2,"lon":-92.6,"wind_kt":40,"pressure_mb":null},{"date":"19051007","time":"1800","status":"TS","lat":25.6,"lon":-92.7,"wind_kt":40,"pressure_mb":null},{"date":"19051008","time":"0000","status":"TS","lat":25.8,"lon":-92.7,"wind_kt":45,"pressure_mb":null},{"date":"19051008","time":"0600","status":"TS","lat":26,"lon":-92.6,"wind_kt":45,"pressure_mb":null},{"date":"19051008","time":"1200","status":"TS","lat":26.3,"lon":-92.5,"wind_kt":45,"pressure_mb":null},{"date":"19051008","time":"1800","status":"TS","lat":26.7,"lon":-92.4,"wind_kt":45,"pressure_mb":null},{"date":"19051009","time":"0000","status":"TS","lat":27.3,"lon":-92.3,"wind_kt":45,"pressure_mb":null},{"date":"19051009","time":"0600","status":"TS","lat":28,"lon":-92.2,"wind_kt":45,"pressure_mb":null},{"date":"19051009","time":"1200","status":"TS","lat":28.7,"lon":-92,"wind_kt":45,"pressure_mb":null},{"date":"19051009","time":"1700","status":"TS","lat":29.5,"lon":-91.4,"wind_kt":45,"pressure_mb":null},{"date":"19051009","time":"1800","status":"TS","lat":29.6,"lon":-91.3,"wind_kt":40,"pressure_mb":null},{"date":"19051010","time":"0000","status":"TS","lat":30.7,"lon":-90.5,"wind_kt":35,"pressure_mb":null},{"date":"19051010","time":"0600","status":"EX","lat":32,"lon":-89.8,"wind_kt":30,"pressure_mb":null},{"date":"19051010","time":"1200","status":"EX","lat":33.5,"lon":-88.7,"wind_kt":25,"pressure_mb":null},{"date":"19051010","time":"1800","status":"EX","lat":34.7,"lon":-86.5,"wind_kt":25,"pressure_mb":null},{"date":"19051011","time":"0000","status":"EX","lat":35.6,"lon":-84.3,"wind_kt":25,"pressure_mb":null},{"date":"19051011","time":"0600","status":"EX","lat":36.4,"lon":-82.4,"wind_kt":25,"pressure_mb":null},{"date":"19051011","time":"1200","status":"EX","lat":37.3,"lon":-80,"wind_kt":25,"pressure_mb":null},{"date":"19051011","time":"1800","status":"EX","lat":38.5,"lon":-77.7,"wind_kt":25,"pressure_mb":null}]}},{"type":"Feature","geometry":{"type":"LineString","coordinates":[[-83.6,19.4],[-83.7,20.4],[-83.8,21.4],[-83.9,22.2],[-84,23],[-84.1,23.5],[-84.2,23.9],[-84.2,24.4],[-84.3,25],[-84.4,25.4],[-84.6,25.8],[-84.8,26.1],[-85,26.5],[-85.2,27],[-85.4,27.5],[-85.5,28],[-85.5,28.7],[-85.6,29.6],[-85.6,30.1],[-85.6,30.7],[-85.7,31.8],[-85.7,33],[-86.5,34.6],[-87.7,36.2],[-89.1,38],[-89.5,40],[-89.8,41.8]]},"properties":{"id":"hur-al011906","event_type":"hurricane","name":null,"year":1906,"max_wind_kt":45,"min_pressure_mb":null,"category":0,"preliminary":false,"start_date":"19060608","end_date":"19060614","track":[{"date":"19060608","time":"1200","status":"TS","lat":19.4,"lon":-83.6,"wind_kt":35,"pressure_mb":null},{"date":"19060608","time":"1800","status":"TS","lat":20.4,"lon":-83.7,"wind_kt":35,"pressure_mb":null},{"date":"19060609","time":"0000","status":"TS","lat":21.4,"lon":-83.8,"wind_kt":35,"pressure_mb":null},{"date":"19060609","time":"0600","status":"TS","lat":22.2,"lon":-83.9,"wind_kt":35,"pressure_mb":null},{"date":"19060609","time":"1200","status":"TS","lat":23,"lon":-84,"wind_kt":40,"pressure_mb":null},{"date":"19060609","time":"1800","status":"TS","lat":23.5,"lon":-84.1,"wind_kt":45,"pressure_mb":null},{"date":"19060610","time":"0000","status":"TS","lat":23.9,"lon":-84.2,"wind_kt":45,"pressure_mb":null},{"date":"19060610","time":"0600","status":"TS","lat":24.4,"lon":-84.2,"wind_kt":45,"pressure_mb":null},{"date":"19060610","time":"1200","status":"TS","lat":25,"lon":-84.3,"wind_kt":45,"pressure_mb":null},{"date":"19060610","time":"1800","status":"TS","lat":25.4,"lon":-84.4,"wind_kt":45,"pressure_mb":null},{"date":"19060611","time":"0000","status":"TS","lat":25.8,"lon":-84.6,"wind_kt":45,"pressure_mb":null},{"date":"19060611","time":"0600","status":"TS","lat":26.1,"lon":-84.8,"wind_kt":45,"pressure_mb":null},{"date":"19060611","time":"1200","status":"TS","lat":26.5,"lon":-85,"wind_kt":45,"pressure_mb":null},{"date":"19060611","time":"1800","status":"TS","lat":27,"lon":-85.2,"wind_kt":45,"pressure_mb":null},{"date":"19060612","time":"0000","status":"TS","lat":27.5,"lon":-85.4,"wind_kt":45,"pressure_mb":null},{"date":"19060612","time":"0600","status":"TS","lat":28,"lon":-85.5,"wind_kt":45,"pressure_mb":null},{"date":"19060612","time":"1200","status":"TS","lat":28.7,"lon":-85.5,"wind_kt":45,"pressure_mb":null},{"date":"19060612","time":"1800","status":"TS","lat":29.6,"lon":-85.6,"wind_kt":45,"pressure_mb":null},{"date":"19060612","time":"2000","status":"TS","lat":30.1,"lon":-85.6,"wind_kt":45,"pressure_mb":null},{"date":"19060613","time":"0000","status":"TS","lat":30.7,"lon":-85.6,"wind_kt":40,"pressure_mb":null},{"date":"19060613","time":"0600","status":"TS","lat":31.8,"lon":-85.7,"wind_kt":35,"pressure_mb":null},{"date":"19060613","time":"1200","status":"TS","lat":33,"lon":-85.7,"wind_kt":35,"pressure_mb":null},{"date":"19060613","time":"1800","status":"TD","lat":34.6,"lon":-86.5,"wind_kt":30,"pressure_mb":null},{"date":"19060614","time":"0000","status":"EX","lat":36.2,"lon":-87.7,"wind_kt":30,"pressure_mb":null},{"date":"19060614","time":"0600","status":"EX","lat":38,"lon":-89.1,"wind_kt":30,"pressure_mb":null},{"date":"19060614","time":"1200","status":"EX","lat":40,"lon":-89.5,"wind_kt":30,"pressure_mb":null},{"date":"19060614","time":"1800","status":"EX","lat":41.8,"lon":-89.8,"wind_kt":30,"pressure_mb":null}]}},{"type":"Feature","geometry":{"type":"LineString","coordinates":[[-76.4,22.9],[-77.5,23],[-78.2,23.1],[-79,23.1],[-79.8,23.2],[-80.5,23.3],[-80.8,23.3],[-81.1,23.3],[-81.3,23.3],[-81.5,23.5],[-81.5,24],[-81.3,24.5],[-81.1,24.7],[-80.9,25],[-80.7,25.2],[-80.3,25.7],[-79,26.7],[-77.5,28.1],[-76.1,29.5],[-74.7,31],[-73.4,32.4],[-72.3,33.8],[-71.2,35.1],[-69.5,36.3],[-68.2,36.7],[-67.2,36.6],[-66,36.3],[-65,36],[-64.6,35.7],[-64.1,35.4],[-63.6,35.1],[-63,35],[-62.3,35.2],[-61.6,35.6],[-60.8,35.8],[-60,36],[-59,36.3],[-57.8,36.5],[-56.5,36.8],[-55.1,37],[-53,37.3]]},"properties":{"id":"hur-al021906","event_type":"hurricane","name":null,"year":1906,"max_wind_kt":90,"min_pressure_mb":979,"category":2,"preliminary":false,"start_date":"19060614","end_date":"19060623","track":[{"date":"19060614","time":"0600","status":"TS","lat":22.9,"lon":-76.4,"wind_kt":35,"pressure_mb":null},{"date":"19060614","time":"1200","status":"TS","lat":23,"lon":-77.5,"wind_kt":35,"pressure_mb":null},{"date":"19060614","time":"1800","status":"TS","lat":23.1,"lon":-78.2,"wind_kt":35,"pressure_mb":null},{"date":"19060615","time":"0000","status":"TS","lat":23.1,"lon":-79,"wind_kt":35,"pressure_mb":null},{"date":"19060615","time":"0600","status":"TS","lat":23.2,"lon":-79.8,"wind_kt":40,"pressure_mb":null},{"date":"19060615","time":"1200","status":"TS","lat":23.3,"lon":-80.5,"wind_kt":40,"pressure_mb":null},{"date":"19060615","time":"1800","status":"TS","lat":23.3,"lon":-80.8,"wind_kt":45,"pressure_mb":null},{"date":"19060616","time":"0000","status":"TS","lat":23.3,"lon":-81.1,"wind_kt":50,"pressure_mb":null},{"date":"19060616","time":"0600","status":"TS","lat":23.3,"lon":-81.3,"wind_kt":55,"pressure_mb":null},{"date":"19060616","time":"1200","status":"TS","lat":23.5,"lon":-81.5,"wind_kt":60,"pressure_mb":null},{"date":"19060616","time":"1800","status":"HU","lat":24,"lon":-81.5,"wind_kt":65,"pressure_mb":null},{"date":"19060617","time":"0000","status":"HU","lat":24.5,"lon":-81.3,"wind_kt":70,"pressure_mb":null},{"date":"19060617","time":"0300","status":"HU","lat":24.7,"lon":-81.1,"wind_kt":70,"pressure_mb":null},{"date":"19060617","time":"0600","status":"HU","lat":25,"lon":-80.9,"wind_kt":75,"pressure_mb":979},{"date":"19060617","time":"0800","status":"HU","lat":25.2,"lon":-80.7,"wind_kt":75,"pressure_mb":979},{"date":"19060617","time":"1200","status":"HU","lat":25.7,"lon":-80.3,"wind_kt":75,"pressure_mb":null},{"date":"19060617","time":"1800","status":"HU","lat":26.7,"lon":-79,"wind_kt":75,"pressure_mb":null},{"date":"19060618","time":"0000","status":"HU","lat":28.1,"lon":-77.5,"wind_kt":80,"pressure_mb":null},{"date":"19060618","time":"0600","status":"HU","lat":29.5,"lon":-76.1,"wind_kt":80,"pressure_mb":null},{"date":"19060618","time":"1200","status":"HU","lat":31,"lon":-74.7,"wind_kt":85,"pressure_mb":null},{"date":"19060618","time":"1800","status":"HU","lat":32.4,"lon":-73.4,"wind_kt":85,"pressure_mb":null},{"date":"19060619","time":"0000","status":"HU","lat":33.8,"lon":-72.3,"wind_kt":90,"pressure_mb":null},{"date":"19060619","time":"0600","status":"HU","lat":35.1,"lon":-71.2,"wind_kt":90,"pressure_mb":null},{"date":"19060619","time":"1200","status":"HU","lat":36.3,"lon":-69.5,"wind_kt":90,"pressure_mb":null},{"date":"19060619","time":"1800","status":"HU","lat":36.7,"lon":-68.2,"wind_kt":85,"pressure_mb":null},{"date":"19060620","time":"0000","status":"HU","lat":36.6,"lon":-67.2,"wind_kt":80,"pressure_mb":null},{"date":"19060620","time":"0600","status":"HU","lat":36.3,"lon":-66,"wind_kt":75,"pressure_mb":null},{"date":"19060620","time":"1200","status":"HU","lat":36,"lon":-65,"wind_kt":65,"pressure_mb":null},{"date":"19060620","time":"1800","status":"HU","lat":35.7,"lon":-64.6,"wind_kt":65,"pressure_mb":null},{"date":"19060621","time":"0000","status":"TS","lat":35.4,"lon":-64.1,"wind_kt":55,"pressure_mb":null},{"date":"19060621","time":"0600","status":"TS","lat":35.1,"lon":-63.6,"wind_kt":50,"pressure_mb":null},{"date":"19060621","time":"1200","status":"TS","lat":35,"lon":-63,"wind_kt":45,"pressure_mb":null},{"date":"19060621","time":"1800","status":"TS","lat":35.2,"lon":-62.3,"wind_kt":45,"pressure_mb":null},{"date":"19060622","time":"0000","status":"TS","lat":35.6,"lon":-61.6,"wind_kt":45,"pressure_mb":null},{"date":"19060622","time":"0600","status":"TS","lat":35.8,"lon":-60.8,"wind_kt":40,"pressure_mb":null},{"date":"19060622","time":"1200","status":"TS","lat":36,"lon":-60,"wind_kt":40,"pressure_mb":null},{"date":"19060622","time":"1800","status":"TS","lat":36.3,"lon":-59,"wind_kt":40,"pressure_mb":null},{"date":"19060623","time":"0000","status":"TS","lat":36.5,"lon":-57.8,"wind_kt":35,"pressure_mb":null},{"date":"19060623","time":"0600","status":"TS","lat":36.8,"lon":-56.5,"wind_kt":35,"pressure_mb":null},{"date":"19060623","time":"1200","status":"TS","lat":37,"lon":-55.1,"wind_kt":35,"pressure_mb":null},{"date":"19060623","time":"1800","status":"EX","lat":37.3,"lon":-53,"wind_kt":30,"pressure_mb":null}]}},{"type":"Feature","geometry":{"type":"LineString","coordinates":[[-53.1,28.7],[-54,29],[-54.8,29.4],[-55.6,29.9],[-56.5,30.5],[-56.7,31.3],[-56.4,32.1],[-55.8,32.6],[-55.1,33],[-54.1,33.8],[-52.8,34.9],[-51.2,36.4],[-49.7,37.5],[-48,39],[-46.3,40.2]]},"properties":{"id":"hur-al031906","event_type":"hurricane","name":null,"year":1906,"max_wind_kt":60,"min_pressure_mb":null,"category":0,"preliminary":false,"start_date":"19060822","end_date":"19060825","track":[{"date":"19060822","time":"0600","status":"TD","lat":28.7,"lon":-53.1,"wind_kt":30,"pressure_mb":null},{"date":"19060822","time":"1200","status":"TD","lat":29,"lon":-54,"wind_kt":30,"pressure_mb":null},{"date":"19060822","time":"1800","status":"TD","lat":29.4,"lon":-54.8,"wind_kt":30,"pressure_mb":null},{"date":"19060823","time":"0000","status":"TS","lat":29.9,"lon":-55.6,"wind_kt":35,"pressure_mb":null},{"date":"19060823","time":"0600","status":"TS","lat":30.5,"lon":-56.5,"wind_kt":35,"pressure_mb":null},{"date":"19060823","time":"1200","status":"TS","lat":31.3,"lon":-56.7,"wind_kt":40,"pressure_mb":null},{"date":"19060823","time":"1800","status":"TS","lat":32.1,"lon":-56.4,"wind_kt":45,"pressure_mb":null},{"date":"19060824","time":"0000","status":"TS","lat":32.6,"lon":-55.8,"wind_kt":50,"pressure_mb":null},{"date":"19060824","time":"0600","status":"TS","lat":33,"lon":-55.1,"wind_kt":55,"pressure_mb":null},{"date":"19060824","time":"1200","status":"TS","lat":33.8,"lon":-54.1,"wind_kt":60,"pressure_mb":null},{"date":"19060824","time":"1800","status":"TS","lat":34.9,"lon":-52.8,"wind_kt":60,"pressure_mb":null},{"date":"19060825","time":"0000","status":"TS","lat":36.4,"lon":-51.2,"wind_kt":55,"pressure_mb":null},{"date":"19060825","time":"0600","status":"EX","lat":37.5,"lon":-49.7,"wind_kt":50,"pressure_mb":null},{"date":"19060825","time":"1200","status":"EX","lat":39,"lon":-48,"wind_kt":45,"pressure_mb":null},{"date":"19060825","time":"1800","status":"EX","lat":40.2,"lon":-46.3,"wind_kt":40,"pressure_mb":null}]}},{"type":"Feature","geometry":{"type":"LineString","coordinates":[[-21,14],[-22.5,14],[-24,14],[-25.5,14],[-27,14],[-28.5,14],[-30,14],[-31.5,14],[-33,14],[-34.6,14],[-36.2,13.9],[-37.8,13.9],[-39.5,13.8],[-41.2,13.8],[-42.8,13.7],[-44.4,13.7],[-46,13.6],[-47.7,13.6],[-49.3,13.6],[-50.9,13.5],[-52.5,13.5],[-54,13.7],[-55.3,14.1],[-56.5,14.5],[-57.5,15],[-58.3,15.5],[-59,16],[-60,16.5],[-60.7,17],[-61.4,17.5],[-62.2,18],[-63.1,18.5],[-64,19],[-64.7,19.3],[-65.4,19.6],[-66,19.8],[-66.7,20],[-67.6,20.3],[-68.3,20.6],[-69,20.9],[-69.6,21.3],[-70.2,21.6],[-70.8,22.1],[-71.4,22.5],[-72,23.1],[-72.7,23.5],[-73.4,23.9],[-74,24.4],[-74.7,25],[-75.6,25.8],[-76.4,26.8],[-76.6,27.9],[-76,29],[-74.8,29.5],[-73.5,29.8],[-72.1,30],[-70.5,30.3],[-69.3,30.7],[-68.1,31.3],[-66.9,31.9],[-65.7,32.5],[-64.3,33.6],[-62.9,34.7],[-61.4,35.8],[-60,37],[-56.9,38.4],[-52.8,40],[-48.8,42.2],[-45,45],[-40.4,47.5],[-35.4,49.5],[-30.3,51.3],[-25,53],[-20.3,54]]},"properties":{"id":"hur-al041906","event_type":"hurricane","name":null,"year":1906,"max_wind_kt":115,"min_pressure_mb":950,"category":4,"preliminary":false,"start_date":"19060825","end_date":"19060912","track":[{"date":"19060825","time":"1200","status":"TS","lat":14,"lon":-21,"wind_kt":35,"pressure_mb":null},{"date":"19060825","time":"1800","status":"TS","lat":14,"lon":-22.5,"wind_kt":35,"pressure_mb":null},{"date":"19060826","time":"0000","status":"TS","lat":14,"lon":-24,"wind_kt":40,"pressure_mb":null},{"date":"19060826","time":"0600","status":"TS","lat":14,"lon":-25.5,"wind_kt":40,"pressure_mb":null},{"date":"19060826","time":"1200","status":"TS","lat":14,"lon":-27,"wind_kt":45,"pressure_mb":null},{"date":"19060826","time":"1800","status":"TS","lat":14,"lon":-28.5,"wind_kt":45,"pressure_mb":null},{"date":"19060827","time":"0000","status":"TS","lat":14,"lon":-30,"wind_kt":50,"pressure_mb":null},{"date":"19060827","time":"0600","status":"TS","lat":14,"lon":-31.5,"wind_kt":50,"pressure_mb":null},{"date":"19060827","time":"1200","status":"TS","lat":14,"lon":-33,"wind_kt":55,"pressure_mb":null},{"date":"19060827","time":"1800","status":"TS","lat":14,"lon":-34.6,"wind_kt":55,"pressure_mb":null},{"date":"19060828","time":"0000","status":"TS","lat":13.9,"lon":-36.2,"wind_kt":60,"pressure_mb":null},{"date":"19060828","time":"0600","status":"TS","lat":13.9,"lon":-37.8,"wind_kt":60,"pressure_mb":null},{"date":"19060828","time":"1200","status":"HU","lat":13.8,"lon":-39.5,"wind_kt":65,"pressure_mb":null},{"date":"19060828","time":"1800","status":"HU","lat":13.8,"lon":-41.2,"wind_kt":65,"pressure_mb":null},{"date":"19060829","time":"0000","status":"HU","lat":13.7,"lon":-42.8,"wind_kt":70,"pressure_mb":null},{"date":"19060829","time":"0600","status":"HU","lat":13.7,"lon":-44.4,"wind_kt":70,"pressure_mb":null},{"date":"19060829","time":"1200","status":"HU","lat":13.6,"lon":-46,"wind_kt":70,"pressure_mb":null},{"date":"19060829","time":"1800","status":"HU","lat":13.6,"lon":-47.7,"wind_kt":70,"pressure_mb":null},{"date":"19060830","time":"0000","status":"HU","lat":13.6,"lon":-49.3,"wind_kt":75,"pressure_mb":null},{"date":"19060830","time":"0600","status":"HU","lat":13.5,"lon":-50.9,"wind_kt":75,"pressure_mb":null},{"date":"19060830","time":"1200","status":"HU","lat":13.5,"lon":-52.5,"wind_kt":75,"pressure_mb":null},{"date":"19060830","time":"1800","status":"HU","lat":13.7,"lon":-54,"wind_kt":80,"pressure_mb":null},{"date":"19060831","time":"0000","status":"HU","lat":14.1,"lon":-55.3,"wind_kt":80,"pressure_mb":null},{"date":"19060831","time":"0600","status":"HU","lat":14.5,"lon":-56.5,"wind_kt":80,"pressure_mb":null},{"date":"19060831","time":"1200","status":"HU","lat":15,"lon":-57.5,"wind_kt":85,"pressure_mb":null},{"date":"19060831","time":"1800","status":"HU","lat":15.5,"lon":-58.3,"wind_kt":85,"pressure_mb":null},{"date":"19060901","time":"0000","status":"HU","lat":16,"lon":-59,"wind_kt":85,"pressure_mb":null},{"date":"19060901","time":"0600","status":"HU","lat":16.5,"lon":-60,"wind_kt":85,"pressure_mb":null},{"date":"19060901","time":"1200","status":"HU","lat":17,"lon":-60.7,"wind_kt":90,"pressure_mb":null},{"date":"19060901","time":"1800","status":"HU","lat":17.5,"lon":-61.4,"wind_kt":90,"pressure_mb":null},{"date":"19060902","time":"0000","status":"HU","lat":18,"lon":-62.2,"wind_kt":90,"pressure_mb":null},{"date":"19060902","time":"0600","status":"HU","lat":18.5,"lon":-63.1,"wind_kt":90,"pressure_mb":null},{"date":"19060902","time":"1200","status":"HU","lat":19,"lon":-64,"wind_kt":90,"pressure_mb":null},{"date":"19060902","time":"1800","status":"HU","lat":19.3,"lon":-64.7,"wind_kt":95,"pressure_mb":null},{"date":"19060903","time":"0000","status":"HU","lat":19.6,"lon":-65.4,"wind_kt":95,"pressure_mb":null},{"date":"19060903","time":"0600","status":"HU","lat":19.8,"lon":-66,"wind_kt":100,"pressure_mb":null},{"date":"19060903","time":"1200","status":"HU","lat":20,"lon":-66.7,"wind_kt":100,"pressure_mb":null},{"date":"19060903","time":"1800","status":"HU","lat":20.3,"lon":-67.6,"wind_kt":105,"pressure_mb":null},{"date":"19060904","time":"0000","status":"HU","lat":20.6,"lon":-68.3,"wind_kt":105,"pressure_mb":null},{"date":"19060904","time":"0600","status":"HU","lat":20.9,"lon":-69,"wind_kt":110,"pressure_mb":null},{"date":"19060904","time":"1200","status":"HU","lat":21.3,"lon":-69.6,"wind_kt":110,"pressure_mb":null},{"date":"19060904","time":"1800","status":"HU","lat":21.6,"lon":-70.2,"wind_kt":110,"pressure_mb":null},{"date":"19060905","time":"0000","status":"HU","lat":22.1,"lon":-70.8,"wind_kt":115,"pressure_mb":null},{"date":"19060905","time":"0600","status":"HU","lat":22.5,"lon":-71.4,"wind_kt":115,"pressure_mb":null},{"date":"19060905","time":"1200","status":"HU","lat":23.1,"lon":-72,"wind_kt":115,"pressure_mb":null},{"date":"19060905","time":"1800","status":"HU","lat":23.5,"lon":-72.7,"wind_kt":115,"pressure_mb":null},{"date":"19060906","time":"0000","status":"HU","lat":23.9,"lon":-73.4,"wind_kt":115,"pressure_mb":null},{"date":"19060906","time":"0600","status":"HU","lat":24.4,"lon":-74,"wind_kt":115,"pressure_mb":null},{"date":"19060906","time":"1200","status":"HU","lat":25,"lon":-74.7,"wind_kt":115,"pressure_mb":null},{"date":"19060906","time":"1800","status":"HU","lat":25.8,"lon":-75.6,"wind_kt":110,"pressure_mb":null},{"date":"19060907","time":"0000","status":"HU","lat":26.8,"lon":-76.4,"wind_kt":110,"pressure_mb":null},{"date":"19060907","time":"0600","status":"HU","lat":27.9,"lon":-76.6,"wind_kt":110,"pressure_mb":null},{"date":"19060907","time":"1200","status":"HU","lat":29,"lon":-76,"wind_kt":110,"pressure_mb":null},{"date":"19060907","time":"1800","status":"HU","lat":29.5,"lon":-74.8,"wind_kt":110,"pressure_mb":null},{"date":"19060908","time":"0000","status":"HU","lat":29.8,"lon":-73.5,"wind_kt":110,"pressure_mb":null},{"date":"19060908","time":"0600","status":"HU","lat":30,"lon":-72.1,"wind_kt":110,"pressure_mb":null},{"date":"19060908","time":"1200","status":"HU","lat":30.3,"lon":-70.5,"wind_kt":110,"pressure_mb":null},{"date":"19060908","time":"1800","status":"HU","lat":30.7,"lon":-69.3,"wind_kt":110,"pressure_mb":null},{"date":"19060909","time":"0000","status":"HU","lat":31.3,"lon":-68.1,"wind_kt":105,"pressure_mb":null},{"date":"19060909","time":"0600","status":"HU","lat":31.9,"lon":-66.9,"wind_kt":105,"pressure_mb":null},{"date":"19060909","time":"1200","status":"HU","lat":32.5,"lon":-65.7,"wind_kt":105,"pressure_mb":null},{"date":"19060909","time":"1800","status":"HU","lat":33.6,"lon":-64.3,"wind_kt":105,"pressure_mb":null},{"date":"19060910","time":"0000","status":"HU","lat":34.7,"lon":-62.9,"wind_kt":100,"pressure_mb":null},{"date":"19060910","time":"0600","status":"HU","lat":35.8,"lon":-61.4,"wind_kt":100,"pressure_mb":null},{"date":"19060910","time":"1200","status":"HU","lat":37,"lon":-60,"wind_kt":100,"pressure_mb":null},{"date":"19060910","time":"1800","status":"HU","lat":38.4,"lon":-56.9,"wind_kt":100,"pressure_mb":null},{"date":"19060911","time":"0000","status":"HU","lat":40,"lon":-52.8,"wind_kt":95,"pressure_mb":950},{"date":"19060911","time":"0600","status":"HU","lat":42.2,"lon":-48.8,"wind_kt":85,"pressure_mb":null},{"date":"19060911","time":"1200","status":"EX","lat":45,"lon":-45,"wind_kt":75,"pressure_mb":null},{"date":"19060911","time":"1800","status":"EX","lat":47.5,"lon":-40.4,"wind_kt":65,"pressure_mb":null},{"date":"19060912","time":"0000","status":"EX","lat":49.5,"lon":-35.4,"wind_kt":60,"pressure_mb":null},{"date":"19060912","time":"0600","status":"EX","lat":51.3,"lon":-30.3,"wind_kt":55,"pressure_mb":null},{"date":"19060912","time":"1200","status":"EX","lat":53,"lon":-25,"wind_kt":50,"pressure_mb":null},{"date":"19060912","time":"1800","status":"EX","lat":54,"lon":-20.3,"wind_kt":45,"pressure_mb":null}]}},{"type":"Feature","geometry":{"type":"LineString","coordinates":[[-33,10.2],[-33.7,10.3],[-34.2,10.3],[-34.9,10.4],[-35.7,10.5],[-36.6,10.6],[-37.6,10.9],[-38.5,11.2],[-39.5,11.6],[-40.5,12],[-41.4,12.4],[-42.3,12.8],[-43.2,13.2],[-44.2,13.7],[-44.9,14.1],[-45.6,14.6],[-46.2,15.1],[-46.6,15.3],[-47.1,15.5],[-47.5,15.7],[-48,16],[-48.4,16.4],[-48.8,16.9],[-49.1,17.5],[-49.3,18],[-49.6,18.4],[-49.9,18.8],[-50.3,19.3],[-50.7,19.7],[-51.3,20.2],[-52.1,20.6],[-53,20.8],[-54,21],[-55.3,21.4],[-56.5,21.8],[-57.7,22.2],[-59,22.7],[-60.2,23],[-61.2,23.2],[-62.3,23.6],[-63.3,24.3],[-64.1,25.3],[-64.7,26.6],[-65.5,27.9],[-66.3,29],[-66.7,29.5],[-67.1,29.9],[-67.5,30.2],[-68,30.5],[-68.5,30.9],[-69,31.2],[-69.7,31.5],[-70.7,31.7],[-72,32],[-73.4,32],[-75.1,32.1],[-76.7,32.3],[-78.2,32.9],[-79.2,33.3],[-79.8,33.5],[-81.5,34.3],[-83,35],[-84.5,35.5]]},"properties":{"id":"hur-al051906","event_type":"hurricane","name":null,"year":1906,"max_wind_kt":80,"min_pressure_mb":977,"category":1,"preliminary":false,"start_date":"19060903","end_date":"19060918","track":[{"date":"19060903","time":"1200","status":"TS","lat":10.2,"lon":-33,"wind_kt":35,"pressure_mb":null},{"date":"19060903","time":"1800","status":"TS","lat":10.3,"lon":-33.7,"wind_kt":35,"pressure_mb":null},{"date":"19060904","time":"0000","status":"TS","lat":10.3,"lon":-34.2,"wind_kt":35,"pressure_mb":null},{"date":"19060904","time":"0600","status":"TS","lat":10.4,"lon":-34.9,"wind_kt":35,"pressure_mb":null},{"date":"19060904","time":"1200","status":"TS","lat":10.5,"lon":-35.7,"wind_kt":35,"pressure_mb":null},{"date":"19060904","time":"1800","status":"TS","lat":10.6,"lon":-36.6,"wind_kt":35,"pressure_mb":null},{"date":"19060905","time":"0000","status":"TS","lat":10.9,"lon":-37.6,"wind_kt":35,"pressure_mb":null},{"date":"19060905","time":"0600","status":"TS","lat":11.2,"lon":-38.5,"wind_kt":35,"pressure_mb":null},{"date":"19060905","time":"1200","status":"TS","lat":11.6,"lon":-39.5,"wind_kt":35,"pressure_mb":null},{"date":"19060905","time":"1800","status":"TS","lat":12,"lon":-40.5,"wind_kt":35,"pressure_mb":null},{"date":"19060906","time":"0000","status":"TS","lat":12.4,"lon":-41.4,"wind_kt":35,"pressure_mb":null},{"date":"19060906","time":"0600","status":"TS","lat":12.8,"lon":-42.3,"wind_kt":35,"pressure_mb":null},{"date":"19060906","time":"1200","status":"TS","lat":13.2,"lon":-43.2,"wind_kt":35,"pressure_mb":null},{"date":"19060906","time":"1800","status":"TS","lat":13.7,"lon":-44.2,"wind_kt":35,"pressure_mb":null},{"date":"19060907","time":"0000","status":"TS","lat":14.1,"lon":-44.9,"wind_kt":40,"pressure_mb":null},{"date":"19060907","time":"0600","status":"TS","lat":14.6,"lon":-45.6,"wind_kt":40,"pressure_mb":null},{"date":"19060907","time":"1200","status":"TS","lat":15.1,"lon":-46.2,"wind_kt":40,"pressure_mb":null},{"date":"19060907","time":"1800","status":"TS","lat":15.3,"lon":-46.6,"wind_kt":40,"pressure_mb":null},{"date":"19060908","time":"0000","status":"TS","lat":15.5,"lon":-47.1,"wind_kt":40,"pressure_mb":null},{"date":"19060908","time":"0600","status":"TS","lat":15.7,"lon":-47.5,"wind_kt":40,"pressure_mb":null},{"date":"19060908","time":"1200","status":"TS","lat":16,"lon":-48,"wind_kt":40,"pressure_mb":null},{"date":"19060908","time":"1800","status":"TS","lat":16.4,"lon":-48.4,"wind_kt":40,"pressure_mb":null},{"date":"19060909","time":"0000","status":"TS","lat":16.9,"lon":-48.8,"wind_kt":45,"pressure_mb":null},{"date":"19060909","time":"0600","status":"TS","lat":17.5,"lon":-49.1,"wind_kt":45,"pressure_mb":null},{"date":"19060909","time":"1200","status":"TS","lat":18,"lon":-49.3,"wind_kt":45,"pressure_mb":null},{"date":"19060909","time":"1800","status":"TS","lat":18.4,"lon":-49.6,"wind_kt":45,"pressure_mb":null},{"date":"19060910","time":"0000","status":"TS","lat":18.8,"lon":-49.9,"wind_kt":50,"pressure_mb":null},{"date":"19060910","time":"0600","status":"TS","lat":19.3,"lon":-50.3,"wind_kt":50,"pressure_mb":null},{"date":"19060910","time":"1200","status":"TS","lat":19.7,"lon":-50.7,"wind_kt":50,"pressure_mb":null},{"date":"19060910","time":"1800","status":"TS","lat":20.2,"lon":-51.3,"wind_kt":50,"pressure_mb":null},{"date":"19060911","time":"0000","status":"TS","lat":20.6,"lon":-52.1,"wind_kt":55,"pressure_mb":null},{"date":"19060911","time":"0600","status":"TS","lat":20.8,"lon":-53,"wind_kt":55,"pressure_mb":null},{"date":"19060911","time":"1200","status":"TS","lat":21,"lon":-54,"wind_kt":55,"pressure_mb":null},{"date":"19060911","time":"1800","status":"TS","lat":21.4,"lon":-55.3,"wind_kt":55,"pressure_mb":null},{"date":"19060912","time":"0000","status":"TS","lat":21.8,"lon":-56.5,"wind_kt":60,"pressure_mb":null},{"date":"19060912","time":"0600","status":"TS","lat":22.2,"lon":-57.7,"wind_kt":60,"pressure_mb":null},{"date":"19060912","time":"1200","status":"HU","lat":22.7,"lon":-59,"wind_kt":65,"pressure_mb":null},{"date":"19060912","time":"1800","status":"HU","lat":23,"lon":-60.2,"wind_kt":65,"pressure_mb":null},{"date":"19060913","time":"0000","status":"HU","lat":23.2,"lon":-61.2,"wind_kt":70,"pressure_mb":null},{"date":"19060913","time":"0600","status":"HU","lat":23.6,"lon":-62.3,"wind_kt":70,"pressure_mb":null},{"date":"19060913","time":"1200","status":"HU","lat":24.3,"lon":-63.3,"wind_kt":75,"pressure_mb":null},{"date":"19060913","time":"1800","status":"HU","lat":25.3,"lon":-64.1,"wind_kt":75,"pressure_mb":null},{"date":"19060914","time":"0000","status":"HU","lat":26.6,"lon":-64.7,"wind_kt":80,"pressure_mb":null},{"date":"19060914","time":"0600","status":"HU","lat":27.9,"lon":-65.5,"wind_kt":80,"pressure_mb":null},{"date":"19060914","time":"1200","status":"HU","lat":29,"lon":-66.3,"wind_kt":80,"pressure_mb":null},{"date":"19060914","time":"1800","status":"HU","lat":29.5,"lon":-66.7,"wind_kt":80,"pressure_mb":null},{"date":"19060915","time":"0000","status":"HU","lat":29.9,"lon":-67.1,"wind_kt":80,"pressure_mb":null},{"date":"19060915","time":"0600","status":"HU","lat":30.2,"lon":-67.5,"wind_kt":80,"pressure_mb":null},{"date":"19060915","time":"1200","status":"HU","lat":30.5,"lon":-68,"wind_kt":80,"pressure_mb":null},{"date":"19060915","time":"1800","status":"HU","lat":30.9,"lon":-68.5,"wind_kt":80,"pressure_mb":null},{"date":"19060916","time":"0000","status":"HU","lat":31.2,"lon":-69,"wind_kt":80,"pressure_mb":null},{"date":"19060916","time":"0600","status":"HU","lat":31.5,"lon":-69.7,"wind_kt":80,"pressure_mb":null},{"date":"19060916","time":"1200","status":"HU","lat":31.7,"lon":-70.7,"wind_kt":80,"pressure_mb":null},{"date":"19060916","time":"1800","status":"HU","lat":32,"lon":-72,"wind_kt":80,"pressure_mb":null},{"date":"19060917","time":"0000","status":"HU","lat":32,"lon":-73.4,"wind_kt":80,"pressure_mb":null},{"date":"19060917","time":"0600","status":"HU","lat":32.1,"lon":-75.1,"wind_kt":80,"pressure_mb":null},{"date":"19060917","time":"1200","status":"HU","lat":32.3,"lon":-76.7,"wind_kt":80,"pressure_mb":null},{"date":"19060917","time":"1800","status":"HU","lat":32.9,"lon":-78.2,"wind_kt":80,"pressure_mb":977},{"date":"19060917","time":"2200","status":"HU","lat":33.3,"lon":-79.2,"wind_kt":80,"pressure_mb":977},{"date":"19060918","time":"0000","status":"TS","lat":33.5,"lon":-79.8,"wind_kt":60,"pressure_mb":null},{"date":"19060918","time":"0600","status":"TS","lat":34.3,"lon":-81.5,"wind_kt":40,"pressure_mb":null},{"date":"19060918","time":"1200","status":"TD","lat":35,"lon":-83,"wind_kt":30,"pressure_mb":null},{"date":"19060918","time":"1800","status":"TD","lat":35.5,"lon":-84.5,"wind_kt":30,"pressure_mb":null}]}},{"type":"Feature","geometry":{"type":"LineString","coordinates":[[-77,12],[-77.5,12.1],[-77.9,12.2],[-78.3,12.3],[-78.7,12.5],[-79.2,12.8],[-79.7,13.2],[-80.1,13.6],[-80.5,14],[-80.9,14.6],[-81.3,15.2],[-81.8,15.8],[-82.3,16.3],[-82.8,16.9],[-83.2,17.5],[-83.7,18.1],[-84,18.7],[-84.3,19.3],[-84.6,20],[-84.8,20.6],[-85.1,21.4],[-85.2,21.9],[-85.5,22.3],[-85.7,22.8],[-86,23.3],[-86.3,24],[-86.6,24.7],[-86.8,25.5],[-87,26.3],[-87.4,27.3],[-87.9,28.4],[-88.4,29.4],[-88.6,30.2],[-88.7,30.4],[-89,31.4],[-89.3,32.4],[-89.6,33.6],[-89.9,34.7],[-90.2,35.6],[-90.4,36.6],[-90.5,37.3],[-90.3,38],[-89.4,38.2],[-88.4,38],[-87.5,37.3]]},"properties":{"id":"hur-al061906","event_type":"hurricane","name":null,"year":1906,"max_wind_kt":105,"min_pressure_mb":953,"category":3,"preliminary":false,"start_date":"19060919","end_date":"19060930","track":[{"date":"19060919","time":"1200","status":"TD","lat":12,"lon":-77,"wind_kt":30,"pressure_mb":null},{"date":"19060919","time":"1800","status":"TD","lat":12.1,"lon":-77.5,"wind_kt":30,"pressure_mb":null},{"date":"19060920","time":"0000","status":"TS","lat":12.2,"lon":-77.9,"wind_kt":35,"pressure_mb":null},{"date":"19060920","time":"0600","status":"TS","lat":12.3,"lon":-78.3,"wind_kt":35,"pressure_mb":null},{"date":"19060920","time":"1200","status":"TS","lat":12.5,"lon":-78.7,"wind_kt":35,"pressure_mb":null},{"date":"19060920","time":"1800","status":"TS","lat":12.8,"lon":-79.2,"wind_kt":35,"pressure_mb":null},{"date":"19060921","time":"0000","status":"TS","lat":13.2,"lon":-79.7,"wind_kt":35,"pressure_mb":null},{"date":"19060921","time":"0600","status":"TS","lat":13.6,"lon":-80.1,"wind_kt":35,"pressure_mb":null},{"date":"19060921","time":"1200","status":"TS","lat":14,"lon":-80.5,"wind_kt":35,"pressure_mb":null},{"date":"19060921","time":"1800","status":"TS","lat":14.6,"lon":-80.9,"wind_kt":35,"pressure_mb":null},{"date":"19060922","time":"0000","status":"TS","lat":15.2,"lon":-81.3,"wind_kt":40,"pressure_mb":null},{"date":"19060922","time":"0600","status":"TS","lat":15.8,"lon":-81.8,"wind_kt":40,"pressure_mb":null},{"date":"19060922","time":"1200","status":"TS","lat":16.3,"lon":-82.3,"wind_kt":45,"pressure_mb":null},{"date":"19060922","time":"1800","status":"TS","lat":16.9,"lon":-82.8,"wind_kt":45,"pressure_mb":null},{"date":"19060923","time":"0000","status":"TS","lat":17.5,"lon":-83.2,"wind_kt":50,"pressure_mb":null},{"date":"19060923","time":"0600","status":"TS","lat":18.1,"lon":-83.7,"wind_kt":50,"pressure_mb":null},{"date":"19060923","time":"1200","status":"TS","lat":18.7,"lon":-84,"wind_kt":55,"pressure_mb":null},{"date":"19060923","time":"1800","status":"TS","lat":19.3,"lon":-84.3,"wind_kt":60,"pressure_mb":null},{"date":"19060924","time":"0000","status":"HU","lat":20,"lon":-84.6,"wind_kt":65,"pressure_mb":null},{"date":"19060924","time":"0600","status":"HU","lat":20.6,"lon":-84.8,"wind_kt":70,"pressure_mb":null},{"date":"19060924","time":"1200","status":"HU","lat":21.4,"lon":-85.1,"wind_kt":75,"pressure_mb":null},{"date":"19060924","time":"1800","status":"HU","lat":21.9,"lon":-85.2,"wind_kt":80,"pressure_mb":null},{"date":"19060925","time":"0000","status":"HU","lat":22.3,"lon":-85.5,"wind_kt":85,"pressure_mb":null},{"date":"19060925","time":"0600","status":"HU","lat":22.8,"lon":-85.7,"wind_kt":90,"pressure_mb":null},{"date":"19060925","time":"1200","status":"HU","lat":23.3,"lon":-86,"wind_kt":95,"pressure_mb":null},{"date":"19060925","time":"1800","status":"HU","lat":24,"lon":-86.3,"wind_kt":100,"pressure_mb":null},{"date":"19060926","time":"0000","status":"HU","lat":24.7,"lon":-86.6,"wind_kt":105,"pressure_mb":null},{"date":"19060926","time":"0600","status":"HU","lat":25.5,"lon":-86.8,"wind_kt":105,"pressure_mb":null},{"date":"19060926","time":"1200","status":"HU","lat":26.3,"lon":-87,"wind_kt":105,"pressure_mb":953},{"date":"19060926","time":"1800","status":"HU","lat":27.3,"lon":-87.4,"wind_kt":100,"pressure_mb":null},{"date":"19060927","time":"0000","status":"HU","lat":28.4,"lon":-87.9,"wind_kt":100,"pressure_mb":null},{"date":"19060927","time":"0600","status":"HU","lat":29.4,"lon":-88.4,"wind_kt":95,"pressure_mb":null},{"date":"19060927","time":"1100","status":"HU","lat":30.2,"lon":-88.6,"wind_kt":95,"pressure_mb":null},{"date":"19060927","time":"1200","status":"HU","lat":30.4,"lon":-88.7,"wind_kt":95,"pressure_mb":958},{"date":"19060927","time":"1800","status":"HU","lat":31.4,"lon":-89,"wind_kt":65,"pressure_mb":null},{"date":"19060928","time":"0000","status":"TS","lat":32.4,"lon":-89.3,"wind_kt":50,"pressure_mb":null},{"date":"19060928","time":"0600","status":"TS","lat":33.6,"lon":-89.6,"wind_kt":40,"pressure_mb":null},{"date":"19060928","time":"1200","status":"TS","lat":34.7,"lon":-89.9,"wind_kt":40,"pressure_mb":null},{"date":"19060928","time":"1800","status":"TS","lat":35.6,"lon":-90.2,"wind_kt":35,"pressure_mb":null},{"date":"19060929","time":"0000","status":"TS","lat":36.6,"lon":-90.4,"wind_kt":35,"pressure_mb":null},{"date":"19060929","time":"0600","status":"TD","lat":37.3,"lon":-90.5,"wind_kt":30,"pressure_mb":null},{"date":"19060929","time":"1200","status":"EX","lat":38,"lon":-90.3,"wind_kt":30,"pressure_mb":null},{"date":"19060929","time":"1800","status":"EX","lat":38.2,"lon":-89.4,"wind_kt":30,"pressure_mb":null},{"date":"19060930","time":"0000","status":"EX","lat":38,"lon":-88.4,"wind_kt":30,"pressure_mb":null},{"date":"19060930","time":"0600","status":"EX","lat":37.3,"lon":-87.5,"wind_kt":30,"pressure_mb":null}]}},{"type":"Feature","geometry":{"type":"LineString","coordinates":[[-31.9,30.3],[-32.9,29.6],[-33.8,29],[-34.7,28.3],[-35.6,27.7],[-36.4,27.3],[-37.1,26.9],[-37.8,26.6],[-38.5,26.3],[-39.2,26.1],[-40,26],[-40.7,25.8],[-41.5,25.7],[-42.2,25.7],[-43,25.7],[-43.7,25.7],[-44.3,26],[-44.6,26.4],[-44.7,27],[-44.7,27.5],[-44.4,27.9],[-44,28.2],[-43.3,28.6],[-42.3,29.2],[-41,29.9],[-39.7,30.5],[-38.5,31],[-37,31.7],[-35.4,32.4],[-33.7,33.1],[-32.2,33.9],[-30.8,34.7],[-29.6,35.8],[-28.7,36.7],[-27.7,37.7],[-26.3,39.2],[-24.4,40.8],[-22.5,42.1],[-20.5,43.3],[-18,44.8],[-15,46.5],[-11.2,48.5],[-8,50],[-4.7,51.5]]},"properties":{"id":"hur-al071906","event_type":"hurricane","name":null,"year":1906,"max_wind_kt":60,"min_pressure_mb":null,"category":0,"preliminary":false,"start_date":"19060922","end_date":"19061002","track":[{"date":"19060922","time":"0000","status":"TS","lat":30.3,"lon":-31.9,"wind_kt":50,"pressure_mb":null},{"date":"19060922","time":"0600","status":"TS","lat":29.6,"lon":-32.9,"wind_kt":50,"pressure_mb":null},{"date":"19060922","time":"1200","status":"TS","lat":29,"lon":-33.8,"wind_kt":50,"pressure_mb":null},{"date":"19060922","time":"1800","status":"TS","lat":28.3,"lon":-34.7,"wind_kt":50,"pressure_mb":null},{"date":"19060923","time":"0000","status":"TS","lat":27.7,"lon":-35.6,"wind_kt":55,"pressure_mb":null},{"date":"19060923","time":"0600","status":"TS","lat":27.3,"lon":-36.4,"wind_kt":55,"pressure_mb":null},{"date":"19060923","time":"1200","status":"TS","lat":26.9,"lon":-37.1,"wind_kt":60,"pressure_mb":null},{"date":"19060923","time":"1800","status":"TS","lat":26.6,"lon":-37.8,"wind_kt":60,"pressure_mb":null},{"date":"19060924","time":"0000","status":"TS","lat":26.3,"lon":-38.5,"wind_kt":60,"pressure_mb":null},{"date":"19060924","time":"0600","status":"TS","lat":26.1,"lon":-39.2,"wind_kt":60,"pressure_mb":null},{"date":"19060924","time":"1200","status":"TS","lat":26,"lon":-40,"wind_kt":60,"pressure_mb":null},{"date":"19060924","time":"1800","status":"TS","lat":25.8,"lon":-40.7,"wind_kt":60,"pressure_mb":null},{"date":"19060925","time":"0000","status":"TS","lat":25.7,"lon":-41.5,"wind_kt":60,"pressure_mb":null},{"date":"19060925","time":"0600","status":"TS","lat":25.7,"lon":-42.2,"wind_kt":60,"pressure_mb":null},{"date":"19060925","time":"1200","status":"TS","lat":25.7,"lon":-43,"wind_kt":60,"pressure_mb":null},{"date":"19060925","time":"1800","status":"TS","lat":25.7,"lon":-43.7,"wind_kt":60,"pressure_mb":null},{"date":"19060926","time":"0000","status":"TS","lat":26,"lon":-44.3,"wind_kt":60,"pressure_mb":null},{"date":"19060926","time":"0600","status":"TS","lat":26.4,"lon":-44.6,"wind_kt":60,"pressure_mb":null},{"date":"19060926","time":"1200","status":"TS","lat":27,"lon":-44.7,"wind_kt":60,"pressure_mb":null},{"date":"19060926","time":"1800","status":"TS","lat":27.5,"lon":-44.7,"wind_kt":60,"pressure_mb":null},{"date":"19060927","time":"0000","status":"TS","lat":27.9,"lon":-44.4,"wind_kt":60,"pressure_mb":null},{"date":"19060927","time":"0600","status":"TS","lat":28.2,"lon":-44,"wind_kt":60,"pressure_mb":null},{"date":"19060927","time":"1200","status":"TS","lat":28.6,"lon":-43.3,"wind_kt":60,"pressure_mb":null},{"date":"19060927","time":"1800","status":"TS","lat":29.2,"lon":-42.3,"wind_kt":60,"pressure_mb":null},{"date":"19060928","time":"0000","status":"TS","lat":29.9,"lon":-41,"wind_kt":60,"pressure_mb":null},{"date":"19060928","time":"0600","status":"TS","lat":30.5,"lon":-39.7,"wind_kt":60,"pressure_mb":null},{"date":"19060928","time":"1200","status":"TS","lat":31,"lon":-38.5,"wind_kt":60,"pressure_mb":null},{"date":"19060928","time":"1800","status":"TS","lat":31.7,"lon":-37,"wind_kt":60,"pressure_mb":null},{"date":"19060929","time":"0000","status":"TS","lat":32.4,"lon":-35.4,"wind_kt":60,"pressure_mb":null},{"date":"19060929","time":"0600","status":"TS","lat":33.1,"lon":-33.7,"wind_kt":60,"pressure_mb":null},{"date":"19060929","time":"1200","status":"TS","lat":33.9,"lon":-32.2,"wind_kt":60,"pressure_mb":null},{"date":"19060929","time":"1800","status":"TS","lat":34.7,"lon":-30.8,"wind_kt":60,"pressure_mb":null},{"date":"19060930","time":"0000","status":"TS","lat":35.8,"lon":-29.6,"wind_kt":60,"pressure_mb":null},{"date":"19060930","time":"0600","status":"TS","lat":36.7,"lon":-28.7,"wind_kt":55,"pressure_mb":null},{"date":"19060930","time":"1200","status":"TS","lat":37.7,"lon":-27.7,"wind_kt":50,"pressure_mb":null},{"date":"19060930","time":"1800","status":"TS","lat":39.2,"lon":-26.3,"wind_kt":45,"pressure_mb":null},{"date":"19061001","time":"0000","status":"TS","lat":40.8,"lon":-24.4,"wind_kt":40,"pressure_mb":null},{"date":"19061001","time":"0600","status":"EX","lat":42.1,"lon":-22.5,"wind_kt":35,"pressure_mb":null},{"date":"19061001","time":"1200","status":"EX","lat":43.3,"lon":-20.5,"wind_kt":35,"pressure_mb":null},{"date":"19061001","time":"1800","status":"EX","lat":44.8,"lon":-18,"wind_kt":35,"pressure_mb":null},{"date":"19061002","time":"0000","status":"EX","lat":46.5,"lon":-15,"wind_kt":30,"pressure_mb":null},{"date":"19061002","time":"0600","status":"EX","lat":48.5,"lon":-11.2,"wind_kt":30,"pressure_mb":null},{"date":"19061002","time":"1200","status":"EX","lat":50,"lon":-8,"wind_kt":30,"pressure_mb":null},{"date":"19061002","time":"1800","status":"EX","lat":51.5,"lon":-4.7,"wind_kt":30,"pressure_mb":null}]}},{"type":"Feature","geometry":{"type":"LineString","coordinates":[[-76.4,11.3],[-77.3,11.3],[-78.3,11.3],[-79.3,11.3],[-80.4,11.3],[-81.5,11.5],[-82.4,11.7],[-83.1,12.1],[-83.9,12.6],[-84.6,13],[-85.1,13.2],[-85.5,13.4],[-85.9,13.7],[-86.3,14],[-86.7,14.4],[-86.9,14.7],[-87.1,15.1],[-87.3,15.5],[-87.4,15.8],[-87.6,16.1],[-87.8,16.4],[-88,16.7],[-88.1,16.9],[-88.2,17.1],[-88.3,17.4],[-88.3,17.7],[-88.3,17.9],[-88.2,18.1],[-88.1,18.3],[-88,18.5],[-87.8,18.8],[-87.6,19.1],[-87.3,19.3],[-87,19.5],[-86.3,19.8],[-85.7,20],[-85.1,20.3],[-84,20.7],[-82.7,21.5],[-82.1,22.6],[-81.6,23.9],[-81.1,24.7],[-80.7,25.3],[-79.5,26.6],[-78.6,27.9],[-78.1,29],[-78,30],[-78,30.5],[-78,30.9],[-78.1,31.4],[-78.3,31.7],[-79.3,32.1],[-80.4,31.7],[-81.2,30.7],[-81.4,30],[-81.5,29.5],[-81.5,29],[-81.6,28.3],[-81.7,27.3],[-82,26],[-82.8,24.9],[-83.8,24],[-84.8,23.1],[-85.7,22.3],[-86.6,21.5]]},"properties":{"id":"hur-al081906","event_type":"hurricane","name":null,"year":1906,"max_wind_kt":105,"min_pressure_mb":953,"category":3,"preliminary":false,"start_date":"19061008","end_date":"19061023","track":[{"date":"19061008","time":"0600","status":"TS","lat":11.3,"lon":-76.4,"wind_kt":35,"pressure_mb":null},{"date":"19061008","time":"1200","status":"TS","lat":11.3,"lon":-77.3,"wind_kt":35,"pressure_mb":null},{"date":"19061008","time":"1800","status":"TS","lat":11.3,"lon":-78.3,"wind_kt":50,"pressure_mb":null},{"date":"19061009","time":"0000","status":"HU","lat":11.3,"lon":-79.3,"wind_kt":65,"pressure_mb":null},{"date":"19061009","time":"0600","status":"HU","lat":11.3,"lon":-80.4,"wind_kt":75,"pressure_mb":null},{"date":"19061009","time":"1200","status":"HU","lat":11.5,"lon":-81.5,"wind_kt":85,"pressure_mb":null},{"date":"19061009","time":"1800","status":"HU","lat":11.7,"lon":-82.4,"wind_kt":95,"pressure_mb":null},{"date":"19061010","time":"0000","status":"HU","lat":12.1,"lon":-83.1,"wind_kt":105,"pressure_mb":null},{"date":"19061010","time":"0600","status":"HU","lat":12.6,"lon":-83.9,"wind_kt":80,"pressure_mb":null},{"date":"19061010","time":"1200","status":"HU","lat":13,"lon":-84.6,"wind_kt":70,"pressure_mb":null},{"date":"19061010","time":"1800","status":"HU","lat":13.2,"lon":-85.1,"wind_kt":65,"pressure_mb":null},{"date":"19061011","time":"0000","status":"TS","lat":13.4,"lon":-85.5,"wind_kt":60,"pressure_mb":null},{"date":"19061011","time":"0600","status":"TS","lat":13.7,"lon":-85.9,"wind_kt":55,"pressure_mb":null},{"date":"19061011","time":"1200","status":"TS","lat":14,"lon":-86.3,"wind_kt":50,"pressure_mb":null},{"date":"19061011","time":"1800","status":"TS","lat":14.4,"lon":-86.7,"wind_kt":45,"pressure_mb":null},{"date":"19061012","time":"0000","status":"TS","lat":14.7,"lon":-86.9,"wind_kt":40,"pressure_mb":null},{"date":"19061012","time":"0600","status":"TS","lat":15.1,"lon":-87.1,"wind_kt":40,"pressure_mb":null},{"date":"19061012","time":"1200","status":"TS","lat":15.5,"lon":-87.3,"wind_kt":50,"pressure_mb":null},{"date":"19061012","time":"1800","status":"HU","lat":15.8,"lon":-87.4,"wind_kt":65,"pressure_mb":null},{"date":"19061013","time":"0000","status":"HU","lat":16.1,"lon":-87.6,"wind_kt":65,"pressure_mb":null},{"date":"19061013","time":"0600","status":"HU","lat":16.4,"lon":-87.8,"wind_kt":70,"pressure_mb":null},{"date":"19061013","time":"1200","status":"HU","lat":16.7,"lon":-88,"wind_kt":75,"pressure_mb":null},{"date":"19061013","time":"1800","status":"HU","lat":16.9,"lon":-88.1,"wind_kt":80,"pressure_mb":null},{"date":"19061014","time":"0000","status":"HU","lat":17.1,"lon":-88.2,"wind_kt":70,"pressure_mb":null},{"date":"19061014","time":"0600","status":"HU","lat":17.4,"lon":-88.3,"wind_kt":65,"pressure_mb":null},{"date":"19061014","time":"1200","status":"TS","lat":17.7,"lon":-88.3,"wind_kt":60,"pressure_mb":null},{"date":"19061014","time":"1800","status":"TS","lat":17.9,"lon":-88.3,"wind_kt":55,"pressure_mb":null},{"date":"19061015","time":"0000","status":"TS","lat":18.1,"lon":-88.2,"wind_kt":50,"pressure_mb":null},{"date":"19061015","time":"0600","status":"TS","lat":18.3,"lon":-88.1,"wind_kt":50,"pressure_mb":null},{"date":"19061015","time":"1200","status":"TS","lat":18.5,"lon":-88,"wind_kt":50,"pressure_mb":null},{"date":"19061015","time":"1800","status":"TS","lat":18.8,"lon":-87.8,"wind_kt":50,"pressure_mb":null},{"date":"19061016","time":"0000","status":"TS","lat":19.1,"lon":-87.6,"wind_kt":50,"pressure_mb":null},{"date":"19061016","time":"0600","status":"TS","lat":19.3,"lon":-87.3,"wind_kt":60,"pressure_mb":null},{"date":"19061016","time":"1200","status":"HU","lat":19.5,"lon":-87,"wind_kt":70,"pressure_mb":null},{"date":"19061016","time":"1800","status":"HU","lat":19.8,"lon":-86.3,"wind_kt":80,"pressure_mb":null},{"date":"19061017","time":"0000","status":"HU","lat":20,"lon":-85.7,"wind_kt":90,"pressure_mb":null},{"date":"19061017","time":"0600","status":"HU","lat":20.3,"lon":-85.1,"wind_kt":100,"pressure_mb":null},{"date":"19061017","time":"1200","status":"HU","lat":20.7,"lon":-84,"wind_kt":105,"pressure_mb":null},{"date":"19061017","time":"1800","status":"HU","lat":21.5,"lon":-82.7,"wind_kt":105,"pressure_mb":null},{"date":"19061018","time":"0000","status":"HU","lat":22.6,"lon":-82.1,"wind_kt":105,"pressure_mb":null},{"date":"19061018","time":"0600","status":"HU","lat":23.9,"lon":-81.6,"wind_kt":105,"pressure_mb":null},{"date":"19061018","time":"1000","status":"HU","lat":24.7,"lon":-81.1,"wind_kt":105,"pressure_mb":null},{"date":"19061018","time":"1200","status":"HU","lat":25.3,"lon":-80.7,"wind_kt":105,"pressure_mb":953},{"date":"19061018","time":"1800","status":"HU","lat":26.6,"lon":-79.5,"wind_kt":95,"pressure_mb":null},{"date":"19061019","time":"0000","status":"HU","lat":27.9,"lon":-78.6,"wind_kt":90,"pressure_mb":null},{"date":"19061019","time":"0600","status":"HU","lat":29,"lon":-78.1,"wind_kt":85,"pressure_mb":null},{"date":"19061019","time":"1200","status":"HU","lat":30,"lon":-78,"wind_kt":80,"pressure_mb":null},{"date":"19061019","time":"1800","status":"HU","lat":30.5,"lon":-78,"wind_kt":80,"pressure_mb":null},{"date":"19061020","time":"0000","status":"HU","lat":30.9,"lon":-78,"wind_kt":75,"pressure_mb":null},{"date":"19061020","time":"0600","status":"HU","lat":31.4,"lon":-78.1,"wind_kt":75,"pressure_mb":null},{"date":"19061020","time":"1200","status":"HU","lat":31.7,"lon":-78.3,"wind_kt":70,"pressure_mb":null},{"date":"19061020","time":"1800","status":"HU","lat":32.1,"lon":-79.3,"wind_kt":70,"pressure_mb":null},{"date":"19061021","time":"0000","status":"TS","lat":31.7,"lon":-80.4,"wind_kt":60,"pressure_mb":null},{"date":"19061021","time":"0600","status":"TS","lat":30.7,"lon":-81.2,"wind_kt":50,"pressure_mb":null},{"date":"19061021","time":"0900","status":"TS","lat":30,"lon":-81.4,"wind_kt":50,"pressure_mb":null},{"date":"19061021","time":"1200","status":"TS","lat":29.5,"lon":-81.5,"wind_kt":40,"pressure_mb":null},{"date":"19061021","time":"1800","status":"TS","lat":29,"lon":-81.5,"wind_kt":35,"pressure_mb":null},{"date":"19061022","time":"0000","status":"TD","lat":28.3,"lon":-81.6,"wind_kt":30,"pressure_mb":null},{"date":"19061022","time":"0600","status":"TD","lat":27.3,"lon":-81.7,"wind_kt":30,"pressure_mb":null},{"date":"19061022","time":"1200","status":"TD","lat":26,"lon":-82,"wind_kt":25,"pressure_mb":null},{"date":"19061022","time":"1800","status":"TD","lat":24.9,"lon":-82.8,"wind_kt":25,"pressure_mb":null},{"date":"19061023","time":"0000","status":"TD","lat":24,"lon":-83.8,"wind_kt":25,"pressure_mb":null},{"date":"19061023","time":"0600","status":"TD","lat":23.1,"lon":-84.8,"wind_kt":25,"pressure_mb":null},{"date":"19061023","time":"1200","status":"TD","lat":22.3,"lon":-85.7,"wind_kt":25,"pressure_mb":null},{"date":"19061023","time":"1800","status":"TD","lat":21.5,"lon":-86.6,"wind_kt":25,"pressure_mb":null}]}},{"type":"Feature","geometry":{"type":"LineString","coordinates":[[-62,33.7],[-63.5,33.7],[-65.1,33.7],[-66.9,33.6],[-68.2,33.4],[-69.7,33.2],[-71.4,32.7],[-73.1,32.1],[-74.9,31.2],[-76.5,30.5],[-77.3,30.1],[-78,29.9],[-78.7,29.6],[-79.5,29.3],[-80.6,28.8]]},"properties":{"id":"hur-al091906","event_type":"hurricane","name":null,"year":1906,"max_wind_kt":45,"min_pressure_mb":null,"category":0,"preliminary":false,"start_date":"19061014","end_date":"19061017","track":[{"date":"19061014","time":"0600","status":"TS","lat":33.7,"lon":-62,"wind_kt":35,"pressure_mb":null},{"date":"19061014","time":"1200","status":"TS","lat":33.7,"lon":-63.5,"wind_kt":35,"pressure_mb":null},{"date":"19061014","time":"1800","status":"TS","lat":33.7,"lon":-65.1,"wind_kt":35,"pressure_mb":null},{"date":"19061015","time":"0000","status":"TS","lat":33.6,"lon":-66.9,"wind_kt":40,"pressure_mb":null},{"date":"19061015","time":"0600","status":"TS","lat":33.4,"lon":-68.2,"wind_kt":40,"pressure_mb":null},{"date":"19061015","time":"1200","status":"TS","lat":33.2,"lon":-69.7,"wind_kt":45,"pressure_mb":null},{"date":"19061015","time":"1800","status":"TS","lat":32.7,"lon":-71.4,"wind_kt":45,"pressure_mb":null},{"date":"19061016","time":"0000","status":"TS","lat":32.1,"lon":-73.1,"wind_kt":45,"pressure_mb":null},{"date":"19061016","time":"0600","status":"TS","lat":31.2,"lon":-74.9,"wind_kt":45,"pressure_mb":null},{"date":"19061016","time":"1200","status":"TS","lat":30.5,"lon":-76.5,"wind_kt":45,"pressure_mb":null},{"date":"19061016","time":"1800","status":"TS","lat":30.1,"lon":-77.3,"wind_kt":40,"pressure_mb":null},{"date":"19061017","time":"0000","status":"TS","lat":29.9,"lon":-78,"wind_kt":40,"pressure_mb":null},{"date":"19061017","time":"0600","status":"TS","lat":29.6,"lon":-78.7,"wind_kt":35,"pressure_mb":null},{"date":"19061017","time":"1200","status":"TD","lat":29.3,"lon":-79.5,"wind_kt":30,"pressure_mb":null},{"date":"19061017","time":"1800","status":"TD","lat":28.8,"lon":-80.6,"wind_kt":25,"pressure_mb":null}]}},{"type":"Feature","geometry":{"type":"LineString","coordinates":[[-69.4,21],[-70,21.7],[-70.7,22.7],[-71.3,23.9],[-71.6,25.2],[-71.3,26.2],[-71,27.1],[-70.4,27.8],[-69.8,28.2],[-69.3,28.5],[-68.5,28.8],[-67.7,29],[-66.9,29.2],[-66,29.3],[-65,29.3],[-64,29.3],[-63,29.3],[-62,29.3],[-61,29.3],[-60,29.2],[-59,29.1],[-58,29],[-57.1,28.9]]},"properties":{"id":"hur-al101906","event_type":"hurricane","name":null,"year":1906,"max_wind_kt":45,"min_pressure_mb":null,"category":0,"preliminary":false,"start_date":"19061015","end_date":"19061020","track":[{"date":"19061015","time":"0600","status":"TS","lat":21,"lon":-69.4,"wind_kt":35,"pressure_mb":null},{"date":"19061015","time":"1200","status":"TS","lat":21.7,"lon":-70,"wind_kt":35,"pressure_mb":null},{"date":"19061015","time":"1800","status":"TS","lat":22.7,"lon":-70.7,"wind_kt":35,"pressure_mb":null},{"date":"19061016","time":"0000","status":"TS","lat":23.9,"lon":-71.3,"wind_kt":35,"pressure_mb":null},{"date":"19061016","time":"0600","status":"TS","lat":25.2,"lon":-71.6,"wind_kt":35,"pressure_mb":null},{"date":"19061016","time":"1200","status":"TS","lat":26.2,"lon":-71.3,"wind_kt":35,"pressure_mb":null},{"date":"19061016","time":"1800","status":"TS","lat":27.1,"lon":-71,"wind_kt":35,"pressure_mb":null},{"date":"19061017","time":"0000","status":"TS","lat":27.8,"lon":-70.4,"wind_kt":35,"pressure_mb":null},{"date":"19061017","time":"0600","status":"TS","lat":28.2,"lon":-69.8,"wind_kt":35,"pressure_mb":null},{"date":"19061017","time":"1200","status":"TS","lat":28.5,"lon":-69.3,"wind_kt":35,"pressure_mb":null},{"date":"19061017","time":"1800","status":"TS","lat":28.8,"lon":-68.5,"wind_kt":35,"pressure_mb":null},{"date":"19061018","time":"0000","status":"TS","lat":29,"lon":-67.7,"wind_kt":40,"pressure_mb":null},{"date":"19061018","time":"0600","status":"TS","lat":29.2,"lon":-66.9,"wind_kt":40,"pressure_mb":null},{"date":"19061018","time":"1200","status":"TS","lat":29.3,"lon":-66,"wind_kt":45,"pressure_mb":null},{"date":"19061018","time":"1800","status":"TS","lat":29.3,"lon":-65,"wind_kt":45,"pressure_mb":null},{"date":"19061019","time":"0000","status":"TS","lat":29.3,"lon":-64,"wind_kt":40,"pressure_mb":null},{"date":"19061019","time":"0600","status":"TS","lat":29.3,"lon":-63,"wind_kt":40,"pressure_mb":null},{"date":"19061019","time":"1200","status":"TS","lat":29.3,"lon":-62,"wind_kt":35,"pressure_mb":null},{"date":"19061019","time":"1800","status":"TS","lat":29.3,"lon":-61,"wind_kt":35,"pressure_mb":null},{"date":"19061020","time":"0000","status":"TD","lat":29.2,"lon":-60,"wind_kt":30,"pressure_mb":null},{"date":"19061020","time":"0600","status":"TD","lat":29.1,"lon":-59,"wind_kt":30,"pressure_mb":null},{"date":"19061020","time":"1200","status":"TD","lat":29,"lon":-58,"wind_kt":25,"pressure_mb":null},{"date":"19061020","time":"1800","status":"TD","lat":28.9,"lon":-57.1,"wind_kt":25,"pressure_mb":null}]}},{"type":"Feature","geometry":{"type":"LineString","coordinates":[[-82.5,18.5],[-82.5,19],[-82.5,19.5],[-82.4,19.9],[-82.1,20.3],[-81.8,20.7],[-81.5,21],[-81,21.3],[-80.5,21.5],[-80,21.7],[-79.3,22],[-78.4,22.4],[-77.6,22.7],[-76.6,23],[-75.7,23.3],[-74.8,23.6],[-73.9,23.9],[-73,24.2],[-72.3,24.5],[-71.5,24.8],[-70.5,25.1],[-69.5,25.5]]},"properties":{"id":"hur-al111906","event_type":"hurricane","name":null,"year":1906,"max_wind_kt":70,"min_pressure_mb":null,"category":1,"preliminary":false,"start_date":"19061105","end_date":"19061110","track":[{"date":"19061105","time":"0000","status":"TD","lat":18.5,"lon":-82.5,"wind_kt":30,"pressure_mb":null},{"date":"19061105","time":"0600","status":"TD","lat":19,"lon":-82.5,"wind_kt":30,"pressure_mb":null},{"date":"19061105","time":"1200","status":"TS","lat":19.5,"lon":-82.5,"wind_kt":35,"pressure_mb":null},{"date":"19061105","time":"1800","status":"TS","lat":19.9,"lon":-82.4,"wind_kt":40,"pressure_mb":null},{"date":"19061106","time":"0000","status":"TS","lat":20.3,"lon":-82.1,"wind_kt":45,"pressure_mb":null},{"date":"19061106","time":"0600","status":"TS","lat":20.7,"lon":-81.8,"wind_kt":50,"pressure_mb":null},{"date":"19061106","time":"1200","status":"TS","lat":21,"lon":-81.5,"wind_kt":55,"pressure_mb":null},{"date":"19061106","time":"1800","status":"TS","lat":21.3,"lon":-81,"wind_kt":60,"pressure_mb":null},{"date":"19061107","time":"0000","status":"HU","lat":21.5,"lon":-80.5,"wind_kt":65,"pressure_mb":null},{"date":"19061107","time":"0600","status":"HU","lat":21.7,"lon":-80,"wind_kt":70,"pressure_mb":null},{"date":"19061107","time":"1200","status":"TS","lat":22,"lon":-79.3,"wind_kt":60,"pressure_mb":null},{"date":"19061107","time":"1800","status":"TS","lat":22.4,"lon":-78.4,"wind_kt":50,"pressure_mb":null},{"date":"19061108","time":"0000","status":"TS","lat":22.7,"lon":-77.6,"wind_kt":45,"pressure_mb":null},{"date":"19061108","time":"0600","status":"TS","lat":23,"lon":-76.6,"wind_kt":40,"pressure_mb":null},{"date":"19061108","time":"1200","status":"TS","lat":23.3,"lon":-75.7,"wind_kt":35,"pressure_mb":null},{"date":"19061108","time":"1800","status":"TS","lat":23.6,"lon":-74.8,"wind_kt":35,"pressure_mb":null},{"date":"19061109","time":"0000","status":"TS","lat":23.9,"lon":-73.9,"wind_kt":35,"pressure_mb":null},{"date":"19061109","time":"0600","status":"TS","lat":24.2,"lon":-73,"wind_kt":35,"pressure_mb":null},{"date":"19061109","time":"1200","status":"TS","lat":24.5,"lon":-72.3,"wind_kt":35,"pressure_mb":null},{"date":"19061109","time":"1800","status":"TS","lat":24.8,"lon":-71.5,"wind_kt":35,"pressure_mb":null},{"date":"19061110","time":"0000","status":"EX","lat":25.1,"lon":-70.5,"wind_kt":30,"pressure_mb":null},{"date":"19061110","time":"0600","status":"EX","lat":25.5,"lon":-69.5,"wind_kt":30,"pressure_mb":null}]}},{"type":"Feature","geometry":{"type":"LineString","coordinates":[[-78,16],[-78.8,16.1],[-79.7,16.4],[-80.6,16.7],[-81.5,17],[-82.4,17.7],[-83.4,18.6],[-84.3,19.6],[-85.3,20.6],[-86.2,21.8],[-87.1,22.9],[-88,24],[-88.9,25.2],[-89.4,26.2],[-89.6,27],[-89.4,27.6],[-89,28.3],[-87.8,29.3],[-85.9,30.3],[-85.8,30.3],[-83.5,30.8],[-80.8,31.8],[-78,34],[-76,36.5],[-73.3,39.2],[-70.5,42],[-67.5,45]]},"properties":{"id":"hur-al011907","event_type":"hurricane","name":null,"year":1907,"max_wind_kt":55,"min_pressure_mb":null,"category":0,"preliminary":false,"start_date":"19070624","end_date":"19070630","track":[{"date":"19070624","time":"1200","status":"TS","lat":16,"lon":-78,"wind_kt":35,"pressure_mb":null},{"date":"19070624","time":"1800","status":"TS","lat":16.1,"lon":-78.8,"wind_kt":35,"pressure_mb":null},{"date":"19070625","time":"0000","status":"TS","lat":16.4,"lon":-79.7,"wind_kt":35,"pressure_mb":null},{"date":"19070625","time":"0600","status":"TS","lat":16.7,"lon":-80.6,"wind_kt":35,"pressure_mb":null},{"date":"19070625","time":"1200","status":"TS","lat":17,"lon":-81.5,"wind_kt":35,"pressure_mb":null},{"date":"19070625","time":"1800","status":"TS","lat":17.7,"lon":-82.4,"wind_kt":35,"pressure_mb":null},{"date":"19070626","time":"0000","status":"TS","lat":18.6,"lon":-83.4,"wind_kt":35,"pressure_mb":null},{"date":"19070626","time":"0600","status":"TS","lat":19.6,"lon":-84.3,"wind_kt":35,"pressure_mb":null},{"date":"19070626","time":"1200","status":"TS","lat":20.6,"lon":-85.3,"wind_kt":40,"pressure_mb":null},{"date":"19070626","time":"1800","status":"TS","lat":21.8,"lon":-86.2,"wind_kt":40,"pressure_mb":null},{"date":"19070627","time":"0000","status":"TS","lat":22.9,"lon":-87.1,"wind_kt":45,"pressure_mb":null},{"date":"19070627","time":"0600","status":"TS","lat":24,"lon":-88,"wind_kt":45,"pressure_mb":null},{"date":"19070627","time":"1200","status":"TS","lat":25.2,"lon":-88.9,"wind_kt":45,"pressure_mb":null},{"date":"19070627","time":"1800","status":"TS","lat":26.2,"lon":-89.4,"wind_kt":45,"pressure_mb":null},{"date":"19070628","time":"0000","status":"TS","lat":27,"lon":-89.6,"wind_kt":45,"pressure_mb":null},{"date":"19070628","time":"0600","status":"TS","lat":27.6,"lon":-89.4,"wind_kt":45,"pressure_mb":null},{"date":"19070628","time":"1200","status":"TS","lat":28.3,"lon":-89,"wind_kt":50,"pressure_mb":null},{"date":"19070628","time":"1800","status":"TS","lat":29.3,"lon":-87.8,"wind_kt":50,"pressure_mb":null},{"date":"19070628","time":"2300","status":"TS","lat":30.3,"lon":-85.9,"wind_kt":50,"pressure_mb":null},{"date":"19070629","time":"0000","status":"TS","lat":30.3,"lon":-85.8,"wind_kt":50,"pressure_mb":null},{"date":"19070629","time":"0600","status":"TS","lat":30.8,"lon":-83.5,"wind_kt":45,"pressure_mb":null},{"date":"19070629","time":"1200","status":"TS","lat":31.8,"lon":-80.8,"wind_kt":55,"pressure_mb":null},{"date":"19070629","time":"1800","status":"EX","lat":34,"lon":-78,"wind_kt":50,"pressure_mb":null},{"date":"19070630","time":"0000","status":"EX","lat":36.5,"lon":-76,"wind_kt":45,"pressure_mb":null},{"date":"19070630","time":"0600","status":"EX","lat":39.2,"lon":-73.3,"wind_kt":40,"pressure_mb":null},{"date":"19070630","time":"1200","status":"EX","lat":42,"lon":-70.5,"wind_kt":35,"pressure_mb":null},{"date":"19070630","time":"1800","status":"EX","lat":45,"lon":-67.5,"wind_kt":30,"pressure_mb":null}]}},{"type":"Feature","geometry":{"type":"LineString","coordinates":[[-79,25],[-80.3,25.5],[-81.6,25.9],[-82.8,26.3],[-84,26.7],[-85,27.1],[-85.8,27.5],[-86.4,27.9],[-87,28.3],[-87.6,28.7],[-88.2,29.1],[-88.7,29.5],[-89,30],[-88.9,30.4],[-88.9,30.5],[-88.8,31],[-88.4,31.5],[-87.6,32.1],[-86.3,32.9],[-84.7,33.8],[-83,34.7],[-81.3,35.7],[-79.6,36.8]]},"properties":{"id":"hur-al021907","event_type":"hurricane","name":null,"year":1907,"max_wind_kt":40,"min_pressure_mb":null,"category":0,"preliminary":false,"start_date":"19070918","end_date":"19070923","track":[{"date":"19070918","time":"1200","status":"TD","lat":25,"lon":-79,"wind_kt":30,"pressure_mb":null},{"date":"19070918","time":"1800","status":"TD","lat":25.5,"lon":-80.3,"wind_kt":30,"pressure_mb":null},{"date":"19070919","time":"0000","status":"TD","lat":25.9,"lon":-81.6,"wind_kt":30,"pressure_mb":null},{"date":"19070919","time":"0600","status":"TS","lat":26.3,"lon":-82.8,"wind_kt":35,"pressure_mb":null},{"date":"19070919","time":"1200","status":"TS","lat":26.7,"lon":-84,"wind_kt":35,"pressure_mb":null},{"date":"19070919","time":"1800","status":"TS","lat":27.1,"lon":-85,"wind_kt":35,"pressure_mb":null},{"date":"19070920","time":"0000","status":"TS","lat":27.5,"lon":-85.8,"wind_kt":40,"pressure_mb":null},{"date":"19070920","time":"0600","status":"TS","lat":27.9,"lon":-86.4,"wind_kt":40,"pressure_mb":null},{"date":"19070920","time":"1200","status":"TS","lat":28.3,"lon":-87,"wind_kt":40,"pressure_mb":null},{"date":"19070920","time":"1800","status":"TS","lat":28.7,"lon":-87.6,"wind_kt":40,"pressure_mb":null},{"date":"19070921","time":"0000","status":"TS","lat":29.1,"lon":-88.2,"wind_kt":40,"pressure_mb":null},{"date":"19070921","time":"0600","status":"TS","lat":29.5,"lon":-88.7,"wind_kt":40,"pressure_mb":null},{"date":"19070921","time":"1200","status":"TS","lat":30,"lon":-89,"wind_kt":40,"pressure_mb":null},{"date":"19070921","time":"1700","status":"TS","lat":30.4,"lon":-88.9,"wind_kt":40,"pressure_mb":null},{"date":"19070921","time":"1800","status":"TS","lat":30.5,"lon":-88.9,"wind_kt":35,"pressure_mb":null},{"date":"19070922","time":"0000","status":"TS","lat":31,"lon":-88.8,"wind_kt":35,"pressure_mb":null},{"date":"19070922","time":"0600","status":"TS","lat":31.5,"lon":-88.4,"wind_kt":35,"pressure_mb":null},{"date":"19070922","time":"1200","status":"TS","lat":32.1,"lon":-87.6,"wind_kt":35,"pressure_mb":null},{"date":"19070922","time":"1800","status":"EX","lat":32.9,"lon":-86.3,"wind_kt":35,"pressure_mb":null},{"date":"19070923","time":"0000","status":"EX","lat":33.8,"lon":-84.7,"wind_kt":35,"pressure_mb":null},{"date":"19070923","time":"0600","status":"EX","lat":34.7,"lon":-83,"wind_kt":35,"pressure_mb":null},{"date":"19070923","time":"1200","status":"EX","lat":35.7,"lon":-81.3,"wind_kt":35,"pressure_mb":null},{"date":"19070923","time":"1800","status":"EX","lat":36.8,"lon":-79.6,"wind_kt":30,"pressure_mb":null}]}},{"type":"Feature","geometry":{"type":"LineString","coordinates":[[-94.1,22.3],[-93.3,23.3],[-92.5,24.5],[-91.3,25.7],[-90,27],[-88.5,28.3],[-86.6,29.6],[-85.7,30.1],[-84.3,30.9],[-81.9,31.8],[-79,32.7],[-75.5,34],[-71.5,35.5]]},"properties":{"id":"hur-al031907","event_type":"hurricane","name":null,"year":1907,"max_wind_kt":45,"min_pressure_mb":null,"category":0,"preliminary":false,"start_date":"19070927","end_date":"19070930","track":[{"date":"19070927","time":"0600","status":"TS","lat":22.3,"lon":-94.1,"wind_kt":35,"pressure_mb":null},{"date":"19070927","time":"1200","status":"TS","lat":23.3,"lon":-93.3,"wind_kt":35,"pressure_mb":null},{"date":"19070927","time":"1800","status":"TS","lat":24.5,"lon":-92.5,"wind_kt":35,"pressure_mb":null},{"date":"19070928","time":"0000","status":"TS","lat":25.7,"lon":-91.3,"wind_kt":35,"pressure_mb":null},{"date":"19070928","time":"0600","status":"TS","lat":27,"lon":-90,"wind_kt":35,"pressure_mb":null},{"date":"19070928","time":"1200","status":"TS","lat":28.3,"lon":-88.5,"wind_kt":40,"pressure_mb":null},{"date":"19070928","time":"1800","status":"TS","lat":29.6,"lon":-86.6,"wind_kt":45,"pressure_mb":null},{"date":"19070928","time":"2000","status":"TS","lat":30.1,"lon":-85.7,"wind_kt":45,"pressure_mb":null},{"date":"19070929","time":"0000","status":"TS","lat":30.9,"lon":-84.3,"wind_kt":40,"pressure_mb":null},{"date":"19070929","time":"0600","status":"TS","lat":31.8,"lon":-81.9,"wind_kt":35,"pressure_mb":null},{"date":"19070929","time":"1200","status":"TS","lat":32.7,"lon":-79,"wind_kt":35,"pressure_mb":null},{"date":"19070929","time":"1800","status":"EX","lat":34,"lon":-75.5,"wind_kt":30,"pressure_mb":null},{"date":"19070930","time":"0000","status":"EX","lat":35.5,"lon":-71.5,"wind_kt":30,"pressure_mb":null}]}},{"type":"Feature","geometry":{"type":"LineString","coordinates":[[-67.4,26.3],[-66,26.4],[-64.6,26.8],[-63.2,27.5],[-61.8,28.3],[-60.5,29],[-59.4,30.4],[-58.2,31.7],[-57.3,32.8],[-56,34],[-54,35.6],[-49.1,37.6]]},"properties":{"id":"hur-al041907","event_type":"hurricane","name":null,"year":1907,"max_wind_kt":45,"min_pressure_mb":null,"category":0,"preliminary":false,"start_date":"19071017","end_date":"19071020","track":[{"date":"19071017","time":"0600","status":"TS","lat":26.3,"lon":-67.4,"wind_kt":45,"pressure_mb":null},{"date":"19071017","time":"1200","status":"TS","lat":26.4,"lon":-66,"wind_kt":45,"pressure_mb":null},{"date":"19071017","time":"1800","status":"TS","lat":26.8,"lon":-64.6,"wind_kt":45,"pressure_mb":null},{"date":"19071018","time":"0000","status":"TS","lat":27.5,"lon":-63.2,"wind_kt":45,"pressure_mb":null},{"date":"19071018","time":"0600","status":"TS","lat":28.3,"lon":-61.8,"wind_kt":45,"pressure_mb":null},{"date":"19071018","time":"1200","status":"TS","lat":29,"lon":-60.5,"wind_kt":45,"pressure_mb":null},{"date":"19071018","time":"1800","status":"TS","lat":30.4,"lon":-59.4,"wind_kt":45,"pressure_mb":null},{"date":"19071019","time":"0000","status":"TS","lat":31.7,"lon":-58.2,"wind_kt":45,"pressure_mb":null},{"date":"19071019","time":"0600","status":"TS","lat":32.8,"lon":-57.3,"wind_kt":45,"pressure_mb":null},{"date":"19071019","time":"1200","status":"TS","lat":34,"lon":-56,"wind_kt":45,"pressure_mb":null},{"date":"19071019","time":"1800","status":"EX","lat":35.6,"lon":-54,"wind_kt":40,"pressure_mb":null},{"date":"19071020","time":"0000","status":"EX","lat":37.6,"lon":-49.1,"wind_kt":40,"pressure_mb":null}]}},{"type":"Feature","geometry":{"type":"LineString","coordinates":[[-39.7,31.5],[-39.9,30.8],[-40,30],[-40.1,29.5],[-40.2,28.9],[-40.3,28.2],[-40.5,27.5],[-40.9,27.2],[-41.4,26.9],[-41.9,26.7],[-42.5,26.7],[-43.5,27.2],[-44,28.1],[-44.2,29.1],[-44.5,30],[-44.7,30.8],[-45,31.8],[-45.4,32.6],[-46,33.5],[-46.4,34.1],[-46.9,34.7],[-47.6,35.4],[-48,36.5],[-48,37.7],[-47.3,38.7],[-46.7,39.6],[-46,40.5],[-45,41.7]]},"properties":{"id":"hur-al051907","event_type":"hurricane","name":null,"year":1907,"max_wind_kt":40,"min_pressure_mb":null,"category":0,"preliminary":false,"start_date":"19071106","end_date":"19071112","track":[{"date":"19071106","time":"0000","status":"TS","lat":31.5,"lon":-39.7,"wind_kt":35,"pressure_mb":null},{"date":"19071106","time":"0600","status":"TS","lat":30.8,"lon":-39.9,"wind_kt":35,"pressure_mb":null},{"date":"19071106","time":"1200","status":"TS","lat":30,"lon":-40,"wind_kt":35,"pressure_mb":null},{"date":"19071106","time":"1800","status":"TS","lat":29.5,"lon":-40.1,"wind_kt":35,"pressure_mb":null},{"date":"19071107","time":"0000","status":"TS","lat":28.9,"lon":-40.2,"wind_kt":35,"pressure_mb":null},{"date":"19071107","time":"0600","status":"TS","lat":28.2,"lon":-40.3,"wind_kt":35,"pressure_mb":null},{"date":"19071107","time":"1200","status":"TS","lat":27.5,"lon":-40.5,"wind_kt":35,"pressure_mb":null},{"date":"19071107","time":"1800","status":"TS","lat":27.2,"lon":-40.9,"wind_kt":35,"pressure_mb":null},{"date":"19071108","time":"0000","status":"TS","lat":26.9,"lon":-41.4,"wind_kt":40,"pressure_mb":null},{"date":"19071108","time":"0600","status":"TS","lat":26.7,"lon":-41.9,"wind_kt":40,"pressure_mb":null},{"date":"19071108","time":"1200","status":"TS","lat":26.7,"lon":-42.5,"wind_kt":40,"pressure_mb":null},{"date":"19071108","time":"1800","status":"TS","lat":27.2,"lon":-43.5,"wind_kt":40,"pressure_mb":null},{"date":"19071109","time":"0000","status":"TS","lat":28.1,"lon":-44,"wind_kt":40,"pressure_mb":null},{"date":"19071109","time":"0600","status":"TS","lat":29.1,"lon":-44.2,"wind_kt":40,"pressure_mb":null},{"date":"19071109","time":"1200","status":"TS","lat":30,"lon":-44.5,"wind_kt":40,"pressure_mb":null},{"date":"19071109","time":"1800","status":"TS","lat":30.8,"lon":-44.7,"wind_kt":40,"pressure_mb":null},{"date":"19071110","time":"0000","status":"TS","lat":31.8,"lon":-45,"wind_kt":40,"pressure_mb":null},{"date":"19071110","time":"0600","status":"TS","lat":32.6,"lon":-45.4,"wind_kt":40,"pressure_mb":null},{"date":"19071110","time":"1200","status":"TS","lat":33.5,"lon":-46,"wind_kt":40,"pressure_mb":null},{"date":"19071110","time":"1800","status":"TS","lat":34.1,"lon":-46.4,"wind_kt":40,"pressure_mb":null},{"date":"19071111","time":"0000","status":"TS","lat":34.7,"lon":-46.9,"wind_kt":40,"pressure_mb":null},{"date":"19071111","time":"0600","status":"TS","lat":35.4,"lon":-47.6,"wind_kt":40,"pressure_mb":null},{"date":"19071111","time":"1200","status":"TS","lat":36.5,"lon":-48,"wind_kt":40,"pressure_mb":null},{"date":"19071111","time":"1800","status":"TS","lat":37.7,"lon":-48,"wind_kt":40,"pressure_mb":null},{"date":"19071112","time":"0000","status":"TS","lat":38.7,"lon":-47.3,"wind_kt":35,"pressure_mb":null},{"date":"19071112","time":"0600","status":"TS","lat":39.6,"lon":-46.7,"wind_kt":35,"pressure_mb":null},{"date":"19071112","time":"1200","status":"TS","lat":40.5,"lon":-46,"wind_kt":35,"pressure_mb":null},{"date":"19071112","time":"1800","status":"EX","lat":41.7,"lon":-45,"wind_kt":35,"pressure_mb":null}]}},{"type":"Feature","geometry":{"type":"LineString","coordinates":[[-60.2,23.8],[-60.7,22.7],[-61.1,21.6],[-61.5,20.6],[-61.9,19.7],[-62.2,18.8],[-62.5,18],[-62.8,17.3],[-63.1,16.6],[-63.4,16],[-63.7,15.4],[-64,14.9],[-64.2,14.4],[-64.6,13.8]]},"properties":{"id":"hur-al011908","event_type":"hurricane","name":null,"year":1908,"max_wind_kt":85,"min_pressure_mb":null,"category":2,"preliminary":false,"start_date":"19080306","end_date":"19080309","track":[{"date":"19080306","time":"1200","status":"TS","lat":23.8,"lon":-60.2,"wind_kt":50,"pressure_mb":null},{"date":"19080306","time":"1800","status":"TS","lat":22.7,"lon":-60.7,"wind_kt":55,"pressure_mb":null},{"date":"19080307","time":"0000","status":"HU","lat":21.6,"lon":-61.1,"wind_kt":65,"pressure_mb":null},{"date":"19080307","time":"0600","status":"HU","lat":20.6,"lon":-61.5,"wind_kt":70,"pressure_mb":null},{"date":"19080307","time":"1200","status":"HU","lat":19.7,"lon":-61.9,"wind_kt":80,"pressure_mb":null},{"date":"19080307","time":"1800","status":"HU","lat":18.8,"lon":-62.2,"wind_kt":85,"pressure_mb":null},{"date":"19080308","time":"0000","status":"HU","lat":18,"lon":-62.5,"wind_kt":85,"pressure_mb":null},{"date":"19080308","time":"0600","status":"HU","lat":17.3,"lon":-62.8,"wind_kt":70,"pressure_mb":null},{"date":"19080308","time":"1200","status":"HU","lat":16.6,"lon":-63.1,"wind_kt":65,"pressure_mb":null},{"date":"19080308","time":"1800","status":"HU","lat":16,"lon":-63.4,"wind_kt":65,"pressure_mb":null},{"date":"19080309","time":"0000","status":"HU","lat":15.4,"lon":-63.7,"wind_kt":65,"pressure_mb":null},{"date":"19080309","time":"0600","status":"TS","lat":14.9,"lon":-64,"wind_kt":50,"pressure_mb":null},{"date":"19080309","time":"1200","status":"TS","lat":14.4,"lon":-64.2,"wind_kt":40,"pressure_mb":null},{"date":"19080309","time":"1800","status":"TS","lat":13.8,"lon":-64.6,"wind_kt":35,"pressure_mb":null}]}},{"type":"Feature","geometry":{"type":"LineString","coordinates":[[-71.7,21],[-72,21.7],[-72.3,22.4],[-72.8,23.3],[-73.5,24],[-74.3,24.7],[-75,25.4],[-75.6,26],[-76.3,26.7],[-77.3,27.2],[-78.1,27.7],[-79.1,28.5],[-79.5,29.5],[-79.5,30.1],[-79.2,30.6],[-78.8,31.2],[-78.3,31.7],[-77.9,32.3],[-77.4,32.8],[-77,33.4],[-76.5,34],[-75.8,34.8],[-75.6,35.2],[-75.1,35.6],[-74.6,36.3],[-74,37.3],[-73,39.4],[-72,41.3],[-71.7,41.8],[-70.3,43.8],[-69,45.5],[-68.3,46.4]]},"properties":{"id":"hur-al021908","event_type":"hurricane","name":null,"year":1908,"max_wind_kt":65,"min_pressure_mb":989,"category":1,"preliminary":false,"start_date":"19080524","end_date":"19080531","track":[{"date":"19080524","time":"1200","status":"TD","lat":21,"lon":-71.7,"wind_kt":30,"pressure_mb":null},{"date":"19080524","time":"1800","status":"TD","lat":21.7,"lon":-72,"wind_kt":30,"pressure_mb":null},{"date":"19080525","time":"0000","status":"TD","lat":22.4,"lon":-72.3,"wind_kt":30,"pressure_mb":null},{"date":"19080525","time":"0600","status":"TD","lat":23.3,"lon":-72.8,"wind_kt":30,"pressure_mb":null},{"date":"19080525","time":"1200","status":"TD","lat":24,"lon":-73.5,"wind_kt":30,"pressure_mb":null},{"date":"19080525","time":"1800","status":"TD","lat":24.7,"lon":-74.3,"wind_kt":30,"pressure_mb":null},{"date":"19080526","time":"0000","status":"TS","lat":25.4,"lon":-75,"wind_kt":35,"pressure_mb":null},{"date":"19080526","time":"0600","status":"TS","lat":26,"lon":-75.6,"wind_kt":35,"pressure_mb":null},{"date":"19080526","time":"1200","status":"TS","lat":26.7,"lon":-76.3,"wind_kt":35,"pressure_mb":null},{"date":"19080526","time":"1800","status":"TS","lat":27.2,"lon":-77.3,"wind_kt":35,"pressure_mb":null},{"date":"19080527","time":"0000","status":"TS","lat":27.7,"lon":-78.1,"wind_kt":40,"pressure_mb":null},{"date":"19080527","time":"0600","status":"TS","lat":28.5,"lon":-79.1,"wind_kt":45,"pressure_mb":null},{"date":"19080527","time":"1200","status":"TS","lat":29.5,"lon":-79.5,"wind_kt":50,"pressure_mb":null},{"date":"19080527","time":"1800","status":"TS","lat":30.1,"lon":-79.5,"wind_kt":55,"pressure_mb":null},{"date":"19080528","time":"0000","status":"TS","lat":30.6,"lon":-79.2,"wind_kt":60,"pressure_mb":null},{"date":"19080528","time":"0600","status":"HU","lat":31.2,"lon":-78.8,"wind_kt":65,"pressure_mb":null},{"date":"19080528","time":"1200","status":"HU","lat":31.7,"lon":-78.3,"wind_kt":65,"pressure_mb":null},{"date":"19080528","time":"1800","status":"HU","lat":32.3,"lon":-77.9,"wind_kt":65,"pressure_mb":null},{"date":"19080529","time":"0000","status":"HU","lat":32.8,"lon":-77.4,"wind_kt":65,"pressure_mb":null},{"date":"19080529","time":"0600","status":"HU","lat":33.4,"lon":-77,"wind_kt":65,"pressure_mb":null},{"date":"19080529","time":"1200","status":"HU","lat":34,"lon":-76.5,"wind_kt":65,"pressure_mb":null},{"date":"19080529","time":"1800","status":"HU","lat":34.8,"lon":-75.8,"wind_kt":65,"pressure_mb":989},{"date":"19080529","time":"2100","status":"HU","lat":35.2,"lon":-75.6,"wind_kt":65,"pressure_mb":989},{"date":"19080530","time":"0000","status":"HU","lat":35.6,"lon":-75.1,"wind_kt":65,"pressure_mb":null},{"date":"19080530","time":"0600","status":"TS","lat":36.3,"lon":-74.6,"wind_kt":60,"pressure_mb":null},{"date":"19080530","time":"1200","status":"TS","lat":37.3,"lon":-74,"wind_kt":50,"pressure_mb":null},{"date":"19080530","time":"1800","status":"TS","lat":39.4,"lon":-73,"wind_kt":40,"pressure_mb":null},{"date":"19080530","time":"2300","status":"TS","lat":41.3,"lon":-72,"wind_kt":35,"pressure_mb":null},{"date":"19080531","time":"0000","status":"TS","lat":41.8,"lon":-71.7,"wind_kt":35,"pressure_mb":null},{"date":"19080531","time":"0600","status":"EX","lat":43.8,"lon":-70.3,"wind_kt":35,"pressure_mb":null},{"date":"19080531","time":"1200","status":"EX","lat":45.5,"lon":-69,"wind_kt":35,"pressure_mb":null},{"date":"19080531","time":"1800","status":"EX","lat":46.4,"lon":-68.3,"wind_kt":35,"pressure_mb":null}]}},{"type":"Feature","geometry":{"type":"LineString","coordinates":[[-75,27.5],[-75.2,27.8],[-75.5,28.1],[-75.9,28.4],[-76.3,28.7],[-76.6,28.9],[-76.9,29],[-77.2,29],[-77.5,29],[-77.8,28.9],[-78,28.7],[-78.3,28.3],[-78.5,27.7],[-78.3,27.3],[-77.7,27.1],[-77.2,27.1],[-77,27.3],[-77,27.7],[-77.5,28],[-77.9,28.2],[-78,28.5],[-78.3,29.4],[-78.3,30.4],[-78.2,31.4],[-78,32.5],[-77.9,33.1],[-77.6,33.7],[-77.4,34.2],[-77.1,34.6],[-77,34.7],[-75.8,35.2],[-74.1,35.6],[-72.8,36.1],[-71.7,36.5],[-70,37.2],[-68.5,37.8],[-66.9,38.7],[-65.5,40],[-63,41.7],[-60.6,44],[-58.5,46.3],[-56.5,48.5],[-54.3,50.6]]},"properties":{"id":"hur-al031908","event_type":"hurricane","name":null,"year":1908,"max_wind_kt":70,"min_pressure_mb":null,"category":1,"preliminary":false,"start_date":"19080724","end_date":"19080803","track":[{"date":"19080724","time":"1200","status":"TD","lat":27.5,"lon":-75,"wind_kt":30,"pressure_mb":null},{"date":"19080724","time":"1800","status":"TD","lat":27.8,"lon":-75.2,"wind_kt":30,"pressure_mb":null},{"date":"19080725","time":"0000","status":"TD","lat":28.1,"lon":-75.5,"wind_kt":30,"pressure_mb":null},{"date":"19080725","time":"0600","status":"TD","lat":28.4,"lon":-75.9,"wind_kt":30,"pressure_mb":null},{"date":"19080725","time":"1200","status":"TS","lat":28.7,"lon":-76.3,"wind_kt":35,"pressure_mb":null},{"date":"19080725","time":"1800","status":"TS","lat":28.9,"lon":-76.6,"wind_kt":35,"pressure_mb":null},{"date":"19080726","time":"0000","status":"TS","lat":29,"lon":-76.9,"wind_kt":35,"pressure_mb":null},{"date":"19080726","time":"0600","status":"TS","lat":29,"lon":-77.2,"wind_kt":35,"pressure_mb":null},{"date":"19080726","time":"1200","status":"TS","lat":29,"lon":-77.5,"wind_kt":35,"pressure_mb":null},{"date":"19080726","time":"1800","status":"TS","lat":28.9,"lon":-77.8,"wind_kt":35,"pressure_mb":null},{"date":"19080727","time":"0000","status":"TS","lat":28.7,"lon":-78,"wind_kt":35,"pressure_mb":null},{"date":"19080727","time":"0600","status":"TS","lat":28.3,"lon":-78.3,"wind_kt":35,"pressure_mb":null},{"date":"19080727","time":"1200","status":"TS","lat":27.7,"lon":-78.5,"wind_kt":35,"pressure_mb":null},{"date":"19080727","time":"1800","status":"TS","lat":27.3,"lon":-78.3,"wind_kt":35,"pressure_mb":null},{"date":"19080728","time":"0000","status":"TS","lat":27.1,"lon":-77.7,"wind_kt":40,"pressure_mb":null},{"date":"19080728","time":"0600","status":"TS","lat":27.1,"lon":-77.2,"wind_kt":55,"pressure_mb":null},{"date":"19080728","time":"1200","status":"TS","lat":27.3,"lon":-77,"wind_kt":60,"pressure_mb":null},{"date":"19080728","time":"1800","status":"TS","lat":27.7,"lon":-77,"wind_kt":60,"pressure_mb":null},{"date":"19080729","time":"0000","status":"TS","lat":28,"lon":-77.5,"wind_kt":60,"pressure_mb":null},{"date":"19080729","time":"0600","status":"TS","lat":28.2,"lon":-77.9,"wind_kt":60,"pressure_mb":null},{"date":"19080729","time":"1200","status":"TS","lat":28.5,"lon":-78,"wind_kt":60,"pressure_mb":null},{"date":"19080729","time":"1800","status":"TS","lat":29.4,"lon":-78.3,"wind_kt":60,"pressure_mb":null},{"date":"19080730","time":"0000","status":"HU","lat":30.4,"lon":-78.3,"wind_kt":65,"pressure_mb":null},{"date":"19080730","time":"0600","status":"HU","lat":31.4,"lon":-78.2,"wind_kt":70,"pressure_mb":null},{"date":"19080730","time":"1200","status":"HU","lat":32.5,"lon":-78,"wind_kt":70,"pressure_mb":null},{"date":"19080730","time":"1800","status":"HU","lat":33.1,"lon":-77.9,"wind_kt":70,"pressure_mb":null},{"date":"19080731","time":"0000","status":"HU","lat":33.7,"lon":-77.6,"wind_kt":70,"pressure_mb":null},{"date":"19080731","time":"0600","status":"HU","lat":34.2,"lon":-77.4,"wind_kt":70,"pressure_mb":null},{"date":"19080731","time":"1100","status":"HU","lat":34.6,"lon":-77.1,"wind_kt":70,"pressure_mb":null},{"date":"19080731","time":"1200","status":"HU","lat":34.7,"lon":-77,"wind_kt":70,"pressure_mb":null},{"date":"19080731","time":"1800","status":"TS","lat":35.2,"lon":-75.8,"wind_kt":60,"pressure_mb":null},{"date":"19080801","time":"0000","status":"TS","lat":35.6,"lon":-74.1,"wind_kt":60,"pressure_mb":null},{"date":"19080801","time":"0600","status":"TS","lat":36.1,"lon":-72.8,"wind_kt":60,"pressure_mb":null},{"date":"19080801","time":"1200","status":"TS","lat":36.5,"lon":-71.7,"wind_kt":60,"pressure_mb":null},{"date":"19080801","time":"1800","status":"TS","lat":37.2,"lon":-70,"wind_kt":60,"pressure_mb":null},{"date":"19080802","time":"0000","status":"TS","lat":37.8,"lon":-68.5,"wind_kt":60,"pressure_mb":null},{"date":"19080802","time":"0600","status":"TS","lat":38.7,"lon":-66.9,"wind_kt":60,"pressure_mb":null},{"date":"19080802","time":"1200","status":"TS","lat":40,"lon":-65.5,"wind_kt":60,"pressure_mb":null},{"date":"19080802","time":"1800","status":"EX","lat":41.7,"lon":-63,"wind_kt":60,"pressure_mb":null},{"date":"19080803","time":"0000","status":"EX","lat":44,"lon":-60.6,"wind_kt":60,"pressure_mb":null},{"date":"19080803","time":"0600","status":"EX","lat":46.3,"lon":-58.5,"wind_kt":55,"pressure_mb":null},{"date":"19080803","time":"1200","status":"EX","lat":48.5,"lon":-56.5,"wind_kt":50,"pressure_mb":null},{"date":"19080803","time":"1800","status":"EX","lat":50.6,"lon":-54.3,"wind_kt":50,"pressure_mb":null}]}},{"type":"Feature","geometry":{"type":"LineString","coordinates":[[-94,29.6],[-93.5,29.3],[-93,29],[-92.5,28.7],[-92,28.4],[-91.7,28.1],[-91.5,28],[-91.4,28.1],[-91.3,28.3],[-91.4,28.6],[-91.5,29],[-91.7,29.3],[-91.9,29.5],[-92.1,29.7],[-92.7,30.1],[-93,30.5],[-93.1,30.9],[-92.9,31.2],[-92.5,31.6],[-92,32],[-91.5,32.4],[-91.1,32.8],[-90.8,33.1],[-90.5,33.5],[-90.2,34]]},"properties":{"id":"hur-al041908","event_type":"hurricane","name":null,"year":1908,"max_wind_kt":50,"min_pressure_mb":null,"category":0,"preliminary":false,"start_date":"19080729","end_date":"19080803","track":[{"date":"19080729","time":"0000","status":"TD","lat":29.6,"lon":-94,"wind_kt":30,"pressure_mb":null},{"date":"19080729","time":"0600","status":"TD","lat":29.3,"lon":-93.5,"wind_kt":30,"pressure_mb":null},{"date":"19080729","time":"1200","status":"TS","lat":29,"lon":-93,"wind_kt":35,"pressure_mb":null},{"date":"19080729","time":"1800","status":"TS","lat":28.7,"lon":-92.5,"wind_kt":40,"pressure_mb":null},{"date":"19080730","time":"0000","status":"TS","lat":28.4,"lon":-92,"wind_kt":45,"pressure_mb":null},{"date":"19080730","time":"0600","status":"TS","lat":28.1,"lon":-91.7,"wind_kt":50,"pressure_mb":null},{"date":"19080730","time":"1200","status":"TS","lat":28,"lon":-91.5,"wind_kt":50,"pressure_mb":null},{"date":"19080730","time":"1800","status":"TS","lat":28.1,"lon":-91.4,"wind_kt":50,"pressure_mb":null},{"date":"19080731","time":"0000","status":"TS","lat":28.3,"lon":-91.3,"wind_kt":50,"pressure_mb":null},{"date":"19080731","time":"0600","status":"TS","lat":28.6,"lon":-91.4,"wind_kt":50,"pressure_mb":null},{"date":"19080731","time":"1200","status":"TS","lat":29,"lon":-91.5,"wind_kt":50,"pressure_mb":null},{"date":"19080731","time":"1800","status":"TS","lat":29.3,"lon":-91.7,"wind_kt":50,"pressure_mb":null},{"date":"19080731","time":"2200","status":"TS","lat":29.5,"lon":-91.9,"wind_kt":50,"pressure_mb":null},{"date":"19080801","time":"0000","status":"TS","lat":29.7,"lon":-92.1,"wind_kt":40,"pressure_mb":null},{"date":"19080801","time":"0600","status":"TS","lat":30.1,"lon":-92.7,"wind_kt":35,"pressure_mb":null},{"date":"19080801","time":"1200","status":"TS","lat":30.5,"lon":-93,"wind_kt":35,"pressure_mb":null},{"date":"19080801","time":"1800","status":"TS","lat":30.9,"lon":-93.1,"wind_kt":35,"pressure_mb":null},{"date":"19080802","time":"0000","status":"TD","lat":31.2,"lon":-92.9,"wind_kt":30,"pressure_mb":null},{"date":"19080802","time":"0600","status":"TD","lat":31.6,"lon":-92.5,"wind_kt":30,"pressure_mb":null},{"date":"19080802","time":"1200","status":"TD","lat":32,"lon":-92,"wind_kt":30,"pressure_mb":null},{"date":"19080802","time":"1800","status":"TD","lat":32.4,"lon":-91.5,"wind_kt":30,"pressure_mb":null},{"date":"19080803","time":"0000","status":"TD","lat":32.8,"lon":-91.1,"wind_kt":25,"pressure_mb":null},{"date":"19080803","time":"0600","status":"TD","lat":33.1,"lon":-90.8,"wind_kt":25,"pressure_mb":null},{"date":"19080803","time":"1200","status":"TD","lat":33.5,"lon":-90.5,"wind_kt":25,"pressure_mb":null},{"date":"19080803","time":"1800","status":"TD","lat":34,"lon":-90.2,"wind_kt":25,"pressure_mb":null}]}},{"type":"Feature","geometry":{"type":"LineString","coordinates":[[-72.5,33],[-73.2,33],[-74.1,33],[-75,33],[-76,33],[-76.5,33.2],[-76.8,33.8],[-76.7,34.4],[-76.6,34.6],[-76.3,35],[-75,36.1],[-73.6,37.2],[-72.3,38.2],[-70.7,39],[-68.2,39.8]]},"properties":{"id":"hur-al051908","event_type":"hurricane","name":null,"year":1908,"max_wind_kt":45,"min_pressure_mb":null,"category":0,"preliminary":false,"start_date":"19080830","end_date":"19080902","track":[{"date":"19080830","time":"1200","status":"TS","lat":33,"lon":-72.5,"wind_kt":35,"pressure_mb":null},{"date":"19080830","time":"1800","status":"TS","lat":33,"lon":-73.2,"wind_kt":35,"pressure_mb":null},{"date":"19080831","time":"0000","status":"TS","lat":33,"lon":-74.1,"wind_kt":35,"pressure_mb":null},{"date":"19080831","time":"0600","status":"TS","lat":33,"lon":-75,"wind_kt":40,"pressure_mb":null},{"date":"19080831","time":"1200","status":"TS","lat":33,"lon":-76,"wind_kt":40,"pressure_mb":null},{"date":"19080831","time":"1800","status":"TS","lat":33.2,"lon":-76.5,"wind_kt":40,"pressure_mb":null},{"date":"19080901","time":"0000","status":"TS","lat":33.8,"lon":-76.8,"wind_kt":45,"pressure_mb":null},{"date":"19080901","time":"0600","status":"TS","lat":34.4,"lon":-76.7,"wind_kt":45,"pressure_mb":null},{"date":"19080901","time":"0800","status":"TS","lat":34.6,"lon":-76.6,"wind_kt":45,"pressure_mb":null},{"date":"19080901","time":"1200","status":"TS","lat":35,"lon":-76.3,"wind_kt":45,"pressure_mb":null},{"date":"19080901","time":"1800","status":"TS","lat":36.1,"lon":-75,"wind_kt":45,"pressure_mb":null},{"date":"19080902","time":"0000","status":"TS","lat":37.2,"lon":-73.6,"wind_kt":40,"pressure_mb":null},{"date":"19080902","time":"0600","status":"TS","lat":38.2,"lon":-72.3,"wind_kt":40,"pressure_mb":null},{"date":"19080902","time":"1200","status":"TS","lat":39,"lon":-70.7,"wind_kt":35,"pressure_mb":null},{"date":"19080902","time":"1800","status":"EX","lat":39.8,"lon":-68.2,"wind_kt":25,"pressure_mb":null}]}},{"type":"Feature","geometry":{"type":"LineString","coordinates":[[-51.7,15.4],[-52.8,15.9],[-53.8,16.3],[-54.8,16.7],[-55.8,17],[-56.6,17.2],[-57.3,17.4],[-58,17.6],[-59.5,18],[-60.5,18.3],[-63,18.7],[-65,19],[-66.8,19.4],[-68,19.7],[-69.2,19.8],[-70.7,20.1],[-72,20.5],[-72.9,21],[-73.7,21.5],[-74.3,21.9],[-75,22.5],[-75.5,22.9],[-75.8,23.2],[-76.1,23.8],[-76.1,24.5],[-75.9,25.1],[-75.5,25.7],[-75.1,26.2],[-74.5,26.7],[-73.6,27.5],[-72.6,28.4],[-71.8,29.1],[-71,30],[-70.2,30.8],[-69.4,31.6],[-68.6,32.5],[-67.7,33.8],[-67.2,35.1],[-66.8,36.3],[-66,37.8],[-65,39.3],[-63.9,40.4],[-62.9,41.1],[-61.8,41.9],[-60,43],[-57,45.4],[-53,48.6],[-49.6,51.5],[-46.5,54],[-43.8,56.2]]},"properties":{"id":"hur-al061908","event_type":"hurricane","name":null,"year":1908,"max_wind_kt":105,"min_pressure_mb":null,"category":3,"preliminary":false,"start_date":"19080907","end_date":"19080919","track":[{"date":"19080907","time":"1200","status":"TS","lat":15.4,"lon":-51.7,"wind_kt":40,"pressure_mb":null},{"date":"19080907","time":"1800","status":"TS","lat":15.9,"lon":-52.8,"wind_kt":40,"pressure_mb":null},{"date":"19080908","time":"0000","status":"TS","lat":16.3,"lon":-53.8,"wind_kt":40,"pressure_mb":null},{"date":"19080908","time":"0600","status":"TS","lat":16.7,"lon":-54.8,"wind_kt":40,"pressure_mb":null},{"date":"19080908","time":"1200","status":"TS","lat":17,"lon":-55.8,"wind_kt":45,"pressure_mb":null},{"date":"19080908","time":"1800","status":"TS","lat":17.2,"lon":-56.6,"wind_kt":45,"pressure_mb":null},{"date":"19080909","time":"0000","status":"TS","lat":17.4,"lon":-57.3,"wind_kt":45,"pressure_mb":null},{"date":"19080909","time":"0600","status":"TS","lat":17.6,"lon":-58,"wind_kt":50,"pressure_mb":null},{"date":"19080909","time":"1200","status":"TS","lat":18,"lon":-59.5,"wind_kt":55,"pressure_mb":null},{"date":"19080909","time":"1800","status":"TS","lat":18.3,"lon":-60.5,"wind_kt":55,"pressure_mb":null},{"date":"19080910","time":"0000","status":"TS","lat":18.7,"lon":-63,"wind_kt":60,"pressure_mb":null},{"date":"19080910","time":"0600","status":"TS","lat":19,"lon":-65,"wind_kt":60,"pressure_mb":null},{"date":"19080910","time":"1200","status":"TS","lat":19.4,"lon":-66.8,"wind_kt":60,"pressure_mb":null},{"date":"19080910","time":"1800","status":"TS","lat":19.7,"lon":-68,"wind_kt":60,"pressure_mb":null},{"date":"19080911","time":"0000","status":"TS","lat":19.8,"lon":-69.2,"wind_kt":60,"pressure_mb":null},{"date":"19080911","time":"0600","status":"HU","lat":20.1,"lon":-70.7,"wind_kt":65,"pressure_mb":null},{"date":"19080911","time":"1200","status":"HU","lat":20.5,"lon":-72,"wind_kt":75,"pressure_mb":null},{"date":"19080911","time":"1800","status":"HU","lat":21,"lon":-72.9,"wind_kt":85,"pressure_mb":null},{"date":"19080912","time":"0000","status":"HU","lat":21.5,"lon":-73.7,"wind_kt":95,"pressure_mb":null},{"date":"19080912","time":"0600","status":"HU","lat":21.9,"lon":-74.3,"wind_kt":95,"pressure_mb":null},{"date":"19080912","time":"1200","status":"HU","lat":22.5,"lon":-75,"wind_kt":100,"pressure_mb":null},{"date":"19080912","time":"1800","status":"HU","lat":22.9,"lon":-75.5,"wind_kt":100,"pressure_mb":null},{"date":"19080913","time":"0000","status":"HU","lat":23.2,"lon":-75.8,"wind_kt":105,"pressure_mb":null},{"date":"19080913","time":"0600","status":"HU","lat":23.8,"lon":-76.1,"wind_kt":105,"pressure_mb":null},{"date":"19080913","time":"1200","status":"HU","lat":24.5,"lon":-76.1,"wind_kt":105,"pressure_mb":null},{"date":"19080913","time":"1800","status":"HU","lat":25.1,"lon":-75.9,"wind_kt":105,"pressure_mb":null},{"date":"19080914","time":"0000","status":"HU","lat":25.7,"lon":-75.5,"wind_kt":105,"pressure_mb":null},{"date":"19080914","time":"0600","status":"HU","lat":26.2,"lon":-75.1,"wind_kt":105,"pressure_mb":null},{"date":"19080914","time":"1200","status":"HU","lat":26.7,"lon":-74.5,"wind_kt":105,"pressure_mb":null},{"date":"19080914","time":"1800","status":"HU","lat":27.5,"lon":-73.6,"wind_kt":100,"pressure_mb":null},{"date":"19080915","time":"0000","status":"HU","lat":28.4,"lon":-72.6,"wind_kt":100,"pressure_mb":null},{"date":"19080915","time":"0600","status":"HU","lat":29.1,"lon":-71.8,"wind_kt":95,"pressure_mb":null},{"date":"19080915","time":"1200","status":"HU","lat":30,"lon":-71,"wind_kt":90,"pressure_mb":null},{"date":"19080915","time":"1800","status":"HU","lat":30.8,"lon":-70.2,"wind_kt":85,"pressure_mb":null},{"date":"19080916","time":"0000","status":"HU","lat":31.6,"lon":-69.4,"wind_kt":85,"pressure_mb":null},{"date":"19080916","time":"0600","status":"HU","lat":32.5,"lon":-68.6,"wind_kt":80,"pressure_mb":null},{"date":"19080916","time":"1200","status":"HU","lat":33.8,"lon":-67.7,"wind_kt":80,"pressure_mb":null},{"date":"19080916","time":"1800","status":"HU","lat":35.1,"lon":-67.2,"wind_kt":75,"pressure_mb":null},{"date":"19080917","time":"0000","status":"HU","lat":36.3,"lon":-66.8,"wind_kt":75,"pressure_mb":null},{"date":"19080917","time":"0600","status":"HU","lat":37.8,"lon":-66,"wind_kt":70,"pressure_mb":null},{"date":"19080917","time":"1200","status":"HU","lat":39.3,"lon":-65,"wind_kt":70,"pressure_mb":null},{"date":"19080917","time":"1800","status":"HU","lat":40.4,"lon":-63.9,"wind_kt":70,"pressure_mb":null},{"date":"19080918","time":"0000","status":"HU","lat":41.1,"lon":-62.9,"wind_kt":70,"pressure_mb":null},{"date":"19080918","time":"0600","status":"HU","lat":41.9,"lon":-61.8,"wind_kt":70,"pressure_mb":null},{"date":"19080918","time":"1200","status":"HU","lat":43,"lon":-60,"wind_kt":70,"pressure_mb":null},{"date":"19080918","time":"1800","status":"TS","lat":45.4,"lon":-57,"wind_kt":60,"pressure_mb":null},{"date":"19080919","time":"0000","status":"EX","lat":48.6,"lon":-53,"wind_kt":55,"pressure_mb":null},{"date":"19080919","time":"0600","status":"EX","lat":51.5,"lon":-49.6,"wind_kt":55,"pressure_mb":null},{"date":"19080919","time":"1200","status":"EX","lat":54,"lon":-46.5,"wind_kt":50,"pressure_mb":null},{"date":"19080919","time":"1800","status":"EX","lat":56.2,"lon":-43.8,"wind_kt":50,"pressure_mb":null}]}},{"type":"Feature","geometry":{"type":"LineString","coordinates":[[-90.5,24.7],[-91.1,25.1],[-91.7,25.6],[-92.1,26],[-92.6,26.5],[-93.1,27],[-93.4,27.4],[-93.8,27.9],[-93.8,28.3],[-93.4,28.7]]},"properties":{"id":"hur-al071908","event_type":"hurricane","name":null,"year":1908,"max_wind_kt":60,"min_pressure_mb":null,"category":0,"preliminary":false,"start_date":"19080916","end_date":"19080918","track":[{"date":"19080916","time":"1200","status":"TS","lat":24.7,"lon":-90.5,"wind_kt":40,"pressure_mb":null},{"date":"19080916","time":"1800","status":"TS","lat":25.1,"lon":-91.1,"wind_kt":40,"pressure_mb":null},{"date":"19080917","time":"0000","status":"TS","lat":25.6,"lon":-91.7,"wind_kt":45,"pressure_mb":null},{"date":"19080917","time":"0600","status":"TS","lat":26,"lon":-92.1,"wind_kt":45,"pressure_mb":null},{"date":"19080917","time":"1200","status":"TS","lat":26.5,"lon":-92.6,"wind_kt":50,"pressure_mb":null},{"date":"19080917","time":"1800","status":"TS","lat":27,"lon":-93.1,"wind_kt":55,"pressure_mb":null},{"date":"19080918","time":"0000","status":"TS","lat":27.4,"lon":-93.4,"wind_kt":60,"pressure_mb":null},{"date":"19080918","time":"0600","status":"TS","lat":27.9,"lon":-93.8,"wind_kt":55,"pressure_mb":null},{"date":"19080918","time":"1200","status":"TS","lat":28.3,"lon":-93.8,"wind_kt":35,"pressure_mb":null},{"date":"19080918","time":"1800","status":"TD","lat":28.7,"lon":-93.4,"wind_kt":25,"pressure_mb":null}]}},{"type":"Feature","geometry":{"type":"LineString","coordinates":[[-46,12.5],[-47.2,12.7],[-48.3,12.9],[-49.5,13.2],[-50.7,13.5],[-51.8,13.8],[-53,13.9],[-54.2,14],[-55.3,14.3],[-56.3,14.5],[-57.2,14.8],[-57.9,15],[-58.7,15.3],[-59.4,15.5],[-60.3,15.7],[-61,15.8],[-61.7,16],[-62.7,16.2],[-64.1,16.4],[-65.1,16.5],[-66.3,16.5],[-67.4,16.5],[-68.5,16.7],[-69.5,16.8],[-70.5,17],[-71.1,17.3],[-71.6,17.6],[-72.2,18.1],[-72.7,18.5],[-73.1,18.7],[-73.7,19.1],[-74.2,19.7],[-74.5,20],[-75,20.4],[-75.4,21],[-75.9,21.4],[-76.3,22],[-76.7,22.5],[-77.2,23.2],[-77.7,23.9],[-78,24.7],[-77.8,25.9],[-76.5,26.8],[-74.6,27.5],[-73,28],[-72.1,28.4],[-71.6,28.7],[-71.1,29.3],[-71.5,30],[-72,29.7],[-72.1,29.2],[-71.6,28.8],[-71,28.5],[-70,29],[-69.2,29.7],[-68.4,30.1],[-67.5,30.5],[-66.2,30.8],[-65,31.1],[-63.8,31.3],[-62.7,31.5],[-61.3,31.8],[-60,32],[-58.7,32.3],[-57.5,32.5],[-56.1,32.8]]},"properties":{"id":"hur-al081908","event_type":"hurricane","name":null,"year":1908,"max_wind_kt":95,"min_pressure_mb":null,"category":2,"preliminary":false,"start_date":"19080921","end_date":"19081007","track":[{"date":"19080921","time":"1200","status":"TS","lat":12.5,"lon":-46,"wind_kt":35,"pressure_mb":null},{"date":"19080921","time":"1800","status":"TS","lat":12.7,"lon":-47.2,"wind_kt":35,"pressure_mb":null},{"date":"19080922","time":"0000","status":"TS","lat":12.9,"lon":-48.3,"wind_kt":35,"pressure_mb":null},{"date":"19080922","time":"0600","status":"TS","lat":13.2,"lon":-49.5,"wind_kt":35,"pressure_mb":null},{"date":"19080922","time":"1200","status":"TS","lat":13.5,"lon":-50.7,"wind_kt":35,"pressure_mb":null},{"date":"19080922","time":"1800","status":"TS","lat":13.8,"lon":-51.8,"wind_kt":35,"pressure_mb":null},{"date":"19080923","time":"0000","status":"TS","lat":13.9,"lon":-53,"wind_kt":35,"pressure_mb":null},{"date":"19080923","time":"0600","status":"TS","lat":14,"lon":-54.2,"wind_kt":35,"pressure_mb":null},{"date":"19080923","time":"1200","status":"TS","lat":14.3,"lon":-55.3,"wind_kt":40,"pressure_mb":null},{"date":"19080923","time":"1800","status":"TS","lat":14.5,"lon":-56.3,"wind_kt":40,"pressure_mb":null},{"date":"19080924","time":"0000","status":"TS","lat":14.8,"lon":-57.2,"wind_kt":40,"pressure_mb":null},{"date":"19080924","time":"0600","status":"TS","lat":15,"lon":-57.9,"wind_kt":40,"pressure_mb":null},{"date":"19080924","time":"1200","status":"TS","lat":15.3,"lon":-58.7,"wind_kt":45,"pressure_mb":null},{"date":"19080924","time":"1800","status":"TS","lat":15.5,"lon":-59.4,"wind_kt":50,"pressure_mb":null},{"date":"19080925","time":"0000","status":"TS","lat":15.7,"lon":-60.3,"wind_kt":55,"pressure_mb":null},{"date":"19080925","time":"0600","status":"TS","lat":15.8,"lon":-61,"wind_kt":60,"pressure_mb":null},{"date":"19080925","time":"1200","status":"HU","lat":16,"lon":-61.7,"wind_kt":65,"pressure_mb":null},{"date":"19080925","time":"1800","status":"HU","lat":16.2,"lon":-62.7,"wind_kt":70,"pressure_mb":null},{"date":"19080926","time":"0000","status":"HU","lat":16.4,"lon":-64.1,"wind_kt":75,"pressure_mb":null},{"date":"19080926","time":"0600","status":"HU","lat":16.5,"lon":-65.1,"wind_kt":75,"pressure_mb":null},{"date":"19080926","time":"1200","status":"HU","lat":16.5,"lon":-66.3,"wind_kt":75,"pressure_mb":null},{"date":"19080926","time":"1800","status":"HU","lat":16.5,"lon":-67.4,"wind_kt":75,"pressure_mb":null},{"date":"19080927","time":"0000","status":"HU","lat":16.7,"lon":-68.5,"wind_kt":75,"pressure_mb":null},{"date":"19080927","time":"0600","status":"HU","lat":16.8,"lon":-69.5,"wind_kt":75,"pressure_mb":null},{"date":"19080927","time":"1200","status":"HU","lat":17,"lon":-70.5,"wind_kt":75,"pressure_mb":null},{"date":"19080927","time":"1800","status":"HU","lat":17.3,"lon":-71.1,"wind_kt":75,"pressure_mb":null},{"date":"19080928","time":"0000","status":"HU","lat":17.6,"lon":-71.6,"wind_kt":70,"pressure_mb":null},{"date":"19080928","time":"0600","status":"HU","lat":18.1,"lon":-72.2,"wind_kt":70,"pressure_mb":null},{"date":"19080928","time":"1200","status":"HU","lat":18.5,"lon":-72.7,"wind_kt":65,"pressure_mb":null},{"date":"19080928","time":"1800","status":"TS","lat":18.7,"lon":-73.1,"wind_kt":60,"pressure_mb":null},{"date":"19080929","time":"0000","status":"HU","lat":19.1,"lon":-73.7,"wind_kt":65,"pressure_mb":null},{"date":"19080929","time":"0600","status":"HU","lat":19.7,"lon":-74.2,"wind_kt":70,"pressure_mb":null},{"date":"19080929","time":"1200","status":"HU","lat":20,"lon":-74.5,"wind_kt":75,"pressure_mb":null},{"date":"19080929","time":"1800","status":"HU","lat":20.4,"lon":-75,"wind_kt":65,"pressure_mb":null},{"date":"19080930","time":"0000","status":"HU","lat":21,"lon":-75.4,"wind_kt":70,"pressure_mb":null},{"date":"19080930","time":"0600","status":"HU","lat":21.4,"lon":-75.9,"wind_kt":75,"pressure_mb":null},{"date":"19080930","time":"1200","status":"HU","lat":22,"lon":-76.3,"wind_kt":80,"pressure_mb":null},{"date":"19080930","time":"1800","status":"HU","lat":22.5,"lon":-76.7,"wind_kt":85,"pressure_mb":null},{"date":"19081001","time":"0000","status":"HU","lat":23.2,"lon":-77.2,"wind_kt":90,"pressure_mb":null},{"date":"19081001","time":"0600","status":"HU","lat":23.9,"lon":-77.7,"wind_kt":95,"pressure_mb":null},{"date":"19081001","time":"1200","status":"HU","lat":24.7,"lon":-78,"wind_kt":95,"pressure_mb":null},{"date":"19081001","time":"1800","status":"HU","lat":25.9,"lon":-77.8,"wind_kt":95,"pressure_mb":null},{"date":"19081002","time":"0000","status":"HU","lat":26.8,"lon":-76.5,"wind_kt":95,"pressure_mb":null},{"date":"19081002","time":"0600","status":"HU","lat":27.5,"lon":-74.6,"wind_kt":95,"pressure_mb":null},{"date":"19081002","time":"1200","status":"HU","lat":28,"lon":-73,"wind_kt":95,"pressure_mb":null},{"date":"19081002","time":"1800","status":"HU","lat":28.4,"lon":-72.1,"wind_kt":95,"pressure_mb":null},{"date":"19081003","time":"0000","status":"HU","lat":28.7,"lon":-71.6,"wind_kt":95,"pressure_mb":null},{"date":"19081003","time":"0600","status":"HU","lat":29.3,"lon":-71.1,"wind_kt":90,"pressure_mb":null},{"date":"19081003","time":"1200","status":"HU","lat":30,"lon":-71.5,"wind_kt":85,"pressure_mb":null},{"date":"19081003","time":"1800","status":"HU","lat":29.7,"lon":-72,"wind_kt":80,"pressure_mb":null},{"date":"19081004","time":"0000","status":"HU","lat":29.2,"lon":-72.1,"wind_kt":75,"pressure_mb":null},{"date":"19081004","time":"0600","status":"HU","lat":28.8,"lon":-71.6,"wind_kt":70,"pressure_mb":null},{"date":"19081004","time":"1200","status":"HU","lat":28.5,"lon":-71,"wind_kt":70,"pressure_mb":null},{"date":"19081004","time":"1800","status":"HU","lat":29,"lon":-70,"wind_kt":70,"pressure_mb":null},{"date":"19081005","time":"0000","status":"HU","lat":29.7,"lon":-69.2,"wind_kt":70,"pressure_mb":null},{"date":"19081005","time":"0600","status":"HU","lat":30.1,"lon":-68.4,"wind_kt":70,"pressure_mb":null},{"date":"19081005","time":"1200","status":"HU","lat":30.5,"lon":-67.5,"wind_kt":70,"pressure_mb":null},{"date":"19081005","time":"1800","status":"HU","lat":30.8,"lon":-66.2,"wind_kt":70,"pressure_mb":null},{"date":"19081006","time":"0000","status":"HU","lat":31.1,"lon":-65,"wind_kt":70,"pressure_mb":null},{"date":"19081006","time":"0600","status":"HU","lat":31.3,"lon":-63.8,"wind_kt":70,"pressure_mb":null},{"date":"19081006","time":"1200","status":"HU","lat":31.5,"lon":-62.7,"wind_kt":65,"pressure_mb":null},{"date":"19081006","time":"1800","status":"TS","lat":31.8,"lon":-61.3,"wind_kt":55,"pressure_mb":null},{"date":"19081007","time":"0000","status":"TS","lat":32,"lon":-60,"wind_kt":45,"pressure_mb":null},{"date":"19081007","time":"0600","status":"EX","lat":32.3,"lon":-58.7,"wind_kt":40,"pressure_mb":null},{"date":"19081007","time":"1200","status":"EX","lat":32.5,"lon":-57.5,"wind_kt":40,"pressure_mb":null},{"date":"19081007","time":"1800","status":"EX","lat":32.8,"lon":-56.1,"wind_kt":40,"pressure_mb":null}]}},{"type":"Feature","geometry":{"type":"LineString","coordinates":[[-78.5,11.7],[-78.8,11.7],[-79.2,11.7],[-79.6,11.7],[-80,11.7],[-80.3,11.7],[-80.7,11.8],[-81.1,11.9],[-81.5,12],[-81.8,12.1],[-82.1,12.2],[-82.4,12.3],[-82.7,12.5],[-83,12.6],[-83.4,12.7],[-83.7,12.8],[-84,13],[-84.3,13.3],[-84.8,13.8],[-85.5,14.5]]},"properties":{"id":"hur-al091908","event_type":"hurricane","name":null,"year":1908,"max_wind_kt":90,"min_pressure_mb":null,"category":2,"preliminary":false,"start_date":"19081014","end_date":"19081019","track":[{"date":"19081014","time":"1200","status":"TD","lat":11.7,"lon":-78.5,"wind_kt":30,"pressure_mb":null},{"date":"19081014","time":"1800","status":"TD","lat":11.7,"lon":-78.8,"wind_kt":30,"pressure_mb":null},{"date":"19081015","time":"0000","status":"TS","lat":11.7,"lon":-79.2,"wind_kt":35,"pressure_mb":null},{"date":"19081015","time":"0600","status":"TS","lat":11.7,"lon":-79.6,"wind_kt":40,"pressure_mb":null},{"date":"19081015","time":"1200","status":"TS","lat":11.7,"lon":-80,"wind_kt":45,"pressure_mb":null},{"date":"19081015","time":"1800","status":"TS","lat":11.7,"lon":-80.3,"wind_kt":45,"pressure_mb":null},{"date":"19081016","time":"0000","status":"TS","lat":11.8,"lon":-80.7,"wind_kt":50,"pressure_mb":null},{"date":"19081016","time":"0600","status":"TS","lat":11.9,"lon":-81.1,"wind_kt":60,"pressure_mb":null},{"date":"19081016","time":"1200","status":"HU","lat":12,"lon":-81.5,"wind_kt":65,"pressure_mb":null},{"date":"19081016","time":"1800","status":"HU","lat":12.1,"lon":-81.8,"wind_kt":70,"pressure_mb":null},{"date":"19081017","time":"0000","status":"HU","lat":12.2,"lon":-82.1,"wind_kt":75,"pressure_mb":null},{"date":"19081017","time":"0600","status":"HU","lat":12.3,"lon":-82.4,"wind_kt":80,"pressure_mb":null},{"date":"19081017","time":"1200","status":"HU","lat":12.5,"lon":-82.7,"wind_kt":85,"pressure_mb":null},{"date":"19081017","time":"1800","status":"HU","lat":12.6,"lon":-83,"wind_kt":90,"pressure_mb":null},{"date":"19081018","time":"0000","status":"HU","lat":12.7,"lon":-83.4,"wind_kt":90,"pressure_mb":null},{"date":"19081018","time":"0600","status":"HU","lat":12.8,"lon":-83.7,"wind_kt":65,"pressure_mb":null},{"date":"19081018","time":"1200","status":"TS","lat":13,"lon":-84,"wind_kt":50,"pressure_mb":null},{"date":"19081018","time":"1800","status":"TS","lat":13.3,"lon":-84.3,"wind_kt":35,"pressure_mb":null},{"date":"19081019","time":"0000","status":"TD","lat":13.8,"lon":-84.8,"wind_kt":30,"pressure_mb":null},{"date":"19081019","time":"0600","status":"TD","lat":14.5,"lon":-85.5,"wind_kt":25,"pressure_mb":null}]}},{"type":"Feature","geometry":{"type":"LineString","coordinates":[[-72,35],[-71.5,34.3],[-71,33.7],[-70.5,33.1],[-69.7,32.5],[-68.6,31.7],[-67.3,30.7],[-66.3,29.6],[-66,28.5],[-67.6,27.5],[-69.9,27.4],[-72.1,28.2],[-74,29],[-75.4,30.3],[-76.6,31.4],[-78.2,32.4],[-79.7,33.4],[-81,34.2]]},"properties":{"id":"hur-al101908","event_type":"hurricane","name":null,"year":1908,"max_wind_kt":35,"min_pressure_mb":null,"category":0,"preliminary":false,"start_date":"19081019","end_date":"19081023","track":[{"date":"19081019","time":"1200","status":"EX","lat":35,"lon":-72,"wind_kt":35,"pressure_mb":null},{"date":"19081019","time":"1800","status":"EX","lat":34.3,"lon":-71.5,"wind_kt":35,"pressure_mb":null},{"date":"19081020","time":"0000","status":"EX","lat":33.7,"lon":-71,"wind_kt":35,"pressure_mb":null},{"date":"19081020","time":"0600","status":"EX","lat":33.1,"lon":-70.5,"wind_kt":35,"pressure_mb":null},{"date":"19081020","time":"1200","status":"TS","lat":32.5,"lon":-69.7,"wind_kt":35,"pressure_mb":null},{"date":"19081020","time":"1800","status":"TS","lat":31.7,"lon":-68.6,"wind_kt":35,"pressure_mb":null},{"date":"19081021","time":"0000","status":"TS","lat":30.7,"lon":-67.3,"wind_kt":35,"pressure_mb":null},{"date":"19081021","time":"0600","status":"TS","lat":29.6,"lon":-66.3,"wind_kt":35,"pressure_mb":null},{"date":"19081021","time":"1200","status":"TS","lat":28.5,"lon":-66,"wind_kt":35,"pressure_mb":null},{"date":"19081021","time":"1800","status":"TS","lat":27.5,"lon":-67.6,"wind_kt":35,"pressure_mb":null},{"date":"19081022","time":"0000","status":"TS","lat":27.4,"lon":-69.9,"wind_kt":35,"pressure_mb":null},{"date":"19081022","time":"0600","status":"TS","lat":28.2,"lon":-72.1,"wind_kt":35,"pressure_mb":null},{"date":"19081022","time":"1200","status":"TS","lat":29,"lon":-74,"wind_kt":35,"pressure_mb":null},{"date":"19081022","time":"1800","status":"TS","lat":30.3,"lon":-75.4,"wind_kt":35,"pressure_mb":null},{"date":"19081023","time":"0000","status":"TS","lat":31.4,"lon":-76.6,"wind_kt":35,"pressure_mb":null},{"date":"19081023","time":"0600","status":"EX","lat":32.4,"lon":-78.2,"wind_kt":35,"pressure_mb":null},{"date":"19081023","time":"1200","status":"EX","lat":33.4,"lon":-79.7,"wind_kt":35,"pressure_mb":null},{"date":"19081023","time":"1800","status":"EX","lat":34.2,"lon":-81,"wind_kt":30,"pressure_mb":null}]}},{"type":"Feature","geometry":{"type":"LineString","coordinates":[[-82.5,10.6],[-82.5,10.8],[-82.5,11],[-82.5,11.2],[-82.5,11.5],[-82.5,11.7],[-82.5,12],[-82.5,12.2],[-82.5,12.4],[-82.5,12.6],[-82.5,12.8],[-82.5,13],[-82.6,13.2],[-82.7,13.4],[-82.8,13.5],[-83,13.7],[-83.3,13.8],[-83.6,13.9],[-84,14],[-84.5,14]]},"properties":{"id":"hur-al011909","event_type":"hurricane","name":null,"year":1909,"max_wind_kt":40,"min_pressure_mb":null,"category":0,"preliminary":false,"start_date":"19090615","end_date":"19090619","track":[{"date":"19090615","time":"0000","status":"TD","lat":10.6,"lon":-82.5,"wind_kt":30,"pressure_mb":null},{"date":"19090615","time":"0600","status":"TD","lat":10.8,"lon":-82.5,"wind_kt":30,"pressure_mb":null},{"date":"19090615","time":"1200","status":"TS","lat":11,"lon":-82.5,"wind_kt":35,"pressure_mb":null},{"date":"19090615","time":"1800","status":"TS","lat":11.2,"lon":-82.5,"wind_kt":35,"pressure_mb":null},{"date":"19090616","time":"0000","status":"TS","lat":11.5,"lon":-82.5,"wind_kt":40,"pressure_mb":null},{"date":"19090616","time":"0600","status":"TS","lat":11.7,"lon":-82.5,"wind_kt":40,"pressure_mb":null},{"date":"19090616","time":"1200","status":"TS","lat":12,"lon":-82.5,"wind_kt":40,"pressure_mb":null},{"date":"19090616","time":"1800","status":"TS","lat":12.2,"lon":-82.5,"wind_kt":40,"pressure_mb":null},{"date":"19090617","time":"0000","status":"TS","lat":12.4,"lon":-82.5,"wind_kt":40,"pressure_mb":null},{"date":"19090617","time":"0600","status":"TS","lat":12.6,"lon":-82.5,"wind_kt":40,"pressure_mb":null},{"date":"19090617","time":"1200","status":"TS","lat":12.8,"lon":-82.5,"wind_kt":40,"pressure_mb":null},{"date":"19090617","time":"1800","status":"TS","lat":13,"lon":-82.5,"wind_kt":40,"pressure_mb":null},{"date":"19090618","time":"0000","status":"TS","lat":13.2,"lon":-82.6,"wind_kt":40,"pressure_mb":null},{"date":"19090618","time":"0600","status":"TS","lat":13.4,"lon":-82.7,"wind_kt":40,"pressure_mb":null},{"date":"19090618","time":"1200","status":"TS","lat":13.5,"lon":-82.8,"wind_kt":40,"pressure_mb":null},{"date":"19090618","time":"1800","status":"TS","lat":13.7,"lon":-83,"wind_kt":40,"pressure_mb":null},{"date":"19090619","time":"0000","status":"TS","lat":13.8,"lon":-83.3,"wind_kt":40,"pressure_mb":null},{"date":"19090619","time":"0600","status":"TS","lat":13.9,"lon":-83.6,"wind_kt":35,"pressure_mb":null},{"date":"19090619","time":"1200","status":"TD","lat":14,"lon":-84,"wind_kt":30,"pressure_mb":null},{"date":"19090619","time":"1800","status":"TD","lat":14,"lon":-84.5,"wind_kt":25,"pressure_mb":null}]}},{"type":"Feature","geometry":{"type":"LineString","coordinates":[[-84,25],[-84.7,25.5],[-85.5,25.9],[-86.2,26.3],[-87,26.7],[-87.7,26.7],[-88.5,26.6],[-89.3,26.6],[-90.1,26.5],[-90.9,26.5],[-91.7,26.4],[-92.5,26.4],[-93.3,26.3],[-94.1,26.3],[-94.9,26.2],[-95.7,26.2],[-96.5,26.1],[-97.2,26.1],[-97.3,26.1],[-98,26],[-98.6,26],[-99,26]]},"properties":{"id":"hur-al021909","event_type":"hurricane","name":null,"year":1909,"max_wind_kt":85,"min_pressure_mb":972,"category":2,"preliminary":false,"start_date":"19090625","end_date":"19090630","track":[{"date":"19090625","time":"1200","status":"TS","lat":25,"lon":-84,"wind_kt":35,"pressure_mb":null},{"date":"19090625","time":"1800","status":"TS","lat":25.5,"lon":-84.7,"wind_kt":35,"pressure_mb":null},{"date":"19090626","time":"0000","status":"TS","lat":25.9,"lon":-85.5,"wind_kt":35,"pressure_mb":null},{"date":"19090626","time":"0600","status":"TS","lat":26.3,"lon":-86.2,"wind_kt":35,"pressure_mb":null},{"date":"19090626","time":"1200","status":"TS","lat":26.7,"lon":-87,"wind_kt":40,"pressure_mb":null},{"date":"19090626","time":"1800","status":"TS","lat":26.7,"lon":-87.7,"wind_kt":40,"pressure_mb":null},{"date":"19090627","time":"0000","status":"TS","lat":26.6,"lon":-88.5,"wind_kt":45,"pressure_mb":null},{"date":"19090627","time":"0600","status":"TS","lat":26.6,"lon":-89.3,"wind_kt":45,"pressure_mb":null},{"date":"19090627","time":"1200","status":"TS","lat":26.5,"lon":-90.1,"wind_kt":50,"pressure_mb":null},{"date":"19090627","time":"1800","status":"TS","lat":26.5,"lon":-90.9,"wind_kt":50,"pressure_mb":null},{"date":"19090628","time":"0000","status":"TS","lat":26.4,"lon":-91.7,"wind_kt":50,"pressure_mb":null},{"date":"19090628","time":"0600","status":"TS","lat":26.4,"lon":-92.5,"wind_kt":50,"pressure_mb":null},{"date":"19090628","time":"1200","status":"TS","lat":26.3,"lon":-93.3,"wind_kt":50,"pressure_mb":null},{"date":"19090628","time":"1800","status":"TS","lat":26.3,"lon":-94.1,"wind_kt":55,"pressure_mb":null},{"date":"19090629","time":"0000","status":"HU","lat":26.2,"lon":-94.9,"wind_kt":65,"pressure_mb":null},{"date":"19090629","time":"0600","status":"HU","lat":26.2,"lon":-95.7,"wind_kt":75,"pressure_mb":null},{"date":"19090629","time":"1200","status":"HU","lat":26.1,"lon":-96.5,"wind_kt":85,"pressure_mb":null},{"date":"19090629","time":"1700","status":"HU","lat":26.1,"lon":-97.2,"wind_kt":85,"pressure_mb":972},{"date":"19090629","time":"1800","status":"HU","lat":26.1,"lon":-97.3,"wind_kt":85,"pressure_mb":972},{"date":"19090630","time":"0000","status":"TS","lat":26,"lon":-98,"wind_kt":50,"pressure_mb":null},{"date":"19090630","time":"0600","status":"TS","lat":26,"lon":-98.6,"wind_kt":35,"pressure_mb":null},{"date":"19090630","time":"1200","status":"TD","lat":26,"lon":-99,"wind_kt":30,"pressure_mb":null}]}},{"type":"Feature","geometry":{"type":"LineString","coordinates":[[-72,21],[-73.1,21.2],[-74.1,21.4],[-75.1,21.7],[-76,22],[-76.9,22.7],[-77.6,23.4],[-78.5,24.2],[-79.3,25],[-79.9,25.8],[-80.1,26],[-80.5,26.5],[-81.1,27.3],[-81.7,28],[-82.2,28.4],[-82.9,29],[-83.4,29.5],[-84,30],[-84.1,30.1],[-84.3,30.2],[-84.5,30.4],[-84.6,30.6],[-84.7,31],[-84.6,31.3],[-84.3,31.6],[-83.8,31.9],[-83.5,32],[-82.8,32.2],[-81.7,32.4],[-80.7,32.4],[-79.7,32.3],[-78.3,32],[-77,31.5],[-75.7,31],[-74.5,30.3],[-73.2,29.6]]},"properties":{"id":"hur-al031909","event_type":"hurricane","name":null,"year":1909,"max_wind_kt":45,"min_pressure_mb":null,"category":0,"preliminary":false,"start_date":"19090626","end_date":"19090704","track":[{"date":"19090626","time":"1200","status":"TD","lat":21,"lon":-72,"wind_kt":30,"pressure_mb":null},{"date":"19090626","time":"1800","status":"TD","lat":21.2,"lon":-73.1,"wind_kt":30,"pressure_mb":null},{"date":"19090627","time":"0000","status":"TD","lat":21.4,"lon":-74.1,"wind_kt":30,"pressure_mb":null},{"date":"19090627","time":"0600","status":"TD","lat":21.7,"lon":-75.1,"wind_kt":30,"pressure_mb":null},{"date":"19090627","time":"1200","status":"TS","lat":22,"lon":-76,"wind_kt":35,"pressure_mb":null},{"date":"19090627","time":"1800","status":"TS","lat":22.7,"lon":-76.9,"wind_kt":35,"pressure_mb":null},{"date":"19090628","time":"0000","status":"TS","lat":23.4,"lon":-77.6,"wind_kt":35,"pressure_mb":null},{"date":"19090628","time":"0600","status":"TS","lat":24.2,"lon":-78.5,"wind_kt":40,"pressure_mb":null},{"date":"19090628","time":"1200","status":"TS","lat":25,"lon":-79.3,"wind_kt":45,"pressure_mb":null},{"date":"19090628","time":"1800","status":"TS","lat":25.8,"lon":-79.9,"wind_kt":45,"pressure_mb":null},{"date":"19090628","time":"2000","status":"TS","lat":26,"lon":-80.1,"wind_kt":45,"pressure_mb":null},{"date":"19090629","time":"0000","status":"TS","lat":26.5,"lon":-80.5,"wind_kt":40,"pressure_mb":null},{"date":"19090629","time":"0600","status":"TS","lat":27.3,"lon":-81.1,"wind_kt":35,"pressure_mb":null},{"date":"19090629","time":"1200","status":"TS","lat":28,"lon":-81.7,"wind_kt":35,"pressure_mb":null},{"date":"19090629","time":"1800","status":"TS","lat":28.4,"lon":-82.2,"wind_kt":35,"pressure_mb":null},{"date":"19090630","time":"0000","status":"TS","lat":29,"lon":-82.9,"wind_kt":35,"pressure_mb":null},{"date":"19090630","time":"0600","status":"TS","lat":29.5,"lon":-83.4,"wind_kt":35,"pressure_mb":null},{"date":"19090630","time":"1200","status":"TS","lat":30,"lon":-84,"wind_kt":35,"pressure_mb":null},{"date":"19090630","time":"1400","status":"TS","lat":30.1,"lon":-84.1,"wind_kt":35,"pressure_mb":null},{"date":"19090630","time":"1800","status":"TD","lat":30.2,"lon":-84.3,"wind_kt":30,"pressure_mb":null},{"date":"19090701","time":"0000","status":"TD","lat":30.4,"lon":-84.5,"wind_kt":30,"pressure_mb":null},{"date":"19090701","time":"0600","status":"TD","lat":30.6,"lon":-84.6,"wind_kt":30,"pressure_mb":null},{"date":"19090701","time":"1200","status":"TD","lat":31,"lon":-84.7,"wind_kt":30,"pressure_mb":null},{"date":"19090701","time":"1800","status":"TD","lat":31.3,"lon":-84.6,"wind_kt":25,"pressure_mb":null},{"date":"19090702","time":"0000","status":"TD","lat":31.6,"lon":-84.3,"wind_kt":25,"pressure_mb":null},{"date":"19090702","time":"0600","status":"TD","lat":31.9,"lon":-83.8,"wind_kt":25,"pressure_mb":null},{"date":"19090702","time":"1200","status":"TD","lat":32,"lon":-83.5,"wind_kt":25,"pressure_mb":null},{"date":"19090702","time":"1800","status":"TD","lat":32.2,"lon":-82.8,"wind_kt":25,"pressure_mb":null},{"date":"19090703","time":"0000","status":"TD","lat":32.4,"lon":-81.7,"wind_kt":25,"pressure_mb":null},{"date":"19090703","time":"0600","status":"TD","lat":32.4,"lon":-80.7,"wind_kt":30,"pressure_mb":null},{"date":"19090703","time":"1200","status":"TD","lat":32.3,"lon":-79.7,"wind_kt":30,"pressure_mb":null},{"date":"19090703","time":"1800","status":"TD","lat":32,"lon":-78.3,"wind_kt":30,"pressure_mb":null},{"date":"19090704","time":"0000","status":"TD","lat":31.5,"lon":-77,"wind_kt":30,"pressure_mb":null},{"date":"19090704","time":"0600","status":"TD","lat":31,"lon":-75.7,"wind_kt":30,"pressure_mb":null},{"date":"19090704","time":"1200","status":"TD","lat":30.3,"lon":-74.5,"wind_kt":30,"pressure_mb":null},{"date":"19090704","time":"1800","status":"TD","lat":29.6,"lon":-73.2,"wind_kt":30,"pressure_mb":null}]}},{"type":"Feature","geometry":{"type":"LineString","coordinates":[[-60.5,12.3],[-62,12.3],[-63.5,12.4],[-64.9,12.6],[-66.2,13],[-67.4,13.5],[-68.6,14],[-69.8,14.5],[-71,14.9],[-72.2,15.2],[-73.3,15.5],[-74.4,15.8],[-75.5,16],[-76.7,16.2],[-77.8,16.4],[-78.9,16.7],[-80,17.2],[-81,18],[-82,19],[-83,20],[-84,21],[-85,22],[-85.9,23],[-86.7,24],[-87.5,25],[-88.3,25.6],[-88.9,26.1],[-89.7,26.6],[-90.6,27],[-91.5,27.4],[-92.5,27.8],[-93.5,28.2],[-94.5,28.6],[-95.3,28.9],[-95.5,29],[-96.5,29.3],[-97.6,29.6],[-98.8,30.2]]},"properties":{"id":"hur-al041909","event_type":"hurricane","name":null,"year":1909,"max_wind_kt":100,"min_pressure_mb":959,"category":3,"preliminary":false,"start_date":"19090713","end_date":"19090722","track":[{"date":"19090713","time":"1200","status":"TD","lat":12.3,"lon":-60.5,"wind_kt":30,"pressure_mb":null},{"date":"19090713","time":"1800","status":"TD","lat":12.3,"lon":-62,"wind_kt":30,"pressure_mb":null},{"date":"19090714","time":"0000","status":"TD","lat":12.4,"lon":-63.5,"wind_kt":30,"pressure_mb":null},{"date":"19090714","time":"0600","status":"TD","lat":12.6,"lon":-64.9,"wind_kt":30,"pressure_mb":null},{"date":"19090714","time":"1200","status":"TD","lat":13,"lon":-66.2,"wind_kt":30,"pressure_mb":null},{"date":"19090714","time":"1800","status":"TD","lat":13.5,"lon":-67.4,"wind_kt":30,"pressure_mb":null},{"date":"19090715","time":"0000","status":"TD","lat":14,"lon":-68.6,"wind_kt":30,"pressure_mb":null},{"date":"19090715","time":"0600","status":"TD","lat":14.5,"lon":-69.8,"wind_kt":30,"pressure_mb":null},{"date":"19090715","time":"1200","status":"TD","lat":14.9,"lon":-71,"wind_kt":30,"pressure_mb":null},{"date":"19090715","time":"1800","status":"TD","lat":15.2,"lon":-72.2,"wind_kt":30,"pressure_mb":null},{"date":"19090716","time":"0000","status":"TD","lat":15.5,"lon":-73.3,"wind_kt":30,"pressure_mb":null},{"date":"19090716","time":"0600","status":"TD","lat":15.8,"lon":-74.4,"wind_kt":30,"pressure_mb":null},{"date":"19090716","time":"1200","status":"TD","lat":16,"lon":-75.5,"wind_kt":30,"pressure_mb":null},{"date":"19090716","time":"1800","status":"TD","lat":16.2,"lon":-76.7,"wind_kt":30,"pressure_mb":null},{"date":"19090717","time":"0000","status":"TS","lat":16.4,"lon":-77.8,"wind_kt":35,"pressure_mb":null},{"date":"19090717","time":"0600","status":"TS","lat":16.7,"lon":-78.9,"wind_kt":40,"pressure_mb":null},{"date":"19090717","time":"1200","status":"TS","lat":17.2,"lon":-80,"wind_kt":45,"pressure_mb":null},{"date":"19090717","time":"1800","status":"TS","lat":18,"lon":-81,"wind_kt":50,"pressure_mb":null},{"date":"19090718","time":"0000","status":"TS","lat":19,"lon":-82,"wind_kt":55,"pressure_mb":null},{"date":"19090718","time":"0600","status":"TS","lat":20,"lon":-83,"wind_kt":60,"pressure_mb":null},{"date":"19090718","time":"1200","status":"TS","lat":21,"lon":-84,"wind_kt":60,"pressure_mb":null},{"date":"19090718","time":"1800","status":"HU","lat":22,"lon":-85,"wind_kt":65,"pressure_mb":null},{"date":"19090719","time":"0000","status":"HU","lat":23,"lon":-85.9,"wind_kt":70,"pressure_mb":null},{"date":"19090719","time":"0600","status":"HU","lat":24,"lon":-86.7,"wind_kt":70,"pressure_mb":null},{"date":"19090719","time":"1200","status":"HU","lat":25,"lon":-87.5,"wind_kt":70,"pressure_mb":null},{"date":"19090719","time":"1800","status":"HU","lat":25.6,"lon":-88.3,"wind_kt":70,"pressure_mb":null},{"date":"19090720","time":"0000","status":"HU","lat":26.1,"lon":-88.9,"wind_kt":70,"pressure_mb":null},{"date":"19090720","time":"0600","status":"HU","lat":26.6,"lon":-89.7,"wind_kt":70,"pressure_mb":null},{"date":"19090720","time":"1200","status":"HU","lat":27,"lon":-90.6,"wind_kt":70,"pressure_mb":null},{"date":"19090720","time":"1800","status":"HU","lat":27.4,"lon":-91.5,"wind_kt":70,"pressure_mb":985},{"date":"19090721","time":"0000","status":"HU","lat":27.8,"lon":-92.5,"wind_kt":80,"pressure_mb":null},{"date":"19090721","time":"0600","status":"HU","lat":28.2,"lon":-93.5,"wind_kt":90,"pressure_mb":null},{"date":"19090721","time":"1200","status":"HU","lat":28.6,"lon":-94.5,"wind_kt":100,"pressure_mb":null},{"date":"19090721","time":"1700","status":"HU","lat":28.9,"lon":-95.3,"wind_kt":100,"pressure_mb":null},{"date":"19090721","time":"1800","status":"HU","lat":29,"lon":-95.5,"wind_kt":90,"pressure_mb":959},{"date":"19090722","time":"0000","status":"HU","lat":29.3,"lon":-96.5,"wind_kt":65,"pressure_mb":null},{"date":"19090722","time":"0600","status":"TD","lat":29.6,"lon":-97.6,"wind_kt":30,"pressure_mb":null},{"date":"19090722","time":"1200","status":"TD","lat":30.2,"lon":-98.8,"wind_kt":25,"pressure_mb":null}]}},{"type":"Feature","geometry":{"type":"LineString","coordinates":[[-79.5,16.6],[-80,17.3],[-80.5,18],[-81.2,18.8],[-82,19.6],[-83,20.6],[-84.3,21],[-85.4,20.9],[-86.5,20.8],[-87.6,20.6],[-88.5,20.5],[-89.3,20.4],[-90.4,20.4],[-91.4,20.4],[-92.5,20.5],[-93.9,20.9],[-95.4,21.5],[-97,22.3],[-98.5,23],[-99.8,23.7]]},"properties":{"id":"hur-al051909","event_type":"hurricane","name":null,"year":1909,"max_wind_kt":40,"min_pressure_mb":1004,"category":0,"preliminary":false,"start_date":"19090806","end_date":"19090810","track":[{"date":"19090806","time":"0000","status":"TD","lat":16.6,"lon":-79.5,"wind_kt":30,"pressure_mb":null},{"date":"19090806","time":"0600","status":"TD","lat":17.3,"lon":-80,"wind_kt":30,"pressure_mb":null},{"date":"19090806","time":"1200","status":"TD","lat":18,"lon":-80.5,"wind_kt":30,"pressure_mb":null},{"date":"19090806","time":"1800","status":"TD","lat":18.8,"lon":-81.2,"wind_kt":30,"pressure_mb":null},{"date":"19090807","time":"0000","status":"TS","lat":19.6,"lon":-82,"wind_kt":35,"pressure_mb":null},{"date":"19090807","time":"0600","status":"TS","lat":20.6,"lon":-83,"wind_kt":35,"pressure_mb":null},{"date":"19090807","time":"1200","status":"TS","lat":21,"lon":-84.3,"wind_kt":40,"pressure_mb":1004},{"date":"19090807","time":"1800","status":"TS","lat":20.9,"lon":-85.4,"wind_kt":40,"pressure_mb":null},{"date":"19090808","time":"0000","status":"TS","lat":20.8,"lon":-86.5,"wind_kt":40,"pressure_mb":null},{"date":"19090808","time":"0600","status":"TS","lat":20.6,"lon":-87.6,"wind_kt":35,"pressure_mb":null},{"date":"19090808","time":"1200","status":"TD","lat":20.5,"lon":-88.5,"wind_kt":30,"pressure_mb":null},{"date":"19090808","time":"1800","status":"TD","lat":20.4,"lon":-89.3,"wind_kt":30,"pressure_mb":null},{"date":"19090809","time":"0000","status":"TD","lat":20.4,"lon":-90.4,"wind_kt":30,"pressure_mb":null},{"date":"19090809","time":"0600","status":"TS","lat":20.4,"lon":-91.4,"wind_kt":35,"pressure_mb":null},{"date":"19090809","time":"1200","status":"TS","lat":20.5,"lon":-92.5,"wind_kt":35,"pressure_mb":null},{"date":"19090809","time":"1800","status":"TS","lat":20.9,"lon":-93.9,"wind_kt":35,"pressure_mb":null},{"date":"19090810","time":"0000","status":"TS","lat":21.5,"lon":-95.4,"wind_kt":35,"pressure_mb":null},{"date":"19090810","time":"0600","status":"TS","lat":22.3,"lon":-97,"wind_kt":35,"pressure_mb":null},{"date":"19090810","time":"1200","status":"TD","lat":23,"lon":-98.5,"wind_kt":30,"pressure_mb":null},{"date":"19090810","time":"1800","status":"TD","lat":23.7,"lon":-99.8,"wind_kt":25,"pressure_mb":null}]}},{"type":"Feature","geometry":{"type":"LineString","coordinates":[[-55.3,15.4],[-56.3,15.5],[-57.3,15.7],[-58.2,15.9],[-59.4,16.1],[-60.5,16.3],[-61.9,16.5],[-63,16.7],[-64.2,17],[-65.7,17.3],[-67.5,17.6],[-69.1,17.9],[-70.7,18.3],[-72.3,18.8],[-74,19.9],[-75.8,20.3],[-77.6,20.5],[-79.5,20.6],[-81.1,20.7],[-82.6,20.8],[-84.1,20.9],[-85.5,21],[-86.9,21.1],[-88.4,21.3],[-89.7,21.6],[-91,22],[-92.5,22.5],[-94,22.9],[-95.5,23.3],[-96.7,23.7],[-97.3,23.8],[-97.9,23.7],[-98.3,23.7],[-98.7,23.7]]},"properties":{"id":"hur-al061909","event_type":"hurricane","name":null,"year":1909,"max_wind_kt":105,"min_pressure_mb":null,"category":3,"preliminary":false,"start_date":"19090820","end_date":"19090828","track":[{"date":"19090820","time":"0600","status":"TS","lat":15.4,"lon":-55.3,"wind_kt":60,"pressure_mb":null},{"date":"19090820","time":"1200","status":"TS","lat":15.5,"lon":-56.3,"wind_kt":60,"pressure_mb":null},{"date":"19090820","time":"1800","status":"HU","lat":15.7,"lon":-57.3,"wind_kt":70,"pressure_mb":null},{"date":"19090821","time":"0000","status":"HU","lat":15.9,"lon":-58.2,"wind_kt":70,"pressure_mb":null},{"date":"19090821","time":"0600","status":"HU","lat":16.1,"lon":-59.4,"wind_kt":70,"pressure_mb":null},{"date":"19090821","time":"1200","status":"HU","lat":16.3,"lon":-60.5,"wind_kt":70,"pressure_mb":null},{"date":"19090821","time":"1800","status":"HU","lat":16.5,"lon":-61.9,"wind_kt":75,"pressure_mb":null},{"date":"19090822","time":"0000","status":"HU","lat":16.7,"lon":-63,"wind_kt":75,"pressure_mb":null},{"date":"19090822","time":"0600","status":"HU","lat":17,"lon":-64.2,"wind_kt":75,"pressure_mb":null},{"date":"19090822","time":"1200","status":"HU","lat":17.3,"lon":-65.7,"wind_kt":80,"pressure_mb":null},{"date":"19090822","time":"1800","status":"HU","lat":17.6,"lon":-67.5,"wind_kt":80,"pressure_mb":null},{"date":"19090823","time":"0000","status":"HU","lat":17.9,"lon":-69.1,"wind_kt":80,"pressure_mb":null},{"date":"19090823","time":"0600","status":"HU","lat":18.3,"lon":-70.7,"wind_kt":70,"pressure_mb":null},{"date":"19090823","time":"1200","status":"HU","lat":18.8,"lon":-72.3,"wind_kt":65,"pressure_mb":null},{"date":"19090823","time":"1800","status":"HU","lat":19.9,"lon":-74,"wind_kt":75,"pressure_mb":null},{"date":"19090824","time":"0000","status":"HU","lat":20.3,"lon":-75.8,"wind_kt":65,"pressure_mb":null},{"date":"19090824","time":"0600","status":"HU","lat":20.5,"lon":-77.6,"wind_kt":65,"pressure_mb":null},{"date":"19090824","time":"1200","status":"HU","lat":20.6,"lon":-79.5,"wind_kt":75,"pressure_mb":null},{"date":"19090824","time":"1800","status":"HU","lat":20.7,"lon":-81.1,"wind_kt":85,"pressure_mb":null},{"date":"19090825","time":"0000","status":"HU","lat":20.8,"lon":-82.6,"wind_kt":95,"pressure_mb":null},{"date":"19090825","time":"0600","status":"HU","lat":20.9,"lon":-84.1,"wind_kt":100,"pressure_mb":null},{"date":"19090825","time":"1200","status":"HU","lat":21,"lon":-85.5,"wind_kt":100,"pressure_mb":null},{"date":"19090825","time":"1800","status":"HU","lat":21.1,"lon":-86.9,"wind_kt":90,"pressure_mb":null},{"date":"19090826","time":"0000","status":"HU","lat":21.3,"lon":-88.4,"wind_kt":80,"pressure_mb":null},{"date":"19090826","time":"0600","status":"HU","lat":21.6,"lon":-89.7,"wind_kt":90,"pressure_mb":null},{"date":"19090826","time":"1200","status":"HU","lat":22,"lon":-91,"wind_kt":100,"pressure_mb":null},{"date":"19090826","time":"1800","status":"HU","lat":22.5,"lon":-92.5,"wind_kt":105,"pressure_mb":null},{"date":"19090827","time":"0000","status":"HU","lat":22.9,"lon":-94,"wind_kt":105,"pressure_mb":null},{"date":"19090827","time":"0600","status":"HU","lat":23.3,"lon":-95.5,"wind_kt":105,"pressure_mb":null},{"date":"19090827","time":"1200","status":"HU","lat":23.7,"lon":-96.7,"wind_kt":105,"pressure_mb":null},{"date":"19090827","time":"1800","status":"HU","lat":23.8,"lon":-97.3,"wind_kt":105,"pressure_mb":null},{"date":"19090828","time":"0000","status":"HU","lat":23.7,"lon":-97.9,"wind_kt":85,"pressure_mb":null},{"date":"19090828","time":"0600","status":"TS","lat":23.7,"lon":-98.3,"wind_kt":55,"pressure_mb":null},{"date":"19090828","time":"1200","status":"TS","lat":23.7,"lon":-98.7,"wind_kt":35,"pressure_mb":null}]}},{"type":"Feature","geometry":{"type":"LineString","coordinates":[[-85.7,23],[-86.3,23.5],[-87,24],[-87.8,24.5],[-88.6,25],[-89.5,25.5],[-90.5,26],[-91.5,26.2],[-92.6,26.3],[-93.8,26.2],[-95,26],[-96.4,25.8],[-97.5,25.5],[-98.5,25]]},"properties":{"id":"hur-al071909","event_type":"hurricane","name":null,"year":1909,"max_wind_kt":45,"min_pressure_mb":null,"category":0,"preliminary":false,"start_date":"19090822","end_date":"19090825","track":[{"date":"19090822","time":"0000","status":"TD","lat":23,"lon":-85.7,"wind_kt":25,"pressure_mb":null},{"date":"19090822","time":"0600","status":"TD","lat":23.5,"lon":-86.3,"wind_kt":25,"pressure_mb":null},{"date":"19090822","time":"1200","status":"TD","lat":24,"lon":-87,"wind_kt":25,"pressure_mb":null},{"date":"19090822","time":"1800","status":"TD","lat":24.5,"lon":-87.8,"wind_kt":30,"pressure_mb":null},{"date":"19090823","time":"0000","status":"TS","lat":25,"lon":-88.6,"wind_kt":35,"pressure_mb":null},{"date":"19090823","time":"0600","status":"TS","lat":25.5,"lon":-89.5,"wind_kt":40,"pressure_mb":null},{"date":"19090823","time":"1200","status":"TS","lat":26,"lon":-90.5,"wind_kt":45,"pressure_mb":null},{"date":"19090823","time":"1800","status":"TS","lat":26.2,"lon":-91.5,"wind_kt":45,"pressure_mb":null},{"date":"19090824","time":"0000","status":"TS","lat":26.3,"lon":-92.6,"wind_kt":40,"pressure_mb":null},{"date":"19090824","time":"0600","status":"TS","lat":26.2,"lon":-93.8,"wind_kt":35,"pressure_mb":null},{"date":"19090824","time":"1200","status":"TS","lat":26,"lon":-95,"wind_kt":35,"pressure_mb":null},{"date":"19090824","time":"1800","status":"TD","lat":25.8,"lon":-96.4,"wind_kt":30,"pressure_mb":null},{"date":"19090825","time":"0000","status":"TD","lat":25.5,"lon":-97.5,"wind_kt":30,"pressure_mb":null},{"date":"19090825","time":"0600","status":"TD","lat":25,"lon":-98.5,"wind_kt":25,"pressure_mb":null}]}},{"type":"Feature","geometry":{"type":"LineString","coordinates":[[-73,23.7],[-74.4,24.6],[-76,25.5],[-77.3,26],[-78.5,26.3],[-79.6,26.4],[-80.1,26.4],[-80.5,26.5],[-80.9,26.6],[-81.2,26.8],[-81.5,27.1],[-81.7,27.7],[-81.3,28.5],[-80.5,29.5],[-79.7,30.4],[-79,31],[-78.4,31.5]]},"properties":{"id":"hur-al081909","event_type":"hurricane","name":null,"year":1909,"max_wind_kt":45,"min_pressure_mb":null,"category":0,"preliminary":false,"start_date":"19090828","end_date":"19090831","track":[{"date":"19090828","time":"0000","status":"TS","lat":23.7,"lon":-73,"wind_kt":35,"pressure_mb":null},{"date":"19090828","time":"0600","status":"TS","lat":24.6,"lon":-74.4,"wind_kt":35,"pressure_mb":null},{"date":"19090828","time":"1200","status":"TS","lat":25.5,"lon":-76,"wind_kt":40,"pressure_mb":null},{"date":"19090828","time":"1800","status":"TS","lat":26,"lon":-77.3,"wind_kt":40,"pressure_mb":null},{"date":"19090829","time":"0000","status":"TS","lat":26.3,"lon":-78.5,"wind_kt":45,"pressure_mb":null},{"date":"19090829","time":"0600","status":"TS","lat":26.4,"lon":-79.6,"wind_kt":45,"pressure_mb":null},{"date":"19090829","time":"0900","status":"TS","lat":26.4,"lon":-80.1,"wind_kt":45,"pressure_mb":null},{"date":"19090829","time":"1200","status":"TS","lat":26.5,"lon":-80.5,"wind_kt":40,"pressure_mb":null},{"date":"19090829","time":"1800","status":"TS","lat":26.6,"lon":-80.9,"wind_kt":35,"pressure_mb":null},{"date":"19090830","time":"0000","status":"TD","lat":26.8,"lon":-81.2,"wind_kt":30,"pressure_mb":null},{"date":"19090830","time":"0600","status":"TD","lat":27.1,"lon":-81.5,"wind_kt":30,"pressure_mb":null},{"date":"19090830","time":"1200","status":"TD","lat":27.7,"lon":-81.7,"wind_kt":30,"pressure_mb":null},{"date":"19090830","time":"1800","status":"TD","lat":28.5,"lon":-81.3,"wind_kt":30,"pressure_mb":null},{"date":"19090831","time":"0000","status":"TS","lat":29.5,"lon":-80.5,"wind_kt":35,"pressure_mb":null},{"date":"19090831","time":"0600","status":"TS","lat":30.4,"lon":-79.7,"wind_kt":35,"pressure_mb":null},{"date":"19090831","time":"1200","status":"TS","lat":31,"lon":-79,"wind_kt":35,"pressure_mb":null},{"date":"19090831","time":"1800","status":"TD","lat":31.5,"lon":-78.4,"wind_kt":30,"pressure_mb":null}]}},{"type":"Feature","geometry":{"type":"LineString","coordinates":[[-71,17.5],[-72.5,17.8],[-73.9,18.1],[-75.2,18.3],[-76.5,18.5],[-77.5,18.7],[-78.4,18.9],[-79.3,19.1],[-80,19.3],[-80.6,19.5],[-81,19.6],[-81.5,19.9],[-82,20.3],[-82.4,20.6],[-82.9,20.9],[-83.3,21.3],[-83.7,21.7],[-84.2,22],[-84.5,22.3],[-84.9,22.6],[-85.4,22.9],[-85.9,23.2],[-86.7,23.5],[-87.4,23.9],[-88,24.3],[-88.5,24.8],[-89,25.4],[-89.5,26.1],[-90.1,26.9],[-90.7,27.7],[-91.3,29.5],[-91.7,31.4],[-91.5,33.2],[-91.3,35],[-91.1,36.8]]},"properties":{"id":"hur-al091909","event_type":"hurricane","name":null,"year":1909,"max_wind_kt":105,"min_pressure_mb":952,"category":3,"preliminary":false,"start_date":"19090913","end_date":"19090922","track":[{"date":"19090913","time":"1200","status":"TD","lat":17.5,"lon":-71,"wind_kt":30,"pressure_mb":null},{"date":"19090913","time":"1800","status":"TD","lat":17.8,"lon":-72.5,"wind_kt":30,"pressure_mb":null},{"date":"19090914","time":"0000","status":"TD","lat":18.1,"lon":-73.9,"wind_kt":30,"pressure_mb":null},{"date":"19090914","time":"0600","status":"TD","lat":18.3,"lon":-75.2,"wind_kt":30,"pressure_mb":null},{"date":"19090914","time":"1200","status":"TD","lat":18.5,"lon":-76.5,"wind_kt":30,"pressure_mb":null},{"date":"19090914","time":"1800","status":"TD","lat":18.7,"lon":-77.5,"wind_kt":30,"pressure_mb":null},{"date":"19090915","time":"0000","status":"TS","lat":18.9,"lon":-78.4,"wind_kt":35,"pressure_mb":null},{"date":"19090915","time":"0600","status":"TS","lat":19.1,"lon":-79.3,"wind_kt":40,"pressure_mb":null},{"date":"19090915","time":"1200","status":"TS","lat":19.3,"lon":-80,"wind_kt":45,"pressure_mb":null},{"date":"19090915","time":"1800","status":"TS","lat":19.5,"lon":-80.6,"wind_kt":50,"pressure_mb":null},{"date":"19090916","time":"0000","status":"TS","lat":19.6,"lon":-81,"wind_kt":55,"pressure_mb":null},{"date":"19090916","time":"0600","status":"TS","lat":19.9,"lon":-81.5,"wind_kt":60,"pressure_mb":null},{"date":"19090916","time":"1200","status":"HU","lat":20.3,"lon":-82,"wind_kt":65,"pressure_mb":null},{"date":"19090916","time":"1800","status":"HU","lat":20.6,"lon":-82.4,"wind_kt":70,"pressure_mb":null},{"date":"19090917","time":"0000","status":"HU","lat":20.9,"lon":-82.9,"wind_kt":70,"pressure_mb":null},{"date":"19090917","time":"0600","status":"HU","lat":21.3,"lon":-83.3,"wind_kt":75,"pressure_mb":null},{"date":"19090917","time":"1200","status":"HU","lat":21.7,"lon":-83.7,"wind_kt":80,"pressure_mb":null},{"date":"19090917","time":"1800","status":"HU","lat":22,"lon":-84.2,"wind_kt":85,"pressure_mb":976},{"date":"19090918","time":"0000","status":"HU","lat":22.3,"lon":-84.5,"wind_kt":75,"pressure_mb":null},{"date":"19090918","time":"0600","status":"HU","lat":22.6,"lon":-84.9,"wind_kt":80,"pressure_mb":null},{"date":"19090918","time":"1200","status":"HU","lat":22.9,"lon":-85.4,"wind_kt":80,"pressure_mb":null},{"date":"19090918","time":"1800","status":"HU","lat":23.2,"lon":-85.9,"wind_kt":85,"pressure_mb":null},{"date":"19090919","time":"0000","status":"HU","lat":23.5,"lon":-86.7,"wind_kt":95,"pressure_mb":null},{"date":"19090919","time":"0600","status":"HU","lat":23.9,"lon":-87.4,"wind_kt":105,"pressure_mb":null},{"date":"19090919","time":"1200","status":"HU","lat":24.3,"lon":-88,"wind_kt":105,"pressure_mb":null},{"date":"19090919","time":"1800","status":"HU","lat":24.8,"lon":-88.5,"wind_kt":105,"pressure_mb":null},{"date":"19090920","time":"0000","status":"HU","lat":25.4,"lon":-89,"wind_kt":105,"pressure_mb":null},{"date":"19090920","time":"0600","status":"HU","lat":26.1,"lon":-89.5,"wind_kt":105,"pressure_mb":null},{"date":"19090920","time":"1200","status":"HU","lat":26.9,"lon":-90.1,"wind_kt":105,"pressure_mb":null},{"date":"19090920","time":"1800","status":"HU","lat":27.7,"lon":-90.7,"wind_kt":100,"pressure_mb":null},{"date":"19090921","time":"0000","status":"HU","lat":29.5,"lon":-91.3,"wind_kt":100,"pressure_mb":952},{"date":"19090921","time":"0600","status":"HU","lat":31.4,"lon":-91.7,"wind_kt":75,"pressure_mb":null},{"date":"19090921","time":"1200","status":"TS","lat":33.2,"lon":-91.5,"wind_kt":55,"pressure_mb":null},{"date":"19090921","time":"1800","status":"TS","lat":35,"lon":-91.3,"wind_kt":40,"pressure_mb":null},{"date":"19090922","time":"0000","status":"TD","lat":36.8,"lon":-91.1,"wind_kt":30,"pressure_mb":null}]}},{"type":"Feature","geometry":{"type":"LineString","coordinates":[[-83,22],[-83,22.5],[-83,23],[-83,23.5],[-83,24.1],[-83,24.7],[-82.8,25.3],[-82.2,25.8],[-81.3,26.3],[-80.4,26.9],[-79.5,27.5],[-78.9,28],[-78.4,28.4],[-77.8,29],[-77,29.5],[-75,30.1],[-72.8,30.6],[-70.6,31.1],[-68.7,31.5],[-66.9,31.8],[-65.5,32.2]]},"properties":{"id":"hur-al101909","event_type":"hurricane","name":null,"year":1909,"max_wind_kt":50,"min_pressure_mb":null,"category":0,"preliminary":false,"start_date":"19090924","end_date":"19090929","track":[{"date":"19090924","time":"0000","status":"TD","lat":22,"lon":-83,"wind_kt":30,"pressure_mb":null},{"date":"19090924","time":"0600","status":"TD","lat":22.5,"lon":-83,"wind_kt":30,"pressure_mb":null},{"date":"19090924","time":"1200","status":"TD","lat":23,"lon":-83,"wind_kt":30,"pressure_mb":null},{"date":"19090924","time":"1800","status":"TD","lat":23.5,"lon":-83,"wind_kt":30,"pressure_mb":null},{"date":"19090925","time":"0000","status":"TD","lat":24.1,"lon":-83,"wind_kt":30,"pressure_mb":null},{"date":"19090925","time":"0600","status":"TD","lat":24.7,"lon":-83,"wind_kt":30,"pressure_mb":null},{"date":"19090925","time":"1200","status":"TD","lat":25.3,"lon":-82.8,"wind_kt":30,"pressure_mb":null},{"date":"19090925","time":"1800","status":"TD","lat":25.8,"lon":-82.2,"wind_kt":30,"pressure_mb":null},{"date":"19090926","time":"0000","status":"TD","lat":26.3,"lon":-81.3,"wind_kt":30,"pressure_mb":null},{"date":"19090926","time":"0600","status":"TD","lat":26.9,"lon":-80.4,"wind_kt":30,"pressure_mb":null},{"date":"19090926","time":"1200","status":"TS","lat":27.5,"lon":-79.5,"wind_kt":35,"pressure_mb":null},{"date":"19090926","time":"1800","status":"TS","lat":28,"lon":-78.9,"wind_kt":35,"pressure_mb":null},{"date":"19090927","time":"0000","status":"TS","lat":28.4,"lon":-78.4,"wind_kt":40,"pressure_mb":null},{"date":"19090927","time":"0600","status":"TS","lat":29,"lon":-77.8,"wind_kt":45,"pressure_mb":null},{"date":"19090927","time":"1200","status":"TS","lat":29.5,"lon":-77,"wind_kt":50,"pressure_mb":null},{"date":"19090927","time":"1800","status":"TS","lat":30.1,"lon":-75,"wind_kt":50,"pressure_mb":null},{"date":"19090928","time":"0000","status":"TS","lat":30.6,"lon":-72.8,"wind_kt":50,"pressure_mb":null},{"date":"19090928","time":"0600","status":"TS","lat":31.1,"lon":-70.6,"wind_kt":45,"pressure_mb":null},{"date":"19090928","time":"1200","status":"TS","lat":31.5,"lon":-68.7,"wind_kt":40,"pressure_mb":null},{"date":"19090928","time":"1800","status":"TS","lat":31.8,"lon":-66.9,"wind_kt":35,"pressure_mb":null},{"date":"19090929","time":"0000","status":"TD","lat":32.2,"lon":-65.5,"wind_kt":30,"pressure_mb":null}]}},{"type":"Feature","geometry":{"type":"LineString","coordinates":[[-76,10.7],[-76.3,11.2],[-76.8,12],[-77.2,12.8],[-77.7,13.7],[-78.2,14.5],[-78.6,15.4],[-79.2,16.4],[-79.8,17.2],[-80.5,17.7],[-81.1,18.2],[-81.7,18.6],[-82.5,19],[-83.2,19.3],[-83.8,19.6],[-84.2,20],[-84.4,20.5],[-84.5,21.1],[-84.5,21.8],[-84.1,22.6],[-83,23.7],[-81,24.7],[-78.9,26],[-76.8,27.5],[-74.8,29],[-72.6,30.3],[-70,31.6],[-67.5,32.9],[-65,34],[-62.9,34.9]]},"properties":{"id":"hur-al111909","event_type":"hurricane","name":null,"year":1909,"max_wind_kt":105,"min_pressure_mb":957,"category":3,"preliminary":false,"start_date":"19091006","end_date":"19091013","track":[{"date":"19091006","time":"1200","status":"TD","lat":10.7,"lon":-76,"wind_kt":30,"pressure_mb":null},{"date":"19091006","time":"1800","status":"TD","lat":11.2,"lon":-76.3,"wind_kt":30,"pressure_mb":null},{"date":"19091007","time":"0000","status":"TS","lat":12,"lon":-76.8,"wind_kt":35,"pressure_mb":null},{"date":"19091007","time":"0600","status":"TS","lat":12.8,"lon":-77.2,"wind_kt":40,"pressure_mb":null},{"date":"19091007","time":"1200","status":"TS","lat":13.7,"lon":-77.7,"wind_kt":45,"pressure_mb":null},{"date":"19091007","time":"1800","status":"TS","lat":14.5,"lon":-78.2,"wind_kt":50,"pressure_mb":null},{"date":"19091008","time":"0000","status":"TS","lat":15.4,"lon":-78.6,"wind_kt":55,"pressure_mb":null},{"date":"19091008","time":"0600","status":"TS","lat":16.4,"lon":-79.2,"wind_kt":60,"pressure_mb":null},{"date":"19091008","time":"1200","status":"HU","lat":17.2,"lon":-79.8,"wind_kt":65,"pressure_mb":null},{"date":"19091008","time":"1800","status":"HU","lat":17.7,"lon":-80.5,"wind_kt":70,"pressure_mb":null},{"date":"19091009","time":"0000","status":"HU","lat":18.2,"lon":-81.1,"wind_kt":80,"pressure_mb":null},{"date":"19091009","time":"0600","status":"HU","lat":18.6,"lon":-81.7,"wind_kt":90,"pressure_mb":null},{"date":"19091009","time":"1200","status":"HU","lat":19,"lon":-82.5,"wind_kt":95,"pressure_mb":null},{"date":"19091009","time":"1800","status":"HU","lat":19.3,"lon":-83.2,"wind_kt":100,"pressure_mb":null},{"date":"19091010","time":"0000","status":"HU","lat":19.6,"lon":-83.8,"wind_kt":105,"pressure_mb":null},{"date":"19091010","time":"0600","status":"HU","lat":20,"lon":-84.2,"wind_kt":105,"pressure_mb":null},{"date":"19091010","time":"1200","status":"HU","lat":20.5,"lon":-84.4,"wind_kt":105,"pressure_mb":null},{"date":"19091010","time":"1800","status":"HU","lat":21.1,"lon":-84.5,"wind_kt":105,"pressure_mb":null},{"date":"19091011","time":"0000","status":"HU","lat":21.8,"lon":-84.5,"wind_kt":105,"pressure_mb":null},{"date":"19091011","time":"0600","status":"HU","lat":22.6,"lon":-84.1,"wind_kt":105,"pressure_mb":null},{"date":"19091011","time":"1200","status":"HU","lat":23.7,"lon":-83,"wind_kt":105,"pressure_mb":null},{"date":"19091011","time":"1800","status":"HU","lat":24.7,"lon":-81,"wind_kt":100,"pressure_mb":957},{"date":"19091012","time":"0000","status":"HU","lat":26,"lon":-78.9,"wind_kt":90,"pressure_mb":null},{"date":"19091012","time":"0600","status":"HU","lat":27.5,"lon":-76.8,"wind_kt":80,"pressure_mb":null},{"date":"19091012","time":"1200","status":"HU","lat":29,"lon":-74.8,"wind_kt":70,"pressure_mb":null},{"date":"19091012","time":"1800","status":"TS","lat":30.3,"lon":-72.6,"wind_kt":60,"pressure_mb":null},{"date":"19091013","time":"0000","status":"TS","lat":31.6,"lon":-70,"wind_kt":50,"pressure_mb":null},{"date":"19091013","time":"0600","status":"TS","lat":32.9,"lon":-67.5,"wind_kt":40,"pressure_mb":null},{"date":"19091013","time":"1200","status":"TS","lat":34,"lon":-65,"wind_kt":35,"pressure_mb":null},{"date":"19091013","time":"1800","status":"TD","lat":34.9,"lon":-62.9,"wind_kt":30,"pressure_mb":null}]}},{"type":"Feature","geometry":{"type":"LineString","coordinates":[[-81,10.5],[-80.8,10.7],[-80.6,10.9],[-80.4,11.1],[-80.2,11.3],[-80,11.6],[-79.7,12.1],[-79.4,12.7],[-79.1,13.3],[-78.8,13.9],[-78.5,14.5],[-78,15.1],[-77.4,15.7],[-76.7,16.5],[-76,17.4],[-75.3,18.2],[-74.5,19],[-73.5,19.6],[-72.1,20.1],[-70.4,20.6],[-68.5,21],[-66.3,21.3],[-64,21.4],[-61.5,21.5],[-59,21.5],[-56.5,21.5]]},"properties":{"id":"hur-al121909","event_type":"hurricane","name":null,"year":1909,"max_wind_kt":90,"min_pressure_mb":null,"category":2,"preliminary":false,"start_date":"19091108","end_date":"19091114","track":[{"date":"19091108","time":"1200","status":"TS","lat":10.5,"lon":-81,"wind_kt":35,"pressure_mb":null},{"date":"19091108","time":"1800","status":"TS","lat":10.7,"lon":-80.8,"wind_kt":35,"pressure_mb":null},{"date":"19091109","time":"0000","status":"TS","lat":10.9,"lon":-80.6,"wind_kt":35,"pressure_mb":null},{"date":"19091109","time":"0600","status":"TS","lat":11.1,"lon":-80.4,"wind_kt":35,"pressure_mb":null},{"date":"19091109","time":"1200","status":"TS","lat":11.3,"lon":-80.2,"wind_kt":35,"pressure_mb":null},{"date":"19091109","time":"1800","status":"TS","lat":11.6,"lon":-80,"wind_kt":35,"pressure_mb":null},{"date":"19091110","time":"0000","status":"TS","lat":12.1,"lon":-79.7,"wind_kt":35,"pressure_mb":null},{"date":"19091110","time":"0600","status":"TS","lat":12.7,"lon":-79.4,"wind_kt":40,"pressure_mb":null},{"date":"19091110","time":"1200","status":"TS","lat":13.3,"lon":-79.1,"wind_kt":40,"pressure_mb":null},{"date":"19091110","time":"1800","status":"TS","lat":13.9,"lon":-78.8,"wind_kt":45,"pressure_mb":null},{"date":"19091111","time":"0000","status":"TS","lat":14.5,"lon":-78.5,"wind_kt":45,"pressure_mb":null},{"date":"19091111","time":"0600","status":"TS","lat":15.1,"lon":-78,"wind_kt":50,"pressure_mb":null},{"date":"19091111","time":"1200","status":"TS","lat":15.7,"lon":-77.4,"wind_kt":50,"pressure_mb":null},{"date":"19091111","time":"1800","status":"TS","lat":16.5,"lon":-76.7,"wind_kt":55,"pressure_mb":null},{"date":"19091112","time":"0000","status":"TS","lat":17.4,"lon":-76,"wind_kt":60,"pressure_mb":null},{"date":"19091112","time":"0600","status":"HU","lat":18.2,"lon":-75.3,"wind_kt":65,"pressure_mb":null},{"date":"19091112","time":"1200","status":"HU","lat":19,"lon":-74.5,"wind_kt":70,"pressure_mb":null},{"date":"19091112","time":"1800","status":"HU","lat":19.6,"lon":-73.5,"wind_kt":75,"pressure_mb":null},{"date":"19091113","time":"0000","status":"HU","lat":20.1,"lon":-72.1,"wind_kt":80,"pressure_mb":null},{"date":"19091113","time":"0600","status":"HU","lat":20.6,"lon":-70.4,"wind_kt":85,"pressure_mb":null},{"date":"19091113","time":"1200","status":"HU","lat":21,"lon":-68.5,"wind_kt":90,"pressure_mb":null},{"date":"19091113","time":"1800","status":"HU","lat":21.3,"lon":-66.3,"wind_kt":90,"pressure_mb":null},{"date":"19091114","time":"0000","status":"HU","lat":21.4,"lon":-64,"wind_kt":90,"pressure_mb":null},{"date":"19091114","time":"0600","status":"HU","lat":21.5,"lon":-61.5,"wind_kt":85,"pressure_mb":null},{"date":"19091114","time":"1200","status":"HU","lat":21.5,"lon":-59,"wind_kt":80,"pressure_mb":null},{"date":"19091114","time":"1800","status":"HU","lat":21.5,"lon":-56.5,"wind_kt":75,"pressure_mb":null}]}}]}