{"type":"FeatureCollection","features":[{"type":"Feature","geometry":{"type":"LineString","coordinates":[[-62,15],[-63.7,15.5],[-65.4,15.9],[-67.3,16.5],[-69.5,17.2],[-71.5,18],[-72.8,18.7],[-74,19.4],[-75.4,20.3],[-76.7,21.3],[-77.5,22.5],[-78.1,23.9],[-78.7,25.6],[-79,27.5],[-79,28.4],[-79,29.6],[-79,30.7],[-78.7,31.7],[-78.4,32.3],[-78,32.9],[-77.6,33.5],[-77,34],[-76.1,34.9],[-75.4,35.6],[-74.7,36.3],[-74,37],[-73.4,37.6]]},"properties":{"id":"hur-al011910","event_type":"hurricane","name":null,"year":1910,"max_wind_kt":40,"min_pressure_mb":null,"category":0,"preliminary":false,"start_date":"19100823","end_date":"19100829","track":[{"date":"19100823","time":"0600","status":"TS","lat":15,"lon":-62,"wind_kt":35,"pressure_mb":null},{"date":"19100823","time":"1200","status":"TS","lat":15.5,"lon":-63.7,"wind_kt":35,"pressure_mb":null},{"date":"19100823","time":"1800","status":"TS","lat":15.9,"lon":-65.4,"wind_kt":35,"pressure_mb":null},{"date":"19100824","time":"0000","status":"TS","lat":16.5,"lon":-67.3,"wind_kt":35,"pressure_mb":null},{"date":"19100824","time":"0600","status":"TS","lat":17.2,"lon":-69.5,"wind_kt":35,"pressure_mb":null},{"date":"19100824","time":"1200","status":"TS","lat":18,"lon":-71.5,"wind_kt":35,"pressure_mb":null},{"date":"19100824","time":"1800","status":"TD","lat":18.7,"lon":-72.8,"wind_kt":30,"pressure_mb":null},{"date":"19100825","time":"0000","status":"TD","lat":19.4,"lon":-74,"wind_kt":30,"pressure_mb":null},{"date":"19100825","time":"0600","status":"TD","lat":20.3,"lon":-75.4,"wind_kt":30,"pressure_mb":null},{"date":"19100825","time":"1200","status":"TD","lat":21.3,"lon":-76.7,"wind_kt":30,"pressure_mb":null},{"date":"19100825","time":"1800","status":"TD","lat":22.5,"lon":-77.5,"wind_kt":30,"pressure_mb":null},{"date":"19100826","time":"0000","status":"TD","lat":23.9,"lon":-78.1,"wind_kt":30,"pressure_mb":null},{"date":"19100826","time":"0600","status":"TD","lat":25.6,"lon":-78.7,"wind_kt":30,"pressure_mb":null},{"date":"19100826","time":"1200","status":"TD","lat":27.5,"lon":-79,"wind_kt":30,"pressure_mb":null},{"date":"19100826","time":"1800","status":"TD","lat":28.4,"lon":-79,"wind_kt":30,"pressure_mb":null},{"date":"19100827","time":"0000","status":"EX","lat":29.6,"lon":-79,"wind_kt":35,"pressure_mb":null},{"date":"19100827","time":"0600","status":"EX","lat":30.7,"lon":-79,"wind_kt":35,"pressure_mb":null},{"date":"19100827","time":"1200","status":"EX","lat":31.7,"lon":-78.7,"wind_kt":35,"pressure_mb":null},{"date":"19100827","time":"1800","status":"EX","lat":32.3,"lon":-78.4,"wind_kt":35,"pressure_mb":null},{"date":"19100828","time":"0000","status":"EX","lat":32.9,"lon":-78,"wind_kt":40,"pressure_mb":null},{"date":"19100828","time":"0600","status":"EX","lat":33.5,"lon":-77.6,"wind_kt":40,"pressure_mb":null},{"date":"19100828","time":"1200","status":"EX","lat":34,"lon":-77,"wind_kt":40,"pressure_mb":null},{"date":"19100828","time":"1800","status":"EX","lat":34.9,"lon":-76.1,"wind_kt":40,"pressure_mb":null},{"date":"19100829","time":"0000","status":"EX","lat":35.6,"lon":-75.4,"wind_kt":35,"pressure_mb":null},{"date":"19100829","time":"0600","status":"EX","lat":36.3,"lon":-74.7,"wind_kt":35,"pressure_mb":null},{"date":"19100829","time":"1200","status":"EX","lat":37,"lon":-74,"wind_kt":30,"pressure_mb":null},{"date":"19100829","time":"1800","status":"EX","lat":37.6,"lon":-73.4,"wind_kt":30,"pressure_mb":null}]}},{"type":"Feature","geometry":{"type":"LineString","coordinates":[[-91.7,26.7],[-92,26.7],[-92.3,26.7],[-92.7,26.7],[-93,26.7],[-93.4,26.7],[-93.8,26.6],[-94.2,26.6],[-94.5,26.5],[-94.8,26.5],[-95,26.4],[-95.2,26.4],[-95.5,26.3],[-95.8,26.2],[-96,26.2],[-96.2,26.1],[-96.5,26],[-96.9,25.9],[-97.2,25.7],[-97.6,25.5],[-98,25.3],[-98.5,25.1]]},"properties":{"id":"hur-al021910","event_type":"hurricane","name":null,"year":1910,"max_wind_kt":40,"min_pressure_mb":null,"category":0,"preliminary":false,"start_date":"19100826","end_date":"19100831","track":[{"date":"19100826","time":"1200","status":"TD","lat":26.7,"lon":-91.7,"wind_kt":30,"pressure_mb":null},{"date":"19100826","time":"1800","status":"TD","lat":26.7,"lon":-92,"wind_kt":30,"pressure_mb":null},{"date":"19100827","time":"0000","status":"TD","lat":26.7,"lon":-92.3,"wind_kt":30,"pressure_mb":null},{"date":"19100827","time":"0600","status":"TD","lat":26.7,"lon":-92.7,"wind_kt":30,"pressure_mb":null},{"date":"19100827","time":"1200","status":"TD","lat":26.7,"lon":-93,"wind_kt":30,"pressure_mb":null},{"date":"19100827","time":"1800","status":"TD","lat":26.7,"lon":-93.4,"wind_kt":30,"pressure_mb":null},{"date":"19100828","time":"0000","status":"TD","lat":26.6,"lon":-93.8,"wind_kt":30,"pressure_mb":null},{"date":"19100828","time":"0600","status":"TD","lat":26.6,"lon":-94.2,"wind_kt":30,"pressure_mb":null},{"date":"19100828","time":"1200","status":"TD","lat":26.5,"lon":-94.5,"wind_kt":30,"pressure_mb":null},{"date":"19100828","time":"1800","status":"TD","lat":26.5,"lon":-94.8,"wind_kt":30,"pressure_mb":null},{"date":"19100829","time":"0000","status":"TD","lat":26.4,"lon":-95,"wind_kt":30,"pressure_mb":null},{"date":"19100829","time":"0600","status":"TD","lat":26.4,"lon":-95.2,"wind_kt":30,"pressure_mb":null},{"date":"19100829","time":"1200","status":"TD","lat":26.3,"lon":-95.5,"wind_kt":30,"pressure_mb":null},{"date":"19100829","time":"1800","status":"TD","lat":26.2,"lon":-95.8,"wind_kt":30,"pressure_mb":null},{"date":"19100830","time":"0000","status":"TS","lat":26.2,"lon":-96,"wind_kt":35,"pressure_mb":null},{"date":"19100830","time":"0600","status":"TS","lat":26.1,"lon":-96.2,"wind_kt":35,"pressure_mb":null},{"date":"19100830","time":"1200","status":"TS","lat":26,"lon":-96.5,"wind_kt":40,"pressure_mb":null},{"date":"19100830","time":"1800","status":"TS","lat":25.9,"lon":-96.9,"wind_kt":40,"pressure_mb":null},{"date":"19100831","time":"0000","status":"TS","lat":25.7,"lon":-97.2,"wind_kt":40,"pressure_mb":null},{"date":"19100831","time":"0600","status":"TS","lat":25.5,"lon":-97.6,"wind_kt":35,"pressure_mb":null},{"date":"19100831","time":"1200","status":"TD","lat":25.3,"lon":-98,"wind_kt":30,"pressure_mb":null},{"date":"19100831","time":"1800","status":"TD","lat":25.1,"lon":-98.5,"wind_kt":25,"pressure_mb":null}]}},{"type":"Feature","geometry":{"type":"LineString","coordinates":[[-58.3,17],[-59.5,17.1],[-60.6,17.1],[-61.7,17.1],[-62.7,17.2],[-63.8,17.4],[-64.9,17.5],[-66,17.5],[-67.1,17.6],[-68.2,17.6],[-69.7,17.6],[-71.2,17.7],[-72.9,17.8],[-74.7,18],[-76.4,18.3],[-77.8,18.6],[-79.2,19],[-80.7,19.5],[-81.8,20],[-82.9,20.5],[-83.8,20.9],[-84.7,21.3],[-85.1,21.7],[-85.6,22.1],[-86.2,22.5],[-87,22.9],[-87.6,23.2],[-88.3,23.6],[-88.9,24],[-89.5,24.4],[-90.3,24.9],[-91.2,25.3],[-91.8,25.7],[-92.5,26],[-93.4,26.2],[-94.3,26.3],[-95.3,26.5],[-96.3,26.6],[-96.9,26.8],[-97.4,26.9],[-97.6,26.9],[-98.3,27],[-99,27],[-99.6,27]]},"properties":{"id":"hur-al031910","event_type":"hurricane","name":null,"year":1910,"max_wind_kt":95,"min_pressure_mb":null,"category":2,"preliminary":false,"start_date":"19100905","end_date":"19100915","track":[{"date":"19100905","time":"0600","status":"TS","lat":17,"lon":-58.3,"wind_kt":60,"pressure_mb":null},{"date":"19100905","time":"1200","status":"HU","lat":17.1,"lon":-59.5,"wind_kt":65,"pressure_mb":null},{"date":"19100905","time":"1800","status":"HU","lat":17.1,"lon":-60.6,"wind_kt":70,"pressure_mb":null},{"date":"19100906","time":"0000","status":"HU","lat":17.1,"lon":-61.7,"wind_kt":75,"pressure_mb":null},{"date":"19100906","time":"0600","status":"HU","lat":17.2,"lon":-62.7,"wind_kt":80,"pressure_mb":null},{"date":"19100906","time":"1200","status":"HU","lat":17.4,"lon":-63.8,"wind_kt":80,"pressure_mb":null},{"date":"19100906","time":"1800","status":"HU","lat":17.5,"lon":-64.9,"wind_kt":85,"pressure_mb":null},{"date":"19100907","time":"0000","status":"HU","lat":17.5,"lon":-66,"wind_kt":85,"pressure_mb":null},{"date":"19100907","time":"0600","status":"HU","lat":17.6,"lon":-67.1,"wind_kt":85,"pressure_mb":null},{"date":"19100907","time":"1200","status":"HU","lat":17.6,"lon":-68.2,"wind_kt":80,"pressure_mb":null},{"date":"19100907","time":"1800","status":"HU","lat":17.6,"lon":-69.7,"wind_kt":75,"pressure_mb":null},{"date":"19100908","time":"0000","status":"HU","lat":17.7,"lon":-71.2,"wind_kt":70,"pressure_mb":null},{"date":"19100908","time":"0600","status":"HU","lat":17.8,"lon":-72.9,"wind_kt":70,"pressure_mb":null},{"date":"19100908","time":"1200","status":"HU","lat":18,"lon":-74.7,"wind_kt":70,"pressure_mb":null},{"date":"19100908","time":"1800","status":"HU","lat":18.3,"lon":-76.4,"wind_kt":70,"pressure_mb":null},{"date":"19100909","time":"0000","status":"HU","lat":18.6,"lon":-77.8,"wind_kt":70,"pressure_mb":null},{"date":"19100909","time":"0600","status":"HU","lat":19,"lon":-79.2,"wind_kt":70,"pressure_mb":null},{"date":"19100909","time":"1200","status":"HU","lat":19.5,"lon":-80.7,"wind_kt":70,"pressure_mb":null},{"date":"19100909","time":"1800","status":"HU","lat":20,"lon":-81.8,"wind_kt":70,"pressure_mb":null},{"date":"19100910","time":"0000","status":"HU","lat":20.5,"lon":-82.9,"wind_kt":70,"pressure_mb":null},{"date":"19100910","time":"0600","status":"HU","lat":20.9,"lon":-83.8,"wind_kt":75,"pressure_mb":null},{"date":"19100910","time":"1200","status":"HU","lat":21.3,"lon":-84.7,"wind_kt":80,"pressure_mb":null},{"date":"19100910","time":"1800","status":"HU","lat":21.7,"lon":-85.1,"wind_kt":80,"pressure_mb":null},{"date":"19100911","time":"0000","status":"HU","lat":22.1,"lon":-85.6,"wind_kt":85,"pressure_mb":null},{"date":"19100911","time":"0600","status":"HU","lat":22.5,"lon":-86.2,"wind_kt":85,"pressure_mb":null},{"date":"19100911","time":"1200","status":"HU","lat":22.9,"lon":-87,"wind_kt":85,"pressure_mb":null},{"date":"19100911","time":"1800","status":"HU","lat":23.2,"lon":-87.6,"wind_kt":85,"pressure_mb":null},{"date":"19100912","time":"0000","status":"HU","lat":23.6,"lon":-88.3,"wind_kt":90,"pressure_mb":null},{"date":"19100912","time":"0600","status":"HU","lat":24,"lon":-88.9,"wind_kt":90,"pressure_mb":null},{"date":"19100912","time":"1200","status":"HU","lat":24.4,"lon":-89.5,"wind_kt":95,"pressure_mb":null},{"date":"19100912","time":"1800","status":"HU","lat":24.9,"lon":-90.3,"wind_kt":95,"pressure_mb":null},{"date":"19100913","time":"0000","status":"HU","lat":25.3,"lon":-91.2,"wind_kt":95,"pressure_mb":null},{"date":"19100913","time":"0600","status":"HU","lat":25.7,"lon":-91.8,"wind_kt":95,"pressure_mb":null},{"date":"19100913","time":"1200","status":"HU","lat":26,"lon":-92.5,"wind_kt":95,"pressure_mb":null},{"date":"19100913","time":"1800","status":"HU","lat":26.2,"lon":-93.4,"wind_kt":95,"pressure_mb":null},{"date":"19100914","time":"0000","status":"HU","lat":26.3,"lon":-94.3,"wind_kt":90,"pressure_mb":null},{"date":"19100914","time":"0600","status":"HU","lat":26.5,"lon":-95.3,"wind_kt":90,"pressure_mb":null},{"date":"19100914","time":"1200","status":"HU","lat":26.6,"lon":-96.3,"wind_kt":90,"pressure_mb":null},{"date":"19100914","time":"1800","status":"HU","lat":26.8,"lon":-96.9,"wind_kt":90,"pressure_mb":null},{"date":"19100914","time":"2200","status":"HU","lat":26.9,"lon":-97.4,"wind_kt":90,"pressure_mb":null},{"date":"19100915","time":"0000","status":"HU","lat":26.9,"lon":-97.6,"wind_kt":65,"pressure_mb":null},{"date":"19100915","time":"0600","status":"TS","lat":27,"lon":-98.3,"wind_kt":45,"pressure_mb":null},{"date":"19100915","time":"1200","status":"TS","lat":27,"lon":-99,"wind_kt":35,"pressure_mb":null},{"date":"19100915","time":"1800","status":"TD","lat":27,"lon":-99.6,"wind_kt":30,"pressure_mb":null}]}},{"type":"Feature","geometry":{"type":"LineString","coordinates":[[-60.5,27.8],[-61.3,28.3],[-62.1,28.9],[-62.8,29.8],[-63.4,30.8],[-63.7,32],[-63.4,33.6],[-62.8,34.8],[-61.9,36],[-61,37],[-60.2,38.1],[-59.4,39.1],[-58.6,40.1],[-57.5,41],[-56.3,41.3],[-54.9,41.1],[-53.7,40.9],[-52,40.7],[-49.6,40.5],[-46.1,40.8],[-42.8,41],[-40,41.5],[-37.4,42.1]]},"properties":{"id":"hur-al041910","event_type":"hurricane","name":null,"year":1910,"max_wind_kt":85,"min_pressure_mb":null,"category":2,"preliminary":false,"start_date":"19100924","end_date":"19100929","track":[{"date":"19100924","time":"0600","status":"TS","lat":27.8,"lon":-60.5,"wind_kt":35,"pressure_mb":null},{"date":"19100924","time":"1200","status":"TS","lat":28.3,"lon":-61.3,"wind_kt":45,"pressure_mb":null},{"date":"19100924","time":"1800","status":"TS","lat":28.9,"lon":-62.1,"wind_kt":55,"pressure_mb":null},{"date":"19100925","time":"0000","status":"HU","lat":29.8,"lon":-62.8,"wind_kt":65,"pressure_mb":null},{"date":"19100925","time":"0600","status":"HU","lat":30.8,"lon":-63.4,"wind_kt":75,"pressure_mb":null},{"date":"19100925","time":"1200","status":"HU","lat":32,"lon":-63.7,"wind_kt":85,"pressure_mb":null},{"date":"19100925","time":"1800","status":"HU","lat":33.6,"lon":-63.4,"wind_kt":85,"pressure_mb":null},{"date":"19100926","time":"0000","status":"HU","lat":34.8,"lon":-62.8,"wind_kt":85,"pressure_mb":null},{"date":"19100926","time":"0600","status":"HU","lat":36,"lon":-61.9,"wind_kt":85,"pressure_mb":null},{"date":"19100926","time":"1200","status":"HU","lat":37,"lon":-61,"wind_kt":80,"pressure_mb":null},{"date":"19100926","time":"1800","status":"HU","lat":38.1,"lon":-60.2,"wind_kt":75,"pressure_mb":null},{"date":"19100927","time":"0000","status":"HU","lat":39.1,"lon":-59.4,"wind_kt":70,"pressure_mb":null},{"date":"19100927","time":"0600","status":"HU","lat":40.1,"lon":-58.6,"wind_kt":65,"pressure_mb":null},{"date":"19100927","time":"1200","status":"EX","lat":41,"lon":-57.5,"wind_kt":60,"pressure_mb":null},{"date":"19100927","time":"1800","status":"EX","lat":41.3,"lon":-56.3,"wind_kt":60,"pressure_mb":null},{"date":"19100928","time":"0000","status":"EX","lat":41.1,"lon":-54.9,"wind_kt":60,"pressure_mb":null},{"date":"19100928","time":"0600","status":"EX","lat":40.9,"lon":-53.7,"wind_kt":60,"pressure_mb":null},{"date":"19100928","time":"1200","status":"EX","lat":40.7,"lon":-52,"wind_kt":60,"pressure_mb":null},{"date":"19100928","time":"1800","status":"EX","lat":40.5,"lon":-49.6,"wind_kt":55,"pressure_mb":null},{"date":"19100929","time":"0000","status":"EX","lat":40.8,"lon":-46.1,"wind_kt":50,"pressure_mb":null},{"date":"19100929","time":"0600","status":"EX","lat":41,"lon":-42.8,"wind_kt":45,"pressure_mb":null},{"date":"19100929","time":"1200","status":"EX","lat":41.5,"lon":-40,"wind_kt":40,"pressure_mb":null},{"date":"19100929","time":"1800","status":"EX","lat":42.1,"lon":-37.4,"wind_kt":35,"pressure_mb":null}]}},{"type":"Feature","geometry":{"type":"LineString","coordinates":[[-79.5,11.2],[-79.7,11.3],[-79.7,11.3],[-79.8,11.4],[-79.9,11.6],[-80,11.8],[-80.1,12.1],[-80.3,12.4],[-80.5,12.8],[-80.7,13.2],[-80.9,13.8],[-81.1,14.6],[-81.3,15.2],[-81.5,16],[-81.8,16.9],[-82.1,17.7],[-82.3,18.6],[-82.5,19.5],[-82.7,20.4],[-83,21.4],[-83.6,22.3],[-84,23],[-84.2,23.3],[-84.4,23.6],[-84.7,23.7],[-85,23.7],[-85.2,23.6],[-85.3,23.4],[-85.4,23.2],[-85.5,22.9],[-85.4,22.4],[-84.9,22.1],[-84.3,22.5],[-83.5,23.4],[-82.8,24.4],[-82.2,25.5],[-82,26.5],[-81.9,27.5],[-81.9,28.3],[-81.9,29.2],[-81.9,30.1],[-81.6,31],[-80.6,32],[-79.8,32.7],[-78.5,33.6],[-77.1,34.4],[-75,35.3],[-72.3,36],[-69,36.6],[-66,37],[-64.4,37],[-63.2,36.8],[-61.8,36.4],[-61,36],[-60.1,35.8],[-58.9,35.7],[-58.2,35.7],[-57.3,35.7],[-56.4,35.7]]},"properties":{"id":"hur-al051910","event_type":"hurricane","name":null,"year":1910,"max_wind_kt":130,"min_pressure_mb":924,"category":4,"preliminary":false,"start_date":"19101009","end_date":"19101023","track":[{"date":"19101009","time":"0600","status":"TD","lat":11.2,"lon":-79.5,"wind_kt":30,"pressure_mb":null},{"date":"19101009","time":"1200","status":"TD","lat":11.3,"lon":-79.7,"wind_kt":30,"pressure_mb":null},{"date":"19101009","time":"1800","status":"TD","lat":11.3,"lon":-79.7,"wind_kt":30,"pressure_mb":null},{"date":"19101010","time":"0000","status":"TD","lat":11.4,"lon":-79.8,"wind_kt":30,"pressure_mb":null},{"date":"19101010","time":"0600","status":"TD","lat":11.6,"lon":-79.9,"wind_kt":30,"pressure_mb":null},{"date":"19101010","time":"1200","status":"TD","lat":11.8,"lon":-80,"wind_kt":30,"pressure_mb":null},{"date":"19101010","time":"1800","status":"TD","lat":12.1,"lon":-80.1,"wind_kt":30,"pressure_mb":null},{"date":"19101011","time":"0000","status":"TS","lat":12.4,"lon":-80.3,"wind_kt":35,"pressure_mb":null},{"date":"19101011","time":"0600","status":"TS","lat":12.8,"lon":-80.5,"wind_kt":35,"pressure_mb":null},{"date":"19101011","time":"1200","status":"TS","lat":13.2,"lon":-80.7,"wind_kt":40,"pressure_mb":null},{"date":"19101011","time":"1800","status":"TS","lat":13.8,"lon":-80.9,"wind_kt":45,"pressure_mb":null},{"date":"19101012","time":"0000","status":"TS","lat":14.6,"lon":-81.1,"wind_kt":50,"pressure_mb":null},{"date":"19101012","time":"0600","status":"TS","lat":15.2,"lon":-81.3,"wind_kt":55,"pressure_mb":null},{"date":"19101012","time":"1200","status":"HU","lat":16,"lon":-81.5,"wind_kt":65,"pressure_mb":null},{"date":"19101012","time":"1800","status":"HU","lat":16.9,"lon":-81.8,"wind_kt":75,"pressure_mb":null},{"date":"19101013","time":"0000","status":"HU","lat":17.7,"lon":-82.1,"wind_kt":85,"pressure_mb":null},{"date":"19101013","time":"0600","status":"HU","lat":18.6,"lon":-82.3,"wind_kt":90,"pressure_mb":null},{"date":"19101013","time":"1200","status":"HU","lat":19.5,"lon":-82.5,"wind_kt":95,"pressure_mb":null},{"date":"19101013","time":"1800","status":"HU","lat":20.4,"lon":-82.7,"wind_kt":95,"pressure_mb":null},{"date":"19101014","time":"0000","status":"HU","lat":21.4,"lon":-83,"wind_kt":100,"pressure_mb":null},{"date":"19101014","time":"0600","status":"HU","lat":22.3,"lon":-83.6,"wind_kt":100,"pressure_mb":960},{"date":"19101014","time":"1200","status":"HU","lat":23,"lon":-84,"wind_kt":90,"pressure_mb":null},{"date":"19101014","time":"1800","status":"HU","lat":23.3,"lon":-84.2,"wind_kt":85,"pressure_mb":null},{"date":"19101015","time":"0000","status":"HU","lat":23.6,"lon":-84.4,"wind_kt":90,"pressure_mb":null},{"date":"19101015","time":"0600","status":"HU","lat":23.7,"lon":-84.7,"wind_kt":90,"pressure_mb":null},{"date":"19101015","time":"1200","status":"HU","lat":23.7,"lon":-85,"wind_kt":90,"pressure_mb":null},{"date":"19101015","time":"1800","status":"HU","lat":23.6,"lon":-85.2,"wind_kt":90,"pressure_mb":null},{"date":"19101016","time":"0000","status":"HU","lat":23.4,"lon":-85.3,"wind_kt":100,"pressure_mb":null},{"date":"19101016","time":"0600","status":"HU","lat":23.2,"lon":-85.4,"wind_kt":110,"pressure_mb":null},{"date":"19101016","time":"1200","status":"HU","lat":22.9,"lon":-85.5,"wind_kt":120,"pressure_mb":null},{"date":"19101016","time":"1800","status":"HU","lat":22.4,"lon":-85.4,"wind_kt":130,"pressure_mb":null},{"date":"19101017","time":"0000","status":"HU","lat":22.1,"lon":-84.9,"wind_kt":130,"pressure_mb":924},{"date":"19101017","time":"0600","status":"HU","lat":22.5,"lon":-84.3,"wind_kt":125,"pressure_mb":null},{"date":"19101017","time":"1200","status":"HU","lat":23.4,"lon":-83.5,"wind_kt":120,"pressure_mb":null},{"date":"19101017","time":"1800","status":"HU","lat":24.4,"lon":-82.8,"wind_kt":115,"pressure_mb":941},{"date":"19101018","time":"0000","status":"HU","lat":25.5,"lon":-82.2,"wind_kt":105,"pressure_mb":null},{"date":"19101018","time":"0600","status":"HU","lat":26.5,"lon":-82,"wind_kt":95,"pressure_mb":955},{"date":"19101018","time":"1200","status":"HU","lat":27.5,"lon":-81.9,"wind_kt":70,"pressure_mb":null},{"date":"19101018","time":"1800","status":"TS","lat":28.3,"lon":-81.9,"wind_kt":60,"pressure_mb":null},{"date":"19101019","time":"0000","status":"TS","lat":29.2,"lon":-81.9,"wind_kt":50,"pressure_mb":null},{"date":"19101019","time":"0600","status":"TS","lat":30.1,"lon":-81.9,"wind_kt":50,"pressure_mb":null},{"date":"19101019","time":"1200","status":"TS","lat":31,"lon":-81.6,"wind_kt":50,"pressure_mb":null},{"date":"19101019","time":"1800","status":"TS","lat":32,"lon":-80.6,"wind_kt":60,"pressure_mb":null},{"date":"19101020","time":"0000","status":"TS","lat":32.7,"lon":-79.8,"wind_kt":60,"pressure_mb":null},{"date":"19101020","time":"0600","status":"TS","lat":33.6,"lon":-78.5,"wind_kt":60,"pressure_mb":null},{"date":"19101020","time":"1200","status":"TS","lat":34.4,"lon":-77.1,"wind_kt":55,"pressure_mb":null},{"date":"19101020","time":"1800","status":"TS","lat":35.3,"lon":-75,"wind_kt":50,"pressure_mb":null},{"date":"19101021","time":"0000","status":"TS","lat":36,"lon":-72.3,"wind_kt":45,"pressure_mb":null},{"date":"19101021","time":"0600","status":"EX","lat":36.6,"lon":-69,"wind_kt":45,"pressure_mb":null},{"date":"19101021","time":"1200","status":"EX","lat":37,"lon":-66,"wind_kt":45,"pressure_mb":null},{"date":"19101021","time":"1800","status":"EX","lat":37,"lon":-64.4,"wind_kt":40,"pressure_mb":null},{"date":"19101022","time":"0000","status":"EX","lat":36.8,"lon":-63.2,"wind_kt":40,"pressure_mb":null},{"date":"19101022","time":"0600","status":"EX","lat":36.4,"lon":-61.8,"wind_kt":40,"pressure_mb":null},{"date":"19101022","time":"1200","status":"EX","lat":36,"lon":-61,"wind_kt":40,"pressure_mb":null},{"date":"19101022","time":"1800","status":"EX","lat":35.8,"lon":-60.1,"wind_kt":40,"pressure_mb":null},{"date":"19101023","time":"0000","status":"EX","lat":35.7,"lon":-58.9,"wind_kt":35,"pressure_mb":null},{"date":"19101023","time":"0600","status":"EX","lat":35.7,"lon":-58.2,"wind_kt":35,"pressure_mb":null},{"date":"19101023","time":"1200","status":"EX","lat":35.7,"lon":-57.3,"wind_kt":35,"pressure_mb":null},{"date":"19101023","time":"1800","status":"EX","lat":35.7,"lon":-56.4,"wind_kt":35,"pressure_mb":null}]}},{"type":"Feature","geometry":{"type":"LineString","coordinates":[[-86,31],[-84.8,31.1],[-83.7,31.2],[-82.6,31.3],[-81.5,31.5],[-80.5,31.7],[-79.5,31.8],[-78.5,31.9],[-77.5,32],[-76.4,32],[-75.3,32],[-74.2,32],[-73,32],[-71.9,32],[-70.8,32],[-69.7,32],[-68.5,32],[-67.2,32.3],[-66,32.8],[-64.7,33.4],[-63.5,34],[-62.3,34.6],[-61.1,35.2],[-59.9,35.8],[-58.5,36.5],[-56.8,37.4],[-54.6,38.4],[-52,39.5],[-49,41],[-46,42.5],[-43,44]]},"properties":{"id":"hur-al011911","event_type":"hurricane","name":null,"year":1911,"max_wind_kt":50,"min_pressure_mb":null,"category":0,"preliminary":false,"start_date":"19110804","end_date":"19110812","track":[{"date":"19110804","time":"1200","status":"TD","lat":31,"lon":-86,"wind_kt":20,"pressure_mb":null},{"date":"19110804","time":"1800","status":"TD","lat":31.1,"lon":-84.8,"wind_kt":20,"pressure_mb":null},{"date":"19110805","time":"0000","status":"TD","lat":31.2,"lon":-83.7,"wind_kt":20,"pressure_mb":null},{"date":"19110805","time":"0600","status":"TD","lat":31.3,"lon":-82.6,"wind_kt":20,"pressure_mb":null},{"date":"19110805","time":"1200","status":"TD","lat":31.5,"lon":-81.5,"wind_kt":25,"pressure_mb":null},{"date":"19110805","time":"1800","status":"TD","lat":31.7,"lon":-80.5,"wind_kt":25,"pressure_mb":null},{"date":"19110806","time":"0000","status":"TD","lat":31.8,"lon":-79.5,"wind_kt":25,"pressure_mb":null},{"date":"19110806","time":"0600","status":"TD","lat":31.9,"lon":-78.5,"wind_kt":25,"pressure_mb":null},{"date":"19110806","time":"1200","status":"TD","lat":32,"lon":-77.5,"wind_kt":25,"pressure_mb":null},{"date":"19110806","time":"1800","status":"TD","lat":32,"lon":-76.4,"wind_kt":25,"pressure_mb":null},{"date":"19110807","time":"0000","status":"TD","lat":32,"lon":-75.3,"wind_kt":30,"pressure_mb":null},{"date":"19110807","time":"0600","status":"TD","lat":32,"lon":-74.2,"wind_kt":30,"pressure_mb":null},{"date":"19110807","time":"1200","status":"TD","lat":32,"lon":-73,"wind_kt":30,"pressure_mb":null},{"date":"19110807","time":"1800","status":"TD","lat":32,"lon":-71.9,"wind_kt":30,"pressure_mb":null},{"date":"19110808","time":"0000","status":"TD","lat":32,"lon":-70.8,"wind_kt":30,"pressure_mb":null},{"date":"19110808","time":"0600","status":"TD","lat":32,"lon":-69.7,"wind_kt":30,"pressure_mb":null},{"date":"19110808","time":"1200","status":"TD","lat":32,"lon":-68.5,"wind_kt":30,"pressure_mb":null},{"date":"19110808","time":"1800","status":"TD","lat":32.3,"lon":-67.2,"wind_kt":30,"pressure_mb":null},{"date":"19110809","time":"0000","status":"TS","lat":32.8,"lon":-66,"wind_kt":35,"pressure_mb":null},{"date":"19110809","time":"0600","status":"TS","lat":33.4,"lon":-64.7,"wind_kt":35,"pressure_mb":null},{"date":"19110809","time":"1200","status":"TS","lat":34,"lon":-63.5,"wind_kt":35,"pressure_mb":null},{"date":"19110809","time":"1800","status":"TS","lat":34.6,"lon":-62.3,"wind_kt":35,"pressure_mb":null},{"date":"19110810","time":"0000","status":"TS","lat":35.2,"lon":-61.1,"wind_kt":40,"pressure_mb":null},{"date":"19110810","time":"0600","status":"TS","lat":35.8,"lon":-59.9,"wind_kt":45,"pressure_mb":null},{"date":"19110810","time":"1200","status":"TS","lat":36.5,"lon":-58.5,"wind_kt":50,"pressure_mb":null},{"date":"19110810","time":"1800","status":"TS","lat":37.4,"lon":-56.8,"wind_kt":50,"pressure_mb":null},{"date":"19110811","time":"0000","status":"TS","lat":38.4,"lon":-54.6,"wind_kt":50,"pressure_mb":null},{"date":"19110811","time":"0600","status":"TS","lat":39.5,"lon":-52,"wind_kt":45,"pressure_mb":null},{"date":"19110811","time":"1200","status":"TS","lat":41,"lon":-49,"wind_kt":40,"pressure_mb":null},{"date":"19110811","time":"1800","status":"TS","lat":42.5,"lon":-46,"wind_kt":35,"pressure_mb":null},{"date":"19110812","time":"0000","status":"TD","lat":44,"lon":-43,"wind_kt":30,"pressure_mb":null}]}},{"type":"Feature","geometry":{"type":"LineString","coordinates":[[-82.5,25.5],[-82.6,25.5],[-82.7,25.5],[-82.8,25.5],[-83,25.7],[-83.3,26],[-83.6,26.5],[-83.9,27.1],[-84.3,27.6],[-84.8,28.1],[-85.4,28.6],[-85.9,29],[-86.5,29.5],[-87.1,30],[-87.5,30.3],[-87.7,30.4],[-88.3,30.6],[-89,30.8],[-89.8,30.9],[-90.7,31],[-91.6,31],[-92.5,31],[-93,31.4],[-93.3,32.2],[-93.4,33.4],[-93.5,35]]},"properties":{"id":"hur-al021911","event_type":"hurricane","name":null,"year":1911,"max_wind_kt":70,"min_pressure_mb":null,"category":1,"preliminary":false,"start_date":"19110808","end_date":"19110814","track":[{"date":"19110808","time":"1200","status":"TD","lat":25.5,"lon":-82.5,"wind_kt":30,"pressure_mb":null},{"date":"19110808","time":"1800","status":"TD","lat":25.5,"lon":-82.6,"wind_kt":30,"pressure_mb":null},{"date":"19110809","time":"0000","status":"TD","lat":25.5,"lon":-82.7,"wind_kt":30,"pressure_mb":null},{"date":"19110809","time":"0600","status":"TS","lat":25.5,"lon":-82.8,"wind_kt":35,"pressure_mb":null},{"date":"19110809","time":"1200","status":"TS","lat":25.7,"lon":-83,"wind_kt":35,"pressure_mb":null},{"date":"19110809","time":"1800","status":"TS","lat":26,"lon":-83.3,"wind_kt":35,"pressure_mb":null},{"date":"19110810","time":"0000","status":"TS","lat":26.5,"lon":-83.6,"wind_kt":40,"pressure_mb":null},{"date":"19110810","time":"0600","status":"TS","lat":27.1,"lon":-83.9,"wind_kt":45,"pressure_mb":null},{"date":"19110810","time":"1200","status":"TS","lat":27.6,"lon":-84.3,"wind_kt":50,"pressure_mb":null},{"date":"19110810","time":"1800","status":"TS","lat":28.1,"lon":-84.8,"wind_kt":55,"pressure_mb":null},{"date":"19110811","time":"0000","status":"TS","lat":28.6,"lon":-85.4,"wind_kt":60,"pressure_mb":null},{"date":"19110811","time":"0600","status":"HU","lat":29,"lon":-85.9,"wind_kt":65,"pressure_mb":null},{"date":"19110811","time":"1200","status":"HU","lat":29.5,"lon":-86.5,"wind_kt":70,"pressure_mb":null},{"date":"19110811","time":"1800","status":"HU","lat":30,"lon":-87.1,"wind_kt":70,"pressure_mb":null},{"date":"19110811","time":"2200","status":"HU","lat":30.3,"lon":-87.5,"wind_kt":70,"pressure_mb":null},{"date":"19110812","time":"0000","status":"HU","lat":30.4,"lon":-87.7,"wind_kt":65,"pressure_mb":null},{"date":"19110812","time":"0600","status":"TS","lat":30.6,"lon":-88.3,"wind_kt":55,"pressure_mb":null},{"date":"19110812","time":"1200","status":"TS","lat":30.8,"lon":-89,"wind_kt":45,"pressure_mb":null},{"date":"19110812","time":"1800","status":"TS","lat":30.9,"lon":-89.8,"wind_kt":40,"pressure_mb":null},{"date":"19110813","time":"0000","status":"TS","lat":31,"lon":-90.7,"wind_kt":35,"pressure_mb":null},{"date":"19110813","time":"0600","status":"TD","lat":31,"lon":-91.6,"wind_kt":30,"pressure_mb":null},{"date":"19110813","time":"1200","status":"TD","lat":31,"lon":-92.5,"wind_kt":30,"pressure_mb":null},{"date":"19110813","time":"1800","status":"TD","lat":31.4,"lon":-93,"wind_kt":30,"pressure_mb":null},{"date":"19110814","time":"0000","status":"TD","lat":32.2,"lon":-93.3,"wind_kt":25,"pressure_mb":null},{"date":"19110814","time":"0600","status":"TD","lat":33.4,"lon":-93.4,"wind_kt":20,"pressure_mb":null},{"date":"19110814","time":"1200","status":"TD","lat":35,"lon":-93.5,"wind_kt":20,"pressure_mb":null}]}},{"type":"Feature","geometry":{"type":"LineString","coordinates":[[-65.5,25.2],[-66.5,25.5],[-67.4,25.8],[-68.3,26.1],[-69.2,26.3],[-70,26.5],[-70.7,26.7],[-71.4,26.9],[-72.1,27.2],[-72.8,27.5],[-73.5,28],[-74.3,28.7],[-75.1,29.6],[-75.8,30.1],[-76.4,30.5],[-77.1,30.8],[-77.8,31.1],[-78.7,31.5],[-79.2,31.8],[-79.6,32],[-80.3,32.1],[-80.7,32.2],[-81,32.2],[-81.5,32.3],[-82,32.4],[-82.5,32.3],[-83,32.1],[-83.4,32],[-83.7,32.2],[-83.9,33],[-84,34],[-83.5,34.8],[-82.5,35.4],[-81,35.8],[-79.5,36]]},"properties":{"id":"hur-al031911","event_type":"hurricane","name":null,"year":1911,"max_wind_kt":85,"min_pressure_mb":972,"category":2,"preliminary":false,"start_date":"19110823","end_date":"19110831","track":[{"date":"19110823","time":"0600","status":"TS","lat":25.2,"lon":-65.5,"wind_kt":35,"pressure_mb":null},{"date":"19110823","time":"1200","status":"TS","lat":25.5,"lon":-66.5,"wind_kt":40,"pressure_mb":null},{"date":"19110823","time":"1800","status":"TS","lat":25.8,"lon":-67.4,"wind_kt":40,"pressure_mb":null},{"date":"19110824","time":"0000","status":"TS","lat":26.1,"lon":-68.3,"wind_kt":45,"pressure_mb":null},{"date":"19110824","time":"0600","status":"TS","lat":26.3,"lon":-69.2,"wind_kt":50,"pressure_mb":null},{"date":"19110824","time":"1200","status":"TS","lat":26.5,"lon":-70,"wind_kt":55,"pressure_mb":null},{"date":"19110824","time":"1800","status":"TS","lat":26.7,"lon":-70.7,"wind_kt":60,"pressure_mb":null},{"date":"19110825","time":"0000","status":"HU","lat":26.9,"lon":-71.4,"wind_kt":65,"pressure_mb":null},{"date":"19110825","time":"0600","status":"HU","lat":27.2,"lon":-72.1,"wind_kt":70,"pressure_mb":null},{"date":"19110825","time":"1200","status":"HU","lat":27.5,"lon":-72.8,"wind_kt":70,"pressure_mb":null},{"date":"19110825","time":"1800","status":"HU","lat":28,"lon":-73.5,"wind_kt":75,"pressure_mb":null},{"date":"19110826","time":"0000","status":"HU","lat":28.7,"lon":-74.3,"wind_kt":80,"pressure_mb":null},{"date":"19110826","time":"0600","status":"HU","lat":29.6,"lon":-75.1,"wind_kt":80,"pressure_mb":null},{"date":"19110826","time":"1200","status":"HU","lat":30.1,"lon":-75.8,"wind_kt":80,"pressure_mb":null},{"date":"19110826","time":"1800","status":"HU","lat":30.5,"lon":-76.4,"wind_kt":80,"pressure_mb":null},{"date":"19110827","time":"0000","status":"HU","lat":30.8,"lon":-77.1,"wind_kt":80,"pressure_mb":null},{"date":"19110827","time":"0600","status":"HU","lat":31.1,"lon":-77.8,"wind_kt":80,"pressure_mb":null},{"date":"19110827","time":"1200","status":"HU","lat":31.5,"lon":-78.7,"wind_kt":85,"pressure_mb":null},{"date":"19110827","time":"1800","status":"HU","lat":31.8,"lon":-79.2,"wind_kt":85,"pressure_mb":null},{"date":"19110828","time":"0000","status":"HU","lat":32,"lon":-79.6,"wind_kt":85,"pressure_mb":null},{"date":"19110828","time":"0600","status":"HU","lat":32.1,"lon":-80.3,"wind_kt":85,"pressure_mb":972},{"date":"19110828","time":"1000","status":"HU","lat":32.2,"lon":-80.7,"wind_kt":85,"pressure_mb":972},{"date":"19110828","time":"1200","status":"HU","lat":32.2,"lon":-81,"wind_kt":65,"pressure_mb":null},{"date":"19110828","time":"1800","status":"TS","lat":32.3,"lon":-81.5,"wind_kt":50,"pressure_mb":null},{"date":"19110829","time":"0000","status":"TS","lat":32.4,"lon":-82,"wind_kt":45,"pressure_mb":null},{"date":"19110829","time":"0600","status":"TS","lat":32.3,"lon":-82.5,"wind_kt":35,"pressure_mb":null},{"date":"19110829","time":"1200","status":"TS","lat":32.1,"lon":-83,"wind_kt":35,"pressure_mb":null},{"date":"19110829","time":"1800","status":"TD","lat":32,"lon":-83.4,"wind_kt":30,"pressure_mb":null},{"date":"19110830","time":"0000","status":"TD","lat":32.2,"lon":-83.7,"wind_kt":30,"pressure_mb":null},{"date":"19110830","time":"0600","status":"TD","lat":33,"lon":-83.9,"wind_kt":30,"pressure_mb":null},{"date":"19110830","time":"1200","status":"EX","lat":34,"lon":-84,"wind_kt":30,"pressure_mb":null},{"date":"19110830","time":"1800","status":"EX","lat":34.8,"lon":-83.5,"wind_kt":30,"pressure_mb":null},{"date":"19110831","time":"0000","status":"EX","lat":35.4,"lon":-82.5,"wind_kt":25,"pressure_mb":null},{"date":"19110831","time":"0600","status":"EX","lat":35.8,"lon":-81,"wind_kt":25,"pressure_mb":null},{"date":"19110831","time":"1200","status":"EX","lat":36,"lon":-79.5,"wind_kt":20,"pressure_mb":null}]}},{"type":"Feature","geometry":{"type":"LineString","coordinates":[[-57,12],[-58.4,12.2],[-59.8,12.4],[-61.2,12.6],[-62.5,12.8],[-63.7,12.9],[-64.8,13],[-65.9,13],[-67,13],[-68,13],[-69,13],[-70,13],[-71,13],[-71.8,12.9],[-72.4,12.8],[-73,12.7],[-73.5,12.5],[-74.1,12.3],[-74.7,12.2],[-75.3,12.1],[-76,12],[-76.8,12],[-77.7,12.1],[-78.7,12.2],[-79.7,12.3],[-80.9,12.4],[-82.2,12.6],[-83.4,12.8],[-84.6,13],[-85.7,13.2],[-86.8,13.3],[-87.9,13.4],[-89,13.4],[-90.2,13.6],[-91.6,13.8],[-93.1,14],[-93.5,14],[-94,14.1]]},"properties":{"id":"hur-al041911","event_type":"hurricane","name":null,"year":1911,"max_wind_kt":85,"min_pressure_mb":null,"category":2,"preliminary":false,"start_date":"19110903","end_date":"19110912","track":[{"date":"19110903","time":"1200","status":"TD","lat":12,"lon":-57,"wind_kt":30,"pressure_mb":null},{"date":"19110903","time":"1800","status":"TD","lat":12.2,"lon":-58.4,"wind_kt":30,"pressure_mb":null},{"date":"19110904","time":"0000","status":"TD","lat":12.4,"lon":-59.8,"wind_kt":30,"pressure_mb":null},{"date":"19110904","time":"0600","status":"TD","lat":12.6,"lon":-61.2,"wind_kt":30,"pressure_mb":null},{"date":"19110904","time":"1200","status":"TS","lat":12.8,"lon":-62.5,"wind_kt":35,"pressure_mb":null},{"date":"19110904","time":"1800","status":"TS","lat":12.9,"lon":-63.7,"wind_kt":35,"pressure_mb":null},{"date":"19110905","time":"0000","status":"TS","lat":13,"lon":-64.8,"wind_kt":35,"pressure_mb":null},{"date":"19110905","time":"0600","status":"TS","lat":13,"lon":-65.9,"wind_kt":35,"pressure_mb":null},{"date":"19110905","time":"1200","status":"TS","lat":13,"lon":-67,"wind_kt":35,"pressure_mb":null},{"date":"19110905","time":"1800","status":"TS","lat":13,"lon":-68,"wind_kt":40,"pressure_mb":null},{"date":"19110906","time":"0000","status":"TS","lat":13,"lon":-69,"wind_kt":40,"pressure_mb":null},{"date":"19110906","time":"0600","status":"TS","lat":13,"lon":-70,"wind_kt":45,"pressure_mb":null},{"date":"19110906","time":"1200","status":"TS","lat":13,"lon":-71,"wind_kt":45,"pressure_mb":null},{"date":"19110906","time":"1800","status":"TS","lat":12.9,"lon":-71.8,"wind_kt":50,"pressure_mb":null},{"date":"19110907","time":"0000","status":"TS","lat":12.8,"lon":-72.4,"wind_kt":50,"pressure_mb":null},{"date":"19110907","time":"0600","status":"TS","lat":12.7,"lon":-73,"wind_kt":55,"pressure_mb":null},{"date":"19110907","time":"1200","status":"TS","lat":12.5,"lon":-73.5,"wind_kt":55,"pressure_mb":null},{"date":"19110907","time":"1800","status":"TS","lat":12.3,"lon":-74.1,"wind_kt":60,"pressure_mb":null},{"date":"19110908","time":"0000","status":"TS","lat":12.2,"lon":-74.7,"wind_kt":60,"pressure_mb":null},{"date":"19110908","time":"0600","status":"HU","lat":12.1,"lon":-75.3,"wind_kt":65,"pressure_mb":null},{"date":"19110908","time":"1200","status":"HU","lat":12,"lon":-76,"wind_kt":70,"pressure_mb":null},{"date":"19110908","time":"1800","status":"HU","lat":12,"lon":-76.8,"wind_kt":70,"pressure_mb":null},{"date":"19110909","time":"0000","status":"HU","lat":12.1,"lon":-77.7,"wind_kt":75,"pressure_mb":null},{"date":"19110909","time":"0600","status":"HU","lat":12.2,"lon":-78.7,"wind_kt":80,"pressure_mb":null},{"date":"19110909","time":"1200","status":"HU","lat":12.3,"lon":-79.7,"wind_kt":85,"pressure_mb":null},{"date":"19110909","time":"1800","status":"HU","lat":12.4,"lon":-80.9,"wind_kt":85,"pressure_mb":null},{"date":"19110910","time":"0000","status":"HU","lat":12.6,"lon":-82.2,"wind_kt":85,"pressure_mb":null},{"date":"19110910","time":"0600","status":"HU","lat":12.8,"lon":-83.4,"wind_kt":85,"pressure_mb":null},{"date":"19110910","time":"1200","status":"TS","lat":13,"lon":-84.6,"wind_kt":60,"pressure_mb":null},{"date":"19110910","time":"1800","status":"TS","lat":13.2,"lon":-85.7,"wind_kt":45,"pressure_mb":null},{"date":"19110911","time":"0000","status":"TS","lat":13.3,"lon":-86.8,"wind_kt":40,"pressure_mb":null},{"date":"19110911","time":"0600","status":"TS","lat":13.4,"lon":-87.9,"wind_kt":40,"pressure_mb":null},{"date":"19110911","time":"1200","status":"TS","lat":13.4,"lon":-89,"wind_kt":35,"pressure_mb":null},{"date":"19110911","time":"1800","status":"TS","lat":13.6,"lon":-90.2,"wind_kt":35,"pressure_mb":null},{"date":"19110912","time":"0000","status":"TS","lat":13.8,"lon":-91.6,"wind_kt":35,"pressure_mb":null},{"date":"19110912","time":"0600","status":"TS","lat":14,"lon":-93.1,"wind_kt":35,"pressure_mb":null},{"date":"19110912","time":"1200","status":"TD","lat":14,"lon":-93.5,"wind_kt":30,"pressure_mb":null},{"date":"19110912","time":"1800","status":"TD","lat":14.1,"lon":-94,"wind_kt":30,"pressure_mb":null}]}},{"type":"Feature","geometry":{"type":"LineString","coordinates":[[-55,34],[-55,34],[-55,34],[-55.1,34],[-55.5,34],[-56.3,34],[-57.3,34],[-58.7,34],[-60,34],[-61,34.5],[-61.8,35.5],[-62.6,37],[-63.5,38],[-64.5,38.8],[-65.7,39.4],[-66.7,39.8],[-67.5,40],[-67.8,39.9],[-67.6,39.6],[-67.3,39.3],[-67,39],[-66.7,38.7]]},"properties":{"id":"hur-al051911","event_type":"hurricane","name":null,"year":1911,"max_wind_kt":55,"min_pressure_mb":null,"category":0,"preliminary":false,"start_date":"19110915","end_date":"19110920","track":[{"date":"19110915","time":"1200","status":"TS","lat":34,"lon":-55,"wind_kt":45,"pressure_mb":null},{"date":"19110915","time":"1800","status":"TS","lat":34,"lon":-55,"wind_kt":45,"pressure_mb":null},{"date":"19110916","time":"0000","status":"TS","lat":34,"lon":-55,"wind_kt":45,"pressure_mb":null},{"date":"19110916","time":"0600","status":"TS","lat":34,"lon":-55.1,"wind_kt":50,"pressure_mb":null},{"date":"19110916","time":"1200","status":"TS","lat":34,"lon":-55.5,"wind_kt":50,"pressure_mb":null},{"date":"19110916","time":"1800","status":"TS","lat":34,"lon":-56.3,"wind_kt":50,"pressure_mb":null},{"date":"19110917","time":"0000","status":"TS","lat":34,"lon":-57.3,"wind_kt":55,"pressure_mb":null},{"date":"19110917","time":"0600","status":"TS","lat":34,"lon":-58.7,"wind_kt":55,"pressure_mb":null},{"date":"19110917","time":"1200","status":"TS","lat":34,"lon":-60,"wind_kt":55,"pressure_mb":null},{"date":"19110917","time":"1800","status":"TS","lat":34.5,"lon":-61,"wind_kt":55,"pressure_mb":null},{"date":"19110918","time":"0000","status":"TS","lat":35.5,"lon":-61.8,"wind_kt":50,"pressure_mb":null},{"date":"19110918","time":"0600","status":"TS","lat":37,"lon":-62.6,"wind_kt":50,"pressure_mb":null},{"date":"19110918","time":"1200","status":"TS","lat":38,"lon":-63.5,"wind_kt":45,"pressure_mb":null},{"date":"19110918","time":"1800","status":"TS","lat":38.8,"lon":-64.5,"wind_kt":45,"pressure_mb":null},{"date":"19110919","time":"0000","status":"TS","lat":39.4,"lon":-65.7,"wind_kt":40,"pressure_mb":null},{"date":"19110919","time":"0600","status":"TS","lat":39.8,"lon":-66.7,"wind_kt":40,"pressure_mb":null},{"date":"19110919","time":"1200","status":"EX","lat":40,"lon":-67.5,"wind_kt":40,"pressure_mb":null},{"date":"19110919","time":"1800","status":"EX","lat":39.9,"lon":-67.8,"wind_kt":40,"pressure_mb":null},{"date":"19110920","time":"0000","status":"EX","lat":39.6,"lon":-67.6,"wind_kt":35,"pressure_mb":null},{"date":"19110920","time":"0600","status":"EX","lat":39.3,"lon":-67.3,"wind_kt":35,"pressure_mb":null},{"date":"19110920","time":"1200","status":"EX","lat":39,"lon":-67,"wind_kt":30,"pressure_mb":null},{"date":"19110920","time":"1800","status":"EX","lat":38.7,"lon":-66.7,"wind_kt":25,"pressure_mb":null}]}},{"type":"Feature","geometry":{"type":"LineString","coordinates":[[-75.5,22.5],[-77,22.5],[-78.5,22.5],[-79.9,22.4],[-81.3,22.3],[-82.7,22.2],[-84,22],[-84.8,21.7],[-85.3,21.4],[-85.7,21.2],[-86,21],[-86.2,20.8],[-86.4,20.6],[-86.5,20.5],[-86.5,20.5],[-86.4,20.8],[-86.3,21.2],[-86.1,21.8],[-85.9,22.5],[-86,23.5],[-86.1,24.5],[-86.1,25.5],[-86,26.5],[-85,27.5],[-82.5,29]]},"properties":{"id":"hur-al061911","event_type":"hurricane","name":null,"year":1911,"max_wind_kt":45,"min_pressure_mb":null,"category":0,"preliminary":false,"start_date":"19111026","end_date":"19111101","track":[{"date":"19111026","time":"0000","status":"TD","lat":22.5,"lon":-75.5,"wind_kt":30,"pressure_mb":null},{"date":"19111026","time":"0600","status":"TD","lat":22.5,"lon":-77,"wind_kt":30,"pressure_mb":null},{"date":"19111026","time":"1200","status":"TD","lat":22.5,"lon":-78.5,"wind_kt":30,"pressure_mb":null},{"date":"19111026","time":"1800","status":"TD","lat":22.4,"lon":-79.9,"wind_kt":30,"pressure_mb":null},{"date":"19111027","time":"0000","status":"TD","lat":22.3,"lon":-81.3,"wind_kt":30,"pressure_mb":null},{"date":"19111027","time":"0600","status":"TS","lat":22.2,"lon":-82.7,"wind_kt":35,"pressure_mb":null},{"date":"19111027","time":"1200","status":"TS","lat":22,"lon":-84,"wind_kt":45,"pressure_mb":null},{"date":"19111027","time":"1800","status":"TS","lat":21.7,"lon":-84.8,"wind_kt":45,"pressure_mb":null},{"date":"19111028","time":"0000","status":"TS","lat":21.4,"lon":-85.3,"wind_kt":45,"pressure_mb":null},{"date":"19111028","time":"0600","status":"TS","lat":21.2,"lon":-85.7,"wind_kt":45,"pressure_mb":null},{"date":"19111028","time":"1200","status":"TS","lat":21,"lon":-86,"wind_kt":45,"pressure_mb":null},{"date":"19111028","time":"1800","status":"TS","lat":20.8,"lon":-86.2,"wind_kt":45,"pressure_mb":null},{"date":"19111029","time":"0000","status":"TS","lat":20.6,"lon":-86.4,"wind_kt":45,"pressure_mb":null},{"date":"19111029","time":"0600","status":"TS","lat":20.5,"lon":-86.5,"wind_kt":40,"pressure_mb":null},{"date":"19111029","time":"1200","status":"TS","lat":20.5,"lon":-86.5,"wind_kt":40,"pressure_mb":null},{"date":"19111029","time":"1800","status":"TS","lat":20.8,"lon":-86.4,"wind_kt":35,"pressure_mb":null},{"date":"19111030","time":"0000","status":"TS","lat":21.2,"lon":-86.3,"wind_kt":35,"pressure_mb":null},{"date":"19111030","time":"0600","status":"TS","lat":21.8,"lon":-86.1,"wind_kt":35,"pressure_mb":null},{"date":"19111030","time":"1200","status":"TS","lat":22.5,"lon":-85.9,"wind_kt":35,"pressure_mb":null},{"date":"19111030","time":"1800","status":"TS","lat":23.5,"lon":-86,"wind_kt":40,"pressure_mb":null},{"date":"19111031","time":"0000","status":"TS","lat":24.5,"lon":-86.1,"wind_kt":45,"pressure_mb":null},{"date":"19111031","time":"0600","status":"TS","lat":25.5,"lon":-86.1,"wind_kt":45,"pressure_mb":null},{"date":"19111031","time":"1200","status":"TS","lat":26.5,"lon":-86,"wind_kt":45,"pressure_mb":null},{"date":"19111031","time":"1800","status":"EX","lat":27.5,"lon":-85,"wind_kt":35,"pressure_mb":null},{"date":"19111101","time":"0000","status":"EX","lat":29,"lon":-82.5,"wind_kt":25,"pressure_mb":null}]}},{"type":"Feature","geometry":{"type":"LineString","coordinates":[[-88,28],[-87.7,27.7],[-87.4,27.4],[-87.1,27.2],[-87,27],[-87.3,26.8],[-87.8,26.7],[-88.4,26.6],[-89,26.5],[-89.5,26.4],[-90,26.2],[-90.5,26.1],[-91,26],[-91.2,26.1],[-91.3,26.2],[-91.4,26.3],[-91.5,26.5],[-91.7,26.8],[-92,27.2],[-92.3,27.6],[-92.5,28],[-92.4,28.5],[-92,29.1],[-91.6,29.6],[-91.5,29.8],[-90.8,30.5],[-89.5,31.5],[-87.5,32.5],[-84.5,33.5],[-81,34.5],[-78.5,35],[-77,35.3],[-75.6,35.4],[-74.5,35.5],[-73,35.5],[-71,35.5],[-69.4,35.5],[-68,35.5],[-67,35.3],[-66.1,35.1],[-65.3,34.8],[-64.5,34.5]]},"properties":{"id":"hur-al011912","event_type":"hurricane","name":null,"year":1912,"max_wind_kt":60,"min_pressure_mb":null,"category":0,"preliminary":false,"start_date":"19120607","end_date":"19120617","track":[{"date":"19120607","time":"1200","status":"TS","lat":28,"lon":-88,"wind_kt":35,"pressure_mb":null},{"date":"19120607","time":"1800","status":"TS","lat":27.7,"lon":-87.7,"wind_kt":35,"pressure_mb":null},{"date":"19120608","time":"0000","status":"TS","lat":27.4,"lon":-87.4,"wind_kt":40,"pressure_mb":null},{"date":"19120608","time":"0600","status":"TS","lat":27.2,"lon":-87.1,"wind_kt":45,"pressure_mb":null},{"date":"19120608","time":"1200","status":"TS","lat":27,"lon":-87,"wind_kt":50,"pressure_mb":null},{"date":"19120608","time":"1800","status":"TS","lat":26.8,"lon":-87.3,"wind_kt":50,"pressure_mb":null},{"date":"19120609","time":"0000","status":"TS","lat":26.7,"lon":-87.8,"wind_kt":50,"pressure_mb":null},{"date":"19120609","time":"0600","status":"TS","lat":26.6,"lon":-88.4,"wind_kt":55,"pressure_mb":null},{"date":"19120609","time":"1200","status":"TS","lat":26.5,"lon":-89,"wind_kt":60,"pressure_mb":null},{"date":"19120609","time":"1800","status":"TS","lat":26.4,"lon":-89.5,"wind_kt":60,"pressure_mb":null},{"date":"19120610","time":"0000","status":"TS","lat":26.2,"lon":-90,"wind_kt":60,"pressure_mb":null},{"date":"19120610","time":"0600","status":"TS","lat":26.1,"lon":-90.5,"wind_kt":60,"pressure_mb":null},{"date":"19120610","time":"1200","status":"TS","lat":26,"lon":-91,"wind_kt":60,"pressure_mb":null},{"date":"19120610","time":"1800","status":"TS","lat":26.1,"lon":-91.2,"wind_kt":60,"pressure_mb":null},{"date":"19120611","time":"0000","status":"TS","lat":26.2,"lon":-91.3,"wind_kt":60,"pressure_mb":null},{"date":"19120611","time":"0600","status":"TS","lat":26.3,"lon":-91.4,"wind_kt":60,"pressure_mb":null},{"date":"19120611","time":"1200","status":"TS","lat":26.5,"lon":-91.5,"wind_kt":60,"pressure_mb":null},{"date":"19120611","time":"1800","status":"TS","lat":26.8,"lon":-91.7,"wind_kt":60,"pressure_mb":null},{"date":"19120612","time":"0000","status":"TS","lat":27.2,"lon":-92,"wind_kt":60,"pressure_mb":null},{"date":"19120612","time":"0600","status":"TS","lat":27.6,"lon":-92.3,"wind_kt":60,"pressure_mb":null},{"date":"19120612","time":"1200","status":"TS","lat":28,"lon":-92.5,"wind_kt":60,"pressure_mb":null},{"date":"19120612","time":"1800","status":"TS","lat":28.5,"lon":-92.4,"wind_kt":60,"pressure_mb":null},{"date":"19120613","time":"0000","status":"TS","lat":29.1,"lon":-92,"wind_kt":60,"pressure_mb":null},{"date":"19120613","time":"0500","status":"TS","lat":29.6,"lon":-91.6,"wind_kt":60,"pressure_mb":null},{"date":"19120613","time":"0600","status":"TS","lat":29.8,"lon":-91.5,"wind_kt":55,"pressure_mb":null},{"date":"19120613","time":"1200","status":"TS","lat":30.5,"lon":-90.8,"wind_kt":50,"pressure_mb":null},{"date":"19120613","time":"1800","status":"TS","lat":31.5,"lon":-89.5,"wind_kt":45,"pressure_mb":null},{"date":"19120614","time":"0000","status":"TS","lat":32.5,"lon":-87.5,"wind_kt":40,"pressure_mb":null},{"date":"19120614","time":"0600","status":"EX","lat":33.5,"lon":-84.5,"wind_kt":35,"pressure_mb":null},{"date":"19120614","time":"1200","status":"EX","lat":34.5,"lon":-81,"wind_kt":35,"pressure_mb":null},{"date":"19120614","time":"1800","status":"EX","lat":35,"lon":-78.5,"wind_kt":35,"pressure_mb":null},{"date":"19120615","time":"0000","status":"EX","lat":35.3,"lon":-77,"wind_kt":35,"pressure_mb":null},{"date":"19120615","time":"0600","status":"EX","lat":35.4,"lon":-75.6,"wind_kt":40,"pressure_mb":null},{"date":"19120615","time":"1200","status":"EX","lat":35.5,"lon":-74.5,"wind_kt":40,"pressure_mb":null},{"date":"19120615","time":"1800","status":"EX","lat":35.5,"lon":-73,"wind_kt":40,"pressure_mb":null},{"date":"19120616","time":"0000","status":"TS","lat":35.5,"lon":-71,"wind_kt":35,"pressure_mb":null},{"date":"19120616","time":"0600","status":"TS","lat":35.5,"lon":-69.4,"wind_kt":35,"pressure_mb":null},{"date":"19120616","time":"1200","status":"TD","lat":35.5,"lon":-68,"wind_kt":30,"pressure_mb":null},{"date":"19120616","time":"1800","status":"TD","lat":35.3,"lon":-67,"wind_kt":30,"pressure_mb":null},{"date":"19120617","time":"0000","status":"TD","lat":35.1,"lon":-66.1,"wind_kt":30,"pressure_mb":null},{"date":"19120617","time":"0600","status":"TD","lat":34.8,"lon":-65.3,"wind_kt":30,"pressure_mb":null},{"date":"19120617","time":"1200","status":"TD","lat":34.5,"lon":-64.5,"wind_kt":30,"pressure_mb":null}]}},{"type":"Feature","geometry":{"type":"LineString","coordinates":[[-74,25],[-74.5,25.8],[-75,26.6],[-75.5,27.3],[-76,28],[-76.4,28.5],[-76.7,28.9],[-77.1,29.3],[-77.5,29.7],[-78.1,30],[-78.8,30.4],[-79.7,30.9],[-80.7,31.3],[-81.3,31.3],[-81.9,31.3],[-83.1,31.3],[-84.3,31.3],[-85.5,31.3],[-86.5,31.4],[-87.5,31.5],[-88.4,31.6],[-89.3,31.7]]},"properties":{"id":"hur-al021912","event_type":"hurricane","name":null,"year":1912,"max_wind_kt":45,"min_pressure_mb":null,"category":0,"preliminary":false,"start_date":"19120712","end_date":"19120717","track":[{"date":"19120712","time":"1200","status":"TS","lat":25,"lon":-74,"wind_kt":35,"pressure_mb":null},{"date":"19120712","time":"1800","status":"TS","lat":25.8,"lon":-74.5,"wind_kt":35,"pressure_mb":null},{"date":"19120713","time":"0000","status":"TS","lat":26.6,"lon":-75,"wind_kt":35,"pressure_mb":null},{"date":"19120713","time":"0600","status":"TS","lat":27.3,"lon":-75.5,"wind_kt":35,"pressure_mb":null},{"date":"19120713","time":"1200","status":"TS","lat":28,"lon":-76,"wind_kt":35,"pressure_mb":null},{"date":"19120713","time":"1800","status":"TS","lat":28.5,"lon":-76.4,"wind_kt":35,"pressure_mb":null},{"date":"19120714","time":"0000","status":"TS","lat":28.9,"lon":-76.7,"wind_kt":35,"pressure_mb":null},{"date":"19120714","time":"0600","status":"TS","lat":29.3,"lon":-77.1,"wind_kt":35,"pressure_mb":null},{"date":"19120714","time":"1200","status":"TS","lat":29.7,"lon":-77.5,"wind_kt":35,"pressure_mb":null},{"date":"19120714","time":"1800","status":"TS","lat":30,"lon":-78.1,"wind_kt":40,"pressure_mb":null},{"date":"19120715","time":"0000","status":"TS","lat":30.4,"lon":-78.8,"wind_kt":40,"pressure_mb":null},{"date":"19120715","time":"0600","status":"TS","lat":30.9,"lon":-79.7,"wind_kt":40,"pressure_mb":null},{"date":"19120715","time":"1200","status":"TS","lat":31.3,"lon":-80.7,"wind_kt":45,"pressure_mb":null},{"date":"19120715","time":"1500","status":"TS","lat":31.3,"lon":-81.3,"wind_kt":45,"pressure_mb":null},{"date":"19120715","time":"1800","status":"TS","lat":31.3,"lon":-81.9,"wind_kt":40,"pressure_mb":null},{"date":"19120716","time":"0000","status":"TS","lat":31.3,"lon":-83.1,"wind_kt":40,"pressure_mb":null},{"date":"19120716","time":"0600","status":"TS","lat":31.3,"lon":-84.3,"wind_kt":35,"pressure_mb":null},{"date":"19120716","time":"1200","status":"TD","lat":31.3,"lon":-85.5,"wind_kt":30,"pressure_mb":null},{"date":"19120716","time":"1800","status":"TD","lat":31.4,"lon":-86.5,"wind_kt":25,"pressure_mb":null},{"date":"19120717","time":"0000","status":"TD","lat":31.5,"lon":-87.5,"wind_kt":25,"pressure_mb":null},{"date":"19120717","time":"0600","status":"TD","lat":31.6,"lon":-88.4,"wind_kt":20,"pressure_mb":null},{"date":"19120717","time":"1200","status":"TD","lat":31.7,"lon":-89.3,"wind_kt":20,"pressure_mb":null}]}},{"type":"Feature","geometry":{"type":"LineString","coordinates":[[-72.5,38.2],[-72.5,38.1],[-72.5,38],[-72.5,37.8],[-72.5,37.6],[-72.5,37.3],[-72.5,37],[-72.8,36.5],[-73.2,36],[-73.5,35.5],[-74,35],[-74.7,34.5],[-75.4,34],[-76.2,33.5],[-77,33],[-78,32.6],[-79.2,32.2],[-80.7,31.8],[-82.5,31.5],[-84.5,31.3]]},"properties":{"id":"hur-al031912","event_type":"hurricane","name":null,"year":1912,"max_wind_kt":45,"min_pressure_mb":null,"category":0,"preliminary":false,"start_date":"19120902","end_date":"19120906","track":[{"date":"19120902","time":"0000","status":"TD","lat":38.2,"lon":-72.5,"wind_kt":30,"pressure_mb":null},{"date":"19120902","time":"0600","status":"TD","lat":38.1,"lon":-72.5,"wind_kt":30,"pressure_mb":null},{"date":"19120902","time":"1200","status":"TS","lat":38,"lon":-72.5,"wind_kt":35,"pressure_mb":null},{"date":"19120902","time":"1800","status":"TS","lat":37.8,"lon":-72.5,"wind_kt":40,"pressure_mb":null},{"date":"19120903","time":"0000","status":"TS","lat":37.6,"lon":-72.5,"wind_kt":45,"pressure_mb":null},{"date":"19120903","time":"0600","status":"TS","lat":37.3,"lon":-72.5,"wind_kt":45,"pressure_mb":null},{"date":"19120903","time":"1200","status":"TS","lat":37,"lon":-72.5,"wind_kt":45,"pressure_mb":null},{"date":"19120903","time":"1800","status":"TS","lat":36.5,"lon":-72.8,"wind_kt":45,"pressure_mb":null},{"date":"19120904","time":"0000","status":"TS","lat":36,"lon":-73.2,"wind_kt":40,"pressure_mb":null},{"date":"19120904","time":"0600","status":"TS","lat":35.5,"lon":-73.5,"wind_kt":40,"pressure_mb":null},{"date":"19120904","time":"1200","status":"TS","lat":35,"lon":-74,"wind_kt":40,"pressure_mb":null},{"date":"19120904","time":"1800","status":"TS","lat":34.5,"lon":-74.7,"wind_kt":40,"pressure_mb":null},{"date":"19120905","time":"0000","status":"TS","lat":34,"lon":-75.4,"wind_kt":35,"pressure_mb":null},{"date":"19120905","time":"0600","status":"TS","lat":33.5,"lon":-76.2,"wind_kt":35,"pressure_mb":null},{"date":"19120905","time":"1200","status":"TS","lat":33,"lon":-77,"wind_kt":35,"pressure_mb":null},{"date":"19120905","time":"1800","status":"TD","lat":32.6,"lon":-78,"wind_kt":30,"pressure_mb":null},{"date":"19120906","time":"0000","status":"TD","lat":32.2,"lon":-79.2,"wind_kt":30,"pressure_mb":null},{"date":"19120906","time":"0600","status":"TD","lat":31.8,"lon":-80.7,"wind_kt":30,"pressure_mb":null},{"date":"19120906","time":"1200","status":"TD","lat":31.5,"lon":-82.5,"wind_kt":25,"pressure_mb":null},{"date":"19120906","time":"1800","status":"TD","lat":31.3,"lon":-84.5,"wind_kt":20,"pressure_mb":null}]}},{"type":"Feature","geometry":{"type":"LineString","coordinates":[[-84,29],[-84.3,29],[-84.5,29],[-84.8,29],[-85,29],[-85.2,28.9],[-85.4,28.7],[-85.7,28.6],[-86,28.5],[-86.3,28.5],[-86.7,28.6],[-87.1,28.8],[-87.5,29],[-87.8,29.3],[-88.1,29.7],[-88.3,30.1],[-88.4,30.3],[-88.5,30.8],[-88.5,31.8],[-88.5,33],[-88.5,35]]},"properties":{"id":"hur-al041912","event_type":"hurricane","name":null,"year":1912,"max_wind_kt":80,"min_pressure_mb":null,"category":1,"preliminary":false,"start_date":"19120910","end_date":"19120915","track":[{"date":"19120910","time":"1200","status":"TD","lat":29,"lon":-84,"wind_kt":30,"pressure_mb":null},{"date":"19120910","time":"1800","status":"TS","lat":29,"lon":-84.3,"wind_kt":35,"pressure_mb":null},{"date":"19120911","time":"0000","status":"TS","lat":29,"lon":-84.5,"wind_kt":40,"pressure_mb":null},{"date":"19120911","time":"0600","status":"TS","lat":29,"lon":-84.8,"wind_kt":45,"pressure_mb":null},{"date":"19120911","time":"1200","status":"TS","lat":29,"lon":-85,"wind_kt":50,"pressure_mb":null},{"date":"19120911","time":"1800","status":"TS","lat":28.9,"lon":-85.2,"wind_kt":55,"pressure_mb":null},{"date":"19120912","time":"0000","status":"TS","lat":28.7,"lon":-85.4,"wind_kt":60,"pressure_mb":null},{"date":"19120912","time":"0600","status":"HU","lat":28.6,"lon":-85.7,"wind_kt":65,"pressure_mb":null},{"date":"19120912","time":"1200","status":"HU","lat":28.5,"lon":-86,"wind_kt":70,"pressure_mb":null},{"date":"19120912","time":"1800","status":"HU","lat":28.5,"lon":-86.3,"wind_kt":75,"pressure_mb":null},{"date":"19120913","time":"0000","status":"HU","lat":28.6,"lon":-86.7,"wind_kt":80,"pressure_mb":null},{"date":"19120913","time":"0600","status":"HU","lat":28.8,"lon":-87.1,"wind_kt":80,"pressure_mb":null},{"date":"19120913","time":"1200","status":"HU","lat":29,"lon":-87.5,"wind_kt":80,"pressure_mb":null},{"date":"19120913","time":"1800","status":"HU","lat":29.3,"lon":-87.8,"wind_kt":75,"pressure_mb":null},{"date":"19120914","time":"0000","status":"HU","lat":29.7,"lon":-88.1,"wind_kt":70,"pressure_mb":null},{"date":"19120914","time":"0600","status":"HU","lat":30.1,"lon":-88.3,"wind_kt":65,"pressure_mb":null},{"date":"19120914","time":"0800","status":"HU","lat":30.3,"lon":-88.4,"wind_kt":65,"pressure_mb":null},{"date":"19120914","time":"1200","status":"TS","lat":30.8,"lon":-88.5,"wind_kt":50,"pressure_mb":null},{"date":"19120914","time":"1800","status":"TS","lat":31.8,"lon":-88.5,"wind_kt":40,"pressure_mb":null},{"date":"19120915","time":"0000","status":"TS","lat":33,"lon":-88.5,"wind_kt":35,"pressure_mb":null},{"date":"19120915","time":"0600","status":"TD","lat":35,"lon":-88.5,"wind_kt":30,"pressure_mb":null}]}},{"type":"Feature","geometry":{"type":"LineString","coordinates":[[-88.5,28.5],[-87.2,28.6],[-85.8,28.7],[-84.4,28.8],[-83,29],[-81.4,29.2],[-79.6,29.4],[-77.8,29.7],[-76,31],[-75,31.3],[-74.4,31.6],[-74.1,31.8],[-74,32],[-74.3,32.2],[-74.9,32.4],[-75.5,32.3],[-75.8,32.1],[-75.5,32],[-74.9,31.9],[-74.2,32.1],[-73.5,32.4],[-72.6,32.6],[-71.7,32.7],[-70.8,32.7],[-70,32.9],[-69.5,33.1],[-69.2,33.4],[-69.1,33.7],[-69,34],[-69,34.5]]},"properties":{"id":"hur-al051912","event_type":"hurricane","name":null,"year":1912,"max_wind_kt":80,"min_pressure_mb":null,"category":1,"preliminary":false,"start_date":"19121003","end_date":"19121010","track":[{"date":"19121003","time":"1200","status":"EX","lat":28.5,"lon":-88.5,"wind_kt":30,"pressure_mb":null},{"date":"19121003","time":"1800","status":"EX","lat":28.6,"lon":-87.2,"wind_kt":30,"pressure_mb":null},{"date":"19121004","time":"0000","status":"EX","lat":28.7,"lon":-85.8,"wind_kt":30,"pressure_mb":null},{"date":"19121004","time":"0600","status":"EX","lat":28.8,"lon":-84.4,"wind_kt":30,"pressure_mb":null},{"date":"19121004","time":"1200","status":"EX","lat":29,"lon":-83,"wind_kt":30,"pressure_mb":null},{"date":"19121004","time":"1800","status":"EX","lat":29.2,"lon":-81.4,"wind_kt":30,"pressure_mb":null},{"date":"19121005","time":"0000","status":"EX","lat":29.4,"lon":-79.6,"wind_kt":35,"pressure_mb":null},{"date":"19121005","time":"0600","status":"EX","lat":29.7,"lon":-77.8,"wind_kt":40,"pressure_mb":null},{"date":"19121005","time":"1200","status":"EX","lat":31,"lon":-76,"wind_kt":45,"pressure_mb":null},{"date":"19121005","time":"1800","status":"EX","lat":31.3,"lon":-75,"wind_kt":50,"pressure_mb":null},{"date":"19121006","time":"0000","status":"TS","lat":31.6,"lon":-74.4,"wind_kt":55,"pressure_mb":null},{"date":"19121006","time":"0600","status":"HU","lat":31.8,"lon":-74.1,"wind_kt":65,"pressure_mb":null},{"date":"19121006","time":"1200","status":"HU","lat":32,"lon":-74,"wind_kt":75,"pressure_mb":null},{"date":"19121006","time":"1800","status":"HU","lat":32.2,"lon":-74.3,"wind_kt":80,"pressure_mb":null},{"date":"19121007","time":"0000","status":"HU","lat":32.4,"lon":-74.9,"wind_kt":80,"pressure_mb":null},{"date":"19121007","time":"0600","status":"HU","lat":32.3,"lon":-75.5,"wind_kt":80,"pressure_mb":null},{"date":"19121007","time":"1200","status":"HU","lat":32.1,"lon":-75.8,"wind_kt":80,"pressure_mb":null},{"date":"19121007","time":"1800","status":"HU","lat":32,"lon":-75.5,"wind_kt":80,"pressure_mb":null},{"date":"19121008","time":"0000","status":"HU","lat":31.9,"lon":-74.9,"wind_kt":75,"pressure_mb":null},{"date":"19121008","time":"0600","status":"HU","lat":32.1,"lon":-74.2,"wind_kt":75,"pressure_mb":null},{"date":"19121008","time":"1200","status":"HU","lat":32.4,"lon":-73.5,"wind_kt":75,"pressure_mb":null},{"date":"19121008","time":"1800","status":"HU","lat":32.6,"lon":-72.6,"wind_kt":70,"pressure_mb":null},{"date":"19121009","time":"0000","status":"TS","lat":32.7,"lon":-71.7,"wind_kt":60,"pressure_mb":null},{"date":"19121009","time":"0600","status":"TS","lat":32.7,"lon":-70.8,"wind_kt":50,"pressure_mb":null},{"date":"19121009","time":"1200","status":"TS","lat":32.9,"lon":-70,"wind_kt":40,"pressure_mb":null},{"date":"19121009","time":"1800","status":"TS","lat":33.1,"lon":-69.5,"wind_kt":35,"pressure_mb":null},{"date":"19121010","time":"0000","status":"TD","lat":33.4,"lon":-69.2,"wind_kt":30,"pressure_mb":null},{"date":"19121010","time":"0600","status":"TD","lat":33.7,"lon":-69.1,"wind_kt":30,"pressure_mb":null},{"date":"19121010","time":"1200","status":"TD","lat":34,"lon":-69,"wind_kt":30,"pressure_mb":null},{"date":"19121010","time":"1800","status":"TD","lat":34.5,"lon":-69,"wind_kt":25,"pressure_mb":null}]}},{"type":"Feature","geometry":{"type":"LineString","coordinates":[[-80.7,18.5],[-81.5,18.9],[-82.3,19.3],[-83.1,19.7],[-84,20.1],[-85,20.5],[-86.1,20.9],[-87.2,21.2],[-88.2,21.5],[-89,21.7],[-89.7,21.8],[-90.3,21.9],[-91,22.1],[-91.8,22.4],[-92.6,22.8],[-93.3,23.2],[-94.1,23.8],[-94.9,24.4],[-95.7,25.1],[-96.4,25.8],[-97,26.5],[-97.4,27.1],[-97.6,27.7],[-97.7,28.3],[-97.8,28.8],[-97.7,29.2],[-97.5,29.5]]},"properties":{"id":"hur-al061912","event_type":"hurricane","name":null,"year":1912,"max_wind_kt":85,"min_pressure_mb":null,"category":2,"preliminary":false,"start_date":"19121011","end_date":"19121018","track":[{"date":"19121011","time":"1200","status":"TS","lat":18.5,"lon":-80.7,"wind_kt":35,"pressure_mb":null},{"date":"19121011","time":"1800","status":"TS","lat":18.9,"lon":-81.5,"wind_kt":35,"pressure_mb":null},{"date":"19121012","time":"0000","status":"TS","lat":19.3,"lon":-82.3,"wind_kt":40,"pressure_mb":null},{"date":"19121012","time":"0600","status":"TS","lat":19.7,"lon":-83.1,"wind_kt":45,"pressure_mb":null},{"date":"19121012","time":"1200","status":"TS","lat":20.1,"lon":-84,"wind_kt":50,"pressure_mb":null},{"date":"19121012","time":"1800","status":"TS","lat":20.5,"lon":-85,"wind_kt":55,"pressure_mb":null},{"date":"19121013","time":"0000","status":"TS","lat":20.9,"lon":-86.1,"wind_kt":60,"pressure_mb":null},{"date":"19121013","time":"0600","status":"TS","lat":21.2,"lon":-87.2,"wind_kt":50,"pressure_mb":null},{"date":"19121013","time":"1200","status":"TS","lat":21.5,"lon":-88.2,"wind_kt":45,"pressure_mb":null},{"date":"19121013","time":"1800","status":"TS","lat":21.7,"lon":-89,"wind_kt":50,"pressure_mb":null},{"date":"19121014","time":"0000","status":"TS","lat":21.8,"lon":-89.7,"wind_kt":55,"pressure_mb":null},{"date":"19121014","time":"0600","status":"TS","lat":21.9,"lon":-90.3,"wind_kt":60,"pressure_mb":null},{"date":"19121014","time":"1200","status":"HU","lat":22.1,"lon":-91,"wind_kt":65,"pressure_mb":null},{"date":"19121014","time":"1800","status":"HU","lat":22.4,"lon":-91.8,"wind_kt":70,"pressure_mb":null},{"date":"19121015","time":"0000","status":"HU","lat":22.8,"lon":-92.6,"wind_kt":75,"pressure_mb":null},{"date":"19121015","time":"0600","status":"HU","lat":23.2,"lon":-93.3,"wind_kt":80,"pressure_mb":null},{"date":"19121015","time":"1200","status":"HU","lat":23.8,"lon":-94.1,"wind_kt":85,"pressure_mb":null},{"date":"19121015","time":"1800","status":"HU","lat":24.4,"lon":-94.9,"wind_kt":85,"pressure_mb":null},{"date":"19121016","time":"0000","status":"HU","lat":25.1,"lon":-95.7,"wind_kt":85,"pressure_mb":null},{"date":"19121016","time":"0600","status":"HU","lat":25.8,"lon":-96.4,"wind_kt":85,"pressure_mb":null},{"date":"19121016","time":"1200","status":"HU","lat":26.5,"lon":-97,"wind_kt":85,"pressure_mb":null},{"date":"19121016","time":"1800","status":"HU","lat":27.1,"lon":-97.4,"wind_kt":85,"pressure_mb":null},{"date":"19121017","time":"0000","status":"TS","lat":27.7,"lon":-97.6,"wind_kt":50,"pressure_mb":null},{"date":"19121017","time":"0600","status":"TS","lat":28.3,"lon":-97.7,"wind_kt":40,"pressure_mb":null},{"date":"19121017","time":"1200","status":"TD","lat":28.8,"lon":-97.8,"wind_kt":30,"pressure_mb":null},{"date":"19121017","time":"1800","status":"TD","lat":29.2,"lon":-97.7,"wind_kt":25,"pressure_mb":null},{"date":"19121018","time":"0000","status":"TD","lat":29.5,"lon":-97.5,"wind_kt":25,"pressure_mb":null}]}},{"type":"Feature","geometry":{"type":"LineString","coordinates":[[-79.7,11.2],[-80,11.4],[-80.3,11.7],[-80.5,11.9],[-80.7,12.2],[-80.7,12.4],[-80.6,12.6],[-80.5,12.8],[-80.4,13],[-80.3,13.1],[-80.2,13.2],[-80.1,13.2],[-80.1,13.2],[-80,13.3],[-79.9,13.4],[-79.8,13.5],[-79.7,13.7],[-79.6,14],[-79.6,14.5],[-79.8,15],[-79.9,15.5],[-80,16],[-80,16.3],[-79.8,16.5],[-79.7,16.8],[-79.5,17.1],[-79.2,17.4],[-78.9,17.7],[-78.6,18],[-78.4,18.3],[-78.1,18.4],[-77.5,18.5],[-76.5,18.7],[-75.7,19],[-76,18.9],[-76.7,18.7],[-78,18.5],[-79.3,18.3],[-80.3,18.2],[-81,18.1],[-81.5,18],[-82,18],[-82.5,18]]},"properties":{"id":"hur-al071912","event_type":"hurricane","name":null,"year":1912,"max_wind_kt":100,"min_pressure_mb":965,"category":3,"preliminary":false,"start_date":"19121111","end_date":"19121121","track":[{"date":"19121111","time":"0600","status":"TS","lat":11.2,"lon":-79.7,"wind_kt":35,"pressure_mb":null},{"date":"19121111","time":"1200","status":"TS","lat":11.4,"lon":-80,"wind_kt":35,"pressure_mb":null},{"date":"19121111","time":"1800","status":"TS","lat":11.7,"lon":-80.3,"wind_kt":35,"pressure_mb":null},{"date":"19121112","time":"0000","status":"TS","lat":11.9,"lon":-80.5,"wind_kt":35,"pressure_mb":null},{"date":"19121112","time":"0600","status":"TS","lat":12.2,"lon":-80.7,"wind_kt":35,"pressure_mb":null},{"date":"19121112","time":"1200","status":"TS","lat":12.4,"lon":-80.7,"wind_kt":40,"pressure_mb":null},{"date":"19121112","time":"1800","status":"TS","lat":12.6,"lon":-80.6,"wind_kt":45,"pressure_mb":null},{"date":"19121113","time":"0000","status":"TS","lat":12.8,"lon":-80.5,"wind_kt":50,"pressure_mb":null},{"date":"19121113","time":"0600","status":"TS","lat":13,"lon":-80.4,"wind_kt":55,"pressure_mb":null},{"date":"19121113","time":"1200","status":"TS","lat":13.1,"lon":-80.3,"wind_kt":60,"pressure_mb":null},{"date":"19121113","time":"1800","status":"HU","lat":13.2,"lon":-80.2,"wind_kt":65,"pressure_mb":null},{"date":"19121114","time":"0000","status":"HU","lat":13.2,"lon":-80.1,"wind_kt":70,"pressure_mb":null},{"date":"19121114","time":"0600","status":"HU","lat":13.2,"lon":-80.1,"wind_kt":70,"pressure_mb":null},{"date":"19121114","time":"1200","status":"HU","lat":13.3,"lon":-80,"wind_kt":70,"pressure_mb":null},{"date":"19121114","time":"1800","status":"HU","lat":13.4,"lon":-79.9,"wind_kt":70,"pressure_mb":null},{"date":"19121115","time":"0000","status":"HU","lat":13.5,"lon":-79.8,"wind_kt":70,"pressure_mb":null},{"date":"19121115","time":"0600","status":"HU","lat":13.7,"lon":-79.7,"wind_kt":70,"pressure_mb":null},{"date":"19121115","time":"1200","status":"HU","lat":14,"lon":-79.6,"wind_kt":70,"pressure_mb":null},{"date":"19121115","time":"1800","status":"HU","lat":14.5,"lon":-79.6,"wind_kt":75,"pressure_mb":null},{"date":"19121116","time":"0000","status":"HU","lat":15,"lon":-79.8,"wind_kt":80,"pressure_mb":null},{"date":"19121116","time":"0600","status":"HU","lat":15.5,"lon":-79.9,"wind_kt":85,"pressure_mb":null},{"date":"19121116","time":"1200","status":"HU","lat":16,"lon":-80,"wind_kt":90,"pressure_mb":null},{"date":"19121116","time":"1800","status":"HU","lat":16.3,"lon":-80,"wind_kt":95,"pressure_mb":null},{"date":"19121117","time":"0000","status":"HU","lat":16.5,"lon":-79.8,"wind_kt":100,"pressure_mb":null},{"date":"19121117","time":"0600","status":"HU","lat":16.8,"lon":-79.7,"wind_kt":100,"pressure_mb":null},{"date":"19121117","time":"1200","status":"HU","lat":17.1,"lon":-79.5,"wind_kt":100,"pressure_mb":null},{"date":"19121117","time":"1800","status":"HU","lat":17.4,"lon":-79.2,"wind_kt":100,"pressure_mb":null},{"date":"19121118","time":"0000","status":"HU","lat":17.7,"lon":-78.9,"wind_kt":100,"pressure_mb":null},{"date":"19121118","time":"0600","status":"HU","lat":18,"lon":-78.6,"wind_kt":100,"pressure_mb":null},{"date":"19121118","time":"1200","status":"HU","lat":18.3,"lon":-78.4,"wind_kt":100,"pressure_mb":965},{"date":"19121118","time":"1800","status":"HU","lat":18.4,"lon":-78.1,"wind_kt":85,"pressure_mb":null},{"date":"19121119","time":"0000","status":"HU","lat":18.5,"lon":-77.5,"wind_kt":80,"pressure_mb":null},{"date":"19121119","time":"0600","status":"HU","lat":18.7,"lon":-76.5,"wind_kt":75,"pressure_mb":null},{"date":"19121119","time":"1200","status":"HU","lat":19,"lon":-75.7,"wind_kt":70,"pressure_mb":null},{"date":"19121119","time":"1800","status":"HU","lat":18.9,"lon":-76,"wind_kt":65,"pressure_mb":null},{"date":"19121120","time":"0000","status":"TS","lat":18.7,"lon":-76.7,"wind_kt":60,"pressure_mb":null},{"date":"19121120","time":"0600","status":"TS","lat":18.5,"lon":-78,"wind_kt":55,"pressure_mb":null},{"date":"19121120","time":"1200","status":"TS","lat":18.3,"lon":-79.3,"wind_kt":50,"pressure_mb":null},{"date":"19121120","time":"1800","status":"TS","lat":18.2,"lon":-80.3,"wind_kt":45,"pressure_mb":null},{"date":"19121121","time":"0000","status":"TS","lat":18.1,"lon":-81,"wind_kt":40,"pressure_mb":null},{"date":"19121121","time":"0600","status":"TS","lat":18,"lon":-81.5,"wind_kt":35,"pressure_mb":null},{"date":"19121121","time":"1200","status":"TD","lat":18,"lon":-82,"wind_kt":30,"pressure_mb":null},{"date":"19121121","time":"1800","status":"TD","lat":18,"lon":-82.5,"wind_kt":25,"pressure_mb":null}]}},{"type":"Feature","geometry":{"type":"LineString","coordinates":[[-80,11],[-80.5,11],[-80.6,11.1],[-80.7,11.2],[-80.8,11.3],[-81,11.5],[-81.3,12.1],[-81.6,12.7],[-82,13.4],[-82.5,14],[-83,14.6],[-83.5,15.2],[-84,15.8],[-84.5,16.5],[-85,17.5],[-85.5,18.5],[-86,19.5],[-86.5,20.5],[-87.1,21.4],[-87.8,22.3],[-88.5,23.2],[-89.2,24],[-90.2,24.5],[-91.7,24.9],[-93.3,25.2],[-94.7,25.7],[-95.9,26.3],[-97.2,27],[-97.4,27.1],[-98.4,27.7],[-99.5,28.5],[-100.3,29.3],[-100.8,30]]},"properties":{"id":"hur-al011913","event_type":"hurricane","name":null,"year":1913,"max_wind_kt":65,"min_pressure_mb":null,"category":1,"preliminary":false,"start_date":"19130621","end_date":"19130629","track":[{"date":"19130621","time":"0600","status":"TD","lat":11,"lon":-80,"wind_kt":30,"pressure_mb":null},{"date":"19130621","time":"1200","status":"TD","lat":11,"lon":-80.5,"wind_kt":30,"pressure_mb":null},{"date":"19130621","time":"1800","status":"TD","lat":11.1,"lon":-80.6,"wind_kt":30,"pressure_mb":null},{"date":"19130622","time":"0000","status":"TD","lat":11.2,"lon":-80.7,"wind_kt":30,"pressure_mb":null},{"date":"19130622","time":"0600","status":"TD","lat":11.3,"lon":-80.8,"wind_kt":30,"pressure_mb":null},{"date":"19130622","time":"1200","status":"TS","lat":11.5,"lon":-81,"wind_kt":40,"pressure_mb":null},{"date":"19130622","time":"1800","status":"TS","lat":12.1,"lon":-81.3,"wind_kt":45,"pressure_mb":null},{"date":"19130623","time":"0000","status":"TS","lat":12.7,"lon":-81.6,"wind_kt":45,"pressure_mb":null},{"date":"19130623","time":"0600","status":"TS","lat":13.4,"lon":-82,"wind_kt":45,"pressure_mb":null},{"date":"19130623","time":"1200","status":"TS","lat":14,"lon":-82.5,"wind_kt":45,"pressure_mb":null},{"date":"19130623","time":"1800","status":"TS","lat":14.6,"lon":-83,"wind_kt":40,"pressure_mb":null},{"date":"19130624","time":"0000","status":"TS","lat":15.2,"lon":-83.5,"wind_kt":35,"pressure_mb":null},{"date":"19130624","time":"0600","status":"TS","lat":15.8,"lon":-84,"wind_kt":35,"pressure_mb":null},{"date":"19130624","time":"1200","status":"TS","lat":16.5,"lon":-84.5,"wind_kt":40,"pressure_mb":null},{"date":"19130624","time":"1800","status":"TS","lat":17.5,"lon":-85,"wind_kt":45,"pressure_mb":null},{"date":"19130625","time":"0000","status":"TS","lat":18.5,"lon":-85.5,"wind_kt":50,"pressure_mb":null},{"date":"19130625","time":"0600","status":"TS","lat":19.5,"lon":-86,"wind_kt":50,"pressure_mb":null},{"date":"19130625","time":"1200","status":"TS","lat":20.5,"lon":-86.5,"wind_kt":50,"pressure_mb":null},{"date":"19130625","time":"1800","status":"TS","lat":21.4,"lon":-87.1,"wind_kt":40,"pressure_mb":null},{"date":"19130626","time":"0000","status":"TS","lat":22.3,"lon":-87.8,"wind_kt":40,"pressure_mb":null},{"date":"19130626","time":"0600","status":"TS","lat":23.2,"lon":-88.5,"wind_kt":45,"pressure_mb":null},{"date":"19130626","time":"1200","status":"TS","lat":24,"lon":-89.2,"wind_kt":50,"pressure_mb":null},{"date":"19130626","time":"1800","status":"TS","lat":24.5,"lon":-90.2,"wind_kt":55,"pressure_mb":null},{"date":"19130627","time":"0000","status":"TS","lat":24.9,"lon":-91.7,"wind_kt":60,"pressure_mb":null},{"date":"19130627","time":"0600","status":"HU","lat":25.2,"lon":-93.3,"wind_kt":65,"pressure_mb":null},{"date":"19130627","time":"1200","status":"HU","lat":25.7,"lon":-94.7,"wind_kt":65,"pressure_mb":null},{"date":"19130627","time":"1800","status":"HU","lat":26.3,"lon":-95.9,"wind_kt":65,"pressure_mb":null},{"date":"19130628","time":"0000","status":"HU","lat":27,"lon":-97.2,"wind_kt":65,"pressure_mb":null},{"date":"19130628","time":"0100","status":"HU","lat":27.1,"lon":-97.4,"wind_kt":65,"pressure_mb":null},{"date":"19130628","time":"0600","status":"TS","lat":27.7,"lon":-98.4,"wind_kt":45,"pressure_mb":null},{"date":"19130628","time":"1200","status":"TS","lat":28.5,"lon":-99.5,"wind_kt":35,"pressure_mb":null},{"date":"19130628","time":"1800","status":"TD","lat":29.3,"lon":-100.3,"wind_kt":30,"pressure_mb":null},{"date":"19130629","time":"0000","status":"TD","lat":30,"lon":-100.8,"wind_kt":25,"pressure_mb":null}]}},{"type":"Feature","geometry":{"type":"LineString","coordinates":[[-68,32],[-65.5,33],[-63.2,34],[-61,35],[-59,36],[-57.5,37],[-56.5,38.2],[-56.2,39.5],[-56,41],[-56,42.5]]},"properties":{"id":"hur-al021913","event_type":"hurricane","name":null,"year":1913,"max_wind_kt":40,"min_pressure_mb":null,"category":0,"preliminary":false,"start_date":"19130814","end_date":"19130816","track":[{"date":"19130814","time":"1200","status":"TD","lat":32,"lon":-68,"wind_kt":30,"pressure_mb":null},{"date":"19130814","time":"1800","status":"TD","lat":33,"lon":-65.5,"wind_kt":30,"pressure_mb":null},{"date":"19130815","time":"0000","status":"TS","lat":34,"lon":-63.2,"wind_kt":35,"pressure_mb":null},{"date":"19130815","time":"0600","status":"TS","lat":35,"lon":-61,"wind_kt":35,"pressure_mb":null},{"date":"19130815","time":"1200","status":"TS","lat":36,"lon":-59,"wind_kt":40,"pressure_mb":null},{"date":"19130815","time":"1800","status":"TS","lat":37,"lon":-57.5,"wind_kt":40,"pressure_mb":null},{"date":"19130816","time":"0000","status":"TS","lat":38.2,"lon":-56.5,"wind_kt":40,"pressure_mb":null},{"date":"19130816","time":"0600","status":"TS","lat":39.5,"lon":-56.2,"wind_kt":40,"pressure_mb":null},{"date":"19130816","time":"1200","status":"EX","lat":41,"lon":-56,"wind_kt":35,"pressure_mb":null},{"date":"19130816","time":"1800","status":"EX","lat":42.5,"lon":-56,"wind_kt":30,"pressure_mb":null}]}},{"type":"Feature","geometry":{"type":"LineString","coordinates":[[-21,12.5],[-22.2,12.6],[-23.5,12.7],[-24.7,12.7],[-26,12.7],[-27.3,12.7],[-28.5,12.7],[-29.8,12.7],[-31,12.7],[-32.2,12.7],[-33.5,12.8],[-34.7,12.9],[-36,13],[-37.3,13],[-38.5,13],[-39.8,13.1],[-41,13.2],[-42.2,13.2],[-43.5,13.3],[-44.7,13.4],[-46,13.5],[-47.2,13.6],[-48.3,13.7],[-49.4,13.8],[-50.5,14],[-51.6,14.2],[-52.7,14.4],[-53.8,14.7],[-55,15],[-56.2,15.5],[-57.4,16],[-58.4,16.5],[-59.6,17],[-60.2,17.7],[-60.7,18.4],[-61.1,19.1],[-61.4,19.8],[-61.6,20.6],[-61.8,21.4],[-61.9,22.2],[-62.3,23],[-62.4,23.9],[-62.7,24.9],[-62.7,26],[-62.1,27.1],[-60.5,28.2],[-58.5,29.2],[-56.2,30],[-54,30.6],[-51.8,30.8],[-49.6,31],[-47.4,31],[-46,31.1],[-45.4,31.5],[-45.3,32.3],[-45.4,33.1],[-45.9,33.9],[-46.4,34.4],[-46.9,34.9],[-47.5,35.3],[-48.2,35.8],[-48.8,36.4],[-49.3,37.1],[-49.8,37.8],[-50,38.5],[-50,39.4],[-50,40.4],[-50,41.6],[-50,43],[-50,44.5]]},"properties":{"id":"hur-al031913","event_type":"hurricane","name":null,"year":1913,"max_wind_kt":60,"min_pressure_mb":null,"category":0,"preliminary":false,"start_date":"19130826","end_date":"19130912","track":[{"date":"19130826","time":"1200","status":"TD","lat":12.5,"lon":-21,"wind_kt":30,"pressure_mb":null},{"date":"19130826","time":"1800","status":"TD","lat":12.6,"lon":-22.2,"wind_kt":30,"pressure_mb":null},{"date":"19130827","time":"0000","status":"TS","lat":12.7,"lon":-23.5,"wind_kt":35,"pressure_mb":null},{"date":"19130827","time":"0600","status":"TS","lat":12.7,"lon":-24.7,"wind_kt":35,"pressure_mb":null},{"date":"19130827","time":"1200","status":"TS","lat":12.7,"lon":-26,"wind_kt":40,"pressure_mb":null},{"date":"19130827","time":"1800","status":"TS","lat":12.7,"lon":-27.3,"wind_kt":45,"pressure_mb":null},{"date":"19130828","time":"0000","status":"TS","lat":12.7,"lon":-28.5,"wind_kt":45,"pressure_mb":null},{"date":"19130828","time":"0600","status":"TS","lat":12.7,"lon":-29.8,"wind_kt":45,"pressure_mb":null},{"date":"19130828","time":"1200","status":"TS","lat":12.7,"lon":-31,"wind_kt":45,"pressure_mb":null},{"date":"19130828","time":"1800","status":"TS","lat":12.7,"lon":-32.2,"wind_kt":45,"pressure_mb":null},{"date":"19130829","time":"0000","status":"TS","lat":12.8,"lon":-33.5,"wind_kt":45,"pressure_mb":null},{"date":"19130829","time":"0600","status":"TS","lat":12.9,"lon":-34.7,"wind_kt":45,"pressure_mb":null},{"date":"19130829","time":"1200","status":"TS","lat":13,"lon":-36,"wind_kt":45,"pressure_mb":null},{"date":"19130829","time":"1800","status":"TS","lat":13,"lon":-37.3,"wind_kt":45,"pressure_mb":null},{"date":"19130830","time":"0000","status":"TS","lat":13,"lon":-38.5,"wind_kt":45,"pressure_mb":null},{"date":"19130830","time":"0600","status":"TS","lat":13.1,"lon":-39.8,"wind_kt":45,"pressure_mb":null},{"date":"19130830","time":"1200","status":"TS","lat":13.2,"lon":-41,"wind_kt":45,"pressure_mb":null},{"date":"19130830","time":"1800","status":"TS","lat":13.2,"lon":-42.2,"wind_kt":45,"pressure_mb":null},{"date":"19130831","time":"0000","status":"TS","lat":13.3,"lon":-43.5,"wind_kt":45,"pressure_mb":null},{"date":"19130831","time":"0600","status":"TS","lat":13.4,"lon":-44.7,"wind_kt":45,"pressure_mb":null},{"date":"19130831","time":"1200","status":"TS","lat":13.5,"lon":-46,"wind_kt":45,"pressure_mb":null},{"date":"19130831","time":"1800","status":"TS","lat":13.6,"lon":-47.2,"wind_kt":45,"pressure_mb":null},{"date":"19130901","time":"0000","status":"TS","lat":13.7,"lon":-48.3,"wind_kt":45,"pressure_mb":null},{"date":"19130901","time":"0600","status":"TS","lat":13.8,"lon":-49.4,"wind_kt":45,"pressure_mb":null},{"date":"19130901","time":"1200","status":"TS","lat":14,"lon":-50.5,"wind_kt":45,"pressure_mb":null},{"date":"19130901","time":"1800","status":"TS","lat":14.2,"lon":-51.6,"wind_kt":45,"pressure_mb":null},{"date":"19130902","time":"0000","status":"TS","lat":14.4,"lon":-52.7,"wind_kt":45,"pressure_mb":null},{"date":"19130902","time":"0600","status":"TS","lat":14.7,"lon":-53.8,"wind_kt":45,"pressure_mb":null},{"date":"19130902","time":"1200","status":"TS","lat":15,"lon":-55,"wind_kt":45,"pressure_mb":null},{"date":"19130902","time":"1800","status":"TS","lat":15.5,"lon":-56.2,"wind_kt":45,"pressure_mb":null},{"date":"19130903","time":"0000","status":"TS","lat":16,"lon":-57.4,"wind_kt":45,"pressure_mb":null},{"date":"19130903","time":"0600","status":"TS","lat":16.5,"lon":-58.4,"wind_kt":45,"pressure_mb":null},{"date":"19130903","time":"1200","status":"TS","lat":17,"lon":-59.6,"wind_kt":45,"pressure_mb":null},{"date":"19130903","time":"1800","status":"TS","lat":17.7,"lon":-60.2,"wind_kt":45,"pressure_mb":null},{"date":"19130904","time":"0000","status":"TS","lat":18.4,"lon":-60.7,"wind_kt":45,"pressure_mb":null},{"date":"19130904","time":"0600","status":"TS","lat":19.1,"lon":-61.1,"wind_kt":45,"pressure_mb":null},{"date":"19130904","time":"1200","status":"TS","lat":19.8,"lon":-61.4,"wind_kt":45,"pressure_mb":null},{"date":"19130904","time":"1800","status":"TS","lat":20.6,"lon":-61.6,"wind_kt":45,"pressure_mb":null},{"date":"19130905","time":"0000","status":"TS","lat":21.4,"lon":-61.8,"wind_kt":45,"pressure_mb":null},{"date":"19130905","time":"0600","status":"TS","lat":22.2,"lon":-61.9,"wind_kt":45,"pressure_mb":null},{"date":"19130905","time":"1200","status":"TS","lat":23,"lon":-62.3,"wind_kt":45,"pressure_mb":null},{"date":"19130905","time":"1800","status":"TS","lat":23.9,"lon":-62.4,"wind_kt":45,"pressure_mb":null},{"date":"19130906","time":"0000","status":"TS","lat":24.9,"lon":-62.7,"wind_kt":45,"pressure_mb":null},{"date":"19130906","time":"0600","status":"TS","lat":26,"lon":-62.7,"wind_kt":45,"pressure_mb":null},{"date":"19130906","time":"1200","status":"TS","lat":27.1,"lon":-62.1,"wind_kt":50,"pressure_mb":null},{"date":"19130906","time":"1800","status":"TS","lat":28.2,"lon":-60.5,"wind_kt":50,"pressure_mb":null},{"date":"19130907","time":"0000","status":"TS","lat":29.2,"lon":-58.5,"wind_kt":50,"pressure_mb":null},{"date":"19130907","time":"0600","status":"TS","lat":30,"lon":-56.2,"wind_kt":50,"pressure_mb":null},{"date":"19130907","time":"1200","status":"TS","lat":30.6,"lon":-54,"wind_kt":55,"pressure_mb":null},{"date":"19130907","time":"1800","status":"TS","lat":30.8,"lon":-51.8,"wind_kt":55,"pressure_mb":null},{"date":"19130908","time":"0000","status":"TS","lat":31,"lon":-49.6,"wind_kt":55,"pressure_mb":null},{"date":"19130908","time":"0600","status":"TS","lat":31,"lon":-47.4,"wind_kt":60,"pressure_mb":null},{"date":"19130908","time":"1200","status":"TS","lat":31.1,"lon":-46,"wind_kt":60,"pressure_mb":null},{"date":"19130908","time":"1800","status":"TS","lat":31.5,"lon":-45.4,"wind_kt":60,"pressure_mb":null},{"date":"19130909","time":"0000","status":"TS","lat":32.3,"lon":-45.3,"wind_kt":60,"pressure_mb":null},{"date":"19130909","time":"0600","status":"TS","lat":33.1,"lon":-45.4,"wind_kt":60,"pressure_mb":null},{"date":"19130909","time":"1200","status":"TS","lat":33.9,"lon":-45.9,"wind_kt":60,"pressure_mb":null},{"date":"19130909","time":"1800","status":"TS","lat":34.4,"lon":-46.4,"wind_kt":60,"pressure_mb":null},{"date":"19130910","time":"0000","status":"TS","lat":34.9,"lon":-46.9,"wind_kt":60,"pressure_mb":null},{"date":"19130910","time":"0600","status":"TS","lat":35.3,"lon":-47.5,"wind_kt":60,"pressure_mb":null},{"date":"19130910","time":"1200","status":"TS","lat":35.8,"lon":-48.2,"wind_kt":60,"pressure_mb":null},{"date":"19130910","time":"1800","status":"TS","lat":36.4,"lon":-48.8,"wind_kt":55,"pressure_mb":null},{"date":"19130911","time":"0000","status":"TS","lat":37.1,"lon":-49.3,"wind_kt":55,"pressure_mb":null},{"date":"19130911","time":"0600","status":"TS","lat":37.8,"lon":-49.8,"wind_kt":55,"pressure_mb":null},{"date":"19130911","time":"1200","status":"TS","lat":38.5,"lon":-50,"wind_kt":55,"pressure_mb":null},{"date":"19130911","time":"1800","status":"TS","lat":39.4,"lon":-50,"wind_kt":50,"pressure_mb":null},{"date":"19130912","time":"0000","status":"TS","lat":40.4,"lon":-50,"wind_kt":45,"pressure_mb":null},{"date":"19130912","time":"0600","status":"TS","lat":41.6,"lon":-50,"wind_kt":40,"pressure_mb":null},{"date":"19130912","time":"1200","status":"EX","lat":43,"lon":-50,"wind_kt":35,"pressure_mb":null},{"date":"19130912","time":"1800","status":"EX","lat":44.5,"lon":-50,"wind_kt":30,"pressure_mb":null}]}},{"type":"Feature","geometry":{"type":"LineString","coordinates":[[-72.5,28.5],[-72.6,29.5],[-72.7,30.2],[-72.8,30.8],[-73,31.3],[-73.2,31.7],[-73.4,32],[-73.7,32.2],[-74,32.4],[-74.2,32.6],[-74.3,32.9],[-74.5,33.2],[-74.8,33.5],[-75.2,33.9],[-75.7,34.3],[-76.3,34.6],[-76.6,34.7],[-77.2,34.9],[-78.4,35.2],[-79.8,35.1],[-81.5,35],[-83.5,34.5]]},"properties":{"id":"hur-al041913","event_type":"hurricane","name":null,"year":1913,"max_wind_kt":75,"min_pressure_mb":976,"category":1,"preliminary":false,"start_date":"19130830","end_date":"19130904","track":[{"date":"19130830","time":"1200","status":"TS","lat":28.5,"lon":-72.5,"wind_kt":40,"pressure_mb":null},{"date":"19130830","time":"1800","status":"TS","lat":29.5,"lon":-72.6,"wind_kt":40,"pressure_mb":null},{"date":"19130831","time":"0000","status":"TS","lat":30.2,"lon":-72.7,"wind_kt":45,"pressure_mb":null},{"date":"19130831","time":"0600","status":"TS","lat":30.8,"lon":-72.8,"wind_kt":45,"pressure_mb":null},{"date":"19130831","time":"1200","status":"TS","lat":31.3,"lon":-73,"wind_kt":50,"pressure_mb":null},{"date":"19130831","time":"1800","status":"TS","lat":31.7,"lon":-73.2,"wind_kt":50,"pressure_mb":null},{"date":"19130901","time":"0000","status":"TS","lat":32,"lon":-73.4,"wind_kt":55,"pressure_mb":null},{"date":"19130901","time":"0600","status":"TS","lat":32.2,"lon":-73.7,"wind_kt":60,"pressure_mb":null},{"date":"19130901","time":"1200","status":"HU","lat":32.4,"lon":-74,"wind_kt":65,"pressure_mb":null},{"date":"19130901","time":"1800","status":"HU","lat":32.6,"lon":-74.2,"wind_kt":70,"pressure_mb":null},{"date":"19130902","time":"0000","status":"HU","lat":32.9,"lon":-74.3,"wind_kt":75,"pressure_mb":null},{"date":"19130902","time":"0600","status":"HU","lat":33.2,"lon":-74.5,"wind_kt":75,"pressure_mb":null},{"date":"19130902","time":"1200","status":"HU","lat":33.5,"lon":-74.8,"wind_kt":75,"pressure_mb":null},{"date":"19130902","time":"1800","status":"HU","lat":33.9,"lon":-75.2,"wind_kt":75,"pressure_mb":null},{"date":"19130903","time":"0000","status":"HU","lat":34.3,"lon":-75.7,"wind_kt":75,"pressure_mb":null},{"date":"19130903","time":"0600","status":"HU","lat":34.6,"lon":-76.3,"wind_kt":75,"pressure_mb":976},{"date":"19130903","time":"0800","status":"HU","lat":34.7,"lon":-76.6,"wind_kt":75,"pressure_mb":976},{"date":"19130903","time":"1200","status":"TS","lat":34.9,"lon":-77.2,"wind_kt":55,"pressure_mb":null},{"date":"19130903","time":"1800","status":"TS","lat":35.2,"lon":-78.4,"wind_kt":40,"pressure_mb":null},{"date":"19130904","time":"0000","status":"TD","lat":35.1,"lon":-79.8,"wind_kt":30,"pressure_mb":null},{"date":"19130904","time":"0600","status":"TD","lat":35,"lon":-81.5,"wind_kt":25,"pressure_mb":null},{"date":"19130904","time":"1200","status":"TD","lat":34.5,"lon":-83.5,"wind_kt":20,"pressure_mb":null}]}},{"type":"Feature","geometry":{"type":"LineString","coordinates":[[-71,41],[-70.5,40.5],[-70,40],[-69.5,39.5],[-69,39],[-68.2,38.7],[-67.2,38.4],[-66.5,38.2],[-66,38],[-65.9,37.8],[-66.1,37.6],[-66.5,37.3],[-67,37],[-67.6,36.5],[-68.4,36],[-69.4,35.5],[-70.5,35],[-71.7,34.3],[-72.8,33.6],[-73.9,33],[-75,32.6],[-76,32.6],[-77.1,32.6],[-78.2,32.8],[-79.1,33],[-79.4,33.1],[-79.8,33.2],[-80.2,33.4],[-80.4,33.6],[-80.4,33.8],[-80.3,34],[-80.1,34.3],[-79.9,34.4],[-79.6,34.5],[-79.2,34.5],[-78.8,34.5]]},"properties":{"id":"hur-al051913","event_type":"hurricane","name":null,"year":1913,"max_wind_kt":65,"min_pressure_mb":null,"category":1,"preliminary":false,"start_date":"19131002","end_date":"19131011","track":[{"date":"19131002","time":"1200","status":"EX","lat":41,"lon":-71,"wind_kt":50,"pressure_mb":null},{"date":"19131002","time":"1800","status":"EX","lat":40.5,"lon":-70.5,"wind_kt":50,"pressure_mb":null},{"date":"19131003","time":"0000","status":"EX","lat":40,"lon":-70,"wind_kt":50,"pressure_mb":null},{"date":"19131003","time":"0600","status":"EX","lat":39.5,"lon":-69.5,"wind_kt":50,"pressure_mb":null},{"date":"19131003","time":"1200","status":"EX","lat":39,"lon":-69,"wind_kt":50,"pressure_mb":null},{"date":"19131003","time":"1800","status":"EX","lat":38.7,"lon":-68.2,"wind_kt":55,"pressure_mb":null},{"date":"19131004","time":"0000","status":"EX","lat":38.4,"lon":-67.2,"wind_kt":55,"pressure_mb":null},{"date":"19131004","time":"0600","status":"EX","lat":38.2,"lon":-66.5,"wind_kt":55,"pressure_mb":null},{"date":"19131004","time":"1200","status":"EX","lat":38,"lon":-66,"wind_kt":55,"pressure_mb":null},{"date":"19131004","time":"1800","status":"EX","lat":37.8,"lon":-65.9,"wind_kt":55,"pressure_mb":null},{"date":"19131005","time":"0000","status":"EX","lat":37.6,"lon":-66.1,"wind_kt":55,"pressure_mb":null},{"date":"19131005","time":"0600","status":"EX","lat":37.3,"lon":-66.5,"wind_kt":55,"pressure_mb":null},{"date":"19131005","time":"1200","status":"EX","lat":37,"lon":-67,"wind_kt":55,"pressure_mb":null},{"date":"19131005","time":"1800","status":"EX","lat":36.5,"lon":-67.6,"wind_kt":55,"pressure_mb":null},{"date":"19131006","time":"0000","status":"TS","lat":36,"lon":-68.4,"wind_kt":50,"pressure_mb":null},{"date":"19131006","time":"0600","status":"TS","lat":35.5,"lon":-69.4,"wind_kt":50,"pressure_mb":null},{"date":"19131006","time":"1200","status":"TS","lat":35,"lon":-70.5,"wind_kt":50,"pressure_mb":null},{"date":"19131006","time":"1800","status":"TS","lat":34.3,"lon":-71.7,"wind_kt":50,"pressure_mb":null},{"date":"19131007","time":"0000","status":"TS","lat":33.6,"lon":-72.8,"wind_kt":50,"pressure_mb":null},{"date":"19131007","time":"0600","status":"TS","lat":33,"lon":-73.9,"wind_kt":50,"pressure_mb":null},{"date":"19131007","time":"1200","status":"TS","lat":32.6,"lon":-75,"wind_kt":55,"pressure_mb":null},{"date":"19131007","time":"1800","status":"TS","lat":32.6,"lon":-76,"wind_kt":55,"pressure_mb":null},{"date":"19131008","time":"0000","status":"TS","lat":32.6,"lon":-77.1,"wind_kt":60,"pressure_mb":null},{"date":"19131008","time":"0600","status":"HU","lat":32.8,"lon":-78.2,"wind_kt":65,"pressure_mb":null},{"date":"19131008","time":"1200","status":"HU","lat":33,"lon":-79.1,"wind_kt":65,"pressure_mb":null},{"date":"19131008","time":"1400","status":"HU","lat":33.1,"lon":-79.4,"wind_kt":65,"pressure_mb":null},{"date":"19131008","time":"1800","status":"TS","lat":33.2,"lon":-79.8,"wind_kt":45,"pressure_mb":null},{"date":"19131009","time":"0000","status":"TS","lat":33.4,"lon":-80.2,"wind_kt":40,"pressure_mb":null},{"date":"19131009","time":"0600","status":"TS","lat":33.6,"lon":-80.4,"wind_kt":35,"pressure_mb":null},{"date":"19131009","time":"1200","status":"TS","lat":33.8,"lon":-80.4,"wind_kt":35,"pressure_mb":null},{"date":"19131009","time":"1800","status":"TS","lat":34,"lon":-80.3,"wind_kt":35,"pressure_mb":null},{"date":"19131010","time":"0000","status":"TS","lat":34.3,"lon":-80.1,"wind_kt":35,"pressure_mb":null},{"date":"19131010","time":"0600","status":"TS","lat":34.4,"lon":-79.9,"wind_kt":35,"pressure_mb":null},{"date":"19131010","time":"1200","status":"TD","lat":34.5,"lon":-79.6,"wind_kt":30,"pressure_mb":null},{"date":"19131010","time":"1800","status":"TD","lat":34.5,"lon":-79.2,"wind_kt":30,"pressure_mb":null},{"date":"19131011","time":"0000","status":"EX","lat":34.5,"lon":-78.8,"wind_kt":25,"pressure_mb":null}]}},{"type":"Feature","geometry":{"type":"LineString","coordinates":[[-86.5,18],[-86.3,19],[-86,20],[-85.5,21],[-85.1,21.5],[-84.8,21.8],[-84.4,22],[-84,22.2],[-83.3,22.5],[-82.3,22.8]]},"properties":{"id":"hur-al061913","event_type":"hurricane","name":null,"year":1913,"max_wind_kt":65,"min_pressure_mb":1003,"category":1,"preliminary":false,"start_date":"19131028","end_date":"19131030","track":[{"date":"19131028","time":"0000","status":"TS","lat":18,"lon":-86.5,"wind_kt":35,"pressure_mb":null},{"date":"19131028","time":"0600","status":"TS","lat":19,"lon":-86.3,"wind_kt":40,"pressure_mb":null},{"date":"19131028","time":"1200","status":"TS","lat":20,"lon":-86,"wind_kt":45,"pressure_mb":null},{"date":"19131028","time":"1800","status":"TS","lat":21,"lon":-85.5,"wind_kt":55,"pressure_mb":null},{"date":"19131029","time":"0000","status":"HU","lat":21.5,"lon":-85.1,"wind_kt":65,"pressure_mb":null},{"date":"19131029","time":"0600","status":"HU","lat":21.8,"lon":-84.8,"wind_kt":65,"pressure_mb":null},{"date":"19131029","time":"1200","status":"TS","lat":22,"lon":-84.4,"wind_kt":55,"pressure_mb":null},{"date":"19131029","time":"1800","status":"TS","lat":22.2,"lon":-84,"wind_kt":40,"pressure_mb":1003},{"date":"19131030","time":"0000","status":"TS","lat":22.5,"lon":-83.3,"wind_kt":35,"pressure_mb":null},{"date":"19131030","time":"0600","status":"EX","lat":22.8,"lon":-82.3,"wind_kt":30,"pressure_mb":null}]}},{"type":"Feature","geometry":{"type":"LineString","coordinates":[[-76.4,25.2],[-76.7,25.9],[-77,26.5],[-77.3,27],[-77.7,27.5],[-78.1,28],[-78.5,28.5],[-79.2,29.1],[-80.1,29.8],[-81.2,30.5],[-81.4,30.6],[-82.5,31],[-83.9,31.2],[-85.4,31.1],[-87,30.5],[-88.8,30.2],[-90.6,30.1],[-92.2,30],[-93.7,30]]},"properties":{"id":"hur-al011914","event_type":"hurricane","name":null,"year":1914,"max_wind_kt":60,"min_pressure_mb":null,"category":0,"preliminary":false,"start_date":"19140915","end_date":"19140919","track":[{"date":"19140915","time":"0000","status":"TD","lat":25.2,"lon":-76.4,"wind_kt":30,"pressure_mb":null},{"date":"19140915","time":"0600","status":"TD","lat":25.9,"lon":-76.7,"wind_kt":30,"pressure_mb":null},{"date":"19140915","time":"1200","status":"TS","lat":26.5,"lon":-77,"wind_kt":35,"pressure_mb":null},{"date":"19140915","time":"1800","status":"TS","lat":27,"lon":-77.3,"wind_kt":35,"pressure_mb":null},{"date":"19140916","time":"0000","status":"TS","lat":27.5,"lon":-77.7,"wind_kt":40,"pressure_mb":null},{"date":"19140916","time":"0600","status":"TS","lat":28,"lon":-78.1,"wind_kt":45,"pressure_mb":null},{"date":"19140916","time":"1200","status":"TS","lat":28.5,"lon":-78.5,"wind_kt":50,"pressure_mb":null},{"date":"19140916","time":"1800","status":"TS","lat":29.1,"lon":-79.2,"wind_kt":55,"pressure_mb":null},{"date":"19140917","time":"0000","status":"TS","lat":29.8,"lon":-80.1,"wind_kt":60,"pressure_mb":null},{"date":"19140917","time":"0600","status":"TS","lat":30.5,"lon":-81.2,"wind_kt":60,"pressure_mb":null},{"date":"19140917","time":"0700","status":"TS","lat":30.6,"lon":-81.4,"wind_kt":60,"pressure_mb":null},{"date":"19140917","time":"1200","status":"TS","lat":31,"lon":-82.5,"wind_kt":40,"pressure_mb":null},{"date":"19140917","time":"1800","status":"TS","lat":31.2,"lon":-83.9,"wind_kt":35,"pressure_mb":null},{"date":"19140918","time":"0000","status":"TS","lat":31.1,"lon":-85.4,"wind_kt":35,"pressure_mb":null},{"date":"19140918","time":"0600","status":"TS","lat":30.5,"lon":-87,"wind_kt":35,"pressure_mb":null},{"date":"19140918","time":"1200","status":"TS","lat":30.2,"lon":-88.8,"wind_kt":35,"pressure_mb":null},{"date":"19140918","time":"1800","status":"TD","lat":30.1,"lon":-90.6,"wind_kt":30,"pressure_mb":null},{"date":"19140919","time":"0000","status":"TD","lat":30,"lon":-92.2,"wind_kt":30,"pressure_mb":null},{"date":"19140919","time":"0600","status":"TD","lat":30,"lon":-93.7,"wind_kt":25,"pressure_mb":null}]}},{"type":"Feature","geometry":{"type":"LineString","coordinates":[[-76.5,27.4],[-77.5,27.5],[-78.4,27.7],[-79.2,27.9],[-79.8,28.1],[-80.3,28.4],[-80.8,28.7],[-81.2,29.1],[-81.5,29.6],[-81.8,30.2],[-82.1,30.9],[-82.3,31.8],[-82.1,32.9],[-81.6,34],[-81,35.4],[-79.5,37],[-77.7,38.7],[-75.8,40.1],[-74.3,40.9],[-73.1,41.6],[-71.8,42],[-70.5,42.4]]},"properties":{"id":"hur-al011915","event_type":"hurricane","name":null,"year":1915,"max_wind_kt":65,"min_pressure_mb":990,"category":1,"preliminary":false,"start_date":"19150731","end_date":"19150805","track":[{"date":"19150731","time":"0600","status":"TS","lat":27.4,"lon":-76.5,"wind_kt":35,"pressure_mb":null},{"date":"19150731","time":"1200","status":"TS","lat":27.5,"lon":-77.5,"wind_kt":40,"pressure_mb":null},{"date":"19150731","time":"1800","status":"TS","lat":27.7,"lon":-78.4,"wind_kt":50,"pressure_mb":null},{"date":"19150801","time":"0000","status":"TS","lat":27.9,"lon":-79.2,"wind_kt":55,"pressure_mb":null},{"date":"19150801","time":"0600","status":"TS","lat":28.1,"lon":-79.8,"wind_kt":60,"pressure_mb":null},{"date":"19150801","time":"1200","status":"HU","lat":28.4,"lon":-80.3,"wind_kt":65,"pressure_mb":null},{"date":"19150801","time":"1800","status":"HU","lat":28.7,"lon":-80.8,"wind_kt":65,"pressure_mb":990},{"date":"19150802","time":"0000","status":"TS","lat":29.1,"lon":-81.2,"wind_kt":50,"pressure_mb":null},{"date":"19150802","time":"0600","status":"TS","lat":29.6,"lon":-81.5,"wind_kt":45,"pressure_mb":null},{"date":"19150802","time":"1200","status":"TS","lat":30.2,"lon":-81.8,"wind_kt":40,"pressure_mb":1003},{"date":"19150802","time":"1800","status":"TS","lat":30.9,"lon":-82.1,"wind_kt":40,"pressure_mb":null},{"date":"19150803","time":"0000","status":"TS","lat":31.8,"lon":-82.3,"wind_kt":40,"pressure_mb":null},{"date":"19150803","time":"0600","status":"TS","lat":32.9,"lon":-82.1,"wind_kt":40,"pressure_mb":null},{"date":"19150803","time":"1200","status":"TS","lat":34,"lon":-81.6,"wind_kt":35,"pressure_mb":null},{"date":"19150803","time":"1800","status":"TS","lat":35.4,"lon":-81,"wind_kt":35,"pressure_mb":null},{"date":"19150804","time":"0000","status":"TS","lat":37,"lon":-79.5,"wind_kt":40,"pressure_mb":null},{"date":"19150804","time":"0600","status":"TS","lat":38.7,"lon":-77.7,"wind_kt":40,"pressure_mb":null},{"date":"19150804","time":"1200","status":"TS","lat":40.1,"lon":-75.8,"wind_kt":45,"pressure_mb":null},{"date":"19150804","time":"1800","status":"EX","lat":40.9,"lon":-74.3,"wind_kt":50,"pressure_mb":null},{"date":"19150805","time":"0000","status":"EX","lat":41.6,"lon":-73.1,"wind_kt":45,"pressure_mb":null},{"date":"19150805","time":"0600","status":"EX","lat":42,"lon":-71.8,"wind_kt":35,"pressure_mb":null},{"date":"19150805","time":"1200","status":"EX","lat":42.4,"lon":-70.5,"wind_kt":30,"pressure_mb":null}]}},{"type":"Feature","geometry":{"type":"LineString","coordinates":[[-26,14],[-27.8,14],[-29.6,14.1],[-31.3,14.1],[-33,14.2],[-34.5,14.2],[-36,14.3],[-37.5,14.4],[-39,14.5],[-40.5,14.6],[-42,14.6],[-43.5,14.7],[-45,14.8],[-46.8,14.8],[-48.8,14.9],[-50.8,15],[-52.5,15.1],[-54,15.1],[-55.5,15.2],[-57,15.2],[-58.5,15.3],[-59.7,15.3],[-60.6,15.4],[-61.5,15.5],[-62.7,15.7],[-64.4,16],[-66.4,16.3],[-68.4,16.6],[-70.4,17],[-72.4,17.4],[-74.4,17.8],[-76.4,18.3],[-78.2,18.8],[-79.4,19.3],[-80.6,19.8],[-82.1,20.4],[-83.4,21],[-84.7,21.7],[-85.8,22.3],[-86.6,22.9],[-87.5,23.5],[-88.4,24.1],[-89.2,24.7],[-90.1,25.4],[-91.1,26.2],[-92.4,27.1],[-93.7,28],[-95,28.9],[-95.1,29.2],[-95.9,29.6],[-96.5,30.2],[-96.7,30.6],[-96.6,31],[-96.4,31.3],[-96.1,31.7],[-95.8,32.3],[-95.3,32.9],[-94.6,33.6],[-93.5,34.3],[-92.4,35.2],[-91.2,36.2],[-90.1,37],[-89.1,37.7],[-88.1,38.2],[-87.1,38.8],[-86,39.5],[-84.5,40.4],[-82.7,41.5],[-80.7,42.6],[-79,43.5],[-77.5,44.3],[-76.1,45],[-74.7,45.6],[-73.4,46.2],[-72.4,47]]},"properties":{"id":"hur-al021915","event_type":"hurricane","name":null,"year":1915,"max_wind_kt":125,"min_pressure_mb":940,"category":4,"preliminary":false,"start_date":"19150805","end_date":"19150823","track":[{"date":"19150805","time":"1200","status":"TD","lat":14,"lon":-26,"wind_kt":30,"pressure_mb":null},{"date":"19150805","time":"1800","status":"TD","lat":14,"lon":-27.8,"wind_kt":30,"pressure_mb":null},{"date":"19150806","time":"0000","status":"TS","lat":14.1,"lon":-29.6,"wind_kt":35,"pressure_mb":null},{"date":"19150806","time":"0600","status":"TS","lat":14.1,"lon":-31.3,"wind_kt":35,"pressure_mb":null},{"date":"19150806","time":"1200","status":"TS","lat":14.2,"lon":-33,"wind_kt":35,"pressure_mb":null},{"date":"19150806","time":"1800","status":"TS","lat":14.2,"lon":-34.5,"wind_kt":35,"pressure_mb":null},{"date":"19150807","time":"0000","status":"TS","lat":14.3,"lon":-36,"wind_kt":35,"pressure_mb":null},{"date":"19150807","time":"0600","status":"TS","lat":14.4,"lon":-37.5,"wind_kt":35,"pressure_mb":null},{"date":"19150807","time":"1200","status":"TS","lat":14.5,"lon":-39,"wind_kt":40,"pressure_mb":null},{"date":"19150807","time":"1800","status":"TS","lat":14.6,"lon":-40.5,"wind_kt":40,"pressure_mb":null},{"date":"19150808","time":"0000","status":"TS","lat":14.6,"lon":-42,"wind_kt":45,"pressure_mb":null},{"date":"19150808","time":"0600","status":"TS","lat":14.7,"lon":-43.5,"wind_kt":50,"pressure_mb":null},{"date":"19150808","time":"1200","status":"TS","lat":14.8,"lon":-45,"wind_kt":55,"pressure_mb":null},{"date":"19150808","time":"1800","status":"TS","lat":14.8,"lon":-46.8,"wind_kt":60,"pressure_mb":null},{"date":"19150809","time":"0000","status":"HU","lat":14.9,"lon":-48.8,"wind_kt":65,"pressure_mb":null},{"date":"19150809","time":"0600","status":"HU","lat":15,"lon":-50.8,"wind_kt":70,"pressure_mb":null},{"date":"19150809","time":"1200","status":"HU","lat":15.1,"lon":-52.5,"wind_kt":70,"pressure_mb":null},{"date":"19150809","time":"1800","status":"HU","lat":15.1,"lon":-54,"wind_kt":70,"pressure_mb":null},{"date":"19150810","time":"0000","status":"HU","lat":15.2,"lon":-55.5,"wind_kt":75,"pressure_mb":null},{"date":"19150810","time":"0600","status":"HU","lat":15.2,"lon":-57,"wind_kt":75,"pressure_mb":null},{"date":"19150810","time":"1200","status":"HU","lat":15.3,"lon":-58.5,"wind_kt":75,"pressure_mb":null},{"date":"19150810","time":"1800","status":"HU","lat":15.3,"lon":-59.7,"wind_kt":80,"pressure_mb":null},{"date":"19150811","time":"0000","status":"HU","lat":15.4,"lon":-60.6,"wind_kt":80,"pressure_mb":null},{"date":"19150811","time":"0600","status":"HU","lat":15.5,"lon":-61.5,"wind_kt":80,"pressure_mb":null},{"date":"19150811","time":"1200","status":"HU","lat":15.7,"lon":-62.7,"wind_kt":85,"pressure_mb":null},{"date":"19150811","time":"1800","status":"HU","lat":16,"lon":-64.4,"wind_kt":85,"pressure_mb":null},{"date":"19150812","time":"0000","status":"HU","lat":16.3,"lon":-66.4,"wind_kt":85,"pressure_mb":null},{"date":"19150812","time":"0600","status":"HU","lat":16.6,"lon":-68.4,"wind_kt":90,"pressure_mb":null},{"date":"19150812","time":"1200","status":"HU","lat":17,"lon":-70.4,"wind_kt":90,"pressure_mb":null},{"date":"19150812","time":"1800","status":"HU","lat":17.4,"lon":-72.4,"wind_kt":90,"pressure_mb":null},{"date":"19150813","time":"0000","status":"HU","lat":17.8,"lon":-74.4,"wind_kt":95,"pressure_mb":null},{"date":"19150813","time":"0600","status":"HU","lat":18.3,"lon":-76.4,"wind_kt":95,"pressure_mb":null},{"date":"19150813","time":"1200","status":"HU","lat":18.8,"lon":-78.2,"wind_kt":100,"pressure_mb":null},{"date":"19150813","time":"1800","status":"HU","lat":19.3,"lon":-79.4,"wind_kt":100,"pressure_mb":null},{"date":"19150814","time":"0000","status":"HU","lat":19.8,"lon":-80.6,"wind_kt":105,"pressure_mb":null},{"date":"19150814","time":"0600","status":"HU","lat":20.4,"lon":-82.1,"wind_kt":115,"pressure_mb":null},{"date":"19150814","time":"1200","status":"HU","lat":21,"lon":-83.4,"wind_kt":125,"pressure_mb":null},{"date":"19150814","time":"1800","status":"HU","lat":21.7,"lon":-84.7,"wind_kt":125,"pressure_mb":null},{"date":"19150815","time":"0000","status":"HU","lat":22.3,"lon":-85.8,"wind_kt":125,"pressure_mb":null},{"date":"19150815","time":"0600","status":"HU","lat":22.9,"lon":-86.6,"wind_kt":125,"pressure_mb":null},{"date":"19150815","time":"1200","status":"HU","lat":23.5,"lon":-87.5,"wind_kt":120,"pressure_mb":null},{"date":"19150815","time":"1800","status":"HU","lat":24.1,"lon":-88.4,"wind_kt":120,"pressure_mb":null},{"date":"19150816","time":"0000","status":"HU","lat":24.7,"lon":-89.2,"wind_kt":115,"pressure_mb":null},{"date":"19150816","time":"0600","status":"HU","lat":25.4,"lon":-90.1,"wind_kt":115,"pressure_mb":null},{"date":"19150816","time":"1200","status":"HU","lat":26.2,"lon":-91.1,"wind_kt":115,"pressure_mb":null},{"date":"19150816","time":"1800","status":"HU","lat":27.1,"lon":-92.4,"wind_kt":115,"pressure_mb":null},{"date":"19150817","time":"0000","status":"HU","lat":28,"lon":-93.7,"wind_kt":115,"pressure_mb":null},{"date":"19150817","time":"0600","status":"HU","lat":28.9,"lon":-95,"wind_kt":115,"pressure_mb":940},{"date":"19150817","time":"0700","status":"HU","lat":29.2,"lon":-95.1,"wind_kt":115,"pressure_mb":940},{"date":"19150817","time":"1200","status":"HU","lat":29.6,"lon":-95.9,"wind_kt":75,"pressure_mb":null},{"date":"19150817","time":"1800","status":"TS","lat":30.2,"lon":-96.5,"wind_kt":50,"pressure_mb":null},{"date":"19150818","time":"0000","status":"TS","lat":30.6,"lon":-96.7,"wind_kt":40,"pressure_mb":null},{"date":"19150818","time":"0600","status":"TS","lat":31,"lon":-96.6,"wind_kt":40,"pressure_mb":null},{"date":"19150818","time":"1200","status":"TS","lat":31.3,"lon":-96.4,"wind_kt":35,"pressure_mb":null},{"date":"19150818","time":"1800","status":"TS","lat":31.7,"lon":-96.1,"wind_kt":35,"pressure_mb":null},{"date":"19150819","time":"0000","status":"TD","lat":32.3,"lon":-95.8,"wind_kt":30,"pressure_mb":null},{"date":"19150819","time":"0600","status":"TD","lat":32.9,"lon":-95.3,"wind_kt":30,"pressure_mb":null},{"date":"19150819","time":"1200","status":"TD","lat":33.6,"lon":-94.6,"wind_kt":30,"pressure_mb":null},{"date":"19150819","time":"1800","status":"TD","lat":34.3,"lon":-93.5,"wind_kt":30,"pressure_mb":null},{"date":"19150820","time":"0000","status":"EX","lat":35.2,"lon":-92.4,"wind_kt":35,"pressure_mb":null},{"date":"19150820","time":"0600","status":"EX","lat":36.2,"lon":-91.2,"wind_kt":35,"pressure_mb":null},{"date":"19150820","time":"1200","status":"EX","lat":37,"lon":-90.1,"wind_kt":35,"pressure_mb":null},{"date":"19150820","time":"1800","status":"EX","lat":37.7,"lon":-89.1,"wind_kt":35,"pressure_mb":null},{"date":"19150821","time":"0000","status":"EX","lat":38.2,"lon":-88.1,"wind_kt":35,"pressure_mb":null},{"date":"19150821","time":"0600","status":"EX","lat":38.8,"lon":-87.1,"wind_kt":35,"pressure_mb":null},{"date":"19150821","time":"1200","status":"EX","lat":39.5,"lon":-86,"wind_kt":35,"pressure_mb":null},{"date":"19150821","time":"1800","status":"EX","lat":40.4,"lon":-84.5,"wind_kt":35,"pressure_mb":null},{"date":"19150822","time":"0000","status":"EX","lat":41.5,"lon":-82.7,"wind_kt":35,"pressure_mb":null},{"date":"19150822","time":"0600","status":"EX","lat":42.6,"lon":-80.7,"wind_kt":30,"pressure_mb":null},{"date":"19150822","time":"1200","status":"EX","lat":43.5,"lon":-79,"wind_kt":25,"pressure_mb":null},{"date":"19150822","time":"1800","status":"EX","lat":44.3,"lon":-77.5,"wind_kt":25,"pressure_mb":null},{"date":"19150823","time":"0000","status":"EX","lat":45,"lon":-76.1,"wind_kt":25,"pressure_mb":null},{"date":"19150823","time":"0600","status":"EX","lat":45.6,"lon":-74.7,"wind_kt":25,"pressure_mb":null},{"date":"19150823","time":"1200","status":"EX","lat":46.2,"lon":-73.4,"wind_kt":25,"pressure_mb":null},{"date":"19150823","time":"1800","status":"EX","lat":47,"lon":-72.4,"wind_kt":25,"pressure_mb":null}]}},{"type":"Feature","geometry":{"type":"LineString","coordinates":[[-44.5,18],[-45.8,19],[-47.1,20],[-48.3,21],[-49.5,22],[-50.4,23],[-51.2,24],[-52,25],[-52.9,25.9],[-53.7,26.7],[-54.6,27.4],[-55.5,28.1],[-56.3,28.7],[-57.1,29.3],[-57.8,29.9],[-58.5,30.5],[-59,31],[-59.4,31.3],[-59.8,31.4],[-60.2,31.5],[-60.6,31.5],[-61,31.5],[-61.5,31.6],[-62,31.8],[-62.5,32],[-63.2,32.3],[-64.2,32.5],[-64.9,32.7],[-65.3,32.7],[-65.4,32.5],[-65.3,32.2],[-65.2,31.8],[-64.8,31.5],[-64.5,31.3],[-64.3,31.2],[-64.1,30.9],[-64,30.7],[-64,30.5],[-64,30.4],[-64,30.3],[-64,30.2],[-64.3,30.2],[-64.9,30.2],[-65.9,30.3],[-66.5,30.5],[-66.7,31],[-66.6,31.5],[-66.5,32],[-66.4,32.5],[-66.3,33],[-66.2,33.6],[-66,34.2],[-65.7,34.8],[-65.1,35.5],[-64.2,36.3],[-63.1,37.1],[-61.9,38],[-59,39],[-56,40]]},"properties":{"id":"hur-al031915","event_type":"hurricane","name":null,"year":1915,"max_wind_kt":105,"min_pressure_mb":null,"category":3,"preliminary":false,"start_date":"19150827","end_date":"19150911","track":[{"date":"19150827","time":"1200","status":"TS","lat":18,"lon":-44.5,"wind_kt":40,"pressure_mb":null},{"date":"19150827","time":"1800","status":"TS","lat":19,"lon":-45.8,"wind_kt":40,"pressure_mb":null},{"date":"19150828","time":"0000","status":"TS","lat":20,"lon":-47.1,"wind_kt":45,"pressure_mb":null},{"date":"19150828","time":"0600","status":"TS","lat":21,"lon":-48.3,"wind_kt":45,"pressure_mb":null},{"date":"19150828","time":"1200","status":"TS","lat":22,"lon":-49.5,"wind_kt":50,"pressure_mb":null},{"date":"19150828","time":"1800","status":"TS","lat":23,"lon":-50.4,"wind_kt":50,"pressure_mb":null},{"date":"19150829","time":"0000","status":"TS","lat":24,"lon":-51.2,"wind_kt":55,"pressure_mb":null},{"date":"19150829","time":"0600","status":"TS","lat":25,"lon":-52,"wind_kt":55,"pressure_mb":null},{"date":"19150829","time":"1200","status":"TS","lat":25.9,"lon":-52.9,"wind_kt":60,"pressure_mb":null},{"date":"19150829","time":"1800","status":"TS","lat":26.7,"lon":-53.7,"wind_kt":60,"pressure_mb":null},{"date":"19150830","time":"0000","status":"HU","lat":27.4,"lon":-54.6,"wind_kt":65,"pressure_mb":null},{"date":"19150830","time":"0600","status":"HU","lat":28.1,"lon":-55.5,"wind_kt":65,"pressure_mb":null},{"date":"19150830","time":"1200","status":"HU","lat":28.7,"lon":-56.3,"wind_kt":70,"pressure_mb":null},{"date":"19150830","time":"1800","status":"HU","lat":29.3,"lon":-57.1,"wind_kt":70,"pressure_mb":null},{"date":"19150831","time":"0000","status":"HU","lat":29.9,"lon":-57.8,"wind_kt":75,"pressure_mb":null},{"date":"19150831","time":"0600","status":"HU","lat":30.5,"lon":-58.5,"wind_kt":75,"pressure_mb":null},{"date":"19150831","time":"1200","status":"HU","lat":31,"lon":-59,"wind_kt":80,"pressure_mb":null},{"date":"19150831","time":"1800","status":"HU","lat":31.3,"lon":-59.4,"wind_kt":80,"pressure_mb":null},{"date":"19150901","time":"0000","status":"HU","lat":31.4,"lon":-59.8,"wind_kt":85,"pressure_mb":null},{"date":"19150901","time":"0600","status":"HU","lat":31.5,"lon":-60.2,"wind_kt":85,"pressure_mb":null},{"date":"19150901","time":"1200","status":"HU","lat":31.5,"lon":-60.6,"wind_kt":90,"pressure_mb":null},{"date":"19150901","time":"1800","status":"HU","lat":31.5,"lon":-61,"wind_kt":95,"pressure_mb":null},{"date":"19150902","time":"0000","status":"HU","lat":31.6,"lon":-61.5,"wind_kt":100,"pressure_mb":null},{"date":"19150902","time":"0600","status":"HU","lat":31.8,"lon":-62,"wind_kt":105,"pressure_mb":null},{"date":"19150902","time":"1200","status":"HU","lat":32,"lon":-62.5,"wind_kt":105,"pressure_mb":null},{"date":"19150902","time":"1800","status":"HU","lat":32.3,"lon":-63.2,"wind_kt":105,"pressure_mb":null},{"date":"19150903","time":"0000","status":"HU","lat":32.5,"lon":-64.2,"wind_kt":105,"pressure_mb":null},{"date":"19150903","time":"0600","status":"HU","lat":32.7,"lon":-64.9,"wind_kt":105,"pressure_mb":null},{"date":"19150903","time":"1200","status":"HU","lat":32.7,"lon":-65.3,"wind_kt":105,"pressure_mb":null},{"date":"19150903","time":"1800","status":"HU","lat":32.5,"lon":-65.4,"wind_kt":105,"pressure_mb":null},{"date":"19150904","time":"0000","status":"HU","lat":32.2,"lon":-65.3,"wind_kt":105,"pressure_mb":null},{"date":"19150904","time":"0600","status":"HU","lat":31.8,"lon":-65.2,"wind_kt":105,"pressure_mb":null},{"date":"19150904","time":"1200","status":"HU","lat":31.5,"lon":-64.8,"wind_kt":105,"pressure_mb":null},{"date":"19150904","time":"1800","status":"HU","lat":31.3,"lon":-64.5,"wind_kt":105,"pressure_mb":null},{"date":"19150905","time":"0000","status":"HU","lat":31.2,"lon":-64.3,"wind_kt":105,"pressure_mb":null},{"date":"19150905","time":"0600","status":"HU","lat":30.9,"lon":-64.1,"wind_kt":105,"pressure_mb":null},{"date":"19150905","time":"1200","status":"HU","lat":30.7,"lon":-64,"wind_kt":105,"pressure_mb":null},{"date":"19150905","time":"1800","status":"HU","lat":30.5,"lon":-64,"wind_kt":105,"pressure_mb":null},{"date":"19150906","time":"0000","status":"HU","lat":30.4,"lon":-64,"wind_kt":100,"pressure_mb":null},{"date":"19150906","time":"0600","status":"HU","lat":30.3,"lon":-64,"wind_kt":100,"pressure_mb":null},{"date":"19150906","time":"1200","status":"HU","lat":30.2,"lon":-64,"wind_kt":95,"pressure_mb":null},{"date":"19150906","time":"1800","status":"HU","lat":30.2,"lon":-64.3,"wind_kt":95,"pressure_mb":null},{"date":"19150907","time":"0000","status":"HU","lat":30.2,"lon":-64.9,"wind_kt":90,"pressure_mb":null},{"date":"19150907","time":"0600","status":"HU","lat":30.3,"lon":-65.9,"wind_kt":90,"pressure_mb":null},{"date":"19150907","time":"1200","status":"HU","lat":30.5,"lon":-66.5,"wind_kt":90,"pressure_mb":null},{"date":"19150907","time":"1800","status":"HU","lat":31,"lon":-66.7,"wind_kt":90,"pressure_mb":null},{"date":"19150908","time":"0000","status":"HU","lat":31.5,"lon":-66.6,"wind_kt":90,"pressure_mb":null},{"date":"19150908","time":"0600","status":"HU","lat":32,"lon":-66.5,"wind_kt":85,"pressure_mb":null},{"date":"19150908","time":"1200","status":"HU","lat":32.5,"lon":-66.4,"wind_kt":85,"pressure_mb":null},{"date":"19150908","time":"1800","status":"HU","lat":33,"lon":-66.3,"wind_kt":85,"pressure_mb":null},{"date":"19150909","time":"0000","status":"HU","lat":33.6,"lon":-66.2,"wind_kt":85,"pressure_mb":null},{"date":"19150909","time":"0600","status":"HU","lat":34.2,"lon":-66,"wind_kt":80,"pressure_mb":null},{"date":"19150909","time":"1200","status":"HU","lat":34.8,"lon":-65.7,"wind_kt":80,"pressure_mb":null},{"date":"19150909","time":"1800","status":"HU","lat":35.5,"lon":-65.1,"wind_kt":75,"pressure_mb":null},{"date":"19150910","time":"0000","status":"HU","lat":36.3,"lon":-64.2,"wind_kt":70,"pressure_mb":null},{"date":"19150910","time":"0600","status":"HU","lat":37.1,"lon":-63.1,"wind_kt":65,"pressure_mb":null},{"date":"19150910","time":"1200","status":"TS","lat":38,"lon":-61.9,"wind_kt":60,"pressure_mb":null},{"date":"19150910","time":"1800","status":"EX","lat":39,"lon":-59,"wind_kt":55,"pressure_mb":null},{"date":"19150911","time":"0000","status":"EX","lat":40,"lon":-56,"wind_kt":55,"pressure_mb":null}]}},{"type":"Feature","geometry":{"type":"LineString","coordinates":[[-79.5,15],[-80,16],[-80.4,17],[-80.8,18],[-81,19],[-81.1,19.3],[-81.2,19.6],[-81.3,20],[-81.5,20.5],[-82.1,21.1],[-82.8,21.7],[-83.6,22.6],[-84,24],[-84.4,25.6],[-84.8,27.2],[-85.2,28.7],[-85.4,30],[-85.4,30.2],[-85.3,31.8],[-85,33.5],[-84.7,35.3],[-84.6,36.9],[-84.6,38.4],[-84.6,39.8],[-84.7,41.1],[-84.9,42.4],[-85.2,43.5]]},"properties":{"id":"hur-al041915","event_type":"hurricane","name":null,"year":1915,"max_wind_kt":85,"min_pressure_mb":982,"category":2,"preliminary":false,"start_date":"19150831","end_date":"19150906","track":[{"date":"19150831","time":"1200","status":"TD","lat":15,"lon":-79.5,"wind_kt":30,"pressure_mb":null},{"date":"19150831","time":"1800","status":"TS","lat":16,"lon":-80,"wind_kt":35,"pressure_mb":null},{"date":"19150901","time":"0000","status":"TS","lat":17,"lon":-80.4,"wind_kt":40,"pressure_mb":null},{"date":"19150901","time":"0600","status":"TS","lat":18,"lon":-80.8,"wind_kt":45,"pressure_mb":null},{"date":"19150901","time":"1200","status":"TS","lat":19,"lon":-81,"wind_kt":50,"pressure_mb":null},{"date":"19150901","time":"1800","status":"TS","lat":19.3,"lon":-81.1,"wind_kt":55,"pressure_mb":null},{"date":"19150902","time":"0000","status":"TS","lat":19.6,"lon":-81.2,"wind_kt":60,"pressure_mb":null},{"date":"19150902","time":"0600","status":"HU","lat":20,"lon":-81.3,"wind_kt":65,"pressure_mb":null},{"date":"19150902","time":"1200","status":"HU","lat":20.5,"lon":-81.5,"wind_kt":75,"pressure_mb":null},{"date":"19150902","time":"1800","status":"HU","lat":21.1,"lon":-82.1,"wind_kt":85,"pressure_mb":null},{"date":"19150903","time":"0000","status":"HU","lat":21.7,"lon":-82.8,"wind_kt":85,"pressure_mb":null},{"date":"19150903","time":"0600","status":"HU","lat":22.6,"lon":-83.6,"wind_kt":80,"pressure_mb":null},{"date":"19150903","time":"1200","status":"HU","lat":24,"lon":-84,"wind_kt":80,"pressure_mb":null},{"date":"19150903","time":"1800","status":"HU","lat":25.6,"lon":-84.4,"wind_kt":80,"pressure_mb":null},{"date":"19150904","time":"0000","status":"HU","lat":27.2,"lon":-84.8,"wind_kt":80,"pressure_mb":null},{"date":"19150904","time":"0600","status":"HU","lat":28.7,"lon":-85.2,"wind_kt":80,"pressure_mb":null},{"date":"19150904","time":"1100","status":"HU","lat":30,"lon":-85.4,"wind_kt":80,"pressure_mb":null},{"date":"19150904","time":"1200","status":"HU","lat":30.2,"lon":-85.4,"wind_kt":70,"pressure_mb":982},{"date":"19150904","time":"1800","status":"TS","lat":31.8,"lon":-85.3,"wind_kt":50,"pressure_mb":1003},{"date":"19150905","time":"0000","status":"TS","lat":33.5,"lon":-85,"wind_kt":35,"pressure_mb":null},{"date":"19150905","time":"0600","status":"TD","lat":35.3,"lon":-84.7,"wind_kt":30,"pressure_mb":null},{"date":"19150905","time":"1200","status":"TD","lat":36.9,"lon":-84.6,"wind_kt":30,"pressure_mb":null},{"date":"19150905","time":"1800","status":"TD","lat":38.4,"lon":-84.6,"wind_kt":25,"pressure_mb":null},{"date":"19150906","time":"0000","status":"TD","lat":39.8,"lon":-84.6,"wind_kt":25,"pressure_mb":null},{"date":"19150906","time":"0600","status":"TD","lat":41.1,"lon":-84.7,"wind_kt":25,"pressure_mb":null},{"date":"19150906","time":"1200","status":"TD","lat":42.4,"lon":-84.9,"wind_kt":25,"pressure_mb":null},{"date":"19150906","time":"1800","status":"TD","lat":43.5,"lon":-85.2,"wind_kt":20,"pressure_mb":null}]}},{"type":"Feature","geometry":{"type":"LineString","coordinates":[[-63.5,25.5],[-63.4,26.7],[-63.3,27.9],[-63,29.2],[-62.5,30.5],[-61.5,31.9],[-59.5,33.4],[-56,34.8],[-53,36],[-51,37],[-49.5,37.3],[-48.5,37.4],[-48,37.5],[-47.5,37.6],[-46.8,37.7],[-46,37.8]]},"properties":{"id":"hur-al051915","event_type":"hurricane","name":null,"year":1915,"max_wind_kt":50,"min_pressure_mb":null,"category":0,"preliminary":false,"start_date":"19150919","end_date":"19150923","track":[{"date":"19150919","time":"1200","status":"TD","lat":25.5,"lon":-63.5,"wind_kt":30,"pressure_mb":null},{"date":"19150919","time":"1800","status":"TD","lat":26.7,"lon":-63.4,"wind_kt":30,"pressure_mb":null},{"date":"19150920","time":"0000","status":"TS","lat":27.9,"lon":-63.3,"wind_kt":35,"pressure_mb":null},{"date":"19150920","time":"0600","status":"TS","lat":29.2,"lon":-63,"wind_kt":35,"pressure_mb":null},{"date":"19150920","time":"1200","status":"TS","lat":30.5,"lon":-62.5,"wind_kt":40,"pressure_mb":null},{"date":"19150920","time":"1800","status":"TS","lat":31.9,"lon":-61.5,"wind_kt":40,"pressure_mb":null},{"date":"19150921","time":"0000","status":"TS","lat":33.4,"lon":-59.5,"wind_kt":45,"pressure_mb":null},{"date":"19150921","time":"0600","status":"TS","lat":34.8,"lon":-56,"wind_kt":45,"pressure_mb":null},{"date":"19150921","time":"1200","status":"TS","lat":36,"lon":-53,"wind_kt":45,"pressure_mb":null},{"date":"19150921","time":"1800","status":"TS","lat":37,"lon":-51,"wind_kt":45,"pressure_mb":null},{"date":"19150922","time":"0000","status":"TS","lat":37.3,"lon":-49.5,"wind_kt":45,"pressure_mb":null},{"date":"19150922","time":"0600","status":"TS","lat":37.4,"lon":-48.5,"wind_kt":50,"pressure_mb":null},{"date":"19150922","time":"1200","status":"TS","lat":37.5,"lon":-48,"wind_kt":50,"pressure_mb":null},{"date":"19150922","time":"1800","status":"TS","lat":37.6,"lon":-47.5,"wind_kt":50,"pressure_mb":null},{"date":"19150923","time":"0000","status":"EX","lat":37.7,"lon":-46.8,"wind_kt":40,"pressure_mb":null},{"date":"19150923","time":"0600","status":"EX","lat":37.8,"lon":-46,"wind_kt":35,"pressure_mb":null}]}},{"type":"Feature","geometry":{"type":"LineString","coordinates":[[-61,12.3],[-61.5,12.8],[-62.1,13.2],[-62.8,13.5],[-63.6,13.8],[-64.6,14],[-65.8,14.1],[-66.9,14.2],[-68,14.3],[-69,14.3],[-70,14.4],[-71,14.5],[-72,14.5],[-73.1,14.6],[-74.2,14.8],[-75.3,15],[-76.5,15.3],[-77.7,15.6],[-78.8,15.9],[-79.9,16.2],[-81,16.6],[-81.9,17.3],[-82.8,18.4],[-83.7,19.6],[-84.6,20.7],[-85.3,21.5],[-85.9,22.3],[-86.6,23.1],[-87.2,23.8],[-87.8,24.7],[-88.5,25.7],[-89.2,26.8],[-89.8,27.9],[-90.3,29],[-90.2,30.1],[-90,31.2],[-89.3,32.3],[-88.4,33.6],[-86.8,35],[-84.8,36.5],[-82.4,38.2],[-79.8,40.2]]},"properties":{"id":"hur-al061915","event_type":"hurricane","name":null,"year":1915,"max_wind_kt":125,"min_pressure_mb":931,"category":4,"preliminary":false,"start_date":"19150921","end_date":"19151001","track":[{"date":"19150921","time":"1200","status":"TS","lat":12.3,"lon":-61,"wind_kt":35,"pressure_mb":null},{"date":"19150921","time":"1800","status":"TS","lat":12.8,"lon":-61.5,"wind_kt":40,"pressure_mb":null},{"date":"19150922","time":"0000","status":"TS","lat":13.2,"lon":-62.1,"wind_kt":45,"pressure_mb":null},{"date":"19150922","time":"0600","status":"TS","lat":13.5,"lon":-62.8,"wind_kt":50,"pressure_mb":null},{"date":"19150922","time":"1200","status":"TS","lat":13.8,"lon":-63.6,"wind_kt":55,"pressure_mb":null},{"date":"19150922","time":"1800","status":"TS","lat":14,"lon":-64.6,"wind_kt":60,"pressure_mb":null},{"date":"19150923","time":"0000","status":"HU","lat":14.1,"lon":-65.8,"wind_kt":65,"pressure_mb":null},{"date":"19150923","time":"0600","status":"HU","lat":14.2,"lon":-66.9,"wind_kt":70,"pressure_mb":null},{"date":"19150923","time":"1200","status":"HU","lat":14.3,"lon":-68,"wind_kt":75,"pressure_mb":null},{"date":"19150923","time":"1800","status":"HU","lat":14.3,"lon":-69,"wind_kt":75,"pressure_mb":null},{"date":"19150924","time":"0000","status":"HU","lat":14.4,"lon":-70,"wind_kt":80,"pressure_mb":null},{"date":"19150924","time":"0600","status":"HU","lat":14.5,"lon":-71,"wind_kt":85,"pressure_mb":null},{"date":"19150924","time":"1200","status":"HU","lat":14.5,"lon":-72,"wind_kt":95,"pressure_mb":null},{"date":"19150924","time":"1800","status":"HU","lat":14.6,"lon":-73.1,"wind_kt":105,"pressure_mb":null},{"date":"19150925","time":"0000","status":"HU","lat":14.8,"lon":-74.2,"wind_kt":115,"pressure_mb":null},{"date":"19150925","time":"0600","status":"HU","lat":15,"lon":-75.3,"wind_kt":120,"pressure_mb":null},{"date":"19150925","time":"1200","status":"HU","lat":15.3,"lon":-76.5,"wind_kt":125,"pressure_mb":null},{"date":"19150925","time":"1800","status":"HU","lat":15.6,"lon":-77.7,"wind_kt":125,"pressure_mb":931},{"date":"19150926","time":"0000","status":"HU","lat":15.9,"lon":-78.8,"wind_kt":125,"pressure_mb":null},{"date":"19150926","time":"0600","status":"HU","lat":16.2,"lon":-79.9,"wind_kt":125,"pressure_mb":null},{"date":"19150926","time":"1200","status":"HU","lat":16.6,"lon":-81,"wind_kt":125,"pressure_mb":null},{"date":"19150926","time":"1800","status":"HU","lat":17.3,"lon":-81.9,"wind_kt":125,"pressure_mb":null},{"date":"19150927","time":"0000","status":"HU","lat":18.4,"lon":-82.8,"wind_kt":125,"pressure_mb":null},{"date":"19150927","time":"0600","status":"HU","lat":19.6,"lon":-83.7,"wind_kt":125,"pressure_mb":null},{"date":"19150927","time":"1200","status":"HU","lat":20.7,"lon":-84.6,"wind_kt":125,"pressure_mb":null},{"date":"19150927","time":"1800","status":"HU","lat":21.5,"lon":-85.3,"wind_kt":125,"pressure_mb":null},{"date":"19150928","time":"0000","status":"HU","lat":22.3,"lon":-85.9,"wind_kt":125,"pressure_mb":null},{"date":"19150928","time":"0600","status":"HU","lat":23.1,"lon":-86.6,"wind_kt":125,"pressure_mb":null},{"date":"19150928","time":"1200","status":"HU","lat":23.8,"lon":-87.2,"wind_kt":125,"pressure_mb":null},{"date":"19150928","time":"1800","status":"HU","lat":24.7,"lon":-87.8,"wind_kt":125,"pressure_mb":null},{"date":"19150929","time":"0000","status":"HU","lat":25.7,"lon":-88.5,"wind_kt":120,"pressure_mb":null},{"date":"19150929","time":"0600","status":"HU","lat":26.8,"lon":-89.2,"wind_kt":120,"pressure_mb":935},{"date":"19150929","time":"1200","status":"HU","lat":27.9,"lon":-89.8,"wind_kt":115,"pressure_mb":null},{"date":"19150929","time":"1800","status":"HU","lat":29,"lon":-90.3,"wind_kt":110,"pressure_mb":944},{"date":"19150930","time":"0000","status":"HU","lat":30.1,"lon":-90.2,"wind_kt":70,"pressure_mb":949},{"date":"19150930","time":"0600","status":"TS","lat":31.2,"lon":-90,"wind_kt":60,"pressure_mb":null},{"date":"19150930","time":"1200","status":"EX","lat":32.3,"lon":-89.3,"wind_kt":50,"pressure_mb":null},{"date":"19150930","time":"1800","status":"EX","lat":33.6,"lon":-88.4,"wind_kt":40,"pressure_mb":null},{"date":"19151001","time":"0000","status":"EX","lat":35,"lon":-86.8,"wind_kt":35,"pressure_mb":null},{"date":"19151001","time":"0600","status":"EX","lat":36.5,"lon":-84.8,"wind_kt":35,"pressure_mb":null},{"date":"19151001","time":"1200","status":"EX","lat":38.2,"lon":-82.4,"wind_kt":35,"pressure_mb":null},{"date":"19151001","time":"1800","status":"EX","lat":40.2,"lon":-79.8,"wind_kt":35,"pressure_mb":null}]}},{"type":"Feature","geometry":{"type":"LineString","coordinates":[[-80,21],[-80.4,22.4],[-80.7,23.8],[-81,25.1],[-81.3,26.2],[-81.6,27.2],[-81.9,27.8],[-82.1,28.3],[-82.2,29],[-81.9,29.9],[-81.4,31],[-80.6,32.2],[-79.5,33.5],[-78.1,35.2],[-76.4,37.1],[-74.5,39],[-72.5,41],[-71,43],[-70.5,45]]},"properties":{"id":"hur-al011916","event_type":"hurricane","name":null,"year":1916,"max_wind_kt":50,"min_pressure_mb":990,"category":0,"preliminary":false,"start_date":"19160513","end_date":"19160518","track":[{"date":"19160513","time":"1200","status":"TD","lat":21,"lon":-80,"wind_kt":25,"pressure_mb":null},{"date":"19160513","time":"1800","status":"TD","lat":22.4,"lon":-80.4,"wind_kt":30,"pressure_mb":null},{"date":"19160514","time":"0000","status":"TD","lat":23.8,"lon":-80.7,"wind_kt":30,"pressure_mb":null},{"date":"19160514","time":"0600","status":"TS","lat":25.1,"lon":-81,"wind_kt":35,"pressure_mb":1006},{"date":"19160514","time":"1200","status":"TS","lat":26.2,"lon":-81.3,"wind_kt":40,"pressure_mb":null},{"date":"19160514","time":"1800","status":"TS","lat":27.2,"lon":-81.6,"wind_kt":40,"pressure_mb":1004},{"date":"19160515","time":"0000","status":"TS","lat":27.8,"lon":-81.9,"wind_kt":40,"pressure_mb":null},{"date":"19160515","time":"0600","status":"TS","lat":28.3,"lon":-82.1,"wind_kt":35,"pressure_mb":null},{"date":"19160515","time":"1200","status":"TS","lat":29,"lon":-82.2,"wind_kt":35,"pressure_mb":null},{"date":"19160515","time":"1800","status":"TS","lat":29.9,"lon":-81.9,"wind_kt":35,"pressure_mb":null},{"date":"19160516","time":"0000","status":"TS","lat":31,"lon":-81.4,"wind_kt":35,"pressure_mb":null},{"date":"19160516","time":"0600","status":"TS","lat":32.2,"lon":-80.6,"wind_kt":35,"pressure_mb":null},{"date":"19160516","time":"1200","status":"TS","lat":33.5,"lon":-79.5,"wind_kt":35,"pressure_mb":null},{"date":"19160516","time":"1800","status":"TS","lat":35.2,"lon":-78.1,"wind_kt":35,"pressure_mb":null},{"date":"19160517","time":"0000","status":"EX","lat":37.1,"lon":-76.4,"wind_kt":40,"pressure_mb":null},{"date":"19160517","time":"0600","status":"EX","lat":39,"lon":-74.5,"wind_kt":45,"pressure_mb":null},{"date":"19160517","time":"1200","status":"EX","lat":41,"lon":-72.5,"wind_kt":50,"pressure_mb":990},{"date":"19160517","time":"1800","status":"EX","lat":43,"lon":-71,"wind_kt":50,"pressure_mb":null},{"date":"19160518","time":"0000","status":"EX","lat":45,"lon":-70.5,"wind_kt":40,"pressure_mb":null}]}},{"type":"Feature","geometry":{"type":"LineString","coordinates":[[-79.5,12.5],[-79.8,12.5],[-80.1,12.5],[-80.5,12.5],[-80.9,12.7],[-81.3,13],[-81.7,13.5],[-82.1,14],[-82.5,14.5],[-82.8,15],[-83,15.5],[-83.1,16],[-83.3,16.5],[-83.7,16.9],[-84.1,17.2],[-84.6,17.6],[-85,18],[-85.2,18.5],[-85.3,18.9],[-85.5,19.4],[-85.7,20],[-86,20.7],[-86.4,21.5],[-86.7,22.4],[-87,23.5],[-87.2,24.8],[-87.3,26.3],[-87.5,27.6],[-87.7,28.8],[-88,29.9],[-88.4,30.4],[-88.6,30.8],[-89.4,31.7],[-90,32.4],[-90.1,32.8],[-90.2,33.1],[-90.2,33.4],[-90.1,33.7],[-89.4,33.8],[-88.5,33.7],[-87.6,33.5],[-86.9,33.2],[-86.6,33.2],[-86.4,33.4],[-86.2,33.7],[-86,34],[-85.9,34.3],[-85.8,34.6],[-85.7,34.8],[-85.6,35],[-85.5,35.2]]},"properties":{"id":"hur-al021916","event_type":"hurricane","name":null,"year":1916,"max_wind_kt":105,"min_pressure_mb":950,"category":3,"preliminary":false,"start_date":"19160628","end_date":"19160710","track":[{"date":"19160628","time":"1200","status":"TD","lat":12.5,"lon":-79.5,"wind_kt":25,"pressure_mb":null},{"date":"19160628","time":"1800","status":"TD","lat":12.5,"lon":-79.8,"wind_kt":25,"pressure_mb":null},{"date":"19160629","time":"0000","status":"TD","lat":12.5,"lon":-80.1,"wind_kt":25,"pressure_mb":null},{"date":"19160629","time":"0600","status":"TD","lat":12.5,"lon":-80.5,"wind_kt":25,"pressure_mb":null},{"date":"19160629","time":"1200","status":"TD","lat":12.7,"lon":-80.9,"wind_kt":25,"pressure_mb":null},{"date":"19160629","time":"1800","status":"TD","lat":13,"lon":-81.3,"wind_kt":25,"pressure_mb":null},{"date":"19160630","time":"0000","status":"TD","lat":13.5,"lon":-81.7,"wind_kt":30,"pressure_mb":null},{"date":"19160630","time":"0600","status":"TD","lat":14,"lon":-82.1,"wind_kt":30,"pressure_mb":null},{"date":"19160630","time":"1200","status":"TD","lat":14.5,"lon":-82.5,"wind_kt":30,"pressure_mb":null},{"date":"19160630","time":"1800","status":"TD","lat":15,"lon":-82.8,"wind_kt":30,"pressure_mb":null},{"date":"19160701","time":"0000","status":"TD","lat":15.5,"lon":-83,"wind_kt":30,"pressure_mb":null},{"date":"19160701","time":"0600","status":"TD","lat":16,"lon":-83.1,"wind_kt":30,"pressure_mb":null},{"date":"19160701","time":"1200","status":"TD","lat":16.5,"lon":-83.3,"wind_kt":30,"pressure_mb":null},{"date":"19160701","time":"1800","status":"TD","lat":16.9,"lon":-83.7,"wind_kt":30,"pressure_mb":null},{"date":"19160702","time":"0000","status":"TS","lat":17.2,"lon":-84.1,"wind_kt":35,"pressure_mb":null},{"date":"19160702","time":"0600","status":"TS","lat":17.6,"lon":-84.6,"wind_kt":35,"pressure_mb":null},{"date":"19160702","time":"1200","status":"TS","lat":18,"lon":-85,"wind_kt":40,"pressure_mb":null},{"date":"19160702","time":"1800","status":"TS","lat":18.5,"lon":-85.2,"wind_kt":45,"pressure_mb":null},{"date":"19160703","time":"0000","status":"TS","lat":18.9,"lon":-85.3,"wind_kt":50,"pressure_mb":null},{"date":"19160703","time":"0600","status":"TS","lat":19.4,"lon":-85.5,"wind_kt":55,"pressure_mb":null},{"date":"19160703","time":"1200","status":"TS","lat":20,"lon":-85.7,"wind_kt":60,"pressure_mb":null},{"date":"19160703","time":"1800","status":"HU","lat":20.7,"lon":-86,"wind_kt":65,"pressure_mb":null},{"date":"19160704","time":"0000","status":"HU","lat":21.5,"lon":-86.4,"wind_kt":70,"pressure_mb":null},{"date":"19160704","time":"0600","status":"HU","lat":22.4,"lon":-86.7,"wind_kt":75,"pressure_mb":null},{"date":"19160704","time":"1200","status":"HU","lat":23.5,"lon":-87,"wind_kt":80,"pressure_mb":null},{"date":"19160704","time":"1800","status":"HU","lat":24.8,"lon":-87.2,"wind_kt":85,"pressure_mb":null},{"date":"19160705","time":"0000","status":"HU","lat":26.3,"lon":-87.3,"wind_kt":90,"pressure_mb":null},{"date":"19160705","time":"0600","status":"HU","lat":27.6,"lon":-87.5,"wind_kt":95,"pressure_mb":null},{"date":"19160705","time":"1200","status":"HU","lat":28.8,"lon":-87.7,"wind_kt":100,"pressure_mb":null},{"date":"19160705","time":"1800","status":"HU","lat":29.9,"lon":-88,"wind_kt":105,"pressure_mb":950},{"date":"19160705","time":"2100","status":"HU","lat":30.4,"lon":-88.4,"wind_kt":105,"pressure_mb":950},{"date":"19160706","time":"0000","status":"HU","lat":30.8,"lon":-88.6,"wind_kt":80,"pressure_mb":null},{"date":"19160706","time":"0600","status":"TS","lat":31.7,"lon":-89.4,"wind_kt":55,"pressure_mb":null},{"date":"19160706","time":"1200","status":"TS","lat":32.4,"lon":-90,"wind_kt":45,"pressure_mb":994},{"date":"19160706","time":"1800","status":"TS","lat":32.8,"lon":-90.1,"wind_kt":40,"pressure_mb":null},{"date":"19160707","time":"0000","status":"TS","lat":33.1,"lon":-90.2,"wind_kt":40,"pressure_mb":null},{"date":"19160707","time":"0600","status":"TS","lat":33.4,"lon":-90.2,"wind_kt":40,"pressure_mb":null},{"date":"19160707","time":"1200","status":"TS","lat":33.7,"lon":-90.1,"wind_kt":40,"pressure_mb":null},{"date":"19160707","time":"1800","status":"TS","lat":33.8,"lon":-89.4,"wind_kt":40,"pressure_mb":null},{"date":"19160708","time":"0000","status":"TS","lat":33.7,"lon":-88.5,"wind_kt":40,"pressure_mb":null},{"date":"19160708","time":"0600","status":"TS","lat":33.5,"lon":-87.6,"wind_kt":40,"pressure_mb":null},{"date":"19160708","time":"1200","status":"TS","lat":33.2,"lon":-86.9,"wind_kt":35,"pressure_mb":null},{"date":"19160708","time":"1800","status":"TS","lat":33.2,"lon":-86.6,"wind_kt":35,"pressure_mb":null},{"date":"19160709","time":"0000","status":"TD","lat":33.4,"lon":-86.4,"wind_kt":30,"pressure_mb":null},{"date":"19160709","time":"0600","status":"TD","lat":33.7,"lon":-86.2,"wind_kt":30,"pressure_mb":null},{"date":"19160709","time":"1200","status":"TD","lat":34,"lon":-86,"wind_kt":25,"pressure_mb":null},{"date":"19160709","time":"1800","status":"TD","lat":34.3,"lon":-85.9,"wind_kt":25,"pressure_mb":null},{"date":"19160710","time":"0000","status":"TD","lat":34.6,"lon":-85.8,"wind_kt":20,"pressure_mb":null},{"date":"19160710","time":"0600","status":"TD","lat":34.8,"lon":-85.7,"wind_kt":20,"pressure_mb":null},{"date":"19160710","time":"1200","status":"TD","lat":35,"lon":-85.6,"wind_kt":20,"pressure_mb":null},{"date":"19160710","time":"1800","status":"TD","lat":35.2,"lon":-85.5,"wind_kt":20,"pressure_mb":null}]}},{"type":"Feature","geometry":{"type":"LineString","coordinates":[[-52.1,11.5],[-53.2,11.5],[-54.4,11.6],[-55.6,11.7],[-56.7,11.8],[-57.8,12],[-58.8,12.4],[-59.8,13],[-60.8,13.7],[-61.7,14.5],[-62.7,15.4],[-63.8,16.4],[-65,17.5],[-66,18.4],[-66.7,19.1],[-67.2,19.7],[-67.6,20.3],[-68,20.8],[-68.3,21.3],[-68.5,21.7],[-68.6,22.1],[-68.7,22.5],[-68.8,22.9],[-69,23.2],[-69.2,23.5],[-69.5,23.8],[-70,24],[-70.5,24.2],[-71,24.6],[-71.5,25.3],[-71.9,26.1],[-72.2,27],[-72.5,28],[-72.8,29.1],[-73,30.2],[-73.2,31.2],[-73.3,32.2],[-73.3,33.2],[-73.1,34.1],[-72.9,34.9],[-72.7,35.7],[-72.5,36.6],[-72.3,37.6],[-72.1,38.8],[-71.8,39.9],[-71.4,41.1],[-71.2,41.4],[-70.4,43],[-68.4,44.7],[-65.5,46.9],[-61.7,48.5],[-56.5,51]]},"properties":{"id":"hur-al031916","event_type":"hurricane","name":null,"year":1916,"max_wind_kt":90,"min_pressure_mb":980,"category":2,"preliminary":false,"start_date":"19160710","end_date":"19160722","track":[{"date":"19160710","time":"0600","status":"TD","lat":11.5,"lon":-52.1,"wind_kt":30,"pressure_mb":null},{"date":"19160710","time":"1200","status":"TD","lat":11.5,"lon":-53.2,"wind_kt":30,"pressure_mb":null},{"date":"19160710","time":"1800","status":"TD","lat":11.6,"lon":-54.4,"wind_kt":30,"pressure_mb":null},{"date":"19160711","time":"0000","status":"TD","lat":11.7,"lon":-55.6,"wind_kt":30,"pressure_mb":null},{"date":"19160711","time":"0600","status":"TD","lat":11.8,"lon":-56.7,"wind_kt":30,"pressure_mb":null},{"date":"19160711","time":"1200","status":"TD","lat":12,"lon":-57.8,"wind_kt":30,"pressure_mb":null},{"date":"19160711","time":"1800","status":"TD","lat":12.4,"lon":-58.8,"wind_kt":30,"pressure_mb":null},{"date":"19160712","time":"0000","status":"TS","lat":13,"lon":-59.8,"wind_kt":35,"pressure_mb":null},{"date":"19160712","time":"0600","status":"TS","lat":13.7,"lon":-60.8,"wind_kt":35,"pressure_mb":null},{"date":"19160712","time":"1200","status":"TS","lat":14.5,"lon":-61.7,"wind_kt":35,"pressure_mb":null},{"date":"19160712","time":"1800","status":"TS","lat":15.4,"lon":-62.7,"wind_kt":35,"pressure_mb":null},{"date":"19160713","time":"0000","status":"TS","lat":16.4,"lon":-63.8,"wind_kt":35,"pressure_mb":null},{"date":"19160713","time":"0600","status":"TS","lat":17.5,"lon":-65,"wind_kt":40,"pressure_mb":null},{"date":"19160713","time":"1200","status":"TS","lat":18.4,"lon":-66,"wind_kt":45,"pressure_mb":null},{"date":"19160713","time":"1800","status":"TS","lat":19.1,"lon":-66.7,"wind_kt":45,"pressure_mb":null},{"date":"19160714","time":"0000","status":"TS","lat":19.7,"lon":-67.2,"wind_kt":50,"pressure_mb":null},{"date":"19160714","time":"0600","status":"TS","lat":20.3,"lon":-67.6,"wind_kt":50,"pressure_mb":null},{"date":"19160714","time":"1200","status":"TS","lat":20.8,"lon":-68,"wind_kt":55,"pressure_mb":null},{"date":"19160714","time":"1800","status":"TS","lat":21.3,"lon":-68.3,"wind_kt":60,"pressure_mb":null},{"date":"19160715","time":"0000","status":"HU","lat":21.7,"lon":-68.5,"wind_kt":65,"pressure_mb":null},{"date":"19160715","time":"0600","status":"HU","lat":22.1,"lon":-68.6,"wind_kt":70,"pressure_mb":null},{"date":"19160715","time":"1200","status":"HU","lat":22.5,"lon":-68.7,"wind_kt":75,"pressure_mb":null},{"date":"19160715","time":"1800","status":"HU","lat":22.9,"lon":-68.8,"wind_kt":75,"pressure_mb":null},{"date":"19160716","time":"0000","status":"HU","lat":23.2,"lon":-69,"wind_kt":80,"pressure_mb":null},{"date":"19160716","time":"0600","status":"HU","lat":23.5,"lon":-69.2,"wind_kt":85,"pressure_mb":null},{"date":"19160716","time":"1200","status":"HU","lat":23.8,"lon":-69.5,"wind_kt":90,"pressure_mb":null},{"date":"19160716","time":"1800","status":"HU","lat":24,"lon":-70,"wind_kt":90,"pressure_mb":null},{"date":"19160717","time":"0000","status":"HU","lat":24.2,"lon":-70.5,"wind_kt":90,"pressure_mb":null},{"date":"19160717","time":"0600","status":"HU","lat":24.6,"lon":-71,"wind_kt":90,"pressure_mb":null},{"date":"19160717","time":"1200","status":"HU","lat":25.3,"lon":-71.5,"wind_kt":90,"pressure_mb":null},{"date":"19160717","time":"1800","status":"HU","lat":26.1,"lon":-71.9,"wind_kt":90,"pressure_mb":null},{"date":"19160718","time":"0000","status":"HU","lat":27,"lon":-72.2,"wind_kt":90,"pressure_mb":null},{"date":"19160718","time":"0600","status":"HU","lat":28,"lon":-72.5,"wind_kt":85,"pressure_mb":null},{"date":"19160718","time":"1200","status":"HU","lat":29.1,"lon":-72.8,"wind_kt":85,"pressure_mb":null},{"date":"19160718","time":"1800","status":"HU","lat":30.2,"lon":-73,"wind_kt":80,"pressure_mb":null},{"date":"19160719","time":"0000","status":"HU","lat":31.2,"lon":-73.2,"wind_kt":80,"pressure_mb":null},{"date":"19160719","time":"0600","status":"HU","lat":32.2,"lon":-73.3,"wind_kt":75,"pressure_mb":980},{"date":"19160719","time":"1200","status":"HU","lat":33.2,"lon":-73.3,"wind_kt":75,"pressure_mb":null},{"date":"19160719","time":"1800","status":"HU","lat":34.1,"lon":-73.1,"wind_kt":75,"pressure_mb":null},{"date":"19160720","time":"0000","status":"HU","lat":34.9,"lon":-72.9,"wind_kt":75,"pressure_mb":null},{"date":"19160720","time":"0600","status":"HU","lat":35.7,"lon":-72.7,"wind_kt":75,"pressure_mb":null},{"date":"19160720","time":"1200","status":"HU","lat":36.6,"lon":-72.5,"wind_kt":75,"pressure_mb":null},{"date":"19160720","time":"1800","status":"HU","lat":37.6,"lon":-72.3,"wind_kt":75,"pressure_mb":null},{"date":"19160721","time":"0000","status":"HU","lat":38.8,"lon":-72.1,"wind_kt":70,"pressure_mb":null},{"date":"19160721","time":"0600","status":"HU","lat":39.9,"lon":-71.8,"wind_kt":65,"pressure_mb":null},{"date":"19160721","time":"1200","status":"TS","lat":41.1,"lon":-71.4,"wind_kt":60,"pressure_mb":993},{"date":"19160721","time":"1300","status":"TS","lat":41.4,"lon":-71.2,"wind_kt":60,"pressure_mb":993},{"date":"19160721","time":"1800","status":"TS","lat":43,"lon":-70.4,"wind_kt":45,"pressure_mb":1001},{"date":"19160722","time":"0000","status":"TS","lat":44.7,"lon":-68.4,"wind_kt":40,"pressure_mb":null},{"date":"19160722","time":"0600","status":"TS","lat":46.9,"lon":-65.5,"wind_kt":35,"pressure_mb":null},{"date":"19160722","time":"1200","status":"EX","lat":48.5,"lon":-61.7,"wind_kt":30,"pressure_mb":null},{"date":"19160722","time":"1800","status":"EX","lat":51,"lon":-56.5,"wind_kt":30,"pressure_mb":null}]}},{"type":"Feature","geometry":{"type":"LineString","coordinates":[[-71.2,25.9],[-72,26.5],[-72.8,27.1],[-73.6,27.7],[-74.4,28.2],[-75.2,28.7],[-76,29.2],[-76.9,29.7],[-77.7,30.2],[-78.4,30.7],[-78.9,31.3],[-79.2,32],[-79.4,32.6],[-79.5,32.9],[-79.7,33.2],[-80.2,33.7],[-80.9,34.2],[-81.8,34.6],[-82.7,35],[-83.6,35.4]]},"properties":{"id":"hur-al041916","event_type":"hurricane","name":null,"year":1916,"max_wind_kt":100,"min_pressure_mb":960,"category":3,"preliminary":false,"start_date":"19160711","end_date":"19160715","track":[{"date":"19160711","time":"0600","status":"TS","lat":25.9,"lon":-71.2,"wind_kt":40,"pressure_mb":null},{"date":"19160711","time":"1200","status":"TS","lat":26.5,"lon":-72,"wind_kt":40,"pressure_mb":null},{"date":"19160711","time":"1800","status":"TS","lat":27.1,"lon":-72.8,"wind_kt":45,"pressure_mb":null},{"date":"19160712","time":"0000","status":"TS","lat":27.7,"lon":-73.6,"wind_kt":50,"pressure_mb":null},{"date":"19160712","time":"0600","status":"TS","lat":28.2,"lon":-74.4,"wind_kt":60,"pressure_mb":null},{"date":"19160712","time":"1200","status":"TS","lat":28.7,"lon":-75.2,"wind_kt":60,"pressure_mb":null},{"date":"19160712","time":"1800","status":"HU","lat":29.2,"lon":-76,"wind_kt":70,"pressure_mb":null},{"date":"19160713","time":"0000","status":"HU","lat":29.7,"lon":-76.9,"wind_kt":75,"pressure_mb":null},{"date":"19160713","time":"0600","status":"HU","lat":30.2,"lon":-77.7,"wind_kt":80,"pressure_mb":null},{"date":"19160713","time":"1200","status":"HU","lat":30.7,"lon":-78.4,"wind_kt":90,"pressure_mb":null},{"date":"19160713","time":"1800","status":"HU","lat":31.3,"lon":-78.9,"wind_kt":100,"pressure_mb":null},{"date":"19160714","time":"0000","status":"HU","lat":32,"lon":-79.2,"wind_kt":100,"pressure_mb":null},{"date":"19160714","time":"0600","status":"HU","lat":32.6,"lon":-79.4,"wind_kt":95,"pressure_mb":960},{"date":"19160714","time":"0800","status":"HU","lat":32.9,"lon":-79.5,"wind_kt":95,"pressure_mb":960},{"date":"19160714","time":"1200","status":"HU","lat":33.2,"lon":-79.7,"wind_kt":70,"pressure_mb":null},{"date":"19160714","time":"1800","status":"TS","lat":33.7,"lon":-80.2,"wind_kt":55,"pressure_mb":null},{"date":"19160715","time":"0000","status":"TS","lat":34.2,"lon":-80.9,"wind_kt":50,"pressure_mb":null},{"date":"19160715","time":"0600","status":"TS","lat":34.6,"lon":-81.8,"wind_kt":45,"pressure_mb":null},{"date":"19160715","time":"1200","status":"TS","lat":35,"lon":-82.7,"wind_kt":35,"pressure_mb":null},{"date":"19160715","time":"1800","status":"TD","lat":35.4,"lon":-83.6,"wind_kt":30,"pressure_mb":null}]}},{"type":"Feature","geometry":{"type":"LineString","coordinates":[[-94,24],[-94.5,24],[-95,24.1],[-95.5,24.2],[-96,24.3],[-96.5,24.4],[-97.1,24.6],[-97.7,24.8],[-98.5,25],[-99.5,25.2]]},"properties":{"id":"hur-al051916","event_type":"hurricane","name":null,"year":1916,"max_wind_kt":50,"min_pressure_mb":null,"category":0,"preliminary":false,"start_date":"19160804","end_date":"19160806","track":[{"date":"19160804","time":"1200","status":"TS","lat":24,"lon":-94,"wind_kt":35,"pressure_mb":null},{"date":"19160804","time":"1800","status":"TS","lat":24,"lon":-94.5,"wind_kt":35,"pressure_mb":null},{"date":"19160805","time":"0000","status":"TS","lat":24.1,"lon":-95,"wind_kt":40,"pressure_mb":null},{"date":"19160805","time":"0600","status":"TS","lat":24.2,"lon":-95.5,"wind_kt":40,"pressure_mb":null},{"date":"19160805","time":"1200","status":"TS","lat":24.3,"lon":-96,"wind_kt":45,"pressure_mb":null},{"date":"19160805","time":"1800","status":"TS","lat":24.4,"lon":-96.5,"wind_kt":45,"pressure_mb":null},{"date":"19160806","time":"0000","status":"TS","lat":24.6,"lon":-97.1,"wind_kt":50,"pressure_mb":null},{"date":"19160806","time":"0600","status":"TS","lat":24.8,"lon":-97.7,"wind_kt":50,"pressure_mb":null},{"date":"19160806","time":"1200","status":"TS","lat":25,"lon":-98.5,"wind_kt":35,"pressure_mb":null},{"date":"19160806","time":"1800","status":"TD","lat":25.2,"lon":-99.5,"wind_kt":25,"pressure_mb":null}]}},{"type":"Feature","geometry":{"type":"LineString","coordinates":[[-55,13.4],[-56.4,13.5],[-57.8,13.6],[-59.2,13.8],[-60.6,13.9],[-62,14],[-63.6,14.1],[-65.3,14.2],[-66.9,14.3],[-68.5,14.5],[-70,14.7],[-71.3,15],[-72.6,15.4],[-74,16],[-75.6,16.8],[-77.3,17.8],[-79,18.9],[-80.7,19.8],[-82.4,20.5],[-84.1,21],[-85.8,21.5],[-87.6,22],[-89.4,22.8],[-91.2,23.7],[-93,24.6],[-94.7,25.5],[-96.3,26.4],[-97.4,27],[-97.8,27.2],[-99.3,28.1],[-100.7,29.1],[-101.7,30.1],[-102.5,31.2]]},"properties":{"id":"hur-al061916","event_type":"hurricane","name":null,"year":1916,"max_wind_kt":115,"min_pressure_mb":932,"category":4,"preliminary":false,"start_date":"19160812","end_date":"19160820","track":[{"date":"19160812","time":"0600","status":"TS","lat":13.4,"lon":-55,"wind_kt":35,"pressure_mb":null},{"date":"19160812","time":"1200","status":"TS","lat":13.5,"lon":-56.4,"wind_kt":40,"pressure_mb":null},{"date":"19160812","time":"1800","status":"TS","lat":13.6,"lon":-57.8,"wind_kt":40,"pressure_mb":null},{"date":"19160813","time":"0000","status":"TS","lat":13.8,"lon":-59.2,"wind_kt":45,"pressure_mb":null},{"date":"19160813","time":"0600","status":"TS","lat":13.9,"lon":-60.6,"wind_kt":45,"pressure_mb":null},{"date":"19160813","time":"1200","status":"TS","lat":14,"lon":-62,"wind_kt":50,"pressure_mb":null},{"date":"19160813","time":"1800","status":"TS","lat":14.1,"lon":-63.6,"wind_kt":50,"pressure_mb":null},{"date":"19160814","time":"0000","status":"TS","lat":14.2,"lon":-65.3,"wind_kt":55,"pressure_mb":null},{"date":"19160814","time":"0600","status":"TS","lat":14.3,"lon":-66.9,"wind_kt":60,"pressure_mb":null},{"date":"19160814","time":"1200","status":"TS","lat":14.5,"lon":-68.5,"wind_kt":60,"pressure_mb":null},{"date":"19160814","time":"1800","status":"TS","lat":14.7,"lon":-70,"wind_kt":60,"pressure_mb":null},{"date":"19160815","time":"0000","status":"HU","lat":15,"lon":-71.3,"wind_kt":65,"pressure_mb":null},{"date":"19160815","time":"0600","status":"HU","lat":15.4,"lon":-72.6,"wind_kt":65,"pressure_mb":null},{"date":"19160815","time":"1200","status":"HU","lat":16,"lon":-74,"wind_kt":70,"pressure_mb":null},{"date":"19160815","time":"1800","status":"HU","lat":16.8,"lon":-75.6,"wind_kt":70,"pressure_mb":null},{"date":"19160816","time":"0000","status":"HU","lat":17.8,"lon":-77.3,"wind_kt":75,"pressure_mb":null},{"date":"19160816","time":"0600","status":"HU","lat":18.9,"lon":-79,"wind_kt":75,"pressure_mb":null},{"date":"19160816","time":"1200","status":"HU","lat":19.8,"lon":-80.7,"wind_kt":80,"pressure_mb":null},{"date":"19160816","time":"1800","status":"HU","lat":20.5,"lon":-82.4,"wind_kt":85,"pressure_mb":null},{"date":"19160817","time":"0000","status":"HU","lat":21,"lon":-84.1,"wind_kt":90,"pressure_mb":null},{"date":"19160817","time":"0600","status":"HU","lat":21.5,"lon":-85.8,"wind_kt":95,"pressure_mb":null},{"date":"19160817","time":"1200","status":"HU","lat":22,"lon":-87.6,"wind_kt":105,"pressure_mb":null},{"date":"19160817","time":"1800","status":"HU","lat":22.8,"lon":-89.4,"wind_kt":110,"pressure_mb":null},{"date":"19160818","time":"0000","status":"HU","lat":23.7,"lon":-91.2,"wind_kt":115,"pressure_mb":null},{"date":"19160818","time":"0600","status":"HU","lat":24.6,"lon":-93,"wind_kt":115,"pressure_mb":null},{"date":"19160818","time":"1200","status":"HU","lat":25.5,"lon":-94.7,"wind_kt":115,"pressure_mb":null},{"date":"19160818","time":"1800","status":"HU","lat":26.4,"lon":-96.3,"wind_kt":115,"pressure_mb":932},{"date":"19160818","time":"2200","status":"HU","lat":27,"lon":-97.4,"wind_kt":115,"pressure_mb":932},{"date":"19160819","time":"0000","status":"HU","lat":27.2,"lon":-97.8,"wind_kt":90,"pressure_mb":940},{"date":"19160819","time":"0600","status":"TS","lat":28.1,"lon":-99.3,"wind_kt":60,"pressure_mb":null},{"date":"19160819","time":"1200","status":"TS","lat":29.1,"lon":-100.7,"wind_kt":40,"pressure_mb":null},{"date":"19160819","time":"1800","status":"TD","lat":30.1,"lon":-101.7,"wind_kt":30,"pressure_mb":null},{"date":"19160820","time":"0000","status":"TD","lat":31.2,"lon":-102.5,"wind_kt":25,"pressure_mb":null}]}},{"type":"Feature","geometry":{"type":"LineString","coordinates":[[-60.3,16],[-61.5,16.5],[-62.7,17],[-63.9,17.4],[-65.2,17.8],[-66.5,18.2],[-68,18.6],[-69.7,19],[-71.4,19.5],[-72.9,20],[-74.1,20.7],[-75.2,21.5],[-76.2,22.2],[-77.2,23],[-78.2,23.7],[-79.2,24.4],[-80.1,25.2],[-80.3,25.6],[-80.5,26],[-80.7,26.9],[-80.8,27.9],[-80.8,29]]},"properties":{"id":"hur-al071916","event_type":"hurricane","name":null,"year":1916,"max_wind_kt":95,"min_pressure_mb":null,"category":2,"preliminary":false,"start_date":"19160821","end_date":"19160826","track":[{"date":"19160821","time":"0600","status":"TS","lat":16,"lon":-60.3,"wind_kt":55,"pressure_mb":null},{"date":"19160821","time":"1200","status":"HU","lat":16.5,"lon":-61.5,"wind_kt":65,"pressure_mb":null},{"date":"19160821","time":"1800","status":"HU","lat":17,"lon":-62.7,"wind_kt":75,"pressure_mb":null},{"date":"19160822","time":"0000","status":"HU","lat":17.4,"lon":-63.9,"wind_kt":85,"pressure_mb":null},{"date":"19160822","time":"0600","status":"HU","lat":17.8,"lon":-65.2,"wind_kt":95,"pressure_mb":null},{"date":"19160822","time":"1200","status":"HU","lat":18.2,"lon":-66.5,"wind_kt":75,"pressure_mb":null},{"date":"19160822","time":"1800","status":"HU","lat":18.6,"lon":-68,"wind_kt":65,"pressure_mb":null},{"date":"19160823","time":"0000","status":"TS","lat":19,"lon":-69.7,"wind_kt":60,"pressure_mb":null},{"date":"19160823","time":"0600","status":"TS","lat":19.5,"lon":-71.4,"wind_kt":55,"pressure_mb":null},{"date":"19160823","time":"1200","status":"TS","lat":20,"lon":-72.9,"wind_kt":45,"pressure_mb":null},{"date":"19160823","time":"1800","status":"TS","lat":20.7,"lon":-74.1,"wind_kt":45,"pressure_mb":null},{"date":"19160824","time":"0000","status":"TS","lat":21.5,"lon":-75.2,"wind_kt":40,"pressure_mb":null},{"date":"19160824","time":"0600","status":"TS","lat":22.2,"lon":-76.2,"wind_kt":40,"pressure_mb":null},{"date":"19160824","time":"1200","status":"TS","lat":23,"lon":-77.2,"wind_kt":35,"pressure_mb":null},{"date":"19160824","time":"1800","status":"TS","lat":23.7,"lon":-78.2,"wind_kt":35,"pressure_mb":null},{"date":"19160825","time":"0000","status":"TS","lat":24.4,"lon":-79.2,"wind_kt":40,"pressure_mb":null},{"date":"19160825","time":"0600","status":"TS","lat":25.2,"lon":-80.1,"wind_kt":40,"pressure_mb":null},{"date":"19160825","time":"0800","status":"TS","lat":25.6,"lon":-80.3,"wind_kt":40,"pressure_mb":null},{"date":"19160825","time":"1200","status":"TS","lat":26,"lon":-80.5,"wind_kt":40,"pressure_mb":null},{"date":"19160825","time":"1800","status":"TS","lat":26.9,"lon":-80.7,"wind_kt":35,"pressure_mb":null},{"date":"19160826","time":"0000","status":"TD","lat":27.9,"lon":-80.8,"wind_kt":30,"pressure_mb":null},{"date":"19160826","time":"0600","status":"TD","lat":29,"lon":-80.8,"wind_kt":30,"pressure_mb":null}]}},{"type":"Feature","geometry":{"type":"LineString","coordinates":[[-47.6,14],[-49.3,14],[-51.2,14.3],[-53.2,14.7],[-55.2,15.1],[-57.2,15.3],[-59.4,15.4],[-61.6,15.5],[-63.8,15.6],[-66,15.6],[-68.1,15.7],[-70.2,15.9],[-72.2,16],[-74.2,16.2],[-76.2,16.6],[-78.2,16.8],[-80.1,17],[-82,17.4],[-83.2,17.7],[-84.3,18],[-85.4,18.1],[-86.5,18.2],[-87.6,18.1],[-88.7,17.9],[-89.8,17.5],[-91,17]]},"properties":{"id":"hur-al081916","event_type":"hurricane","name":null,"year":1916,"max_wind_kt":70,"min_pressure_mb":986,"category":1,"preliminary":false,"start_date":"19160827","end_date":"19160902","track":[{"date":"19160827","time":"0600","status":"TS","lat":14,"lon":-47.6,"wind_kt":60,"pressure_mb":null},{"date":"19160827","time":"1200","status":"TS","lat":14,"lon":-49.3,"wind_kt":60,"pressure_mb":null},{"date":"19160827","time":"1800","status":"HU","lat":14.3,"lon":-51.2,"wind_kt":65,"pressure_mb":null},{"date":"19160828","time":"0000","status":"HU","lat":14.7,"lon":-53.2,"wind_kt":65,"pressure_mb":null},{"date":"19160828","time":"0600","status":"HU","lat":15.1,"lon":-55.2,"wind_kt":70,"pressure_mb":null},{"date":"19160828","time":"1200","status":"HU","lat":15.3,"lon":-57.2,"wind_kt":70,"pressure_mb":null},{"date":"19160828","time":"1800","status":"HU","lat":15.4,"lon":-59.4,"wind_kt":70,"pressure_mb":null},{"date":"19160829","time":"0000","status":"HU","lat":15.5,"lon":-61.6,"wind_kt":70,"pressure_mb":986},{"date":"19160829","time":"0600","status":"HU","lat":15.6,"lon":-63.8,"wind_kt":70,"pressure_mb":null},{"date":"19160829","time":"1200","status":"HU","lat":15.6,"lon":-66,"wind_kt":70,"pressure_mb":null},{"date":"19160829","time":"1800","status":"HU","lat":15.7,"lon":-68.1,"wind_kt":70,"pressure_mb":null},{"date":"19160830","time":"0000","status":"HU","lat":15.9,"lon":-70.2,"wind_kt":70,"pressure_mb":null},{"date":"19160830","time":"0600","status":"HU","lat":16,"lon":-72.2,"wind_kt":65,"pressure_mb":null},{"date":"19160830","time":"1200","status":"TS","lat":16.2,"lon":-74.2,"wind_kt":60,"pressure_mb":null},{"date":"19160830","time":"1800","status":"TS","lat":16.6,"lon":-76.2,"wind_kt":55,"pressure_mb":null},{"date":"19160831","time":"0000","status":"TS","lat":16.8,"lon":-78.2,"wind_kt":50,"pressure_mb":null},{"date":"19160831","time":"0600","status":"TS","lat":17,"lon":-80.1,"wind_kt":45,"pressure_mb":null},{"date":"19160831","time":"1200","status":"TS","lat":17.4,"lon":-82,"wind_kt":40,"pressure_mb":null},{"date":"19160831","time":"1800","status":"TS","lat":17.7,"lon":-83.2,"wind_kt":40,"pressure_mb":null},{"date":"19160901","time":"0000","status":"TS","lat":18,"lon":-84.3,"wind_kt":40,"pressure_mb":null},{"date":"19160901","time":"0600","status":"TS","lat":18.1,"lon":-85.4,"wind_kt":45,"pressure_mb":null},{"date":"19160901","time":"1200","status":"TS","lat":18.2,"lon":-86.5,"wind_kt":50,"pressure_mb":null},{"date":"19160901","time":"1800","status":"TS","lat":18.1,"lon":-87.6,"wind_kt":50,"pressure_mb":null},{"date":"19160902","time":"0000","status":"TS","lat":17.9,"lon":-88.7,"wind_kt":40,"pressure_mb":null},{"date":"19160902","time":"0600","status":"TS","lat":17.5,"lon":-89.8,"wind_kt":35,"pressure_mb":null},{"date":"19160902","time":"1200","status":"TD","lat":17,"lon":-91,"wind_kt":30,"pressure_mb":null}]}},{"type":"Feature","geometry":{"type":"LineString","coordinates":[[-75.5,24.2],[-76.5,25.9],[-77.4,27.5],[-78.1,29],[-78.5,30.5],[-78.6,31.7],[-78.5,32.8],[-78.3,33.9],[-78.1,35],[-77.7,35.9],[-77,36.5]]},"properties":{"id":"hur-al091916","event_type":"hurricane","name":null,"year":1916,"max_wind_kt":45,"min_pressure_mb":null,"category":0,"preliminary":false,"start_date":"19160904","end_date":"19160907","track":[{"date":"19160904","time":"1200","status":"TS","lat":24.2,"lon":-75.5,"wind_kt":35,"pressure_mb":null},{"date":"19160904","time":"1800","status":"TS","lat":25.9,"lon":-76.5,"wind_kt":35,"pressure_mb":null},{"date":"19160905","time":"0000","status":"TS","lat":27.5,"lon":-77.4,"wind_kt":40,"pressure_mb":null},{"date":"19160905","time":"0600","status":"TS","lat":29,"lon":-78.1,"wind_kt":40,"pressure_mb":null},{"date":"19160905","time":"1200","status":"TS","lat":30.5,"lon":-78.5,"wind_kt":45,"pressure_mb":null},{"date":"19160905","time":"1800","status":"TS","lat":31.7,"lon":-78.6,"wind_kt":45,"pressure_mb":null},{"date":"19160906","time":"0000","status":"TS","lat":32.8,"lon":-78.5,"wind_kt":45,"pressure_mb":null},{"date":"19160906","time":"0600","status":"TS","lat":33.9,"lon":-78.3,"wind_kt":45,"pressure_mb":null},{"date":"19160906","time":"1200","status":"TS","lat":35,"lon":-78.1,"wind_kt":35,"pressure_mb":null},{"date":"19160906","time":"1800","status":"TD","lat":35.9,"lon":-77.7,"wind_kt":30,"pressure_mb":null},{"date":"19160907","time":"0000","status":"TD","lat":36.5,"lon":-77,"wind_kt":25,"pressure_mb":null}]}},{"type":"Feature","geometry":{"type":"LineString","coordinates":[[-56,20.5],[-57.2,20.7],[-58.4,20.8],[-59.6,20.9],[-60.7,21],[-61.6,21.1],[-62.5,21.2],[-63.4,21.3],[-64,21.5],[-64.1,22],[-63.9,22.7],[-63.5,23.7],[-63,24.8],[-62.5,26],[-62,27.2],[-61.5,28.5],[-61,29.7],[-60.1,30.7],[-58.9,31.7],[-57.4,32.7],[-55.9,33.7],[-54.6,34.6],[-53.2,35.4],[-51.9,36.2],[-50.5,37],[-49,37.6],[-47.5,38],[-46,38.3],[-44.5,38.6],[-43.1,38.7],[-41.8,38.7],[-40.6,38.7],[-39.5,38.7],[-38.5,38.7],[-37.5,38.7]]},"properties":{"id":"hur-al101916","event_type":"hurricane","name":null,"year":1916,"max_wind_kt":75,"min_pressure_mb":null,"category":1,"preliminary":false,"start_date":"19160913","end_date":"19160922","track":[{"date":"19160913","time":"1200","status":"TD","lat":20.5,"lon":-56,"wind_kt":30,"pressure_mb":null},{"date":"19160913","time":"1800","status":"TD","lat":20.7,"lon":-57.2,"wind_kt":30,"pressure_mb":null},{"date":"19160914","time":"0000","status":"TD","lat":20.8,"lon":-58.4,"wind_kt":30,"pressure_mb":null},{"date":"19160914","time":"0600","status":"TS","lat":20.9,"lon":-59.6,"wind_kt":35,"pressure_mb":null},{"date":"19160914","time":"1200","status":"TS","lat":21,"lon":-60.7,"wind_kt":35,"pressure_mb":null},{"date":"19160914","time":"1800","status":"TS","lat":21.1,"lon":-61.6,"wind_kt":35,"pressure_mb":null},{"date":"19160915","time":"0000","status":"TS","lat":21.2,"lon":-62.5,"wind_kt":35,"pressure_mb":null},{"date":"19160915","time":"0600","status":"TS","lat":21.3,"lon":-63.4,"wind_kt":40,"pressure_mb":null},{"date":"19160915","time":"1200","status":"TS","lat":21.5,"lon":-64,"wind_kt":40,"pressure_mb":null},{"date":"19160915","time":"1800","status":"TS","lat":22,"lon":-64.1,"wind_kt":40,"pressure_mb":null},{"date":"19160916","time":"0000","status":"TS","lat":22.7,"lon":-63.9,"wind_kt":40,"pressure_mb":null},{"date":"19160916","time":"0600","status":"TS","lat":23.7,"lon":-63.5,"wind_kt":40,"pressure_mb":null},{"date":"19160916","time":"1200","status":"TS","lat":24.8,"lon":-63,"wind_kt":40,"pressure_mb":null},{"date":"19160916","time":"1800","status":"TS","lat":26,"lon":-62.5,"wind_kt":40,"pressure_mb":null},{"date":"19160917","time":"0000","status":"TS","lat":27.2,"lon":-62,"wind_kt":45,"pressure_mb":null},{"date":"19160917","time":"0600","status":"TS","lat":28.5,"lon":-61.5,"wind_kt":50,"pressure_mb":null},{"date":"19160917","time":"1200","status":"TS","lat":29.7,"lon":-61,"wind_kt":55,"pressure_mb":null},{"date":"19160917","time":"1800","status":"TS","lat":30.7,"lon":-60.1,"wind_kt":60,"pressure_mb":null},{"date":"19160918","time":"0000","status":"HU","lat":31.7,"lon":-58.9,"wind_kt":65,"pressure_mb":null},{"date":"19160918","time":"0600","status":"HU","lat":32.7,"lon":-57.4,"wind_kt":70,"pressure_mb":null},{"date":"19160918","time":"1200","status":"HU","lat":33.7,"lon":-55.9,"wind_kt":75,"pressure_mb":null},{"date":"19160918","time":"1800","status":"HU","lat":34.6,"lon":-54.6,"wind_kt":75,"pressure_mb":null},{"date":"19160919","time":"0000","status":"HU","lat":35.4,"lon":-53.2,"wind_kt":75,"pressure_mb":null},{"date":"19160919","time":"0600","status":"HU","lat":36.2,"lon":-51.9,"wind_kt":75,"pressure_mb":null},{"date":"19160919","time":"1200","status":"HU","lat":37,"lon":-50.5,"wind_kt":70,"pressure_mb":null},{"date":"19160919","time":"1800","status":"HU","lat":37.6,"lon":-49,"wind_kt":70,"pressure_mb":null},{"date":"19160920","time":"0000","status":"HU","lat":38,"lon":-47.5,"wind_kt":70,"pressure_mb":null},{"date":"19160920","time":"0600","status":"HU","lat":38.3,"lon":-46,"wind_kt":65,"pressure_mb":null},{"date":"19160920","time":"1200","status":"HU","lat":38.6,"lon":-44.5,"wind_kt":65,"pressure_mb":null},{"date":"19160920","time":"1800","status":"TS","lat":38.7,"lon":-43.1,"wind_kt":60,"pressure_mb":null},{"date":"19160921","time":"0000","status":"TS","lat":38.7,"lon":-41.8,"wind_kt":50,"pressure_mb":null},{"date":"19160921","time":"0600","status":"TS","lat":38.7,"lon":-40.6,"wind_kt":40,"pressure_mb":null},{"date":"19160921","time":"1200","status":"TS","lat":38.7,"lon":-39.5,"wind_kt":35,"pressure_mb":null},{"date":"19160921","time":"1800","status":"TD","lat":38.7,"lon":-38.5,"wind_kt":30,"pressure_mb":null},{"date":"19160922","time":"0000","status":"EX","lat":38.7,"lon":-37.5,"wind_kt":25,"pressure_mb":null}]}},{"type":"Feature","geometry":{"type":"LineString","coordinates":[[-45.5,13],[-46.7,13.5],[-47.7,14],[-48.8,14.5],[-50,15],[-51.3,15.5],[-52.5,16.1],[-53.8,16.8],[-55,17.5],[-56.3,18.1],[-57.7,18.7],[-59.2,19.3],[-60.7,20],[-62.1,20.7],[-63.4,21.3],[-64.6,21.9],[-65.5,22.5],[-66.2,23.2],[-66.7,24],[-67.1,24.9],[-67.5,25.8],[-67.7,26.8],[-67.8,27.9],[-67.8,29.1],[-67.5,30.5],[-67,32],[-65.5,33.7],[-63.8,35.5],[-61.7,37.5],[-59.5,39.5],[-57,42]]},"properties":{"id":"hur-al111916","event_type":"hurricane","name":null,"year":1916,"max_wind_kt":105,"min_pressure_mb":null,"category":3,"preliminary":false,"start_date":"19160917","end_date":"19160925","track":[{"date":"19160917","time":"1200","status":"TS","lat":13,"lon":-45.5,"wind_kt":35,"pressure_mb":null},{"date":"19160917","time":"1800","status":"TS","lat":13.5,"lon":-46.7,"wind_kt":35,"pressure_mb":null},{"date":"19160918","time":"0000","status":"TS","lat":14,"lon":-47.7,"wind_kt":40,"pressure_mb":null},{"date":"19160918","time":"0600","status":"TS","lat":14.5,"lon":-48.8,"wind_kt":45,"pressure_mb":null},{"date":"19160918","time":"1200","status":"TS","lat":15,"lon":-50,"wind_kt":50,"pressure_mb":null},{"date":"19160918","time":"1800","status":"TS","lat":15.5,"lon":-51.3,"wind_kt":50,"pressure_mb":null},{"date":"19160919","time":"0000","status":"TS","lat":16.1,"lon":-52.5,"wind_kt":55,"pressure_mb":null},{"date":"19160919","time":"0600","status":"TS","lat":16.8,"lon":-53.8,"wind_kt":55,"pressure_mb":null},{"date":"19160919","time":"1200","status":"TS","lat":17.5,"lon":-55,"wind_kt":60,"pressure_mb":null},{"date":"19160919","time":"1800","status":"HU","lat":18.1,"lon":-56.3,"wind_kt":65,"pressure_mb":null},{"date":"19160920","time":"0000","status":"HU","lat":18.7,"lon":-57.7,"wind_kt":70,"pressure_mb":null},{"date":"19160920","time":"0600","status":"HU","lat":19.3,"lon":-59.2,"wind_kt":75,"pressure_mb":null},{"date":"19160920","time":"1200","status":"HU","lat":20,"lon":-60.7,"wind_kt":80,"pressure_mb":null},{"date":"19160920","time":"1800","status":"HU","lat":20.7,"lon":-62.1,"wind_kt":80,"pressure_mb":null},{"date":"19160921","time":"0000","status":"HU","lat":21.3,"lon":-63.4,"wind_kt":85,"pressure_mb":null},{"date":"19160921","time":"0600","status":"HU","lat":21.9,"lon":-64.6,"wind_kt":85,"pressure_mb":null},{"date":"19160921","time":"1200","status":"HU","lat":22.5,"lon":-65.5,"wind_kt":90,"pressure_mb":null},{"date":"19160921","time":"1800","status":"HU","lat":23.2,"lon":-66.2,"wind_kt":90,"pressure_mb":null},{"date":"19160922","time":"0000","status":"HU","lat":24,"lon":-66.7,"wind_kt":95,"pressure_mb":null},{"date":"19160922","time":"0600","status":"HU","lat":24.9,"lon":-67.1,"wind_kt":100,"pressure_mb":null},{"date":"19160922","time":"1200","status":"HU","lat":25.8,"lon":-67.5,"wind_kt":105,"pressure_mb":null},{"date":"19160922","time":"1800","status":"HU","lat":26.8,"lon":-67.7,"wind_kt":105,"pressure_mb":null},{"date":"19160923","time":"0000","status":"HU","lat":27.9,"lon":-67.8,"wind_kt":105,"pressure_mb":null},{"date":"19160923","time":"0600","status":"HU","lat":29.1,"lon":-67.8,"wind_kt":105,"pressure_mb":null},{"date":"19160923","time":"1200","status":"HU","lat":30.5,"lon":-67.5,"wind_kt":105,"pressure_mb":null},{"date":"19160923","time":"1800","status":"HU","lat":32,"lon":-67,"wind_kt":105,"pressure_mb":null},{"date":"19160924","time":"0000","status":"HU","lat":33.7,"lon":-65.5,"wind_kt":100,"pressure_mb":null},{"date":"19160924","time":"0600","status":"HU","lat":35.5,"lon":-63.8,"wind_kt":95,"pressure_mb":null},{"date":"19160924","time":"1200","status":"HU","lat":37.5,"lon":-61.7,"wind_kt":85,"pressure_mb":null},{"date":"19160924","time":"1800","status":"HU","lat":39.5,"lon":-59.5,"wind_kt":75,"pressure_mb":null},{"date":"19160925","time":"0000","status":"EX","lat":42,"lon":-57,"wind_kt":60,"pressure_mb":null}]}},{"type":"Feature","geometry":{"type":"LineString","coordinates":[[-74.6,26.5],[-75,27.1],[-75.4,27.8],[-75.8,28.6],[-76.2,29.4],[-76.5,30],[-76.8,30.5],[-77.2,31],[-77.7,31.4],[-78.4,31.7],[-80.1,31.6],[-81.4,31.5],[-83,31.4]]},"properties":{"id":"hur-al121916","event_type":"hurricane","name":null,"year":1916,"max_wind_kt":50,"min_pressure_mb":1000,"category":0,"preliminary":false,"start_date":"19161002","end_date":"19161005","track":[{"date":"19161002","time":"0600","status":"TS","lat":26.5,"lon":-74.6,"wind_kt":40,"pressure_mb":null},{"date":"19161002","time":"1200","status":"TS","lat":27.1,"lon":-75,"wind_kt":40,"pressure_mb":null},{"date":"19161002","time":"1800","status":"TS","lat":27.8,"lon":-75.4,"wind_kt":40,"pressure_mb":null},{"date":"19161003","time":"0000","status":"TS","lat":28.6,"lon":-75.8,"wind_kt":45,"pressure_mb":null},{"date":"19161003","time":"0600","status":"TS","lat":29.4,"lon":-76.2,"wind_kt":45,"pressure_mb":null},{"date":"19161003","time":"1200","status":"TS","lat":30,"lon":-76.5,"wind_kt":50,"pressure_mb":null},{"date":"19161003","time":"1800","status":"TS","lat":30.5,"lon":-76.8,"wind_kt":50,"pressure_mb":null},{"date":"19161004","time":"0000","status":"TS","lat":31,"lon":-77.2,"wind_kt":50,"pressure_mb":null},{"date":"19161004","time":"0600","status":"TS","lat":31.4,"lon":-77.7,"wind_kt":50,"pressure_mb":null},{"date":"19161004","time":"1200","status":"TS","lat":31.7,"lon":-78.4,"wind_kt":50,"pressure_mb":1000},{"date":"19161004","time":"1800","status":"TS","lat":31.6,"lon":-80.1,"wind_kt":50,"pressure_mb":null},{"date":"19161004","time":"2100","status":"TS","lat":31.5,"lon":-81.4,"wind_kt":50,"pressure_mb":null},{"date":"19161005","time":"0000","status":"TD","lat":31.4,"lon":-83,"wind_kt":30,"pressure_mb":null}]}},{"type":"Feature","geometry":{"type":"LineString","coordinates":[[-59.2,11.7],[-59.5,12.1],[-59.8,12.5],[-60.2,12.9],[-60.6,13.2],[-61,13.5],[-61.5,13.7],[-62,13.9],[-62.5,14.2],[-63,14.5],[-63.3,15],[-63.6,15.5],[-63.9,16],[-64.2,16.5],[-64.4,17.3],[-64.5,18.4],[-64.6,19.7],[-64.7,20.9],[-64.7,21.9],[-64.7,22.9],[-64.6,23.9],[-64.5,24.8],[-64.2,25.6],[-63.8,26.3],[-63.3,27.1],[-62.5,27.9],[-61.2,28.9],[-59.2,30],[-57.1,31.2],[-55,32.5],[-52.8,34.3],[-50.6,36.8],[-48.3,39.6],[-46,42.5],[-43.5,45.5],[-41.1,48.5]]},"properties":{"id":"hur-al131916","event_type":"hurricane","name":null,"year":1916,"max_wind_kt":105,"min_pressure_mb":963,"category":3,"preliminary":false,"start_date":"19161006","end_date":"19161015","track":[{"date":"19161006","time":"0600","status":"TD","lat":11.7,"lon":-59.2,"wind_kt":30,"pressure_mb":null},{"date":"19161006","time":"1200","status":"TD","lat":12.1,"lon":-59.5,"wind_kt":30,"pressure_mb":null},{"date":"19161006","time":"1800","status":"TD","lat":12.5,"lon":-59.8,"wind_kt":30,"pressure_mb":null},{"date":"19161007","time":"0000","status":"TD","lat":12.9,"lon":-60.2,"wind_kt":30,"pressure_mb":null},{"date":"19161007","time":"0600","status":"TD","lat":13.2,"lon":-60.6,"wind_kt":30,"pressure_mb":null},{"date":"19161007","time":"1200","status":"TS","lat":13.5,"lon":-61,"wind_kt":35,"pressure_mb":null},{"date":"19161007","time":"1800","status":"TS","lat":13.7,"lon":-61.5,"wind_kt":40,"pressure_mb":null},{"date":"19161008","time":"0000","status":"TS","lat":13.9,"lon":-62,"wind_kt":45,"pressure_mb":null},{"date":"19161008","time":"0600","status":"TS","lat":14.2,"lon":-62.5,"wind_kt":50,"pressure_mb":null},{"date":"19161008","time":"1200","status":"TS","lat":14.5,"lon":-63,"wind_kt":55,"pressure_mb":null},{"date":"19161008","time":"1800","status":"TS","lat":15,"lon":-63.3,"wind_kt":60,"pressure_mb":null},{"date":"19161009","time":"0000","status":"HU","lat":15.5,"lon":-63.6,"wind_kt":65,"pressure_mb":null},{"date":"19161009","time":"0600","status":"HU","lat":16,"lon":-63.9,"wind_kt":75,"pressure_mb":null},{"date":"19161009","time":"1200","status":"HU","lat":16.5,"lon":-64.2,"wind_kt":85,"pressure_mb":null},{"date":"19161009","time":"1800","status":"HU","lat":17.3,"lon":-64.4,"wind_kt":95,"pressure_mb":963},{"date":"19161010","time":"0000","status":"HU","lat":18.4,"lon":-64.5,"wind_kt":95,"pressure_mb":null},{"date":"19161010","time":"0600","status":"HU","lat":19.7,"lon":-64.6,"wind_kt":95,"pressure_mb":null},{"date":"19161010","time":"1200","status":"HU","lat":20.9,"lon":-64.7,"wind_kt":95,"pressure_mb":null},{"date":"19161010","time":"1800","status":"HU","lat":21.9,"lon":-64.7,"wind_kt":95,"pressure_mb":null},{"date":"19161011","time":"0000","status":"HU","lat":22.9,"lon":-64.7,"wind_kt":95,"pressure_mb":null},{"date":"19161011","time":"0600","status":"HU","lat":23.9,"lon":-64.6,"wind_kt":95,"pressure_mb":null},{"date":"19161011","time":"1200","status":"HU","lat":24.8,"lon":-64.5,"wind_kt":100,"pressure_mb":null},{"date":"19161011","time":"1800","status":"HU","lat":25.6,"lon":-64.2,"wind_kt":100,"pressure_mb":null},{"date":"19161012","time":"0000","status":"HU","lat":26.3,"lon":-63.8,"wind_kt":100,"pressure_mb":null},{"date":"19161012","time":"0600","status":"HU","lat":27.1,"lon":-63.3,"wind_kt":100,"pressure_mb":null},{"date":"19161012","time":"1200","status":"HU","lat":27.9,"lon":-62.5,"wind_kt":105,"pressure_mb":null},{"date":"19161012","time":"1800","status":"HU","lat":28.9,"lon":-61.2,"wind_kt":105,"pressure_mb":null},{"date":"19161013","time":"0000","status":"HU","lat":30,"lon":-59.2,"wind_kt":100,"pressure_mb":null},{"date":"19161013","time":"0600","status":"HU","lat":31.2,"lon":-57.1,"wind_kt":90,"pressure_mb":null},{"date":"19161013","time":"1200","status":"HU","lat":32.5,"lon":-55,"wind_kt":80,"pressure_mb":null},{"date":"19161013","time":"1800","status":"HU","lat":34.3,"lon":-52.8,"wind_kt":75,"pressure_mb":null},{"date":"19161014","time":"0000","status":"EX","lat":36.8,"lon":-50.6,"wind_kt":65,"pressure_mb":null},{"date":"19161014","time":"0600","status":"EX","lat":39.6,"lon":-48.3,"wind_kt":60,"pressure_mb":null},{"date":"19161014","time":"1200","status":"EX","lat":42.5,"lon":-46,"wind_kt":55,"pressure_mb":null},{"date":"19161014","time":"1800","status":"EX","lat":45.5,"lon":-43.5,"wind_kt":50,"pressure_mb":null},{"date":"19161015","time":"0000","status":"EX","lat":48.5,"lon":-41.1,"wind_kt":45,"pressure_mb":null}]}},{"type":"Feature","geometry":{"type":"LineString","coordinates":[[-75.6,18.5],[-76,18],[-76.4,17.6],[-76.8,17.2],[-77.2,16.8],[-77.5,16.5],[-77.8,16.3],[-78,16.1],[-78.2,16],[-78.5,16],[-78.8,16.1],[-79,16.3],[-79.2,16.4],[-79.5,16.5],[-79.7,16.5],[-79.9,16.5],[-80.1,16.5],[-80.5,16.5],[-81.1,16.5],[-81.8,16.5],[-82.7,16.7],[-83.6,17],[-84.5,17.3],[-85.4,17.7],[-86.3,18.1],[-87.2,18.6],[-88.2,19.1],[-89,19.7],[-89.9,20.3],[-90.5,21],[-90.7,21.7],[-90.8,22.4],[-90.6,23.2],[-90.3,24],[-89.7,25.2],[-89,26.5],[-88.2,27.9],[-87.5,29.6],[-87.4,30.4],[-87.2,31.6],[-87.6,33.9],[-88.2,36.2],[-89,38.5]]},"properties":{"id":"hur-al141916","event_type":"hurricane","name":null,"year":1916,"max_wind_kt":95,"min_pressure_mb":970,"category":2,"preliminary":false,"start_date":"19161009","end_date":"19161019","track":[{"date":"19161009","time":"0600","status":"TD","lat":18.5,"lon":-75.6,"wind_kt":25,"pressure_mb":null},{"date":"19161009","time":"1200","status":"TD","lat":18,"lon":-76,"wind_kt":25,"pressure_mb":null},{"date":"19161009","time":"1800","status":"TD","lat":17.6,"lon":-76.4,"wind_kt":25,"pressure_mb":null},{"date":"19161010","time":"0000","status":"TD","lat":17.2,"lon":-76.8,"wind_kt":30,"pressure_mb":null},{"date":"19161010","time":"0600","status":"TD","lat":16.8,"lon":-77.2,"wind_kt":30,"pressure_mb":null},{"date":"19161010","time":"1200","status":"TD","lat":16.5,"lon":-77.5,"wind_kt":30,"pressure_mb":null},{"date":"19161010","time":"1800","status":"TD","lat":16.3,"lon":-77.8,"wind_kt":30,"pressure_mb":null},{"date":"19161011","time":"0000","status":"TD","lat":16.1,"lon":-78,"wind_kt":30,"pressure_mb":null},{"date":"19161011","time":"0600","status":"TD","lat":16,"lon":-78.2,"wind_kt":30,"pressure_mb":null},{"date":"19161011","time":"1200","status":"TD","lat":16,"lon":-78.5,"wind_kt":30,"pressure_mb":null},{"date":"19161011","time":"1800","status":"TD","lat":16.1,"lon":-78.8,"wind_kt":30,"pressure_mb":null},{"date":"19161012","time":"0000","status":"TS","lat":16.3,"lon":-79,"wind_kt":35,"pressure_mb":null},{"date":"19161012","time":"0600","status":"TS","lat":16.4,"lon":-79.2,"wind_kt":40,"pressure_mb":null},{"date":"19161012","time":"1200","status":"TS","lat":16.5,"lon":-79.5,"wind_kt":45,"pressure_mb":null},{"date":"19161012","time":"1800","status":"TS","lat":16.5,"lon":-79.7,"wind_kt":50,"pressure_mb":null},{"date":"19161013","time":"0000","status":"TS","lat":16.5,"lon":-79.9,"wind_kt":55,"pressure_mb":null},{"date":"19161013","time":"0600","status":"TS","lat":16.5,"lon":-80.1,"wind_kt":60,"pressure_mb":null},{"date":"19161013","time":"1200","status":"HU","lat":16.5,"lon":-80.5,"wind_kt":65,"pressure_mb":null},{"date":"19161013","time":"1800","status":"HU","lat":16.5,"lon":-81.1,"wind_kt":75,"pressure_mb":null},{"date":"19161014","time":"0000","status":"HU","lat":16.5,"lon":-81.8,"wind_kt":85,"pressure_mb":null},{"date":"19161014","time":"0600","status":"HU","lat":16.7,"lon":-82.7,"wind_kt":95,"pressure_mb":null},{"date":"19161014","time":"1200","status":"HU","lat":17,"lon":-83.6,"wind_kt":95,"pressure_mb":null},{"date":"19161014","time":"1800","status":"HU","lat":17.3,"lon":-84.5,"wind_kt":95,"pressure_mb":null},{"date":"19161015","time":"0000","status":"HU","lat":17.7,"lon":-85.4,"wind_kt":95,"pressure_mb":null},{"date":"19161015","time":"0600","status":"HU","lat":18.1,"lon":-86.3,"wind_kt":95,"pressure_mb":null},{"date":"19161015","time":"1200","status":"HU","lat":18.6,"lon":-87.2,"wind_kt":95,"pressure_mb":null},{"date":"19161015","time":"1800","status":"HU","lat":19.1,"lon":-88.2,"wind_kt":65,"pressure_mb":null},{"date":"19161016","time":"0000","status":"TS","lat":19.7,"lon":-89,"wind_kt":50,"pressure_mb":null},{"date":"19161016","time":"0600","status":"TS","lat":20.3,"lon":-89.9,"wind_kt":40,"pressure_mb":null},{"date":"19161016","time":"1200","status":"TS","lat":21,"lon":-90.5,"wind_kt":40,"pressure_mb":null},{"date":"19161016","time":"1800","status":"TS","lat":21.7,"lon":-90.7,"wind_kt":50,"pressure_mb":null},{"date":"19161017","time":"0000","status":"TS","lat":22.4,"lon":-90.8,"wind_kt":60,"pressure_mb":null},{"date":"19161017","time":"0600","status":"HU","lat":23.2,"lon":-90.6,"wind_kt":70,"pressure_mb":null},{"date":"19161017","time":"1200","status":"HU","lat":24,"lon":-90.3,"wind_kt":80,"pressure_mb":null},{"date":"19161017","time":"1800","status":"HU","lat":25.2,"lon":-89.7,"wind_kt":85,"pressure_mb":null},{"date":"19161018","time":"0000","status":"HU","lat":26.5,"lon":-89,"wind_kt":90,"pressure_mb":null},{"date":"19161018","time":"0600","status":"HU","lat":27.9,"lon":-88.2,"wind_kt":95,"pressure_mb":null},{"date":"19161018","time":"1200","status":"HU","lat":29.6,"lon":-87.5,"wind_kt":95,"pressure_mb":970},{"date":"19161018","time":"1400","status":"HU","lat":30.4,"lon":-87.4,"wind_kt":95,"pressure_mb":970},{"date":"19161018","time":"1800","status":"HU","lat":31.6,"lon":-87.2,"wind_kt":65,"pressure_mb":null},{"date":"19161019","time":"0000","status":"TS","lat":33.9,"lon":-87.6,"wind_kt":45,"pressure_mb":null},{"date":"19161019","time":"0600","status":"TD","lat":36.2,"lon":-88.2,"wind_kt":30,"pressure_mb":null},{"date":"19161019","time":"1200","status":"EX","lat":38.5,"lon":-89,"wind_kt":25,"pressure_mb":null}]}},{"type":"Feature","geometry":{"type":"LineString","coordinates":[[-75.5,12.3],[-76.5,12.4],[-77.5,12.5],[-78.5,12.6],[-79.5,12.7],[-80.5,12.8],[-81.5,13],[-82.5,13.6],[-83.4,14.6],[-84.1,15.7],[-84.7,16.8],[-85.2,17.7],[-85.6,18.6],[-85.9,19.3],[-86,20],[-86,20.8],[-86,21.6],[-85.9,22.3],[-85.7,23.1],[-83.2,24.2],[-80.2,25.5],[-77,27]]},"properties":{"id":"hur-al151916","event_type":"hurricane","name":null,"year":1916,"max_wind_kt":60,"min_pressure_mb":1002,"category":0,"preliminary":false,"start_date":"19161111","end_date":"19161116","track":[{"date":"19161111","time":"0000","status":"TD","lat":12.3,"lon":-75.5,"wind_kt":30,"pressure_mb":null},{"date":"19161111","time":"0600","status":"TD","lat":12.4,"lon":-76.5,"wind_kt":30,"pressure_mb":null},{"date":"19161111","time":"1200","status":"TD","lat":12.5,"lon":-77.5,"wind_kt":30,"pressure_mb":null},{"date":"19161111","time":"1800","status":"TD","lat":12.6,"lon":-78.5,"wind_kt":30,"pressure_mb":null},{"date":"19161112","time":"0000","status":"TS","lat":12.7,"lon":-79.5,"wind_kt":35,"pressure_mb":null},{"date":"19161112","time":"0600","status":"TS","lat":12.8,"lon":-80.5,"wind_kt":35,"pressure_mb":null},{"date":"19161112","time":"1200","status":"TS","lat":13,"lon":-81.5,"wind_kt":40,"pressure_mb":null},{"date":"19161112","time":"1800","status":"TS","lat":13.6,"lon":-82.5,"wind_kt":45,"pressure_mb":null},{"date":"19161113","time":"0000","status":"TS","lat":14.6,"lon":-83.4,"wind_kt":40,"pressure_mb":null},{"date":"19161113","time":"0600","status":"TS","lat":15.7,"lon":-84.1,"wind_kt":35,"pressure_mb":null},{"date":"19161113","time":"1200","status":"TS","lat":16.8,"lon":-84.7,"wind_kt":45,"pressure_mb":1002},{"date":"19161113","time":"1800","status":"TS","lat":17.7,"lon":-85.2,"wind_kt":50,"pressure_mb":null},{"date":"19161114","time":"0000","status":"TS","lat":18.6,"lon":-85.6,"wind_kt":55,"pressure_mb":null},{"date":"19161114","time":"0600","status":"TS","lat":19.3,"lon":-85.9,"wind_kt":60,"pressure_mb":null},{"date":"19161114","time":"1200","status":"TS","lat":20,"lon":-86,"wind_kt":60,"pressure_mb":null},{"date":"19161114","time":"1800","status":"TS","lat":20.8,"lon":-86,"wind_kt":60,"pressure_mb":null},{"date":"19161115","time":"0000","status":"TS","lat":21.6,"lon":-86,"wind_kt":60,"pressure_mb":null},{"date":"19161115","time":"0600","status":"TS","lat":22.3,"lon":-85.9,"wind_kt":60,"pressure_mb":null},{"date":"19161115","time":"1200","status":"EX","lat":23.1,"lon":-85.7,"wind_kt":55,"pressure_mb":null},{"date":"19161115","time":"1800","status":"EX","lat":24.2,"lon":-83.2,"wind_kt":55,"pressure_mb":1006},{"date":"19161116","time":"0000","status":"EX","lat":25.5,"lon":-80.2,"wind_kt":50,"pressure_mb":null},{"date":"19161116","time":"0600","status":"EX","lat":27,"lon":-77,"wind_kt":45,"pressure_mb":null}]}},{"type":"Feature","geometry":{"type":"LineString","coordinates":[[-59,12],[-60.5,12.2],[-62,12.5],[-63.5,12.7],[-65,13],[-66.3,13.2],[-67.6,13.5],[-68.8,13.7],[-70,14],[-71.2,14.2],[-72.4,14.5],[-73.7,14.7],[-75,15],[-76.5,15.2],[-78,15.3],[-79.5,15.4],[-81,15.5],[-82.5,15.6],[-84,15.7],[-85.3,15.8],[-86.5,16],[-87.5,16.5],[-88.2,17],[-88.5,17.5],[-89,18],[-89.8,18.5],[-90.8,19],[-91.9,19.5],[-93,20],[-94.2,20.5],[-95.4,21],[-96.7,21.5],[-98,22]]},"properties":{"id":"hur-al011917","event_type":"hurricane","name":null,"year":1917,"max_wind_kt":45,"min_pressure_mb":null,"category":0,"preliminary":false,"start_date":"19170706","end_date":"19170714","track":[{"date":"19170706","time":"1200","status":"TD","lat":12,"lon":-59,"wind_kt":25,"pressure_mb":null},{"date":"19170706","time":"1800","status":"TD","lat":12.2,"lon":-60.5,"wind_kt":25,"pressure_mb":null},{"date":"19170707","time":"0000","status":"TD","lat":12.5,"lon":-62,"wind_kt":30,"pressure_mb":null},{"date":"19170707","time":"0600","status":"TD","lat":12.7,"lon":-63.5,"wind_kt":30,"pressure_mb":null},{"date":"19170707","time":"1200","status":"TS","lat":13,"lon":-65,"wind_kt":35,"pressure_mb":null},{"date":"19170707","time":"1800","status":"TS","lat":13.2,"lon":-66.3,"wind_kt":35,"pressure_mb":null},{"date":"19170708","time":"0000","status":"TS","lat":13.5,"lon":-67.6,"wind_kt":40,"pressure_mb":null},{"date":"19170708","time":"0600","status":"TS","lat":13.7,"lon":-68.8,"wind_kt":40,"pressure_mb":null},{"date":"19170708","time":"1200","status":"TS","lat":14,"lon":-70,"wind_kt":45,"pressure_mb":null},{"date":"19170708","time":"1800","status":"TS","lat":14.2,"lon":-71.2,"wind_kt":45,"pressure_mb":null},{"date":"19170709","time":"0000","status":"TS","lat":14.5,"lon":-72.4,"wind_kt":40,"pressure_mb":null},{"date":"19170709","time":"0600","status":"TS","lat":14.7,"lon":-73.7,"wind_kt":40,"pressure_mb":null},{"date":"19170709","time":"1200","status":"TS","lat":15,"lon":-75,"wind_kt":35,"pressure_mb":null},{"date":"19170709","time":"1800","status":"TS","lat":15.2,"lon":-76.5,"wind_kt":35,"pressure_mb":null},{"date":"19170710","time":"0000","status":"TD","lat":15.3,"lon":-78,"wind_kt":30,"pressure_mb":null},{"date":"19170710","time":"0600","status":"TD","lat":15.4,"lon":-79.5,"wind_kt":30,"pressure_mb":null},{"date":"19170710","time":"1200","status":"TD","lat":15.5,"lon":-81,"wind_kt":30,"pressure_mb":null},{"date":"19170710","time":"1800","status":"TD","lat":15.6,"lon":-82.5,"wind_kt":30,"pressure_mb":null},{"date":"19170711","time":"0000","status":"TD","lat":15.7,"lon":-84,"wind_kt":30,"pressure_mb":null},{"date":"19170711","time":"0600","status":"TD","lat":15.8,"lon":-85.3,"wind_kt":30,"pressure_mb":null},{"date":"19170711","time":"1200","status":"TD","lat":16,"lon":-86.5,"wind_kt":30,"pressure_mb":null},{"date":"19170711","time":"1800","status":"TD","lat":16.5,"lon":-87.5,"wind_kt":30,"pressure_mb":null},{"date":"19170712","time":"0000","status":"TD","lat":17,"lon":-88.2,"wind_kt":30,"pressure_mb":null},{"date":"19170712","time":"0600","status":"TD","lat":17.5,"lon":-88.5,"wind_kt":30,"pressure_mb":null},{"date":"19170712","time":"1200","status":"TD","lat":18,"lon":-89,"wind_kt":30,"pressure_mb":null},{"date":"19170712","time":"1800","status":"TD","lat":18.5,"lon":-89.8,"wind_kt":25,"pressure_mb":null},{"date":"19170713","time":"0000","status":"TD","lat":19,"lon":-90.8,"wind_kt":25,"pressure_mb":null},{"date":"19170713","time":"0600","status":"TD","lat":19.5,"lon":-91.9,"wind_kt":30,"pressure_mb":null},{"date":"19170713","time":"1200","status":"TD","lat":20,"lon":-93,"wind_kt":30,"pressure_mb":null},{"date":"19170713","time":"1800","status":"TD","lat":20.5,"lon":-94.2,"wind_kt":30,"pressure_mb":null},{"date":"19170714","time":"0000","status":"TD","lat":21,"lon":-95.4,"wind_kt":30,"pressure_mb":null},{"date":"19170714","time":"0600","status":"TD","lat":21.5,"lon":-96.7,"wind_kt":30,"pressure_mb":null},{"date":"19170714","time":"1200","status":"TD","lat":22,"lon":-98,"wind_kt":25,"pressure_mb":null}]}},{"type":"Feature","geometry":{"type":"LineString","coordinates":[[-67.5,32],[-68,32],[-68.5,32],[-69,32],[-69.4,32],[-69.9,32],[-70.3,32],[-70.7,32],[-71.2,32],[-71.6,32.1],[-72,32.1],[-72.4,32.3],[-72.8,32.5],[-73.2,32.8],[-73.5,33.2],[-73.6,34.1],[-73.3,35.8],[-71.8,38],[-70.2,40.5],[-68,43],[-65,45.7],[-61,48.7],[-57,52],[-53,56]]},"properties":{"id":"hur-al021917","event_type":"hurricane","name":null,"year":1917,"max_wind_kt":60,"min_pressure_mb":null,"category":0,"preliminary":false,"start_date":"19170806","end_date":"19170811","track":[{"date":"19170806","time":"0000","status":"TS","lat":32,"lon":-67.5,"wind_kt":35,"pressure_mb":null},{"date":"19170806","time":"0600","status":"TS","lat":32,"lon":-68,"wind_kt":35,"pressure_mb":null},{"date":"19170806","time":"1200","status":"TS","lat":32,"lon":-68.5,"wind_kt":35,"pressure_mb":null},{"date":"19170806","time":"1800","status":"TS","lat":32,"lon":-69,"wind_kt":35,"pressure_mb":null},{"date":"19170807","time":"0000","status":"TS","lat":32,"lon":-69.4,"wind_kt":35,"pressure_mb":null},{"date":"19170807","time":"0600","status":"TS","lat":32,"lon":-69.9,"wind_kt":35,"pressure_mb":null},{"date":"19170807","time":"1200","status":"TS","lat":32,"lon":-70.3,"wind_kt":35,"pressure_mb":null},{"date":"19170807","time":"1800","status":"TS","lat":32,"lon":-70.7,"wind_kt":35,"pressure_mb":null},{"date":"19170808","time":"0000","status":"TS","lat":32,"lon":-71.2,"wind_kt":40,"pressure_mb":null},{"date":"19170808","time":"0600","status":"TS","lat":32.1,"lon":-71.6,"wind_kt":40,"pressure_mb":null},{"date":"19170808","time":"1200","status":"TS","lat":32.1,"lon":-72,"wind_kt":40,"pressure_mb":null},{"date":"19170808","time":"1800","status":"TS","lat":32.3,"lon":-72.4,"wind_kt":40,"pressure_mb":null},{"date":"19170809","time":"0000","status":"TS","lat":32.5,"lon":-72.8,"wind_kt":45,"pressure_mb":null},{"date":"19170809","time":"0600","status":"TS","lat":32.8,"lon":-73.2,"wind_kt":45,"pressure_mb":null},{"date":"19170809","time":"1200","status":"TS","lat":33.2,"lon":-73.5,"wind_kt":45,"pressure_mb":null},{"date":"19170809","time":"1800","status":"TS","lat":34.1,"lon":-73.6,"wind_kt":50,"pressure_mb":null},{"date":"19170810","time":"0000","status":"TS","lat":35.8,"lon":-73.3,"wind_kt":55,"pressure_mb":null},{"date":"19170810","time":"0600","status":"TS","lat":38,"lon":-71.8,"wind_kt":60,"pressure_mb":null},{"date":"19170810","time":"1200","status":"TS","lat":40.5,"lon":-70.2,"wind_kt":60,"pressure_mb":null},{"date":"19170810","time":"1800","status":"TS","lat":43,"lon":-68,"wind_kt":50,"pressure_mb":null},{"date":"19170811","time":"0000","status":"EX","lat":45.7,"lon":-65,"wind_kt":50,"pressure_mb":null},{"date":"19170811","time":"0600","status":"EX","lat":48.7,"lon":-61,"wind_kt":45,"pressure_mb":null},{"date":"19170811","time":"1200","status":"EX","lat":52,"lon":-57,"wind_kt":35,"pressure_mb":null},{"date":"19170811","time":"1800","status":"EX","lat":56,"lon":-53,"wind_kt":30,"pressure_mb":null}]}},{"type":"Feature","geometry":{"type":"LineString","coordinates":[[-44.5,15.5],[-46,16],[-47.6,16.5],[-49.2,17],[-50.7,17.5],[-52,18],[-53,18.5],[-54,19],[-55,19.6],[-56,20.2],[-57,20.7],[-58,21.3],[-59,21.9],[-60,22.5],[-60.9,23.1],[-61.8,23.8],[-62.6,24.6],[-63.2,25.5],[-63.6,26.6],[-63.8,28],[-63.6,29.6],[-63.1,31.3],[-62.2,32.9],[-60.7,34.5],[-58.5,36.2],[-56.1,37.9],[-53,40.2],[-50.1,43],[-47.6,46.3],[-44.5,49.8],[-41,53],[-37,55.8],[-32.5,58.5],[-28,61],[-23,63]]},"properties":{"id":"hur-al031917","event_type":"hurricane","name":null,"year":1917,"max_wind_kt":105,"min_pressure_mb":null,"category":3,"preliminary":false,"start_date":"19170830","end_date":"19170907","track":[{"date":"19170830","time":"0600","status":"TS","lat":15.5,"lon":-44.5,"wind_kt":60,"pressure_mb":null},{"date":"19170830","time":"1200","status":"TS","lat":16,"lon":-46,"wind_kt":60,"pressure_mb":null},{"date":"19170830","time":"1800","status":"TS","lat":16.5,"lon":-47.6,"wind_kt":60,"pressure_mb":null},{"date":"19170831","time":"0000","status":"TS","lat":17,"lon":-49.2,"wind_kt":60,"pressure_mb":null},{"date":"19170831","time":"0600","status":"HU","lat":17.5,"lon":-50.7,"wind_kt":65,"pressure_mb":null},{"date":"19170831","time":"1200","status":"HU","lat":18,"lon":-52,"wind_kt":70,"pressure_mb":null},{"date":"19170831","time":"1800","status":"HU","lat":18.5,"lon":-53,"wind_kt":70,"pressure_mb":null},{"date":"19170901","time":"0000","status":"HU","lat":19,"lon":-54,"wind_kt":75,"pressure_mb":null},{"date":"19170901","time":"0600","status":"HU","lat":19.6,"lon":-55,"wind_kt":80,"pressure_mb":null},{"date":"19170901","time":"1200","status":"HU","lat":20.2,"lon":-56,"wind_kt":80,"pressure_mb":null},{"date":"19170901","time":"1800","status":"HU","lat":20.7,"lon":-57,"wind_kt":85,"pressure_mb":null},{"date":"19170902","time":"0000","status":"HU","lat":21.3,"lon":-58,"wind_kt":85,"pressure_mb":null},{"date":"19170902","time":"0600","status":"HU","lat":21.9,"lon":-59,"wind_kt":90,"pressure_mb":null},{"date":"19170902","time":"1200","status":"HU","lat":22.5,"lon":-60,"wind_kt":90,"pressure_mb":null},{"date":"19170902","time":"1800","status":"HU","lat":23.1,"lon":-60.9,"wind_kt":90,"pressure_mb":null},{"date":"19170903","time":"0000","status":"HU","lat":23.8,"lon":-61.8,"wind_kt":95,"pressure_mb":null},{"date":"19170903","time":"0600","status":"HU","lat":24.6,"lon":-62.6,"wind_kt":95,"pressure_mb":null},{"date":"19170903","time":"1200","status":"HU","lat":25.5,"lon":-63.2,"wind_kt":95,"pressure_mb":null},{"date":"19170903","time":"1800","status":"HU","lat":26.6,"lon":-63.6,"wind_kt":100,"pressure_mb":null},{"date":"19170904","time":"0000","status":"HU","lat":28,"lon":-63.8,"wind_kt":100,"pressure_mb":null},{"date":"19170904","time":"0600","status":"HU","lat":29.6,"lon":-63.6,"wind_kt":105,"pressure_mb":null},{"date":"19170904","time":"1200","status":"HU","lat":31.3,"lon":-63.1,"wind_kt":105,"pressure_mb":null},{"date":"19170904","time":"1800","status":"HU","lat":32.9,"lon":-62.2,"wind_kt":105,"pressure_mb":null},{"date":"19170905","time":"0000","status":"HU","lat":34.5,"lon":-60.7,"wind_kt":105,"pressure_mb":null},{"date":"19170905","time":"0600","status":"HU","lat":36.2,"lon":-58.5,"wind_kt":100,"pressure_mb":null},{"date":"19170905","time":"1200","status":"HU","lat":37.9,"lon":-56.1,"wind_kt":95,"pressure_mb":null},{"date":"19170905","time":"1800","status":"HU","lat":40.2,"lon":-53,"wind_kt":90,"pressure_mb":null},{"date":"19170906","time":"0000","status":"EX","lat":43,"lon":-50.1,"wind_kt":80,"pressure_mb":null},{"date":"19170906","time":"0600","status":"EX","lat":46.3,"lon":-47.6,"wind_kt":70,"pressure_mb":null},{"date":"19170906","time":"1200","status":"EX","lat":49.8,"lon":-44.5,"wind_kt":55,"pressure_mb":null},{"date":"19170906","time":"1800","status":"EX","lat":53,"lon":-41,"wind_kt":50,"pressure_mb":null},{"date":"19170907","time":"0000","status":"EX","lat":55.8,"lon":-37,"wind_kt":50,"pressure_mb":null},{"date":"19170907","time":"0600","status":"EX","lat":58.5,"lon":-32.5,"wind_kt":50,"pressure_mb":null},{"date":"19170907","time":"1200","status":"EX","lat":61,"lon":-28,"wind_kt":45,"pressure_mb":null},{"date":"19170907","time":"1800","status":"EX","lat":63,"lon":-23,"wind_kt":40,"pressure_mb":null}]}},{"type":"Feature","geometry":{"type":"LineString","coordinates":[[-57.1,13.4],[-58.3,13.7],[-59.5,14],[-60.7,14.3],[-61.9,14.7],[-63.1,15.1],[-64.4,15.5],[-66.1,15.8],[-67.9,16.2],[-69.9,16.5],[-71.6,16.9],[-73.1,17.3],[-74.5,17.7],[-75.9,18.1],[-77.2,18.4],[-78.2,18.8],[-79,19.2],[-79.6,19.6],[-80.2,20.1],[-80.8,20.6],[-81.3,21],[-81.9,21.4],[-82.5,21.8],[-83.2,22.3],[-83.9,22.8],[-84.6,23.3],[-85.2,23.9],[-86,24.4],[-87,24.7],[-88.1,25.1],[-88.9,25.7],[-89.2,26.3],[-89.4,27.1],[-89.2,28],[-88.8,28.8],[-87.9,29.5],[-86.9,30.2],[-86.6,30.4],[-86,30.9],[-85.2,31.5],[-84.4,31.9],[-83.2,32],[-82.5,32]]},"properties":{"id":"hur-al041917","event_type":"hurricane","name":null,"year":1917,"max_wind_kt":130,"min_pressure_mb":928,"category":4,"preliminary":false,"start_date":"19170920","end_date":"19170930","track":[{"date":"19170920","time":"0000","status":"TS","lat":13.4,"lon":-57.1,"wind_kt":40,"pressure_mb":null},{"date":"19170920","time":"0600","status":"TS","lat":13.7,"lon":-58.3,"wind_kt":40,"pressure_mb":null},{"date":"19170920","time":"1200","status":"TS","lat":14,"lon":-59.5,"wind_kt":40,"pressure_mb":null},{"date":"19170920","time":"1800","status":"TS","lat":14.3,"lon":-60.7,"wind_kt":45,"pressure_mb":null},{"date":"19170921","time":"0000","status":"TS","lat":14.7,"lon":-61.9,"wind_kt":50,"pressure_mb":null},{"date":"19170921","time":"0600","status":"TS","lat":15.1,"lon":-63.1,"wind_kt":55,"pressure_mb":null},{"date":"19170921","time":"1200","status":"TS","lat":15.5,"lon":-64.4,"wind_kt":60,"pressure_mb":null},{"date":"19170921","time":"1800","status":"HU","lat":15.8,"lon":-66.1,"wind_kt":65,"pressure_mb":null},{"date":"19170922","time":"0000","status":"HU","lat":16.2,"lon":-67.9,"wind_kt":70,"pressure_mb":null},{"date":"19170922","time":"0600","status":"HU","lat":16.5,"lon":-69.9,"wind_kt":75,"pressure_mb":null},{"date":"19170922","time":"1200","status":"HU","lat":16.9,"lon":-71.6,"wind_kt":80,"pressure_mb":null},{"date":"19170922","time":"1800","status":"HU","lat":17.3,"lon":-73.1,"wind_kt":85,"pressure_mb":null},{"date":"19170923","time":"0000","status":"HU","lat":17.7,"lon":-74.5,"wind_kt":85,"pressure_mb":null},{"date":"19170923","time":"0600","status":"HU","lat":18.1,"lon":-75.9,"wind_kt":90,"pressure_mb":null},{"date":"19170923","time":"1200","status":"HU","lat":18.4,"lon":-77.2,"wind_kt":90,"pressure_mb":null},{"date":"19170923","time":"1800","status":"HU","lat":18.8,"lon":-78.2,"wind_kt":95,"pressure_mb":null},{"date":"19170924","time":"0000","status":"HU","lat":19.2,"lon":-79,"wind_kt":95,"pressure_mb":null},{"date":"19170924","time":"0600","status":"HU","lat":19.6,"lon":-79.6,"wind_kt":100,"pressure_mb":null},{"date":"19170924","time":"1200","status":"HU","lat":20.1,"lon":-80.2,"wind_kt":100,"pressure_mb":null},{"date":"19170924","time":"1800","status":"HU","lat":20.6,"lon":-80.8,"wind_kt":105,"pressure_mb":null},{"date":"19170925","time":"0000","status":"HU","lat":21,"lon":-81.3,"wind_kt":110,"pressure_mb":null},{"date":"19170925","time":"0600","status":"HU","lat":21.4,"lon":-81.9,"wind_kt":120,"pressure_mb":null},{"date":"19170925","time":"1200","status":"HU","lat":21.8,"lon":-82.5,"wind_kt":130,"pressure_mb":928},{"date":"19170925","time":"1800","status":"HU","lat":22.3,"lon":-83.2,"wind_kt":130,"pressure_mb":null},{"date":"19170926","time":"0000","status":"HU","lat":22.8,"lon":-83.9,"wind_kt":120,"pressure_mb":null},{"date":"19170926","time":"0600","status":"HU","lat":23.3,"lon":-84.6,"wind_kt":120,"pressure_mb":null},{"date":"19170926","time":"1200","status":"HU","lat":23.9,"lon":-85.2,"wind_kt":120,"pressure_mb":null},{"date":"19170926","time":"1800","status":"HU","lat":24.4,"lon":-86,"wind_kt":120,"pressure_mb":null},{"date":"19170927","time":"0000","status":"HU","lat":24.7,"lon":-87,"wind_kt":115,"pressure_mb":null},{"date":"19170927","time":"0600","status":"HU","lat":25.1,"lon":-88.1,"wind_kt":115,"pressure_mb":null},{"date":"19170927","time":"1200","status":"HU","lat":25.7,"lon":-88.9,"wind_kt":110,"pressure_mb":null},{"date":"19170927","time":"1800","status":"HU","lat":26.3,"lon":-89.2,"wind_kt":110,"pressure_mb":null},{"date":"19170928","time":"0000","status":"HU","lat":27.1,"lon":-89.4,"wind_kt":105,"pressure_mb":null},{"date":"19170928","time":"0600","status":"HU","lat":28,"lon":-89.2,"wind_kt":105,"pressure_mb":null},{"date":"19170928","time":"1200","status":"HU","lat":28.8,"lon":-88.8,"wind_kt":105,"pressure_mb":null},{"date":"19170928","time":"1800","status":"HU","lat":29.5,"lon":-87.9,"wind_kt":100,"pressure_mb":null},{"date":"19170929","time":"0000","status":"HU","lat":30.2,"lon":-86.9,"wind_kt":100,"pressure_mb":949},{"date":"19170929","time":"0200","status":"HU","lat":30.4,"lon":-86.6,"wind_kt":100,"pressure_mb":949},{"date":"19170929","time":"0600","status":"HU","lat":30.9,"lon":-86,"wind_kt":75,"pressure_mb":null},{"date":"19170929","time":"1200","status":"TS","lat":31.5,"lon":-85.2,"wind_kt":55,"pressure_mb":null},{"date":"19170929","time":"1800","status":"TS","lat":31.9,"lon":-84.4,"wind_kt":40,"pressure_mb":null},{"date":"19170930","time":"0000","status":"TS","lat":32,"lon":-83.2,"wind_kt":35,"pressure_mb":null},{"date":"19170930","time":"0600","status":"EX","lat":32,"lon":-82.5,"wind_kt":30,"pressure_mb":null}]}},{"type":"Feature","geometry":{"type":"LineString","coordinates":[[-58.5,12.6],[-60.3,12.8],[-62,13],[-63.8,13.2],[-65.5,13.4],[-67.3,13.7],[-69,14],[-70.8,14.4],[-72.5,14.9],[-74.3,15.4],[-76,16],[-77.6,16.8],[-79.3,17.7],[-80.9,18.6],[-82.5,19.5],[-84,20.5],[-85.5,21.5],[-86.9,22.5],[-88.3,23.5],[-89.4,24.6],[-90.4,25.8],[-91.4,27.1],[-92.3,28.5],[-93.2,29.8],[-94,31],[-94.6,32.2],[-95,33.7],[-95.2,35.5]]},"properties":{"id":"hur-al011918","event_type":"hurricane","name":null,"year":1918,"max_wind_kt":105,"min_pressure_mb":955,"category":3,"preliminary":false,"start_date":"19180801","end_date":"19180807","track":[{"date":"19180801","time":"0000","status":"TS","lat":12.6,"lon":-58.5,"wind_kt":35,"pressure_mb":null},{"date":"19180801","time":"0600","status":"TS","lat":12.8,"lon":-60.3,"wind_kt":35,"pressure_mb":null},{"date":"19180801","time":"1200","status":"TS","lat":13,"lon":-62,"wind_kt":35,"pressure_mb":null},{"date":"19180801","time":"1800","status":"TS","lat":13.2,"lon":-63.8,"wind_kt":35,"pressure_mb":null},{"date":"19180802","time":"0000","status":"TS","lat":13.4,"lon":-65.5,"wind_kt":35,"pressure_mb":null},{"date":"19180802","time":"0600","status":"TS","lat":13.7,"lon":-67.3,"wind_kt":40,"pressure_mb":null},{"date":"19180802","time":"1200","status":"TS","lat":14,"lon":-69,"wind_kt":40,"pressure_mb":null},{"date":"19180802","time":"1800","status":"TS","lat":14.4,"lon":-70.8,"wind_kt":40,"pressure_mb":null},{"date":"19180803","time":"0000","status":"TS","lat":14.9,"lon":-72.5,"wind_kt":45,"pressure_mb":null},{"date":"19180803","time":"0600","status":"TS","lat":15.4,"lon":-74.3,"wind_kt":45,"pressure_mb":null},{"date":"19180803","time":"1200","status":"TS","lat":16,"lon":-76,"wind_kt":45,"pressure_mb":null},{"date":"19180803","time":"1800","status":"TS","lat":16.8,"lon":-77.6,"wind_kt":50,"pressure_mb":null},{"date":"19180804","time":"0000","status":"TS","lat":17.7,"lon":-79.3,"wind_kt":50,"pressure_mb":null},{"date":"19180804","time":"0600","status":"TS","lat":18.6,"lon":-80.9,"wind_kt":50,"pressure_mb":null},{"date":"19180804","time":"1200","status":"TS","lat":19.5,"lon":-82.5,"wind_kt":55,"pressure_mb":null},{"date":"19180804","time":"1800","status":"TS","lat":20.5,"lon":-84,"wind_kt":55,"pressure_mb":null},{"date":"19180805","time":"0000","status":"TS","lat":21.5,"lon":-85.5,"wind_kt":55,"pressure_mb":null},{"date":"19180805","time":"0600","status":"TS","lat":22.5,"lon":-86.9,"wind_kt":60,"pressure_mb":null},{"date":"19180805","time":"1200","status":"HU","lat":23.5,"lon":-88.3,"wind_kt":70,"pressure_mb":null},{"date":"19180805","time":"1800","status":"HU","lat":24.6,"lon":-89.4,"wind_kt":80,"pressure_mb":null},{"date":"19180806","time":"0000","status":"HU","lat":25.8,"lon":-90.4,"wind_kt":90,"pressure_mb":null},{"date":"19180806","time":"0600","status":"HU","lat":27.1,"lon":-91.4,"wind_kt":100,"pressure_mb":null},{"date":"19180806","time":"1200","status":"HU","lat":28.5,"lon":-92.3,"wind_kt":105,"pressure_mb":null},{"date":"19180806","time":"1800","status":"HU","lat":29.8,"lon":-93.2,"wind_kt":105,"pressure_mb":955},{"date":"19180807","time":"0000","status":"TS","lat":31,"lon":-94,"wind_kt":60,"pressure_mb":null},{"date":"19180807","time":"0600","status":"TS","lat":32.2,"lon":-94.6,"wind_kt":45,"pressure_mb":null},{"date":"19180807","time":"1200","status":"TS","lat":33.7,"lon":-95,"wind_kt":35,"pressure_mb":null},{"date":"19180807","time":"1800","status":"TD","lat":35.5,"lon":-95.2,"wind_kt":30,"pressure_mb":null}]}},{"type":"Feature","geometry":{"type":"LineString","coordinates":[[-57.5,12],[-59,12.1],[-60.6,12.3],[-62.4,12.7],[-64.4,13.2],[-66.5,13.7],[-68.4,14.1],[-70.4,14.5],[-72.3,14.9],[-74.4,15.2],[-76.4,15.3],[-78.8,15.4],[-80.9,15.5],[-83,15.6],[-85.2,15.8],[-87.6,16.1],[-89.4,16.5],[-91,17]]},"properties":{"id":"hur-al021918","event_type":"hurricane","name":null,"year":1918,"max_wind_kt":90,"min_pressure_mb":968,"category":2,"preliminary":false,"start_date":"19180822","end_date":"19180826","track":[{"date":"19180822","time":"0600","status":"TS","lat":12,"lon":-57.5,"wind_kt":60,"pressure_mb":null},{"date":"19180822","time":"1200","status":"TS","lat":12.1,"lon":-59,"wind_kt":60,"pressure_mb":null},{"date":"19180822","time":"1800","status":"TS","lat":12.3,"lon":-60.6,"wind_kt":60,"pressure_mb":null},{"date":"19180823","time":"0000","status":"TS","lat":12.7,"lon":-62.4,"wind_kt":60,"pressure_mb":null},{"date":"19180823","time":"0600","status":"TS","lat":13.2,"lon":-64.4,"wind_kt":60,"pressure_mb":null},{"date":"19180823","time":"1200","status":"TS","lat":13.7,"lon":-66.5,"wind_kt":60,"pressure_mb":null},{"date":"19180823","time":"1800","status":"TS","lat":14.1,"lon":-68.4,"wind_kt":60,"pressure_mb":null},{"date":"19180824","time":"0000","status":"TS","lat":14.5,"lon":-70.4,"wind_kt":60,"pressure_mb":null},{"date":"19180824","time":"0600","status":"HU","lat":14.9,"lon":-72.3,"wind_kt":65,"pressure_mb":null},{"date":"19180824","time":"1200","status":"HU","lat":15.2,"lon":-74.4,"wind_kt":70,"pressure_mb":null},{"date":"19180824","time":"1800","status":"HU","lat":15.3,"lon":-76.4,"wind_kt":75,"pressure_mb":null},{"date":"19180825","time":"0000","status":"HU","lat":15.4,"lon":-78.8,"wind_kt":80,"pressure_mb":null},{"date":"19180825","time":"0600","status":"HU","lat":15.5,"lon":-80.9,"wind_kt":85,"pressure_mb":null},{"date":"19180825","time":"1200","status":"HU","lat":15.6,"lon":-83,"wind_kt":90,"pressure_mb":968},{"date":"19180825","time":"1800","status":"HU","lat":15.8,"lon":-85.2,"wind_kt":80,"pressure_mb":null},{"date":"19180826","time":"0000","status":"HU","lat":16.1,"lon":-87.6,"wind_kt":70,"pressure_mb":null},{"date":"19180826","time":"0600","status":"TS","lat":16.5,"lon":-89.4,"wind_kt":45,"pressure_mb":null},{"date":"19180826","time":"1200","status":"TD","lat":17,"lon":-91,"wind_kt":30,"pressure_mb":null}]}},{"type":"Feature","geometry":{"type":"LineString","coordinates":[[-73.3,27.7],[-74.5,28.8],[-75.7,30],[-76.6,31.2],[-77.1,32.4],[-77.3,33.5],[-77,34.4],[-76.8,34.8],[-76.5,35.1],[-75.9,35.7],[-75.3,36.2],[-74.6,36.8],[-73.8,37.5],[-72.9,38.2],[-72,39]]},"properties":{"id":"hur-al031918","event_type":"hurricane","name":null,"year":1918,"max_wind_kt":65,"min_pressure_mb":null,"category":1,"preliminary":false,"start_date":"19180823","end_date":"19180826","track":[{"date":"19180823","time":"0600","status":"TS","lat":27.7,"lon":-73.3,"wind_kt":35,"pressure_mb":null},{"date":"19180823","time":"1200","status":"TS","lat":28.8,"lon":-74.5,"wind_kt":35,"pressure_mb":null},{"date":"19180823","time":"1800","status":"TS","lat":30,"lon":-75.7,"wind_kt":40,"pressure_mb":null},{"date":"19180824","time":"0000","status":"TS","lat":31.2,"lon":-76.6,"wind_kt":40,"pressure_mb":null},{"date":"19180824","time":"0600","status":"TS","lat":32.4,"lon":-77.1,"wind_kt":50,"pressure_mb":null},{"date":"19180824","time":"1200","status":"TS","lat":33.5,"lon":-77.3,"wind_kt":60,"pressure_mb":null},{"date":"19180824","time":"1800","status":"HU","lat":34.4,"lon":-77,"wind_kt":65,"pressure_mb":null},{"date":"19180824","time":"2100","status":"HU","lat":34.8,"lon":-76.8,"wind_kt":65,"pressure_mb":null},{"date":"19180825","time":"0000","status":"TS","lat":35.1,"lon":-76.5,"wind_kt":60,"pressure_mb":null},{"date":"19180825","time":"0600","status":"TS","lat":35.7,"lon":-75.9,"wind_kt":60,"pressure_mb":null},{"date":"19180825","time":"1200","status":"TS","lat":36.2,"lon":-75.3,"wind_kt":60,"pressure_mb":null},{"date":"19180825","time":"1800","status":"TS","lat":36.8,"lon":-74.6,"wind_kt":55,"pressure_mb":null},{"date":"19180826","time":"0000","status":"TS","lat":37.5,"lon":-73.8,"wind_kt":45,"pressure_mb":null},{"date":"19180826","time":"0600","status":"TS","lat":38.2,"lon":-72.9,"wind_kt":35,"pressure_mb":null},{"date":"19180826","time":"1200","status":"EX","lat":39,"lon":-72,"wind_kt":30,"pressure_mb":null}]}},{"type":"Feature","geometry":{"type":"LineString","coordinates":[[-51,35],[-51.3,35.2],[-51.6,35.5],[-51.9,35.8],[-52,36],[-52,36.2],[-51.9,36.5],[-51.8,36.7],[-51.5,37],[-51,37.3],[-50.5,37.6],[-50,37.8],[-49.5,38],[-49.2,38.2],[-49,38.3],[-48.8,38.4],[-48.5,38.5],[-48.2,38.6],[-47.9,38.7],[-47.5,38.8],[-47,39],[-46.2,39.2],[-45.2,39.5]]},"properties":{"id":"hur-al041918","event_type":"hurricane","name":null,"year":1918,"max_wind_kt":60,"min_pressure_mb":null,"category":0,"preliminary":false,"start_date":"19180831","end_date":"19180906","track":[{"date":"19180831","time":"1200","status":"TS","lat":35,"lon":-51,"wind_kt":35,"pressure_mb":null},{"date":"19180831","time":"1800","status":"TS","lat":35.2,"lon":-51.3,"wind_kt":35,"pressure_mb":null},{"date":"19180901","time":"0000","status":"TS","lat":35.5,"lon":-51.6,"wind_kt":35,"pressure_mb":null},{"date":"19180901","time":"0600","status":"TS","lat":35.8,"lon":-51.9,"wind_kt":35,"pressure_mb":null},{"date":"19180901","time":"1200","status":"TS","lat":36,"lon":-52,"wind_kt":35,"pressure_mb":null},{"date":"19180901","time":"1800","status":"TS","lat":36.2,"lon":-52,"wind_kt":35,"pressure_mb":null},{"date":"19180902","time":"0000","status":"TS","lat":36.5,"lon":-51.9,"wind_kt":40,"pressure_mb":null},{"date":"19180902","time":"0600","status":"TS","lat":36.7,"lon":-51.8,"wind_kt":40,"pressure_mb":null},{"date":"19180902","time":"1200","status":"TS","lat":37,"lon":-51.5,"wind_kt":45,"pressure_mb":null},{"date":"19180902","time":"1800","status":"TS","lat":37.3,"lon":-51,"wind_kt":45,"pressure_mb":null},{"date":"19180903","time":"0000","status":"TS","lat":37.6,"lon":-50.5,"wind_kt":50,"pressure_mb":null},{"date":"19180903","time":"0600","status":"TS","lat":37.8,"lon":-50,"wind_kt":50,"pressure_mb":null},{"date":"19180903","time":"1200","status":"TS","lat":38,"lon":-49.5,"wind_kt":55,"pressure_mb":null},{"date":"19180903","time":"1800","status":"TS","lat":38.2,"lon":-49.2,"wind_kt":55,"pressure_mb":null},{"date":"19180904","time":"0000","status":"TS","lat":38.3,"lon":-49,"wind_kt":60,"pressure_mb":null},{"date":"19180904","time":"0600","status":"TS","lat":38.4,"lon":-48.8,"wind_kt":60,"pressure_mb":null},{"date":"19180904","time":"1200","status":"TS","lat":38.5,"lon":-48.5,"wind_kt":60,"pressure_mb":null},{"date":"19180904","time":"1800","status":"TS","lat":38.6,"lon":-48.2,"wind_kt":60,"pressure_mb":null},{"date":"19180905","time":"0000","status":"TS","lat":38.7,"lon":-47.9,"wind_kt":55,"pressure_mb":null},{"date":"19180905","time":"0600","status":"TS","lat":38.8,"lon":-47.5,"wind_kt":50,"pressure_mb":null},{"date":"19180905","time":"1200","status":"TS","lat":39,"lon":-47,"wind_kt":45,"pressure_mb":null},{"date":"19180905","time":"1800","status":"TS","lat":39.2,"lon":-46.2,"wind_kt":40,"pressure_mb":null},{"date":"19180906","time":"0000","status":"TS","lat":39.5,"lon":-45.2,"wind_kt":35,"pressure_mb":null}]}},{"type":"Feature","geometry":{"type":"LineString","coordinates":[[-57,24.6],[-57.8,24.8],[-58.5,25],[-59,25.2],[-59.5,25.4],[-60,25.7],[-60.5,26],[-61.2,26.6],[-62,27.7],[-62.9,28.8],[-63.8,29.8],[-64.6,30.8],[-65.3,31.8],[-65.8,32.8],[-66.3,33.8],[-66.8,34.8],[-67.2,35.8],[-67.3,36.8],[-67.2,38],[-66.5,39.7],[-65,42.5],[-63,45.5],[-60.5,47.5],[-58,48.5],[-56.5,48.9],[-55.5,49],[-55,49]]},"properties":{"id":"hur-al051918","event_type":"hurricane","name":null,"year":1918,"max_wind_kt":95,"min_pressure_mb":null,"category":2,"preliminary":false,"start_date":"19180902","end_date":"19180908","track":[{"date":"19180902","time":"0000","status":"TS","lat":24.6,"lon":-57,"wind_kt":40,"pressure_mb":null},{"date":"19180902","time":"0600","status":"TS","lat":24.8,"lon":-57.8,"wind_kt":45,"pressure_mb":null},{"date":"19180902","time":"1200","status":"TS","lat":25,"lon":-58.5,"wind_kt":50,"pressure_mb":null},{"date":"19180902","time":"1800","status":"TS","lat":25.2,"lon":-59,"wind_kt":60,"pressure_mb":null},{"date":"19180903","time":"0000","status":"HU","lat":25.4,"lon":-59.5,"wind_kt":65,"pressure_mb":null},{"date":"19180903","time":"0600","status":"HU","lat":25.7,"lon":-60,"wind_kt":70,"pressure_mb":null},{"date":"19180903","time":"1200","status":"HU","lat":26,"lon":-60.5,"wind_kt":70,"pressure_mb":null},{"date":"19180903","time":"1800","status":"HU","lat":26.6,"lon":-61.2,"wind_kt":75,"pressure_mb":null},{"date":"19180904","time":"0000","status":"HU","lat":27.7,"lon":-62,"wind_kt":75,"pressure_mb":null},{"date":"19180904","time":"0600","status":"HU","lat":28.8,"lon":-62.9,"wind_kt":80,"pressure_mb":null},{"date":"19180904","time":"1200","status":"HU","lat":29.8,"lon":-63.8,"wind_kt":80,"pressure_mb":null},{"date":"19180904","time":"1800","status":"HU","lat":30.8,"lon":-64.6,"wind_kt":85,"pressure_mb":null},{"date":"19180905","time":"0000","status":"HU","lat":31.8,"lon":-65.3,"wind_kt":90,"pressure_mb":null},{"date":"19180905","time":"0600","status":"HU","lat":32.8,"lon":-65.8,"wind_kt":95,"pressure_mb":null},{"date":"19180905","time":"1200","status":"HU","lat":33.8,"lon":-66.3,"wind_kt":95,"pressure_mb":null},{"date":"19180905","time":"1800","status":"HU","lat":34.8,"lon":-66.8,"wind_kt":95,"pressure_mb":null},{"date":"19180906","time":"0000","status":"HU","lat":35.8,"lon":-67.2,"wind_kt":90,"pressure_mb":null},{"date":"19180906","time":"0600","status":"HU","lat":36.8,"lon":-67.3,"wind_kt":80,"pressure_mb":null},{"date":"19180906","time":"1200","status":"HU","lat":38,"lon":-67.2,"wind_kt":70,"pressure_mb":null},{"date":"19180906","time":"1800","status":"TS","lat":39.7,"lon":-66.5,"wind_kt":60,"pressure_mb":null},{"date":"19180907","time":"0000","status":"EX","lat":42.5,"lon":-65,"wind_kt":50,"pressure_mb":null},{"date":"19180907","time":"0600","status":"EX","lat":45.5,"lon":-63,"wind_kt":45,"pressure_mb":null},{"date":"19180907","time":"1200","status":"EX","lat":47.5,"lon":-60.5,"wind_kt":40,"pressure_mb":null},{"date":"19180907","time":"1800","status":"EX","lat":48.5,"lon":-58,"wind_kt":40,"pressure_mb":null},{"date":"19180908","time":"0000","status":"EX","lat":48.9,"lon":-56.5,"wind_kt":40,"pressure_mb":null},{"date":"19180908","time":"0600","status":"EX","lat":49,"lon":-55.5,"wind_kt":35,"pressure_mb":null},{"date":"19180908","time":"1200","status":"EX","lat":49,"lon":-55,"wind_kt":30,"pressure_mb":null}]}},{"type":"Feature","geometry":{"type":"LineString","coordinates":[[-59.8,13.9],[-60.7,14.3],[-61.6,14.7],[-62.5,15.1],[-63.3,15.4],[-64.1,15.7],[-65,16],[-66.2,16.2],[-67.5,16.4],[-68.7,16.6],[-70,16.8],[-71.2,16.9],[-72.5,17],[-73.7,17.1],[-75,17.2],[-76.2,17.2],[-77.5,17.2],[-78.7,17.3],[-80,17.5],[-81.2,17.8],[-82.3,18.4],[-83.3,18.9],[-84,19.5]]},"properties":{"id":"hur-al061918","event_type":"hurricane","name":null,"year":1918,"max_wind_kt":40,"min_pressure_mb":null,"category":0,"preliminary":false,"start_date":"19180909","end_date":"19180914","track":[{"date":"19180909","time":"0000","status":"TS","lat":13.9,"lon":-59.8,"wind_kt":35,"pressure_mb":null},{"date":"19180909","time":"0600","status":"TS","lat":14.3,"lon":-60.7,"wind_kt":35,"pressure_mb":null},{"date":"19180909","time":"1200","status":"TS","lat":14.7,"lon":-61.6,"wind_kt":35,"pressure_mb":null},{"date":"19180909","time":"1800","status":"TS","lat":15.1,"lon":-62.5,"wind_kt":35,"pressure_mb":null},{"date":"19180910","time":"0000","status":"TS","lat":15.4,"lon":-63.3,"wind_kt":35,"pressure_mb":null},{"date":"19180910","time":"0600","status":"TS","lat":15.7,"lon":-64.1,"wind_kt":35,"pressure_mb":null},{"date":"19180910","time":"1200","status":"TS","lat":16,"lon":-65,"wind_kt":35,"pressure_mb":null},{"date":"19180910","time":"1800","status":"TS","lat":16.2,"lon":-66.2,"wind_kt":35,"pressure_mb":null},{"date":"19180911","time":"0000","status":"TS","lat":16.4,"lon":-67.5,"wind_kt":35,"pressure_mb":null},{"date":"19180911","time":"0600","status":"TS","lat":16.6,"lon":-68.7,"wind_kt":40,"pressure_mb":null},{"date":"19180911","time":"1200","status":"TS","lat":16.8,"lon":-70,"wind_kt":40,"pressure_mb":null},{"date":"19180911","time":"1800","status":"TS","lat":16.9,"lon":-71.2,"wind_kt":40,"pressure_mb":null},{"date":"19180912","time":"0000","status":"TS","lat":17,"lon":-72.5,"wind_kt":40,"pressure_mb":null},{"date":"19180912","time":"0600","status":"TS","lat":17.1,"lon":-73.7,"wind_kt":40,"pressure_mb":null},{"date":"19180912","time":"1200","status":"TS","lat":17.2,"lon":-75,"wind_kt":40,"pressure_mb":null},{"date":"19180912","time":"1800","status":"TS","lat":17.2,"lon":-76.2,"wind_kt":35,"pressure_mb":null},{"date":"19180913","time":"0000","status":"TS","lat":17.2,"lon":-77.5,"wind_kt":35,"pressure_mb":null},{"date":"19180913","time":"0600","status":"TS","lat":17.3,"lon":-78.7,"wind_kt":35,"pressure_mb":null},{"date":"19180913","time":"1200","status":"TS","lat":17.5,"lon":-80,"wind_kt":35,"pressure_mb":null},{"date":"19180913","time":"1800","status":"TS","lat":17.8,"lon":-81.2,"wind_kt":35,"pressure_mb":null},{"date":"19180914","time":"0000","status":"TS","lat":18.4,"lon":-82.3,"wind_kt":35,"pressure_mb":null},{"date":"19180914","time":"0600","status":"TD","lat":18.9,"lon":-83.3,"wind_kt":30,"pressure_mb":null},{"date":"19180914","time":"1200","status":"TD","lat":19.5,"lon":-84,"wind_kt":25,"pressure_mb":null}]}},{"type":"Feature","geometry":{"type":"LineString","coordinates":[[-84.3,24.6],[-84.7,25],[-85.1,25.4],[-85.5,26],[-85.9,26.7],[-86.3,27.5],[-86.6,28.3],[-86.8,29.1],[-86.9,29.9],[-87,30.4],[-87.1,30.6],[-87.3,31.2],[-87.6,31.7],[-87.9,32.2],[-88.2,32.7],[-88.5,33.2]]},"properties":{"id":"hur-al011919","event_type":"hurricane","name":null,"year":1919,"max_wind_kt":55,"min_pressure_mb":995,"category":0,"preliminary":false,"start_date":"19190702","end_date":"19190705","track":[{"date":"19190702","time":"0600","status":"TD","lat":24.6,"lon":-84.3,"wind_kt":25,"pressure_mb":null},{"date":"19190702","time":"1200","status":"TD","lat":25,"lon":-84.7,"wind_kt":30,"pressure_mb":null},{"date":"19190702","time":"1800","status":"TS","lat":25.4,"lon":-85.1,"wind_kt":35,"pressure_mb":null},{"date":"19190703","time":"0000","status":"TS","lat":26,"lon":-85.5,"wind_kt":40,"pressure_mb":null},{"date":"19190703","time":"0600","status":"TS","lat":26.7,"lon":-85.9,"wind_kt":45,"pressure_mb":null},{"date":"19190703","time":"1200","status":"TS","lat":27.5,"lon":-86.3,"wind_kt":50,"pressure_mb":null},{"date":"19190703","time":"1800","status":"TS","lat":28.3,"lon":-86.6,"wind_kt":55,"pressure_mb":null},{"date":"19190704","time":"0000","status":"TS","lat":29.1,"lon":-86.8,"wind_kt":55,"pressure_mb":null},{"date":"19190704","time":"0600","status":"TS","lat":29.9,"lon":-86.9,"wind_kt":55,"pressure_mb":995},{"date":"19190704","time":"1100","status":"TS","lat":30.4,"lon":-87,"wind_kt":55,"pressure_mb":995},{"date":"19190704","time":"1200","status":"TS","lat":30.6,"lon":-87.1,"wind_kt":45,"pressure_mb":null},{"date":"19190704","time":"1800","status":"TS","lat":31.2,"lon":-87.3,"wind_kt":35,"pressure_mb":null},{"date":"19190705","time":"0000","status":"TD","lat":31.7,"lon":-87.6,"wind_kt":30,"pressure_mb":null},{"date":"19190705","time":"0600","status":"TD","lat":32.2,"lon":-87.9,"wind_kt":25,"pressure_mb":null},{"date":"19190705","time":"1200","status":"TD","lat":32.7,"lon":-88.2,"wind_kt":20,"pressure_mb":null},{"date":"19190705","time":"1800","status":"TD","lat":33.2,"lon":-88.5,"wind_kt":20,"pressure_mb":null}]}},{"type":"Feature","geometry":{"type":"LineString","coordinates":[[-72.7,33],[-72,34],[-71,35],[-69.7,36],[-68.4,37],[-67.2,38],[-66,39],[-65,40],[-64,41],[-63,42],[-62,43],[-61,44.2],[-60,45.5]]},"properties":{"id":"hur-al031919","event_type":"hurricane","name":null,"year":1919,"max_wind_kt":85,"min_pressure_mb":null,"category":2,"preliminary":false,"start_date":"19190902","end_date":"19190905","track":[{"date":"19190902","time":"0000","status":"TD","lat":33,"lon":-72.7,"wind_kt":30,"pressure_mb":null},{"date":"19190902","time":"0600","status":"TS","lat":34,"lon":-72,"wind_kt":35,"pressure_mb":null},{"date":"19190902","time":"1200","status":"TS","lat":35,"lon":-71,"wind_kt":45,"pressure_mb":null},{"date":"19190902","time":"1800","status":"TS","lat":36,"lon":-69.7,"wind_kt":55,"pressure_mb":null},{"date":"19190903","time":"0000","status":"HU","lat":37,"lon":-68.4,"wind_kt":65,"pressure_mb":null},{"date":"19190903","time":"0600","status":"HU","lat":38,"lon":-67.2,"wind_kt":75,"pressure_mb":null},{"date":"19190903","time":"1200","status":"HU","lat":39,"lon":-66,"wind_kt":85,"pressure_mb":null},{"date":"19190903","time":"1800","status":"HU","lat":40,"lon":-65,"wind_kt":85,"pressure_mb":null},{"date":"19190904","time":"0000","status":"HU","lat":41,"lon":-64,"wind_kt":70,"pressure_mb":null},{"date":"19190904","time":"0600","status":"TS","lat":42,"lon":-63,"wind_kt":55,"pressure_mb":null},{"date":"19190904","time":"1200","status":"TS","lat":43,"lon":-62,"wind_kt":45,"pressure_mb":null},{"date":"19190904","time":"1800","status":"TS","lat":44.2,"lon":-61,"wind_kt":35,"pressure_mb":null},{"date":"19190905","time":"0000","status":"EX","lat":45.5,"lon":-60,"wind_kt":30,"pressure_mb":null}]}},{"type":"Feature","geometry":{"type":"LineString","coordinates":[[-61,16],[-62.3,16.3],[-63.6,16.7],[-64.8,17.1],[-66,17.5],[-67,18],[-68,18.6],[-69,19.1],[-70,19.5],[-70.8,19.8],[-71.6,20],[-72.2,20.2],[-72.5,20.5],[-72.6,20.9],[-72.6,21.4],[-72.7,21.8],[-72.8,22.2],[-73.1,22.5],[-73.5,22.8],[-74,23],[-74.5,23.2],[-75.1,23.4],[-75.8,23.5],[-76.5,23.6],[-77.3,23.7],[-78.1,23.8],[-78.9,23.9],[-79.7,24],[-80.5,24],[-81.3,24.1],[-82.1,24.3],[-82.8,24.6],[-82.9,24.6],[-83.4,24.8],[-84,24.9],[-84.5,25],[-85,25],[-85.5,25.1],[-86.1,25.3],[-86.7,25.6],[-87.3,25.9],[-88,26.2],[-89,26.4],[-90,26.5],[-91,26.5],[-92,26.5],[-92.9,26.6],[-93.8,26.7],[-94.6,26.8],[-95.5,27],[-96.6,27.2],[-97.3,27.2],[-98,27.4],[-99.5,27.8],[-101,28.2],[-102.4,28.9],[-103.8,29.7],[-105,30.6],[-106,31.5]]},"properties":{"id":"hur-al021919","event_type":"hurricane","name":null,"year":1919,"max_wind_kt":130,"min_pressure_mb":927,"category":4,"preliminary":false,"start_date":"19190902","end_date":"19190916","track":[{"date":"19190902","time":"1200","status":"TD","lat":16,"lon":-61,"wind_kt":25,"pressure_mb":null},{"date":"19190902","time":"1800","status":"TD","lat":16.3,"lon":-62.3,"wind_kt":30,"pressure_mb":null},{"date":"19190903","time":"0000","status":"TD","lat":16.7,"lon":-63.6,"wind_kt":30,"pressure_mb":null},{"date":"19190903","time":"0600","status":"TS","lat":17.1,"lon":-64.8,"wind_kt":35,"pressure_mb":null},{"date":"19190903","time":"1200","status":"TS","lat":17.5,"lon":-66,"wind_kt":40,"pressure_mb":null},{"date":"19190903","time":"1800","status":"TS","lat":18,"lon":-67,"wind_kt":45,"pressure_mb":null},{"date":"19190904","time":"0000","status":"TS","lat":18.6,"lon":-68,"wind_kt":45,"pressure_mb":null},{"date":"19190904","time":"0600","status":"TS","lat":19.1,"lon":-69,"wind_kt":40,"pressure_mb":null},{"date":"19190904","time":"1200","status":"TS","lat":19.5,"lon":-70,"wind_kt":35,"pressure_mb":null},{"date":"19190904","time":"1800","status":"TS","lat":19.8,"lon":-70.8,"wind_kt":35,"pressure_mb":null},{"date":"19190905","time":"0000","status":"TS","lat":20,"lon":-71.6,"wind_kt":35,"pressure_mb":null},{"date":"19190905","time":"0600","status":"TS","lat":20.2,"lon":-72.2,"wind_kt":35,"pressure_mb":null},{"date":"19190905","time":"1200","status":"TS","lat":20.5,"lon":-72.5,"wind_kt":35,"pressure_mb":null},{"date":"19190905","time":"1800","status":"TS","lat":20.9,"lon":-72.6,"wind_kt":35,"pressure_mb":null},{"date":"19190906","time":"0000","status":"TS","lat":21.4,"lon":-72.6,"wind_kt":40,"pressure_mb":null},{"date":"19190906","time":"0600","status":"TS","lat":21.8,"lon":-72.7,"wind_kt":45,"pressure_mb":null},{"date":"19190906","time":"1200","status":"TS","lat":22.2,"lon":-72.8,"wind_kt":50,"pressure_mb":null},{"date":"19190906","time":"1800","status":"TS","lat":22.5,"lon":-73.1,"wind_kt":55,"pressure_mb":null},{"date":"19190907","time":"0000","status":"TS","lat":22.8,"lon":-73.5,"wind_kt":60,"pressure_mb":null},{"date":"19190907","time":"0600","status":"HU","lat":23,"lon":-74,"wind_kt":65,"pressure_mb":null},{"date":"19190907","time":"1200","status":"HU","lat":23.2,"lon":-74.5,"wind_kt":75,"pressure_mb":null},{"date":"19190907","time":"1800","status":"HU","lat":23.4,"lon":-75.1,"wind_kt":85,"pressure_mb":null},{"date":"19190908","time":"0000","status":"HU","lat":23.5,"lon":-75.8,"wind_kt":95,"pressure_mb":null},{"date":"19190908","time":"0600","status":"HU","lat":23.6,"lon":-76.5,"wind_kt":95,"pressure_mb":null},{"date":"19190908","time":"1200","status":"HU","lat":23.7,"lon":-77.3,"wind_kt":100,"pressure_mb":null},{"date":"19190908","time":"1800","status":"HU","lat":23.8,"lon":-78.1,"wind_kt":105,"pressure_mb":null},{"date":"19190909","time":"0000","status":"HU","lat":23.9,"lon":-78.9,"wind_kt":110,"pressure_mb":null},{"date":"19190909","time":"0600","status":"HU","lat":24,"lon":-79.7,"wind_kt":115,"pressure_mb":null},{"date":"19190909","time":"1200","status":"HU","lat":24,"lon":-80.5,"wind_kt":120,"pressure_mb":null},{"date":"19190909","time":"1800","status":"HU","lat":24.1,"lon":-81.3,"wind_kt":125,"pressure_mb":null},{"date":"19190910","time":"0000","status":"HU","lat":24.3,"lon":-82.1,"wind_kt":130,"pressure_mb":null},{"date":"19190910","time":"0600","status":"HU","lat":24.6,"lon":-82.8,"wind_kt":130,"pressure_mb":927},{"date":"19190910","time":"0700","status":"HU","lat":24.6,"lon":-82.9,"wind_kt":130,"pressure_mb":927},{"date":"19190910","time":"1200","status":"HU","lat":24.8,"lon":-83.4,"wind_kt":130,"pressure_mb":null},{"date":"19190910","time":"1800","status":"HU","lat":24.9,"lon":-84,"wind_kt":130,"pressure_mb":null},{"date":"19190911","time":"0000","status":"HU","lat":25,"lon":-84.5,"wind_kt":130,"pressure_mb":null},{"date":"19190911","time":"0600","status":"HU","lat":25,"lon":-85,"wind_kt":130,"pressure_mb":null},{"date":"19190911","time":"1200","status":"HU","lat":25.1,"lon":-85.5,"wind_kt":130,"pressure_mb":null},{"date":"19190911","time":"1800","status":"HU","lat":25.3,"lon":-86.1,"wind_kt":125,"pressure_mb":null},{"date":"19190912","time":"0000","status":"HU","lat":25.6,"lon":-86.7,"wind_kt":120,"pressure_mb":null},{"date":"19190912","time":"0600","status":"HU","lat":25.9,"lon":-87.3,"wind_kt":115,"pressure_mb":null},{"date":"19190912","time":"1200","status":"HU","lat":26.2,"lon":-88,"wind_kt":110,"pressure_mb":944},{"date":"19190912","time":"1800","status":"HU","lat":26.4,"lon":-89,"wind_kt":110,"pressure_mb":null},{"date":"19190913","time":"0000","status":"HU","lat":26.5,"lon":-90,"wind_kt":115,"pressure_mb":942},{"date":"19190913","time":"0600","status":"HU","lat":26.5,"lon":-91,"wind_kt":125,"pressure_mb":931},{"date":"19190913","time":"1200","status":"HU","lat":26.5,"lon":-92,"wind_kt":125,"pressure_mb":null},{"date":"19190913","time":"1800","status":"HU","lat":26.6,"lon":-92.9,"wind_kt":120,"pressure_mb":null},{"date":"19190914","time":"0000","status":"HU","lat":26.7,"lon":-93.8,"wind_kt":115,"pressure_mb":null},{"date":"19190914","time":"0600","status":"HU","lat":26.8,"lon":-94.6,"wind_kt":110,"pressure_mb":null},{"date":"19190914","time":"1200","status":"HU","lat":27,"lon":-95.5,"wind_kt":105,"pressure_mb":null},{"date":"19190914","time":"1800","status":"HU","lat":27.2,"lon":-96.6,"wind_kt":100,"pressure_mb":950},{"date":"19190914","time":"2100","status":"HU","lat":27.2,"lon":-97.3,"wind_kt":100,"pressure_mb":950},{"date":"19190915","time":"0000","status":"HU","lat":27.4,"lon":-98,"wind_kt":75,"pressure_mb":null},{"date":"19190915","time":"0600","status":"TS","lat":27.8,"lon":-99.5,"wind_kt":55,"pressure_mb":null},{"date":"19190915","time":"1200","status":"TS","lat":28.2,"lon":-101,"wind_kt":40,"pressure_mb":null},{"date":"19190915","time":"1800","status":"TS","lat":28.9,"lon":-102.4,"wind_kt":35,"pressure_mb":null},{"date":"19190916","time":"0000","status":"TD","lat":29.7,"lon":-103.8,"wind_kt":30,"pressure_mb":null},{"date":"19190916","time":"0600","status":"TD","lat":30.6,"lon":-105,"wind_kt":25,"pressure_mb":null},{"date":"19190916","time":"1200","status":"TD","lat":31.5,"lon":-106,"wind_kt":20,"pressure_mb":null}]}},{"type":"Feature","geometry":{"type":"LineString","coordinates":[[-75.5,27.5],[-76,28],[-76.5,28.5],[-77,29],[-77.6,29.5],[-78.2,30],[-79,30.5],[-80,30.9],[-81.1,31.2],[-81.3,31.2],[-82.3,31.4],[-83.5,31.5],[-84.7,31.5],[-86,31.5]]},"properties":{"id":"hur-al041919","event_type":"hurricane","name":null,"year":1919,"max_wind_kt":40,"min_pressure_mb":null,"category":0,"preliminary":false,"start_date":"19190929","end_date":"19191002","track":[{"date":"19190929","time":"0000","status":"TD","lat":27.5,"lon":-75.5,"wind_kt":30,"pressure_mb":null},{"date":"19190929","time":"0600","status":"TD","lat":28,"lon":-76,"wind_kt":30,"pressure_mb":null},{"date":"19190929","time":"1200","status":"TS","lat":28.5,"lon":-76.5,"wind_kt":35,"pressure_mb":null},{"date":"19190929","time":"1800","status":"TS","lat":29,"lon":-77,"wind_kt":35,"pressure_mb":null},{"date":"19190930","time":"0000","status":"TS","lat":29.5,"lon":-77.6,"wind_kt":35,"pressure_mb":null},{"date":"19190930","time":"0600","status":"TS","lat":30,"lon":-78.2,"wind_kt":40,"pressure_mb":null},{"date":"19190930","time":"1200","status":"TS","lat":30.5,"lon":-79,"wind_kt":40,"pressure_mb":null},{"date":"19190930","time":"1800","status":"TS","lat":30.9,"lon":-80,"wind_kt":40,"pressure_mb":null},{"date":"19191001","time":"0000","status":"TS","lat":31.2,"lon":-81.1,"wind_kt":40,"pressure_mb":null},{"date":"19191001","time":"0100","status":"TS","lat":31.2,"lon":-81.3,"wind_kt":40,"pressure_mb":null},{"date":"19191001","time":"0600","status":"TS","lat":31.4,"lon":-82.3,"wind_kt":35,"pressure_mb":null},{"date":"19191001","time":"1200","status":"TD","lat":31.5,"lon":-83.5,"wind_kt":30,"pressure_mb":null},{"date":"19191001","time":"1800","status":"TD","lat":31.5,"lon":-84.7,"wind_kt":25,"pressure_mb":null},{"date":"19191002","time":"0000","status":"TD","lat":31.5,"lon":-86,"wind_kt":20,"pressure_mb":null}]}},{"type":"Feature","geometry":{"type":"LineString","coordinates":[[-58.5,32],[-59.3,31],[-60,30],[-60.7,29.1],[-61.3,28.3],[-61.9,27.6],[-62.5,27],[-63.1,26.6],[-63.8,26.3],[-64.4,26.1],[-65,26],[-65.6,26.3],[-66.2,27],[-66.5,27.7],[-66.4,28],[-65.8,28],[-64.8,27.8],[-63.4,27.6],[-62,27.5],[-60.7,28.3],[-59.5,29],[-58.5,29.5],[-57.5,30],[-56.5,30.7]]},"properties":{"id":"hur-al051919","event_type":"hurricane","name":null,"year":1919,"max_wind_kt":60,"min_pressure_mb":null,"category":0,"preliminary":false,"start_date":"19191110","end_date":"19191115","track":[{"date":"19191110","time":"0000","status":"EX","lat":32,"lon":-58.5,"wind_kt":30,"pressure_mb":null},{"date":"19191110","time":"0600","status":"EX","lat":31,"lon":-59.3,"wind_kt":30,"pressure_mb":null},{"date":"19191110","time":"1200","status":"EX","lat":30,"lon":-60,"wind_kt":35,"pressure_mb":null},{"date":"19191110","time":"1800","status":"EX","lat":29.1,"lon":-60.7,"wind_kt":35,"pressure_mb":null},{"date":"19191111","time":"0000","status":"EX","lat":28.3,"lon":-61.3,"wind_kt":40,"pressure_mb":null},{"date":"19191111","time":"0600","status":"EX","lat":27.6,"lon":-61.9,"wind_kt":45,"pressure_mb":null},{"date":"19191111","time":"1200","status":"EX","lat":27,"lon":-62.5,"wind_kt":50,"pressure_mb":null},{"date":"19191111","time":"1800","status":"EX","lat":26.6,"lon":-63.1,"wind_kt":55,"pressure_mb":null},{"date":"19191112","time":"0000","status":"TS","lat":26.3,"lon":-63.8,"wind_kt":60,"pressure_mb":null},{"date":"19191112","time":"0600","status":"TS","lat":26.1,"lon":-64.4,"wind_kt":60,"pressure_mb":null},{"date":"19191112","time":"1200","status":"TS","lat":26,"lon":-65,"wind_kt":60,"pressure_mb":null},{"date":"19191112","time":"1800","status":"TS","lat":26.3,"lon":-65.6,"wind_kt":60,"pressure_mb":null},{"date":"19191113","time":"0000","status":"TS","lat":27,"lon":-66.2,"wind_kt":55,"pressure_mb":null},{"date":"19191113","time":"0600","status":"TS","lat":27.7,"lon":-66.5,"wind_kt":55,"pressure_mb":null},{"date":"19191113","time":"1200","status":"TS","lat":28,"lon":-66.4,"wind_kt":50,"pressure_mb":null},{"date":"19191113","time":"1800","status":"TS","lat":28,"lon":-65.8,"wind_kt":50,"pressure_mb":null},{"date":"19191114","time":"0000","status":"TS","lat":27.8,"lon":-64.8,"wind_kt":45,"pressure_mb":null},{"date":"19191114","time":"0600","status":"TS","lat":27.6,"lon":-63.4,"wind_kt":45,"pressure_mb":null},{"date":"19191114","time":"1200","status":"TS","lat":27.5,"lon":-62,"wind_kt":40,"pressure_mb":null},{"date":"19191114","time":"1800","status":"TS","lat":28.3,"lon":-60.7,"wind_kt":40,"pressure_mb":null},{"date":"19191115","time":"0000","status":"TS","lat":29,"lon":-59.5,"wind_kt":35,"pressure_mb":null},{"date":"19191115","time":"0600","status":"TS","lat":29.5,"lon":-58.5,"wind_kt":35,"pressure_mb":null},{"date":"19191115","time":"1200","status":"EX","lat":30,"lon":-57.5,"wind_kt":30,"pressure_mb":null},{"date":"19191115","time":"1800","status":"EX","lat":30.7,"lon":-56.5,"wind_kt":30,"pressure_mb":null}]}}]}