{"type":"FeatureCollection","features":[{"type":"Feature","geometry":{"type":"LineString","coordinates":[[-36.6,11.1],[-37.8,11.5],[-39,12],[-40.1,12.7],[-41.1,13.4],[-42.1,14.1],[-43,14.8],[-44,15.4],[-45,16.1],[-46,16.8],[-47,17.5],[-48,18.3],[-49,19.2],[-50,20.1],[-50.8,21],[-51.5,21.9],[-51.8,22.8],[-51.9,23.7],[-52,24.6],[-52.1,25.6],[-52.2,26.7],[-52.3,27.8],[-52.2,29],[-51.9,30.2],[-51.4,31.3],[-50.8,32.4],[-50,33.5],[-49.1,34.6],[-48.1,35.8],[-47,36.9],[-45.5,38],[-43.5,39],[-41,39.9],[-38.2,40.7],[-35,41.4],[-31.9,41.8],[-28.5,42],[-24.9,42.1]]},"properties":{"id":"hur-al011920","event_type":"hurricane","name":null,"year":1920,"max_wind_kt":95,"min_pressure_mb":null,"category":2,"preliminary":false,"start_date":"19200907","end_date":"19200916","track":[{"date":"19200907","time":"0000","status":"TS","lat":11.1,"lon":-36.6,"wind_kt":35,"pressure_mb":null},{"date":"19200907","time":"0600","status":"TS","lat":11.5,"lon":-37.8,"wind_kt":35,"pressure_mb":null},{"date":"19200907","time":"1200","status":"TS","lat":12,"lon":-39,"wind_kt":35,"pressure_mb":null},{"date":"19200907","time":"1800","status":"TS","lat":12.7,"lon":-40.1,"wind_kt":35,"pressure_mb":null},{"date":"19200908","time":"0000","status":"TS","lat":13.4,"lon":-41.1,"wind_kt":35,"pressure_mb":null},{"date":"19200908","time":"0600","status":"TS","lat":14.1,"lon":-42.1,"wind_kt":40,"pressure_mb":null},{"date":"19200908","time":"1200","status":"TS","lat":14.8,"lon":-43,"wind_kt":40,"pressure_mb":null},{"date":"19200908","time":"1800","status":"TS","lat":15.4,"lon":-44,"wind_kt":45,"pressure_mb":null},{"date":"19200909","time":"0000","status":"TS","lat":16.1,"lon":-45,"wind_kt":50,"pressure_mb":null},{"date":"19200909","time":"0600","status":"TS","lat":16.8,"lon":-46,"wind_kt":55,"pressure_mb":null},{"date":"19200909","time":"1200","status":"TS","lat":17.5,"lon":-47,"wind_kt":60,"pressure_mb":null},{"date":"19200909","time":"1800","status":"HU","lat":18.3,"lon":-48,"wind_kt":65,"pressure_mb":null},{"date":"19200910","time":"0000","status":"HU","lat":19.2,"lon":-49,"wind_kt":70,"pressure_mb":null},{"date":"19200910","time":"0600","status":"HU","lat":20.1,"lon":-50,"wind_kt":75,"pressure_mb":null},{"date":"19200910","time":"1200","status":"HU","lat":21,"lon":-50.8,"wind_kt":75,"pressure_mb":null},{"date":"19200910","time":"1800","status":"HU","lat":21.9,"lon":-51.5,"wind_kt":80,"pressure_mb":null},{"date":"19200911","time":"0000","status":"HU","lat":22.8,"lon":-51.8,"wind_kt":80,"pressure_mb":null},{"date":"19200911","time":"0600","status":"HU","lat":23.7,"lon":-51.9,"wind_kt":85,"pressure_mb":null},{"date":"19200911","time":"1200","status":"HU","lat":24.6,"lon":-52,"wind_kt":85,"pressure_mb":null},{"date":"19200911","time":"1800","status":"HU","lat":25.6,"lon":-52.1,"wind_kt":85,"pressure_mb":null},{"date":"19200912","time":"0000","status":"HU","lat":26.7,"lon":-52.2,"wind_kt":90,"pressure_mb":null},{"date":"19200912","time":"0600","status":"HU","lat":27.8,"lon":-52.3,"wind_kt":95,"pressure_mb":null},{"date":"19200912","time":"1200","status":"HU","lat":29,"lon":-52.2,"wind_kt":95,"pressure_mb":null},{"date":"19200912","time":"1800","status":"HU","lat":30.2,"lon":-51.9,"wind_kt":95,"pressure_mb":null},{"date":"19200913","time":"0000","status":"HU","lat":31.3,"lon":-51.4,"wind_kt":90,"pressure_mb":null},{"date":"19200913","time":"0600","status":"HU","lat":32.4,"lon":-50.8,"wind_kt":90,"pressure_mb":null},{"date":"19200913","time":"1200","status":"HU","lat":33.5,"lon":-50,"wind_kt":85,"pressure_mb":null},{"date":"19200913","time":"1800","status":"HU","lat":34.6,"lon":-49.1,"wind_kt":85,"pressure_mb":null},{"date":"19200914","time":"0000","status":"HU","lat":35.8,"lon":-48.1,"wind_kt":80,"pressure_mb":null},{"date":"19200914","time":"0600","status":"HU","lat":36.9,"lon":-47,"wind_kt":80,"pressure_mb":null},{"date":"19200914","time":"1200","status":"HU","lat":38,"lon":-45.5,"wind_kt":75,"pressure_mb":null},{"date":"19200914","time":"1800","status":"HU","lat":39,"lon":-43.5,"wind_kt":70,"pressure_mb":null},{"date":"19200915","time":"0000","status":"EX","lat":39.9,"lon":-41,"wind_kt":60,"pressure_mb":null},{"date":"19200915","time":"0600","status":"EX","lat":40.7,"lon":-38.2,"wind_kt":50,"pressure_mb":null},{"date":"19200915","time":"1200","status":"EX","lat":41.4,"lon":-35,"wind_kt":45,"pressure_mb":null},{"date":"19200915","time":"1800","status":"EX","lat":41.8,"lon":-31.9,"wind_kt":40,"pressure_mb":null},{"date":"19200916","time":"0000","status":"EX","lat":42,"lon":-28.5,"wind_kt":35,"pressure_mb":null},{"date":"19200916","time":"0600","status":"EX","lat":42.1,"lon":-24.9,"wind_kt":30,"pressure_mb":null}]}},{"type":"Feature","geometry":{"type":"LineString","coordinates":[[-76.5,11.7],[-77.5,12],[-78.6,12.4],[-79.7,12.9],[-80.7,13.3],[-81.5,13.7],[-82.3,14.1],[-83.1,14.5],[-83.8,14.9],[-84.5,15.2],[-85.2,15.5],[-85.9,15.9],[-86.5,16.4],[-87,17],[-87.3,17.8],[-87.6,18.8],[-87.9,20],[-88.2,21.2],[-88.5,22.4],[-88.8,23.6],[-89.1,24.8],[-89.5,26],[-90.1,27.4],[-90.7,28.9],[-90.8,29.1],[-91.6,30.5],[-92.6,32.2],[-93.4,34],[-94.1,36],[-94.8,38.2]]},"properties":{"id":"hur-al021920","event_type":"hurricane","name":null,"year":1920,"max_wind_kt":85,"min_pressure_mb":975,"category":2,"preliminary":false,"start_date":"19200916","end_date":"19200923","track":[{"date":"19200916","time":"0600","status":"TD","lat":11.7,"lon":-76.5,"wind_kt":30,"pressure_mb":null},{"date":"19200916","time":"1200","status":"TD","lat":12,"lon":-77.5,"wind_kt":30,"pressure_mb":null},{"date":"19200916","time":"1800","status":"TD","lat":12.4,"lon":-78.6,"wind_kt":30,"pressure_mb":null},{"date":"19200917","time":"0000","status":"TD","lat":12.9,"lon":-79.7,"wind_kt":30,"pressure_mb":null},{"date":"19200917","time":"0600","status":"TD","lat":13.3,"lon":-80.7,"wind_kt":30,"pressure_mb":null},{"date":"19200917","time":"1200","status":"TD","lat":13.7,"lon":-81.5,"wind_kt":30,"pressure_mb":null},{"date":"19200917","time":"1800","status":"TD","lat":14.1,"lon":-82.3,"wind_kt":30,"pressure_mb":null},{"date":"19200918","time":"0000","status":"TD","lat":14.5,"lon":-83.1,"wind_kt":30,"pressure_mb":null},{"date":"19200918","time":"0600","status":"TD","lat":14.9,"lon":-83.8,"wind_kt":30,"pressure_mb":null},{"date":"19200918","time":"1200","status":"TD","lat":15.2,"lon":-84.5,"wind_kt":30,"pressure_mb":null},{"date":"19200918","time":"1800","status":"TD","lat":15.5,"lon":-85.2,"wind_kt":30,"pressure_mb":null},{"date":"19200919","time":"0000","status":"TS","lat":15.9,"lon":-85.9,"wind_kt":35,"pressure_mb":null},{"date":"19200919","time":"0600","status":"TS","lat":16.4,"lon":-86.5,"wind_kt":35,"pressure_mb":null},{"date":"19200919","time":"1200","status":"TS","lat":17,"lon":-87,"wind_kt":40,"pressure_mb":null},{"date":"19200919","time":"1800","status":"TS","lat":17.8,"lon":-87.3,"wind_kt":40,"pressure_mb":null},{"date":"19200920","time":"0000","status":"TS","lat":18.8,"lon":-87.6,"wind_kt":45,"pressure_mb":null},{"date":"19200920","time":"0600","status":"TS","lat":20,"lon":-87.9,"wind_kt":40,"pressure_mb":null},{"date":"19200920","time":"1200","status":"TS","lat":21.2,"lon":-88.2,"wind_kt":35,"pressure_mb":null},{"date":"19200920","time":"1800","status":"TS","lat":22.4,"lon":-88.5,"wind_kt":45,"pressure_mb":null},{"date":"19200921","time":"0000","status":"TS","lat":23.6,"lon":-88.8,"wind_kt":55,"pressure_mb":999},{"date":"19200921","time":"0600","status":"HU","lat":24.8,"lon":-89.1,"wind_kt":65,"pressure_mb":null},{"date":"19200921","time":"1200","status":"HU","lat":26,"lon":-89.5,"wind_kt":70,"pressure_mb":null},{"date":"19200921","time":"1800","status":"HU","lat":27.4,"lon":-90.1,"wind_kt":75,"pressure_mb":null},{"date":"19200922","time":"0000","status":"HU","lat":28.9,"lon":-90.7,"wind_kt":85,"pressure_mb":975},{"date":"19200922","time":"0100","status":"HU","lat":29.1,"lon":-90.8,"wind_kt":85,"pressure_mb":975},{"date":"19200922","time":"0600","status":"TS","lat":30.5,"lon":-91.6,"wind_kt":60,"pressure_mb":986},{"date":"19200922","time":"1200","status":"TS","lat":32.2,"lon":-92.6,"wind_kt":40,"pressure_mb":null},{"date":"19200922","time":"1800","status":"TD","lat":34,"lon":-93.4,"wind_kt":30,"pressure_mb":null},{"date":"19200923","time":"0000","status":"TD","lat":36,"lon":-94.1,"wind_kt":30,"pressure_mb":null},{"date":"19200923","time":"0600","status":"TD","lat":38.2,"lon":-94.8,"wind_kt":25,"pressure_mb":null}]}},{"type":"Feature","geometry":{"type":"LineString","coordinates":[[-76.8,30.4],[-76.5,30.5],[-76.2,30.6],[-75.9,30.7],[-75.7,30.8],[-75.5,30.7],[-75.4,30.5],[-75.3,30],[-75.4,29.6],[-75.5,29.5],[-75.7,29.6],[-75.9,29.9],[-76.1,30.4],[-76.4,31],[-76.9,31.8],[-77.5,32.7],[-78.2,33.7],[-79,34.8],[-79.9,35.9],[-81,37]]},"properties":{"id":"hur-al031920","event_type":"hurricane","name":null,"year":1920,"max_wind_kt":75,"min_pressure_mb":null,"category":1,"preliminary":false,"start_date":"19200919","end_date":"19200924","track":[{"date":"19200919","time":"0600","status":"TD","lat":30.4,"lon":-76.8,"wind_kt":25,"pressure_mb":null},{"date":"19200919","time":"1200","status":"TD","lat":30.5,"lon":-76.5,"wind_kt":30,"pressure_mb":null},{"date":"19200919","time":"1800","status":"TD","lat":30.6,"lon":-76.2,"wind_kt":30,"pressure_mb":null},{"date":"19200920","time":"0000","status":"TD","lat":30.7,"lon":-75.9,"wind_kt":30,"pressure_mb":null},{"date":"19200920","time":"0600","status":"TD","lat":30.8,"lon":-75.7,"wind_kt":30,"pressure_mb":null},{"date":"19200920","time":"1200","status":"TS","lat":30.7,"lon":-75.5,"wind_kt":35,"pressure_mb":null},{"date":"19200920","time":"1800","status":"TS","lat":30.5,"lon":-75.4,"wind_kt":35,"pressure_mb":null},{"date":"19200921","time":"0000","status":"TS","lat":30,"lon":-75.3,"wind_kt":35,"pressure_mb":null},{"date":"19200921","time":"0600","status":"TS","lat":29.6,"lon":-75.4,"wind_kt":40,"pressure_mb":null},{"date":"19200921","time":"1200","status":"TS","lat":29.5,"lon":-75.5,"wind_kt":45,"pressure_mb":null},{"date":"19200921","time":"1800","status":"TS","lat":29.6,"lon":-75.7,"wind_kt":50,"pressure_mb":null},{"date":"19200922","time":"0000","status":"TS","lat":29.9,"lon":-75.9,"wind_kt":55,"pressure_mb":null},{"date":"19200922","time":"0600","status":"TS","lat":30.4,"lon":-76.1,"wind_kt":60,"pressure_mb":null},{"date":"19200922","time":"1200","status":"HU","lat":31,"lon":-76.4,"wind_kt":70,"pressure_mb":null},{"date":"19200922","time":"1800","status":"HU","lat":31.8,"lon":-76.9,"wind_kt":75,"pressure_mb":null},{"date":"19200923","time":"0000","status":"HU","lat":32.7,"lon":-77.5,"wind_kt":65,"pressure_mb":null},{"date":"19200923","time":"0600","status":"TS","lat":33.7,"lon":-78.2,"wind_kt":55,"pressure_mb":null},{"date":"19200923","time":"1200","status":"TS","lat":34.8,"lon":-79,"wind_kt":35,"pressure_mb":null},{"date":"19200923","time":"1800","status":"TD","lat":35.9,"lon":-79.9,"wind_kt":30,"pressure_mb":null},{"date":"19200924","time":"0000","status":"TD","lat":37,"lon":-81,"wind_kt":25,"pressure_mb":null}]}},{"type":"Feature","geometry":{"type":"LineString","coordinates":[[-57,32.5],[-56.9,32.8],[-56.8,33.1],[-56.7,33.4],[-56.5,33.5],[-56.3,33.5],[-56.1,33.5],[-55.8,33.5],[-55.5,33.5],[-55.2,33.3],[-54.9,33],[-54.5,32.7],[-54,32.5],[-53.2,32.5],[-52.2,32.6],[-51.1,32.8],[-50,33],[-48.8,33.4]]},"properties":{"id":"hur-al041920","event_type":"hurricane","name":null,"year":1920,"max_wind_kt":40,"min_pressure_mb":null,"category":0,"preliminary":false,"start_date":"19200923","end_date":"19200927","track":[{"date":"19200923","time":"1200","status":"TD","lat":32.5,"lon":-57,"wind_kt":30,"pressure_mb":null},{"date":"19200923","time":"1800","status":"TD","lat":32.8,"lon":-56.9,"wind_kt":30,"pressure_mb":null},{"date":"19200924","time":"0000","status":"TS","lat":33.1,"lon":-56.8,"wind_kt":35,"pressure_mb":null},{"date":"19200924","time":"0600","status":"TS","lat":33.4,"lon":-56.7,"wind_kt":35,"pressure_mb":null},{"date":"19200924","time":"1200","status":"TS","lat":33.5,"lon":-56.5,"wind_kt":40,"pressure_mb":null},{"date":"19200924","time":"1800","status":"TS","lat":33.5,"lon":-56.3,"wind_kt":40,"pressure_mb":null},{"date":"19200925","time":"0000","status":"TS","lat":33.5,"lon":-56.1,"wind_kt":40,"pressure_mb":null},{"date":"19200925","time":"0600","status":"TS","lat":33.5,"lon":-55.8,"wind_kt":40,"pressure_mb":null},{"date":"19200925","time":"1200","status":"TS","lat":33.5,"lon":-55.5,"wind_kt":40,"pressure_mb":null},{"date":"19200925","time":"1800","status":"TS","lat":33.3,"lon":-55.2,"wind_kt":40,"pressure_mb":null},{"date":"19200926","time":"0000","status":"TS","lat":33,"lon":-54.9,"wind_kt":40,"pressure_mb":null},{"date":"19200926","time":"0600","status":"TS","lat":32.7,"lon":-54.5,"wind_kt":40,"pressure_mb":null},{"date":"19200926","time":"1200","status":"TS","lat":32.5,"lon":-54,"wind_kt":40,"pressure_mb":null},{"date":"19200926","time":"1800","status":"TS","lat":32.5,"lon":-53.2,"wind_kt":40,"pressure_mb":null},{"date":"19200927","time":"0000","status":"TS","lat":32.6,"lon":-52.2,"wind_kt":35,"pressure_mb":null},{"date":"19200927","time":"0600","status":"TS","lat":32.8,"lon":-51.1,"wind_kt":35,"pressure_mb":null},{"date":"19200927","time":"1200","status":"TD","lat":33,"lon":-50,"wind_kt":30,"pressure_mb":null},{"date":"19200927","time":"1800","status":"EX","lat":33.4,"lon":-48.8,"wind_kt":25,"pressure_mb":null}]}},{"type":"Feature","geometry":{"type":"LineString","coordinates":[[-83,25],[-83.7,25],[-84.4,25.1],[-85.2,25.3],[-85.9,25.4],[-86.5,25.5],[-87,25.5],[-87.4,25.4],[-87.7,25.3],[-88,25.2],[-88.3,25.1],[-88.5,25],[-88.6,24.9],[-88.7,24.8],[-88.8,24.9],[-88.9,25.1],[-89,25.4],[-88.9,25.8],[-88.3,26.4],[-86.8,27.2],[-84.4,28.2],[-82.9,28.9],[-81.5,29.5],[-78,31.1]]},"properties":{"id":"hur-al051920","event_type":"hurricane","name":null,"year":1920,"max_wind_kt":75,"min_pressure_mb":null,"category":1,"preliminary":false,"start_date":"19200925","end_date":"19200930","track":[{"date":"19200925","time":"0600","status":"TD","lat":25,"lon":-83,"wind_kt":25,"pressure_mb":null},{"date":"19200925","time":"1200","status":"TD","lat":25,"lon":-83.7,"wind_kt":25,"pressure_mb":null},{"date":"19200925","time":"1800","status":"TD","lat":25.1,"lon":-84.4,"wind_kt":25,"pressure_mb":null},{"date":"19200926","time":"0000","status":"TD","lat":25.3,"lon":-85.2,"wind_kt":25,"pressure_mb":null},{"date":"19200926","time":"0600","status":"TD","lat":25.4,"lon":-85.9,"wind_kt":25,"pressure_mb":null},{"date":"19200926","time":"1200","status":"TD","lat":25.5,"lon":-86.5,"wind_kt":30,"pressure_mb":null},{"date":"19200926","time":"1800","status":"TD","lat":25.5,"lon":-87,"wind_kt":30,"pressure_mb":null},{"date":"19200927","time":"0000","status":"TD","lat":25.4,"lon":-87.4,"wind_kt":30,"pressure_mb":null},{"date":"19200927","time":"0600","status":"TD","lat":25.3,"lon":-87.7,"wind_kt":30,"pressure_mb":null},{"date":"19200927","time":"1200","status":"TS","lat":25.2,"lon":-88,"wind_kt":35,"pressure_mb":null},{"date":"19200927","time":"1800","status":"TS","lat":25.1,"lon":-88.3,"wind_kt":35,"pressure_mb":null},{"date":"19200928","time":"0000","status":"TS","lat":25,"lon":-88.5,"wind_kt":40,"pressure_mb":null},{"date":"19200928","time":"0600","status":"TS","lat":24.9,"lon":-88.6,"wind_kt":40,"pressure_mb":null},{"date":"19200928","time":"1200","status":"TS","lat":24.8,"lon":-88.7,"wind_kt":45,"pressure_mb":null},{"date":"19200928","time":"1800","status":"TS","lat":24.9,"lon":-88.8,"wind_kt":50,"pressure_mb":null},{"date":"19200929","time":"0000","status":"TS","lat":25.1,"lon":-88.9,"wind_kt":55,"pressure_mb":null},{"date":"19200929","time":"0600","status":"TS","lat":25.4,"lon":-89,"wind_kt":60,"pressure_mb":null},{"date":"19200929","time":"1200","status":"HU","lat":25.8,"lon":-88.9,"wind_kt":70,"pressure_mb":null},{"date":"19200929","time":"1800","status":"HU","lat":26.4,"lon":-88.3,"wind_kt":75,"pressure_mb":null},{"date":"19200930","time":"0000","status":"HU","lat":27.2,"lon":-86.8,"wind_kt":65,"pressure_mb":null},{"date":"19200930","time":"0600","status":"TS","lat":28.2,"lon":-84.4,"wind_kt":55,"pressure_mb":null},{"date":"19200930","time":"0900","status":"TS","lat":28.9,"lon":-82.9,"wind_kt":55,"pressure_mb":null},{"date":"19200930","time":"1200","status":"EX","lat":29.5,"lon":-81.5,"wind_kt":45,"pressure_mb":null},{"date":"19200930","time":"1800","status":"EX","lat":31.1,"lon":-78,"wind_kt":45,"pressure_mb":null}]}},{"type":"Feature","geometry":{"type":"LineString","coordinates":[[-82.4,16.5],[-83.2,16.5],[-84,16.5],[-84.7,16.5],[-85.3,16.5],[-86,16.7],[-86.7,17.1],[-87.7,17.7],[-89.1,18.7],[-90.6,19.6],[-92,20.3],[-93,20.8],[-93.5,21.2],[-93.8,21.6],[-94,22],[-94.2,22.4],[-94.5,22.8],[-94.7,23.2],[-95,23.7],[-95.2,24.2],[-95.3,24.7],[-95.4,25.1],[-95.5,25.5],[-95.6,26],[-95.6,26.5],[-95.7,27],[-95.8,27.6],[-95.9,28.5],[-96,29.6],[-96.1,30.9],[-96.2,32.1],[-96.1,33.2],[-95.7,34.3],[-95.3,35.3],[-95,36.3],[-94.9,36.9],[-94.8,37.3],[-94.8,37.6],[-94.8,37.9],[-94.8,38.3],[-94.9,38.8],[-95,39.4],[-95.2,40]]},"properties":{"id":"hur-al011921","event_type":"hurricane","name":null,"year":1921,"max_wind_kt":80,"min_pressure_mb":980,"category":1,"preliminary":false,"start_date":"19210616","end_date":"19210626","track":[{"date":"19210616","time":"0000","status":"TD","lat":16.5,"lon":-82.4,"wind_kt":30,"pressure_mb":null},{"date":"19210616","time":"0600","status":"TD","lat":16.5,"lon":-83.2,"wind_kt":30,"pressure_mb":null},{"date":"19210616","time":"1200","status":"TD","lat":16.5,"lon":-84,"wind_kt":30,"pressure_mb":null},{"date":"19210616","time":"1800","status":"TD","lat":16.5,"lon":-84.7,"wind_kt":30,"pressure_mb":null},{"date":"19210617","time":"0000","status":"TS","lat":16.5,"lon":-85.3,"wind_kt":35,"pressure_mb":null},{"date":"19210617","time":"0600","status":"TS","lat":16.7,"lon":-86,"wind_kt":40,"pressure_mb":null},{"date":"19210617","time":"1200","status":"TS","lat":17.1,"lon":-86.7,"wind_kt":45,"pressure_mb":null},{"date":"19210617","time":"1800","status":"TS","lat":17.7,"lon":-87.7,"wind_kt":45,"pressure_mb":null},{"date":"19210618","time":"0000","status":"TS","lat":18.7,"lon":-89.1,"wind_kt":40,"pressure_mb":null},{"date":"19210618","time":"0600","status":"TS","lat":19.6,"lon":-90.6,"wind_kt":35,"pressure_mb":null},{"date":"19210618","time":"1200","status":"TS","lat":20.3,"lon":-92,"wind_kt":45,"pressure_mb":null},{"date":"19210618","time":"1800","status":"TS","lat":20.8,"lon":-93,"wind_kt":45,"pressure_mb":null},{"date":"19210619","time":"0000","status":"TS","lat":21.2,"lon":-93.5,"wind_kt":50,"pressure_mb":null},{"date":"19210619","time":"0600","status":"TS","lat":21.6,"lon":-93.8,"wind_kt":50,"pressure_mb":null},{"date":"19210619","time":"1200","status":"TS","lat":22,"lon":-94,"wind_kt":50,"pressure_mb":null},{"date":"19210619","time":"1800","status":"TS","lat":22.4,"lon":-94.2,"wind_kt":55,"pressure_mb":null},{"date":"19210620","time":"0000","status":"TS","lat":22.8,"lon":-94.5,"wind_kt":60,"pressure_mb":null},{"date":"19210620","time":"0600","status":"TS","lat":23.2,"lon":-94.7,"wind_kt":60,"pressure_mb":null},{"date":"19210620","time":"1200","status":"HU","lat":23.7,"lon":-95,"wind_kt":65,"pressure_mb":null},{"date":"19210620","time":"1800","status":"HU","lat":24.2,"lon":-95.2,"wind_kt":65,"pressure_mb":null},{"date":"19210621","time":"0000","status":"HU","lat":24.7,"lon":-95.3,"wind_kt":65,"pressure_mb":null},{"date":"19210621","time":"0600","status":"HU","lat":25.1,"lon":-95.4,"wind_kt":65,"pressure_mb":null},{"date":"19210621","time":"1200","status":"HU","lat":25.5,"lon":-95.5,"wind_kt":70,"pressure_mb":null},{"date":"19210621","time":"1800","status":"HU","lat":26,"lon":-95.6,"wind_kt":70,"pressure_mb":null},{"date":"19210622","time":"0000","status":"HU","lat":26.5,"lon":-95.6,"wind_kt":75,"pressure_mb":null},{"date":"19210622","time":"0600","status":"HU","lat":27,"lon":-95.7,"wind_kt":80,"pressure_mb":null},{"date":"19210622","time":"1200","status":"HU","lat":27.6,"lon":-95.8,"wind_kt":80,"pressure_mb":null},{"date":"19210622","time":"1800","status":"HU","lat":28.5,"lon":-95.9,"wind_kt":80,"pressure_mb":980},{"date":"19210623","time":"0000","status":"TS","lat":29.6,"lon":-96,"wind_kt":50,"pressure_mb":null},{"date":"19210623","time":"0600","status":"TS","lat":30.9,"lon":-96.1,"wind_kt":40,"pressure_mb":null},{"date":"19210623","time":"1200","status":"TD","lat":32.1,"lon":-96.2,"wind_kt":30,"pressure_mb":null},{"date":"19210623","time":"1800","status":"TD","lat":33.2,"lon":-96.1,"wind_kt":30,"pressure_mb":null},{"date":"19210624","time":"0000","status":"TD","lat":34.3,"lon":-95.7,"wind_kt":30,"pressure_mb":null},{"date":"19210624","time":"0600","status":"TD","lat":35.3,"lon":-95.3,"wind_kt":30,"pressure_mb":null},{"date":"19210624","time":"1200","status":"TD","lat":36.3,"lon":-95,"wind_kt":30,"pressure_mb":null},{"date":"19210624","time":"1800","status":"TD","lat":36.9,"lon":-94.9,"wind_kt":30,"pressure_mb":null},{"date":"19210625","time":"0000","status":"TD","lat":37.3,"lon":-94.8,"wind_kt":30,"pressure_mb":null},{"date":"19210625","time":"0600","status":"TD","lat":37.6,"lon":-94.8,"wind_kt":30,"pressure_mb":null},{"date":"19210625","time":"1200","status":"TD","lat":37.9,"lon":-94.8,"wind_kt":25,"pressure_mb":null},{"date":"19210625","time":"1800","status":"TD","lat":38.3,"lon":-94.8,"wind_kt":20,"pressure_mb":null},{"date":"19210626","time":"0000","status":"TD","lat":38.8,"lon":-94.9,"wind_kt":20,"pressure_mb":null},{"date":"19210626","time":"0600","status":"TD","lat":39.4,"lon":-95,"wind_kt":15,"pressure_mb":null},{"date":"19210626","time":"1200","status":"TD","lat":40,"lon":-95.2,"wind_kt":15,"pressure_mb":null}]}},{"type":"Feature","geometry":{"type":"LineString","coordinates":[[-95,21],[-95.2,21.1],[-95.3,21.3],[-95.4,21.4],[-95.5,21.5],[-95.7,21.7],[-95.9,21.8],[-96.1,21.9],[-96.5,22],[-97,22.2],[-97.6,22.4],[-98.1,22.6],[-98.6,22.8],[-98.9,23.2],[-98.8,23.8],[-98.7,24.8]]},"properties":{"id":"hur-al021921","event_type":"hurricane","name":null,"year":1921,"max_wind_kt":70,"min_pressure_mb":null,"category":1,"preliminary":false,"start_date":"19210904","end_date":"19210908","track":[{"date":"19210904","time":"1200","status":"TD","lat":21,"lon":-95,"wind_kt":30,"pressure_mb":null},{"date":"19210904","time":"1800","status":"TD","lat":21.1,"lon":-95.2,"wind_kt":30,"pressure_mb":null},{"date":"19210905","time":"0000","status":"TD","lat":21.3,"lon":-95.3,"wind_kt":30,"pressure_mb":null},{"date":"19210905","time":"0600","status":"TD","lat":21.4,"lon":-95.4,"wind_kt":30,"pressure_mb":null},{"date":"19210905","time":"1200","status":"TD","lat":21.5,"lon":-95.5,"wind_kt":30,"pressure_mb":null},{"date":"19210905","time":"1800","status":"TD","lat":21.7,"lon":-95.7,"wind_kt":30,"pressure_mb":null},{"date":"19210906","time":"0000","status":"TS","lat":21.8,"lon":-95.9,"wind_kt":35,"pressure_mb":null},{"date":"19210906","time":"0600","status":"TS","lat":21.9,"lon":-96.1,"wind_kt":40,"pressure_mb":null},{"date":"19210906","time":"1200","status":"TS","lat":22,"lon":-96.5,"wind_kt":50,"pressure_mb":null},{"date":"19210906","time":"1800","status":"TS","lat":22.2,"lon":-97,"wind_kt":60,"pressure_mb":null},{"date":"19210907","time":"0000","status":"HU","lat":22.4,"lon":-97.6,"wind_kt":70,"pressure_mb":null},{"date":"19210907","time":"0600","status":"TS","lat":22.6,"lon":-98.1,"wind_kt":55,"pressure_mb":null},{"date":"19210907","time":"1200","status":"TS","lat":22.8,"lon":-98.6,"wind_kt":45,"pressure_mb":null},{"date":"19210907","time":"1800","status":"TS","lat":23.2,"lon":-98.9,"wind_kt":40,"pressure_mb":null},{"date":"19210908","time":"0000","status":"TS","lat":23.8,"lon":-98.8,"wind_kt":35,"pressure_mb":null},{"date":"19210908","time":"0600","status":"TD","lat":24.8,"lon":-98.7,"wind_kt":30,"pressure_mb":null}]}},{"type":"Feature","geometry":{"type":"LineString","coordinates":[[-40,10],[-42,10],[-44,10],[-46,10.1],[-48.1,10.2],[-50.3,10.3],[-52.5,10.4],[-54.3,10.5],[-55.9,10.6],[-57.5,10.7],[-59,11],[-60.4,11.6],[-61.8,12.4],[-63.2,13.2],[-64.5,14],[-65.5,14.6],[-66.3,15.1],[-67,15.7],[-67.6,16.3],[-68,16.9],[-68.3,17.6],[-68.5,18.3],[-68.6,19],[-68.7,19.8],[-68.8,20.7],[-69,21.6],[-69.2,22.5],[-69.2,23.5],[-69.3,24.7],[-69.4,25.9],[-69.5,27],[-69.5,27.7],[-69.5,28.3],[-69.5,28.9],[-69.2,29.5],[-68.7,30.2],[-67.8,30.9],[-66.6,31.6],[-65.1,32.3],[-63.3,33.3],[-61.2,34.6],[-58.7,36.3],[-55.5,38.5],[-52.3,41.2],[-49.2,44.5],[-46.1,48],[-43,52],[-40,56.5]]},"properties":{"id":"hur-al031921","event_type":"hurricane","name":null,"year":1921,"max_wind_kt":110,"min_pressure_mb":959,"category":3,"preliminary":false,"start_date":"19210906","end_date":"19210917","track":[{"date":"19210906","time":"0000","status":"TS","lat":10,"lon":-40,"wind_kt":40,"pressure_mb":null},{"date":"19210906","time":"0600","status":"TS","lat":10,"lon":-42,"wind_kt":40,"pressure_mb":null},{"date":"19210906","time":"1200","status":"TS","lat":10,"lon":-44,"wind_kt":45,"pressure_mb":null},{"date":"19210906","time":"1800","status":"TS","lat":10.1,"lon":-46,"wind_kt":45,"pressure_mb":null},{"date":"19210907","time":"0000","status":"TS","lat":10.2,"lon":-48.1,"wind_kt":50,"pressure_mb":null},{"date":"19210907","time":"0600","status":"TS","lat":10.3,"lon":-50.3,"wind_kt":50,"pressure_mb":null},{"date":"19210907","time":"1200","status":"TS","lat":10.4,"lon":-52.5,"wind_kt":50,"pressure_mb":null},{"date":"19210907","time":"1800","status":"TS","lat":10.5,"lon":-54.3,"wind_kt":50,"pressure_mb":null},{"date":"19210908","time":"0000","status":"TS","lat":10.6,"lon":-55.9,"wind_kt":60,"pressure_mb":null},{"date":"19210908","time":"0600","status":"HU","lat":10.7,"lon":-57.5,"wind_kt":65,"pressure_mb":null},{"date":"19210908","time":"1200","status":"HU","lat":11,"lon":-59,"wind_kt":70,"pressure_mb":null},{"date":"19210908","time":"1800","status":"HU","lat":11.6,"lon":-60.4,"wind_kt":80,"pressure_mb":null},{"date":"19210909","time":"0000","status":"HU","lat":12.4,"lon":-61.8,"wind_kt":90,"pressure_mb":null},{"date":"19210909","time":"0600","status":"HU","lat":13.2,"lon":-63.2,"wind_kt":95,"pressure_mb":null},{"date":"19210909","time":"1200","status":"HU","lat":14,"lon":-64.5,"wind_kt":100,"pressure_mb":null},{"date":"19210909","time":"1800","status":"HU","lat":14.6,"lon":-65.5,"wind_kt":100,"pressure_mb":null},{"date":"19210910","time":"0000","status":"HU","lat":15.1,"lon":-66.3,"wind_kt":100,"pressure_mb":null},{"date":"19210910","time":"0600","status":"HU","lat":15.7,"lon":-67,"wind_kt":100,"pressure_mb":null},{"date":"19210910","time":"1200","status":"HU","lat":16.3,"lon":-67.6,"wind_kt":100,"pressure_mb":null},{"date":"19210910","time":"1800","status":"HU","lat":16.9,"lon":-68,"wind_kt":100,"pressure_mb":961},{"date":"19210911","time":"0000","status":"HU","lat":17.6,"lon":-68.3,"wind_kt":110,"pressure_mb":null},{"date":"19210911","time":"0600","status":"HU","lat":18.3,"lon":-68.5,"wind_kt":110,"pressure_mb":null},{"date":"19210911","time":"1200","status":"HU","lat":19,"lon":-68.6,"wind_kt":90,"pressure_mb":null},{"date":"19210911","time":"1800","status":"HU","lat":19.8,"lon":-68.7,"wind_kt":90,"pressure_mb":null},{"date":"19210912","time":"0000","status":"HU","lat":20.7,"lon":-68.8,"wind_kt":95,"pressure_mb":null},{"date":"19210912","time":"0600","status":"HU","lat":21.6,"lon":-69,"wind_kt":95,"pressure_mb":null},{"date":"19210912","time":"1200","status":"HU","lat":22.5,"lon":-69.2,"wind_kt":95,"pressure_mb":null},{"date":"19210912","time":"1800","status":"HU","lat":23.5,"lon":-69.2,"wind_kt":95,"pressure_mb":null},{"date":"19210913","time":"0000","status":"HU","lat":24.7,"lon":-69.3,"wind_kt":100,"pressure_mb":null},{"date":"19210913","time":"0600","status":"HU","lat":25.9,"lon":-69.4,"wind_kt":100,"pressure_mb":null},{"date":"19210913","time":"1200","status":"HU","lat":27,"lon":-69.5,"wind_kt":105,"pressure_mb":null},{"date":"19210913","time":"1800","status":"HU","lat":27.7,"lon":-69.5,"wind_kt":105,"pressure_mb":null},{"date":"19210914","time":"0000","status":"HU","lat":28.3,"lon":-69.5,"wind_kt":105,"pressure_mb":null},{"date":"19210914","time":"0600","status":"HU","lat":28.9,"lon":-69.5,"wind_kt":105,"pressure_mb":null},{"date":"19210914","time":"1200","status":"HU","lat":29.5,"lon":-69.2,"wind_kt":105,"pressure_mb":null},{"date":"19210914","time":"1800","status":"HU","lat":30.2,"lon":-68.7,"wind_kt":105,"pressure_mb":null},{"date":"19210915","time":"0000","status":"HU","lat":30.9,"lon":-67.8,"wind_kt":100,"pressure_mb":null},{"date":"19210915","time":"0600","status":"HU","lat":31.6,"lon":-66.6,"wind_kt":100,"pressure_mb":null},{"date":"19210915","time":"1200","status":"HU","lat":32.3,"lon":-65.1,"wind_kt":95,"pressure_mb":null},{"date":"19210915","time":"1800","status":"HU","lat":33.3,"lon":-63.3,"wind_kt":95,"pressure_mb":null},{"date":"19210916","time":"0000","status":"HU","lat":34.6,"lon":-61.2,"wind_kt":90,"pressure_mb":null},{"date":"19210916","time":"0600","status":"HU","lat":36.3,"lon":-58.7,"wind_kt":90,"pressure_mb":null},{"date":"19210916","time":"1200","status":"HU","lat":38.5,"lon":-55.5,"wind_kt":90,"pressure_mb":null},{"date":"19210916","time":"1800","status":"HU","lat":41.2,"lon":-52.3,"wind_kt":85,"pressure_mb":964},{"date":"19210917","time":"0000","status":"HU","lat":44.5,"lon":-49.2,"wind_kt":80,"pressure_mb":null},{"date":"19210917","time":"0600","status":"EX","lat":48,"lon":-46.1,"wind_kt":75,"pressure_mb":959},{"date":"19210917","time":"1200","status":"EX","lat":52,"lon":-43,"wind_kt":70,"pressure_mb":null},{"date":"19210917","time":"1800","status":"EX","lat":56.5,"lon":-40,"wind_kt":65,"pressure_mb":null}]}},{"type":"Feature","geometry":{"type":"LineString","coordinates":[[-63.4,23],[-63.9,23.3],[-64.3,23.5],[-64.6,23.6],[-64.9,23.8],[-65.2,24],[-65.5,24.2],[-65.8,24.4],[-66.1,24.6],[-66.3,24.8],[-66.5,25],[-66.5,25.4],[-66.3,25.9],[-66,26.6],[-65.5,27.5],[-65,28.5],[-64.4,29.5],[-63.8,30.5],[-63,31.5],[-62.1,32.6],[-61.1,33.7],[-60.1,34.8],[-59,36],[-57.5,37.3],[-55.5,38.7],[-53,40.1],[-49.5,41.5],[-45.5,43]]},"properties":{"id":"hur-al041921","event_type":"hurricane","name":null,"year":1921,"max_wind_kt":80,"min_pressure_mb":979,"category":1,"preliminary":false,"start_date":"19210908","end_date":"19210914","track":[{"date":"19210908","time":"0000","status":"TS","lat":23,"lon":-63.4,"wind_kt":35,"pressure_mb":null},{"date":"19210908","time":"0600","status":"TS","lat":23.3,"lon":-63.9,"wind_kt":35,"pressure_mb":null},{"date":"19210908","time":"1200","status":"TS","lat":23.5,"lon":-64.3,"wind_kt":35,"pressure_mb":null},{"date":"19210908","time":"1800","status":"TS","lat":23.6,"lon":-64.6,"wind_kt":35,"pressure_mb":null},{"date":"19210909","time":"0000","status":"TS","lat":23.8,"lon":-64.9,"wind_kt":35,"pressure_mb":null},{"date":"19210909","time":"0600","status":"TS","lat":24,"lon":-65.2,"wind_kt":35,"pressure_mb":null},{"date":"19210909","time":"1200","status":"TS","lat":24.2,"lon":-65.5,"wind_kt":35,"pressure_mb":null},{"date":"19210909","time":"1800","status":"TS","lat":24.4,"lon":-65.8,"wind_kt":35,"pressure_mb":null},{"date":"19210910","time":"0000","status":"TS","lat":24.6,"lon":-66.1,"wind_kt":35,"pressure_mb":null},{"date":"19210910","time":"0600","status":"TS","lat":24.8,"lon":-66.3,"wind_kt":35,"pressure_mb":null},{"date":"19210910","time":"1200","status":"TS","lat":25,"lon":-66.5,"wind_kt":35,"pressure_mb":null},{"date":"19210910","time":"1800","status":"TS","lat":25.4,"lon":-66.5,"wind_kt":35,"pressure_mb":null},{"date":"19210911","time":"0000","status":"TS","lat":25.9,"lon":-66.3,"wind_kt":35,"pressure_mb":null},{"date":"19210911","time":"0600","status":"TS","lat":26.6,"lon":-66,"wind_kt":45,"pressure_mb":null},{"date":"19210911","time":"1200","status":"TS","lat":27.5,"lon":-65.5,"wind_kt":55,"pressure_mb":null},{"date":"19210911","time":"1800","status":"HU","lat":28.5,"lon":-65,"wind_kt":65,"pressure_mb":null},{"date":"19210912","time":"0000","status":"HU","lat":29.5,"lon":-64.4,"wind_kt":75,"pressure_mb":null},{"date":"19210912","time":"0600","status":"HU","lat":30.5,"lon":-63.8,"wind_kt":80,"pressure_mb":null},{"date":"19210912","time":"1200","status":"HU","lat":31.5,"lon":-63,"wind_kt":80,"pressure_mb":null},{"date":"19210912","time":"1800","status":"HU","lat":32.6,"lon":-62.1,"wind_kt":80,"pressure_mb":null},{"date":"19210913","time":"0000","status":"HU","lat":33.7,"lon":-61.1,"wind_kt":80,"pressure_mb":null},{"date":"19210913","time":"0600","status":"HU","lat":34.8,"lon":-60.1,"wind_kt":80,"pressure_mb":null},{"date":"19210913","time":"1200","status":"HU","lat":36,"lon":-59,"wind_kt":80,"pressure_mb":null},{"date":"19210913","time":"1800","status":"HU","lat":37.3,"lon":-57.5,"wind_kt":80,"pressure_mb":null},{"date":"19210914","time":"0000","status":"HU","lat":38.7,"lon":-55.5,"wind_kt":80,"pressure_mb":null},{"date":"19210914","time":"0600","status":"HU","lat":40.1,"lon":-53,"wind_kt":80,"pressure_mb":979},{"date":"19210914","time":"1200","status":"EX","lat":41.5,"lon":-49.5,"wind_kt":75,"pressure_mb":null},{"date":"19210914","time":"1800","status":"EX","lat":43,"lon":-45.5,"wind_kt":70,"pressure_mb":null}]}},{"type":"Feature","geometry":{"type":"LineString","coordinates":[[-84,24],[-83,25.5],[-81.8,27],[-80.3,28.5],[-78.5,30],[-76,31.7],[-73,33.5],[-69.5,35.3],[-66,37],[-63,38.2],[-60.2,39.4],[-57.4,40.4],[-54.5,41.1],[-51.3,41.5],[-48.5,41.8],[-45.7,42],[-43,42.2],[-40.5,42.2],[-38.5,42.3],[-37.3,42.3],[-36,42.2],[-34.5,41.8],[-33,41.2],[-31.5,40.7],[-30.5,40],[-30,39.2],[-29.8,38.4],[-29.8,37.7],[-30,37],[-30.5,36.5],[-31.1,36],[-31.8,35.8],[-32.5,35.6],[-33,35.6],[-33.2,35.5],[-34,35.5]]},"properties":{"id":"hur-al051921","event_type":"hurricane","name":null,"year":1921,"max_wind_kt":70,"min_pressure_mb":null,"category":1,"preliminary":false,"start_date":"19211015","end_date":"19211024","track":[{"date":"19211015","time":"1200","status":"TD","lat":24,"lon":-84,"wind_kt":30,"pressure_mb":null},{"date":"19211015","time":"1800","status":"TD","lat":25.5,"lon":-83,"wind_kt":30,"pressure_mb":null},{"date":"19211016","time":"0000","status":"TD","lat":27,"lon":-81.8,"wind_kt":30,"pressure_mb":null},{"date":"19211016","time":"0600","status":"TS","lat":28.5,"lon":-80.3,"wind_kt":35,"pressure_mb":null},{"date":"19211016","time":"1200","status":"TS","lat":30,"lon":-78.5,"wind_kt":45,"pressure_mb":null},{"date":"19211016","time":"1800","status":"TS","lat":31.7,"lon":-76,"wind_kt":50,"pressure_mb":null},{"date":"19211017","time":"0000","status":"TS","lat":33.5,"lon":-73,"wind_kt":55,"pressure_mb":null},{"date":"19211017","time":"0600","status":"TS","lat":35.3,"lon":-69.5,"wind_kt":60,"pressure_mb":null},{"date":"19211017","time":"1200","status":"TS","lat":37,"lon":-66,"wind_kt":60,"pressure_mb":null},{"date":"19211017","time":"1800","status":"TS","lat":38.2,"lon":-63,"wind_kt":60,"pressure_mb":null},{"date":"19211018","time":"0000","status":"EX","lat":39.4,"lon":-60.2,"wind_kt":60,"pressure_mb":null},{"date":"19211018","time":"0600","status":"EX","lat":40.4,"lon":-57.4,"wind_kt":60,"pressure_mb":null},{"date":"19211018","time":"1200","status":"EX","lat":41.1,"lon":-54.5,"wind_kt":60,"pressure_mb":null},{"date":"19211018","time":"1800","status":"EX","lat":41.5,"lon":-51.3,"wind_kt":60,"pressure_mb":null},{"date":"19211019","time":"0000","status":"EX","lat":41.8,"lon":-48.5,"wind_kt":60,"pressure_mb":null},{"date":"19211019","time":"0600","status":"EX","lat":42,"lon":-45.7,"wind_kt":60,"pressure_mb":null},{"date":"19211019","time":"1200","status":"EX","lat":42.2,"lon":-43,"wind_kt":60,"pressure_mb":null},{"date":"19211019","time":"1800","status":"EX","lat":42.2,"lon":-40.5,"wind_kt":60,"pressure_mb":null},{"date":"19211020","time":"0000","status":"EX","lat":42.3,"lon":-38.5,"wind_kt":60,"pressure_mb":null},{"date":"19211020","time":"0600","status":"EX","lat":42.3,"lon":-37.3,"wind_kt":60,"pressure_mb":null},{"date":"19211020","time":"1200","status":"EX","lat":42.2,"lon":-36,"wind_kt":60,"pressure_mb":null},{"date":"19211020","time":"1800","status":"EX","lat":41.8,"lon":-34.5,"wind_kt":65,"pressure_mb":null},{"date":"19211021","time":"0000","status":"EX","lat":41.2,"lon":-33,"wind_kt":70,"pressure_mb":null},{"date":"19211021","time":"0600","status":"EX","lat":40.7,"lon":-31.5,"wind_kt":70,"pressure_mb":null},{"date":"19211021","time":"1200","status":"EX","lat":40,"lon":-30.5,"wind_kt":65,"pressure_mb":null},{"date":"19211021","time":"1800","status":"EX","lat":39.2,"lon":-30,"wind_kt":60,"pressure_mb":null},{"date":"19211022","time":"0000","status":"EX","lat":38.4,"lon":-29.8,"wind_kt":55,"pressure_mb":null},{"date":"19211022","time":"0600","status":"EX","lat":37.7,"lon":-29.8,"wind_kt":50,"pressure_mb":null},{"date":"19211022","time":"1200","status":"EX","lat":37,"lon":-30,"wind_kt":45,"pressure_mb":null},{"date":"19211022","time":"1800","status":"EX","lat":36.5,"lon":-30.5,"wind_kt":40,"pressure_mb":null},{"date":"19211023","time":"0000","status":"EX","lat":36,"lon":-31.1,"wind_kt":35,"pressure_mb":null},{"date":"19211023","time":"0600","status":"EX","lat":35.8,"lon":-31.8,"wind_kt":35,"pressure_mb":null},{"date":"19211023","time":"1200","status":"EX","lat":35.6,"lon":-32.5,"wind_kt":30,"pressure_mb":null},{"date":"19211023","time":"1800","status":"EX","lat":35.6,"lon":-33,"wind_kt":30,"pressure_mb":null},{"date":"19211024","time":"0000","status":"EX","lat":35.5,"lon":-33.2,"wind_kt":35,"pressure_mb":null},{"date":"19211024","time":"0600","status":"EX","lat":35.5,"lon":-34,"wind_kt":30,"pressure_mb":null}]}},{"type":"Feature","geometry":{"type":"LineString","coordinates":[[-80.1,12.7],[-80.4,13.1],[-80.6,13.5],[-80.9,13.8],[-81.2,14.2],[-81.5,14.6],[-81.8,15],[-82.2,15.5],[-82.6,16],[-83,16.5],[-83.5,17],[-84,17.6],[-84.5,18.3],[-85,19.1],[-85.3,20],[-85.4,20.9],[-85.5,21.8],[-85.5,22.8],[-85.5,23.8],[-85.2,24.7],[-84.8,25.6],[-84.4,26.4],[-83.9,27.1],[-83.1,27.8],[-82.8,28.1],[-82.2,28.5],[-81,29],[-79.6,29.5],[-78,29.5],[-76.3,29.4],[-74.6,29.2],[-73.1,29],[-71.8,28.7],[-70.7,28.4],[-69.7,28.1],[-68.8,27.8],[-67.8,27.3],[-66.7,26.8],[-65.5,26.6],[-64,26.5],[-62,27],[-59,28.5],[-55,30.5]]},"properties":{"id":"hur-al061921","event_type":"hurricane","name":null,"year":1921,"max_wind_kt":120,"min_pressure_mb":941,"category":4,"preliminary":false,"start_date":"19211020","end_date":"19211030","track":[{"date":"19211020","time":"0000","status":"TS","lat":12.7,"lon":-80.1,"wind_kt":35,"pressure_mb":null},{"date":"19211020","time":"0600","status":"TS","lat":13.1,"lon":-80.4,"wind_kt":35,"pressure_mb":null},{"date":"19211020","time":"1200","status":"TS","lat":13.5,"lon":-80.6,"wind_kt":35,"pressure_mb":null},{"date":"19211020","time":"1800","status":"TS","lat":13.8,"lon":-80.9,"wind_kt":40,"pressure_mb":null},{"date":"19211021","time":"0000","status":"TS","lat":14.2,"lon":-81.2,"wind_kt":45,"pressure_mb":null},{"date":"19211021","time":"0600","status":"TS","lat":14.6,"lon":-81.5,"wind_kt":50,"pressure_mb":null},{"date":"19211021","time":"1200","status":"TS","lat":15,"lon":-81.8,"wind_kt":50,"pressure_mb":null},{"date":"19211021","time":"1800","status":"TS","lat":15.5,"lon":-82.2,"wind_kt":55,"pressure_mb":null},{"date":"19211022","time":"0000","status":"HU","lat":16,"lon":-82.6,"wind_kt":65,"pressure_mb":null},{"date":"19211022","time":"0600","status":"HU","lat":16.5,"lon":-83,"wind_kt":70,"pressure_mb":null},{"date":"19211022","time":"1200","status":"HU","lat":17,"lon":-83.5,"wind_kt":75,"pressure_mb":null},{"date":"19211022","time":"1800","status":"HU","lat":17.6,"lon":-84,"wind_kt":80,"pressure_mb":null},{"date":"19211023","time":"0000","status":"HU","lat":18.3,"lon":-84.5,"wind_kt":90,"pressure_mb":null},{"date":"19211023","time":"0600","status":"HU","lat":19.1,"lon":-85,"wind_kt":100,"pressure_mb":null},{"date":"19211023","time":"1200","status":"HU","lat":20,"lon":-85.3,"wind_kt":110,"pressure_mb":null},{"date":"19211023","time":"1800","status":"HU","lat":20.9,"lon":-85.4,"wind_kt":120,"pressure_mb":941},{"date":"19211024","time":"0000","status":"HU","lat":21.8,"lon":-85.5,"wind_kt":120,"pressure_mb":null},{"date":"19211024","time":"0600","status":"HU","lat":22.8,"lon":-85.5,"wind_kt":120,"pressure_mb":null},{"date":"19211024","time":"1200","status":"HU","lat":23.8,"lon":-85.5,"wind_kt":120,"pressure_mb":null},{"date":"19211024","time":"1800","status":"HU","lat":24.7,"lon":-85.2,"wind_kt":120,"pressure_mb":null},{"date":"19211025","time":"0000","status":"HU","lat":25.6,"lon":-84.8,"wind_kt":120,"pressure_mb":943},{"date":"19211025","time":"0600","status":"HU","lat":26.4,"lon":-84.4,"wind_kt":115,"pressure_mb":null},{"date":"19211025","time":"1200","status":"HU","lat":27.1,"lon":-83.9,"wind_kt":105,"pressure_mb":null},{"date":"19211025","time":"1800","status":"HU","lat":27.8,"lon":-83.1,"wind_kt":100,"pressure_mb":958},{"date":"19211025","time":"2000","status":"HU","lat":28.1,"lon":-82.8,"wind_kt":100,"pressure_mb":958},{"date":"19211026","time":"0000","status":"HU","lat":28.5,"lon":-82.2,"wind_kt":80,"pressure_mb":null},{"date":"19211026","time":"0600","status":"HU","lat":29,"lon":-81,"wind_kt":70,"pressure_mb":null},{"date":"19211026","time":"1200","status":"HU","lat":29.5,"lon":-79.6,"wind_kt":75,"pressure_mb":null},{"date":"19211026","time":"1800","status":"HU","lat":29.5,"lon":-78,"wind_kt":75,"pressure_mb":null},{"date":"19211027","time":"0000","status":"HU","lat":29.4,"lon":-76.3,"wind_kt":80,"pressure_mb":null},{"date":"19211027","time":"0600","status":"HU","lat":29.2,"lon":-74.6,"wind_kt":80,"pressure_mb":null},{"date":"19211027","time":"1200","status":"HU","lat":29,"lon":-73.1,"wind_kt":75,"pressure_mb":null},{"date":"19211027","time":"1800","status":"HU","lat":28.7,"lon":-71.8,"wind_kt":75,"pressure_mb":null},{"date":"19211028","time":"0000","status":"HU","lat":28.4,"lon":-70.7,"wind_kt":75,"pressure_mb":null},{"date":"19211028","time":"0600","status":"HU","lat":28.1,"lon":-69.7,"wind_kt":75,"pressure_mb":null},{"date":"19211028","time":"1200","status":"HU","lat":27.8,"lon":-68.8,"wind_kt":75,"pressure_mb":null},{"date":"19211028","time":"1800","status":"HU","lat":27.3,"lon":-67.8,"wind_kt":70,"pressure_mb":null},{"date":"19211029","time":"0000","status":"HU","lat":26.8,"lon":-66.7,"wind_kt":70,"pressure_mb":null},{"date":"19211029","time":"0600","status":"HU","lat":26.6,"lon":-65.5,"wind_kt":70,"pressure_mb":null},{"date":"19211029","time":"1200","status":"HU","lat":26.5,"lon":-64,"wind_kt":70,"pressure_mb":null},{"date":"19211029","time":"1800","status":"TS","lat":27,"lon":-62,"wind_kt":60,"pressure_mb":null},{"date":"19211030","time":"0000","status":"EX","lat":28.5,"lon":-59,"wind_kt":50,"pressure_mb":null},{"date":"19211030","time":"0600","status":"EX","lat":30.5,"lon":-55,"wind_kt":40,"pressure_mb":null}]}},{"type":"Feature","geometry":{"type":"LineString","coordinates":[[-65,20.9],[-66,21.2],[-67,21.5],[-68,21.8],[-69,22.1],[-70,22.3],[-71,22.5],[-72,22.7],[-72.9,22.8],[-73.7,22.9],[-74.5,23],[-75.2,22.9],[-75.8,22.8],[-76.5,22.7],[-77.5,22.5],[-78.8,22.3],[-80.3,22.2],[-81.5,22.1],[-82.5,22],[-83.4,22],[-84.3,22.1],[-85.2,22.3],[-86,22.5],[-86.4,22.7],[-86.5,22.9],[-86.5,23.2],[-86.5,23.5],[-86.5,24]]},"properties":{"id":"hur-al071921","event_type":"hurricane","name":null,"year":1921,"max_wind_kt":50,"min_pressure_mb":null,"category":0,"preliminary":false,"start_date":"19211119","end_date":"19211125","track":[{"date":"19211119","time":"0000","status":"TD","lat":20.9,"lon":-65,"wind_kt":25,"pressure_mb":null},{"date":"19211119","time":"0600","status":"TD","lat":21.2,"lon":-66,"wind_kt":25,"pressure_mb":null},{"date":"19211119","time":"1200","status":"TD","lat":21.5,"lon":-67,"wind_kt":30,"pressure_mb":null},{"date":"19211119","time":"1800","status":"TD","lat":21.8,"lon":-68,"wind_kt":30,"pressure_mb":null},{"date":"19211120","time":"0000","status":"TD","lat":22.1,"lon":-69,"wind_kt":30,"pressure_mb":null},{"date":"19211120","time":"0600","status":"TS","lat":22.3,"lon":-70,"wind_kt":35,"pressure_mb":null},{"date":"19211120","time":"1200","status":"TS","lat":22.5,"lon":-71,"wind_kt":35,"pressure_mb":null},{"date":"19211120","time":"1800","status":"TS","lat":22.7,"lon":-72,"wind_kt":40,"pressure_mb":null},{"date":"19211121","time":"0000","status":"TS","lat":22.8,"lon":-72.9,"wind_kt":40,"pressure_mb":null},{"date":"19211121","time":"0600","status":"TS","lat":22.9,"lon":-73.7,"wind_kt":45,"pressure_mb":null},{"date":"19211121","time":"1200","status":"TS","lat":23,"lon":-74.5,"wind_kt":50,"pressure_mb":null},{"date":"19211121","time":"1800","status":"TS","lat":22.9,"lon":-75.2,"wind_kt":50,"pressure_mb":null},{"date":"19211122","time":"0000","status":"TS","lat":22.8,"lon":-75.8,"wind_kt":45,"pressure_mb":null},{"date":"19211122","time":"0600","status":"TS","lat":22.7,"lon":-76.5,"wind_kt":45,"pressure_mb":null},{"date":"19211122","time":"1200","status":"TS","lat":22.5,"lon":-77.5,"wind_kt":40,"pressure_mb":null},{"date":"19211122","time":"1800","status":"TS","lat":22.3,"lon":-78.8,"wind_kt":40,"pressure_mb":null},{"date":"19211123","time":"0000","status":"TS","lat":22.2,"lon":-80.3,"wind_kt":35,"pressure_mb":null},{"date":"19211123","time":"0600","status":"TS","lat":22.1,"lon":-81.5,"wind_kt":35,"pressure_mb":null},{"date":"19211123","time":"1200","status":"TD","lat":22,"lon":-82.5,"wind_kt":30,"pressure_mb":null},{"date":"19211123","time":"1800","status":"TD","lat":22,"lon":-83.4,"wind_kt":30,"pressure_mb":null},{"date":"19211124","time":"0000","status":"TD","lat":22.1,"lon":-84.3,"wind_kt":30,"pressure_mb":null},{"date":"19211124","time":"0600","status":"TD","lat":22.3,"lon":-85.2,"wind_kt":30,"pressure_mb":null},{"date":"19211124","time":"1200","status":"TD","lat":22.5,"lon":-86,"wind_kt":25,"pressure_mb":null},{"date":"19211124","time":"1800","status":"TD","lat":22.7,"lon":-86.4,"wind_kt":25,"pressure_mb":null},{"date":"19211125","time":"0000","status":"TD","lat":22.9,"lon":-86.5,"wind_kt":25,"pressure_mb":null},{"date":"19211125","time":"0600","status":"TD","lat":23.2,"lon":-86.5,"wind_kt":25,"pressure_mb":null},{"date":"19211125","time":"1200","status":"TD","lat":23.5,"lon":-86.5,"wind_kt":25,"pressure_mb":null},{"date":"19211125","time":"1800","status":"TD","lat":24,"lon":-86.5,"wind_kt":25,"pressure_mb":null}]}},{"type":"Feature","geometry":{"type":"LineString","coordinates":[[-82.3,15.5],[-83.4,16.3],[-84.5,17.1],[-85.6,17.8],[-86.5,18.3],[-87,18.5],[-87.6,18.7],[-88.5,19],[-89.5,19.5],[-90.8,20.1],[-92.3,20.7],[-94,21.3],[-95.5,22],[-96.7,23],[-97.7,24],[-98.6,25],[-99.5,26],[-100.2,27]]},"properties":{"id":"hur-al011922","event_type":"hurricane","name":null,"year":1922,"max_wind_kt":45,"min_pressure_mb":1006,"category":0,"preliminary":false,"start_date":"19220612","end_date":"19220616","track":[{"date":"19220612","time":"1200","status":"TD","lat":15.5,"lon":-82.3,"wind_kt":25,"pressure_mb":null},{"date":"19220612","time":"1800","status":"TD","lat":16.3,"lon":-83.4,"wind_kt":25,"pressure_mb":null},{"date":"19220613","time":"0000","status":"TD","lat":17.1,"lon":-84.5,"wind_kt":25,"pressure_mb":null},{"date":"19220613","time":"0600","status":"TD","lat":17.8,"lon":-85.6,"wind_kt":25,"pressure_mb":null},{"date":"19220613","time":"1200","status":"TD","lat":18.3,"lon":-86.5,"wind_kt":30,"pressure_mb":null},{"date":"19220613","time":"1800","status":"TD","lat":18.5,"lon":-87,"wind_kt":30,"pressure_mb":null},{"date":"19220614","time":"0000","status":"TD","lat":18.7,"lon":-87.6,"wind_kt":30,"pressure_mb":null},{"date":"19220614","time":"0600","status":"TD","lat":19,"lon":-88.5,"wind_kt":30,"pressure_mb":null},{"date":"19220614","time":"1200","status":"TD","lat":19.5,"lon":-89.5,"wind_kt":25,"pressure_mb":null},{"date":"19220614","time":"1800","status":"TD","lat":20.1,"lon":-90.8,"wind_kt":25,"pressure_mb":null},{"date":"19220615","time":"0000","status":"TD","lat":20.7,"lon":-92.3,"wind_kt":30,"pressure_mb":null},{"date":"19220615","time":"0600","status":"TS","lat":21.3,"lon":-94,"wind_kt":35,"pressure_mb":null},{"date":"19220615","time":"1200","status":"TS","lat":22,"lon":-95.5,"wind_kt":40,"pressure_mb":null},{"date":"19220615","time":"1800","status":"TS","lat":23,"lon":-96.7,"wind_kt":45,"pressure_mb":null},{"date":"19220616","time":"0000","status":"TS","lat":24,"lon":-97.7,"wind_kt":45,"pressure_mb":null},{"date":"19220616","time":"0600","status":"TS","lat":25,"lon":-98.6,"wind_kt":35,"pressure_mb":null},{"date":"19220616","time":"1200","status":"TD","lat":26,"lon":-99.5,"wind_kt":30,"pressure_mb":1006},{"date":"19220616","time":"1800","status":"TD","lat":27,"lon":-100.2,"wind_kt":25,"pressure_mb":null}]}},{"type":"Feature","geometry":{"type":"LineString","coordinates":[[-46.8,10.4],[-48.1,10.7],[-49.3,11],[-50.5,11.2],[-51.7,11.6],[-52.9,12],[-54,12.6],[-55.2,13.4],[-56.4,14.2],[-57.7,15.1],[-58.8,15.8],[-59.8,16.4],[-60.9,17],[-61.9,17.6],[-62.9,18.1],[-63.9,18.7],[-64.9,19.3],[-65.9,20],[-66.8,20.6],[-67.2,21.2],[-67.3,21.9],[-67.4,22.5],[-67.5,23.2],[-67.6,24],[-67.7,24.9],[-67.8,25.8],[-67.8,26.5],[-67.6,27.3],[-67.3,27.9],[-66.9,28.6],[-66.5,29.2],[-66.1,29.9],[-65.7,30.6],[-65.3,31.3],[-64.8,32.3],[-63.8,33.6],[-62,35.1],[-60,36.7],[-57.5,38],[-55,39],[-52.5,40],[-50,41],[-47.5,42],[-44.5,43.5],[-40,45.5],[-34.4,47.5],[-29.5,49],[-26,50],[-23,50.5],[-20,50.8],[-17.5,51],[-15.8,51],[-14.3,50.8],[-13,50.5],[-12,50],[-11,49.5],[-10,49.5],[-9,49.5],[-8,49.5],[-7,49.5],[-5.2,49.5],[-3,49.5]]},"properties":{"id":"hur-al021922","event_type":"hurricane","name":null,"year":1922,"max_wind_kt":105,"min_pressure_mb":939,"category":3,"preliminary":false,"start_date":"19220913","end_date":"19220928","track":[{"date":"19220913","time":"0000","status":"TD","lat":10.4,"lon":-46.8,"wind_kt":30,"pressure_mb":null},{"date":"19220913","time":"0600","status":"TD","lat":10.7,"lon":-48.1,"wind_kt":30,"pressure_mb":null},{"date":"19220913","time":"1200","status":"TD","lat":11,"lon":-49.3,"wind_kt":30,"pressure_mb":null},{"date":"19220913","time":"1800","status":"TS","lat":11.2,"lon":-50.5,"wind_kt":35,"pressure_mb":null},{"date":"19220914","time":"0000","status":"TS","lat":11.6,"lon":-51.7,"wind_kt":40,"pressure_mb":null},{"date":"19220914","time":"0600","status":"TS","lat":12,"lon":-52.9,"wind_kt":45,"pressure_mb":null},{"date":"19220914","time":"1200","status":"TS","lat":12.6,"lon":-54,"wind_kt":50,"pressure_mb":null},{"date":"19220914","time":"1800","status":"TS","lat":13.4,"lon":-55.2,"wind_kt":55,"pressure_mb":null},{"date":"19220915","time":"0000","status":"TS","lat":14.2,"lon":-56.4,"wind_kt":60,"pressure_mb":null},{"date":"19220915","time":"0600","status":"TS","lat":15.1,"lon":-57.7,"wind_kt":60,"pressure_mb":null},{"date":"19220915","time":"1200","status":"HU","lat":15.8,"lon":-58.8,"wind_kt":70,"pressure_mb":null},{"date":"19220915","time":"1800","status":"HU","lat":16.4,"lon":-59.8,"wind_kt":80,"pressure_mb":null},{"date":"19220916","time":"0000","status":"HU","lat":17,"lon":-60.9,"wind_kt":90,"pressure_mb":null},{"date":"19220916","time":"0600","status":"HU","lat":17.6,"lon":-61.9,"wind_kt":100,"pressure_mb":null},{"date":"19220916","time":"1200","status":"HU","lat":18.1,"lon":-62.9,"wind_kt":100,"pressure_mb":null},{"date":"19220916","time":"1800","status":"HU","lat":18.7,"lon":-63.9,"wind_kt":100,"pressure_mb":null},{"date":"19220917","time":"0000","status":"HU","lat":19.3,"lon":-64.9,"wind_kt":100,"pressure_mb":null},{"date":"19220917","time":"0600","status":"HU","lat":20,"lon":-65.9,"wind_kt":100,"pressure_mb":null},{"date":"19220917","time":"1200","status":"HU","lat":20.6,"lon":-66.8,"wind_kt":105,"pressure_mb":null},{"date":"19220917","time":"1800","status":"HU","lat":21.2,"lon":-67.2,"wind_kt":105,"pressure_mb":null},{"date":"19220918","time":"0000","status":"HU","lat":21.9,"lon":-67.3,"wind_kt":105,"pressure_mb":null},{"date":"19220918","time":"0600","status":"HU","lat":22.5,"lon":-67.4,"wind_kt":105,"pressure_mb":null},{"date":"19220918","time":"1200","status":"HU","lat":23.2,"lon":-67.5,"wind_kt":105,"pressure_mb":null},{"date":"19220918","time":"1800","status":"HU","lat":24,"lon":-67.6,"wind_kt":105,"pressure_mb":null},{"date":"19220919","time":"0000","status":"HU","lat":24.9,"lon":-67.7,"wind_kt":105,"pressure_mb":null},{"date":"19220919","time":"0600","status":"HU","lat":25.8,"lon":-67.8,"wind_kt":105,"pressure_mb":null},{"date":"19220919","time":"1200","status":"HU","lat":26.5,"lon":-67.8,"wind_kt":105,"pressure_mb":null},{"date":"19220919","time":"1800","status":"HU","lat":27.3,"lon":-67.6,"wind_kt":105,"pressure_mb":null},{"date":"19220920","time":"0000","status":"HU","lat":27.9,"lon":-67.3,"wind_kt":105,"pressure_mb":null},{"date":"19220920","time":"0600","status":"HU","lat":28.6,"lon":-66.9,"wind_kt":105,"pressure_mb":null},{"date":"19220920","time":"1200","status":"HU","lat":29.2,"lon":-66.5,"wind_kt":105,"pressure_mb":null},{"date":"19220920","time":"1800","status":"HU","lat":29.9,"lon":-66.1,"wind_kt":105,"pressure_mb":null},{"date":"19220921","time":"0000","status":"HU","lat":30.6,"lon":-65.7,"wind_kt":100,"pressure_mb":null},{"date":"19220921","time":"0600","status":"HU","lat":31.3,"lon":-65.3,"wind_kt":100,"pressure_mb":null},{"date":"19220921","time":"1200","status":"HU","lat":32.3,"lon":-64.8,"wind_kt":100,"pressure_mb":960},{"date":"19220921","time":"1800","status":"HU","lat":33.6,"lon":-63.8,"wind_kt":100,"pressure_mb":null},{"date":"19220922","time":"0000","status":"HU","lat":35.1,"lon":-62,"wind_kt":100,"pressure_mb":null},{"date":"19220922","time":"0600","status":"HU","lat":36.7,"lon":-60,"wind_kt":95,"pressure_mb":null},{"date":"19220922","time":"1200","status":"HU","lat":38,"lon":-57.5,"wind_kt":90,"pressure_mb":null},{"date":"19220922","time":"1800","status":"HU","lat":39,"lon":-55,"wind_kt":85,"pressure_mb":null},{"date":"19220923","time":"0000","status":"EX","lat":40,"lon":-52.5,"wind_kt":80,"pressure_mb":null},{"date":"19220923","time":"0600","status":"EX","lat":41,"lon":-50,"wind_kt":75,"pressure_mb":null},{"date":"19220923","time":"1200","status":"EX","lat":42,"lon":-47.5,"wind_kt":75,"pressure_mb":null},{"date":"19220923","time":"1800","status":"EX","lat":43.5,"lon":-44.5,"wind_kt":75,"pressure_mb":971},{"date":"19220924","time":"0000","status":"EX","lat":45.5,"lon":-40,"wind_kt":75,"pressure_mb":null},{"date":"19220924","time":"0600","status":"EX","lat":47.5,"lon":-34.4,"wind_kt":75,"pressure_mb":null},{"date":"19220924","time":"1200","status":"EX","lat":49,"lon":-29.5,"wind_kt":75,"pressure_mb":null},{"date":"19220924","time":"1800","status":"EX","lat":50,"lon":-26,"wind_kt":75,"pressure_mb":952},{"date":"19220925","time":"0000","status":"EX","lat":50.5,"lon":-23,"wind_kt":75,"pressure_mb":null},{"date":"19220925","time":"0600","status":"EX","lat":50.8,"lon":-20,"wind_kt":75,"pressure_mb":939},{"date":"19220925","time":"1200","status":"EX","lat":51,"lon":-17.5,"wind_kt":75,"pressure_mb":null},{"date":"19220925","time":"1800","status":"EX","lat":51,"lon":-15.8,"wind_kt":75,"pressure_mb":null},{"date":"19220926","time":"0000","status":"EX","lat":50.8,"lon":-14.3,"wind_kt":70,"pressure_mb":null},{"date":"19220926","time":"0600","status":"EX","lat":50.5,"lon":-13,"wind_kt":65,"pressure_mb":null},{"date":"19220926","time":"1200","status":"EX","lat":50,"lon":-12,"wind_kt":60,"pressure_mb":null},{"date":"19220926","time":"1800","status":"EX","lat":49.5,"lon":-11,"wind_kt":50,"pressure_mb":null},{"date":"19220927","time":"0000","status":"EX","lat":49.5,"lon":-10,"wind_kt":50,"pressure_mb":null},{"date":"19220927","time":"0600","status":"EX","lat":49.5,"lon":-9,"wind_kt":45,"pressure_mb":null},{"date":"19220927","time":"1200","status":"EX","lat":49.5,"lon":-8,"wind_kt":40,"pressure_mb":null},{"date":"19220927","time":"1800","status":"EX","lat":49.5,"lon":-7,"wind_kt":40,"pressure_mb":null},{"date":"19220928","time":"0000","status":"EX","lat":49.5,"lon":-5.2,"wind_kt":35,"pressure_mb":null},{"date":"19220928","time":"0600","status":"EX","lat":49.5,"lon":-3,"wind_kt":30,"pressure_mb":null}]}},{"type":"Feature","geometry":{"type":"LineString","coordinates":[[-79.4,28.8],[-79.2,28.9],[-79,29],[-78.7,29.1],[-78.5,29.2],[-78.2,29.3],[-78,29.5],[-77.8,29.7],[-77.6,29.9],[-77.3,30.2],[-77,30.5],[-76.5,30.8],[-76,31.2],[-75.5,31.6],[-75,32],[-74.5,32.3],[-74,32.6],[-73.5,33],[-73,33.5],[-72.2,34.3],[-71.2,35.5],[-70,36.6],[-69,37.5],[-68.4,38.1],[-68.2,38.5],[-68.1,38.3],[-68,39],[-68,39.2],[-68,39.4]]},"properties":{"id":"hur-al031922","event_type":"hurricane","name":null,"year":1922,"max_wind_kt":70,"min_pressure_mb":null,"category":1,"preliminary":false,"start_date":"19220918","end_date":"19220925","track":[{"date":"19220918","time":"0000","status":"TD","lat":28.8,"lon":-79.4,"wind_kt":30,"pressure_mb":null},{"date":"19220918","time":"0600","status":"TD","lat":28.9,"lon":-79.2,"wind_kt":30,"pressure_mb":null},{"date":"19220918","time":"1200","status":"TS","lat":29,"lon":-79,"wind_kt":35,"pressure_mb":null},{"date":"19220918","time":"1800","status":"TS","lat":29.1,"lon":-78.7,"wind_kt":35,"pressure_mb":null},{"date":"19220919","time":"0000","status":"TS","lat":29.2,"lon":-78.5,"wind_kt":40,"pressure_mb":null},{"date":"19220919","time":"0600","status":"TS","lat":29.3,"lon":-78.2,"wind_kt":40,"pressure_mb":null},{"date":"19220919","time":"1200","status":"TS","lat":29.5,"lon":-78,"wind_kt":45,"pressure_mb":null},{"date":"19220919","time":"1800","status":"TS","lat":29.7,"lon":-77.8,"wind_kt":50,"pressure_mb":null},{"date":"19220920","time":"0000","status":"TS","lat":29.9,"lon":-77.6,"wind_kt":55,"pressure_mb":null},{"date":"19220920","time":"0600","status":"TS","lat":30.2,"lon":-77.3,"wind_kt":60,"pressure_mb":null},{"date":"19220920","time":"1200","status":"HU","lat":30.5,"lon":-77,"wind_kt":65,"pressure_mb":null},{"date":"19220920","time":"1800","status":"HU","lat":30.8,"lon":-76.5,"wind_kt":70,"pressure_mb":null},{"date":"19220921","time":"0000","status":"HU","lat":31.2,"lon":-76,"wind_kt":70,"pressure_mb":null},{"date":"19220921","time":"0600","status":"HU","lat":31.6,"lon":-75.5,"wind_kt":70,"pressure_mb":null},{"date":"19220921","time":"1200","status":"HU","lat":32,"lon":-75,"wind_kt":70,"pressure_mb":null},{"date":"19220921","time":"1800","status":"HU","lat":32.3,"lon":-74.5,"wind_kt":70,"pressure_mb":null},{"date":"19220922","time":"0000","status":"HU","lat":32.6,"lon":-74,"wind_kt":70,"pressure_mb":null},{"date":"19220922","time":"0600","status":"HU","lat":33,"lon":-73.5,"wind_kt":70,"pressure_mb":null},{"date":"19220922","time":"1200","status":"HU","lat":33.5,"lon":-73,"wind_kt":70,"pressure_mb":null},{"date":"19220922","time":"1800","status":"HU","lat":34.3,"lon":-72.2,"wind_kt":65,"pressure_mb":null},{"date":"19220923","time":"0000","status":"TS","lat":35.5,"lon":-71.2,"wind_kt":60,"pressure_mb":null},{"date":"19220923","time":"0600","status":"TS","lat":36.6,"lon":-70,"wind_kt":55,"pressure_mb":null},{"date":"19220923","time":"1200","status":"TS","lat":37.5,"lon":-69,"wind_kt":50,"pressure_mb":null},{"date":"19220923","time":"1800","status":"TS","lat":38.1,"lon":-68.4,"wind_kt":45,"pressure_mb":null},{"date":"19220924","time":"0000","status":"TS","lat":38.5,"lon":-68.2,"wind_kt":40,"pressure_mb":null},{"date":"19220924","time":"0600","status":"TS","lat":38.3,"lon":-68.1,"wind_kt":35,"pressure_mb":null},{"date":"19220924","time":"1200","status":"TS","lat":39,"lon":-68,"wind_kt":35,"pressure_mb":null},{"date":"19220924","time":"1800","status":"TS","lat":39.2,"lon":-68,"wind_kt":35,"pressure_mb":null},{"date":"19220925","time":"0000","status":"EX","lat":39.4,"lon":-68,"wind_kt":30,"pressure_mb":null}]}},{"type":"Feature","geometry":{"type":"LineString","coordinates":[[-75.5,12],[-75.8,12],[-76,12],[-76.3,12],[-76.5,12],[-76.7,12],[-77,12],[-77.2,12.2],[-77.4,12.5],[-77.6,12.9],[-78,13.5],[-78.5,14.3],[-79,15.2],[-79.5,16.2],[-80,17],[-80.5,17.6],[-81,17.9],[-81.5,18.1],[-82,18.2],[-82.3,18.4],[-82.5,18.6],[-82.7,18.8],[-83,19.1],[-83.3,19.3],[-83.7,19.5],[-84.1,19.9],[-84.5,20.4],[-85.2,20.7],[-85.9,20.7],[-86.6,20.6],[-87.3,20.5],[-87.9,20.5],[-88.4,20.4],[-88.9,20.4],[-89.5,20.3],[-90,20.2],[-90.6,20.1],[-91.3,20],[-91.8,19.8],[-92.1,19.6],[-92.4,19.4],[-92.6,19.1],[-92.8,18.8],[-93,18.5],[-93.2,18.3],[-93.4,18.1]]},"properties":{"id":"hur-al041922","event_type":"hurricane","name":null,"year":1922,"max_wind_kt":95,"min_pressure_mb":null,"category":2,"preliminary":false,"start_date":"19221011","end_date":"19221022","track":[{"date":"19221011","time":"0000","status":"TD","lat":12,"lon":-75.5,"wind_kt":25,"pressure_mb":null},{"date":"19221011","time":"0600","status":"TD","lat":12,"lon":-75.8,"wind_kt":25,"pressure_mb":null},{"date":"19221011","time":"1200","status":"TD","lat":12,"lon":-76,"wind_kt":25,"pressure_mb":null},{"date":"19221011","time":"1800","status":"TD","lat":12,"lon":-76.3,"wind_kt":25,"pressure_mb":null},{"date":"19221012","time":"0000","status":"TD","lat":12,"lon":-76.5,"wind_kt":25,"pressure_mb":null},{"date":"19221012","time":"0600","status":"TD","lat":12,"lon":-76.7,"wind_kt":25,"pressure_mb":null},{"date":"19221012","time":"1200","status":"TD","lat":12,"lon":-77,"wind_kt":25,"pressure_mb":null},{"date":"19221012","time":"1800","status":"TD","lat":12.2,"lon":-77.2,"wind_kt":25,"pressure_mb":null},{"date":"19221013","time":"0000","status":"TD","lat":12.5,"lon":-77.4,"wind_kt":25,"pressure_mb":null},{"date":"19221013","time":"0600","status":"TD","lat":12.9,"lon":-77.6,"wind_kt":25,"pressure_mb":null},{"date":"19221013","time":"1200","status":"TD","lat":13.5,"lon":-78,"wind_kt":25,"pressure_mb":null},{"date":"19221013","time":"1800","status":"TD","lat":14.3,"lon":-78.5,"wind_kt":25,"pressure_mb":null},{"date":"19221014","time":"0000","status":"TD","lat":15.2,"lon":-79,"wind_kt":30,"pressure_mb":null},{"date":"19221014","time":"0600","status":"TD","lat":16.2,"lon":-79.5,"wind_kt":30,"pressure_mb":null},{"date":"19221014","time":"1200","status":"TD","lat":17,"lon":-80,"wind_kt":30,"pressure_mb":null},{"date":"19221014","time":"1800","status":"TD","lat":17.6,"lon":-80.5,"wind_kt":30,"pressure_mb":null},{"date":"19221015","time":"0000","status":"TD","lat":17.9,"lon":-81,"wind_kt":30,"pressure_mb":null},{"date":"19221015","time":"0600","status":"TD","lat":18.1,"lon":-81.5,"wind_kt":30,"pressure_mb":null},{"date":"19221015","time":"1200","status":"TS","lat":18.2,"lon":-82,"wind_kt":35,"pressure_mb":null},{"date":"19221015","time":"1800","status":"TS","lat":18.4,"lon":-82.3,"wind_kt":40,"pressure_mb":null},{"date":"19221016","time":"0000","status":"TS","lat":18.6,"lon":-82.5,"wind_kt":45,"pressure_mb":null},{"date":"19221016","time":"0600","status":"TS","lat":18.8,"lon":-82.7,"wind_kt":50,"pressure_mb":null},{"date":"19221016","time":"1200","status":"TS","lat":19.1,"lon":-83,"wind_kt":60,"pressure_mb":null},{"date":"19221016","time":"1800","status":"HU","lat":19.3,"lon":-83.3,"wind_kt":65,"pressure_mb":null},{"date":"19221017","time":"0000","status":"HU","lat":19.5,"lon":-83.7,"wind_kt":70,"pressure_mb":null},{"date":"19221017","time":"0600","status":"HU","lat":19.9,"lon":-84.1,"wind_kt":75,"pressure_mb":null},{"date":"19221017","time":"1200","status":"HU","lat":20.4,"lon":-84.5,"wind_kt":80,"pressure_mb":null},{"date":"19221017","time":"1800","status":"HU","lat":20.7,"lon":-85.2,"wind_kt":85,"pressure_mb":null},{"date":"19221018","time":"0000","status":"HU","lat":20.7,"lon":-85.9,"wind_kt":95,"pressure_mb":null},{"date":"19221018","time":"0600","status":"HU","lat":20.6,"lon":-86.6,"wind_kt":95,"pressure_mb":null},{"date":"19221018","time":"1200","status":"HU","lat":20.5,"lon":-87.3,"wind_kt":85,"pressure_mb":null},{"date":"19221018","time":"1800","status":"HU","lat":20.5,"lon":-87.9,"wind_kt":65,"pressure_mb":null},{"date":"19221019","time":"0000","status":"TS","lat":20.4,"lon":-88.4,"wind_kt":55,"pressure_mb":null},{"date":"19221019","time":"0600","status":"TS","lat":20.4,"lon":-88.9,"wind_kt":50,"pressure_mb":null},{"date":"19221019","time":"1200","status":"TS","lat":20.3,"lon":-89.5,"wind_kt":50,"pressure_mb":null},{"date":"19221019","time":"1800","status":"TS","lat":20.2,"lon":-90,"wind_kt":50,"pressure_mb":null},{"date":"19221020","time":"0000","status":"TS","lat":20.1,"lon":-90.6,"wind_kt":60,"pressure_mb":null},{"date":"19221020","time":"0600","status":"HU","lat":20,"lon":-91.3,"wind_kt":65,"pressure_mb":null},{"date":"19221020","time":"1200","status":"HU","lat":19.8,"lon":-91.8,"wind_kt":70,"pressure_mb":null},{"date":"19221020","time":"1800","status":"HU","lat":19.6,"lon":-92.1,"wind_kt":70,"pressure_mb":null},{"date":"19221021","time":"0000","status":"HU","lat":19.4,"lon":-92.4,"wind_kt":70,"pressure_mb":null},{"date":"19221021","time":"0600","status":"HU","lat":19.1,"lon":-92.6,"wind_kt":70,"pressure_mb":null},{"date":"19221021","time":"1200","status":"HU","lat":18.8,"lon":-92.8,"wind_kt":70,"pressure_mb":null},{"date":"19221021","time":"1800","status":"HU","lat":18.5,"lon":-93,"wind_kt":70,"pressure_mb":null},{"date":"19221022","time":"0000","status":"TS","lat":18.3,"lon":-93.2,"wind_kt":45,"pressure_mb":null},{"date":"19221022","time":"0600","status":"TS","lat":18.1,"lon":-93.4,"wind_kt":35,"pressure_mb":null}]}},{"type":"Feature","geometry":{"type":"LineString","coordinates":[[-84.5,16.5],[-84.2,16.5],[-84,16.5],[-83.7,16.7],[-83.4,17],[-83.1,17.4],[-83,18],[-83,19],[-83,20.2],[-83,21.5],[-83,22.8],[-83.4,24.2],[-84,25.3],[-84.7,26.1],[-85.3,26.6],[-85.8,27],[-86.3,27.3],[-86.8,27.6],[-87.2,28],[-87.5,28.6],[-87.7,29.3],[-87.8,30],[-87.9,30.8],[-88,31.6]]},"properties":{"id":"hur-al051922","event_type":"hurricane","name":null,"year":1922,"max_wind_kt":45,"min_pressure_mb":null,"category":0,"preliminary":false,"start_date":"19221012","end_date":"19221017","track":[{"date":"19221012","time":"0000","status":"TD","lat":16.5,"lon":-84.5,"wind_kt":25,"pressure_mb":null},{"date":"19221012","time":"0600","status":"TD","lat":16.5,"lon":-84.2,"wind_kt":25,"pressure_mb":null},{"date":"19221012","time":"1200","status":"TD","lat":16.5,"lon":-84,"wind_kt":25,"pressure_mb":null},{"date":"19221012","time":"1800","status":"TD","lat":16.7,"lon":-83.7,"wind_kt":25,"pressure_mb":null},{"date":"19221013","time":"0000","status":"TD","lat":17,"lon":-83.4,"wind_kt":30,"pressure_mb":null},{"date":"19221013","time":"0600","status":"TD","lat":17.4,"lon":-83.1,"wind_kt":30,"pressure_mb":null},{"date":"19221013","time":"1200","status":"TS","lat":18,"lon":-83,"wind_kt":35,"pressure_mb":null},{"date":"19221013","time":"1800","status":"TS","lat":19,"lon":-83,"wind_kt":35,"pressure_mb":null},{"date":"19221014","time":"0000","status":"TS","lat":20.2,"lon":-83,"wind_kt":35,"pressure_mb":null},{"date":"19221014","time":"0600","status":"TS","lat":21.5,"lon":-83,"wind_kt":35,"pressure_mb":null},{"date":"19221014","time":"1200","status":"TS","lat":22.8,"lon":-83,"wind_kt":35,"pressure_mb":null},{"date":"19221014","time":"1800","status":"TS","lat":24.2,"lon":-83.4,"wind_kt":40,"pressure_mb":null},{"date":"19221015","time":"0000","status":"TS","lat":25.3,"lon":-84,"wind_kt":45,"pressure_mb":null},{"date":"19221015","time":"0600","status":"TS","lat":26.1,"lon":-84.7,"wind_kt":45,"pressure_mb":null},{"date":"19221015","time":"1200","status":"TS","lat":26.6,"lon":-85.3,"wind_kt":45,"pressure_mb":null},{"date":"19221015","time":"1800","status":"TS","lat":27,"lon":-85.8,"wind_kt":45,"pressure_mb":null},{"date":"19221016","time":"0000","status":"TS","lat":27.3,"lon":-86.3,"wind_kt":45,"pressure_mb":null},{"date":"19221016","time":"0600","status":"TS","lat":27.6,"lon":-86.8,"wind_kt":40,"pressure_mb":null},{"date":"19221016","time":"1200","status":"TS","lat":28,"lon":-87.2,"wind_kt":35,"pressure_mb":null},{"date":"19221016","time":"1800","status":"TD","lat":28.6,"lon":-87.5,"wind_kt":30,"pressure_mb":null},{"date":"19221017","time":"0000","status":"TD","lat":29.3,"lon":-87.7,"wind_kt":30,"pressure_mb":null},{"date":"19221017","time":"0600","status":"TD","lat":30,"lon":-87.8,"wind_kt":25,"pressure_mb":null},{"date":"19221017","time":"1200","status":"EX","lat":30.8,"lon":-87.9,"wind_kt":25,"pressure_mb":null},{"date":"19221017","time":"1800","status":"EX","lat":31.6,"lon":-88,"wind_kt":25,"pressure_mb":null}]}},{"type":"Feature","geometry":{"type":"LineString","coordinates":[[-95,20],[-94.8,20],[-94.5,20],[-94.3,20.1],[-94,20.2],[-93.7,20.3],[-93.4,20.5],[-93.2,20.7],[-93,21],[-92.9,21.5],[-92.9,22.2],[-92.8,23],[-92.5,24],[-91.9,25.5],[-91,27.5],[-90.1,29.1],[-89.8,29.5],[-88,31],[-86,31.7],[-84,31.9],[-82,32],[-80,32],[-78.2,32],[-76.5,32],[-75,32.2],[-73.5,32.5],[-72,33],[-70.5,34]]},"properties":{"id":"hur-al011923","event_type":"hurricane","name":null,"year":1923,"max_wind_kt":50,"min_pressure_mb":1006,"category":0,"preliminary":false,"start_date":"19230622","end_date":"19230629","track":[{"date":"19230622","time":"1200","status":"TD","lat":20,"lon":-95,"wind_kt":25,"pressure_mb":null},{"date":"19230622","time":"1800","status":"TD","lat":20,"lon":-94.8,"wind_kt":25,"pressure_mb":null},{"date":"19230623","time":"0000","status":"TD","lat":20,"lon":-94.5,"wind_kt":25,"pressure_mb":null},{"date":"19230623","time":"0600","status":"TD","lat":20.1,"lon":-94.3,"wind_kt":25,"pressure_mb":null},{"date":"19230623","time":"1200","status":"TD","lat":20.2,"lon":-94,"wind_kt":25,"pressure_mb":null},{"date":"19230623","time":"1800","status":"TD","lat":20.3,"lon":-93.7,"wind_kt":25,"pressure_mb":null},{"date":"19230624","time":"0000","status":"TD","lat":20.5,"lon":-93.4,"wind_kt":25,"pressure_mb":null},{"date":"19230624","time":"0600","status":"TD","lat":20.7,"lon":-93.2,"wind_kt":25,"pressure_mb":null},{"date":"19230624","time":"1200","status":"TD","lat":21,"lon":-93,"wind_kt":25,"pressure_mb":null},{"date":"19230624","time":"1800","status":"TD","lat":21.5,"lon":-92.9,"wind_kt":25,"pressure_mb":null},{"date":"19230625","time":"0000","status":"TD","lat":22.2,"lon":-92.9,"wind_kt":25,"pressure_mb":null},{"date":"19230625","time":"0600","status":"TD","lat":23,"lon":-92.8,"wind_kt":30,"pressure_mb":null},{"date":"19230625","time":"1200","status":"TD","lat":24,"lon":-92.5,"wind_kt":30,"pressure_mb":null},{"date":"19230625","time":"1800","status":"TS","lat":25.5,"lon":-91.9,"wind_kt":35,"pressure_mb":null},{"date":"19230626","time":"0000","status":"TS","lat":27.5,"lon":-91,"wind_kt":40,"pressure_mb":null},{"date":"19230626","time":"0500","status":"TS","lat":29.1,"lon":-90.1,"wind_kt":40,"pressure_mb":null},{"date":"19230626","time":"0600","status":"TS","lat":29.5,"lon":-89.8,"wind_kt":40,"pressure_mb":null},{"date":"19230626","time":"1200","status":"TS","lat":31,"lon":-88,"wind_kt":35,"pressure_mb":null},{"date":"19230626","time":"1800","status":"TD","lat":31.7,"lon":-86,"wind_kt":30,"pressure_mb":1006},{"date":"19230627","time":"0000","status":"TD","lat":31.9,"lon":-84,"wind_kt":30,"pressure_mb":null},{"date":"19230627","time":"0600","status":"TD","lat":32,"lon":-82,"wind_kt":30,"pressure_mb":null},{"date":"19230627","time":"1200","status":"TS","lat":32,"lon":-80,"wind_kt":40,"pressure_mb":null},{"date":"19230627","time":"1800","status":"TS","lat":32,"lon":-78.2,"wind_kt":40,"pressure_mb":null},{"date":"19230628","time":"0000","status":"TS","lat":32,"lon":-76.5,"wind_kt":45,"pressure_mb":null},{"date":"19230628","time":"0600","status":"TS","lat":32.2,"lon":-75,"wind_kt":50,"pressure_mb":null},{"date":"19230628","time":"1200","status":"TS","lat":32.5,"lon":-73.5,"wind_kt":50,"pressure_mb":null},{"date":"19230628","time":"1800","status":"TS","lat":33,"lon":-72,"wind_kt":45,"pressure_mb":null},{"date":"19230629","time":"0000","status":"EX","lat":34,"lon":-70.5,"wind_kt":40,"pressure_mb":null}]}},{"type":"Feature","geometry":{"type":"LineString","coordinates":[[-73,29.4],[-72.2,29.7],[-71.5,30],[-70.8,30.3],[-70.2,30.6],[-69.8,30.8],[-69.5,31],[-69.4,31.2],[-69.4,31.3],[-69.3,31.3],[-69,31.5],[-68.2,31.9],[-67.2,32.4],[-66.1,33],[-65,33.5],[-63.8,34],[-62.3,34.4],[-61,34.8],[-60,35.2],[-59.2,35.6],[-58.6,35.9],[-58.2,36.2],[-58,36.5],[-57.9,36.7],[-57.9,36.9],[-58,37],[-58,37.1],[-58,37.1],[-58.1,37.1],[-58.3,37.2],[-58.5,37.5],[-58.7,38],[-58.9,38.7],[-59,39.5],[-58.8,40.5],[-58.2,41.8],[-57.5,43.5],[-56.5,45.4],[-55,47.5]]},"properties":{"id":"hur-al021923","event_type":"hurricane","name":null,"year":1923,"max_wind_kt":90,"min_pressure_mb":null,"category":2,"preliminary":false,"start_date":"19230901","end_date":"19230910","track":[{"date":"19230901","time":"0000","status":"TD","lat":29.4,"lon":-73,"wind_kt":25,"pressure_mb":null},{"date":"19230901","time":"0600","status":"TD","lat":29.7,"lon":-72.2,"wind_kt":25,"pressure_mb":null},{"date":"19230901","time":"1200","status":"TD","lat":30,"lon":-71.5,"wind_kt":25,"pressure_mb":null},{"date":"19230901","time":"1800","status":"TD","lat":30.3,"lon":-70.8,"wind_kt":25,"pressure_mb":null},{"date":"19230902","time":"0000","status":"TD","lat":30.6,"lon":-70.2,"wind_kt":30,"pressure_mb":null},{"date":"19230902","time":"0600","status":"TD","lat":30.8,"lon":-69.8,"wind_kt":30,"pressure_mb":null},{"date":"19230902","time":"1200","status":"TD","lat":31,"lon":-69.5,"wind_kt":30,"pressure_mb":null},{"date":"19230902","time":"1800","status":"TD","lat":31.2,"lon":-69.4,"wind_kt":30,"pressure_mb":null},{"date":"19230903","time":"0000","status":"TD","lat":31.3,"lon":-69.4,"wind_kt":30,"pressure_mb":null},{"date":"19230903","time":"0600","status":"TD","lat":31.3,"lon":-69.3,"wind_kt":30,"pressure_mb":null},{"date":"19230903","time":"1200","status":"TD","lat":31.5,"lon":-69,"wind_kt":30,"pressure_mb":null},{"date":"19230903","time":"1800","status":"TS","lat":31.9,"lon":-68.2,"wind_kt":35,"pressure_mb":null},{"date":"19230904","time":"0000","status":"TS","lat":32.4,"lon":-67.2,"wind_kt":40,"pressure_mb":null},{"date":"19230904","time":"0600","status":"TS","lat":33,"lon":-66.1,"wind_kt":45,"pressure_mb":null},{"date":"19230904","time":"1200","status":"TS","lat":33.5,"lon":-65,"wind_kt":50,"pressure_mb":null},{"date":"19230904","time":"1800","status":"TS","lat":34,"lon":-63.8,"wind_kt":55,"pressure_mb":null},{"date":"19230905","time":"0000","status":"TS","lat":34.4,"lon":-62.3,"wind_kt":60,"pressure_mb":null},{"date":"19230905","time":"0600","status":"HU","lat":34.8,"lon":-61,"wind_kt":65,"pressure_mb":null},{"date":"19230905","time":"1200","status":"HU","lat":35.2,"lon":-60,"wind_kt":70,"pressure_mb":null},{"date":"19230905","time":"1800","status":"HU","lat":35.6,"lon":-59.2,"wind_kt":75,"pressure_mb":null},{"date":"19230906","time":"0000","status":"HU","lat":35.9,"lon":-58.6,"wind_kt":80,"pressure_mb":null},{"date":"19230906","time":"0600","status":"HU","lat":36.2,"lon":-58.2,"wind_kt":80,"pressure_mb":null},{"date":"19230906","time":"1200","status":"HU","lat":36.5,"lon":-58,"wind_kt":85,"pressure_mb":null},{"date":"19230906","time":"1800","status":"HU","lat":36.7,"lon":-57.9,"wind_kt":85,"pressure_mb":null},{"date":"19230907","time":"0000","status":"HU","lat":36.9,"lon":-57.9,"wind_kt":85,"pressure_mb":null},{"date":"19230907","time":"0600","status":"HU","lat":37,"lon":-58,"wind_kt":90,"pressure_mb":null},{"date":"19230907","time":"1200","status":"HU","lat":37.1,"lon":-58,"wind_kt":90,"pressure_mb":null},{"date":"19230907","time":"1800","status":"HU","lat":37.1,"lon":-58,"wind_kt":85,"pressure_mb":null},{"date":"19230908","time":"0000","status":"HU","lat":37.1,"lon":-58.1,"wind_kt":85,"pressure_mb":null},{"date":"19230908","time":"0600","status":"HU","lat":37.2,"lon":-58.3,"wind_kt":80,"pressure_mb":null},{"date":"19230908","time":"1200","status":"HU","lat":37.5,"lon":-58.5,"wind_kt":80,"pressure_mb":null},{"date":"19230908","time":"1800","status":"HU","lat":38,"lon":-58.7,"wind_kt":75,"pressure_mb":null},{"date":"19230909","time":"0000","status":"HU","lat":38.7,"lon":-58.9,"wind_kt":75,"pressure_mb":null},{"date":"19230909","time":"0600","status":"HU","lat":39.5,"lon":-59,"wind_kt":70,"pressure_mb":null},{"date":"19230909","time":"1200","status":"HU","lat":40.5,"lon":-58.8,"wind_kt":70,"pressure_mb":null},{"date":"19230909","time":"1800","status":"HU","lat":41.8,"lon":-58.2,"wind_kt":65,"pressure_mb":null},{"date":"19230910","time":"0000","status":"EX","lat":43.5,"lon":-57.5,"wind_kt":55,"pressure_mb":null},{"date":"19230910","time":"0600","status":"EX","lat":45.4,"lon":-56.5,"wind_kt":45,"pressure_mb":null},{"date":"19230910","time":"1200","status":"EX","lat":47.5,"lon":-55,"wind_kt":40,"pressure_mb":null}]}},{"type":"Feature","geometry":{"type":"LineString","coordinates":[[-19.4,11.7],[-19.7,12.3],[-20,13],[-20.3,13.7],[-20.7,14.5],[-21.1,15.2],[-21.5,16],[-22,16.7],[-22.6,17.5],[-23.3,18.3],[-24,19],[-24.7,19.5],[-25.4,20],[-26.2,20.5],[-27,21],[-27.8,21.5],[-28.6,22]]},"properties":{"id":"hur-al031923","event_type":"hurricane","name":null,"year":1923,"max_wind_kt":45,"min_pressure_mb":null,"category":0,"preliminary":false,"start_date":"19230907","end_date":"19230911","track":[{"date":"19230907","time":"0000","status":"TD","lat":11.7,"lon":-19.4,"wind_kt":30,"pressure_mb":null},{"date":"19230907","time":"0600","status":"TD","lat":12.3,"lon":-19.7,"wind_kt":30,"pressure_mb":null},{"date":"19230907","time":"1200","status":"TS","lat":13,"lon":-20,"wind_kt":35,"pressure_mb":null},{"date":"19230907","time":"1800","status":"TS","lat":13.7,"lon":-20.3,"wind_kt":35,"pressure_mb":null},{"date":"19230908","time":"0000","status":"TS","lat":14.5,"lon":-20.7,"wind_kt":40,"pressure_mb":null},{"date":"19230908","time":"0600","status":"TS","lat":15.2,"lon":-21.1,"wind_kt":40,"pressure_mb":null},{"date":"19230908","time":"1200","status":"TS","lat":16,"lon":-21.5,"wind_kt":45,"pressure_mb":null},{"date":"19230908","time":"1800","status":"TS","lat":16.7,"lon":-22,"wind_kt":45,"pressure_mb":null},{"date":"19230909","time":"0000","status":"TS","lat":17.5,"lon":-22.6,"wind_kt":45,"pressure_mb":null},{"date":"19230909","time":"0600","status":"TS","lat":18.3,"lon":-23.3,"wind_kt":45,"pressure_mb":null},{"date":"19230909","time":"1200","status":"TS","lat":19,"lon":-24,"wind_kt":40,"pressure_mb":null},{"date":"19230909","time":"1800","status":"TS","lat":19.5,"lon":-24.7,"wind_kt":40,"pressure_mb":null},{"date":"19230910","time":"0000","status":"TS","lat":20,"lon":-25.4,"wind_kt":35,"pressure_mb":null},{"date":"19230910","time":"0600","status":"TS","lat":20.5,"lon":-26.2,"wind_kt":35,"pressure_mb":null},{"date":"19230910","time":"1200","status":"TS","lat":21,"lon":-27,"wind_kt":35,"pressure_mb":null},{"date":"19230910","time":"1800","status":"TD","lat":21.5,"lon":-27.8,"wind_kt":30,"pressure_mb":null},{"date":"19230911","time":"0000","status":"TD","lat":22,"lon":-28.6,"wind_kt":30,"pressure_mb":null}]}},{"type":"Feature","geometry":{"type":"LineString","coordinates":[[-73,27],[-72.5,28],[-72,29],[-71.4,30],[-70.7,31],[-69.9,32],[-69,33],[-68,34],[-67,35],[-65.8,36],[-64.5,37],[-62.8,39],[-61,42],[-58.8,45],[-56,47.5],[-52.5,48.5],[-48,49],[-42.5,48.8],[-38,48.5],[-36,48],[-35,47.5]]},"properties":{"id":"hur-al041923","event_type":"hurricane","name":null,"year":1923,"max_wind_kt":70,"min_pressure_mb":null,"category":1,"preliminary":false,"start_date":"19230910","end_date":"19230915","track":[{"date":"19230910","time":"0000","status":"TD","lat":27,"lon":-73,"wind_kt":25,"pressure_mb":null},{"date":"19230910","time":"0600","status":"TD","lat":28,"lon":-72.5,"wind_kt":25,"pressure_mb":null},{"date":"19230910","time":"1200","status":"TD","lat":29,"lon":-72,"wind_kt":30,"pressure_mb":null},{"date":"19230910","time":"1800","status":"TD","lat":30,"lon":-71.4,"wind_kt":30,"pressure_mb":null},{"date":"19230911","time":"0000","status":"TS","lat":31,"lon":-70.7,"wind_kt":35,"pressure_mb":null},{"date":"19230911","time":"0600","status":"TS","lat":32,"lon":-69.9,"wind_kt":35,"pressure_mb":null},{"date":"19230911","time":"1200","status":"TS","lat":33,"lon":-69,"wind_kt":40,"pressure_mb":null},{"date":"19230911","time":"1800","status":"TS","lat":34,"lon":-68,"wind_kt":45,"pressure_mb":null},{"date":"19230912","time":"0000","status":"TS","lat":35,"lon":-67,"wind_kt":50,"pressure_mb":null},{"date":"19230912","time":"0600","status":"TS","lat":36,"lon":-65.8,"wind_kt":60,"pressure_mb":null},{"date":"19230912","time":"1200","status":"HU","lat":37,"lon":-64.5,"wind_kt":70,"pressure_mb":null},{"date":"19230912","time":"1800","status":"HU","lat":39,"lon":-62.8,"wind_kt":70,"pressure_mb":null},{"date":"19230913","time":"0000","status":"HU","lat":42,"lon":-61,"wind_kt":70,"pressure_mb":null},{"date":"19230913","time":"0600","status":"EX","lat":45,"lon":-58.8,"wind_kt":60,"pressure_mb":null},{"date":"19230913","time":"1200","status":"EX","lat":47.5,"lon":-56,"wind_kt":50,"pressure_mb":null},{"date":"19230913","time":"1800","status":"EX","lat":48.5,"lon":-52.5,"wind_kt":45,"pressure_mb":null},{"date":"19230914","time":"0000","status":"EX","lat":49,"lon":-48,"wind_kt":40,"pressure_mb":null},{"date":"19230914","time":"0600","status":"EX","lat":48.8,"lon":-42.5,"wind_kt":35,"pressure_mb":null},{"date":"19230914","time":"1200","status":"EX","lat":48.5,"lon":-38,"wind_kt":30,"pressure_mb":null},{"date":"19230914","time":"1800","status":"EX","lat":48,"lon":-36,"wind_kt":30,"pressure_mb":null},{"date":"19230915","time":"0000","status":"EX","lat":47.5,"lon":-35,"wind_kt":30,"pressure_mb":null}]}},{"type":"Feature","geometry":{"type":"LineString","coordinates":[[-73,21],[-73.3,21.5],[-73.6,22],[-74,22.5],[-74.5,23.1],[-75.1,23.7],[-75.7,24.3],[-76.1,25],[-76.3,25.8],[-76.4,26.7],[-76.4,27.5],[-76.3,28.3],[-76.1,28.9],[-75.8,29.4],[-75.3,29.8],[-74.8,30.2],[-74.3,30.6],[-73.8,30.9],[-73.3,31.2],[-72.7,31.5],[-72,31.8],[-71.1,32.1],[-70,32.4],[-68.7,33],[-67,34.2],[-64.5,36],[-61.5,38.5],[-59,41.7],[-58,44.2],[-57.6,45.7],[-57.5,46.4],[-57.5,47],[-57,48],[-55.3,50],[-52.3,52.5],[-49,55],[-46,57],[-43,58.5],[-40,59.5],[-37,60],[-34,60.3]]},"properties":{"id":"hur-al051923","event_type":"hurricane","name":null,"year":1923,"max_wind_kt":105,"min_pressure_mb":null,"category":3,"preliminary":false,"start_date":"19230924","end_date":"19231004","track":[{"date":"19230924","time":"1800","status":"TS","lat":21,"lon":-73,"wind_kt":40,"pressure_mb":null},{"date":"19230925","time":"0000","status":"TS","lat":21.5,"lon":-73.3,"wind_kt":45,"pressure_mb":null},{"date":"19230925","time":"0600","status":"TS","lat":22,"lon":-73.6,"wind_kt":50,"pressure_mb":null},{"date":"19230925","time":"1200","status":"TS","lat":22.5,"lon":-74,"wind_kt":55,"pressure_mb":null},{"date":"19230925","time":"1800","status":"TS","lat":23.1,"lon":-74.5,"wind_kt":60,"pressure_mb":null},{"date":"19230926","time":"0000","status":"HU","lat":23.7,"lon":-75.1,"wind_kt":65,"pressure_mb":null},{"date":"19230926","time":"0600","status":"HU","lat":24.3,"lon":-75.7,"wind_kt":65,"pressure_mb":null},{"date":"19230926","time":"1200","status":"HU","lat":25,"lon":-76.1,"wind_kt":65,"pressure_mb":null},{"date":"19230926","time":"1800","status":"HU","lat":25.8,"lon":-76.3,"wind_kt":65,"pressure_mb":null},{"date":"19230927","time":"0000","status":"HU","lat":26.7,"lon":-76.4,"wind_kt":65,"pressure_mb":null},{"date":"19230927","time":"0600","status":"HU","lat":27.5,"lon":-76.4,"wind_kt":65,"pressure_mb":null},{"date":"19230927","time":"1200","status":"HU","lat":28.3,"lon":-76.3,"wind_kt":70,"pressure_mb":null},{"date":"19230927","time":"1800","status":"HU","lat":28.9,"lon":-76.1,"wind_kt":75,"pressure_mb":null},{"date":"19230928","time":"0000","status":"HU","lat":29.4,"lon":-75.8,"wind_kt":80,"pressure_mb":null},{"date":"19230928","time":"0600","status":"HU","lat":29.8,"lon":-75.3,"wind_kt":85,"pressure_mb":null},{"date":"19230928","time":"1200","status":"HU","lat":30.2,"lon":-74.8,"wind_kt":90,"pressure_mb":null},{"date":"19230928","time":"1800","status":"HU","lat":30.6,"lon":-74.3,"wind_kt":95,"pressure_mb":null},{"date":"19230929","time":"0000","status":"HU","lat":30.9,"lon":-73.8,"wind_kt":100,"pressure_mb":null},{"date":"19230929","time":"0600","status":"HU","lat":31.2,"lon":-73.3,"wind_kt":105,"pressure_mb":null},{"date":"19230929","time":"1200","status":"HU","lat":31.5,"lon":-72.7,"wind_kt":105,"pressure_mb":null},{"date":"19230929","time":"1800","status":"HU","lat":31.8,"lon":-72,"wind_kt":105,"pressure_mb":null},{"date":"19230930","time":"0000","status":"HU","lat":32.1,"lon":-71.1,"wind_kt":105,"pressure_mb":null},{"date":"19230930","time":"0600","status":"HU","lat":32.4,"lon":-70,"wind_kt":100,"pressure_mb":null},{"date":"19230930","time":"1200","status":"HU","lat":33,"lon":-68.7,"wind_kt":95,"pressure_mb":null},{"date":"19230930","time":"1800","status":"HU","lat":34.2,"lon":-67,"wind_kt":95,"pressure_mb":null},{"date":"19231001","time":"0000","status":"HU","lat":36,"lon":-64.5,"wind_kt":90,"pressure_mb":null},{"date":"19231001","time":"0600","status":"HU","lat":38.5,"lon":-61.5,"wind_kt":85,"pressure_mb":null},{"date":"19231001","time":"1200","status":"EX","lat":41.7,"lon":-59,"wind_kt":80,"pressure_mb":null},{"date":"19231001","time":"1800","status":"EX","lat":44.2,"lon":-58,"wind_kt":75,"pressure_mb":null},{"date":"19231002","time":"0000","status":"EX","lat":45.7,"lon":-57.6,"wind_kt":70,"pressure_mb":null},{"date":"19231002","time":"0600","status":"EX","lat":46.4,"lon":-57.5,"wind_kt":65,"pressure_mb":null},{"date":"19231002","time":"1200","status":"EX","lat":47,"lon":-57.5,"wind_kt":60,"pressure_mb":null},{"date":"19231002","time":"1800","status":"EX","lat":48,"lon":-57,"wind_kt":55,"pressure_mb":null},{"date":"19231003","time":"0000","status":"EX","lat":50,"lon":-55.3,"wind_kt":50,"pressure_mb":null},{"date":"19231003","time":"0600","status":"EX","lat":52.5,"lon":-52.3,"wind_kt":50,"pressure_mb":null},{"date":"19231003","time":"1200","status":"EX","lat":55,"lon":-49,"wind_kt":45,"pressure_mb":null},{"date":"19231003","time":"1800","status":"EX","lat":57,"lon":-46,"wind_kt":45,"pressure_mb":null},{"date":"19231004","time":"0000","status":"EX","lat":58.5,"lon":-43,"wind_kt":45,"pressure_mb":null},{"date":"19231004","time":"0600","status":"EX","lat":59.5,"lon":-40,"wind_kt":45,"pressure_mb":null},{"date":"19231004","time":"1200","status":"EX","lat":60,"lon":-37,"wind_kt":45,"pressure_mb":null},{"date":"19231004","time":"1800","status":"EX","lat":60.3,"lon":-34,"wind_kt":45,"pressure_mb":null}]}},{"type":"Feature","geometry":{"type":"LineString","coordinates":[[-93,10.4],[-93.8,11.9],[-94.5,13.4],[-95.1,14.8],[-95.6,16],[-96,17.1],[-96.1,18.2],[-95.7,19.4],[-95.2,20.5],[-94.7,21.5],[-94.2,22.4],[-93.7,23.1],[-93.1,23.6],[-92.4,24.2],[-91.6,25.4],[-91,27.2],[-91,29.2],[-91,31.5],[-91.2,33.7],[-91.4,35.7],[-91.7,37.5],[-92,39]]},"properties":{"id":"hur-al061923","event_type":"hurricane","name":null,"year":1923,"max_wind_kt":70,"min_pressure_mb":983,"category":1,"preliminary":false,"start_date":"19231012","end_date":"19231017","track":[{"date":"19231012","time":"0600","status":"TS","lat":10.4,"lon":-93,"wind_kt":35,"pressure_mb":null},{"date":"19231012","time":"1200","status":"TS","lat":11.9,"lon":-93.8,"wind_kt":40,"pressure_mb":null},{"date":"19231012","time":"1800","status":"TS","lat":13.4,"lon":-94.5,"wind_kt":40,"pressure_mb":null},{"date":"19231013","time":"0000","status":"TS","lat":14.8,"lon":-95.1,"wind_kt":40,"pressure_mb":null},{"date":"19231013","time":"0600","status":"TS","lat":16,"lon":-95.6,"wind_kt":40,"pressure_mb":null},{"date":"19231013","time":"1200","status":"TS","lat":17.1,"lon":-96,"wind_kt":35,"pressure_mb":null},{"date":"19231013","time":"1800","status":"TD","lat":18.2,"lon":-96.1,"wind_kt":30,"pressure_mb":null},{"date":"19231014","time":"0000","status":"TD","lat":19.4,"lon":-95.7,"wind_kt":30,"pressure_mb":null},{"date":"19231014","time":"0600","status":"TS","lat":20.5,"lon":-95.2,"wind_kt":35,"pressure_mb":null},{"date":"19231014","time":"1200","status":"TS","lat":21.5,"lon":-94.7,"wind_kt":40,"pressure_mb":null},{"date":"19231014","time":"1800","status":"TS","lat":22.4,"lon":-94.2,"wind_kt":45,"pressure_mb":null},{"date":"19231015","time":"0000","status":"TS","lat":23.1,"lon":-93.7,"wind_kt":50,"pressure_mb":null},{"date":"19231015","time":"0600","status":"TS","lat":23.6,"lon":-93.1,"wind_kt":55,"pressure_mb":null},{"date":"19231015","time":"1200","status":"TS","lat":24.2,"lon":-92.4,"wind_kt":60,"pressure_mb":null},{"date":"19231015","time":"1800","status":"HU","lat":25.4,"lon":-91.6,"wind_kt":65,"pressure_mb":null},{"date":"19231016","time":"0000","status":"HU","lat":27.2,"lon":-91,"wind_kt":70,"pressure_mb":null},{"date":"19231016","time":"0600","status":"HU","lat":29.2,"lon":-91,"wind_kt":70,"pressure_mb":983},{"date":"19231016","time":"1200","status":"TS","lat":31.5,"lon":-91,"wind_kt":50,"pressure_mb":991},{"date":"19231016","time":"1800","status":"TS","lat":33.7,"lon":-91.2,"wind_kt":45,"pressure_mb":null},{"date":"19231017","time":"0000","status":"TS","lat":35.7,"lon":-91.4,"wind_kt":45,"pressure_mb":null},{"date":"19231017","time":"0600","status":"TS","lat":37.5,"lon":-91.7,"wind_kt":35,"pressure_mb":null},{"date":"19231017","time":"1200","status":"TD","lat":39,"lon":-92,"wind_kt":30,"pressure_mb":null}]}},{"type":"Feature","geometry":{"type":"LineString","coordinates":[[-63.8,21.6],[-63,22.6],[-62.3,23.6],[-61.8,24.6],[-61.4,25.6],[-61.2,26.7],[-61,28],[-61,29.3],[-61.1,30.7],[-61.3,32.1],[-62,33.5],[-63.1,34.6],[-64.4,35.5],[-65.8,36.2],[-67,37],[-68,38.1],[-69,39.5],[-70,40.5],[-70.6,41.3],[-71,42.5],[-71.8,44.5]]},"properties":{"id":"hur-al071923","event_type":"hurricane","name":null,"year":1923,"max_wind_kt":55,"min_pressure_mb":994,"category":0,"preliminary":false,"start_date":"19231015","end_date":"19231019","track":[{"date":"19231015","time":"0000","status":"TS","lat":21.6,"lon":-63.8,"wind_kt":35,"pressure_mb":null},{"date":"19231015","time":"0600","status":"TS","lat":22.6,"lon":-63,"wind_kt":35,"pressure_mb":null},{"date":"19231015","time":"1200","status":"TS","lat":23.6,"lon":-62.3,"wind_kt":35,"pressure_mb":null},{"date":"19231015","time":"1800","status":"TS","lat":24.6,"lon":-61.8,"wind_kt":35,"pressure_mb":null},{"date":"19231016","time":"0000","status":"TS","lat":25.6,"lon":-61.4,"wind_kt":40,"pressure_mb":null},{"date":"19231016","time":"0600","status":"TS","lat":26.7,"lon":-61.2,"wind_kt":45,"pressure_mb":null},{"date":"19231016","time":"1200","status":"TS","lat":28,"lon":-61,"wind_kt":50,"pressure_mb":null},{"date":"19231016","time":"1800","status":"TS","lat":29.3,"lon":-61,"wind_kt":55,"pressure_mb":null},{"date":"19231017","time":"0000","status":"TS","lat":30.7,"lon":-61.1,"wind_kt":55,"pressure_mb":null},{"date":"19231017","time":"0600","status":"TS","lat":32.1,"lon":-61.3,"wind_kt":55,"pressure_mb":null},{"date":"19231017","time":"1200","status":"TS","lat":33.5,"lon":-62,"wind_kt":55,"pressure_mb":null},{"date":"19231017","time":"1800","status":"TS","lat":34.6,"lon":-63.1,"wind_kt":55,"pressure_mb":null},{"date":"19231018","time":"0000","status":"TS","lat":35.5,"lon":-64.4,"wind_kt":55,"pressure_mb":null},{"date":"19231018","time":"0600","status":"TS","lat":36.2,"lon":-65.8,"wind_kt":55,"pressure_mb":null},{"date":"19231018","time":"1200","status":"TS","lat":37,"lon":-67,"wind_kt":55,"pressure_mb":null},{"date":"19231018","time":"1800","status":"TS","lat":38.1,"lon":-68,"wind_kt":55,"pressure_mb":null},{"date":"19231019","time":"0000","status":"TS","lat":39.5,"lon":-69,"wind_kt":55,"pressure_mb":null},{"date":"19231019","time":"0600","status":"TS","lat":40.5,"lon":-70,"wind_kt":50,"pressure_mb":null},{"date":"19231019","time":"0900","status":"TS","lat":41.3,"lon":-70.6,"wind_kt":50,"pressure_mb":null},{"date":"19231019","time":"1200","status":"TS","lat":42.5,"lon":-71,"wind_kt":45,"pressure_mb":994},{"date":"19231019","time":"1800","status":"EX","lat":44.5,"lon":-71.8,"wind_kt":35,"pressure_mb":null}]}},{"type":"Feature","geometry":{"type":"LineString","coordinates":[[-95,20.5],[-94,21],[-93,21.8],[-91.6,22.8],[-90,24],[-88.9,26.5],[-89,30],[-89,30.3],[-89.1,32.9],[-89.2,35.5],[-88.7,37.5],[-87.5,39.5],[-85.9,41.5],[-84,43.5],[-82.2,45.4],[-80.6,47.2],[-79,49.1],[-77,51],[-74.5,53],[-71.5,55.5],[-68,58.5],[-64,62.5],[-60,67]]},"properties":{"id":"hur-al081923","event_type":"hurricane","name":null,"year":1923,"max_wind_kt":50,"min_pressure_mb":992,"category":0,"preliminary":false,"start_date":"19231016","end_date":"19231021","track":[{"date":"19231016","time":"1200","status":"TS","lat":20.5,"lon":-95,"wind_kt":35,"pressure_mb":null},{"date":"19231016","time":"1800","status":"TS","lat":21,"lon":-94,"wind_kt":35,"pressure_mb":null},{"date":"19231017","time":"0000","status":"TS","lat":21.8,"lon":-93,"wind_kt":35,"pressure_mb":null},{"date":"19231017","time":"0600","status":"TS","lat":22.8,"lon":-91.6,"wind_kt":40,"pressure_mb":null},{"date":"19231017","time":"1200","status":"TS","lat":24,"lon":-90,"wind_kt":45,"pressure_mb":null},{"date":"19231017","time":"1800","status":"TS","lat":26.5,"lon":-88.9,"wind_kt":50,"pressure_mb":null},{"date":"19231018","time":"0000","status":"TS","lat":30,"lon":-89,"wind_kt":50,"pressure_mb":992},{"date":"19231018","time":"0100","status":"TS","lat":30.3,"lon":-89,"wind_kt":50,"pressure_mb":992},{"date":"19231018","time":"0600","status":"TS","lat":32.9,"lon":-89.1,"wind_kt":40,"pressure_mb":997},{"date":"19231018","time":"1200","status":"EX","lat":35.5,"lon":-89.2,"wind_kt":35,"pressure_mb":null},{"date":"19231018","time":"1800","status":"EX","lat":37.5,"lon":-88.7,"wind_kt":30,"pressure_mb":null},{"date":"19231019","time":"0000","status":"EX","lat":39.5,"lon":-87.5,"wind_kt":30,"pressure_mb":null},{"date":"19231019","time":"0600","status":"EX","lat":41.5,"lon":-85.9,"wind_kt":35,"pressure_mb":null},{"date":"19231019","time":"1200","status":"EX","lat":43.5,"lon":-84,"wind_kt":35,"pressure_mb":null},{"date":"19231019","time":"1800","status":"EX","lat":45.4,"lon":-82.2,"wind_kt":35,"pressure_mb":null},{"date":"19231020","time":"0000","status":"EX","lat":47.2,"lon":-80.6,"wind_kt":35,"pressure_mb":null},{"date":"19231020","time":"0600","status":"EX","lat":49.1,"lon":-79,"wind_kt":35,"pressure_mb":null},{"date":"19231020","time":"1200","status":"EX","lat":51,"lon":-77,"wind_kt":35,"pressure_mb":null},{"date":"19231020","time":"1800","status":"EX","lat":53,"lon":-74.5,"wind_kt":35,"pressure_mb":null},{"date":"19231021","time":"0000","status":"EX","lat":55.5,"lon":-71.5,"wind_kt":30,"pressure_mb":null},{"date":"19231021","time":"0600","status":"EX","lat":58.5,"lon":-68,"wind_kt":30,"pressure_mb":null},{"date":"19231021","time":"1200","status":"EX","lat":62.5,"lon":-64,"wind_kt":30,"pressure_mb":null},{"date":"19231021","time":"1800","status":"EX","lat":67,"lon":-60,"wind_kt":30,"pressure_mb":null}]}},{"type":"Feature","geometry":{"type":"LineString","coordinates":[[-59.8,19.3],[-60,20],[-60.2,20.7],[-60.4,21.4],[-60.6,22.2],[-61,23],[-61.8,23.8],[-63,24.7],[-64.2,25.6],[-65,26.5],[-65.2,27.7],[-65,29]]},"properties":{"id":"hur-al091923","event_type":"hurricane","name":null,"year":1923,"max_wind_kt":40,"min_pressure_mb":null,"category":0,"preliminary":false,"start_date":"19231024","end_date":"19231027","track":[{"date":"19231024","time":"0600","status":"TS","lat":19.3,"lon":-59.8,"wind_kt":35,"pressure_mb":null},{"date":"19231024","time":"1200","status":"TS","lat":20,"lon":-60,"wind_kt":35,"pressure_mb":null},{"date":"19231024","time":"1800","status":"TS","lat":20.7,"lon":-60.2,"wind_kt":35,"pressure_mb":null},{"date":"19231025","time":"0000","status":"TS","lat":21.4,"lon":-60.4,"wind_kt":35,"pressure_mb":null},{"date":"19231025","time":"0600","status":"TS","lat":22.2,"lon":-60.6,"wind_kt":35,"pressure_mb":null},{"date":"19231025","time":"1200","status":"TS","lat":23,"lon":-61,"wind_kt":35,"pressure_mb":null},{"date":"19231025","time":"1800","status":"TS","lat":23.8,"lon":-61.8,"wind_kt":35,"pressure_mb":null},{"date":"19231026","time":"0000","status":"TS","lat":24.7,"lon":-63,"wind_kt":40,"pressure_mb":null},{"date":"19231026","time":"0600","status":"TS","lat":25.6,"lon":-64.2,"wind_kt":40,"pressure_mb":null},{"date":"19231026","time":"1200","status":"TS","lat":26.5,"lon":-65,"wind_kt":40,"pressure_mb":null},{"date":"19231026","time":"1800","status":"TS","lat":27.7,"lon":-65.2,"wind_kt":35,"pressure_mb":null},{"date":"19231027","time":"0000","status":"EX","lat":29,"lon":-65,"wind_kt":35,"pressure_mb":null}]}},{"type":"Feature","geometry":{"type":"LineString","coordinates":[[-85.2,17.6],[-86.6,17.8],[-88,18],[-89.4,18.2],[-90.7,18.4],[-91.9,18.7],[-93,19],[-94,19.4],[-94.9,19.9],[-95.7,20.4],[-96.5,21],[-97.2,21.7],[-97.8,22.5],[-98.3,23.5]]},"properties":{"id":"hur-al011924","event_type":"hurricane","name":null,"year":1924,"max_wind_kt":40,"min_pressure_mb":null,"category":0,"preliminary":false,"start_date":"19240618","end_date":"19240621","track":[{"date":"19240618","time":"0000","status":"TS","lat":17.6,"lon":-85.2,"wind_kt":35,"pressure_mb":null},{"date":"19240618","time":"0600","status":"TS","lat":17.8,"lon":-86.6,"wind_kt":40,"pressure_mb":null},{"date":"19240618","time":"1200","status":"TS","lat":18,"lon":-88,"wind_kt":40,"pressure_mb":null},{"date":"19240618","time":"1800","status":"TS","lat":18.2,"lon":-89.4,"wind_kt":35,"pressure_mb":null},{"date":"19240619","time":"0000","status":"TD","lat":18.4,"lon":-90.7,"wind_kt":30,"pressure_mb":null},{"date":"19240619","time":"0600","status":"TD","lat":18.7,"lon":-91.9,"wind_kt":30,"pressure_mb":null},{"date":"19240619","time":"1200","status":"TS","lat":19,"lon":-93,"wind_kt":35,"pressure_mb":null},{"date":"19240619","time":"1800","status":"TS","lat":19.4,"lon":-94,"wind_kt":40,"pressure_mb":null},{"date":"19240620","time":"0000","status":"TS","lat":19.9,"lon":-94.9,"wind_kt":40,"pressure_mb":null},{"date":"19240620","time":"0600","status":"TS","lat":20.4,"lon":-95.7,"wind_kt":40,"pressure_mb":null},{"date":"19240620","time":"1200","status":"TS","lat":21,"lon":-96.5,"wind_kt":40,"pressure_mb":null},{"date":"19240620","time":"1800","status":"TS","lat":21.7,"lon":-97.2,"wind_kt":40,"pressure_mb":null},{"date":"19240621","time":"0000","status":"TS","lat":22.5,"lon":-97.8,"wind_kt":35,"pressure_mb":null},{"date":"19240621","time":"0600","status":"TD","lat":23.5,"lon":-98.3,"wind_kt":30,"pressure_mb":null}]}},{"type":"Feature","geometry":{"type":"LineString","coordinates":[[-78.5,28.5],[-77.5,30],[-76.5,31.5],[-75.5,33],[-74.4,34.5],[-73,36],[-71.4,37.2],[-69.7,38.2],[-67.9,39],[-66,39.5],[-64,40]]},"properties":{"id":"hur-al021924","event_type":"hurricane","name":null,"year":1924,"max_wind_kt":55,"min_pressure_mb":null,"category":0,"preliminary":false,"start_date":"19240728","end_date":"19240730","track":[{"date":"19240728","time":"0600","status":"TD","lat":28.5,"lon":-78.5,"wind_kt":30,"pressure_mb":null},{"date":"19240728","time":"1200","status":"TS","lat":30,"lon":-77.5,"wind_kt":35,"pressure_mb":null},{"date":"19240728","time":"1800","status":"TS","lat":31.5,"lon":-76.5,"wind_kt":40,"pressure_mb":null},{"date":"19240729","time":"0000","status":"TS","lat":33,"lon":-75.5,"wind_kt":40,"pressure_mb":null},{"date":"19240729","time":"0600","status":"TS","lat":34.5,"lon":-74.4,"wind_kt":45,"pressure_mb":null},{"date":"19240729","time":"1200","status":"TS","lat":36,"lon":-73,"wind_kt":50,"pressure_mb":null},{"date":"19240729","time":"1800","status":"TS","lat":37.2,"lon":-71.4,"wind_kt":55,"pressure_mb":null},{"date":"19240730","time":"0000","status":"TS","lat":38.2,"lon":-69.7,"wind_kt":55,"pressure_mb":null},{"date":"19240730","time":"0600","status":"TS","lat":39,"lon":-67.9,"wind_kt":50,"pressure_mb":null},{"date":"19240730","time":"1200","status":"TS","lat":39.5,"lon":-66,"wind_kt":45,"pressure_mb":null},{"date":"19240730","time":"1800","status":"EX","lat":40,"lon":-64,"wind_kt":40,"pressure_mb":null}]}},{"type":"Feature","geometry":{"type":"LineString","coordinates":[[-54.6,10.5],[-56,11],[-57.5,11.6],[-59,12.3],[-60.4,13],[-61.5,13.8],[-62.3,14.5],[-62.9,15.2],[-63.5,16],[-64,16.8],[-64.6,17.6],[-65.3,18.5],[-66,19.4],[-66.7,20.2],[-67.3,21],[-67.9,21.7],[-68.5,22.5],[-69.2,23.2],[-70.1,24],[-71.2,25],[-72.2,25.9],[-73.1,26.7],[-73.7,27.3],[-74.2,27.6],[-74.5,27.9],[-74.8,28],[-75,28.1],[-75.3,28.2],[-75.7,28.2],[-76.2,28.3],[-76.6,28.3],[-77,28.2],[-77.3,28.2],[-77.5,28.2],[-77.7,28.6],[-77.9,29.4],[-77.7,30.2],[-77,31.2],[-76.3,32.7],[-75.5,34.4],[-74.3,36.3],[-72.9,38.5],[-70.3,40.9],[-67.2,43.5],[-63.1,46.3],[-59.8,49],[-56,51],[-52.6,52.5],[-48.8,54],[-45.2,55.3]]},"properties":{"id":"hur-al031924","event_type":"hurricane","name":null,"year":1924,"max_wind_kt":105,"min_pressure_mb":963,"category":3,"preliminary":false,"start_date":"19240816","end_date":"19240828","track":[{"date":"19240816","time":"0600","status":"TD","lat":10.5,"lon":-54.6,"wind_kt":25,"pressure_mb":null},{"date":"19240816","time":"1200","status":"TD","lat":11,"lon":-56,"wind_kt":25,"pressure_mb":null},{"date":"19240816","time":"1800","status":"TD","lat":11.6,"lon":-57.5,"wind_kt":25,"pressure_mb":null},{"date":"19240817","time":"0000","status":"TD","lat":12.3,"lon":-59,"wind_kt":30,"pressure_mb":null},{"date":"19240817","time":"0600","status":"TD","lat":13,"lon":-60.4,"wind_kt":30,"pressure_mb":null},{"date":"19240817","time":"1200","status":"TD","lat":13.8,"lon":-61.5,"wind_kt":30,"pressure_mb":null},{"date":"19240817","time":"1800","status":"TD","lat":14.5,"lon":-62.3,"wind_kt":30,"pressure_mb":null},{"date":"19240818","time":"0000","status":"TD","lat":15.2,"lon":-62.9,"wind_kt":30,"pressure_mb":null},{"date":"19240818","time":"0600","status":"TD","lat":16,"lon":-63.5,"wind_kt":30,"pressure_mb":null},{"date":"19240818","time":"1200","status":"TD","lat":16.8,"lon":-64,"wind_kt":30,"pressure_mb":null},{"date":"19240818","time":"1800","status":"TS","lat":17.6,"lon":-64.6,"wind_kt":35,"pressure_mb":null},{"date":"19240819","time":"0000","status":"TS","lat":18.5,"lon":-65.3,"wind_kt":40,"pressure_mb":null},{"date":"19240819","time":"0600","status":"TS","lat":19.4,"lon":-66,"wind_kt":40,"pressure_mb":null},{"date":"19240819","time":"1200","status":"TS","lat":20.2,"lon":-66.7,"wind_kt":45,"pressure_mb":null},{"date":"19240819","time":"1800","status":"TS","lat":21,"lon":-67.3,"wind_kt":50,"pressure_mb":null},{"date":"19240820","time":"0000","status":"TS","lat":21.7,"lon":-67.9,"wind_kt":55,"pressure_mb":null},{"date":"19240820","time":"0600","status":"TS","lat":22.5,"lon":-68.5,"wind_kt":60,"pressure_mb":null},{"date":"19240820","time":"1200","status":"TS","lat":23.2,"lon":-69.2,"wind_kt":60,"pressure_mb":null},{"date":"19240820","time":"1800","status":"TS","lat":24,"lon":-70.1,"wind_kt":60,"pressure_mb":null},{"date":"19240821","time":"0000","status":"HU","lat":25,"lon":-71.2,"wind_kt":65,"pressure_mb":null},{"date":"19240821","time":"0600","status":"HU","lat":25.9,"lon":-72.2,"wind_kt":70,"pressure_mb":null},{"date":"19240821","time":"1200","status":"HU","lat":26.7,"lon":-73.1,"wind_kt":75,"pressure_mb":null},{"date":"19240821","time":"1800","status":"HU","lat":27.3,"lon":-73.7,"wind_kt":80,"pressure_mb":null},{"date":"19240822","time":"0000","status":"HU","lat":27.6,"lon":-74.2,"wind_kt":85,"pressure_mb":null},{"date":"19240822","time":"0600","status":"HU","lat":27.9,"lon":-74.5,"wind_kt":90,"pressure_mb":null},{"date":"19240822","time":"1200","status":"HU","lat":28,"lon":-74.8,"wind_kt":95,"pressure_mb":null},{"date":"19240822","time":"1800","status":"HU","lat":28.1,"lon":-75,"wind_kt":100,"pressure_mb":null},{"date":"19240823","time":"0000","status":"HU","lat":28.2,"lon":-75.3,"wind_kt":100,"pressure_mb":null},{"date":"19240823","time":"0600","status":"HU","lat":28.2,"lon":-75.7,"wind_kt":105,"pressure_mb":null},{"date":"19240823","time":"1200","status":"HU","lat":28.3,"lon":-76.2,"wind_kt":105,"pressure_mb":null},{"date":"19240823","time":"1800","status":"HU","lat":28.3,"lon":-76.6,"wind_kt":105,"pressure_mb":null},{"date":"19240824","time":"0000","status":"HU","lat":28.2,"lon":-77,"wind_kt":105,"pressure_mb":null},{"date":"19240824","time":"0600","status":"HU","lat":28.2,"lon":-77.3,"wind_kt":105,"pressure_mb":null},{"date":"19240824","time":"1200","status":"HU","lat":28.2,"lon":-77.5,"wind_kt":100,"pressure_mb":null},{"date":"19240824","time":"1800","status":"HU","lat":28.6,"lon":-77.7,"wind_kt":95,"pressure_mb":null},{"date":"19240825","time":"0000","status":"HU","lat":29.4,"lon":-77.9,"wind_kt":90,"pressure_mb":null},{"date":"19240825","time":"0600","status":"HU","lat":30.2,"lon":-77.7,"wind_kt":85,"pressure_mb":null},{"date":"19240825","time":"1200","status":"HU","lat":31.2,"lon":-77,"wind_kt":85,"pressure_mb":969},{"date":"19240825","time":"1800","status":"HU","lat":32.7,"lon":-76.3,"wind_kt":90,"pressure_mb":null},{"date":"19240826","time":"0000","status":"HU","lat":34.4,"lon":-75.5,"wind_kt":90,"pressure_mb":null},{"date":"19240826","time":"0600","status":"HU","lat":36.3,"lon":-74.3,"wind_kt":90,"pressure_mb":963},{"date":"19240826","time":"1200","status":"HU","lat":38.5,"lon":-72.9,"wind_kt":85,"pressure_mb":null},{"date":"19240826","time":"1800","status":"HU","lat":40.9,"lon":-70.3,"wind_kt":80,"pressure_mb":968},{"date":"19240827","time":"0000","status":"EX","lat":43.5,"lon":-67.2,"wind_kt":75,"pressure_mb":null},{"date":"19240827","time":"0600","status":"EX","lat":46.3,"lon":-63.1,"wind_kt":65,"pressure_mb":null},{"date":"19240827","time":"1200","status":"EX","lat":49,"lon":-59.8,"wind_kt":60,"pressure_mb":null},{"date":"19240827","time":"1800","status":"EX","lat":51,"lon":-56,"wind_kt":55,"pressure_mb":null},{"date":"19240828","time":"0000","status":"EX","lat":52.5,"lon":-52.6,"wind_kt":50,"pressure_mb":null},{"date":"19240828","time":"0600","status":"EX","lat":54,"lon":-48.8,"wind_kt":45,"pressure_mb":null},{"date":"19240828","time":"1200","status":"EX","lat":55.3,"lon":-45.2,"wind_kt":45,"pressure_mb":null}]}},{"type":"Feature","geometry":{"type":"LineString","coordinates":[[-48,13.7],[-49.5,13.7],[-51,13.8],[-52.5,14],[-54,14.4],[-55.5,14.9],[-57,15.3],[-58.6,15.6],[-60.2,16.1],[-61.8,16.6],[-63,17.1],[-63.8,17.6],[-64.4,18.1],[-64.9,18.5],[-65.4,19],[-65.9,19.5],[-66.3,20],[-66.7,20.5],[-67,21],[-67.2,21.3],[-67.4,21.5],[-67.6,21.6],[-67.8,21.8],[-68,22],[-68.1,22.3],[-68.2,22.6],[-68.3,23],[-68.4,23.6],[-68.5,24.3],[-68.6,25.2],[-68.7,26.3],[-68.8,27.5],[-68.9,28.9],[-68.8,30.5],[-68.5,32.2],[-68,34.1],[-67,36.3],[-66,38.6],[-64.8,40.8],[-63.1,43],[-61.1,45.1],[-58.7,47.2],[-56,49.2],[-52.4,50.6],[-49.2,51.3],[-46,52],[-42.6,52.1],[-38.6,51.8]]},"properties":{"id":"hur-al041924","event_type":"hurricane","name":null,"year":1924,"max_wind_kt":95,"min_pressure_mb":965,"category":2,"preliminary":false,"start_date":"19240826","end_date":"19240906","track":[{"date":"19240826","time":"0000","status":"TS","lat":13.7,"lon":-48,"wind_kt":35,"pressure_mb":null},{"date":"19240826","time":"0600","status":"TS","lat":13.7,"lon":-49.5,"wind_kt":35,"pressure_mb":null},{"date":"19240826","time":"1200","status":"TS","lat":13.8,"lon":-51,"wind_kt":35,"pressure_mb":null},{"date":"19240826","time":"1800","status":"TS","lat":14,"lon":-52.5,"wind_kt":40,"pressure_mb":null},{"date":"19240827","time":"0000","status":"TS","lat":14.4,"lon":-54,"wind_kt":45,"pressure_mb":null},{"date":"19240827","time":"0600","status":"TS","lat":14.9,"lon":-55.5,"wind_kt":55,"pressure_mb":null},{"date":"19240827","time":"1200","status":"HU","lat":15.3,"lon":-57,"wind_kt":65,"pressure_mb":null},{"date":"19240827","time":"1800","status":"HU","lat":15.6,"lon":-58.6,"wind_kt":75,"pressure_mb":null},{"date":"19240828","time":"0000","status":"HU","lat":16.1,"lon":-60.2,"wind_kt":85,"pressure_mb":null},{"date":"19240828","time":"0600","status":"HU","lat":16.6,"lon":-61.8,"wind_kt":95,"pressure_mb":965},{"date":"19240828","time":"1200","status":"HU","lat":17.1,"lon":-63,"wind_kt":95,"pressure_mb":null},{"date":"19240828","time":"1800","status":"HU","lat":17.6,"lon":-63.8,"wind_kt":95,"pressure_mb":null},{"date":"19240829","time":"0000","status":"HU","lat":18.1,"lon":-64.4,"wind_kt":95,"pressure_mb":null},{"date":"19240829","time":"0600","status":"HU","lat":18.5,"lon":-64.9,"wind_kt":95,"pressure_mb":967},{"date":"19240829","time":"1200","status":"HU","lat":19,"lon":-65.4,"wind_kt":95,"pressure_mb":null},{"date":"19240829","time":"1800","status":"HU","lat":19.5,"lon":-65.9,"wind_kt":95,"pressure_mb":null},{"date":"19240830","time":"0000","status":"HU","lat":20,"lon":-66.3,"wind_kt":90,"pressure_mb":null},{"date":"19240830","time":"0600","status":"HU","lat":20.5,"lon":-66.7,"wind_kt":90,"pressure_mb":null},{"date":"19240830","time":"1200","status":"HU","lat":21,"lon":-67,"wind_kt":90,"pressure_mb":null},{"date":"19240830","time":"1800","status":"HU","lat":21.3,"lon":-67.2,"wind_kt":90,"pressure_mb":null},{"date":"19240831","time":"0000","status":"HU","lat":21.5,"lon":-67.4,"wind_kt":90,"pressure_mb":null},{"date":"19240831","time":"0600","status":"HU","lat":21.6,"lon":-67.6,"wind_kt":90,"pressure_mb":null},{"date":"19240831","time":"1200","status":"HU","lat":21.8,"lon":-67.8,"wind_kt":90,"pressure_mb":null},{"date":"19240831","time":"1800","status":"HU","lat":22,"lon":-68,"wind_kt":90,"pressure_mb":null},{"date":"19240901","time":"0000","status":"HU","lat":22.3,"lon":-68.1,"wind_kt":90,"pressure_mb":null},{"date":"19240901","time":"0600","status":"HU","lat":22.6,"lon":-68.2,"wind_kt":90,"pressure_mb":null},{"date":"19240901","time":"1200","status":"HU","lat":23,"lon":-68.3,"wind_kt":90,"pressure_mb":null},{"date":"19240901","time":"1800","status":"HU","lat":23.6,"lon":-68.4,"wind_kt":90,"pressure_mb":null},{"date":"19240902","time":"0000","status":"HU","lat":24.3,"lon":-68.5,"wind_kt":90,"pressure_mb":null},{"date":"19240902","time":"0600","status":"HU","lat":25.2,"lon":-68.6,"wind_kt":90,"pressure_mb":null},{"date":"19240902","time":"1200","status":"HU","lat":26.3,"lon":-68.7,"wind_kt":85,"pressure_mb":null},{"date":"19240902","time":"1800","status":"HU","lat":27.5,"lon":-68.8,"wind_kt":85,"pressure_mb":null},{"date":"19240903","time":"0000","status":"HU","lat":28.9,"lon":-68.9,"wind_kt":85,"pressure_mb":null},{"date":"19240903","time":"0600","status":"HU","lat":30.5,"lon":-68.8,"wind_kt":80,"pressure_mb":null},{"date":"19240903","time":"1200","status":"HU","lat":32.2,"lon":-68.5,"wind_kt":80,"pressure_mb":null},{"date":"19240903","time":"1800","status":"HU","lat":34.1,"lon":-68,"wind_kt":80,"pressure_mb":null},{"date":"19240904","time":"0000","status":"EX","lat":36.3,"lon":-67,"wind_kt":75,"pressure_mb":null},{"date":"19240904","time":"0600","status":"EX","lat":38.6,"lon":-66,"wind_kt":75,"pressure_mb":null},{"date":"19240904","time":"1200","status":"EX","lat":40.8,"lon":-64.8,"wind_kt":70,"pressure_mb":null},{"date":"19240904","time":"1800","status":"EX","lat":43,"lon":-63.1,"wind_kt":70,"pressure_mb":null},{"date":"19240905","time":"0000","status":"EX","lat":45.1,"lon":-61.1,"wind_kt":65,"pressure_mb":null},{"date":"19240905","time":"0600","status":"EX","lat":47.2,"lon":-58.7,"wind_kt":55,"pressure_mb":null},{"date":"19240905","time":"1200","status":"EX","lat":49.2,"lon":-56,"wind_kt":50,"pressure_mb":null},{"date":"19240905","time":"1800","status":"EX","lat":50.6,"lon":-52.4,"wind_kt":45,"pressure_mb":null},{"date":"19240906","time":"0000","status":"EX","lat":51.3,"lon":-49.2,"wind_kt":40,"pressure_mb":null},{"date":"19240906","time":"0600","status":"EX","lat":52,"lon":-46,"wind_kt":35,"pressure_mb":null},{"date":"19240906","time":"1200","status":"EX","lat":52.1,"lon":-42.6,"wind_kt":35,"pressure_mb":null},{"date":"19240906","time":"1800","status":"EX","lat":51.8,"lon":-38.6,"wind_kt":35,"pressure_mb":null}]}},{"type":"Feature","geometry":{"type":"LineString","coordinates":[[-84.5,24],[-85.5,24.8],[-86.5,25.5],[-87.2,26.2],[-87.7,26.9],[-87.9,27.6],[-88,28.2],[-87.6,28.6],[-87,29],[-86.2,29.3],[-85.5,29.6],[-85.3,29.7],[-84.9,29.9],[-84.3,30.2],[-83.6,30.5],[-82.8,31],[-81.7,31.8],[-80.2,32.9],[-78.2,34.1],[-75.8,35.3],[-72.3,36.7],[-69.7,38.3],[-67,40],[-64.5,41.5],[-62,42.8],[-59.5,43.9],[-57,44.8],[-54.5,45.5],[-52,46]]},"properties":{"id":"hur-al051924","event_type":"hurricane","name":null,"year":1924,"max_wind_kt":75,"min_pressure_mb":980,"category":1,"preliminary":false,"start_date":"19240913","end_date":"19240919","track":[{"date":"19240913","time":"0000","status":"TS","lat":24,"lon":-84.5,"wind_kt":35,"pressure_mb":null},{"date":"19240913","time":"0600","status":"TS","lat":24.8,"lon":-85.5,"wind_kt":40,"pressure_mb":null},{"date":"19240913","time":"1200","status":"TS","lat":25.5,"lon":-86.5,"wind_kt":45,"pressure_mb":null},{"date":"19240913","time":"1800","status":"TS","lat":26.2,"lon":-87.2,"wind_kt":45,"pressure_mb":null},{"date":"19240914","time":"0000","status":"TS","lat":26.9,"lon":-87.7,"wind_kt":50,"pressure_mb":null},{"date":"19240914","time":"0600","status":"TS","lat":27.6,"lon":-87.9,"wind_kt":50,"pressure_mb":null},{"date":"19240914","time":"1200","status":"TS","lat":28.2,"lon":-88,"wind_kt":55,"pressure_mb":null},{"date":"19240914","time":"1800","status":"TS","lat":28.6,"lon":-87.6,"wind_kt":60,"pressure_mb":null},{"date":"19240915","time":"0000","status":"HU","lat":29,"lon":-87,"wind_kt":65,"pressure_mb":null},{"date":"19240915","time":"0600","status":"HU","lat":29.3,"lon":-86.2,"wind_kt":70,"pressure_mb":null},{"date":"19240915","time":"1200","status":"HU","lat":29.6,"lon":-85.5,"wind_kt":75,"pressure_mb":980},{"date":"19240915","time":"1400","status":"HU","lat":29.7,"lon":-85.3,"wind_kt":75,"pressure_mb":980},{"date":"19240915","time":"1800","status":"TS","lat":29.9,"lon":-84.9,"wind_kt":55,"pressure_mb":null},{"date":"19240916","time":"0000","status":"TS","lat":30.2,"lon":-84.3,"wind_kt":50,"pressure_mb":null},{"date":"19240916","time":"0600","status":"TS","lat":30.5,"lon":-83.6,"wind_kt":45,"pressure_mb":null},{"date":"19240916","time":"1200","status":"TS","lat":31,"lon":-82.8,"wind_kt":40,"pressure_mb":null},{"date":"19240916","time":"1800","status":"TS","lat":31.8,"lon":-81.7,"wind_kt":35,"pressure_mb":null},{"date":"19240917","time":"0000","status":"TS","lat":32.9,"lon":-80.2,"wind_kt":35,"pressure_mb":null},{"date":"19240917","time":"0600","status":"EX","lat":34.1,"lon":-78.2,"wind_kt":40,"pressure_mb":null},{"date":"19240917","time":"1200","status":"EX","lat":35.3,"lon":-75.8,"wind_kt":45,"pressure_mb":null},{"date":"19240917","time":"1800","status":"EX","lat":36.7,"lon":-72.3,"wind_kt":45,"pressure_mb":null},{"date":"19240918","time":"0000","status":"EX","lat":38.3,"lon":-69.7,"wind_kt":45,"pressure_mb":null},{"date":"19240918","time":"0600","status":"EX","lat":40,"lon":-67,"wind_kt":45,"pressure_mb":null},{"date":"19240918","time":"1200","status":"EX","lat":41.5,"lon":-64.5,"wind_kt":50,"pressure_mb":null},{"date":"19240918","time":"1800","status":"EX","lat":42.8,"lon":-62,"wind_kt":50,"pressure_mb":null},{"date":"19240919","time":"0000","status":"EX","lat":43.9,"lon":-59.5,"wind_kt":50,"pressure_mb":null},{"date":"19240919","time":"0600","status":"EX","lat":44.8,"lon":-57,"wind_kt":50,"pressure_mb":null},{"date":"19240919","time":"1200","status":"EX","lat":45.5,"lon":-54.5,"wind_kt":50,"pressure_mb":null},{"date":"19240919","time":"1800","status":"EX","lat":46,"lon":-52,"wind_kt":50,"pressure_mb":null}]}},{"type":"Feature","geometry":{"type":"LineString","coordinates":[[-22.6,15.8],[-22.8,15.9],[-23,16],[-23.2,16.1],[-23.4,16.2],[-23.7,16.3],[-24,16.5],[-24.5,16.8],[-25.2,17.2],[-26.1,17.6],[-27,18],[-28,18.5]]},"properties":{"id":"hur-al061924","event_type":"hurricane","name":null,"year":1924,"max_wind_kt":40,"min_pressure_mb":1005,"category":0,"preliminary":false,"start_date":"19240920","end_date":"19240922","track":[{"date":"19240920","time":"0000","status":"TD","lat":15.8,"lon":-22.6,"wind_kt":25,"pressure_mb":null},{"date":"19240920","time":"0600","status":"TD","lat":15.9,"lon":-22.8,"wind_kt":30,"pressure_mb":null},{"date":"19240920","time":"1200","status":"TS","lat":16,"lon":-23,"wind_kt":35,"pressure_mb":null},{"date":"19240920","time":"1800","status":"TS","lat":16.1,"lon":-23.2,"wind_kt":40,"pressure_mb":null},{"date":"19240921","time":"0000","status":"TS","lat":16.2,"lon":-23.4,"wind_kt":40,"pressure_mb":null},{"date":"19240921","time":"0600","status":"TS","lat":16.3,"lon":-23.7,"wind_kt":40,"pressure_mb":null},{"date":"19240921","time":"1200","status":"TS","lat":16.5,"lon":-24,"wind_kt":40,"pressure_mb":null},{"date":"19240921","time":"1800","status":"TS","lat":16.8,"lon":-24.5,"wind_kt":40,"pressure_mb":null},{"date":"19240922","time":"0000","status":"TS","lat":17.2,"lon":-25.2,"wind_kt":35,"pressure_mb":1005},{"date":"19240922","time":"0600","status":"TS","lat":17.6,"lon":-26.1,"wind_kt":35,"pressure_mb":null},{"date":"19240922","time":"1200","status":"TS","lat":18,"lon":-27,"wind_kt":35,"pressure_mb":null},{"date":"19240922","time":"1800","status":"TS","lat":18.5,"lon":-28,"wind_kt":35,"pressure_mb":null}]}},{"type":"Feature","geometry":{"type":"LineString","coordinates":[[-22.2,11.3],[-23.6,11.4],[-25,11.5],[-26.4,11.7],[-27.8,11.8],[-29.2,11.9],[-30.5,12],[-31.8,12.1],[-33.2,12.2],[-34.6,12.3],[-36,12.5],[-37.5,12.7],[-39,12.9],[-40.5,13.2],[-42,13.5],[-43.4,13.8],[-44.8,14.1],[-46.2,14.5],[-47.5,15],[-48.7,15.8],[-49.9,16.7],[-51.1,17.6],[-52,18.5],[-52.6,19.3],[-53.1,19.9],[-53.6,20.4],[-54,21],[-54.4,21.9],[-54.7,23.1],[-54.9,24.6],[-55,26],[-55,27.2],[-55,28.2],[-55,29],[-55,30],[-55,31.3],[-55,32.8],[-54.9,34.5],[-54.5,36],[-53.7,37.4],[-52.5,38.8],[-51,40.2],[-49,41.5],[-46.9,42.8],[-44.7,44.2],[-42.4,45.6],[-40,47],[-37.5,48.5]]},"properties":{"id":"hur-al071924","event_type":"hurricane","name":null,"year":1924,"max_wind_kt":50,"min_pressure_mb":null,"category":0,"preliminary":false,"start_date":"19240924","end_date":"19241005","track":[{"date":"19240924","time":"0000","status":"TD","lat":11.3,"lon":-22.2,"wind_kt":25,"pressure_mb":null},{"date":"19240924","time":"0600","status":"TD","lat":11.4,"lon":-23.6,"wind_kt":25,"pressure_mb":null},{"date":"19240924","time":"1200","status":"TD","lat":11.5,"lon":-25,"wind_kt":25,"pressure_mb":null},{"date":"19240924","time":"1800","status":"TD","lat":11.7,"lon":-26.4,"wind_kt":25,"pressure_mb":null},{"date":"19240925","time":"0000","status":"TD","lat":11.8,"lon":-27.8,"wind_kt":30,"pressure_mb":null},{"date":"19240925","time":"0600","status":"TD","lat":11.9,"lon":-29.2,"wind_kt":30,"pressure_mb":null},{"date":"19240925","time":"1200","status":"TD","lat":12,"lon":-30.5,"wind_kt":30,"pressure_mb":null},{"date":"19240925","time":"1800","status":"TD","lat":12.1,"lon":-31.8,"wind_kt":30,"pressure_mb":null},{"date":"19240926","time":"0000","status":"TS","lat":12.2,"lon":-33.2,"wind_kt":35,"pressure_mb":null},{"date":"19240926","time":"0600","status":"TS","lat":12.3,"lon":-34.6,"wind_kt":35,"pressure_mb":null},{"date":"19240926","time":"1200","status":"TS","lat":12.5,"lon":-36,"wind_kt":35,"pressure_mb":null},{"date":"19240926","time":"1800","status":"TS","lat":12.7,"lon":-37.5,"wind_kt":35,"pressure_mb":null},{"date":"19240927","time":"0000","status":"TS","lat":12.9,"lon":-39,"wind_kt":40,"pressure_mb":null},{"date":"19240927","time":"0600","status":"TS","lat":13.2,"lon":-40.5,"wind_kt":40,"pressure_mb":null},{"date":"19240927","time":"1200","status":"TS","lat":13.5,"lon":-42,"wind_kt":40,"pressure_mb":null},{"date":"19240927","time":"1800","status":"TS","lat":13.8,"lon":-43.4,"wind_kt":40,"pressure_mb":null},{"date":"19240928","time":"0000","status":"TS","lat":14.1,"lon":-44.8,"wind_kt":40,"pressure_mb":null},{"date":"19240928","time":"0600","status":"TS","lat":14.5,"lon":-46.2,"wind_kt":40,"pressure_mb":null},{"date":"19240928","time":"1200","status":"TS","lat":15,"lon":-47.5,"wind_kt":45,"pressure_mb":null},{"date":"19240928","time":"1800","status":"TS","lat":15.8,"lon":-48.7,"wind_kt":45,"pressure_mb":null},{"date":"19240929","time":"0000","status":"TS","lat":16.7,"lon":-49.9,"wind_kt":45,"pressure_mb":null},{"date":"19240929","time":"0600","status":"TS","lat":17.6,"lon":-51.1,"wind_kt":45,"pressure_mb":null},{"date":"19240929","time":"1200","status":"TS","lat":18.5,"lon":-52,"wind_kt":40,"pressure_mb":null},{"date":"19240929","time":"1800","status":"TS","lat":19.3,"lon":-52.6,"wind_kt":40,"pressure_mb":null},{"date":"19240930","time":"0000","status":"TS","lat":19.9,"lon":-53.1,"wind_kt":35,"pressure_mb":null},{"date":"19240930","time":"0600","status":"TS","lat":20.4,"lon":-53.6,"wind_kt":35,"pressure_mb":null},{"date":"19240930","time":"1200","status":"TS","lat":21,"lon":-54,"wind_kt":35,"pressure_mb":null},{"date":"19240930","time":"1800","status":"TS","lat":21.9,"lon":-54.4,"wind_kt":35,"pressure_mb":null},{"date":"19241001","time":"0000","status":"TS","lat":23.1,"lon":-54.7,"wind_kt":35,"pressure_mb":null},{"date":"19241001","time":"0600","status":"TS","lat":24.6,"lon":-54.9,"wind_kt":35,"pressure_mb":null},{"date":"19241001","time":"1200","status":"TS","lat":26,"lon":-55,"wind_kt":35,"pressure_mb":null},{"date":"19241001","time":"1800","status":"TS","lat":27.2,"lon":-55,"wind_kt":35,"pressure_mb":null},{"date":"19241002","time":"0000","status":"TS","lat":28.2,"lon":-55,"wind_kt":40,"pressure_mb":null},{"date":"19241002","time":"0600","status":"TS","lat":29,"lon":-55,"wind_kt":40,"pressure_mb":null},{"date":"19241002","time":"1200","status":"TS","lat":30,"lon":-55,"wind_kt":45,"pressure_mb":null},{"date":"19241002","time":"1800","status":"TS","lat":31.3,"lon":-55,"wind_kt":45,"pressure_mb":null},{"date":"19241003","time":"0000","status":"TS","lat":32.8,"lon":-55,"wind_kt":45,"pressure_mb":null},{"date":"19241003","time":"0600","status":"TS","lat":34.5,"lon":-54.9,"wind_kt":45,"pressure_mb":null},{"date":"19241003","time":"1200","status":"EX","lat":36,"lon":-54.5,"wind_kt":45,"pressure_mb":null},{"date":"19241003","time":"1800","status":"EX","lat":37.4,"lon":-53.7,"wind_kt":45,"pressure_mb":null},{"date":"19241004","time":"0000","status":"EX","lat":38.8,"lon":-52.5,"wind_kt":45,"pressure_mb":null},{"date":"19241004","time":"0600","status":"EX","lat":40.2,"lon":-51,"wind_kt":45,"pressure_mb":null},{"date":"19241004","time":"1200","status":"EX","lat":41.5,"lon":-49,"wind_kt":45,"pressure_mb":null},{"date":"19241004","time":"1800","status":"EX","lat":42.8,"lon":-46.9,"wind_kt":45,"pressure_mb":null},{"date":"19241005","time":"0000","status":"EX","lat":44.2,"lon":-44.7,"wind_kt":50,"pressure_mb":null},{"date":"19241005","time":"0600","status":"EX","lat":45.6,"lon":-42.4,"wind_kt":50,"pressure_mb":null},{"date":"19241005","time":"1200","status":"EX","lat":47,"lon":-40,"wind_kt":50,"pressure_mb":null},{"date":"19241005","time":"1800","status":"EX","lat":48.5,"lon":-37.5,"wind_kt":50,"pressure_mb":null}]}},{"type":"Feature","geometry":{"type":"LineString","coordinates":[[-86,16.5],[-86,17],[-86.1,17.5],[-86.1,18],[-86.1,18.6],[-86.2,19.2],[-86.2,20],[-86.2,21.3],[-86.2,23],[-86.5,25],[-86.6,27],[-85,29],[-84,30],[-83,31],[-80.7,33],[-78,35],[-75.5,38],[-73,42.5]]},"properties":{"id":"hur-al081924","event_type":"hurricane","name":null,"year":1924,"max_wind_kt":65,"min_pressure_mb":999,"category":1,"preliminary":false,"start_date":"19240927","end_date":"19241001","track":[{"date":"19240927","time":"0000","status":"TD","lat":16.5,"lon":-86,"wind_kt":25,"pressure_mb":null},{"date":"19240927","time":"0600","status":"TD","lat":17,"lon":-86,"wind_kt":25,"pressure_mb":null},{"date":"19240927","time":"1200","status":"TD","lat":17.5,"lon":-86.1,"wind_kt":30,"pressure_mb":null},{"date":"19240927","time":"1800","status":"TD","lat":18,"lon":-86.1,"wind_kt":30,"pressure_mb":null},{"date":"19240928","time":"0000","status":"TD","lat":18.6,"lon":-86.1,"wind_kt":30,"pressure_mb":null},{"date":"19240928","time":"0600","status":"TD","lat":19.2,"lon":-86.2,"wind_kt":30,"pressure_mb":null},{"date":"19240928","time":"1200","status":"TD","lat":20,"lon":-86.2,"wind_kt":30,"pressure_mb":null},{"date":"19240928","time":"1800","status":"TS","lat":21.3,"lon":-86.2,"wind_kt":35,"pressure_mb":null},{"date":"19240929","time":"0000","status":"TS","lat":23,"lon":-86.2,"wind_kt":40,"pressure_mb":null},{"date":"19240929","time":"0600","status":"TS","lat":25,"lon":-86.5,"wind_kt":45,"pressure_mb":null},{"date":"19240929","time":"1200","status":"TS","lat":27,"lon":-86.6,"wind_kt":50,"pressure_mb":999},{"date":"19240929","time":"1800","status":"TS","lat":29,"lon":-85,"wind_kt":55,"pressure_mb":null},{"date":"19240929","time":"2100","status":"TS","lat":30,"lon":-84,"wind_kt":55,"pressure_mb":null},{"date":"19240930","time":"0000","status":"EX","lat":31,"lon":-83,"wind_kt":55,"pressure_mb":null},{"date":"19240930","time":"0600","status":"EX","lat":33,"lon":-80.7,"wind_kt":55,"pressure_mb":1001},{"date":"19240930","time":"1200","status":"EX","lat":35,"lon":-78,"wind_kt":60,"pressure_mb":null},{"date":"19240930","time":"1800","status":"EX","lat":38,"lon":-75.5,"wind_kt":65,"pressure_mb":null},{"date":"19241001","time":"0000","status":"EX","lat":42.5,"lon":-73,"wind_kt":55,"pressure_mb":null}]}},{"type":"Feature","geometry":{"type":"LineString","coordinates":[[-88,25.5],[-88.1,25.9],[-88.3,26.3],[-88.6,26.6],[-89,26.7],[-89.6,26.3],[-90.5,25.7],[-91.6,24.9],[-92.4,24.2],[-93.2,23.7],[-94,23.3],[-94.8,22.9],[-95.6,22.5],[-96.4,22],[-97.2,21.5],[-98,21]]},"properties":{"id":"hur-al091924","event_type":"hurricane","name":null,"year":1924,"max_wind_kt":50,"min_pressure_mb":null,"category":0,"preliminary":false,"start_date":"19241011","end_date":"19241015","track":[{"date":"19241011","time":"1200","status":"TD","lat":25.5,"lon":-88,"wind_kt":30,"pressure_mb":null},{"date":"19241011","time":"1800","status":"TS","lat":25.9,"lon":-88.1,"wind_kt":35,"pressure_mb":null},{"date":"19241012","time":"0000","status":"TS","lat":26.3,"lon":-88.3,"wind_kt":40,"pressure_mb":null},{"date":"19241012","time":"0600","status":"TS","lat":26.6,"lon":-88.6,"wind_kt":45,"pressure_mb":null},{"date":"19241012","time":"1200","status":"TS","lat":26.7,"lon":-89,"wind_kt":50,"pressure_mb":null},{"date":"19241012","time":"1800","status":"TS","lat":26.3,"lon":-89.6,"wind_kt":50,"pressure_mb":null},{"date":"19241013","time":"0000","status":"TS","lat":25.7,"lon":-90.5,"wind_kt":50,"pressure_mb":null},{"date":"19241013","time":"0600","status":"TS","lat":24.9,"lon":-91.6,"wind_kt":50,"pressure_mb":null},{"date":"19241013","time":"1200","status":"TS","lat":24.2,"lon":-92.4,"wind_kt":50,"pressure_mb":null},{"date":"19241013","time":"1800","status":"TS","lat":23.7,"lon":-93.2,"wind_kt":50,"pressure_mb":null},{"date":"19241014","time":"0000","status":"TS","lat":23.3,"lon":-94,"wind_kt":50,"pressure_mb":null},{"date":"19241014","time":"0600","status":"TS","lat":22.9,"lon":-94.8,"wind_kt":50,"pressure_mb":null},{"date":"19241014","time":"1200","status":"TS","lat":22.5,"lon":-95.6,"wind_kt":50,"pressure_mb":null},{"date":"19241014","time":"1800","status":"TS","lat":22,"lon":-96.4,"wind_kt":50,"pressure_mb":null},{"date":"19241015","time":"0000","status":"TS","lat":21.5,"lon":-97.2,"wind_kt":50,"pressure_mb":null},{"date":"19241015","time":"0600","status":"TD","lat":21,"lon":-98,"wind_kt":30,"pressure_mb":null}]}},{"type":"Feature","geometry":{"type":"LineString","coordinates":[[-83.5,15.7],[-83.9,16.1],[-84.2,16.5],[-84.4,16.9],[-84.6,17.3],[-84.8,17.7],[-85,18],[-85.2,18.3],[-85.5,18.6],[-85.8,18.9],[-86,19],[-86.2,18.9],[-86.4,18.8],[-86.5,18.6],[-86.5,18.4],[-86.4,18.3],[-86.2,18.3],[-86,18.4],[-85.8,18.6],[-85.6,19.1],[-85.3,19.7],[-85,20.4],[-84.7,21.3],[-84.4,22.4],[-84,23.4],[-83.5,24.4],[-83,25.2],[-82.5,25.5],[-81.9,25.8],[-81.8,25.8],[-81,25.9],[-80.1,26],[-78.9,26.3],[-77.4,26.8],[-75.6,27.3],[-73.5,28],[-71.4,28.7],[-69.3,29.4],[-67.2,30.1],[-65,31]]},"properties":{"id":"hur-al101924","event_type":"hurricane","name":null,"year":1924,"max_wind_kt":145,"min_pressure_mb":910,"category":5,"preliminary":false,"start_date":"19241014","end_date":"19241023","track":[{"date":"19241014","time":"0000","status":"TD","lat":15.7,"lon":-83.5,"wind_kt":25,"pressure_mb":null},{"date":"19241014","time":"0600","status":"TD","lat":16.1,"lon":-83.9,"wind_kt":25,"pressure_mb":null},{"date":"19241014","time":"1200","status":"TD","lat":16.5,"lon":-84.2,"wind_kt":30,"pressure_mb":null},{"date":"19241014","time":"1800","status":"TD","lat":16.9,"lon":-84.4,"wind_kt":30,"pressure_mb":null},{"date":"19241015","time":"0000","status":"TD","lat":17.3,"lon":-84.6,"wind_kt":30,"pressure_mb":null},{"date":"19241015","time":"0600","status":"TS","lat":17.7,"lon":-84.8,"wind_kt":35,"pressure_mb":null},{"date":"19241015","time":"1200","status":"TS","lat":18,"lon":-85,"wind_kt":40,"pressure_mb":null},{"date":"19241015","time":"1800","status":"TS","lat":18.3,"lon":-85.2,"wind_kt":50,"pressure_mb":null},{"date":"19241016","time":"0000","status":"TS","lat":18.6,"lon":-85.5,"wind_kt":60,"pressure_mb":null},{"date":"19241016","time":"0600","status":"HU","lat":18.9,"lon":-85.8,"wind_kt":70,"pressure_mb":null},{"date":"19241016","time":"1200","status":"HU","lat":19,"lon":-86,"wind_kt":80,"pressure_mb":null},{"date":"19241016","time":"1800","status":"HU","lat":18.9,"lon":-86.2,"wind_kt":80,"pressure_mb":null},{"date":"19241017","time":"0000","status":"HU","lat":18.8,"lon":-86.4,"wind_kt":80,"pressure_mb":null},{"date":"19241017","time":"0600","status":"HU","lat":18.6,"lon":-86.5,"wind_kt":85,"pressure_mb":null},{"date":"19241017","time":"1200","status":"HU","lat":18.4,"lon":-86.5,"wind_kt":85,"pressure_mb":null},{"date":"19241017","time":"1800","status":"HU","lat":18.3,"lon":-86.4,"wind_kt":85,"pressure_mb":null},{"date":"19241018","time":"0000","status":"HU","lat":18.3,"lon":-86.2,"wind_kt":90,"pressure_mb":null},{"date":"19241018","time":"0600","status":"HU","lat":18.4,"lon":-86,"wind_kt":95,"pressure_mb":null},{"date":"19241018","time":"1200","status":"HU","lat":18.6,"lon":-85.8,"wind_kt":100,"pressure_mb":null},{"date":"19241018","time":"1800","status":"HU","lat":19.1,"lon":-85.6,"wind_kt":110,"pressure_mb":null},{"date":"19241019","time":"0000","status":"HU","lat":19.7,"lon":-85.3,"wind_kt":120,"pressure_mb":null},{"date":"19241019","time":"0600","status":"HU","lat":20.4,"lon":-85,"wind_kt":130,"pressure_mb":null},{"date":"19241019","time":"1200","status":"HU","lat":21.3,"lon":-84.7,"wind_kt":145,"pressure_mb":null},{"date":"19241019","time":"1800","status":"HU","lat":22.4,"lon":-84.4,"wind_kt":145,"pressure_mb":910},{"date":"19241020","time":"0000","status":"HU","lat":23.4,"lon":-84,"wind_kt":130,"pressure_mb":null},{"date":"19241020","time":"0600","status":"HU","lat":24.4,"lon":-83.5,"wind_kt":115,"pressure_mb":null},{"date":"19241020","time":"1200","status":"HU","lat":25.2,"lon":-83,"wind_kt":100,"pressure_mb":null},{"date":"19241020","time":"1800","status":"HU","lat":25.5,"lon":-82.5,"wind_kt":90,"pressure_mb":null},{"date":"19241021","time":"0000","status":"HU","lat":25.8,"lon":-81.9,"wind_kt":80,"pressure_mb":975},{"date":"19241021","time":"0100","status":"HU","lat":25.8,"lon":-81.8,"wind_kt":80,"pressure_mb":975},{"date":"19241021","time":"0600","status":"HU","lat":25.9,"lon":-81,"wind_kt":70,"pressure_mb":null},{"date":"19241021","time":"1200","status":"TS","lat":26,"lon":-80.1,"wind_kt":60,"pressure_mb":986},{"date":"19241021","time":"1800","status":"TS","lat":26.3,"lon":-78.9,"wind_kt":60,"pressure_mb":null},{"date":"19241022","time":"0000","status":"TS","lat":26.8,"lon":-77.4,"wind_kt":60,"pressure_mb":null},{"date":"19241022","time":"0600","status":"TS","lat":27.3,"lon":-75.6,"wind_kt":60,"pressure_mb":null},{"date":"19241022","time":"1200","status":"TS","lat":28,"lon":-73.5,"wind_kt":55,"pressure_mb":null},{"date":"19241022","time":"1800","status":"TS","lat":28.7,"lon":-71.4,"wind_kt":50,"pressure_mb":null},{"date":"19241023","time":"0000","status":"TS","lat":29.4,"lon":-69.3,"wind_kt":45,"pressure_mb":null},{"date":"19241023","time":"0600","status":"TS","lat":30.1,"lon":-67.2,"wind_kt":40,"pressure_mb":null},{"date":"19241023","time":"1200","status":"EX","lat":31,"lon":-65,"wind_kt":30,"pressure_mb":null}]}},{"type":"Feature","geometry":{"type":"LineString","coordinates":[[-80,12.5],[-79.7,12.8],[-79.4,13.2],[-79.2,13.6],[-79,14],[-78.9,14.5],[-78.9,15],[-78.8,15.5],[-78.5,16],[-78,16.6],[-77.3,17.4],[-76.8,18.2],[-76.5,18.9],[-76.3,19.6],[-76.2,20.2],[-76.1,20.6],[-76,21],[-76,21.3],[-75.9,21.6],[-75.8,21.8],[-75.5,22.1],[-74.7,22.6],[-73.2,23.4],[-71.2,24.3],[-69.5,25.2],[-68,25.8],[-66.5,26.2],[-65.7,26.5],[-65.1,27],[-64.5,27.7],[-63.7,28.6],[-62.5,29.5],[-61.5,30.5],[-61.1,31.5],[-61,32.6],[-61,33.8],[-61,35],[-61,36.5]]},"properties":{"id":"hur-al111924","event_type":"hurricane","name":null,"year":1924,"max_wind_kt":70,"min_pressure_mb":null,"category":1,"preliminary":false,"start_date":"19241105","end_date":"19241114","track":[{"date":"19241105","time":"1200","status":"TS","lat":12.5,"lon":-80,"wind_kt":35,"pressure_mb":null},{"date":"19241105","time":"1800","status":"TS","lat":12.8,"lon":-79.7,"wind_kt":35,"pressure_mb":null},{"date":"19241106","time":"0000","status":"TS","lat":13.2,"lon":-79.4,"wind_kt":35,"pressure_mb":null},{"date":"19241106","time":"0600","status":"TS","lat":13.6,"lon":-79.2,"wind_kt":35,"pressure_mb":null},{"date":"19241106","time":"1200","status":"TS","lat":14,"lon":-79,"wind_kt":35,"pressure_mb":null},{"date":"19241106","time":"1800","status":"TS","lat":14.5,"lon":-78.9,"wind_kt":35,"pressure_mb":null},{"date":"19241107","time":"0000","status":"TS","lat":15,"lon":-78.9,"wind_kt":35,"pressure_mb":null},{"date":"19241107","time":"0600","status":"TS","lat":15.5,"lon":-78.8,"wind_kt":35,"pressure_mb":null},{"date":"19241107","time":"1200","status":"TS","lat":16,"lon":-78.5,"wind_kt":35,"pressure_mb":null},{"date":"19241107","time":"1800","status":"TS","lat":16.6,"lon":-78,"wind_kt":35,"pressure_mb":null},{"date":"19241108","time":"0000","status":"TS","lat":17.4,"lon":-77.3,"wind_kt":35,"pressure_mb":null},{"date":"19241108","time":"0600","status":"TS","lat":18.2,"lon":-76.8,"wind_kt":40,"pressure_mb":null},{"date":"19241108","time":"1200","status":"TS","lat":18.9,"lon":-76.5,"wind_kt":40,"pressure_mb":null},{"date":"19241108","time":"1800","status":"TS","lat":19.6,"lon":-76.3,"wind_kt":40,"pressure_mb":null},{"date":"19241109","time":"0000","status":"TS","lat":20.2,"lon":-76.2,"wind_kt":40,"pressure_mb":null},{"date":"19241109","time":"0600","status":"TS","lat":20.6,"lon":-76.1,"wind_kt":35,"pressure_mb":null},{"date":"19241109","time":"1200","status":"TS","lat":21,"lon":-76,"wind_kt":35,"pressure_mb":null},{"date":"19241109","time":"1800","status":"TS","lat":21.3,"lon":-76,"wind_kt":40,"pressure_mb":null},{"date":"19241110","time":"0000","status":"TS","lat":21.6,"lon":-75.9,"wind_kt":50,"pressure_mb":null},{"date":"19241110","time":"0600","status":"TS","lat":21.8,"lon":-75.8,"wind_kt":60,"pressure_mb":null},{"date":"19241110","time":"1200","status":"HU","lat":22.1,"lon":-75.5,"wind_kt":65,"pressure_mb":null},{"date":"19241110","time":"1800","status":"HU","lat":22.6,"lon":-74.7,"wind_kt":70,"pressure_mb":null},{"date":"19241111","time":"0000","status":"HU","lat":23.4,"lon":-73.2,"wind_kt":70,"pressure_mb":null},{"date":"19241111","time":"0600","status":"HU","lat":24.3,"lon":-71.2,"wind_kt":70,"pressure_mb":null},{"date":"19241111","time":"1200","status":"HU","lat":25.2,"lon":-69.5,"wind_kt":70,"pressure_mb":null},{"date":"19241111","time":"1800","status":"HU","lat":25.8,"lon":-68,"wind_kt":70,"pressure_mb":null},{"date":"19241112","time":"0000","status":"HU","lat":26.2,"lon":-66.5,"wind_kt":70,"pressure_mb":null},{"date":"19241112","time":"0600","status":"HU","lat":26.5,"lon":-65.7,"wind_kt":70,"pressure_mb":null},{"date":"19241112","time":"1200","status":"HU","lat":27,"lon":-65.1,"wind_kt":70,"pressure_mb":null},{"date":"19241112","time":"1800","status":"HU","lat":27.7,"lon":-64.5,"wind_kt":70,"pressure_mb":null},{"date":"19241113","time":"0000","status":"HU","lat":28.6,"lon":-63.7,"wind_kt":65,"pressure_mb":null},{"date":"19241113","time":"0600","status":"HU","lat":29.5,"lon":-62.5,"wind_kt":65,"pressure_mb":null},{"date":"19241113","time":"1200","status":"TS","lat":30.5,"lon":-61.5,"wind_kt":60,"pressure_mb":null},{"date":"19241113","time":"1800","status":"TS","lat":31.5,"lon":-61.1,"wind_kt":55,"pressure_mb":null},{"date":"19241114","time":"0000","status":"TS","lat":32.6,"lon":-61,"wind_kt":50,"pressure_mb":null},{"date":"19241114","time":"0600","status":"TS","lat":33.8,"lon":-61,"wind_kt":45,"pressure_mb":null},{"date":"19241114","time":"1200","status":"TS","lat":35,"lon":-61,"wind_kt":40,"pressure_mb":null},{"date":"19241114","time":"1800","status":"EX","lat":36.5,"lon":-61,"wind_kt":40,"pressure_mb":null}]}},{"type":"Feature","geometry":{"type":"LineString","coordinates":[[-75.5,29],[-74.8,29.5],[-74,30],[-73.2,30.5],[-72.3,31],[-71.4,31.5],[-70.5,32],[-69.3,32.8],[-67.6,33.9],[-65.1,35.2],[-61.5,36.5],[-58.5,37.8],[-56.5,39.1],[-55.5,40.5]]},"properties":{"id":"hur-al011925","event_type":"hurricane","name":null,"year":1925,"max_wind_kt":70,"min_pressure_mb":null,"category":1,"preliminary":false,"start_date":"19250818","end_date":"19250821","track":[{"date":"19250818","time":"0000","status":"TD","lat":29,"lon":-75.5,"wind_kt":25,"pressure_mb":null},{"date":"19250818","time":"0600","status":"TD","lat":29.5,"lon":-74.8,"wind_kt":25,"pressure_mb":null},{"date":"19250818","time":"1200","status":"TD","lat":30,"lon":-74,"wind_kt":30,"pressure_mb":null},{"date":"19250818","time":"1800","status":"TS","lat":30.5,"lon":-73.2,"wind_kt":35,"pressure_mb":null},{"date":"19250819","time":"0000","status":"TS","lat":31,"lon":-72.3,"wind_kt":40,"pressure_mb":null},{"date":"19250819","time":"0600","status":"TS","lat":31.5,"lon":-71.4,"wind_kt":45,"pressure_mb":null},{"date":"19250819","time":"1200","status":"TS","lat":32,"lon":-70.5,"wind_kt":50,"pressure_mb":null},{"date":"19250819","time":"1800","status":"TS","lat":32.8,"lon":-69.3,"wind_kt":55,"pressure_mb":null},{"date":"19250820","time":"0000","status":"TS","lat":33.9,"lon":-67.6,"wind_kt":60,"pressure_mb":null},{"date":"19250820","time":"0600","status":"HU","lat":35.2,"lon":-65.1,"wind_kt":70,"pressure_mb":null},{"date":"19250820","time":"1200","status":"HU","lat":36.5,"lon":-61.5,"wind_kt":70,"pressure_mb":null},{"date":"19250820","time":"1800","status":"HU","lat":37.8,"lon":-58.5,"wind_kt":70,"pressure_mb":null},{"date":"19250821","time":"0000","status":"HU","lat":39.1,"lon":-56.5,"wind_kt":65,"pressure_mb":null},{"date":"19250821","time":"0600","status":"EX","lat":40.5,"lon":-55.5,"wind_kt":60,"pressure_mb":null}]}},{"type":"Feature","geometry":{"type":"LineString","coordinates":[[-78,30],[-77.7,30.6],[-77.4,31.2],[-77,31.8],[-76.5,32.5],[-75.6,33.2],[-74.2,33.8],[-72.3,34.4],[-70,35],[-67.5,35.5],[-64.5,36]]},"properties":{"id":"hur-al021925","event_type":"hurricane","name":null,"year":1925,"max_wind_kt":35,"min_pressure_mb":null,"category":0,"preliminary":false,"start_date":"19250825","end_date":"19250828","track":[{"date":"19250825","time":"1200","status":"TD","lat":30,"lon":-78,"wind_kt":25,"pressure_mb":null},{"date":"19250825","time":"1800","status":"TD","lat":30.6,"lon":-77.7,"wind_kt":30,"pressure_mb":null},{"date":"19250826","time":"0000","status":"TD","lat":31.2,"lon":-77.4,"wind_kt":30,"pressure_mb":null},{"date":"19250826","time":"0600","status":"TS","lat":31.8,"lon":-77,"wind_kt":35,"pressure_mb":null},{"date":"19250826","time":"1200","status":"TS","lat":32.5,"lon":-76.5,"wind_kt":35,"pressure_mb":null},{"date":"19250826","time":"1800","status":"TS","lat":33.2,"lon":-75.6,"wind_kt":35,"pressure_mb":null},{"date":"19250827","time":"0000","status":"TS","lat":33.8,"lon":-74.2,"wind_kt":35,"pressure_mb":null},{"date":"19250827","time":"0600","status":"TS","lat":34.4,"lon":-72.3,"wind_kt":35,"pressure_mb":null},{"date":"19250827","time":"1200","status":"TS","lat":35,"lon":-70,"wind_kt":35,"pressure_mb":null},{"date":"19250827","time":"1800","status":"TS","lat":35.5,"lon":-67.5,"wind_kt":35,"pressure_mb":null},{"date":"19250828","time":"0000","status":"EX","lat":36,"lon":-64.5,"wind_kt":30,"pressure_mb":null}]}},{"type":"Feature","geometry":{"type":"LineString","coordinates":[[-93.2,22],[-94.2,22.7],[-95.2,23.5],[-96.2,24.3],[-97.3,25.1],[-98.3,25.9],[-99.3,26.7],[-100,27.7]]},"properties":{"id":"hur-al031925","event_type":"hurricane","name":null,"year":1925,"max_wind_kt":45,"min_pressure_mb":null,"category":0,"preliminary":false,"start_date":"19250906","end_date":"19250907","track":[{"date":"19250906","time":"0000","status":"TD","lat":22,"lon":-93.2,"wind_kt":30,"pressure_mb":null},{"date":"19250906","time":"0600","status":"TS","lat":22.7,"lon":-94.2,"wind_kt":35,"pressure_mb":null},{"date":"19250906","time":"1200","status":"TS","lat":23.5,"lon":-95.2,"wind_kt":40,"pressure_mb":null},{"date":"19250906","time":"1800","status":"TS","lat":24.3,"lon":-96.2,"wind_kt":45,"pressure_mb":null},{"date":"19250907","time":"0000","status":"TS","lat":25.1,"lon":-97.3,"wind_kt":45,"pressure_mb":null},{"date":"19250907","time":"0600","status":"TS","lat":25.9,"lon":-98.3,"wind_kt":40,"pressure_mb":null},{"date":"19250907","time":"1200","status":"TS","lat":26.7,"lon":-99.3,"wind_kt":35,"pressure_mb":null},{"date":"19250907","time":"1800","status":"TD","lat":27.7,"lon":-100,"wind_kt":30,"pressure_mb":null}]}},{"type":"Feature","geometry":{"type":"LineString","coordinates":[[-85.9,20.2],[-85.8,20.1],[-85.7,20],[-85.6,19.9],[-85.4,19.8],[-85.2,19.7],[-85,19.5],[-84.7,19.3],[-84.2,19.1],[-83.7,19],[-83.5,19],[-83.7,19.3],[-84.1,19.9],[-84.6,20.8],[-84.7,22],[-84.2,23.6],[-82.8,25.6],[-81.9,26.3],[-81.1,27.3],[-80.1,28.7],[-79.5,30],[-78.7,31],[-78.1,32],[-77.5,33.3],[-76.9,34.4],[-76.2,35.5],[-75.4,36.5],[-74.5,37.2],[-73.5,37.7],[-72.4,37.9],[-71.2,37.8],[-70,37.6],[-69,37.2],[-68.2,36.8],[-67.7,36.4],[-67.5,36]]},"properties":{"id":"hur-al041925","event_type":"hurricane","name":null,"year":1925,"max_wind_kt":80,"min_pressure_mb":980,"category":1,"preliminary":false,"start_date":"19251127","end_date":"19251205","track":[{"date":"19251127","time":"0000","status":"TD","lat":20.2,"lon":-85.9,"wind_kt":30,"pressure_mb":null},{"date":"19251127","time":"0600","status":"TD","lat":20.1,"lon":-85.8,"wind_kt":30,"pressure_mb":null},{"date":"19251127","time":"1200","status":"TS","lat":20,"lon":-85.7,"wind_kt":35,"pressure_mb":null},{"date":"19251127","time":"1800","status":"TS","lat":19.9,"lon":-85.6,"wind_kt":35,"pressure_mb":null},{"date":"19251128","time":"0000","status":"TS","lat":19.8,"lon":-85.4,"wind_kt":35,"pressure_mb":null},{"date":"19251128","time":"0600","status":"TS","lat":19.7,"lon":-85.2,"wind_kt":35,"pressure_mb":null},{"date":"19251128","time":"1200","status":"TS","lat":19.5,"lon":-85,"wind_kt":35,"pressure_mb":null},{"date":"19251128","time":"1800","status":"TS","lat":19.3,"lon":-84.7,"wind_kt":35,"pressure_mb":null},{"date":"19251129","time":"0000","status":"TS","lat":19.1,"lon":-84.2,"wind_kt":35,"pressure_mb":null},{"date":"19251129","time":"0600","status":"TS","lat":19,"lon":-83.7,"wind_kt":35,"pressure_mb":null},{"date":"19251129","time":"1200","status":"TS","lat":19,"lon":-83.5,"wind_kt":35,"pressure_mb":null},{"date":"19251129","time":"1800","status":"TS","lat":19.3,"lon":-83.7,"wind_kt":35,"pressure_mb":null},{"date":"19251130","time":"0000","status":"TS","lat":19.9,"lon":-84.1,"wind_kt":35,"pressure_mb":null},{"date":"19251130","time":"0600","status":"TS","lat":20.8,"lon":-84.6,"wind_kt":35,"pressure_mb":null},{"date":"19251130","time":"1200","status":"TS","lat":22,"lon":-84.7,"wind_kt":40,"pressure_mb":null},{"date":"19251130","time":"1800","status":"TS","lat":23.6,"lon":-84.2,"wind_kt":45,"pressure_mb":null},{"date":"19251201","time":"0000","status":"TS","lat":25.6,"lon":-82.8,"wind_kt":55,"pressure_mb":null},{"date":"19251201","time":"0300","status":"TS","lat":26.3,"lon":-81.9,"wind_kt":55,"pressure_mb":null},{"date":"19251201","time":"0600","status":"EX","lat":27.3,"lon":-81.1,"wind_kt":50,"pressure_mb":null},{"date":"19251201","time":"1200","status":"EX","lat":28.7,"lon":-80.1,"wind_kt":60,"pressure_mb":null},{"date":"19251201","time":"1800","status":"EX","lat":30,"lon":-79.5,"wind_kt":70,"pressure_mb":null},{"date":"19251202","time":"0000","status":"EX","lat":31,"lon":-78.7,"wind_kt":80,"pressure_mb":null},{"date":"19251202","time":"0600","status":"EX","lat":32,"lon":-78.1,"wind_kt":75,"pressure_mb":null},{"date":"19251202","time":"1200","status":"EX","lat":33.3,"lon":-77.5,"wind_kt":70,"pressure_mb":null},{"date":"19251202","time":"1800","status":"EX","lat":34.4,"lon":-76.9,"wind_kt":65,"pressure_mb":980},{"date":"19251203","time":"0000","status":"EX","lat":35.5,"lon":-76.2,"wind_kt":60,"pressure_mb":null},{"date":"19251203","time":"0600","status":"EX","lat":36.5,"lon":-75.4,"wind_kt":60,"pressure_mb":null},{"date":"19251203","time":"1200","status":"EX","lat":37.2,"lon":-74.5,"wind_kt":55,"pressure_mb":null},{"date":"19251203","time":"1800","status":"EX","lat":37.7,"lon":-73.5,"wind_kt":55,"pressure_mb":null},{"date":"19251204","time":"0000","status":"EX","lat":37.9,"lon":-72.4,"wind_kt":50,"pressure_mb":null},{"date":"19251204","time":"0600","status":"EX","lat":37.8,"lon":-71.2,"wind_kt":50,"pressure_mb":null},{"date":"19251204","time":"1200","status":"EX","lat":37.6,"lon":-70,"wind_kt":45,"pressure_mb":null},{"date":"19251204","time":"1800","status":"EX","lat":37.2,"lon":-69,"wind_kt":45,"pressure_mb":null},{"date":"19251205","time":"0000","status":"EX","lat":36.8,"lon":-68.2,"wind_kt":40,"pressure_mb":null},{"date":"19251205","time":"0600","status":"EX","lat":36.4,"lon":-67.7,"wind_kt":35,"pressure_mb":null},{"date":"19251205","time":"1200","status":"EX","lat":36,"lon":-67.5,"wind_kt":30,"pressure_mb":null}]}},{"type":"Feature","geometry":{"type":"LineString","coordinates":[[-56.5,12.8],[-58,13.5],[-59.6,14.2],[-61.3,14.9],[-62.9,15.6],[-64.5,16.3],[-65.8,17.1],[-67.1,17.9],[-68.2,18.7],[-69.3,19.5],[-70.3,20.2],[-71.3,21],[-72.4,21.8],[-73.5,22.5],[-74.4,23.1],[-75.3,23.7],[-76.2,24.3],[-77,24.8],[-77.6,25.2],[-78.1,25.6],[-78.5,25.9],[-79,26.3],[-79.5,26.9],[-80,27.7],[-80.5,28.5],[-80.8,29],[-81.1,29.2],[-81.8,29.8],[-82.6,30.5],[-83.5,31.3],[-84.5,32],[-85.5,32.4],[-86.6,32.7],[-87.8,32.9],[-88.8,33],[-89.6,33.2],[-90.1,33.5],[-90.4,33.9],[-90.5,34.5],[-90,35.5],[-88.7,37],[-87.1,38.4],[-85.5,39.5],[-83.9,40.6],[-82.2,41.8],[-80.6,42.9],[-78.8,44]]},"properties":{"id":"hur-al011926","event_type":"hurricane","name":null,"year":1926,"max_wind_kt":120,"min_pressure_mb":967,"category":4,"preliminary":false,"start_date":"19260722","end_date":"19260802","track":[{"date":"19260722","time":"0600","status":"TS","lat":12.8,"lon":-56.5,"wind_kt":35,"pressure_mb":null},{"date":"19260722","time":"1200","status":"TS","lat":13.5,"lon":-58,"wind_kt":40,"pressure_mb":null},{"date":"19260722","time":"1800","status":"TS","lat":14.2,"lon":-59.6,"wind_kt":50,"pressure_mb":null},{"date":"19260723","time":"0000","status":"TS","lat":14.9,"lon":-61.3,"wind_kt":60,"pressure_mb":null},{"date":"19260723","time":"0600","status":"HU","lat":15.6,"lon":-62.9,"wind_kt":70,"pressure_mb":null},{"date":"19260723","time":"1200","status":"HU","lat":16.3,"lon":-64.5,"wind_kt":80,"pressure_mb":null},{"date":"19260723","time":"1800","status":"HU","lat":17.1,"lon":-65.8,"wind_kt":90,"pressure_mb":null},{"date":"19260724","time":"0000","status":"HU","lat":17.9,"lon":-67.1,"wind_kt":90,"pressure_mb":null},{"date":"19260724","time":"0600","status":"HU","lat":18.7,"lon":-68.2,"wind_kt":85,"pressure_mb":null},{"date":"19260724","time":"1200","status":"HU","lat":19.5,"lon":-69.3,"wind_kt":80,"pressure_mb":null},{"date":"19260724","time":"1800","status":"HU","lat":20.2,"lon":-70.3,"wind_kt":75,"pressure_mb":null},{"date":"19260725","time":"0000","status":"HU","lat":21,"lon":-71.3,"wind_kt":85,"pressure_mb":null},{"date":"19260725","time":"0600","status":"HU","lat":21.8,"lon":-72.4,"wind_kt":95,"pressure_mb":null},{"date":"19260725","time":"1200","status":"HU","lat":22.5,"lon":-73.5,"wind_kt":105,"pressure_mb":null},{"date":"19260725","time":"1800","status":"HU","lat":23.1,"lon":-74.4,"wind_kt":115,"pressure_mb":null},{"date":"19260726","time":"0000","status":"HU","lat":23.7,"lon":-75.3,"wind_kt":120,"pressure_mb":null},{"date":"19260726","time":"0600","status":"HU","lat":24.3,"lon":-76.2,"wind_kt":120,"pressure_mb":null},{"date":"19260726","time":"1200","status":"HU","lat":24.8,"lon":-77,"wind_kt":115,"pressure_mb":null},{"date":"19260726","time":"1800","status":"HU","lat":25.2,"lon":-77.6,"wind_kt":110,"pressure_mb":null},{"date":"19260727","time":"0000","status":"HU","lat":25.6,"lon":-78.1,"wind_kt":105,"pressure_mb":null},{"date":"19260727","time":"0600","status":"HU","lat":25.9,"lon":-78.5,"wind_kt":95,"pressure_mb":null},{"date":"19260727","time":"1200","status":"HU","lat":26.3,"lon":-79,"wind_kt":95,"pressure_mb":null},{"date":"19260727","time":"1800","status":"HU","lat":26.9,"lon":-79.5,"wind_kt":95,"pressure_mb":null},{"date":"19260728","time":"0000","status":"HU","lat":27.7,"lon":-80,"wind_kt":90,"pressure_mb":null},{"date":"19260728","time":"0600","status":"HU","lat":28.5,"lon":-80.5,"wind_kt":90,"pressure_mb":967},{"date":"19260728","time":"1000","status":"HU","lat":29,"lon":-80.8,"wind_kt":90,"pressure_mb":967},{"date":"19260728","time":"1200","status":"HU","lat":29.2,"lon":-81.1,"wind_kt":75,"pressure_mb":null},{"date":"19260728","time":"1800","status":"TS","lat":29.8,"lon":-81.8,"wind_kt":55,"pressure_mb":null},{"date":"19260729","time":"0000","status":"TS","lat":30.5,"lon":-82.6,"wind_kt":50,"pressure_mb":null},{"date":"19260729","time":"0600","status":"TS","lat":31.3,"lon":-83.5,"wind_kt":40,"pressure_mb":null},{"date":"19260729","time":"1200","status":"TS","lat":32,"lon":-84.5,"wind_kt":35,"pressure_mb":null},{"date":"19260729","time":"1800","status":"TD","lat":32.4,"lon":-85.5,"wind_kt":30,"pressure_mb":null},{"date":"19260730","time":"0000","status":"TD","lat":32.7,"lon":-86.6,"wind_kt":30,"pressure_mb":null},{"date":"19260730","time":"0600","status":"TD","lat":32.9,"lon":-87.8,"wind_kt":25,"pressure_mb":null},{"date":"19260730","time":"1200","status":"TD","lat":33,"lon":-88.8,"wind_kt":25,"pressure_mb":null},{"date":"19260730","time":"1800","status":"TD","lat":33.2,"lon":-89.6,"wind_kt":25,"pressure_mb":null},{"date":"19260731","time":"0000","status":"TD","lat":33.5,"lon":-90.1,"wind_kt":25,"pressure_mb":null},{"date":"19260731","time":"0600","status":"TD","lat":33.9,"lon":-90.4,"wind_kt":25,"pressure_mb":null},{"date":"19260731","time":"1200","status":"TD","lat":34.5,"lon":-90.5,"wind_kt":25,"pressure_mb":null},{"date":"19260731","time":"1800","status":"TD","lat":35.5,"lon":-90,"wind_kt":25,"pressure_mb":null},{"date":"19260801","time":"0000","status":"EX","lat":37,"lon":-88.7,"wind_kt":25,"pressure_mb":null},{"date":"19260801","time":"0600","status":"EX","lat":38.4,"lon":-87.1,"wind_kt":25,"pressure_mb":null},{"date":"19260801","time":"1200","status":"EX","lat":39.5,"lon":-85.5,"wind_kt":25,"pressure_mb":null},{"date":"19260801","time":"1800","status":"EX","lat":40.6,"lon":-83.9,"wind_kt":25,"pressure_mb":null},{"date":"19260802","time":"0000","status":"EX","lat":41.8,"lon":-82.2,"wind_kt":25,"pressure_mb":null},{"date":"19260802","time":"0600","status":"EX","lat":42.9,"lon":-80.6,"wind_kt":25,"pressure_mb":null},{"date":"19260802","time":"1200","status":"EX","lat":44,"lon":-78.8,"wind_kt":25,"pressure_mb":null}]}},{"type":"Feature","geometry":{"type":"LineString","coordinates":[[-46,16],[-47,16.1],[-48,16.2],[-49,16.3],[-50,16.5],[-50.9,16.7],[-51.8,16.9],[-52.7,17.2],[-53.5,17.5],[-54.4,18.1],[-55.3,19],[-56.2,20],[-57,21],[-57.6,22.1],[-58.2,23.1],[-58.7,24.1],[-59.2,25.1],[-59.7,25.7],[-60.2,26.1],[-60.6,26.3],[-61,26.5],[-61.2,26.6],[-61.3,26.7],[-61.4,26.8],[-61.5,27],[-61.8,27.3],[-62.2,27.7],[-62.6,28.1],[-63,28.5],[-63.5,28.9],[-64.1,29.3],[-64.8,29.8],[-65.5,30.5],[-66,31.7],[-66.1,33.5],[-66.2,35.5],[-66.2,37.7],[-65.6,39.6],[-64.5,41.6],[-62.9,43.6],[-61,45.8],[-59,48]]},"properties":{"id":"hur-al021926","event_type":"hurricane","name":null,"year":1926,"max_wind_kt":105,"min_pressure_mb":null,"category":3,"preliminary":false,"start_date":"19260729","end_date":"19260808","track":[{"date":"19260729","time":"1200","status":"TD","lat":16,"lon":-46,"wind_kt":25,"pressure_mb":null},{"date":"19260729","time":"1800","status":"TD","lat":16.1,"lon":-47,"wind_kt":25,"pressure_mb":null},{"date":"19260730","time":"0000","status":"TD","lat":16.2,"lon":-48,"wind_kt":30,"pressure_mb":null},{"date":"19260730","time":"0600","status":"TD","lat":16.3,"lon":-49,"wind_kt":30,"pressure_mb":null},{"date":"19260730","time":"1200","status":"TD","lat":16.5,"lon":-50,"wind_kt":30,"pressure_mb":null},{"date":"19260730","time":"1800","status":"TD","lat":16.7,"lon":-50.9,"wind_kt":30,"pressure_mb":null},{"date":"19260731","time":"0000","status":"TS","lat":16.9,"lon":-51.8,"wind_kt":35,"pressure_mb":null},{"date":"19260731","time":"0600","status":"TS","lat":17.2,"lon":-52.7,"wind_kt":35,"pressure_mb":null},{"date":"19260731","time":"1200","status":"TS","lat":17.5,"lon":-53.5,"wind_kt":35,"pressure_mb":null},{"date":"19260731","time":"1800","status":"TS","lat":18.1,"lon":-54.4,"wind_kt":40,"pressure_mb":null},{"date":"19260801","time":"0000","status":"TS","lat":19,"lon":-55.3,"wind_kt":45,"pressure_mb":null},{"date":"19260801","time":"0600","status":"TS","lat":20,"lon":-56.2,"wind_kt":50,"pressure_mb":null},{"date":"19260801","time":"1200","status":"TS","lat":21,"lon":-57,"wind_kt":60,"pressure_mb":null},{"date":"19260801","time":"1800","status":"HU","lat":22.1,"lon":-57.6,"wind_kt":70,"pressure_mb":null},{"date":"19260802","time":"0000","status":"HU","lat":23.1,"lon":-58.2,"wind_kt":80,"pressure_mb":null},{"date":"19260802","time":"0600","status":"HU","lat":24.1,"lon":-58.7,"wind_kt":90,"pressure_mb":null},{"date":"19260802","time":"1200","status":"HU","lat":25.1,"lon":-59.2,"wind_kt":100,"pressure_mb":null},{"date":"19260802","time":"1800","status":"HU","lat":25.7,"lon":-59.7,"wind_kt":100,"pressure_mb":null},{"date":"19260803","time":"0000","status":"HU","lat":26.1,"lon":-60.2,"wind_kt":100,"pressure_mb":null},{"date":"19260803","time":"0600","status":"HU","lat":26.3,"lon":-60.6,"wind_kt":100,"pressure_mb":null},{"date":"19260803","time":"1200","status":"HU","lat":26.5,"lon":-61,"wind_kt":100,"pressure_mb":null},{"date":"19260803","time":"1800","status":"HU","lat":26.6,"lon":-61.2,"wind_kt":100,"pressure_mb":null},{"date":"19260804","time":"0000","status":"HU","lat":26.7,"lon":-61.3,"wind_kt":100,"pressure_mb":null},{"date":"19260804","time":"0600","status":"HU","lat":26.8,"lon":-61.4,"wind_kt":100,"pressure_mb":null},{"date":"19260804","time":"1200","status":"HU","lat":27,"lon":-61.5,"wind_kt":100,"pressure_mb":null},{"date":"19260804","time":"1800","status":"HU","lat":27.3,"lon":-61.8,"wind_kt":100,"pressure_mb":null},{"date":"19260805","time":"0000","status":"HU","lat":27.7,"lon":-62.2,"wind_kt":100,"pressure_mb":null},{"date":"19260805","time":"0600","status":"HU","lat":28.1,"lon":-62.6,"wind_kt":105,"pressure_mb":null},{"date":"19260805","time":"1200","status":"HU","lat":28.5,"lon":-63,"wind_kt":105,"pressure_mb":null},{"date":"19260805","time":"1800","status":"HU","lat":28.9,"lon":-63.5,"wind_kt":105,"pressure_mb":null},{"date":"19260806","time":"0000","status":"HU","lat":29.3,"lon":-64.1,"wind_kt":105,"pressure_mb":null},{"date":"19260806","time":"0600","status":"HU","lat":29.8,"lon":-64.8,"wind_kt":100,"pressure_mb":null},{"date":"19260806","time":"1200","status":"HU","lat":30.5,"lon":-65.5,"wind_kt":95,"pressure_mb":null},{"date":"19260806","time":"1800","status":"HU","lat":31.7,"lon":-66,"wind_kt":95,"pressure_mb":null},{"date":"19260807","time":"0000","status":"HU","lat":33.5,"lon":-66.1,"wind_kt":90,"pressure_mb":null},{"date":"19260807","time":"0600","status":"HU","lat":35.5,"lon":-66.2,"wind_kt":90,"pressure_mb":null},{"date":"19260807","time":"1200","status":"HU","lat":37.7,"lon":-66.2,"wind_kt":85,"pressure_mb":null},{"date":"19260807","time":"1800","status":"HU","lat":39.6,"lon":-65.6,"wind_kt":85,"pressure_mb":null},{"date":"19260808","time":"0000","status":"HU","lat":41.6,"lon":-64.5,"wind_kt":80,"pressure_mb":null},{"date":"19260808","time":"0600","status":"EX","lat":43.6,"lon":-62.9,"wind_kt":70,"pressure_mb":null},{"date":"19260808","time":"1200","status":"EX","lat":45.8,"lon":-61,"wind_kt":65,"pressure_mb":null},{"date":"19260808","time":"1800","status":"EX","lat":48,"lon":-59,"wind_kt":55,"pressure_mb":null}]}},{"type":"Feature","geometry":{"type":"LineString","coordinates":[[-75.5,12.5],[-77,13.5],[-78.5,14.5],[-80,15.5],[-81.5,16.5],[-82.5,17.7],[-83.3,19.1],[-84.1,20.4],[-85,21.5],[-86,22.2],[-87,22.7],[-88,23],[-88.8,23.5],[-89.5,24.1],[-90.1,24.8],[-90.6,25.4],[-90.8,26],[-90.8,26.4],[-90.8,26.8],[-90.8,27.2],[-90.8,27.7],[-90.8,28.5],[-90.9,29.2],[-90.9,29.3],[-91,29.9],[-91.3,30.4],[-91.8,30.7],[-92.8,30.8],[-94,31],[-95.5,31.5],[-97,32]]},"properties":{"id":"hur-al031926","event_type":"hurricane","name":null,"year":1926,"max_wind_kt":100,"min_pressure_mb":955,"category":3,"preliminary":false,"start_date":"19260820","end_date":"19260827","track":[{"date":"19260820","time":"1200","status":"TD","lat":12.5,"lon":-75.5,"wind_kt":25,"pressure_mb":null},{"date":"19260820","time":"1800","status":"TD","lat":13.5,"lon":-77,"wind_kt":25,"pressure_mb":null},{"date":"19260821","time":"0000","status":"TD","lat":14.5,"lon":-78.5,"wind_kt":30,"pressure_mb":null},{"date":"19260821","time":"0600","status":"TD","lat":15.5,"lon":-80,"wind_kt":30,"pressure_mb":null},{"date":"19260821","time":"1200","status":"TS","lat":16.5,"lon":-81.5,"wind_kt":35,"pressure_mb":null},{"date":"19260821","time":"1800","status":"TS","lat":17.7,"lon":-82.5,"wind_kt":40,"pressure_mb":null},{"date":"19260822","time":"0000","status":"TS","lat":19.1,"lon":-83.3,"wind_kt":45,"pressure_mb":null},{"date":"19260822","time":"0600","status":"TS","lat":20.4,"lon":-84.1,"wind_kt":50,"pressure_mb":null},{"date":"19260822","time":"1200","status":"TS","lat":21.5,"lon":-85,"wind_kt":55,"pressure_mb":null},{"date":"19260822","time":"1800","status":"TS","lat":22.2,"lon":-86,"wind_kt":60,"pressure_mb":null},{"date":"19260823","time":"0000","status":"HU","lat":22.7,"lon":-87,"wind_kt":65,"pressure_mb":null},{"date":"19260823","time":"0600","status":"HU","lat":23,"lon":-88,"wind_kt":65,"pressure_mb":null},{"date":"19260823","time":"1200","status":"HU","lat":23.5,"lon":-88.8,"wind_kt":70,"pressure_mb":null},{"date":"19260823","time":"1800","status":"HU","lat":24.1,"lon":-89.5,"wind_kt":75,"pressure_mb":null},{"date":"19260824","time":"0000","status":"HU","lat":24.8,"lon":-90.1,"wind_kt":80,"pressure_mb":null},{"date":"19260824","time":"0600","status":"HU","lat":25.4,"lon":-90.6,"wind_kt":85,"pressure_mb":null},{"date":"19260824","time":"1200","status":"HU","lat":26,"lon":-90.8,"wind_kt":85,"pressure_mb":null},{"date":"19260824","time":"1800","status":"HU","lat":26.4,"lon":-90.8,"wind_kt":95,"pressure_mb":null},{"date":"19260825","time":"0000","status":"HU","lat":26.8,"lon":-90.8,"wind_kt":100,"pressure_mb":null},{"date":"19260825","time":"0600","status":"HU","lat":27.2,"lon":-90.8,"wind_kt":100,"pressure_mb":null},{"date":"19260825","time":"1200","status":"HU","lat":27.7,"lon":-90.8,"wind_kt":100,"pressure_mb":null},{"date":"19260825","time":"1800","status":"HU","lat":28.5,"lon":-90.8,"wind_kt":100,"pressure_mb":null},{"date":"19260825","time":"2300","status":"HU","lat":29.2,"lon":-90.9,"wind_kt":100,"pressure_mb":955},{"date":"19260826","time":"0000","status":"HU","lat":29.3,"lon":-90.9,"wind_kt":95,"pressure_mb":955},{"date":"19260826","time":"0600","status":"HU","lat":29.9,"lon":-91,"wind_kt":70,"pressure_mb":986},{"date":"19260826","time":"1200","status":"TS","lat":30.4,"lon":-91.3,"wind_kt":55,"pressure_mb":null},{"date":"19260826","time":"1800","status":"TS","lat":30.7,"lon":-91.8,"wind_kt":45,"pressure_mb":null},{"date":"19260827","time":"0000","status":"TS","lat":30.8,"lon":-92.8,"wind_kt":35,"pressure_mb":null},{"date":"19260827","time":"0600","status":"TD","lat":31,"lon":-94,"wind_kt":30,"pressure_mb":null},{"date":"19260827","time":"1200","status":"TD","lat":31.5,"lon":-95.5,"wind_kt":25,"pressure_mb":null},{"date":"19260827","time":"1800","status":"TD","lat":32,"lon":-97,"wind_kt":20,"pressure_mb":null}]}},{"type":"Feature","geometry":{"type":"LineString","coordinates":[[-41.2,13.8],[-41.9,13.9],[-42.5,14],[-43.1,14.1],[-43.7,14.2],[-44.3,14.3],[-44.9,14.5],[-45.4,14.6],[-45.8,14.8],[-46.2,14.9],[-46.7,15],[-47.1,15.1],[-47.6,15.2],[-48,15.3],[-48.6,15.5],[-49.3,15.7],[-50,15.9],[-50.7,16.1],[-51.5,16.4],[-52.2,16.7],[-53,17.2],[-53.7,17.6],[-54.5,18.2],[-55.3,18.8],[-56.2,19.5],[-57.1,20.2],[-58,20.8],[-58.8,21.5],[-59.5,22.2],[-60.2,23],[-61,23.6],[-61.8,24],[-62.6,24.2],[-63.4,24.3],[-64,24.4],[-64.5,24.7],[-65,25],[-65.5,25.3],[-66,25.6],[-66.2,26],[-66.3,26.6],[-66.4,27.3],[-66.5,28],[-66.7,28.6],[-67,29],[-67.3,29.3],[-67.5,29.5],[-67.7,29.8],[-67.8,30],[-67.9,30.3],[-68,30.5],[-68.1,30.7],[-68.2,30.9],[-68.3,31.1],[-68.5,31.3],[-69,31.5],[-69.7,31.7],[-70.4,32],[-71,32.5],[-71.2,33.2],[-71.3,34],[-71.2,34.9],[-70.9,35.8],[-69.6,36.8],[-68,37.8],[-66.3,38.8],[-64.5,39.6],[-63,39.9],[-61.7,39.7],[-60.7,39.4],[-60.3,39],[-60,38.8],[-60.1,38.7],[-60.5,38.6],[-61,38.5],[-61.6,38.3],[-62.2,38],[-62.7,37.7],[-63,37.5],[-62.8,37.5],[-61.8,37.7],[-60.7,38],[-59.5,38.5],[-58.4,39.5],[-57.3,40.7],[-56.2,42],[-55.2,43.4],[-54.5,44.7],[-54.1,46],[-53.8,47.3],[-53.2,48.8],[-52.4,50.7],[-51.4,52.9],[-50.4,55.4],[-49.2,58.2]]},"properties":{"id":"hur-al041926","event_type":"hurricane","name":null,"year":1926,"max_wind_kt":115,"min_pressure_mb":957,"category":4,"preliminary":false,"start_date":"19260901","end_date":"19260924","track":[{"date":"19260901","time":"0000","status":"TD","lat":13.8,"lon":-41.2,"wind_kt":30,"pressure_mb":null},{"date":"19260901","time":"0600","status":"TD","lat":13.9,"lon":-41.9,"wind_kt":30,"pressure_mb":null},{"date":"19260901","time":"1200","status":"TD","lat":14,"lon":-42.5,"wind_kt":30,"pressure_mb":null},{"date":"19260901","time":"1800","status":"TD","lat":14.1,"lon":-43.1,"wind_kt":30,"pressure_mb":null},{"date":"19260902","time":"0000","status":"TS","lat":14.2,"lon":-43.7,"wind_kt":35,"pressure_mb":null},{"date":"19260902","time":"0600","status":"TS","lat":14.3,"lon":-44.3,"wind_kt":35,"pressure_mb":null},{"date":"19260902","time":"1200","status":"TS","lat":14.5,"lon":-44.9,"wind_kt":40,"pressure_mb":null},{"date":"19260902","time":"1800","status":"TS","lat":14.6,"lon":-45.4,"wind_kt":40,"pressure_mb":null},{"date":"19260903","time":"0000","status":"TS","lat":14.8,"lon":-45.8,"wind_kt":40,"pressure_mb":null},{"date":"19260903","time":"0600","status":"TS","lat":14.9,"lon":-46.2,"wind_kt":45,"pressure_mb":null},{"date":"19260903","time":"1200","status":"TS","lat":15,"lon":-46.7,"wind_kt":45,"pressure_mb":null},{"date":"19260903","time":"1800","status":"TS","lat":15.1,"lon":-47.1,"wind_kt":50,"pressure_mb":null},{"date":"19260904","time":"0000","status":"TS","lat":15.2,"lon":-47.6,"wind_kt":50,"pressure_mb":null},{"date":"19260904","time":"0600","status":"TS","lat":15.3,"lon":-48,"wind_kt":55,"pressure_mb":null},{"date":"19260904","time":"1200","status":"TS","lat":15.5,"lon":-48.6,"wind_kt":55,"pressure_mb":null},{"date":"19260904","time":"1800","status":"TS","lat":15.7,"lon":-49.3,"wind_kt":60,"pressure_mb":null},{"date":"19260905","time":"0000","status":"HU","lat":15.9,"lon":-50,"wind_kt":65,"pressure_mb":null},{"date":"19260905","time":"0600","status":"HU","lat":16.1,"lon":-50.7,"wind_kt":70,"pressure_mb":null},{"date":"19260905","time":"1200","status":"HU","lat":16.4,"lon":-51.5,"wind_kt":70,"pressure_mb":null},{"date":"19260905","time":"1800","status":"HU","lat":16.7,"lon":-52.2,"wind_kt":75,"pressure_mb":null},{"date":"19260906","time":"0000","status":"HU","lat":17.2,"lon":-53,"wind_kt":80,"pressure_mb":null},{"date":"19260906","time":"0600","status":"HU","lat":17.6,"lon":-53.7,"wind_kt":80,"pressure_mb":null},{"date":"19260906","time":"1200","status":"HU","lat":18.2,"lon":-54.5,"wind_kt":85,"pressure_mb":null},{"date":"19260906","time":"1800","status":"HU","lat":18.8,"lon":-55.3,"wind_kt":85,"pressure_mb":null},{"date":"19260907","time":"0000","status":"HU","lat":19.5,"lon":-56.2,"wind_kt":85,"pressure_mb":null},{"date":"19260907","time":"0600","status":"HU","lat":20.2,"lon":-57.1,"wind_kt":90,"pressure_mb":null},{"date":"19260907","time":"1200","status":"HU","lat":20.8,"lon":-58,"wind_kt":95,"pressure_mb":null},{"date":"19260907","time":"1800","status":"HU","lat":21.5,"lon":-58.8,"wind_kt":100,"pressure_mb":null},{"date":"19260908","time":"0000","status":"HU","lat":22.2,"lon":-59.5,"wind_kt":105,"pressure_mb":null},{"date":"19260908","time":"0600","status":"HU","lat":23,"lon":-60.2,"wind_kt":105,"pressure_mb":957},{"date":"19260908","time":"1200","status":"HU","lat":23.6,"lon":-61,"wind_kt":105,"pressure_mb":null},{"date":"19260908","time":"1800","status":"HU","lat":24,"lon":-61.8,"wind_kt":105,"pressure_mb":null},{"date":"19260909","time":"0000","status":"HU","lat":24.2,"lon":-62.6,"wind_kt":105,"pressure_mb":null},{"date":"19260909","time":"0600","status":"HU","lat":24.3,"lon":-63.4,"wind_kt":105,"pressure_mb":null},{"date":"19260909","time":"1200","status":"HU","lat":24.4,"lon":-64,"wind_kt":105,"pressure_mb":null},{"date":"19260909","time":"1800","status":"HU","lat":24.7,"lon":-64.5,"wind_kt":105,"pressure_mb":null},{"date":"19260910","time":"0000","status":"HU","lat":25,"lon":-65,"wind_kt":105,"pressure_mb":null},{"date":"19260910","time":"0600","status":"HU","lat":25.3,"lon":-65.5,"wind_kt":105,"pressure_mb":null},{"date":"19260910","time":"1200","status":"HU","lat":25.6,"lon":-66,"wind_kt":105,"pressure_mb":null},{"date":"19260910","time":"1800","status":"HU","lat":26,"lon":-66.2,"wind_kt":105,"pressure_mb":null},{"date":"19260911","time":"0000","status":"HU","lat":26.6,"lon":-66.3,"wind_kt":110,"pressure_mb":null},{"date":"19260911","time":"0600","status":"HU","lat":27.3,"lon":-66.4,"wind_kt":110,"pressure_mb":null},{"date":"19260911","time":"1200","status":"HU","lat":28,"lon":-66.5,"wind_kt":110,"pressure_mb":null},{"date":"19260911","time":"1800","status":"HU","lat":28.6,"lon":-66.7,"wind_kt":110,"pressure_mb":null},{"date":"19260912","time":"0000","status":"HU","lat":29,"lon":-67,"wind_kt":110,"pressure_mb":null},{"date":"19260912","time":"0600","status":"HU","lat":29.3,"lon":-67.3,"wind_kt":110,"pressure_mb":null},{"date":"19260912","time":"1200","status":"HU","lat":29.5,"lon":-67.5,"wind_kt":115,"pressure_mb":null},{"date":"19260912","time":"1800","status":"HU","lat":29.8,"lon":-67.7,"wind_kt":115,"pressure_mb":null},{"date":"19260913","time":"0000","status":"HU","lat":30,"lon":-67.8,"wind_kt":110,"pressure_mb":null},{"date":"19260913","time":"0600","status":"HU","lat":30.3,"lon":-67.9,"wind_kt":110,"pressure_mb":null},{"date":"19260913","time":"1200","status":"HU","lat":30.5,"lon":-68,"wind_kt":105,"pressure_mb":null},{"date":"19260913","time":"1800","status":"HU","lat":30.7,"lon":-68.1,"wind_kt":105,"pressure_mb":null},{"date":"19260914","time":"0000","status":"HU","lat":30.9,"lon":-68.2,"wind_kt":100,"pressure_mb":null},{"date":"19260914","time":"0600","status":"HU","lat":31.1,"lon":-68.3,"wind_kt":100,"pressure_mb":null},{"date":"19260914","time":"1200","status":"HU","lat":31.3,"lon":-68.5,"wind_kt":95,"pressure_mb":null},{"date":"19260914","time":"1800","status":"HU","lat":31.5,"lon":-69,"wind_kt":95,"pressure_mb":null},{"date":"19260915","time":"0000","status":"HU","lat":31.7,"lon":-69.7,"wind_kt":95,"pressure_mb":null},{"date":"19260915","time":"0600","status":"HU","lat":32,"lon":-70.4,"wind_kt":95,"pressure_mb":null},{"date":"19260915","time":"1200","status":"HU","lat":32.5,"lon":-71,"wind_kt":95,"pressure_mb":null},{"date":"19260915","time":"1800","status":"HU","lat":33.2,"lon":-71.2,"wind_kt":95,"pressure_mb":null},{"date":"19260916","time":"0000","status":"HU","lat":34,"lon":-71.3,"wind_kt":90,"pressure_mb":null},{"date":"19260916","time":"0600","status":"HU","lat":34.9,"lon":-71.2,"wind_kt":90,"pressure_mb":null},{"date":"19260916","time":"1200","status":"HU","lat":35.8,"lon":-70.9,"wind_kt":90,"pressure_mb":null},{"date":"19260916","time":"1800","status":"HU","lat":36.8,"lon":-69.6,"wind_kt":90,"pressure_mb":null},{"date":"19260917","time":"0000","status":"HU","lat":37.8,"lon":-68,"wind_kt":90,"pressure_mb":null},{"date":"19260917","time":"0600","status":"HU","lat":38.8,"lon":-66.3,"wind_kt":90,"pressure_mb":null},{"date":"19260917","time":"1200","status":"HU","lat":39.6,"lon":-64.5,"wind_kt":90,"pressure_mb":null},{"date":"19260917","time":"1800","status":"HU","lat":39.9,"lon":-63,"wind_kt":90,"pressure_mb":null},{"date":"19260918","time":"0000","status":"HU","lat":39.7,"lon":-61.7,"wind_kt":85,"pressure_mb":null},{"date":"19260918","time":"0600","status":"HU","lat":39.4,"lon":-60.7,"wind_kt":85,"pressure_mb":null},{"date":"19260918","time":"1200","status":"HU","lat":39,"lon":-60.3,"wind_kt":85,"pressure_mb":null},{"date":"19260918","time":"1800","status":"HU","lat":38.8,"lon":-60,"wind_kt":85,"pressure_mb":null},{"date":"19260919","time":"0000","status":"HU","lat":38.7,"lon":-60.1,"wind_kt":80,"pressure_mb":null},{"date":"19260919","time":"0600","status":"HU","lat":38.6,"lon":-60.5,"wind_kt":80,"pressure_mb":null},{"date":"19260919","time":"1200","status":"HU","lat":38.5,"lon":-61,"wind_kt":75,"pressure_mb":null},{"date":"19260919","time":"1800","status":"HU","lat":38.3,"lon":-61.6,"wind_kt":75,"pressure_mb":null},{"date":"19260920","time":"0000","status":"HU","lat":38,"lon":-62.2,"wind_kt":70,"pressure_mb":null},{"date":"19260920","time":"0600","status":"HU","lat":37.7,"lon":-62.7,"wind_kt":70,"pressure_mb":null},{"date":"19260920","time":"1200","status":"HU","lat":37.5,"lon":-63,"wind_kt":65,"pressure_mb":null},{"date":"19260920","time":"1800","status":"HU","lat":37.5,"lon":-62.8,"wind_kt":65,"pressure_mb":null},{"date":"19260921","time":"0000","status":"TS","lat":37.7,"lon":-61.8,"wind_kt":60,"pressure_mb":null},{"date":"19260921","time":"0600","status":"TS","lat":38,"lon":-60.7,"wind_kt":60,"pressure_mb":null},{"date":"19260921","time":"1200","status":"TS","lat":38.5,"lon":-59.5,"wind_kt":60,"pressure_mb":null},{"date":"19260921","time":"1800","status":"TS","lat":39.5,"lon":-58.4,"wind_kt":60,"pressure_mb":null},{"date":"19260922","time":"0000","status":"EX","lat":40.7,"lon":-57.3,"wind_kt":65,"pressure_mb":null},{"date":"19260922","time":"0600","status":"EX","lat":42,"lon":-56.2,"wind_kt":70,"pressure_mb":976},{"date":"19260922","time":"1200","status":"EX","lat":43.4,"lon":-55.2,"wind_kt":70,"pressure_mb":null},{"date":"19260922","time":"1800","status":"EX","lat":44.7,"lon":-54.5,"wind_kt":70,"pressure_mb":null},{"date":"19260923","time":"0000","status":"EX","lat":46,"lon":-54.1,"wind_kt":55,"pressure_mb":null},{"date":"19260923","time":"0600","status":"EX","lat":47.3,"lon":-53.8,"wind_kt":50,"pressure_mb":null},{"date":"19260923","time":"1200","status":"EX","lat":48.8,"lon":-53.2,"wind_kt":50,"pressure_mb":null},{"date":"19260923","time":"1800","status":"EX","lat":50.7,"lon":-52.4,"wind_kt":50,"pressure_mb":null},{"date":"19260924","time":"0000","status":"EX","lat":52.9,"lon":-51.4,"wind_kt":50,"pressure_mb":null},{"date":"19260924","time":"0600","status":"EX","lat":55.4,"lon":-50.4,"wind_kt":45,"pressure_mb":null},{"date":"19260924","time":"1200","status":"EX","lat":58.2,"lon":-49.2,"wind_kt":45,"pressure_mb":null}]}},{"type":"Feature","geometry":{"type":"LineString","coordinates":[[-54.3,25.6],[-54.5,26],[-54.7,26.4],[-54.9,26.8],[-55,27.3],[-55.1,27.9],[-55.2,28.7],[-55.3,29.5],[-55.3,30.3],[-55.3,31],[-55.2,31.4],[-55,31.8],[-54.8,32.2],[-54.5,32.5],[-54.1,32.7],[-53.7,32.7],[-53.2,32.5],[-52.7,32.1],[-52.2,31.7]]},"properties":{"id":"hur-al051926","event_type":"hurricane","name":null,"year":1926,"max_wind_kt":90,"min_pressure_mb":null,"category":2,"preliminary":false,"start_date":"19260910","end_date":"19260914","track":[{"date":"19260910","time":"0600","status":"TS","lat":25.6,"lon":-54.3,"wind_kt":60,"pressure_mb":null},{"date":"19260910","time":"1200","status":"HU","lat":26,"lon":-54.5,"wind_kt":65,"pressure_mb":null},{"date":"19260910","time":"1800","status":"HU","lat":26.4,"lon":-54.7,"wind_kt":70,"pressure_mb":null},{"date":"19260911","time":"0000","status":"HU","lat":26.8,"lon":-54.9,"wind_kt":70,"pressure_mb":null},{"date":"19260911","time":"0600","status":"HU","lat":27.3,"lon":-55,"wind_kt":75,"pressure_mb":null},{"date":"19260911","time":"1200","status":"HU","lat":27.9,"lon":-55.1,"wind_kt":75,"pressure_mb":null},{"date":"19260911","time":"1800","status":"HU","lat":28.7,"lon":-55.2,"wind_kt":80,"pressure_mb":null},{"date":"19260912","time":"0000","status":"HU","lat":29.5,"lon":-55.3,"wind_kt":85,"pressure_mb":null},{"date":"19260912","time":"0600","status":"HU","lat":30.3,"lon":-55.3,"wind_kt":90,"pressure_mb":null},{"date":"19260912","time":"1200","status":"HU","lat":31,"lon":-55.3,"wind_kt":90,"pressure_mb":null},{"date":"19260912","time":"1800","status":"HU","lat":31.4,"lon":-55.2,"wind_kt":90,"pressure_mb":null},{"date":"19260913","time":"0000","status":"HU","lat":31.8,"lon":-55,"wind_kt":90,"pressure_mb":null},{"date":"19260913","time":"0600","status":"HU","lat":32.2,"lon":-54.8,"wind_kt":80,"pressure_mb":null},{"date":"19260913","time":"1200","status":"HU","lat":32.5,"lon":-54.5,"wind_kt":80,"pressure_mb":null},{"date":"19260913","time":"1800","status":"HU","lat":32.7,"lon":-54.1,"wind_kt":70,"pressure_mb":null},{"date":"19260914","time":"0000","status":"TS","lat":32.7,"lon":-53.7,"wind_kt":60,"pressure_mb":null},{"date":"19260914","time":"0600","status":"TS","lat":32.5,"lon":-53.2,"wind_kt":50,"pressure_mb":null},{"date":"19260914","time":"1200","status":"TS","lat":32.1,"lon":-52.7,"wind_kt":40,"pressure_mb":null},{"date":"19260914","time":"1800","status":"TD","lat":31.7,"lon":-52.2,"wind_kt":30,"pressure_mb":null}]}},{"type":"Feature","geometry":{"type":"LineString","coordinates":[[-81.7,16.6],[-81.8,16.8],[-82,17],[-82.5,17.2],[-83,17.4],[-83.5,17.7],[-84,18],[-84.1,18.5],[-84,19],[-83.8,19.5],[-83.5,20],[-83.1,20.4],[-82.6,20.8],[-81.9,21.2],[-81,21.5],[-80,22.1],[-79,22.9],[-78,23.7],[-77.6,24.5],[-77.6,25.1],[-78,25.4],[-78.5,25.4],[-79,25.2],[-79.5,24.8],[-80,24.4],[-80.5,24.1],[-81,23.7]]},"properties":{"id":"hur-al061926","event_type":"hurricane","name":null,"year":1926,"max_wind_kt":35,"min_pressure_mb":null,"category":0,"preliminary":false,"start_date":"19260911","end_date":"19260917","track":[{"date":"19260911","time":"0000","status":"TD","lat":16.6,"lon":-81.7,"wind_kt":25,"pressure_mb":null},{"date":"19260911","time":"0600","status":"TD","lat":16.8,"lon":-81.8,"wind_kt":25,"pressure_mb":null},{"date":"19260911","time":"1200","status":"TD","lat":17,"lon":-82,"wind_kt":30,"pressure_mb":null},{"date":"19260911","time":"1800","status":"TD","lat":17.2,"lon":-82.5,"wind_kt":30,"pressure_mb":null},{"date":"19260912","time":"0000","status":"TD","lat":17.4,"lon":-83,"wind_kt":30,"pressure_mb":null},{"date":"19260912","time":"0600","status":"TD","lat":17.7,"lon":-83.5,"wind_kt":30,"pressure_mb":null},{"date":"19260912","time":"1200","status":"TD","lat":18,"lon":-84,"wind_kt":30,"pressure_mb":null},{"date":"19260912","time":"1800","status":"TD","lat":18.5,"lon":-84.1,"wind_kt":30,"pressure_mb":null},{"date":"19260913","time":"0000","status":"TD","lat":19,"lon":-84,"wind_kt":30,"pressure_mb":null},{"date":"19260913","time":"0600","status":"TD","lat":19.5,"lon":-83.8,"wind_kt":30,"pressure_mb":null},{"date":"19260913","time":"1200","status":"TD","lat":20,"lon":-83.5,"wind_kt":30,"pressure_mb":null},{"date":"19260913","time":"1800","status":"TD","lat":20.4,"lon":-83.1,"wind_kt":30,"pressure_mb":null},{"date":"19260914","time":"0000","status":"TD","lat":20.8,"lon":-82.6,"wind_kt":30,"pressure_mb":null},{"date":"19260914","time":"0600","status":"TD","lat":21.2,"lon":-81.9,"wind_kt":30,"pressure_mb":null},{"date":"19260914","time":"1200","status":"TD","lat":21.5,"lon":-81,"wind_kt":30,"pressure_mb":null},{"date":"19260914","time":"1800","status":"TD","lat":22.1,"lon":-80,"wind_kt":30,"pressure_mb":null},{"date":"19260915","time":"0000","status":"TS","lat":22.9,"lon":-79,"wind_kt":35,"pressure_mb":null},{"date":"19260915","time":"0600","status":"TS","lat":23.7,"lon":-78,"wind_kt":35,"pressure_mb":null},{"date":"19260915","time":"1200","status":"TS","lat":24.5,"lon":-77.6,"wind_kt":35,"pressure_mb":null},{"date":"19260915","time":"1800","status":"TS","lat":25.1,"lon":-77.6,"wind_kt":35,"pressure_mb":null},{"date":"19260916","time":"0000","status":"TS","lat":25.4,"lon":-78,"wind_kt":35,"pressure_mb":null},{"date":"19260916","time":"0600","status":"TS","lat":25.4,"lon":-78.5,"wind_kt":35,"pressure_mb":null},{"date":"19260916","time":"1200","status":"TS","lat":25.2,"lon":-79,"wind_kt":35,"pressure_mb":null},{"date":"19260916","time":"1800","status":"TD","lat":24.8,"lon":-79.5,"wind_kt":30,"pressure_mb":null},{"date":"19260917","time":"0000","status":"TD","lat":24.4,"lon":-80,"wind_kt":30,"pressure_mb":null},{"date":"19260917","time":"0600","status":"TD","lat":24.1,"lon":-80.5,"wind_kt":25,"pressure_mb":null},{"date":"19260917","time":"1200","status":"TD","lat":23.7,"lon":-81,"wind_kt":25,"pressure_mb":null}]}},{"type":"Feature","geometry":{"type":"LineString","coordinates":[[-46,15.4],[-47.1,15.7],[-48.2,16.1],[-49.4,16.4],[-50.6,16.7],[-51.9,17],[-53.3,17.3],[-54.7,17.5],[-56,17.8],[-57.3,18.1],[-58.6,18.4],[-59.9,18.8],[-61.1,19.1],[-62.2,19.4],[-63,19.6],[-63.6,19.8],[-64.2,20.1],[-65,20.5],[-66,20.7],[-67,20.9],[-68,21],[-69.3,21.3],[-71,21.7],[-72.7,22.1],[-74.3,22.5],[-75.8,23.2],[-77.3,24.2],[-78.8,25],[-80.3,25.6],[-81.6,26.2],[-82.5,26.8],[-83.3,27.3],[-84.1,27.8],[-84.8,28.4],[-85.5,29],[-86.2,29.6],[-86.8,30.1],[-87.3,30.3],[-87.5,30.3],[-87.7,30.3],[-88.1,30.3],[-88.6,30.3],[-89.4,30.4],[-90.5,30.5],[-91.7,30.6],[-92.9,30.7]]},"properties":{"id":"hur-al071926","event_type":"hurricane","name":null,"year":1926,"max_wind_kt":130,"min_pressure_mb":930,"category":4,"preliminary":false,"start_date":"19260911","end_date":"19260922","track":[{"date":"19260911","time":"1200","status":"TS","lat":15.4,"lon":-46,"wind_kt":55,"pressure_mb":null},{"date":"19260911","time":"1800","status":"TS","lat":15.7,"lon":-47.1,"wind_kt":60,"pressure_mb":null},{"date":"19260912","time":"0000","status":"TS","lat":16.1,"lon":-48.2,"wind_kt":60,"pressure_mb":null},{"date":"19260912","time":"0600","status":"TS","lat":16.4,"lon":-49.4,"wind_kt":60,"pressure_mb":null},{"date":"19260912","time":"1200","status":"HU","lat":16.7,"lon":-50.6,"wind_kt":65,"pressure_mb":null},{"date":"19260912","time":"1800","status":"HU","lat":17,"lon":-51.9,"wind_kt":70,"pressure_mb":null},{"date":"19260913","time":"0000","status":"HU","lat":17.3,"lon":-53.3,"wind_kt":70,"pressure_mb":null},{"date":"19260913","time":"0600","status":"HU","lat":17.5,"lon":-54.7,"wind_kt":75,"pressure_mb":null},{"date":"19260913","time":"1200","status":"HU","lat":17.8,"lon":-56,"wind_kt":75,"pressure_mb":null},{"date":"19260913","time":"1800","status":"HU","lat":18.1,"lon":-57.3,"wind_kt":80,"pressure_mb":null},{"date":"19260914","time":"0000","status":"HU","lat":18.4,"lon":-58.6,"wind_kt":85,"pressure_mb":null},{"date":"19260914","time":"0600","status":"HU","lat":18.8,"lon":-59.9,"wind_kt":85,"pressure_mb":null},{"date":"19260914","time":"1200","status":"HU","lat":19.1,"lon":-61.1,"wind_kt":90,"pressure_mb":null},{"date":"19260914","time":"1800","status":"HU","lat":19.4,"lon":-62.2,"wind_kt":90,"pressure_mb":null},{"date":"19260915","time":"0000","status":"HU","lat":19.6,"lon":-63,"wind_kt":95,"pressure_mb":null},{"date":"19260915","time":"0600","status":"HU","lat":19.8,"lon":-63.6,"wind_kt":100,"pressure_mb":null},{"date":"19260915","time":"1200","status":"HU","lat":20.1,"lon":-64.2,"wind_kt":100,"pressure_mb":null},{"date":"19260915","time":"1800","status":"HU","lat":20.5,"lon":-65,"wind_kt":105,"pressure_mb":null},{"date":"19260916","time":"0000","status":"HU","lat":20.7,"lon":-66,"wind_kt":110,"pressure_mb":null},{"date":"19260916","time":"0600","status":"HU","lat":20.9,"lon":-67,"wind_kt":120,"pressure_mb":null},{"date":"19260916","time":"1200","status":"HU","lat":21,"lon":-68,"wind_kt":125,"pressure_mb":null},{"date":"19260916","time":"1800","status":"HU","lat":21.3,"lon":-69.3,"wind_kt":130,"pressure_mb":null},{"date":"19260917","time":"0000","status":"HU","lat":21.7,"lon":-71,"wind_kt":130,"pressure_mb":null},{"date":"19260917","time":"0600","status":"HU","lat":22.1,"lon":-72.7,"wind_kt":130,"pressure_mb":null},{"date":"19260917","time":"1200","status":"HU","lat":22.5,"lon":-74.3,"wind_kt":125,"pressure_mb":null},{"date":"19260917","time":"1800","status":"HU","lat":23.2,"lon":-75.8,"wind_kt":125,"pressure_mb":null},{"date":"19260918","time":"0000","status":"HU","lat":24.2,"lon":-77.3,"wind_kt":125,"pressure_mb":null},{"date":"19260918","time":"0600","status":"HU","lat":25,"lon":-78.8,"wind_kt":125,"pressure_mb":null},{"date":"19260918","time":"1200","status":"HU","lat":25.6,"lon":-80.3,"wind_kt":125,"pressure_mb":930},{"date":"19260918","time":"1800","status":"HU","lat":26.2,"lon":-81.6,"wind_kt":90,"pressure_mb":950},{"date":"19260919","time":"0000","status":"HU","lat":26.8,"lon":-82.5,"wind_kt":100,"pressure_mb":null},{"date":"19260919","time":"0600","status":"HU","lat":27.3,"lon":-83.3,"wind_kt":105,"pressure_mb":null},{"date":"19260919","time":"1200","status":"HU","lat":27.8,"lon":-84.1,"wind_kt":105,"pressure_mb":null},{"date":"19260919","time":"1800","status":"HU","lat":28.4,"lon":-84.8,"wind_kt":105,"pressure_mb":null},{"date":"19260920","time":"0000","status":"HU","lat":29,"lon":-85.5,"wind_kt":110,"pressure_mb":null},{"date":"19260920","time":"0600","status":"HU","lat":29.6,"lon":-86.2,"wind_kt":110,"pressure_mb":null},{"date":"19260920","time":"1200","status":"HU","lat":30.1,"lon":-86.8,"wind_kt":105,"pressure_mb":null},{"date":"19260920","time":"1800","status":"HU","lat":30.3,"lon":-87.3,"wind_kt":100,"pressure_mb":null},{"date":"19260920","time":"2200","status":"HU","lat":30.3,"lon":-87.5,"wind_kt":100,"pressure_mb":955},{"date":"19260921","time":"0000","status":"HU","lat":30.3,"lon":-87.7,"wind_kt":80,"pressure_mb":955},{"date":"19260921","time":"0600","status":"HU","lat":30.3,"lon":-88.1,"wind_kt":65,"pressure_mb":null},{"date":"19260921","time":"1200","status":"TS","lat":30.3,"lon":-88.6,"wind_kt":60,"pressure_mb":983},{"date":"19260921","time":"1800","status":"TS","lat":30.4,"lon":-89.4,"wind_kt":50,"pressure_mb":null},{"date":"19260922","time":"0000","status":"TS","lat":30.5,"lon":-90.5,"wind_kt":40,"pressure_mb":null},{"date":"19260922","time":"0600","status":"TD","lat":30.6,"lon":-91.7,"wind_kt":30,"pressure_mb":null},{"date":"19260922","time":"1200","status":"TD","lat":30.7,"lon":-92.9,"wind_kt":25,"pressure_mb":null}]}},{"type":"Feature","geometry":{"type":"LineString","coordinates":[[-49,29],[-48.4,29.1],[-47.8,29.2],[-47.2,29.3],[-46.5,29.5],[-45.6,29.7],[-44.7,30],[-43.7,30.3],[-42.7,30.6],[-41.8,30.8],[-41,31],[-40.1,31.4],[-39.2,32],[-38.2,33.3],[-37,34.8],[-35.6,36],[-34,36.5],[-32.2,36.6],[-30.3,36.5],[-28.4,36.5],[-26.5,36.7],[-25.7,37.2],[-25.5,38.2],[-25.8,39.5],[-26.5,40.4],[-27.5,40.5],[-28.5,40.4],[-29.2,39.5],[-29.5,38.5],[-29.5,38.1],[-29.3,37.7],[-29,37.3],[-28.5,36.9],[-28.2,36.4],[-28,35.8],[-27.8,35.2],[-27.6,34.5],[-27,34],[-26.3,33.6],[-25.5,33.4],[-24.6,33.2],[-23.5,33]]},"properties":{"id":"hur-al081926","event_type":"hurricane","name":null,"year":1926,"max_wind_kt":90,"min_pressure_mb":null,"category":2,"preliminary":false,"start_date":"19260921","end_date":"19261001","track":[{"date":"19260921","time":"1200","status":"TS","lat":29,"lon":-49,"wind_kt":45,"pressure_mb":null},{"date":"19260921","time":"1800","status":"TS","lat":29.1,"lon":-48.4,"wind_kt":50,"pressure_mb":null},{"date":"19260922","time":"0000","status":"TS","lat":29.2,"lon":-47.8,"wind_kt":55,"pressure_mb":null},{"date":"19260922","time":"0600","status":"TS","lat":29.3,"lon":-47.2,"wind_kt":60,"pressure_mb":null},{"date":"19260922","time":"1200","status":"HU","lat":29.5,"lon":-46.5,"wind_kt":65,"pressure_mb":null},{"date":"19260922","time":"1800","status":"HU","lat":29.7,"lon":-45.6,"wind_kt":70,"pressure_mb":null},{"date":"19260923","time":"0000","status":"HU","lat":30,"lon":-44.7,"wind_kt":75,"pressure_mb":null},{"date":"19260923","time":"0600","status":"HU","lat":30.3,"lon":-43.7,"wind_kt":75,"pressure_mb":null},{"date":"19260923","time":"1200","status":"HU","lat":30.6,"lon":-42.7,"wind_kt":80,"pressure_mb":null},{"date":"19260923","time":"1800","status":"HU","lat":30.8,"lon":-41.8,"wind_kt":80,"pressure_mb":null},{"date":"19260924","time":"0000","status":"HU","lat":31,"lon":-41,"wind_kt":85,"pressure_mb":null},{"date":"19260924","time":"0600","status":"HU","lat":31.4,"lon":-40.1,"wind_kt":85,"pressure_mb":null},{"date":"19260924","time":"1200","status":"HU","lat":32,"lon":-39.2,"wind_kt":90,"pressure_mb":null},{"date":"19260924","time":"1800","status":"HU","lat":33.3,"lon":-38.2,"wind_kt":90,"pressure_mb":null},{"date":"19260925","time":"0000","status":"HU","lat":34.8,"lon":-37,"wind_kt":90,"pressure_mb":null},{"date":"19260925","time":"0600","status":"HU","lat":36,"lon":-35.6,"wind_kt":90,"pressure_mb":null},{"date":"19260925","time":"1200","status":"HU","lat":36.5,"lon":-34,"wind_kt":90,"pressure_mb":null},{"date":"19260925","time":"1800","status":"HU","lat":36.6,"lon":-32.2,"wind_kt":90,"pressure_mb":null},{"date":"19260926","time":"0000","status":"HU","lat":36.5,"lon":-30.3,"wind_kt":90,"pressure_mb":null},{"date":"19260926","time":"0600","status":"HU","lat":36.5,"lon":-28.4,"wind_kt":90,"pressure_mb":null},{"date":"19260926","time":"1200","status":"HU","lat":36.7,"lon":-26.5,"wind_kt":90,"pressure_mb":null},{"date":"19260926","time":"1800","status":"HU","lat":37.2,"lon":-25.7,"wind_kt":90,"pressure_mb":null},{"date":"19260927","time":"0000","status":"HU","lat":38.2,"lon":-25.5,"wind_kt":90,"pressure_mb":null},{"date":"19260927","time":"0600","status":"HU","lat":39.5,"lon":-25.8,"wind_kt":85,"pressure_mb":null},{"date":"19260927","time":"1200","status":"HU","lat":40.4,"lon":-26.5,"wind_kt":80,"pressure_mb":null},{"date":"19260927","time":"1800","status":"HU","lat":40.5,"lon":-27.5,"wind_kt":75,"pressure_mb":null},{"date":"19260928","time":"0000","status":"HU","lat":40.4,"lon":-28.5,"wind_kt":70,"pressure_mb":null},{"date":"19260928","time":"0600","status":"HU","lat":39.5,"lon":-29.2,"wind_kt":65,"pressure_mb":null},{"date":"19260928","time":"1200","status":"TS","lat":38.5,"lon":-29.5,"wind_kt":60,"pressure_mb":null},{"date":"19260928","time":"1800","status":"TS","lat":38.1,"lon":-29.5,"wind_kt":60,"pressure_mb":null},{"date":"19260929","time":"0000","status":"TS","lat":37.7,"lon":-29.3,"wind_kt":55,"pressure_mb":null},{"date":"19260929","time":"0600","status":"TS","lat":37.3,"lon":-29,"wind_kt":55,"pressure_mb":null},{"date":"19260929","time":"1200","status":"TS","lat":36.9,"lon":-28.5,"wind_kt":50,"pressure_mb":null},{"date":"19260929","time":"1800","status":"TS","lat":36.4,"lon":-28.2,"wind_kt":50,"pressure_mb":null},{"date":"19260930","time":"0000","status":"TS","lat":35.8,"lon":-28,"wind_kt":45,"pressure_mb":null},{"date":"19260930","time":"0600","status":"TS","lat":35.2,"lon":-27.8,"wind_kt":45,"pressure_mb":null},{"date":"19260930","time":"1200","status":"TS","lat":34.5,"lon":-27.6,"wind_kt":40,"pressure_mb":null},{"date":"19260930","time":"1800","status":"TS","lat":34,"lon":-27,"wind_kt":40,"pressure_mb":null},{"date":"19261001","time":"0000","status":"TS","lat":33.6,"lon":-26.3,"wind_kt":40,"pressure_mb":null},{"date":"19261001","time":"0600","status":"TS","lat":33.4,"lon":-25.5,"wind_kt":35,"pressure_mb":null},{"date":"19261001","time":"1200","status":"TS","lat":33.2,"lon":-24.6,"wind_kt":35,"pressure_mb":null},{"date":"19261001","time":"1800","status":"TD","lat":33,"lon":-23.5,"wind_kt":30,"pressure_mb":null}]}},{"type":"Feature","geometry":{"type":"LineString","coordinates":[[-79,14.5],[-79.4,14.5],[-80,14.5],[-81,14.6],[-82.2,15],[-83.6,15.5],[-85,16],[-86.4,16.3],[-87.7,16.4],[-88.9,16.5],[-90,16.5]]},"properties":{"id":"hur-al091926","event_type":"hurricane","name":null,"year":1926,"max_wind_kt":35,"min_pressure_mb":null,"category":0,"preliminary":false,"start_date":"19261003","end_date":"19261005","track":[{"date":"19261003","time":"0000","status":"TD","lat":14.5,"lon":-79,"wind_kt":30,"pressure_mb":null},{"date":"19261003","time":"0600","status":"TS","lat":14.5,"lon":-79.4,"wind_kt":35,"pressure_mb":null},{"date":"19261003","time":"1200","status":"TS","lat":14.5,"lon":-80,"wind_kt":35,"pressure_mb":null},{"date":"19261003","time":"1800","status":"TS","lat":14.6,"lon":-81,"wind_kt":35,"pressure_mb":null},{"date":"19261004","time":"0000","status":"TS","lat":15,"lon":-82.2,"wind_kt":35,"pressure_mb":null},{"date":"19261004","time":"0600","status":"TS","lat":15.5,"lon":-83.6,"wind_kt":35,"pressure_mb":null},{"date":"19261004","time":"1200","status":"TS","lat":16,"lon":-85,"wind_kt":35,"pressure_mb":null},{"date":"19261004","time":"1800","status":"TS","lat":16.3,"lon":-86.4,"wind_kt":35,"pressure_mb":null},{"date":"19261005","time":"0000","status":"TD","lat":16.4,"lon":-87.7,"wind_kt":30,"pressure_mb":null},{"date":"19261005","time":"0600","status":"TD","lat":16.5,"lon":-88.9,"wind_kt":30,"pressure_mb":null},{"date":"19261005","time":"1200","status":"TD","lat":16.5,"lon":-90,"wind_kt":25,"pressure_mb":null}]}},{"type":"Feature","geometry":{"type":"LineString","coordinates":[[-81.2,11.5],[-81,11.5],[-80.9,11.6],[-80.8,11.7],[-80.7,11.8],[-80.7,12],[-80.6,12.1],[-80.6,12.2],[-80.5,12.4],[-80.5,12.6],[-80.5,12.9],[-80.5,13.2],[-80.6,13.5],[-80.7,13.9],[-80.9,14.3],[-81.2,14.8],[-81.5,15.3],[-81.8,15.8],[-82.3,16.5],[-82.7,17.3],[-83,18.2],[-82.9,19.1],[-82.9,19.8],[-82.9,20.5],[-82.8,21.3],[-82.7,22.3],[-82.1,23.4],[-81,24.5],[-79.7,25.6],[-78,26.9],[-75.5,28],[-73,29.1],[-70.3,30.1],[-67.5,31.2],[-64.7,32.4],[-62.2,33.8],[-59.7,35.1],[-57.2,36],[-54.7,36.4],[-52.2,36.6],[-50,36.8],[-48,37],[-46.5,37.2],[-45.5,37.3],[-44.8,37.4],[-44.5,37.3],[-44.2,36.8],[-44.6,35.6],[-45.6,34],[-47,32.5],[-48.5,31.3],[-50,30.3],[-51.5,29.5],[-53,29],[-54.2,28.8],[-55,29],[-55.5,29.7]]},"properties":{"id":"hur-al101926","event_type":"hurricane","name":null,"year":1926,"max_wind_kt":130,"min_pressure_mb":934,"category":4,"preliminary":false,"start_date":"19261014","end_date":"19261028","track":[{"date":"19261014","time":"0600","status":"TD","lat":11.5,"lon":-81.2,"wind_kt":25,"pressure_mb":null},{"date":"19261014","time":"1200","status":"TD","lat":11.5,"lon":-81,"wind_kt":25,"pressure_mb":null},{"date":"19261014","time":"1800","status":"TD","lat":11.6,"lon":-80.9,"wind_kt":30,"pressure_mb":null},{"date":"19261015","time":"0000","status":"TS","lat":11.7,"lon":-80.8,"wind_kt":35,"pressure_mb":null},{"date":"19261015","time":"0600","status":"TS","lat":11.8,"lon":-80.7,"wind_kt":35,"pressure_mb":null},{"date":"19261015","time":"1200","status":"TS","lat":12,"lon":-80.7,"wind_kt":35,"pressure_mb":null},{"date":"19261015","time":"1800","status":"TS","lat":12.1,"lon":-80.6,"wind_kt":40,"pressure_mb":null},{"date":"19261016","time":"0000","status":"TS","lat":12.2,"lon":-80.6,"wind_kt":40,"pressure_mb":null},{"date":"19261016","time":"0600","status":"TS","lat":12.4,"lon":-80.5,"wind_kt":45,"pressure_mb":null},{"date":"19261016","time":"1200","status":"TS","lat":12.6,"lon":-80.5,"wind_kt":45,"pressure_mb":null},{"date":"19261016","time":"1800","status":"TS","lat":12.9,"lon":-80.5,"wind_kt":50,"pressure_mb":null},{"date":"19261017","time":"0000","status":"TS","lat":13.2,"lon":-80.5,"wind_kt":50,"pressure_mb":null},{"date":"19261017","time":"0600","status":"TS","lat":13.5,"lon":-80.6,"wind_kt":55,"pressure_mb":null},{"date":"19261017","time":"1200","status":"TS","lat":13.9,"lon":-80.7,"wind_kt":55,"pressure_mb":null},{"date":"19261017","time":"1800","status":"TS","lat":14.3,"lon":-80.9,"wind_kt":60,"pressure_mb":993},{"date":"19261018","time":"0000","status":"HU","lat":14.8,"lon":-81.2,"wind_kt":65,"pressure_mb":null},{"date":"19261018","time":"0600","status":"HU","lat":15.3,"lon":-81.5,"wind_kt":70,"pressure_mb":null},{"date":"19261018","time":"1200","status":"HU","lat":15.8,"lon":-81.8,"wind_kt":75,"pressure_mb":null},{"date":"19261018","time":"1800","status":"HU","lat":16.5,"lon":-82.3,"wind_kt":80,"pressure_mb":974},{"date":"19261019","time":"0000","status":"HU","lat":17.3,"lon":-82.7,"wind_kt":95,"pressure_mb":null},{"date":"19261019","time":"0600","status":"HU","lat":18.2,"lon":-83,"wind_kt":115,"pressure_mb":null},{"date":"19261019","time":"1200","status":"HU","lat":19.1,"lon":-82.9,"wind_kt":120,"pressure_mb":null},{"date":"19261019","time":"1800","status":"HU","lat":19.8,"lon":-82.9,"wind_kt":120,"pressure_mb":null},{"date":"19261020","time":"0000","status":"HU","lat":20.5,"lon":-82.9,"wind_kt":125,"pressure_mb":null},{"date":"19261020","time":"0600","status":"HU","lat":21.3,"lon":-82.8,"wind_kt":125,"pressure_mb":939},{"date":"19261020","time":"1200","status":"HU","lat":22.3,"lon":-82.7,"wind_kt":130,"pressure_mb":934},{"date":"19261020","time":"1800","status":"HU","lat":23.4,"lon":-82.1,"wind_kt":120,"pressure_mb":null},{"date":"19261021","time":"0000","status":"HU","lat":24.5,"lon":-81,"wind_kt":110,"pressure_mb":949},{"date":"19261021","time":"0600","status":"HU","lat":25.6,"lon":-79.7,"wind_kt":110,"pressure_mb":null},{"date":"19261021","time":"1200","status":"HU","lat":26.9,"lon":-78,"wind_kt":110,"pressure_mb":null},{"date":"19261021","time":"1800","status":"HU","lat":28,"lon":-75.5,"wind_kt":110,"pressure_mb":null},{"date":"19261022","time":"0000","status":"HU","lat":29.1,"lon":-73,"wind_kt":110,"pressure_mb":null},{"date":"19261022","time":"0600","status":"HU","lat":30.1,"lon":-70.3,"wind_kt":110,"pressure_mb":null},{"date":"19261022","time":"1200","status":"HU","lat":31.2,"lon":-67.5,"wind_kt":105,"pressure_mb":null},{"date":"19261022","time":"1800","status":"HU","lat":32.4,"lon":-64.7,"wind_kt":105,"pressure_mb":962},{"date":"19261023","time":"0000","status":"HU","lat":33.8,"lon":-62.2,"wind_kt":95,"pressure_mb":null},{"date":"19261023","time":"0600","status":"HU","lat":35.1,"lon":-59.7,"wind_kt":85,"pressure_mb":null},{"date":"19261023","time":"1200","status":"HU","lat":36,"lon":-57.2,"wind_kt":75,"pressure_mb":null},{"date":"19261023","time":"1800","status":"HU","lat":36.4,"lon":-54.7,"wind_kt":70,"pressure_mb":null},{"date":"19261024","time":"0000","status":"HU","lat":36.6,"lon":-52.2,"wind_kt":70,"pressure_mb":null},{"date":"19261024","time":"0600","status":"HU","lat":36.8,"lon":-50,"wind_kt":70,"pressure_mb":null},{"date":"19261024","time":"1200","status":"HU","lat":37,"lon":-48,"wind_kt":70,"pressure_mb":null},{"date":"19261024","time":"1800","status":"HU","lat":37.2,"lon":-46.5,"wind_kt":70,"pressure_mb":null},{"date":"19261025","time":"0000","status":"HU","lat":37.3,"lon":-45.5,"wind_kt":75,"pressure_mb":null},{"date":"19261025","time":"0600","status":"HU","lat":37.4,"lon":-44.8,"wind_kt":75,"pressure_mb":null},{"date":"19261025","time":"1200","status":"HU","lat":37.3,"lon":-44.5,"wind_kt":80,"pressure_mb":null},{"date":"19261025","time":"1800","status":"HU","lat":36.8,"lon":-44.2,"wind_kt":80,"pressure_mb":null},{"date":"19261026","time":"0000","status":"HU","lat":35.6,"lon":-44.6,"wind_kt":75,"pressure_mb":null},{"date":"19261026","time":"0600","status":"HU","lat":34,"lon":-45.6,"wind_kt":65,"pressure_mb":null},{"date":"19261026","time":"1200","status":"TS","lat":32.5,"lon":-47,"wind_kt":55,"pressure_mb":null},{"date":"19261026","time":"1800","status":"TS","lat":31.3,"lon":-48.5,"wind_kt":50,"pressure_mb":null},{"date":"19261027","time":"0000","status":"TS","lat":30.3,"lon":-50,"wind_kt":50,"pressure_mb":null},{"date":"19261027","time":"0600","status":"TS","lat":29.5,"lon":-51.5,"wind_kt":50,"pressure_mb":null},{"date":"19261027","time":"1200","status":"TS","lat":29,"lon":-53,"wind_kt":50,"pressure_mb":null},{"date":"19261027","time":"1800","status":"TS","lat":28.8,"lon":-54.2,"wind_kt":50,"pressure_mb":null},{"date":"19261028","time":"0000","status":"TS","lat":29,"lon":-55,"wind_kt":45,"pressure_mb":null},{"date":"19261028","time":"0600","status":"EX","lat":29.7,"lon":-55.5,"wind_kt":40,"pressure_mb":null}]}},{"type":"Feature","geometry":{"type":"LineString","coordinates":[[-79.2,11.2],[-79.5,11.5],[-79.8,11.8],[-80.2,12.1],[-80.6,12.5],[-81.1,13.2],[-81.9,14.2],[-82.9,15.4],[-84,16.6],[-84.8,17.5],[-85.3,18.2],[-85.4,18.8],[-85.3,19.4],[-85,20.1],[-84.3,20.8],[-83.3,21.6],[-81.8,22.4],[-80.2,23.2]]},"properties":{"id":"hur-al111926","event_type":"hurricane","name":null,"year":1926,"max_wind_kt":35,"min_pressure_mb":null,"category":0,"preliminary":false,"start_date":"19261112","end_date":"19261116","track":[{"date":"19261112","time":"0600","status":"TD","lat":11.2,"lon":-79.2,"wind_kt":30,"pressure_mb":null},{"date":"19261112","time":"1200","status":"TD","lat":11.5,"lon":-79.5,"wind_kt":30,"pressure_mb":null},{"date":"19261112","time":"1800","status":"TD","lat":11.8,"lon":-79.8,"wind_kt":30,"pressure_mb":null},{"date":"19261113","time":"0000","status":"TS","lat":12.1,"lon":-80.2,"wind_kt":35,"pressure_mb":null},{"date":"19261113","time":"0600","status":"TS","lat":12.5,"lon":-80.6,"wind_kt":35,"pressure_mb":null},{"date":"19261113","time":"1200","status":"TS","lat":13.2,"lon":-81.1,"wind_kt":35,"pressure_mb":null},{"date":"19261113","time":"1800","status":"TS","lat":14.2,"lon":-81.9,"wind_kt":35,"pressure_mb":null},{"date":"19261114","time":"0000","status":"TS","lat":15.4,"lon":-82.9,"wind_kt":35,"pressure_mb":null},{"date":"19261114","time":"0600","status":"TS","lat":16.6,"lon":-84,"wind_kt":35,"pressure_mb":null},{"date":"19261114","time":"1200","status":"TS","lat":17.5,"lon":-84.8,"wind_kt":35,"pressure_mb":null},{"date":"19261114","time":"1800","status":"TS","lat":18.2,"lon":-85.3,"wind_kt":35,"pressure_mb":null},{"date":"19261115","time":"0000","status":"TS","lat":18.8,"lon":-85.4,"wind_kt":35,"pressure_mb":null},{"date":"19261115","time":"0600","status":"TS","lat":19.4,"lon":-85.3,"wind_kt":35,"pressure_mb":null},{"date":"19261115","time":"1200","status":"TS","lat":20.1,"lon":-85,"wind_kt":35,"pressure_mb":null},{"date":"19261115","time":"1800","status":"TS","lat":20.8,"lon":-84.3,"wind_kt":35,"pressure_mb":null},{"date":"19261116","time":"0000","status":"TD","lat":21.6,"lon":-83.3,"wind_kt":30,"pressure_mb":null},{"date":"19261116","time":"0600","status":"TD","lat":22.4,"lon":-81.8,"wind_kt":30,"pressure_mb":null},{"date":"19261116","time":"1200","status":"EX","lat":23.2,"lon":-80.2,"wind_kt":25,"pressure_mb":null}]}},{"type":"Feature","geometry":{"type":"LineString","coordinates":[[-40,14],[-41.5,14.5],[-43,15],[-44.5,15.5],[-46,16],[-47.5,16.6],[-49,17.3],[-50.5,18.2],[-52,19],[-53.6,19.6],[-55.3,20],[-57.1,20.3],[-59,20.7],[-61.1,21.4],[-63.3,22.3],[-65.7,23.3],[-67.7,24.5],[-69.5,25.9],[-71,27.5],[-72.3,29.1],[-73,30.8],[-73.2,32.5],[-72.9,34.2],[-72.3,36],[-71.5,38],[-69,40.8],[-65,44.5],[-60.3,48.5],[-54.8,51.8],[-49,54.4],[-43.5,56.8],[-38,58.6],[-32.3,61],[-25,62.5],[-17.5,64],[-12,65.3],[-10,66.5],[-10.5,67.7],[-11,68.9],[-12,70],[-13,71],[-13.5,71.5],[-13,71.8],[-11.8,71.9],[-10,72]]},"properties":{"id":"hur-al011927","event_type":"hurricane","name":null,"year":1927,"max_wind_kt":110,"min_pressure_mb":950,"category":3,"preliminary":false,"start_date":"19270818","end_date":"19270829","track":[{"date":"19270818","time":"1200","status":"TS","lat":14,"lon":-40,"wind_kt":35,"pressure_mb":null},{"date":"19270818","time":"1800","status":"TS","lat":14.5,"lon":-41.5,"wind_kt":40,"pressure_mb":null},{"date":"19270819","time":"0000","status":"TS","lat":15,"lon":-43,"wind_kt":45,"pressure_mb":null},{"date":"19270819","time":"0600","status":"TS","lat":15.5,"lon":-44.5,"wind_kt":50,"pressure_mb":null},{"date":"19270819","time":"1200","status":"TS","lat":16,"lon":-46,"wind_kt":60,"pressure_mb":null},{"date":"19270819","time":"1800","status":"HU","lat":16.6,"lon":-47.5,"wind_kt":65,"pressure_mb":null},{"date":"19270820","time":"0000","status":"HU","lat":17.3,"lon":-49,"wind_kt":70,"pressure_mb":null},{"date":"19270820","time":"0600","status":"HU","lat":18.2,"lon":-50.5,"wind_kt":75,"pressure_mb":null},{"date":"19270820","time":"1200","status":"HU","lat":19,"lon":-52,"wind_kt":80,"pressure_mb":null},{"date":"19270820","time":"1800","status":"HU","lat":19.6,"lon":-53.6,"wind_kt":85,"pressure_mb":null},{"date":"19270821","time":"0000","status":"HU","lat":20,"lon":-55.3,"wind_kt":90,"pressure_mb":null},{"date":"19270821","time":"0600","status":"HU","lat":20.3,"lon":-57.1,"wind_kt":100,"pressure_mb":null},{"date":"19270821","time":"1200","status":"HU","lat":20.7,"lon":-59,"wind_kt":105,"pressure_mb":null},{"date":"19270821","time":"1800","status":"HU","lat":21.4,"lon":-61.1,"wind_kt":110,"pressure_mb":null},{"date":"19270822","time":"0000","status":"HU","lat":22.3,"lon":-63.3,"wind_kt":110,"pressure_mb":null},{"date":"19270822","time":"0600","status":"HU","lat":23.3,"lon":-65.7,"wind_kt":110,"pressure_mb":950},{"date":"19270822","time":"1200","status":"HU","lat":24.5,"lon":-67.7,"wind_kt":110,"pressure_mb":null},{"date":"19270822","time":"1800","status":"HU","lat":25.9,"lon":-69.5,"wind_kt":110,"pressure_mb":null},{"date":"19270823","time":"0000","status":"HU","lat":27.5,"lon":-71,"wind_kt":110,"pressure_mb":null},{"date":"19270823","time":"0600","status":"HU","lat":29.1,"lon":-72.3,"wind_kt":110,"pressure_mb":null},{"date":"19270823","time":"1200","status":"HU","lat":30.8,"lon":-73,"wind_kt":110,"pressure_mb":null},{"date":"19270823","time":"1800","status":"HU","lat":32.5,"lon":-73.2,"wind_kt":110,"pressure_mb":null},{"date":"19270824","time":"0000","status":"HU","lat":34.2,"lon":-72.9,"wind_kt":105,"pressure_mb":null},{"date":"19270824","time":"0600","status":"HU","lat":36,"lon":-72.3,"wind_kt":100,"pressure_mb":null},{"date":"19270824","time":"1200","status":"HU","lat":38,"lon":-71.5,"wind_kt":95,"pressure_mb":null},{"date":"19270824","time":"1800","status":"HU","lat":40.8,"lon":-69,"wind_kt":90,"pressure_mb":null},{"date":"19270825","time":"0000","status":"EX","lat":44.5,"lon":-65,"wind_kt":85,"pressure_mb":null},{"date":"19270825","time":"0600","status":"EX","lat":48.5,"lon":-60.3,"wind_kt":85,"pressure_mb":null},{"date":"19270825","time":"1200","status":"EX","lat":51.8,"lon":-54.8,"wind_kt":80,"pressure_mb":null},{"date":"19270825","time":"1800","status":"EX","lat":54.4,"lon":-49,"wind_kt":80,"pressure_mb":null},{"date":"19270826","time":"0000","status":"EX","lat":56.8,"lon":-43.5,"wind_kt":80,"pressure_mb":null},{"date":"19270826","time":"0600","status":"EX","lat":58.6,"lon":-38,"wind_kt":75,"pressure_mb":null},{"date":"19270826","time":"1200","status":"EX","lat":61,"lon":-32.3,"wind_kt":70,"pressure_mb":null},{"date":"19270826","time":"1800","status":"EX","lat":62.5,"lon":-25,"wind_kt":70,"pressure_mb":null},{"date":"19270827","time":"0000","status":"EX","lat":64,"lon":-17.5,"wind_kt":65,"pressure_mb":null},{"date":"19270827","time":"0600","status":"EX","lat":65.3,"lon":-12,"wind_kt":65,"pressure_mb":null},{"date":"19270827","time":"1200","status":"EX","lat":66.5,"lon":-10,"wind_kt":60,"pressure_mb":null},{"date":"19270827","time":"1800","status":"EX","lat":67.7,"lon":-10.5,"wind_kt":60,"pressure_mb":null},{"date":"19270828","time":"0000","status":"EX","lat":68.9,"lon":-11,"wind_kt":55,"pressure_mb":null},{"date":"19270828","time":"0600","status":"EX","lat":70,"lon":-12,"wind_kt":50,"pressure_mb":null},{"date":"19270828","time":"1200","status":"EX","lat":71,"lon":-13,"wind_kt":45,"pressure_mb":null},{"date":"19270828","time":"1800","status":"EX","lat":71.5,"lon":-13.5,"wind_kt":40,"pressure_mb":null},{"date":"19270829","time":"0000","status":"EX","lat":71.8,"lon":-13,"wind_kt":35,"pressure_mb":null},{"date":"19270829","time":"0600","status":"EX","lat":71.9,"lon":-11.8,"wind_kt":35,"pressure_mb":null},{"date":"19270829","time":"1200","status":"EX","lat":72,"lon":-10,"wind_kt":30,"pressure_mb":null}]}},{"type":"Feature","geometry":{"type":"LineString","coordinates":[[-20,16.7],[-21,16.5],[-21.9,16.3],[-22.8,16.1],[-23.7,16],[-24.6,15.9],[-25.6,15.9],[-26.6,16],[-27.7,16.1],[-28.8,16.2],[-30,16.3],[-31.3,16.5],[-32.6,16.6],[-34,16.8],[-35.3,17],[-36.5,17.2],[-37.7,17.4],[-39,17.6],[-40.4,17.8],[-41.8,18.1],[-43.2,18.4],[-44.7,18.7],[-46.3,19.1],[-48.1,19.6],[-50,20.2],[-51.7,21],[-53.2,22],[-54.4,23.2],[-55.3,24.5],[-56,26],[-56.2,27.5],[-55.8,29],[-55,30.4],[-53.8,31.7],[-52.6,32.6],[-51.8,33.2],[-51.5,33.6],[-51,33.9],[-49.8,34.1]]},"properties":{"id":"hur-al021927","event_type":"hurricane","name":null,"year":1927,"max_wind_kt":80,"min_pressure_mb":null,"category":1,"preliminary":false,"start_date":"19270902","end_date":"19270911","track":[{"date":"19270902","time":"0600","status":"TD","lat":16.7,"lon":-20,"wind_kt":30,"pressure_mb":null},{"date":"19270902","time":"1200","status":"TS","lat":16.5,"lon":-21,"wind_kt":35,"pressure_mb":null},{"date":"19270902","time":"1800","status":"TS","lat":16.3,"lon":-21.9,"wind_kt":35,"pressure_mb":null},{"date":"19270903","time":"0000","status":"TS","lat":16.1,"lon":-22.8,"wind_kt":40,"pressure_mb":null},{"date":"19270903","time":"0600","status":"TS","lat":16,"lon":-23.7,"wind_kt":40,"pressure_mb":null},{"date":"19270903","time":"1200","status":"TS","lat":15.9,"lon":-24.6,"wind_kt":45,"pressure_mb":null},{"date":"19270903","time":"1800","status":"TS","lat":15.9,"lon":-25.6,"wind_kt":45,"pressure_mb":null},{"date":"19270904","time":"0000","status":"TS","lat":16,"lon":-26.6,"wind_kt":45,"pressure_mb":null},{"date":"19270904","time":"0600","status":"TS","lat":16.1,"lon":-27.7,"wind_kt":45,"pressure_mb":null},{"date":"19270904","time":"1200","status":"TS","lat":16.2,"lon":-28.8,"wind_kt":45,"pressure_mb":null},{"date":"19270904","time":"1800","status":"TS","lat":16.3,"lon":-30,"wind_kt":45,"pressure_mb":null},{"date":"19270905","time":"0000","status":"TS","lat":16.5,"lon":-31.3,"wind_kt":45,"pressure_mb":null},{"date":"19270905","time":"0600","status":"TS","lat":16.6,"lon":-32.6,"wind_kt":45,"pressure_mb":null},{"date":"19270905","time":"1200","status":"TS","lat":16.8,"lon":-34,"wind_kt":45,"pressure_mb":null},{"date":"19270905","time":"1800","status":"TS","lat":17,"lon":-35.3,"wind_kt":50,"pressure_mb":null},{"date":"19270906","time":"0000","status":"TS","lat":17.2,"lon":-36.5,"wind_kt":50,"pressure_mb":null},{"date":"19270906","time":"0600","status":"TS","lat":17.4,"lon":-37.7,"wind_kt":55,"pressure_mb":null},{"date":"19270906","time":"1200","status":"TS","lat":17.6,"lon":-39,"wind_kt":55,"pressure_mb":null},{"date":"19270906","time":"1800","status":"TS","lat":17.8,"lon":-40.4,"wind_kt":55,"pressure_mb":null},{"date":"19270907","time":"0000","status":"TS","lat":18.1,"lon":-41.8,"wind_kt":60,"pressure_mb":null},{"date":"19270907","time":"0600","status":"TS","lat":18.4,"lon":-43.2,"wind_kt":60,"pressure_mb":null},{"date":"19270907","time":"1200","status":"TS","lat":18.7,"lon":-44.7,"wind_kt":60,"pressure_mb":null},{"date":"19270907","time":"1800","status":"TS","lat":19.1,"lon":-46.3,"wind_kt":60,"pressure_mb":null},{"date":"19270908","time":"0000","status":"HU","lat":19.6,"lon":-48.1,"wind_kt":65,"pressure_mb":null},{"date":"19270908","time":"0600","status":"HU","lat":20.2,"lon":-50,"wind_kt":65,"pressure_mb":null},{"date":"19270908","time":"1200","status":"HU","lat":21,"lon":-51.7,"wind_kt":70,"pressure_mb":null},{"date":"19270908","time":"1800","status":"HU","lat":22,"lon":-53.2,"wind_kt":70,"pressure_mb":null},{"date":"19270909","time":"0000","status":"HU","lat":23.2,"lon":-54.4,"wind_kt":75,"pressure_mb":null},{"date":"19270909","time":"0600","status":"HU","lat":24.5,"lon":-55.3,"wind_kt":75,"pressure_mb":null},{"date":"19270909","time":"1200","status":"HU","lat":26,"lon":-56,"wind_kt":80,"pressure_mb":null},{"date":"19270909","time":"1800","status":"HU","lat":27.5,"lon":-56.2,"wind_kt":75,"pressure_mb":null},{"date":"19270910","time":"0000","status":"HU","lat":29,"lon":-55.8,"wind_kt":70,"pressure_mb":null},{"date":"19270910","time":"0600","status":"HU","lat":30.4,"lon":-55,"wind_kt":65,"pressure_mb":null},{"date":"19270910","time":"1200","status":"TS","lat":31.7,"lon":-53.8,"wind_kt":55,"pressure_mb":null},{"date":"19270910","time":"1800","status":"TS","lat":32.6,"lon":-52.6,"wind_kt":50,"pressure_mb":null},{"date":"19270911","time":"0000","status":"TS","lat":33.2,"lon":-51.8,"wind_kt":45,"pressure_mb":null},{"date":"19270911","time":"0600","status":"TS","lat":33.6,"lon":-51.5,"wind_kt":40,"pressure_mb":null},{"date":"19270911","time":"1200","status":"TS","lat":33.9,"lon":-51,"wind_kt":35,"pressure_mb":null},{"date":"19270911","time":"1800","status":"TD","lat":34.1,"lon":-49.8,"wind_kt":30,"pressure_mb":null}]}},{"type":"Feature","geometry":{"type":"LineString","coordinates":[[-36,10.3],[-36.5,10.8],[-37,11.3],[-37.5,11.8],[-38,12.2],[-38.5,12.6],[-39,13],[-39.5,13.4],[-40,13.8],[-40.6,14.2],[-41.3,14.5],[-42.1,14.9],[-43,15.3],[-43.8,15.7],[-44.6,16.2],[-45.4,16.8],[-46,17.4],[-46.3,18.2],[-46.4,19.2],[-46.5,20.3],[-46.5,21.5],[-46.6,23],[-46.9,24.5],[-47.3,26],[-47.5,27.5],[-47.5,29.5],[-47.2,31.7],[-46.8,34]]},"properties":{"id":"hur-al031927","event_type":"hurricane","name":null,"year":1927,"max_wind_kt":70,"min_pressure_mb":null,"category":1,"preliminary":false,"start_date":"19270922","end_date":"19270929","track":[{"date":"19270922","time":"1200","status":"TD","lat":10.3,"lon":-36,"wind_kt":30,"pressure_mb":null},{"date":"19270922","time":"1800","status":"TD","lat":10.8,"lon":-36.5,"wind_kt":30,"pressure_mb":null},{"date":"19270923","time":"0000","status":"TS","lat":11.3,"lon":-37,"wind_kt":35,"pressure_mb":null},{"date":"19270923","time":"0600","status":"TS","lat":11.8,"lon":-37.5,"wind_kt":35,"pressure_mb":null},{"date":"19270923","time":"1200","status":"TS","lat":12.2,"lon":-38,"wind_kt":35,"pressure_mb":null},{"date":"19270923","time":"1800","status":"TS","lat":12.6,"lon":-38.5,"wind_kt":35,"pressure_mb":null},{"date":"19270924","time":"0000","status":"TS","lat":13,"lon":-39,"wind_kt":40,"pressure_mb":null},{"date":"19270924","time":"0600","status":"TS","lat":13.4,"lon":-39.5,"wind_kt":40,"pressure_mb":null},{"date":"19270924","time":"1200","status":"TS","lat":13.8,"lon":-40,"wind_kt":40,"pressure_mb":null},{"date":"19270924","time":"1800","status":"TS","lat":14.2,"lon":-40.6,"wind_kt":40,"pressure_mb":null},{"date":"19270925","time":"0000","status":"TS","lat":14.5,"lon":-41.3,"wind_kt":40,"pressure_mb":null},{"date":"19270925","time":"0600","status":"TS","lat":14.9,"lon":-42.1,"wind_kt":40,"pressure_mb":null},{"date":"19270925","time":"1200","status":"TS","lat":15.3,"lon":-43,"wind_kt":40,"pressure_mb":null},{"date":"19270925","time":"1800","status":"TS","lat":15.7,"lon":-43.8,"wind_kt":40,"pressure_mb":null},{"date":"19270926","time":"0000","status":"TS","lat":16.2,"lon":-44.6,"wind_kt":40,"pressure_mb":null},{"date":"19270926","time":"0600","status":"TS","lat":16.8,"lon":-45.4,"wind_kt":40,"pressure_mb":null},{"date":"19270926","time":"1200","status":"TS","lat":17.4,"lon":-46,"wind_kt":40,"pressure_mb":null},{"date":"19270926","time":"1800","status":"TS","lat":18.2,"lon":-46.3,"wind_kt":40,"pressure_mb":null},{"date":"19270927","time":"0000","status":"TS","lat":19.2,"lon":-46.4,"wind_kt":40,"pressure_mb":null},{"date":"19270927","time":"0600","status":"TS","lat":20.3,"lon":-46.5,"wind_kt":40,"pressure_mb":null},{"date":"19270927","time":"1200","status":"TS","lat":21.5,"lon":-46.5,"wind_kt":45,"pressure_mb":null},{"date":"19270927","time":"1800","status":"TS","lat":23,"lon":-46.6,"wind_kt":45,"pressure_mb":null},{"date":"19270928","time":"0000","status":"TS","lat":24.5,"lon":-46.9,"wind_kt":50,"pressure_mb":null},{"date":"19270928","time":"0600","status":"TS","lat":26,"lon":-47.3,"wind_kt":60,"pressure_mb":null},{"date":"19270928","time":"1200","status":"HU","lat":27.5,"lon":-47.5,"wind_kt":70,"pressure_mb":null},{"date":"19270928","time":"1800","status":"HU","lat":29.5,"lon":-47.5,"wind_kt":70,"pressure_mb":null},{"date":"19270929","time":"0000","status":"TS","lat":31.7,"lon":-47.2,"wind_kt":60,"pressure_mb":null},{"date":"19270929","time":"0600","status":"EX","lat":34,"lon":-46.8,"wind_kt":50,"pressure_mb":null}]}},{"type":"Feature","geometry":{"type":"LineString","coordinates":[[-49.2,19],[-50.2,20.1],[-51.2,21.3],[-52.2,22.5],[-53.2,23.7],[-54.1,24.9],[-55,26],[-55.8,26.7],[-56.6,27.1],[-57.3,27.5],[-58,28.1],[-58.7,28.8],[-59.4,29.7],[-60.1,30.8],[-60.8,32],[-61.3,33.3],[-61.5,34.6],[-60.9,35.8],[-59.6,37],[-58.9,38.1],[-58.1,38.9],[-57.3,39.6],[-56.5,40.3],[-55.6,41],[-54.6,41.5],[-53.5,42],[-52,42.8],[-49.4,43.9],[-46,45.3],[-41.5,46.8],[-37,48],[-33.5,48.7],[-31,48.9],[-29.8,49],[-29,49],[-28.5,49]]},"properties":{"id":"hur-al041927","event_type":"hurricane","name":null,"year":1927,"max_wind_kt":95,"min_pressure_mb":967,"category":2,"preliminary":false,"start_date":"19270923","end_date":"19271001","track":[{"date":"19270923","time":"0000","status":"TS","lat":19,"lon":-49.2,"wind_kt":35,"pressure_mb":null},{"date":"19270923","time":"0600","status":"TS","lat":20.1,"lon":-50.2,"wind_kt":40,"pressure_mb":null},{"date":"19270923","time":"1200","status":"TS","lat":21.3,"lon":-51.2,"wind_kt":45,"pressure_mb":null},{"date":"19270923","time":"1800","status":"TS","lat":22.5,"lon":-52.2,"wind_kt":50,"pressure_mb":null},{"date":"19270924","time":"0000","status":"TS","lat":23.7,"lon":-53.2,"wind_kt":55,"pressure_mb":null},{"date":"19270924","time":"0600","status":"TS","lat":24.9,"lon":-54.1,"wind_kt":60,"pressure_mb":null},{"date":"19270924","time":"1200","status":"HU","lat":26,"lon":-55,"wind_kt":65,"pressure_mb":null},{"date":"19270924","time":"1800","status":"HU","lat":26.7,"lon":-55.8,"wind_kt":70,"pressure_mb":null},{"date":"19270925","time":"0000","status":"HU","lat":27.1,"lon":-56.6,"wind_kt":75,"pressure_mb":null},{"date":"19270925","time":"0600","status":"HU","lat":27.5,"lon":-57.3,"wind_kt":80,"pressure_mb":null},{"date":"19270925","time":"1200","status":"HU","lat":28.1,"lon":-58,"wind_kt":80,"pressure_mb":null},{"date":"19270925","time":"1800","status":"HU","lat":28.8,"lon":-58.7,"wind_kt":85,"pressure_mb":null},{"date":"19270926","time":"0000","status":"HU","lat":29.7,"lon":-59.4,"wind_kt":85,"pressure_mb":null},{"date":"19270926","time":"0600","status":"HU","lat":30.8,"lon":-60.1,"wind_kt":90,"pressure_mb":967},{"date":"19270926","time":"1200","status":"HU","lat":32,"lon":-60.8,"wind_kt":95,"pressure_mb":null},{"date":"19270926","time":"1800","status":"HU","lat":33.3,"lon":-61.3,"wind_kt":95,"pressure_mb":null},{"date":"19270927","time":"0000","status":"HU","lat":34.6,"lon":-61.5,"wind_kt":90,"pressure_mb":null},{"date":"19270927","time":"0600","status":"HU","lat":35.8,"lon":-60.9,"wind_kt":85,"pressure_mb":null},{"date":"19270927","time":"1200","status":"HU","lat":37,"lon":-59.6,"wind_kt":80,"pressure_mb":null},{"date":"19270927","time":"1800","status":"HU","lat":38.1,"lon":-58.9,"wind_kt":80,"pressure_mb":null},{"date":"19270928","time":"0000","status":"HU","lat":38.9,"lon":-58.1,"wind_kt":80,"pressure_mb":null},{"date":"19270928","time":"0600","status":"EX","lat":39.6,"lon":-57.3,"wind_kt":75,"pressure_mb":null},{"date":"19270928","time":"1200","status":"EX","lat":40.3,"lon":-56.5,"wind_kt":75,"pressure_mb":null},{"date":"19270928","time":"1800","status":"EX","lat":41,"lon":-55.6,"wind_kt":75,"pressure_mb":null},{"date":"19270929","time":"0000","status":"EX","lat":41.5,"lon":-54.6,"wind_kt":75,"pressure_mb":981},{"date":"19270929","time":"0600","status":"EX","lat":42,"lon":-53.5,"wind_kt":75,"pressure_mb":null},{"date":"19270929","time":"1200","status":"EX","lat":42.8,"lon":-52,"wind_kt":75,"pressure_mb":null},{"date":"19270929","time":"1800","status":"EX","lat":43.9,"lon":-49.4,"wind_kt":70,"pressure_mb":null},{"date":"19270930","time":"0000","status":"EX","lat":45.3,"lon":-46,"wind_kt":70,"pressure_mb":null},{"date":"19270930","time":"0600","status":"EX","lat":46.8,"lon":-41.5,"wind_kt":70,"pressure_mb":null},{"date":"19270930","time":"1200","status":"EX","lat":48,"lon":-37,"wind_kt":70,"pressure_mb":null},{"date":"19270930","time":"1800","status":"EX","lat":48.7,"lon":-33.5,"wind_kt":65,"pressure_mb":null},{"date":"19271001","time":"0000","status":"EX","lat":48.9,"lon":-31,"wind_kt":60,"pressure_mb":null},{"date":"19271001","time":"0600","status":"EX","lat":49,"lon":-29.8,"wind_kt":55,"pressure_mb":null},{"date":"19271001","time":"1200","status":"EX","lat":49,"lon":-29,"wind_kt":50,"pressure_mb":null},{"date":"19271001","time":"1800","status":"EX","lat":49,"lon":-28.5,"wind_kt":40,"pressure_mb":null}]}},{"type":"Feature","geometry":{"type":"LineString","coordinates":[[-69,23],[-70.4,23.6],[-71.8,24.3],[-73,24.9],[-74,25.5],[-74.9,26.1],[-75.7,26.7],[-76.4,27.3],[-77,28],[-77.8,29],[-78.9,30.3],[-80,31.8],[-80.4,32.5],[-80.7,33.4],[-80.8,35],[-80.3,37],[-79,39]]},"properties":{"id":"hur-al051927","event_type":"hurricane","name":null,"year":1927,"max_wind_kt":50,"min_pressure_mb":null,"category":0,"preliminary":false,"start_date":"19270930","end_date":"19271004","track":[{"date":"19270930","time":"1200","status":"TD","lat":23,"lon":-69,"wind_kt":30,"pressure_mb":null},{"date":"19270930","time":"1800","status":"TD","lat":23.6,"lon":-70.4,"wind_kt":30,"pressure_mb":null},{"date":"19271001","time":"0000","status":"TD","lat":24.3,"lon":-71.8,"wind_kt":30,"pressure_mb":null},{"date":"19271001","time":"0600","status":"TD","lat":24.9,"lon":-73,"wind_kt":30,"pressure_mb":null},{"date":"19271001","time":"1200","status":"TD","lat":25.5,"lon":-74,"wind_kt":30,"pressure_mb":null},{"date":"19271001","time":"1800","status":"TD","lat":26.1,"lon":-74.9,"wind_kt":30,"pressure_mb":null},{"date":"19271002","time":"0000","status":"TS","lat":26.7,"lon":-75.7,"wind_kt":35,"pressure_mb":null},{"date":"19271002","time":"0600","status":"TS","lat":27.3,"lon":-76.4,"wind_kt":40,"pressure_mb":null},{"date":"19271002","time":"1200","status":"TS","lat":28,"lon":-77,"wind_kt":45,"pressure_mb":null},{"date":"19271002","time":"1800","status":"TS","lat":29,"lon":-77.8,"wind_kt":50,"pressure_mb":null},{"date":"19271003","time":"0000","status":"TS","lat":30.3,"lon":-78.9,"wind_kt":50,"pressure_mb":null},{"date":"19271003","time":"0600","status":"TS","lat":31.8,"lon":-80,"wind_kt":50,"pressure_mb":null},{"date":"19271003","time":"0900","status":"TS","lat":32.5,"lon":-80.4,"wind_kt":50,"pressure_mb":null},{"date":"19271003","time":"1200","status":"TS","lat":33.4,"lon":-80.7,"wind_kt":40,"pressure_mb":null},{"date":"19271003","time":"1800","status":"TS","lat":35,"lon":-80.8,"wind_kt":35,"pressure_mb":null},{"date":"19271004","time":"0000","status":"TD","lat":37,"lon":-80.3,"wind_kt":30,"pressure_mb":null},{"date":"19271004","time":"0600","status":"TD","lat":39,"lon":-79,"wind_kt":25,"pressure_mb":null}]}},{"type":"Feature","geometry":{"type":"LineString","coordinates":[[-87,16.5],[-86.7,16.6],[-86.2,16.7],[-85.4,16.9],[-84.4,17.2],[-83.5,17.5],[-82.7,17.8],[-82,18.2],[-81.4,18.7],[-80.6,19.3],[-79.5,20],[-77.7,21],[-75,22.2],[-72,23.7]]},"properties":{"id":"hur-al061927","event_type":"hurricane","name":null,"year":1927,"max_wind_kt":40,"min_pressure_mb":null,"category":0,"preliminary":false,"start_date":"19271016","end_date":"19271019","track":[{"date":"19271016","time":"0000","status":"TD","lat":16.5,"lon":-87,"wind_kt":30,"pressure_mb":null},{"date":"19271016","time":"0600","status":"TD","lat":16.6,"lon":-86.7,"wind_kt":30,"pressure_mb":null},{"date":"19271016","time":"1200","status":"TD","lat":16.7,"lon":-86.2,"wind_kt":30,"pressure_mb":null},{"date":"19271016","time":"1800","status":"TS","lat":16.9,"lon":-85.4,"wind_kt":35,"pressure_mb":null},{"date":"19271017","time":"0000","status":"TS","lat":17.2,"lon":-84.4,"wind_kt":40,"pressure_mb":null},{"date":"19271017","time":"0600","status":"TS","lat":17.5,"lon":-83.5,"wind_kt":40,"pressure_mb":null},{"date":"19271017","time":"1200","status":"TS","lat":17.8,"lon":-82.7,"wind_kt":40,"pressure_mb":null},{"date":"19271017","time":"1800","status":"TS","lat":18.2,"lon":-82,"wind_kt":40,"pressure_mb":null},{"date":"19271018","time":"0000","status":"TS","lat":18.7,"lon":-81.4,"wind_kt":40,"pressure_mb":null},{"date":"19271018","time":"0600","status":"TS","lat":19.3,"lon":-80.6,"wind_kt":40,"pressure_mb":null},{"date":"19271018","time":"1200","status":"TS","lat":20,"lon":-79.5,"wind_kt":40,"pressure_mb":null},{"date":"19271018","time":"1800","status":"TS","lat":21,"lon":-77.7,"wind_kt":40,"pressure_mb":null},{"date":"19271019","time":"0000","status":"TS","lat":22.2,"lon":-75,"wind_kt":40,"pressure_mb":null},{"date":"19271019","time":"0600","status":"EX","lat":23.7,"lon":-72,"wind_kt":35,"pressure_mb":null}]}},{"type":"Feature","geometry":{"type":"LineString","coordinates":[[-80,19.5],[-79.9,20],[-79.7,20.5],[-79.6,21],[-79.5,21.5],[-79.4,22],[-79.3,22.5],[-79.2,23],[-79,23.6],[-78.3,24.7],[-77.1,26.1],[-75.5,27.5],[-74.5,29],[-74.5,30.5],[-75.5,31.5],[-75.9,31.8],[-76,32],[-76,32.1]]},"properties":{"id":"hur-al071927","event_type":"hurricane","name":null,"year":1927,"max_wind_kt":40,"min_pressure_mb":null,"category":0,"preliminary":false,"start_date":"19271030","end_date":"19271103","track":[{"date":"19271030","time":"1200","status":"TD","lat":19.5,"lon":-80,"wind_kt":30,"pressure_mb":null},{"date":"19271030","time":"1800","status":"TS","lat":20,"lon":-79.9,"wind_kt":35,"pressure_mb":null},{"date":"19271031","time":"0000","status":"TS","lat":20.5,"lon":-79.7,"wind_kt":35,"pressure_mb":null},{"date":"19271031","time":"0600","status":"TS","lat":21,"lon":-79.6,"wind_kt":40,"pressure_mb":null},{"date":"19271031","time":"1200","status":"TS","lat":21.5,"lon":-79.5,"wind_kt":40,"pressure_mb":null},{"date":"19271031","time":"1800","status":"TS","lat":22,"lon":-79.4,"wind_kt":40,"pressure_mb":null},{"date":"19271101","time":"0000","status":"TS","lat":22.5,"lon":-79.3,"wind_kt":35,"pressure_mb":null},{"date":"19271101","time":"0600","status":"TS","lat":23,"lon":-79.2,"wind_kt":35,"pressure_mb":null},{"date":"19271101","time":"1200","status":"TS","lat":23.6,"lon":-79,"wind_kt":35,"pressure_mb":null},{"date":"19271101","time":"1800","status":"TS","lat":24.7,"lon":-78.3,"wind_kt":35,"pressure_mb":null},{"date":"19271102","time":"0000","status":"TS","lat":26.1,"lon":-77.1,"wind_kt":35,"pressure_mb":null},{"date":"19271102","time":"0600","status":"TS","lat":27.5,"lon":-75.5,"wind_kt":35,"pressure_mb":null},{"date":"19271102","time":"1200","status":"TS","lat":29,"lon":-74.5,"wind_kt":35,"pressure_mb":null},{"date":"19271102","time":"1800","status":"TS","lat":30.5,"lon":-74.5,"wind_kt":35,"pressure_mb":null},{"date":"19271103","time":"0000","status":"TS","lat":31.5,"lon":-75.5,"wind_kt":35,"pressure_mb":null},{"date":"19271103","time":"0600","status":"TS","lat":31.8,"lon":-75.9,"wind_kt":35,"pressure_mb":null},{"date":"19271103","time":"1200","status":"TS","lat":32,"lon":-76,"wind_kt":35,"pressure_mb":null},{"date":"19271103","time":"1800","status":"TD","lat":32.1,"lon":-76,"wind_kt":30,"pressure_mb":null}]}},{"type":"Feature","geometry":{"type":"LineString","coordinates":[[-50.4,20.5],[-51.2,22],[-52,23.5],[-52.7,25.1],[-53.4,26.8],[-54,28.4],[-54.5,30],[-54.8,31.5],[-55,32.8],[-55.1,33.9],[-55,35],[-54.7,36]]},"properties":{"id":"hur-al081927","event_type":"hurricane","name":null,"year":1927,"max_wind_kt":50,"min_pressure_mb":null,"category":0,"preliminary":false,"start_date":"19271119","end_date":"19271121","track":[{"date":"19271119","time":"0000","status":"TD","lat":20.5,"lon":-50.4,"wind_kt":30,"pressure_mb":null},{"date":"19271119","time":"0600","status":"TD","lat":22,"lon":-51.2,"wind_kt":30,"pressure_mb":null},{"date":"19271119","time":"1200","status":"TS","lat":23.5,"lon":-52,"wind_kt":35,"pressure_mb":null},{"date":"19271119","time":"1800","status":"TS","lat":25.1,"lon":-52.7,"wind_kt":40,"pressure_mb":null},{"date":"19271120","time":"0000","status":"TS","lat":26.8,"lon":-53.4,"wind_kt":45,"pressure_mb":null},{"date":"19271120","time":"0600","status":"TS","lat":28.4,"lon":-54,"wind_kt":50,"pressure_mb":null},{"date":"19271120","time":"1200","status":"TS","lat":30,"lon":-54.5,"wind_kt":50,"pressure_mb":null},{"date":"19271120","time":"1800","status":"TS","lat":31.5,"lon":-54.8,"wind_kt":50,"pressure_mb":null},{"date":"19271121","time":"0000","status":"TS","lat":32.8,"lon":-55,"wind_kt":50,"pressure_mb":null},{"date":"19271121","time":"0600","status":"TS","lat":33.9,"lon":-55.1,"wind_kt":45,"pressure_mb":null},{"date":"19271121","time":"1200","status":"EX","lat":35,"lon":-55,"wind_kt":40,"pressure_mb":null},{"date":"19271121","time":"1800","status":"EX","lat":36,"lon":-54.7,"wind_kt":35,"pressure_mb":null}]}},{"type":"Feature","geometry":{"type":"LineString","coordinates":[[-63.6,18.8],[-64.3,18.9],[-65,19],[-65.7,19.1],[-66.4,19.2],[-67.2,19.4],[-68,19.6],[-69,20],[-70.1,20.5],[-71.2,21],[-72.3,21.5],[-73.4,22.1],[-74.5,22.8],[-75.5,23.5],[-76.5,24.2],[-77.4,24.8],[-78.2,25.3],[-78.8,25.8],[-79.2,26.3],[-79.5,26.6],[-79.8,26.9],[-80.1,27.2],[-80.2,27.3],[-80.5,27.6],[-80.9,27.9],[-81.5,28.1],[-82.1,28.4],[-82.7,28.7],[-83.3,29.1],[-83.9,29.6],[-84.3,30],[-84.4,30.2],[-84.5,31],[-84,31.9],[-83.2,32.9],[-82.2,34],[-81,35.2],[-79.7,36.4],[-78.2,37.2],[-76.2,38],[-74.5,38.5],[-73,38.5],[-71.8,38.5],[-70.8,38.5],[-70,38.5],[-69.5,38.5]]},"properties":{"id":"hur-al011928","event_type":"hurricane","name":null,"year":1928,"max_wind_kt":90,"min_pressure_mb":971,"category":2,"preliminary":false,"start_date":"19280803","end_date":"19280813","track":[{"date":"19280803","time":"0000","status":"TS","lat":18.8,"lon":-63.6,"wind_kt":35,"pressure_mb":null},{"date":"19280803","time":"0600","status":"TS","lat":18.9,"lon":-64.3,"wind_kt":35,"pressure_mb":null},{"date":"19280803","time":"1200","status":"TS","lat":19,"lon":-65,"wind_kt":35,"pressure_mb":null},{"date":"19280803","time":"1800","status":"TS","lat":19.1,"lon":-65.7,"wind_kt":35,"pressure_mb":null},{"date":"19280804","time":"0000","status":"TS","lat":19.2,"lon":-66.4,"wind_kt":35,"pressure_mb":null},{"date":"19280804","time":"0600","status":"TS","lat":19.4,"lon":-67.2,"wind_kt":35,"pressure_mb":null},{"date":"19280804","time":"1200","status":"TS","lat":19.6,"lon":-68,"wind_kt":35,"pressure_mb":null},{"date":"19280804","time":"1800","status":"TS","lat":20,"lon":-69,"wind_kt":40,"pressure_mb":null},{"date":"19280805","time":"0000","status":"TS","lat":20.5,"lon":-70.1,"wind_kt":40,"pressure_mb":null},{"date":"19280805","time":"0600","status":"TS","lat":21,"lon":-71.2,"wind_kt":40,"pressure_mb":null},{"date":"19280805","time":"1200","status":"TS","lat":21.5,"lon":-72.3,"wind_kt":40,"pressure_mb":null},{"date":"19280805","time":"1800","status":"TS","lat":22.1,"lon":-73.4,"wind_kt":40,"pressure_mb":null},{"date":"19280806","time":"0000","status":"TS","lat":22.8,"lon":-74.5,"wind_kt":45,"pressure_mb":null},{"date":"19280806","time":"0600","status":"TS","lat":23.5,"lon":-75.5,"wind_kt":55,"pressure_mb":null},{"date":"19280806","time":"1200","status":"HU","lat":24.2,"lon":-76.5,"wind_kt":65,"pressure_mb":null},{"date":"19280806","time":"1800","status":"HU","lat":24.8,"lon":-77.4,"wind_kt":70,"pressure_mb":null},{"date":"19280807","time":"0000","status":"HU","lat":25.3,"lon":-78.2,"wind_kt":80,"pressure_mb":null},{"date":"19280807","time":"0600","status":"HU","lat":25.8,"lon":-78.8,"wind_kt":90,"pressure_mb":971},{"date":"19280807","time":"1200","status":"HU","lat":26.3,"lon":-79.2,"wind_kt":90,"pressure_mb":null},{"date":"19280807","time":"1800","status":"HU","lat":26.6,"lon":-79.5,"wind_kt":90,"pressure_mb":null},{"date":"19280808","time":"0000","status":"HU","lat":26.9,"lon":-79.8,"wind_kt":90,"pressure_mb":null},{"date":"19280808","time":"0600","status":"HU","lat":27.2,"lon":-80.1,"wind_kt":85,"pressure_mb":977},{"date":"19280808","time":"0700","status":"HU","lat":27.3,"lon":-80.2,"wind_kt":85,"pressure_mb":977},{"date":"19280808","time":"1200","status":"HU","lat":27.6,"lon":-80.5,"wind_kt":70,"pressure_mb":null},{"date":"19280808","time":"1800","status":"TS","lat":27.9,"lon":-80.9,"wind_kt":50,"pressure_mb":null},{"date":"19280809","time":"0000","status":"TS","lat":28.1,"lon":-81.5,"wind_kt":45,"pressure_mb":null},{"date":"19280809","time":"0600","status":"TS","lat":28.4,"lon":-82.1,"wind_kt":40,"pressure_mb":null},{"date":"19280809","time":"1200","status":"TS","lat":28.7,"lon":-82.7,"wind_kt":40,"pressure_mb":null},{"date":"19280809","time":"1800","status":"TS","lat":29.1,"lon":-83.3,"wind_kt":40,"pressure_mb":null},{"date":"19280810","time":"0000","status":"TS","lat":29.6,"lon":-83.9,"wind_kt":35,"pressure_mb":null},{"date":"19280810","time":"0400","status":"TS","lat":30,"lon":-84.3,"wind_kt":35,"pressure_mb":null},{"date":"19280810","time":"0600","status":"TS","lat":30.2,"lon":-84.4,"wind_kt":35,"pressure_mb":null},{"date":"19280810","time":"1200","status":"TS","lat":31,"lon":-84.5,"wind_kt":35,"pressure_mb":null},{"date":"19280810","time":"1800","status":"TD","lat":31.9,"lon":-84,"wind_kt":30,"pressure_mb":null},{"date":"19280811","time":"0000","status":"TD","lat":32.9,"lon":-83.2,"wind_kt":30,"pressure_mb":null},{"date":"19280811","time":"0600","status":"EX","lat":34,"lon":-82.2,"wind_kt":30,"pressure_mb":null},{"date":"19280811","time":"1200","status":"EX","lat":35.2,"lon":-81,"wind_kt":30,"pressure_mb":null},{"date":"19280811","time":"1800","status":"EX","lat":36.4,"lon":-79.7,"wind_kt":30,"pressure_mb":null},{"date":"19280812","time":"0000","status":"EX","lat":37.2,"lon":-78.2,"wind_kt":35,"pressure_mb":null},{"date":"19280812","time":"0600","status":"EX","lat":38,"lon":-76.2,"wind_kt":45,"pressure_mb":null},{"date":"19280812","time":"1200","status":"EX","lat":38.5,"lon":-74.5,"wind_kt":55,"pressure_mb":null},{"date":"19280812","time":"1800","status":"EX","lat":38.5,"lon":-73,"wind_kt":55,"pressure_mb":null},{"date":"19280813","time":"0000","status":"EX","lat":38.5,"lon":-71.8,"wind_kt":50,"pressure_mb":null},{"date":"19280813","time":"0600","status":"EX","lat":38.5,"lon":-70.8,"wind_kt":45,"pressure_mb":null},{"date":"19280813","time":"1200","status":"EX","lat":38.5,"lon":-70,"wind_kt":40,"pressure_mb":null},{"date":"19280813","time":"1800","status":"EX","lat":38.5,"lon":-69.5,"wind_kt":35,"pressure_mb":null}]}},{"type":"Feature","geometry":{"type":"LineString","coordinates":[[-60.3,11.5],[-61.2,12.2],[-62.1,12.9],[-63,13.6],[-64,14.2],[-65,14.6],[-66,15],[-67,15.4],[-68,15.8],[-69,16.2],[-70,16.5],[-71,16.9],[-72,17.3],[-73,17.7],[-73.9,18],[-74.9,18.2],[-75.9,18.6],[-76.9,19.1],[-78.1,19.7],[-79.2,20.4],[-80,21.5],[-80.6,22.8],[-81.1,24.2],[-81.4,24.7],[-81.6,25.2],[-82.2,26],[-82.8,26.9],[-83.4,27.8],[-84,28.7],[-84.6,29.6],[-84.7,29.9],[-85,30.5],[-85.4,31.3],[-85.6,32.1],[-85.4,33],[-85,33.9],[-84.5,34.7],[-83.9,35.5],[-83.3,36.5],[-82.5,37.5],[-81.6,38.4],[-80.5,39.2]]},"properties":{"id":"hur-al021928","event_type":"hurricane","name":null,"year":1928,"max_wind_kt":80,"min_pressure_mb":null,"category":1,"preliminary":false,"start_date":"19280807","end_date":"19280817","track":[{"date":"19280807","time":"1200","status":"TD","lat":11.5,"lon":-60.3,"wind_kt":30,"pressure_mb":null},{"date":"19280807","time":"1800","status":"TD","lat":12.2,"lon":-61.2,"wind_kt":30,"pressure_mb":null},{"date":"19280808","time":"0000","status":"TS","lat":12.9,"lon":-62.1,"wind_kt":35,"pressure_mb":null},{"date":"19280808","time":"0600","status":"TS","lat":13.6,"lon":-63,"wind_kt":40,"pressure_mb":null},{"date":"19280808","time":"1200","status":"TS","lat":14.2,"lon":-64,"wind_kt":40,"pressure_mb":null},{"date":"19280808","time":"1800","status":"TS","lat":14.6,"lon":-65,"wind_kt":45,"pressure_mb":null},{"date":"19280809","time":"0000","status":"TS","lat":15,"lon":-66,"wind_kt":50,"pressure_mb":null},{"date":"19280809","time":"0600","status":"TS","lat":15.4,"lon":-67,"wind_kt":55,"pressure_mb":null},{"date":"19280809","time":"1200","status":"TS","lat":15.8,"lon":-68,"wind_kt":60,"pressure_mb":null},{"date":"19280809","time":"1800","status":"HU","lat":16.2,"lon":-69,"wind_kt":65,"pressure_mb":null},{"date":"19280810","time":"0000","status":"HU","lat":16.5,"lon":-70,"wind_kt":70,"pressure_mb":null},{"date":"19280810","time":"0600","status":"HU","lat":16.9,"lon":-71,"wind_kt":75,"pressure_mb":null},{"date":"19280810","time":"1200","status":"HU","lat":17.3,"lon":-72,"wind_kt":80,"pressure_mb":null},{"date":"19280810","time":"1800","status":"HU","lat":17.7,"lon":-73,"wind_kt":80,"pressure_mb":null},{"date":"19280811","time":"0000","status":"HU","lat":18,"lon":-73.9,"wind_kt":80,"pressure_mb":null},{"date":"19280811","time":"0600","status":"HU","lat":18.2,"lon":-74.9,"wind_kt":75,"pressure_mb":null},{"date":"19280811","time":"1200","status":"HU","lat":18.6,"lon":-75.9,"wind_kt":70,"pressure_mb":null},{"date":"19280811","time":"1800","status":"HU","lat":19.1,"lon":-76.9,"wind_kt":65,"pressure_mb":null},{"date":"19280812","time":"0000","status":"TS","lat":19.7,"lon":-78.1,"wind_kt":60,"pressure_mb":null},{"date":"19280812","time":"0600","status":"TS","lat":20.4,"lon":-79.2,"wind_kt":55,"pressure_mb":null},{"date":"19280812","time":"1200","status":"TS","lat":21.5,"lon":-80,"wind_kt":50,"pressure_mb":null},{"date":"19280812","time":"1800","status":"TS","lat":22.8,"lon":-80.6,"wind_kt":50,"pressure_mb":null},{"date":"19280813","time":"0000","status":"TS","lat":24.2,"lon":-81.1,"wind_kt":60,"pressure_mb":null},{"date":"19280813","time":"0300","status":"TS","lat":24.7,"lon":-81.4,"wind_kt":60,"pressure_mb":null},{"date":"19280813","time":"0600","status":"TS","lat":25.2,"lon":-81.6,"wind_kt":60,"pressure_mb":null},{"date":"19280813","time":"1200","status":"TS","lat":26,"lon":-82.2,"wind_kt":55,"pressure_mb":null},{"date":"19280813","time":"1800","status":"TS","lat":26.9,"lon":-82.8,"wind_kt":55,"pressure_mb":null},{"date":"19280814","time":"0000","status":"TS","lat":27.8,"lon":-83.4,"wind_kt":50,"pressure_mb":null},{"date":"19280814","time":"0600","status":"TS","lat":28.7,"lon":-84,"wind_kt":50,"pressure_mb":null},{"date":"19280814","time":"1200","status":"TS","lat":29.6,"lon":-84.6,"wind_kt":45,"pressure_mb":null},{"date":"19280814","time":"1400","status":"TS","lat":29.9,"lon":-84.7,"wind_kt":45,"pressure_mb":null},{"date":"19280814","time":"1800","status":"TS","lat":30.5,"lon":-85,"wind_kt":40,"pressure_mb":null},{"date":"19280815","time":"0000","status":"TS","lat":31.3,"lon":-85.4,"wind_kt":35,"pressure_mb":null},{"date":"19280815","time":"0600","status":"TS","lat":32.1,"lon":-85.6,"wind_kt":35,"pressure_mb":null},{"date":"19280815","time":"1200","status":"TD","lat":33,"lon":-85.4,"wind_kt":30,"pressure_mb":null},{"date":"19280815","time":"1800","status":"TD","lat":33.9,"lon":-85,"wind_kt":30,"pressure_mb":null},{"date":"19280816","time":"0000","status":"TD","lat":34.7,"lon":-84.5,"wind_kt":30,"pressure_mb":null},{"date":"19280816","time":"0600","status":"TD","lat":35.5,"lon":-83.9,"wind_kt":30,"pressure_mb":null},{"date":"19280816","time":"1200","status":"TD","lat":36.5,"lon":-83.3,"wind_kt":25,"pressure_mb":null},{"date":"19280816","time":"1800","status":"TD","lat":37.5,"lon":-82.5,"wind_kt":25,"pressure_mb":null},{"date":"19280817","time":"0000","status":"TD","lat":38.4,"lon":-81.6,"wind_kt":25,"pressure_mb":null},{"date":"19280817","time":"0600","status":"TD","lat":39.2,"lon":-80.5,"wind_kt":20,"pressure_mb":null}]}},{"type":"Feature","geometry":{"type":"LineString","coordinates":[[-72.8,17.2],[-73.8,17.3],[-74.8,17.4],[-76,17.6],[-77.5,17.7],[-79.2,17.8],[-80.7,17.9],[-82,18],[-83,18.2],[-83.8,18.5],[-84.4,18.7],[-85,19],[-85.8,19.2],[-86.7,19.4],[-87.5,19.6],[-88.4,19.8],[-89.3,20],[-90.3,20.3],[-91.3,20.5],[-92.2,20.8],[-93,21.1],[-93.8,21.4],[-94.5,21.7],[-95.1,22],[-95.7,22.3],[-96.4,22.7],[-97.3,23.1],[-98.5,24],[-99.7,24.8]]},"properties":{"id":"hur-al031928","event_type":"hurricane","name":null,"year":1928,"max_wind_kt":50,"min_pressure_mb":null,"category":0,"preliminary":false,"start_date":"19280901","end_date":"19280908","track":[{"date":"19280901","time":"1800","status":"TD","lat":17.2,"lon":-72.8,"wind_kt":25,"pressure_mb":null},{"date":"19280902","time":"0000","status":"TD","lat":17.3,"lon":-73.8,"wind_kt":30,"pressure_mb":null},{"date":"19280902","time":"0600","status":"TD","lat":17.4,"lon":-74.8,"wind_kt":30,"pressure_mb":null},{"date":"19280902","time":"1200","status":"TS","lat":17.6,"lon":-76,"wind_kt":35,"pressure_mb":null},{"date":"19280902","time":"1800","status":"TS","lat":17.7,"lon":-77.5,"wind_kt":35,"pressure_mb":null},{"date":"19280903","time":"0000","status":"TS","lat":17.8,"lon":-79.2,"wind_kt":35,"pressure_mb":null},{"date":"19280903","time":"0600","status":"TS","lat":17.9,"lon":-80.7,"wind_kt":40,"pressure_mb":null},{"date":"19280903","time":"1200","status":"TS","lat":18,"lon":-82,"wind_kt":40,"pressure_mb":null},{"date":"19280903","time":"1800","status":"TS","lat":18.2,"lon":-83,"wind_kt":45,"pressure_mb":null},{"date":"19280904","time":"0000","status":"TS","lat":18.5,"lon":-83.8,"wind_kt":50,"pressure_mb":null},{"date":"19280904","time":"0600","status":"TS","lat":18.7,"lon":-84.4,"wind_kt":50,"pressure_mb":null},{"date":"19280904","time":"1200","status":"TS","lat":19,"lon":-85,"wind_kt":50,"pressure_mb":null},{"date":"19280904","time":"1800","status":"TS","lat":19.2,"lon":-85.8,"wind_kt":50,"pressure_mb":null},{"date":"19280905","time":"0000","status":"TS","lat":19.4,"lon":-86.7,"wind_kt":50,"pressure_mb":null},{"date":"19280905","time":"0600","status":"TS","lat":19.6,"lon":-87.5,"wind_kt":50,"pressure_mb":null},{"date":"19280905","time":"1200","status":"TS","lat":19.8,"lon":-88.4,"wind_kt":40,"pressure_mb":null},{"date":"19280905","time":"1800","status":"TS","lat":20,"lon":-89.3,"wind_kt":35,"pressure_mb":null},{"date":"19280906","time":"0000","status":"TS","lat":20.3,"lon":-90.3,"wind_kt":35,"pressure_mb":null},{"date":"19280906","time":"0600","status":"TS","lat":20.5,"lon":-91.3,"wind_kt":40,"pressure_mb":null},{"date":"19280906","time":"1200","status":"TS","lat":20.8,"lon":-92.2,"wind_kt":40,"pressure_mb":null},{"date":"19280906","time":"1800","status":"TS","lat":21.1,"lon":-93,"wind_kt":45,"pressure_mb":null},{"date":"19280907","time":"0000","status":"TS","lat":21.4,"lon":-93.8,"wind_kt":45,"pressure_mb":null},{"date":"19280907","time":"0600","status":"TS","lat":21.7,"lon":-94.5,"wind_kt":45,"pressure_mb":null},{"date":"19280907","time":"1200","status":"TS","lat":22,"lon":-95.1,"wind_kt":45,"pressure_mb":null},{"date":"19280907","time":"1800","status":"TS","lat":22.3,"lon":-95.7,"wind_kt":45,"pressure_mb":null},{"date":"19280908","time":"0000","status":"TS","lat":22.7,"lon":-96.4,"wind_kt":45,"pressure_mb":null},{"date":"19280908","time":"0600","status":"TS","lat":23.1,"lon":-97.3,"wind_kt":40,"pressure_mb":null},{"date":"19280908","time":"1200","status":"TS","lat":24,"lon":-98.5,"wind_kt":35,"pressure_mb":null},{"date":"19280908","time":"1800","status":"TD","lat":24.8,"lon":-99.7,"wind_kt":30,"pressure_mb":null}]}},{"type":"Feature","geometry":{"type":"LineString","coordinates":[[-17,14.2],[-18.5,14.1],[-20,14],[-21.6,13.8],[-23.2,13.7],[-24.8,13.6],[-26.5,13.5],[-28.2,13.5],[-30,13.5],[-31.7,13.6],[-33.5,13.7],[-35.2,13.8],[-37,13.9],[-38.7,14],[-40.5,14.2],[-42.2,14.3],[-44,14.4],[-45.7,14.5],[-47.5,14.7],[-49.2,14.9],[-50.9,15.2],[-52.6,15.5],[-54.2,15.8],[-55.8,15.9],[-57.3,15.9],[-58.8,15.9],[-60.3,16],[-61.5,16.2],[-62.6,16.5],[-63.6,17],[-64.8,17.5],[-65.9,18],[-66.9,18.4],[-68,18.9],[-69,19.4],[-70,19.9],[-70.8,20.7],[-71.7,21.5],[-72.7,22.2],[-73.8,22.9],[-75,23.7],[-76.3,24.5],[-77.6,25.3],[-78.8,26],[-80,26.7],[-81.1,27.2],[-82,27.8],[-82.2,28.6],[-82,29.4],[-81.7,30.1],[-81.1,31.1],[-80.5,32.4],[-80.3,32.5],[-79.2,33.8],[-78.3,34.8],[-77.5,35.8],[-77.3,36.8],[-77.5,38],[-78,39.7],[-79,41.5],[-79.2,43.5],[-79,45.5]]},"properties":{"id":"hur-al041928","event_type":"hurricane","name":null,"year":1928,"max_wind_kt":140,"min_pressure_mb":929,"category":5,"preliminary":false,"start_date":"19280906","end_date":"19280921","track":[{"date":"19280906","time":"0000","status":"TD","lat":14.2,"lon":-17,"wind_kt":30,"pressure_mb":null},{"date":"19280906","time":"0600","status":"TD","lat":14.1,"lon":-18.5,"wind_kt":30,"pressure_mb":null},{"date":"19280906","time":"1200","status":"TS","lat":14,"lon":-20,"wind_kt":35,"pressure_mb":null},{"date":"19280906","time":"1800","status":"TS","lat":13.8,"lon":-21.6,"wind_kt":40,"pressure_mb":null},{"date":"19280907","time":"0000","status":"TS","lat":13.7,"lon":-23.2,"wind_kt":45,"pressure_mb":null},{"date":"19280907","time":"0600","status":"TS","lat":13.6,"lon":-24.8,"wind_kt":50,"pressure_mb":null},{"date":"19280907","time":"1200","status":"TS","lat":13.5,"lon":-26.5,"wind_kt":55,"pressure_mb":null},{"date":"19280907","time":"1800","status":"TS","lat":13.5,"lon":-28.2,"wind_kt":60,"pressure_mb":null},{"date":"19280908","time":"0000","status":"TS","lat":13.5,"lon":-30,"wind_kt":60,"pressure_mb":null},{"date":"19280908","time":"0600","status":"TS","lat":13.6,"lon":-31.7,"wind_kt":60,"pressure_mb":null},{"date":"19280908","time":"1200","status":"TS","lat":13.7,"lon":-33.5,"wind_kt":60,"pressure_mb":null},{"date":"19280908","time":"1800","status":"TS","lat":13.8,"lon":-35.2,"wind_kt":60,"pressure_mb":null},{"date":"19280909","time":"0000","status":"TS","lat":13.9,"lon":-37,"wind_kt":60,"pressure_mb":null},{"date":"19280909","time":"0600","status":"TS","lat":14,"lon":-38.7,"wind_kt":60,"pressure_mb":null},{"date":"19280909","time":"1200","status":"TS","lat":14.2,"lon":-40.5,"wind_kt":60,"pressure_mb":null},{"date":"19280909","time":"1800","status":"TS","lat":14.3,"lon":-42.2,"wind_kt":60,"pressure_mb":null},{"date":"19280910","time":"0000","status":"TS","lat":14.4,"lon":-44,"wind_kt":60,"pressure_mb":null},{"date":"19280910","time":"0600","status":"TS","lat":14.5,"lon":-45.7,"wind_kt":60,"pressure_mb":null},{"date":"19280910","time":"1200","status":"TS","lat":14.7,"lon":-47.5,"wind_kt":60,"pressure_mb":null},{"date":"19280910","time":"1800","status":"HU","lat":14.9,"lon":-49.2,"wind_kt":65,"pressure_mb":null},{"date":"19280911","time":"0000","status":"HU","lat":15.2,"lon":-50.9,"wind_kt":70,"pressure_mb":null},{"date":"19280911","time":"0600","status":"HU","lat":15.5,"lon":-52.6,"wind_kt":75,"pressure_mb":null},{"date":"19280911","time":"1200","status":"HU","lat":15.8,"lon":-54.2,"wind_kt":80,"pressure_mb":null},{"date":"19280911","time":"1800","status":"HU","lat":15.9,"lon":-55.8,"wind_kt":85,"pressure_mb":null},{"date":"19280912","time":"0000","status":"HU","lat":15.9,"lon":-57.3,"wind_kt":95,"pressure_mb":null},{"date":"19280912","time":"0600","status":"HU","lat":15.9,"lon":-58.8,"wind_kt":100,"pressure_mb":null},{"date":"19280912","time":"1200","status":"HU","lat":16,"lon":-60.3,"wind_kt":110,"pressure_mb":null},{"date":"19280912","time":"1800","status":"HU","lat":16.2,"lon":-61.5,"wind_kt":120,"pressure_mb":940},{"date":"19280913","time":"0000","status":"HU","lat":16.5,"lon":-62.6,"wind_kt":130,"pressure_mb":null},{"date":"19280913","time":"0600","status":"HU","lat":17,"lon":-63.6,"wind_kt":135,"pressure_mb":null},{"date":"19280913","time":"1200","status":"HU","lat":17.5,"lon":-64.8,"wind_kt":140,"pressure_mb":null},{"date":"19280913","time":"1800","status":"HU","lat":18,"lon":-65.9,"wind_kt":140,"pressure_mb":931},{"date":"19280914","time":"0000","status":"HU","lat":18.4,"lon":-66.9,"wind_kt":120,"pressure_mb":941},{"date":"19280914","time":"0600","status":"HU","lat":18.9,"lon":-68,"wind_kt":125,"pressure_mb":null},{"date":"19280914","time":"1200","status":"HU","lat":19.4,"lon":-69,"wind_kt":130,"pressure_mb":null},{"date":"19280914","time":"1800","status":"HU","lat":19.9,"lon":-70,"wind_kt":135,"pressure_mb":null},{"date":"19280915","time":"0000","status":"HU","lat":20.7,"lon":-70.8,"wind_kt":135,"pressure_mb":null},{"date":"19280915","time":"0600","status":"HU","lat":21.5,"lon":-71.7,"wind_kt":135,"pressure_mb":null},{"date":"19280915","time":"1200","status":"HU","lat":22.2,"lon":-72.7,"wind_kt":135,"pressure_mb":null},{"date":"19280915","time":"1800","status":"HU","lat":22.9,"lon":-73.8,"wind_kt":135,"pressure_mb":null},{"date":"19280916","time":"0000","status":"HU","lat":23.7,"lon":-75,"wind_kt":135,"pressure_mb":null},{"date":"19280916","time":"0600","status":"HU","lat":24.5,"lon":-76.3,"wind_kt":135,"pressure_mb":null},{"date":"19280916","time":"1200","status":"HU","lat":25.3,"lon":-77.6,"wind_kt":135,"pressure_mb":null},{"date":"19280916","time":"1800","status":"HU","lat":26,"lon":-78.8,"wind_kt":130,"pressure_mb":null},{"date":"19280917","time":"0000","status":"HU","lat":26.7,"lon":-80,"wind_kt":125,"pressure_mb":929},{"date":"19280917","time":"0600","status":"HU","lat":27.2,"lon":-81.1,"wind_kt":100,"pressure_mb":null},{"date":"19280917","time":"1200","status":"HU","lat":27.8,"lon":-82,"wind_kt":85,"pressure_mb":null},{"date":"19280917","time":"1800","status":"HU","lat":28.6,"lon":-82.2,"wind_kt":75,"pressure_mb":null},{"date":"19280918","time":"0000","status":"HU","lat":29.4,"lon":-82,"wind_kt":70,"pressure_mb":null},{"date":"19280918","time":"0600","status":"HU","lat":30.1,"lon":-81.7,"wind_kt":65,"pressure_mb":977},{"date":"19280918","time":"1200","status":"HU","lat":31.1,"lon":-81.1,"wind_kt":75,"pressure_mb":976},{"date":"19280918","time":"1800","status":"HU","lat":32.4,"lon":-80.5,"wind_kt":75,"pressure_mb":977},{"date":"19280918","time":"1900","status":"HU","lat":32.5,"lon":-80.3,"wind_kt":75,"pressure_mb":977},{"date":"19280919","time":"0000","status":"TS","lat":33.8,"lon":-79.2,"wind_kt":60,"pressure_mb":null},{"date":"19280919","time":"0600","status":"TS","lat":34.8,"lon":-78.3,"wind_kt":60,"pressure_mb":null},{"date":"19280919","time":"1200","status":"EX","lat":35.8,"lon":-77.5,"wind_kt":70,"pressure_mb":null},{"date":"19280919","time":"1800","status":"EX","lat":36.8,"lon":-77.3,"wind_kt":60,"pressure_mb":null},{"date":"19280920","time":"0000","status":"EX","lat":38,"lon":-77.5,"wind_kt":50,"pressure_mb":null},{"date":"19280920","time":"0600","status":"EX","lat":39.7,"lon":-78,"wind_kt":40,"pressure_mb":null},{"date":"19280920","time":"1200","status":"EX","lat":41.5,"lon":-79,"wind_kt":35,"pressure_mb":1008},{"date":"19280920","time":"1800","status":"EX","lat":43.5,"lon":-79.2,"wind_kt":30,"pressure_mb":null},{"date":"19280921","time":"0000","status":"EX","lat":45.5,"lon":-79,"wind_kt":25,"pressure_mb":1002}]}},{"type":"Feature","geometry":{"type":"LineString","coordinates":[[-48,18],[-48.6,19],[-49.3,20.1],[-50.1,21.4],[-51,23],[-52.5,24.9],[-54,27],[-54.3,29.3],[-54,31.5],[-53,33.5],[-50.3,35.4],[-48,37.2],[-45,39],[-42.5,40.6],[-40,42],[-37.5,43.2],[-35,44.5],[-32.5,46],[-30.5,47.7],[-29,49.5]]},"properties":{"id":"hur-al051928","event_type":"hurricane","name":null,"year":1928,"max_wind_kt":60,"min_pressure_mb":984,"category":0,"preliminary":false,"start_date":"19280908","end_date":"19280913","track":[{"date":"19280908","time":"1200","status":"TS","lat":18,"lon":-48,"wind_kt":35,"pressure_mb":null},{"date":"19280908","time":"1800","status":"TS","lat":19,"lon":-48.6,"wind_kt":35,"pressure_mb":null},{"date":"19280909","time":"0000","status":"TS","lat":20.1,"lon":-49.3,"wind_kt":40,"pressure_mb":null},{"date":"19280909","time":"0600","status":"TS","lat":21.4,"lon":-50.1,"wind_kt":45,"pressure_mb":null},{"date":"19280909","time":"1200","status":"TS","lat":23,"lon":-51,"wind_kt":50,"pressure_mb":null},{"date":"19280909","time":"1800","status":"TS","lat":24.9,"lon":-52.5,"wind_kt":55,"pressure_mb":null},{"date":"19280910","time":"0000","status":"TS","lat":27,"lon":-54,"wind_kt":60,"pressure_mb":null},{"date":"19280910","time":"0600","status":"TS","lat":29.3,"lon":-54.3,"wind_kt":60,"pressure_mb":null},{"date":"19280910","time":"1200","status":"TS","lat":31.5,"lon":-54,"wind_kt":60,"pressure_mb":null},{"date":"19280910","time":"1800","status":"TS","lat":33.5,"lon":-53,"wind_kt":60,"pressure_mb":null},{"date":"19280911","time":"0000","status":"TS","lat":35.4,"lon":-50.3,"wind_kt":60,"pressure_mb":null},{"date":"19280911","time":"0600","status":"EX","lat":37.2,"lon":-48,"wind_kt":60,"pressure_mb":null},{"date":"19280911","time":"1200","status":"EX","lat":39,"lon":-45,"wind_kt":60,"pressure_mb":null},{"date":"19280911","time":"1800","status":"EX","lat":40.6,"lon":-42.5,"wind_kt":60,"pressure_mb":984},{"date":"19280912","time":"0000","status":"EX","lat":42,"lon":-40,"wind_kt":60,"pressure_mb":null},{"date":"19280912","time":"0600","status":"EX","lat":43.2,"lon":-37.5,"wind_kt":60,"pressure_mb":null},{"date":"19280912","time":"1200","status":"EX","lat":44.5,"lon":-35,"wind_kt":60,"pressure_mb":null},{"date":"19280912","time":"1800","status":"EX","lat":46,"lon":-32.5,"wind_kt":55,"pressure_mb":null},{"date":"19280913","time":"0000","status":"EX","lat":47.7,"lon":-30.5,"wind_kt":50,"pressure_mb":null},{"date":"19280913","time":"0600","status":"EX","lat":49.5,"lon":-29,"wind_kt":45,"pressure_mb":null}]}},{"type":"Feature","geometry":{"type":"LineString","coordinates":[[-35.6,16.7],[-36.3,17.3],[-37,18],[-37.7,18.7],[-38.4,19.4],[-39.1,20.2],[-39.8,21],[-40.5,21.8],[-41.1,22.7],[-41.8,23.6],[-42.5,24.5],[-43.4,25.5],[-44.5,26.6],[-45.4,27.7],[-46,29],[-45.9,30.5],[-45.2,32.2],[-43.5,34.2],[-41,36.3],[-39,38],[-37.5,39.5],[-36.5,40.5]]},"properties":{"id":"hur-al061928","event_type":"hurricane","name":null,"year":1928,"max_wind_kt":80,"min_pressure_mb":null,"category":1,"preliminary":false,"start_date":"19281010","end_date":"19281015","track":[{"date":"19281010","time":"0000","status":"TS","lat":16.7,"lon":-35.6,"wind_kt":40,"pressure_mb":null},{"date":"19281010","time":"0600","status":"TS","lat":17.3,"lon":-36.3,"wind_kt":45,"pressure_mb":null},{"date":"19281010","time":"1200","status":"TS","lat":18,"lon":-37,"wind_kt":50,"pressure_mb":null},{"date":"19281010","time":"1800","status":"TS","lat":18.7,"lon":-37.7,"wind_kt":55,"pressure_mb":null},{"date":"19281011","time":"0000","status":"TS","lat":19.4,"lon":-38.4,"wind_kt":60,"pressure_mb":null},{"date":"19281011","time":"0600","status":"TS","lat":20.2,"lon":-39.1,"wind_kt":60,"pressure_mb":null},{"date":"19281011","time":"1200","status":"TS","lat":21,"lon":-39.8,"wind_kt":60,"pressure_mb":null},{"date":"19281011","time":"1800","status":"TS","lat":21.8,"lon":-40.5,"wind_kt":60,"pressure_mb":null},{"date":"19281012","time":"0000","status":"TS","lat":22.7,"lon":-41.1,"wind_kt":60,"pressure_mb":null},{"date":"19281012","time":"0600","status":"TS","lat":23.6,"lon":-41.8,"wind_kt":60,"pressure_mb":null},{"date":"19281012","time":"1200","status":"TS","lat":24.5,"lon":-42.5,"wind_kt":60,"pressure_mb":null},{"date":"19281012","time":"1800","status":"TS","lat":25.5,"lon":-43.4,"wind_kt":60,"pressure_mb":null},{"date":"19281013","time":"0000","status":"HU","lat":26.6,"lon":-44.5,"wind_kt":65,"pressure_mb":null},{"date":"19281013","time":"0600","status":"HU","lat":27.7,"lon":-45.4,"wind_kt":70,"pressure_mb":null},{"date":"19281013","time":"1200","status":"HU","lat":29,"lon":-46,"wind_kt":70,"pressure_mb":null},{"date":"19281013","time":"1800","status":"HU","lat":30.5,"lon":-45.9,"wind_kt":75,"pressure_mb":null},{"date":"19281014","time":"0000","status":"HU","lat":32.2,"lon":-45.2,"wind_kt":80,"pressure_mb":null},{"date":"19281014","time":"0600","status":"HU","lat":34.2,"lon":-43.5,"wind_kt":80,"pressure_mb":null},{"date":"19281014","time":"1200","status":"HU","lat":36.3,"lon":-41,"wind_kt":80,"pressure_mb":null},{"date":"19281014","time":"1800","status":"HU","lat":38,"lon":-39,"wind_kt":75,"pressure_mb":null},{"date":"19281015","time":"0000","status":"HU","lat":39.5,"lon":-37.5,"wind_kt":65,"pressure_mb":null},{"date":"19281015","time":"0600","status":"EX","lat":40.5,"lon":-36.5,"wind_kt":50,"pressure_mb":null}]}},{"type":"Feature","geometry":{"type":"LineString","coordinates":[[-93.3,21.3],[-93.4,22.5],[-93.6,23.6],[-93.9,24.5],[-94.3,25.4],[-94.7,26.2],[-95.3,27],[-96,27.8],[-96.4,28.3],[-97.1,28.8],[-98.7,29.4],[-101,30],[-103.5,30.8],[-106.5,31.8],[-109.5,33]]},"properties":{"id":"hur-al011929","event_type":"hurricane","name":null,"year":1929,"max_wind_kt":80,"min_pressure_mb":982,"category":1,"preliminary":false,"start_date":"19290627","end_date":"19290630","track":[{"date":"19290627","time":"0000","status":"TS","lat":21.3,"lon":-93.3,"wind_kt":35,"pressure_mb":null},{"date":"19290627","time":"0600","status":"TS","lat":22.5,"lon":-93.4,"wind_kt":35,"pressure_mb":null},{"date":"19290627","time":"1200","status":"TS","lat":23.6,"lon":-93.6,"wind_kt":45,"pressure_mb":null},{"date":"19290627","time":"1800","status":"TS","lat":24.5,"lon":-93.9,"wind_kt":55,"pressure_mb":null},{"date":"19290628","time":"0000","status":"HU","lat":25.4,"lon":-94.3,"wind_kt":65,"pressure_mb":null},{"date":"19290628","time":"0600","status":"HU","lat":26.2,"lon":-94.7,"wind_kt":70,"pressure_mb":null},{"date":"19290628","time":"1200","status":"HU","lat":27,"lon":-95.3,"wind_kt":75,"pressure_mb":null},{"date":"19290628","time":"1800","status":"HU","lat":27.8,"lon":-96,"wind_kt":80,"pressure_mb":982},{"date":"19290628","time":"2100","status":"HU","lat":28.3,"lon":-96.4,"wind_kt":80,"pressure_mb":982},{"date":"19290629","time":"0000","status":"HU","lat":28.8,"lon":-97.1,"wind_kt":65,"pressure_mb":985},{"date":"19290629","time":"0600","status":"TS","lat":29.4,"lon":-98.7,"wind_kt":55,"pressure_mb":null},{"date":"19290629","time":"1200","status":"TS","lat":30,"lon":-101,"wind_kt":50,"pressure_mb":null},{"date":"19290629","time":"1800","status":"TS","lat":30.8,"lon":-103.5,"wind_kt":45,"pressure_mb":null},{"date":"19290630","time":"0000","status":"TS","lat":31.8,"lon":-106.5,"wind_kt":40,"pressure_mb":1008},{"date":"19290630","time":"0600","status":"TD","lat":33,"lon":-109.5,"wind_kt":30,"pressure_mb":null}]}},{"type":"Feature","geometry":{"type":"LineString","coordinates":[[-63.6,23],[-63.8,23],[-64,23],[-64.2,23],[-64.4,23.1],[-64.7,23.1],[-65,23.2],[-65.5,23.2],[-66,23.3],[-66.5,23.4],[-67,23.5],[-67.5,23.6],[-68,23.7],[-68.5,23.8],[-69,24],[-69.5,24.4],[-70,25],[-70.6,25.6],[-71.2,26],[-71.9,26.4],[-72.8,26.7],[-73.7,26.9],[-74.4,27],[-74.9,27],[-75.4,26.7],[-75.9,26.3],[-76.3,25.9],[-76.6,25.6],[-77,25.2],[-77.3,24.9],[-77.7,24.6],[-78,24.4],[-78.4,24.2],[-78.8,24.1],[-79.1,24.2],[-79.4,24.3],[-79.7,24.5],[-80,24.7],[-80.4,24.9],[-80.5,25],[-81,25.1],[-81.7,25.4],[-82.5,25.9],[-83.5,26.4],[-84.5,27],[-85.3,27.6],[-85.7,28.2],[-86,28.8],[-86.2,29.4],[-86,29.9],[-85.7,30.2],[-85.4,30.4],[-84.2,31],[-82.7,32],[-81.1,33.5],[-79.5,35.2],[-78,36.7],[-77,38.3],[-76.3,39.9],[-75.5,41.5],[-74.5,42.8],[-73.4,44.1],[-72.1,45.3],[-70.6,46.3],[-69.1,47.2],[-67.1,48],[-64.5,48.8]]},"properties":{"id":"hur-al021929","event_type":"hurricane","name":null,"year":1929,"max_wind_kt":135,"min_pressure_mb":924,"category":4,"preliminary":false,"start_date":"19290919","end_date":"19291005","track":[{"date":"19290919","time":"0000","status":"TD","lat":23,"lon":-63.6,"wind_kt":30,"pressure_mb":null},{"date":"19290919","time":"0600","status":"TD","lat":23,"lon":-63.8,"wind_kt":30,"pressure_mb":null},{"date":"19290919","time":"1200","status":"TD","lat":23,"lon":-64,"wind_kt":30,"pressure_mb":null},{"date":"19290919","time":"1800","status":"TD","lat":23,"lon":-64.2,"wind_kt":30,"pressure_mb":null},{"date":"19290920","time":"0000","status":"TD","lat":23.1,"lon":-64.4,"wind_kt":30,"pressure_mb":null},{"date":"19290920","time":"0600","status":"TD","lat":23.1,"lon":-64.7,"wind_kt":30,"pressure_mb":null},{"date":"19290920","time":"1200","status":"TD","lat":23.2,"lon":-65,"wind_kt":30,"pressure_mb":null},{"date":"19290920","time":"1800","status":"TD","lat":23.2,"lon":-65.5,"wind_kt":30,"pressure_mb":null},{"date":"19290921","time":"0000","status":"TD","lat":23.3,"lon":-66,"wind_kt":30,"pressure_mb":null},{"date":"19290921","time":"0600","status":"TD","lat":23.4,"lon":-66.5,"wind_kt":30,"pressure_mb":null},{"date":"19290921","time":"1200","status":"TD","lat":23.5,"lon":-67,"wind_kt":30,"pressure_mb":null},{"date":"19290921","time":"1800","status":"TD","lat":23.6,"lon":-67.5,"wind_kt":30,"pressure_mb":null},{"date":"19290922","time":"0000","status":"TS","lat":23.7,"lon":-68,"wind_kt":35,"pressure_mb":null},{"date":"19290922","time":"0600","status":"TS","lat":23.8,"lon":-68.5,"wind_kt":40,"pressure_mb":null},{"date":"19290922","time":"1200","status":"TS","lat":24,"lon":-69,"wind_kt":45,"pressure_mb":null},{"date":"19290922","time":"1800","status":"TS","lat":24.4,"lon":-69.5,"wind_kt":50,"pressure_mb":null},{"date":"19290923","time":"0000","status":"TS","lat":25,"lon":-70,"wind_kt":55,"pressure_mb":null},{"date":"19290923","time":"0600","status":"TS","lat":25.6,"lon":-70.6,"wind_kt":60,"pressure_mb":null},{"date":"19290923","time":"1200","status":"HU","lat":26,"lon":-71.2,"wind_kt":65,"pressure_mb":null},{"date":"19290923","time":"1800","status":"HU","lat":26.4,"lon":-71.9,"wind_kt":70,"pressure_mb":null},{"date":"19290924","time":"0000","status":"HU","lat":26.7,"lon":-72.8,"wind_kt":75,"pressure_mb":null},{"date":"19290924","time":"0600","status":"HU","lat":26.9,"lon":-73.7,"wind_kt":75,"pressure_mb":null},{"date":"19290924","time":"1200","status":"HU","lat":27,"lon":-74.4,"wind_kt":85,"pressure_mb":null},{"date":"19290924","time":"1800","status":"HU","lat":27,"lon":-74.9,"wind_kt":95,"pressure_mb":null},{"date":"19290925","time":"0000","status":"HU","lat":26.7,"lon":-75.4,"wind_kt":105,"pressure_mb":null},{"date":"19290925","time":"0600","status":"HU","lat":26.3,"lon":-75.9,"wind_kt":115,"pressure_mb":null},{"date":"19290925","time":"1200","status":"HU","lat":25.9,"lon":-76.3,"wind_kt":125,"pressure_mb":null},{"date":"19290925","time":"1800","status":"HU","lat":25.6,"lon":-76.6,"wind_kt":135,"pressure_mb":924},{"date":"19290926","time":"0000","status":"HU","lat":25.2,"lon":-77,"wind_kt":125,"pressure_mb":936},{"date":"19290926","time":"0600","status":"HU","lat":24.9,"lon":-77.3,"wind_kt":120,"pressure_mb":null},{"date":"19290926","time":"1200","status":"HU","lat":24.6,"lon":-77.7,"wind_kt":120,"pressure_mb":null},{"date":"19290926","time":"1800","status":"HU","lat":24.4,"lon":-78,"wind_kt":120,"pressure_mb":null},{"date":"19290927","time":"0000","status":"HU","lat":24.2,"lon":-78.4,"wind_kt":120,"pressure_mb":null},{"date":"19290927","time":"0600","status":"HU","lat":24.1,"lon":-78.8,"wind_kt":120,"pressure_mb":null},{"date":"19290927","time":"1200","status":"HU","lat":24.2,"lon":-79.1,"wind_kt":115,"pressure_mb":null},{"date":"19290927","time":"1800","status":"HU","lat":24.3,"lon":-79.4,"wind_kt":110,"pressure_mb":null},{"date":"19290928","time":"0000","status":"HU","lat":24.5,"lon":-79.7,"wind_kt":105,"pressure_mb":null},{"date":"19290928","time":"0600","status":"HU","lat":24.7,"lon":-80,"wind_kt":100,"pressure_mb":null},{"date":"19290928","time":"1200","status":"HU","lat":24.9,"lon":-80.4,"wind_kt":100,"pressure_mb":948},{"date":"19290928","time":"1300","status":"HU","lat":25,"lon":-80.5,"wind_kt":100,"pressure_mb":948},{"date":"19290928","time":"1800","status":"HU","lat":25.1,"lon":-81,"wind_kt":95,"pressure_mb":null},{"date":"19290929","time":"0000","status":"HU","lat":25.4,"lon":-81.7,"wind_kt":90,"pressure_mb":null},{"date":"19290929","time":"0600","status":"HU","lat":25.9,"lon":-82.5,"wind_kt":90,"pressure_mb":null},{"date":"19290929","time":"1200","status":"HU","lat":26.4,"lon":-83.5,"wind_kt":90,"pressure_mb":null},{"date":"19290929","time":"1800","status":"HU","lat":27,"lon":-84.5,"wind_kt":90,"pressure_mb":null},{"date":"19290930","time":"0000","status":"HU","lat":27.6,"lon":-85.3,"wind_kt":85,"pressure_mb":null},{"date":"19290930","time":"0600","status":"HU","lat":28.2,"lon":-85.7,"wind_kt":85,"pressure_mb":null},{"date":"19290930","time":"1200","status":"HU","lat":28.8,"lon":-86,"wind_kt":80,"pressure_mb":null},{"date":"19290930","time":"1800","status":"HU","lat":29.4,"lon":-86.2,"wind_kt":75,"pressure_mb":null},{"date":"19291001","time":"0000","status":"HU","lat":29.9,"lon":-86,"wind_kt":70,"pressure_mb":null},{"date":"19291001","time":"0400","status":"HU","lat":30.2,"lon":-85.7,"wind_kt":70,"pressure_mb":975},{"date":"19291001","time":"0600","status":"TS","lat":30.4,"lon":-85.4,"wind_kt":60,"pressure_mb":975},{"date":"19291001","time":"1200","status":"EX","lat":31,"lon":-84.2,"wind_kt":55,"pressure_mb":986},{"date":"19291001","time":"1800","status":"EX","lat":32,"lon":-82.7,"wind_kt":50,"pressure_mb":null},{"date":"19291002","time":"0000","status":"EX","lat":33.5,"lon":-81.1,"wind_kt":50,"pressure_mb":null},{"date":"19291002","time":"0600","status":"EX","lat":35.2,"lon":-79.5,"wind_kt":50,"pressure_mb":null},{"date":"19291002","time":"1200","status":"EX","lat":36.7,"lon":-78,"wind_kt":50,"pressure_mb":null},{"date":"19291002","time":"1800","status":"EX","lat":38.3,"lon":-77,"wind_kt":50,"pressure_mb":null},{"date":"19291003","time":"0000","status":"EX","lat":39.9,"lon":-76.3,"wind_kt":50,"pressure_mb":null},{"date":"19291003","time":"0600","status":"EX","lat":41.5,"lon":-75.5,"wind_kt":50,"pressure_mb":null},{"date":"19291003","time":"1200","status":"EX","lat":42.8,"lon":-74.5,"wind_kt":50,"pressure_mb":null},{"date":"19291003","time":"1800","status":"EX","lat":44.1,"lon":-73.4,"wind_kt":50,"pressure_mb":null},{"date":"19291004","time":"0000","status":"EX","lat":45.3,"lon":-72.1,"wind_kt":45,"pressure_mb":null},{"date":"19291004","time":"0600","status":"EX","lat":46.3,"lon":-70.6,"wind_kt":45,"pressure_mb":null},{"date":"19291004","time":"1200","status":"EX","lat":47.2,"lon":-69.1,"wind_kt":40,"pressure_mb":null},{"date":"19291004","time":"1800","status":"EX","lat":48,"lon":-67.1,"wind_kt":40,"pressure_mb":null},{"date":"19291005","time":"0000","status":"EX","lat":48.8,"lon":-64.5,"wind_kt":35,"pressure_mb":null}]}},{"type":"Feature","geometry":{"type":"LineString","coordinates":[[-66.5,32],[-67,32.5],[-67.5,33],[-68,33.5],[-68.5,34],[-68.8,34.7],[-69,35.5],[-69.1,36.2],[-69,37],[-68.7,37.9],[-68,38.8],[-67.1,39.5],[-66.1,40.1],[-65,40.7],[-63.7,41.3],[-61.9,41.9],[-59.5,42.6],[-56,43.3],[-51.5,44],[-46.5,44.8]]},"properties":{"id":"hur-al031929","event_type":"hurricane","name":null,"year":1929,"max_wind_kt":50,"min_pressure_mb":1005,"category":0,"preliminary":false,"start_date":"19290925","end_date":"19290929","track":[{"date":"19290925","time":"0000","status":"TD","lat":32,"lon":-66.5,"wind_kt":30,"pressure_mb":null},{"date":"19290925","time":"0600","status":"TD","lat":32.5,"lon":-67,"wind_kt":30,"pressure_mb":null},{"date":"19290925","time":"1200","status":"TS","lat":33,"lon":-67.5,"wind_kt":35,"pressure_mb":1005},{"date":"19290925","time":"1800","status":"TS","lat":33.5,"lon":-68,"wind_kt":40,"pressure_mb":null},{"date":"19290926","time":"0000","status":"TS","lat":34,"lon":-68.5,"wind_kt":45,"pressure_mb":null},{"date":"19290926","time":"0600","status":"TS","lat":34.7,"lon":-68.8,"wind_kt":50,"pressure_mb":null},{"date":"19290926","time":"1200","status":"TS","lat":35.5,"lon":-69,"wind_kt":50,"pressure_mb":null},{"date":"19290926","time":"1800","status":"TS","lat":36.2,"lon":-69.1,"wind_kt":50,"pressure_mb":null},{"date":"19290927","time":"0000","status":"TS","lat":37,"lon":-69,"wind_kt":50,"pressure_mb":null},{"date":"19290927","time":"0600","status":"EX","lat":37.9,"lon":-68.7,"wind_kt":50,"pressure_mb":null},{"date":"19290927","time":"1200","status":"EX","lat":38.8,"lon":-68,"wind_kt":50,"pressure_mb":null},{"date":"19290927","time":"1800","status":"EX","lat":39.5,"lon":-67.1,"wind_kt":50,"pressure_mb":null},{"date":"19290928","time":"0000","status":"EX","lat":40.1,"lon":-66.1,"wind_kt":50,"pressure_mb":null},{"date":"19290928","time":"0600","status":"EX","lat":40.7,"lon":-65,"wind_kt":50,"pressure_mb":null},{"date":"19290928","time":"1200","status":"EX","lat":41.3,"lon":-63.7,"wind_kt":50,"pressure_mb":null},{"date":"19290928","time":"1800","status":"EX","lat":41.9,"lon":-61.9,"wind_kt":50,"pressure_mb":null},{"date":"19290929","time":"0000","status":"EX","lat":42.6,"lon":-59.5,"wind_kt":50,"pressure_mb":null},{"date":"19290929","time":"0600","status":"EX","lat":43.3,"lon":-56,"wind_kt":45,"pressure_mb":null},{"date":"19290929","time":"1200","status":"EX","lat":44,"lon":-51.5,"wind_kt":40,"pressure_mb":null},{"date":"19290929","time":"1800","status":"EX","lat":44.8,"lon":-46.5,"wind_kt":35,"pressure_mb":null}]}},{"type":"Feature","geometry":{"type":"LineString","coordinates":[[-37.4,31.8],[-38.2,31.5],[-39,31.2],[-39.8,31],[-40.6,30.8],[-41.3,30.6],[-42,30.4],[-42.6,30.2],[-43.1,30],[-43.6,29.9],[-44.2,29.7],[-45,29.8],[-46,30.4],[-47.2,31.3],[-48.2,32.5],[-49.2,33.7],[-50.2,34.9],[-51,36.2],[-51.5,37.5],[-51.3,39],[-50,40.5],[-48,42]]},"properties":{"id":"hur-al041929","event_type":"hurricane","name":null,"year":1929,"max_wind_kt":60,"min_pressure_mb":null,"category":0,"preliminary":false,"start_date":"19291015","end_date":"19291020","track":[{"date":"19291015","time":"0000","status":"TS","lat":31.8,"lon":-37.4,"wind_kt":50,"pressure_mb":null},{"date":"19291015","time":"0600","status":"TS","lat":31.5,"lon":-38.2,"wind_kt":55,"pressure_mb":null},{"date":"19291015","time":"1200","status":"TS","lat":31.2,"lon":-39,"wind_kt":60,"pressure_mb":null},{"date":"19291015","time":"1800","status":"TS","lat":31,"lon":-39.8,"wind_kt":60,"pressure_mb":null},{"date":"19291016","time":"0000","status":"TS","lat":30.8,"lon":-40.6,"wind_kt":60,"pressure_mb":null},{"date":"19291016","time":"0600","status":"TS","lat":30.6,"lon":-41.3,"wind_kt":60,"pressure_mb":null},{"date":"19291016","time":"1200","status":"TS","lat":30.4,"lon":-42,"wind_kt":60,"pressure_mb":null},{"date":"19291016","time":"1800","status":"TS","lat":30.2,"lon":-42.6,"wind_kt":60,"pressure_mb":null},{"date":"19291017","time":"0000","status":"TS","lat":30,"lon":-43.1,"wind_kt":60,"pressure_mb":null},{"date":"19291017","time":"0600","status":"TS","lat":29.9,"lon":-43.6,"wind_kt":60,"pressure_mb":null},{"date":"19291017","time":"1200","status":"TS","lat":29.7,"lon":-44.2,"wind_kt":60,"pressure_mb":null},{"date":"19291017","time":"1800","status":"TS","lat":29.8,"lon":-45,"wind_kt":60,"pressure_mb":null},{"date":"19291018","time":"0000","status":"TS","lat":30.4,"lon":-46,"wind_kt":60,"pressure_mb":null},{"date":"19291018","time":"0600","status":"TS","lat":31.3,"lon":-47.2,"wind_kt":60,"pressure_mb":null},{"date":"19291018","time":"1200","status":"TS","lat":32.5,"lon":-48.2,"wind_kt":60,"pressure_mb":null},{"date":"19291018","time":"1800","status":"TS","lat":33.7,"lon":-49.2,"wind_kt":60,"pressure_mb":null},{"date":"19291019","time":"0000","status":"TS","lat":34.9,"lon":-50.2,"wind_kt":60,"pressure_mb":null},{"date":"19291019","time":"0600","status":"TS","lat":36.2,"lon":-51,"wind_kt":60,"pressure_mb":null},{"date":"19291019","time":"1200","status":"TS","lat":37.5,"lon":-51.5,"wind_kt":60,"pressure_mb":null},{"date":"19291019","time":"1800","status":"EX","lat":39,"lon":-51.3,"wind_kt":55,"pressure_mb":null},{"date":"19291020","time":"0000","status":"EX","lat":40.5,"lon":-50,"wind_kt":45,"pressure_mb":null},{"date":"19291020","time":"0600","status":"EX","lat":42,"lon":-48,"wind_kt":40,"pressure_mb":null}]}},{"type":"Feature","geometry":{"type":"LineString","coordinates":[[-51.5,26.5],[-50.9,26.5],[-50.3,26.5],[-49.7,26.5],[-49,26.7],[-48,27.5],[-46.8,28.8],[-45.6,30.6],[-45.2,32.7],[-45.6,34.7],[-46.1,36.5],[-46.7,38.4],[-47.4,40.3],[-47.9,42],[-48,43.5]]},"properties":{"id":"hur-al051929","event_type":"hurricane","name":null,"year":1929,"max_wind_kt":70,"min_pressure_mb":null,"category":1,"preliminary":false,"start_date":"19291019","end_date":"19291023","track":[{"date":"19291019","time":"1200","status":"TD","lat":26.5,"lon":-51.5,"wind_kt":30,"pressure_mb":null},{"date":"19291019","time":"1800","status":"TD","lat":26.5,"lon":-50.9,"wind_kt":30,"pressure_mb":null},{"date":"19291020","time":"0000","status":"TS","lat":26.5,"lon":-50.3,"wind_kt":35,"pressure_mb":null},{"date":"19291020","time":"0600","status":"TS","lat":26.5,"lon":-49.7,"wind_kt":40,"pressure_mb":null},{"date":"19291020","time":"1200","status":"TS","lat":26.7,"lon":-49,"wind_kt":45,"pressure_mb":null},{"date":"19291020","time":"1800","status":"TS","lat":27.5,"lon":-48,"wind_kt":50,"pressure_mb":null},{"date":"19291021","time":"0000","status":"TS","lat":28.8,"lon":-46.8,"wind_kt":55,"pressure_mb":null},{"date":"19291021","time":"0600","status":"TS","lat":30.6,"lon":-45.6,"wind_kt":60,"pressure_mb":null},{"date":"19291021","time":"1200","status":"HU","lat":32.7,"lon":-45.2,"wind_kt":65,"pressure_mb":null},{"date":"19291021","time":"1800","status":"HU","lat":34.7,"lon":-45.6,"wind_kt":70,"pressure_mb":null},{"date":"19291022","time":"0000","status":"HU","lat":36.5,"lon":-46.1,"wind_kt":70,"pressure_mb":null},{"date":"19291022","time":"0600","status":"EX","lat":38.4,"lon":-46.7,"wind_kt":70,"pressure_mb":null},{"date":"19291022","time":"1200","status":"EX","lat":40.3,"lon":-47.4,"wind_kt":65,"pressure_mb":null},{"date":"19291022","time":"1800","status":"EX","lat":42,"lon":-47.9,"wind_kt":60,"pressure_mb":null},{"date":"19291023","time":"0000","status":"EX","lat":43.5,"lon":-48,"wind_kt":50,"pressure_mb":null}]}}]}