{"type":"FeatureCollection","features":[{"type":"Feature","geometry":{"type":"LineString","coordinates":[[-55.5,17.1],[-56.3,17.7],[-57.4,18.2],[-58.6,19],[-60,20],[-61.1,20.7],[-62.2,21.3],[-63.2,22],[-63.8,22.7],[-64.6,23.1],[-65.4,23.4],[-66,23.9],[-66.2,24.4],[-66.5,24.8],[-66.8,25.2],[-67.5,25.5],[-68.1,25.7],[-68.7,25.7],[-69.3,25.5],[-69.8,25.4],[-70.6,25.4],[-71.5,25.4],[-72.6,25.5],[-73.3,25.9],[-73.9,26.7],[-74.4,27.3],[-74.9,27.9],[-75.3,28.4],[-75.5,29.1],[-75.5,29.9],[-75.5,30.7],[-75.5,31.7],[-75.2,32.8],[-74.3,34.4],[-72.7,36],[-71,37.6],[-69.4,39.3],[-67.3,41.2],[-65,43.3],[-63.7,44.6],[-62.6,45.5],[-59.8,47.9],[-56.8,50],[-53.8,52],[-50.7,53.6],[-47.7,54.7],[-44.8,55.3],[-41.8,55.3],[-37.7,54.5],[-33.7,53.5],[-30.3,52.5]]},"properties":{"id":"hur-al011950","event_type":"hurricane","name":"ABLE","year":1950,"max_wind_kt":110,"min_pressure_mb":953,"category":3,"preliminary":false,"start_date":"19500812","end_date":"19500824","track":[{"date":"19500812","time":"0000","status":"TS","lat":17.1,"lon":-55.5,"wind_kt":35,"pressure_mb":null,"radius_34kt_nm":null},{"date":"19500812","time":"0600","status":"TS","lat":17.7,"lon":-56.3,"wind_kt":40,"pressure_mb":null,"radius_34kt_nm":null},{"date":"19500812","time":"1200","status":"TS","lat":18.2,"lon":-57.4,"wind_kt":45,"pressure_mb":null,"radius_34kt_nm":null},{"date":"19500812","time":"1800","status":"TS","lat":19,"lon":-58.6,"wind_kt":50,"pressure_mb":null,"radius_34kt_nm":null},{"date":"19500813","time":"0000","status":"TS","lat":20,"lon":-60,"wind_kt":50,"pressure_mb":null,"radius_34kt_nm":null},{"date":"19500813","time":"0600","status":"TS","lat":20.7,"lon":-61.1,"wind_kt":50,"pressure_mb":null,"radius_34kt_nm":null},{"date":"19500813","time":"1200","status":"TS","lat":21.3,"lon":-62.2,"wind_kt":55,"pressure_mb":null,"radius_34kt_nm":null},{"date":"19500813","time":"1800","status":"TS","lat":22,"lon":-63.2,"wind_kt":55,"pressure_mb":997,"radius_34kt_nm":null},{"date":"19500814","time":"0000","status":"TS","lat":22.7,"lon":-63.8,"wind_kt":60,"pressure_mb":995,"radius_34kt_nm":null},{"date":"19500814","time":"0600","status":"TS","lat":23.1,"lon":-64.6,"wind_kt":60,"pressure_mb":null,"radius_34kt_nm":null},{"date":"19500814","time":"1200","status":"TS","lat":23.4,"lon":-65.4,"wind_kt":60,"pressure_mb":995,"radius_34kt_nm":null},{"date":"19500814","time":"1800","status":"HU","lat":23.9,"lon":-66,"wind_kt":65,"pressure_mb":989,"radius_34kt_nm":null},{"date":"19500815","time":"0000","status":"HU","lat":24.4,"lon":-66.2,"wind_kt":65,"pressure_mb":null,"radius_34kt_nm":null},{"date":"19500815","time":"0600","status":"HU","lat":24.8,"lon":-66.5,"wind_kt":65,"pressure_mb":null,"radius_34kt_nm":null},{"date":"19500815","time":"1200","status":"HU","lat":25.2,"lon":-66.8,"wind_kt":70,"pressure_mb":987,"radius_34kt_nm":null},{"date":"19500815","time":"1800","status":"HU","lat":25.5,"lon":-67.5,"wind_kt":75,"pressure_mb":null,"radius_34kt_nm":null},{"date":"19500816","time":"0000","status":"HU","lat":25.7,"lon":-68.1,"wind_kt":80,"pressure_mb":null,"radius_34kt_nm":null},{"date":"19500816","time":"0600","status":"HU","lat":25.7,"lon":-68.7,"wind_kt":80,"pressure_mb":null,"radius_34kt_nm":null},{"date":"19500816","time":"1200","status":"HU","lat":25.5,"lon":-69.3,"wind_kt":80,"pressure_mb":980,"radius_34kt_nm":null},{"date":"19500816","time":"1800","status":"HU","lat":25.4,"lon":-69.8,"wind_kt":85,"pressure_mb":null,"radius_34kt_nm":null},{"date":"19500817","time":"0000","status":"HU","lat":25.4,"lon":-70.6,"wind_kt":90,"pressure_mb":null,"radius_34kt_nm":null},{"date":"19500817","time":"0600","status":"HU","lat":25.4,"lon":-71.5,"wind_kt":95,"pressure_mb":null,"radius_34kt_nm":null},{"date":"19500817","time":"1200","status":"HU","lat":25.5,"lon":-72.6,"wind_kt":100,"pressure_mb":962,"radius_34kt_nm":null},{"date":"19500817","time":"1800","status":"HU","lat":25.9,"lon":-73.3,"wind_kt":100,"pressure_mb":null,"radius_34kt_nm":null},{"date":"19500818","time":"0000","status":"HU","lat":26.7,"lon":-73.9,"wind_kt":100,"pressure_mb":null,"radius_34kt_nm":null},{"date":"19500818","time":"0600","status":"HU","lat":27.3,"lon":-74.4,"wind_kt":100,"pressure_mb":null,"radius_34kt_nm":null},{"date":"19500818","time":"1200","status":"HU","lat":27.9,"lon":-74.9,"wind_kt":100,"pressure_mb":958,"radius_34kt_nm":null},{"date":"19500818","time":"1800","status":"HU","lat":28.4,"lon":-75.3,"wind_kt":105,"pressure_mb":null,"radius_34kt_nm":null},{"date":"19500819","time":"0000","status":"HU","lat":29.1,"lon":-75.5,"wind_kt":105,"pressure_mb":null,"radius_34kt_nm":null},{"date":"19500819","time":"0600","status":"HU","lat":29.9,"lon":-75.5,"wind_kt":105,"pressure_mb":null,"radius_34kt_nm":null},{"date":"19500819","time":"1200","status":"HU","lat":30.7,"lon":-75.5,"wind_kt":105,"pressure_mb":953,"radius_34kt_nm":null},{"date":"19500819","time":"1800","status":"HU","lat":31.7,"lon":-75.5,"wind_kt":110,"pressure_mb":null,"radius_34kt_nm":null},{"date":"19500820","time":"0000","status":"HU","lat":32.8,"lon":-75.2,"wind_kt":110,"pressure_mb":null,"radius_34kt_nm":null},{"date":"19500820","time":"0600","status":"HU","lat":34.4,"lon":-74.3,"wind_kt":105,"pressure_mb":null,"radius_34kt_nm":null},{"date":"19500820","time":"1200","status":"HU","lat":36,"lon":-72.7,"wind_kt":100,"pressure_mb":null,"radius_34kt_nm":null},{"date":"19500820","time":"1800","status":"HU","lat":37.6,"lon":-71,"wind_kt":90,"pressure_mb":null,"radius_34kt_nm":null},{"date":"19500821","time":"0000","status":"HU","lat":39.3,"lon":-69.4,"wind_kt":80,"pressure_mb":null,"radius_34kt_nm":null},{"date":"19500821","time":"0600","status":"HU","lat":41.2,"lon":-67.3,"wind_kt":70,"pressure_mb":null,"radius_34kt_nm":null},{"date":"19500821","time":"1200","status":"HU","lat":43.3,"lon":-65,"wind_kt":65,"pressure_mb":null,"radius_34kt_nm":null},{"date":"19500821","time":"1600","status":"HU","lat":44.6,"lon":-63.7,"wind_kt":65,"pressure_mb":null,"radius_34kt_nm":null},{"date":"19500821","time":"1800","status":"TS","lat":45.5,"lon":-62.6,"wind_kt":45,"pressure_mb":null,"radius_34kt_nm":null},{"date":"19500822","time":"0000","status":"EX","lat":47.9,"lon":-59.8,"wind_kt":35,"pressure_mb":null,"radius_34kt_nm":null},{"date":"19500822","time":"0600","status":"EX","lat":50,"lon":-56.8,"wind_kt":30,"pressure_mb":null,"radius_34kt_nm":null},{"date":"19500822","time":"1200","status":"EX","lat":52,"lon":-53.8,"wind_kt":30,"pressure_mb":null,"radius_34kt_nm":null},{"date":"19500822","time":"1800","status":"EX","lat":53.6,"lon":-50.7,"wind_kt":30,"pressure_mb":null,"radius_34kt_nm":null},{"date":"19500823","time":"0000","status":"EX","lat":54.7,"lon":-47.7,"wind_kt":35,"pressure_mb":null,"radius_34kt_nm":null},{"date":"19500823","time":"0600","status":"EX","lat":55.3,"lon":-44.8,"wind_kt":35,"pressure_mb":null,"radius_34kt_nm":null},{"date":"19500823","time":"1200","status":"EX","lat":55.3,"lon":-41.8,"wind_kt":35,"pressure_mb":null,"radius_34kt_nm":null},{"date":"19500823","time":"1800","status":"EX","lat":54.5,"lon":-37.7,"wind_kt":30,"pressure_mb":null,"radius_34kt_nm":null},{"date":"19500824","time":"0000","status":"EX","lat":53.5,"lon":-33.7,"wind_kt":30,"pressure_mb":null,"radius_34kt_nm":null},{"date":"19500824","time":"0600","status":"EX","lat":52.5,"lon":-30.3,"wind_kt":30,"pressure_mb":null,"radius_34kt_nm":null}]}},{"type":"Feature","geometry":{"type":"LineString","coordinates":[[-54,12],[-54.2,12.5],[-54.4,13],[-54.7,13.5],[-55,14],[-55.4,14.5],[-55.9,15],[-56.4,15.5],[-57,16],[-57.9,16.3],[-58.8,16.6],[-59.8,16.8],[-60.6,16.9],[-61,17],[-61.4,17],[-61.8,16.9],[-62.2,16.8],[-62.9,16.8],[-64,17],[-65.1,17.4],[-66.2,17.8],[-67.3,18.2],[-68.6,18.6],[-70,19.4],[-71.7,20.3],[-73.4,20.9],[-74.8,21.3],[-76.6,21.6],[-78.1,21.7],[-79.1,21.7],[-80.1,21.7],[-81.2,21.7],[-81.9,21.8],[-82.5,21.9],[-83.2,22],[-84,22.2],[-84.6,22.3],[-85.3,22.4],[-86.1,22.6],[-86.8,22.8],[-87.2,23],[-87.5,23.2],[-87.7,23.5],[-88,23.7],[-88.3,23.9],[-88.4,24.1],[-88.6,24.7],[-88.8,25.7],[-89,27],[-88.7,28.2],[-88.2,29.4],[-88,30.2],[-87.9,30.7],[-87.9,31.1],[-88.2,33.4],[-88.7,34.8],[-89,36],[-89,36.7],[-89.2,36.7],[-89.7,37]]},"properties":{"id":"hur-al021950","event_type":"hurricane","name":"BAKER","year":1950,"max_wind_kt":90,"min_pressure_mb":979,"category":2,"preliminary":false,"start_date":"19500818","end_date":"19500901","track":[{"date":"19500818","time":"1200","status":"TD","lat":12,"lon":-54,"wind_kt":30,"pressure_mb":null,"radius_34kt_nm":null},{"date":"19500818","time":"1800","status":"TD","lat":12.5,"lon":-54.2,"wind_kt":30,"pressure_mb":null,"radius_34kt_nm":null},{"date":"19500819","time":"0000","status":"TD","lat":13,"lon":-54.4,"wind_kt":30,"pressure_mb":null,"radius_34kt_nm":null},{"date":"19500819","time":"0600","status":"TD","lat":13.5,"lon":-54.7,"wind_kt":30,"pressure_mb":null,"radius_34kt_nm":null},{"date":"19500819","time":"1200","status":"TS","lat":14,"lon":-55,"wind_kt":35,"pressure_mb":null,"radius_34kt_nm":null},{"date":"19500819","time":"1800","status":"TS","lat":14.5,"lon":-55.4,"wind_kt":40,"pressure_mb":null,"radius_34kt_nm":null},{"date":"19500820","time":"0000","status":"TS","lat":15,"lon":-55.9,"wind_kt":45,"pressure_mb":null,"radius_34kt_nm":null},{"date":"19500820","time":"0600","status":"TS","lat":15.5,"lon":-56.4,"wind_kt":50,"pressure_mb":null,"radius_34kt_nm":null},{"date":"19500820","time":"1200","status":"TS","lat":16,"lon":-57,"wind_kt":55,"pressure_mb":null,"radius_34kt_nm":null},{"date":"19500820","time":"1800","status":"TS","lat":16.3,"lon":-57.9,"wind_kt":60,"pressure_mb":null,"radius_34kt_nm":null},{"date":"19500821","time":"0000","status":"HU","lat":16.6,"lon":-58.8,"wind_kt":65,"pressure_mb":null,"radius_34kt_nm":null},{"date":"19500821","time":"0600","status":"HU","lat":16.8,"lon":-59.8,"wind_kt":70,"pressure_mb":null,"radius_34kt_nm":null},{"date":"19500821","time":"1200","status":"HU","lat":16.9,"lon":-60.6,"wind_kt":70,"pressure_mb":990,"radius_34kt_nm":null},{"date":"19500821","time":"1800","status":"HU","lat":17,"lon":-61,"wind_kt":75,"pressure_mb":987,"radius_34kt_nm":null},{"date":"19500822","time":"0000","status":"HU","lat":17,"lon":-61.4,"wind_kt":85,"pressure_mb":null,"radius_34kt_nm":null},{"date":"19500822","time":"0600","status":"HU","lat":16.9,"lon":-61.8,"wind_kt":75,"pressure_mb":null,"radius_34kt_nm":null},{"date":"19500822","time":"1200","status":"TS","lat":16.8,"lon":-62.2,"wind_kt":60,"pressure_mb":null,"radius_34kt_nm":null},{"date":"19500822","time":"1800","status":"TS","lat":16.8,"lon":-62.9,"wind_kt":45,"pressure_mb":1003,"radius_34kt_nm":null},{"date":"19500823","time":"0000","status":"TS","lat":17,"lon":-64,"wind_kt":45,"pressure_mb":null,"radius_34kt_nm":null},{"date":"19500823","time":"0600","status":"TS","lat":17.4,"lon":-65.1,"wind_kt":40,"pressure_mb":null,"radius_34kt_nm":null},{"date":"19500823","time":"1200","status":"TS","lat":17.8,"lon":-66.2,"wind_kt":35,"pressure_mb":null,"radius_34kt_nm":null},{"date":"19500823","time":"1800","status":"TD","lat":18.2,"lon":-67.3,"wind_kt":30,"pressure_mb":null,"radius_34kt_nm":null},{"date":"19500824","time":"0000","status":"TD","lat":18.6,"lon":-68.6,"wind_kt":30,"pressure_mb":null,"radius_34kt_nm":null},{"date":"19500824","time":"0600","status":"TD","lat":19.4,"lon":-70,"wind_kt":25,"pressure_mb":null,"radius_34kt_nm":null},{"date":"19500824","time":"1200","status":"TD","lat":20.3,"lon":-71.7,"wind_kt":30,"pressure_mb":null,"radius_34kt_nm":null},{"date":"19500824","time":"1800","status":"TS","lat":20.9,"lon":-73.4,"wind_kt":40,"pressure_mb":null,"radius_34kt_nm":null},{"date":"19500825","time":"0000","status":"TS","lat":21.3,"lon":-74.8,"wind_kt":45,"pressure_mb":null,"radius_34kt_nm":null},{"date":"19500825","time":"0600","status":"TS","lat":21.6,"lon":-76.6,"wind_kt":45,"pressure_mb":null,"radius_34kt_nm":null},{"date":"19500825","time":"1200","status":"TS","lat":21.7,"lon":-78.1,"wind_kt":35,"pressure_mb":null,"radius_34kt_nm":null},{"date":"19500825","time":"1800","status":"TD","lat":21.7,"lon":-79.1,"wind_kt":30,"pressure_mb":null,"radius_34kt_nm":null},{"date":"19500826","time":"0000","status":"TS","lat":21.7,"lon":-80.1,"wind_kt":35,"pressure_mb":null,"radius_34kt_nm":null},{"date":"19500826","time":"0600","status":"TS","lat":21.7,"lon":-81.2,"wind_kt":45,"pressure_mb":null,"radius_34kt_nm":null},{"date":"19500826","time":"1200","status":"TS","lat":21.8,"lon":-81.9,"wind_kt":45,"pressure_mb":null,"radius_34kt_nm":null},{"date":"19500826","time":"1800","status":"TS","lat":21.9,"lon":-82.5,"wind_kt":50,"pressure_mb":null,"radius_34kt_nm":null},{"date":"19500827","time":"0000","status":"TS","lat":22,"lon":-83.2,"wind_kt":50,"pressure_mb":null,"radius_34kt_nm":null},{"date":"19500827","time":"0600","status":"TS","lat":22.2,"lon":-84,"wind_kt":45,"pressure_mb":null,"radius_34kt_nm":null},{"date":"19500827","time":"1200","status":"TS","lat":22.3,"lon":-84.6,"wind_kt":50,"pressure_mb":null,"radius_34kt_nm":null},{"date":"19500827","time":"1800","status":"TS","lat":22.4,"lon":-85.3,"wind_kt":55,"pressure_mb":996,"radius_34kt_nm":null},{"date":"19500828","time":"0000","status":"TS","lat":22.6,"lon":-86.1,"wind_kt":55,"pressure_mb":null,"radius_34kt_nm":null},{"date":"19500828","time":"0600","status":"TS","lat":22.8,"lon":-86.8,"wind_kt":55,"pressure_mb":null,"radius_34kt_nm":null},{"date":"19500828","time":"1200","status":"TS","lat":23,"lon":-87.2,"wind_kt":55,"pressure_mb":998,"radius_34kt_nm":null},{"date":"19500828","time":"1800","status":"TS","lat":23.2,"lon":-87.5,"wind_kt":55,"pressure_mb":996,"radius_34kt_nm":null},{"date":"19500829","time":"0000","status":"HU","lat":23.5,"lon":-87.7,"wind_kt":65,"pressure_mb":null,"radius_34kt_nm":null},{"date":"19500829","time":"0600","status":"HU","lat":23.7,"lon":-88,"wind_kt":75,"pressure_mb":null,"radius_34kt_nm":null},{"date":"19500829","time":"1200","status":"HU","lat":23.9,"lon":-88.3,"wind_kt":80,"pressure_mb":null,"radius_34kt_nm":null},{"date":"19500829","time":"1800","status":"HU","lat":24.1,"lon":-88.4,"wind_kt":85,"pressure_mb":null,"radius_34kt_nm":null},{"date":"19500830","time":"0000","status":"HU","lat":24.7,"lon":-88.6,"wind_kt":90,"pressure_mb":null,"radius_34kt_nm":null},{"date":"19500830","time":"0600","status":"HU","lat":25.7,"lon":-88.8,"wind_kt":90,"pressure_mb":null,"radius_34kt_nm":null},{"date":"19500830","time":"1200","status":"HU","lat":27,"lon":-89,"wind_kt":90,"pressure_mb":null,"radius_34kt_nm":null},{"date":"19500830","time":"1800","status":"HU","lat":28.2,"lon":-88.7,"wind_kt":85,"pressure_mb":null,"radius_34kt_nm":null},{"date":"19500831","time":"0000","status":"HU","lat":29.4,"lon":-88.2,"wind_kt":75,"pressure_mb":979,"radius_34kt_nm":null},{"date":"19500831","time":"0300","status":"HU","lat":30.2,"lon":-88,"wind_kt":75,"pressure_mb":979,"radius_34kt_nm":null},{"date":"19500831","time":"0400","status":"HU","lat":30.7,"lon":-87.9,"wind_kt":75,"pressure_mb":null,"radius_34kt_nm":null},{"date":"19500831","time":"0600","status":"TS","lat":31.1,"lon":-87.9,"wind_kt":60,"pressure_mb":null,"radius_34kt_nm":null},{"date":"19500831","time":"1200","status":"TS","lat":33.4,"lon":-88.2,"wind_kt":40,"pressure_mb":null,"radius_34kt_nm":null},{"date":"19500831","time":"1800","status":"TS","lat":34.8,"lon":-88.7,"wind_kt":35,"pressure_mb":null,"radius_34kt_nm":null},{"date":"19500901","time":"0000","status":"TD","lat":36,"lon":-89,"wind_kt":25,"pressure_mb":null,"radius_34kt_nm":null},{"date":"19500901","time":"0600","status":"TD","lat":36.7,"lon":-89,"wind_kt":20,"pressure_mb":null,"radius_34kt_nm":null},{"date":"19500901","time":"1200","status":"TD","lat":36.7,"lon":-89.2,"wind_kt":15,"pressure_mb":null,"radius_34kt_nm":null},{"date":"19500901","time":"1800","status":"TD","lat":37,"lon":-89.7,"wind_kt":15,"pressure_mb":null,"radius_34kt_nm":null}]}},{"type":"Feature","geometry":{"type":"LineString","coordinates":[[-26.4,11.1],[-27.6,11],[-28.9,10.9],[-30.1,10.8],[-31.4,10.7],[-32.7,10.6],[-34,10.6],[-35.2,10.6],[-36.4,10.7],[-37.5,10.8],[-38.6,11],[-39.7,11.2],[-40.7,11.5],[-41.7,11.9],[-42.7,12.4],[-43.6,12.9],[-44.5,13.5],[-45.4,14.2],[-46.2,14.9],[-47.1,15.7],[-48,16.5],[-49,17.3],[-50,18.1],[-51,18.9],[-52,19.8],[-52.9,20.9],[-53.7,22.3],[-54.6,23.8],[-55.5,25],[-56.4,26.1],[-57.1,27.1],[-57.3,28.3],[-57.5,29.5],[-57.5,30.4],[-57.1,31.2],[-56.6,31.9],[-56.1,32.5],[-56,32.8],[-56.2,32.9],[-56.4,32.8],[-56.7,32.8],[-57.3,32.8],[-57.9,32.8],[-58.4,32.7],[-58.9,32.6],[-59.5,32.7],[-60.1,33],[-60.7,33.3],[-61.2,33.7],[-61.4,34.3],[-61.5,34.9],[-61.3,35.4],[-61,36],[-60.7,36.3],[-60.1,36.6],[-59.3,37.1],[-58.2,37.8],[-57.1,38.6],[-55.8,40],[-53,42.2],[-47.4,44.8]]},"properties":{"id":"hur-al031950","event_type":"hurricane","name":"CHARLIE","year":1950,"max_wind_kt":95,"min_pressure_mb":974,"category":2,"preliminary":false,"start_date":"19500821","end_date":"19500905","track":[{"date":"19500821","time":"1200","status":"TS","lat":11.1,"lon":-26.4,"wind_kt":35,"pressure_mb":null,"radius_34kt_nm":null},{"date":"19500821","time":"1800","status":"TS","lat":11,"lon":-27.6,"wind_kt":35,"pressure_mb":null,"radius_34kt_nm":null},{"date":"19500822","time":"0000","status":"TS","lat":10.9,"lon":-28.9,"wind_kt":35,"pressure_mb":null,"radius_34kt_nm":null},{"date":"19500822","time":"0600","status":"TS","lat":10.8,"lon":-30.1,"wind_kt":35,"pressure_mb":null,"radius_34kt_nm":null},{"date":"19500822","time":"1200","status":"TS","lat":10.7,"lon":-31.4,"wind_kt":35,"pressure_mb":null,"radius_34kt_nm":null},{"date":"19500822","time":"1800","status":"TS","lat":10.6,"lon":-32.7,"wind_kt":35,"pressure_mb":null,"radius_34kt_nm":null},{"date":"19500823","time":"0000","status":"TS","lat":10.6,"lon":-34,"wind_kt":35,"pressure_mb":null,"radius_34kt_nm":null},{"date":"19500823","time":"0600","status":"TS","lat":10.6,"lon":-35.2,"wind_kt":35,"pressure_mb":null,"radius_34kt_nm":null},{"date":"19500823","time":"1200","status":"TS","lat":10.7,"lon":-36.4,"wind_kt":35,"pressure_mb":null,"radius_34kt_nm":null},{"date":"19500823","time":"1800","status":"TS","lat":10.8,"lon":-37.5,"wind_kt":35,"pressure_mb":null,"radius_34kt_nm":null},{"date":"19500824","time":"0000","status":"TS","lat":11,"lon":-38.6,"wind_kt":35,"pressure_mb":null,"radius_34kt_nm":null},{"date":"19500824","time":"0600","status":"TS","lat":11.2,"lon":-39.7,"wind_kt":35,"pressure_mb":null,"radius_34kt_nm":null},{"date":"19500824","time":"1200","status":"TS","lat":11.5,"lon":-40.7,"wind_kt":35,"pressure_mb":null,"radius_34kt_nm":null},{"date":"19500824","time":"1800","status":"TS","lat":11.9,"lon":-41.7,"wind_kt":40,"pressure_mb":null,"radius_34kt_nm":null},{"date":"19500825","time":"0000","status":"TS","lat":12.4,"lon":-42.7,"wind_kt":40,"pressure_mb":null,"radius_34kt_nm":null},{"date":"19500825","time":"0600","status":"TS","lat":12.9,"lon":-43.6,"wind_kt":40,"pressure_mb":null,"radius_34kt_nm":null},{"date":"19500825","time":"1200","status":"TS","lat":13.5,"lon":-44.5,"wind_kt":40,"pressure_mb":null,"radius_34kt_nm":null},{"date":"19500825","time":"1800","status":"TS","lat":14.2,"lon":-45.4,"wind_kt":40,"pressure_mb":null,"radius_34kt_nm":null},{"date":"19500826","time":"0000","status":"TS","lat":14.9,"lon":-46.2,"wind_kt":45,"pressure_mb":null,"radius_34kt_nm":null},{"date":"19500826","time":"0600","status":"TS","lat":15.7,"lon":-47.1,"wind_kt":45,"pressure_mb":null,"radius_34kt_nm":null},{"date":"19500826","time":"1200","status":"TS","lat":16.5,"lon":-48,"wind_kt":45,"pressure_mb":null,"radius_34kt_nm":null},{"date":"19500826","time":"1800","status":"TS","lat":17.3,"lon":-49,"wind_kt":45,"pressure_mb":null,"radius_34kt_nm":null},{"date":"19500827","time":"0000","status":"TS","lat":18.1,"lon":-50,"wind_kt":50,"pressure_mb":null,"radius_34kt_nm":null},{"date":"19500827","time":"0600","status":"TS","lat":18.9,"lon":-51,"wind_kt":55,"pressure_mb":null,"radius_34kt_nm":null},{"date":"19500827","time":"1200","status":"TS","lat":19.8,"lon":-52,"wind_kt":55,"pressure_mb":null,"radius_34kt_nm":null},{"date":"19500827","time":"1800","status":"TS","lat":20.9,"lon":-52.9,"wind_kt":60,"pressure_mb":null,"radius_34kt_nm":null},{"date":"19500828","time":"0000","status":"HU","lat":22.3,"lon":-53.7,"wind_kt":65,"pressure_mb":null,"radius_34kt_nm":null},{"date":"19500828","time":"0600","status":"HU","lat":23.8,"lon":-54.6,"wind_kt":70,"pressure_mb":null,"radius_34kt_nm":null},{"date":"19500828","time":"1200","status":"HU","lat":25,"lon":-55.5,"wind_kt":75,"pressure_mb":null,"radius_34kt_nm":null},{"date":"19500828","time":"1800","status":"HU","lat":26.1,"lon":-56.4,"wind_kt":80,"pressure_mb":null,"radius_34kt_nm":null},{"date":"19500829","time":"0000","status":"HU","lat":27.1,"lon":-57.1,"wind_kt":80,"pressure_mb":null,"radius_34kt_nm":null},{"date":"19500829","time":"0600","status":"HU","lat":28.3,"lon":-57.3,"wind_kt":80,"pressure_mb":null,"radius_34kt_nm":null},{"date":"19500829","time":"1200","status":"HU","lat":29.5,"lon":-57.5,"wind_kt":85,"pressure_mb":974,"radius_34kt_nm":null},{"date":"19500829","time":"1800","status":"HU","lat":30.4,"lon":-57.5,"wind_kt":90,"pressure_mb":null,"radius_34kt_nm":null},{"date":"19500830","time":"0000","status":"HU","lat":31.2,"lon":-57.1,"wind_kt":90,"pressure_mb":null,"radius_34kt_nm":null},{"date":"19500830","time":"0600","status":"HU","lat":31.9,"lon":-56.6,"wind_kt":90,"pressure_mb":null,"radius_34kt_nm":null},{"date":"19500830","time":"1200","status":"HU","lat":32.5,"lon":-56.1,"wind_kt":90,"pressure_mb":null,"radius_34kt_nm":null},{"date":"19500830","time":"1800","status":"HU","lat":32.8,"lon":-56,"wind_kt":90,"pressure_mb":null,"radius_34kt_nm":null},{"date":"19500831","time":"0000","status":"HU","lat":32.9,"lon":-56.2,"wind_kt":90,"pressure_mb":null,"radius_34kt_nm":null},{"date":"19500831","time":"0600","status":"HU","lat":32.8,"lon":-56.4,"wind_kt":90,"pressure_mb":null,"radius_34kt_nm":null},{"date":"19500831","time":"1200","status":"HU","lat":32.8,"lon":-56.7,"wind_kt":95,"pressure_mb":null,"radius_34kt_nm":null},{"date":"19500831","time":"1800","status":"HU","lat":32.8,"lon":-57.3,"wind_kt":95,"pressure_mb":null,"radius_34kt_nm":null},{"date":"19500901","time":"0000","status":"HU","lat":32.8,"lon":-57.9,"wind_kt":95,"pressure_mb":null,"radius_34kt_nm":null},{"date":"19500901","time":"0600","status":"HU","lat":32.7,"lon":-58.4,"wind_kt":90,"pressure_mb":null,"radius_34kt_nm":null},{"date":"19500901","time":"1200","status":"HU","lat":32.6,"lon":-58.9,"wind_kt":85,"pressure_mb":null,"radius_34kt_nm":null},{"date":"19500901","time":"1800","status":"HU","lat":32.7,"lon":-59.5,"wind_kt":85,"pressure_mb":null,"radius_34kt_nm":null},{"date":"19500902","time":"0000","status":"HU","lat":33,"lon":-60.1,"wind_kt":80,"pressure_mb":null,"radius_34kt_nm":null},{"date":"19500902","time":"0600","status":"HU","lat":33.3,"lon":-60.7,"wind_kt":80,"pressure_mb":null,"radius_34kt_nm":null},{"date":"19500902","time":"1200","status":"HU","lat":33.7,"lon":-61.2,"wind_kt":75,"pressure_mb":null,"radius_34kt_nm":null},{"date":"19500902","time":"1800","status":"HU","lat":34.3,"lon":-61.4,"wind_kt":75,"pressure_mb":980,"radius_34kt_nm":null},{"date":"19500903","time":"0000","status":"HU","lat":34.9,"lon":-61.5,"wind_kt":75,"pressure_mb":null,"radius_34kt_nm":null},{"date":"19500903","time":"0600","status":"HU","lat":35.4,"lon":-61.3,"wind_kt":75,"pressure_mb":null,"radius_34kt_nm":null},{"date":"19500903","time":"1200","status":"HU","lat":36,"lon":-61,"wind_kt":75,"pressure_mb":null,"radius_34kt_nm":null},{"date":"19500903","time":"1800","status":"HU","lat":36.3,"lon":-60.7,"wind_kt":70,"pressure_mb":null,"radius_34kt_nm":null},{"date":"19500904","time":"0000","status":"HU","lat":36.6,"lon":-60.1,"wind_kt":65,"pressure_mb":null,"radius_34kt_nm":null},{"date":"19500904","time":"0600","status":"HU","lat":37.1,"lon":-59.3,"wind_kt":65,"pressure_mb":null,"radius_34kt_nm":null},{"date":"19500904","time":"1200","status":"TS","lat":37.8,"lon":-58.2,"wind_kt":60,"pressure_mb":null,"radius_34kt_nm":null},{"date":"19500904","time":"1800","status":"EX","lat":38.6,"lon":-57.1,"wind_kt":55,"pressure_mb":null,"radius_34kt_nm":null},{"date":"19500905","time":"0000","status":"EX","lat":40,"lon":-55.8,"wind_kt":55,"pressure_mb":null,"radius_34kt_nm":null},{"date":"19500905","time":"0600","status":"EX","lat":42.2,"lon":-53,"wind_kt":50,"pressure_mb":null,"radius_34kt_nm":null},{"date":"19500905","time":"1200","status":"EX","lat":44.8,"lon":-47.4,"wind_kt":50,"pressure_mb":null,"radius_34kt_nm":null}]}},{"type":"Feature","geometry":{"type":"LineString","coordinates":[[-55.6,15.2],[-56.9,15.5],[-58.1,15.9],[-59.2,16.2],[-60.1,16.5],[-60.9,16.8],[-61.7,17.2],[-62.4,17.7],[-63.1,18.2],[-63.5,18.6],[-63.9,19.1],[-64.3,19.5],[-64.7,20.1],[-64.9,20.6],[-65,21.1],[-65.1,21.6],[-65.2,22.1],[-65.4,22.4],[-65.7,22.7],[-66,23.1],[-66.4,23.4],[-66.8,23.7],[-67.3,24.1],[-67.7,24.6],[-68.2,25.3],[-68.4,26.1],[-68.4,26.8],[-68.2,27.5],[-68.1,28.2],[-68,28.9],[-67.9,29.6],[-67.6,30.2],[-67.4,30.4],[-67.3,30.6],[-67.4,30.8],[-67.6,30.9],[-67.9,31],[-68.2,31],[-68.5,30.9],[-68.9,30.6],[-69.3,30.5],[-70,30.4],[-70.6,30.5],[-71,31],[-71.5,32],[-72.1,33.3],[-72.2,34.9],[-71.9,36.4],[-71.4,37.9],[-70,39],[-68.4,39.7],[-66.9,40.4],[-65.7,41.1],[-64.4,41.5],[-62.7,41.9],[-60.7,42.2],[-58.3,42.3],[-55.9,42.3],[-53.2,42.5],[-50,42.8],[-45.5,43],[-41.5,43.4],[-37.5,44.5],[-33.2,46],[-28.5,47.5],[-23.2,49.2],[-18.6,50.9],[-14.7,52.8],[-11.6,54.3],[-9.1,55.6],[-6.6,56.8],[-4.5,57.8],[-3.8,58.8],[-3.8,59.8]]},"properties":{"id":"hur-al041950","event_type":"hurricane","name":"DOG","year":1950,"max_wind_kt":125,"min_pressure_mb":953,"category":4,"preliminary":false,"start_date":"19500830","end_date":"19500918","track":[{"date":"19500830","time":"1800","status":"HU","lat":15.2,"lon":-55.6,"wind_kt":80,"pressure_mb":null,"radius_34kt_nm":null},{"date":"19500831","time":"0000","status":"HU","lat":15.5,"lon":-56.9,"wind_kt":90,"pressure_mb":null,"radius_34kt_nm":null},{"date":"19500831","time":"0600","status":"HU","lat":15.9,"lon":-58.1,"wind_kt":100,"pressure_mb":null,"radius_34kt_nm":null},{"date":"19500831","time":"1200","status":"HU","lat":16.2,"lon":-59.2,"wind_kt":110,"pressure_mb":953,"radius_34kt_nm":null},{"date":"19500831","time":"1800","status":"HU","lat":16.5,"lon":-60.1,"wind_kt":115,"pressure_mb":null,"radius_34kt_nm":null},{"date":"19500901","time":"0000","status":"HU","lat":16.8,"lon":-60.9,"wind_kt":115,"pressure_mb":null,"radius_34kt_nm":null},{"date":"19500901","time":"0600","status":"HU","lat":17.2,"lon":-61.7,"wind_kt":115,"pressure_mb":null,"radius_34kt_nm":null},{"date":"19500901","time":"1200","status":"HU","lat":17.7,"lon":-62.4,"wind_kt":110,"pressure_mb":null,"radius_34kt_nm":null},{"date":"19500901","time":"1800","status":"HU","lat":18.2,"lon":-63.1,"wind_kt":105,"pressure_mb":null,"radius_34kt_nm":null},{"date":"19500902","time":"0000","status":"HU","lat":18.6,"lon":-63.5,"wind_kt":105,"pressure_mb":null,"radius_34kt_nm":null},{"date":"19500902","time":"0600","status":"HU","lat":19.1,"lon":-63.9,"wind_kt":100,"pressure_mb":null,"radius_34kt_nm":null},{"date":"19500902","time":"1200","status":"HU","lat":19.5,"lon":-64.3,"wind_kt":100,"pressure_mb":962,"radius_34kt_nm":null},{"date":"19500902","time":"1800","status":"HU","lat":20.1,"lon":-64.7,"wind_kt":105,"pressure_mb":null,"radius_34kt_nm":null},{"date":"19500903","time":"0000","status":"HU","lat":20.6,"lon":-64.9,"wind_kt":105,"pressure_mb":null,"radius_34kt_nm":null},{"date":"19500903","time":"0600","status":"HU","lat":21.1,"lon":-65,"wind_kt":105,"pressure_mb":null,"radius_34kt_nm":null},{"date":"19500903","time":"1200","status":"HU","lat":21.6,"lon":-65.1,"wind_kt":105,"pressure_mb":null,"radius_34kt_nm":null},{"date":"19500903","time":"1800","status":"HU","lat":22.1,"lon":-65.2,"wind_kt":105,"pressure_mb":null,"radius_34kt_nm":null},{"date":"19500904","time":"0000","status":"HU","lat":22.4,"lon":-65.4,"wind_kt":105,"pressure_mb":null,"radius_34kt_nm":null},{"date":"19500904","time":"0600","status":"HU","lat":22.7,"lon":-65.7,"wind_kt":105,"pressure_mb":null,"radius_34kt_nm":null},{"date":"19500904","time":"1200","status":"HU","lat":23.1,"lon":-66,"wind_kt":105,"pressure_mb":null,"radius_34kt_nm":null},{"date":"19500904","time":"1800","status":"HU","lat":23.4,"lon":-66.4,"wind_kt":110,"pressure_mb":null,"radius_34kt_nm":null},{"date":"19500905","time":"0000","status":"HU","lat":23.7,"lon":-66.8,"wind_kt":115,"pressure_mb":null,"radius_34kt_nm":null},{"date":"19500905","time":"0600","status":"HU","lat":24.1,"lon":-67.3,"wind_kt":120,"pressure_mb":null,"radius_34kt_nm":null},{"date":"19500905","time":"1200","status":"HU","lat":24.6,"lon":-67.7,"wind_kt":125,"pressure_mb":null,"radius_34kt_nm":null},{"date":"19500905","time":"1800","status":"HU","lat":25.3,"lon":-68.2,"wind_kt":125,"pressure_mb":null,"radius_34kt_nm":null},{"date":"19500906","time":"0000","status":"HU","lat":26.1,"lon":-68.4,"wind_kt":125,"pressure_mb":null,"radius_34kt_nm":null},{"date":"19500906","time":"0600","status":"HU","lat":26.8,"lon":-68.4,"wind_kt":120,"pressure_mb":null,"radius_34kt_nm":null},{"date":"19500906","time":"1200","status":"HU","lat":27.5,"lon":-68.2,"wind_kt":120,"pressure_mb":null,"radius_34kt_nm":null},{"date":"19500906","time":"1800","status":"HU","lat":28.2,"lon":-68.1,"wind_kt":120,"pressure_mb":null,"radius_34kt_nm":null},{"date":"19500907","time":"0000","status":"HU","lat":28.9,"lon":-68,"wind_kt":115,"pressure_mb":null,"radius_34kt_nm":null},{"date":"19500907","time":"0600","status":"HU","lat":29.6,"lon":-67.9,"wind_kt":105,"pressure_mb":null,"radius_34kt_nm":null},{"date":"19500907","time":"1200","status":"HU","lat":30.2,"lon":-67.6,"wind_kt":100,"pressure_mb":null,"radius_34kt_nm":null},{"date":"19500907","time":"1800","status":"HU","lat":30.4,"lon":-67.4,"wind_kt":85,"pressure_mb":972,"radius_34kt_nm":null},{"date":"19500908","time":"0000","status":"HU","lat":30.6,"lon":-67.3,"wind_kt":80,"pressure_mb":null,"radius_34kt_nm":null},{"date":"19500908","time":"0600","status":"HU","lat":30.8,"lon":-67.4,"wind_kt":75,"pressure_mb":null,"radius_34kt_nm":null},{"date":"19500908","time":"1200","status":"HU","lat":30.9,"lon":-67.6,"wind_kt":75,"pressure_mb":null,"radius_34kt_nm":null},{"date":"19500908","time":"1800","status":"HU","lat":31,"lon":-67.9,"wind_kt":75,"pressure_mb":null,"radius_34kt_nm":null},{"date":"19500909","time":"0000","status":"HU","lat":31,"lon":-68.2,"wind_kt":70,"pressure_mb":null,"radius_34kt_nm":null},{"date":"19500909","time":"0600","status":"HU","lat":30.9,"lon":-68.5,"wind_kt":70,"pressure_mb":null,"radius_34kt_nm":null},{"date":"19500909","time":"1200","status":"HU","lat":30.6,"lon":-68.9,"wind_kt":70,"pressure_mb":null,"radius_34kt_nm":null},{"date":"19500909","time":"1800","status":"HU","lat":30.5,"lon":-69.3,"wind_kt":65,"pressure_mb":987,"radius_34kt_nm":null},{"date":"19500910","time":"0000","status":"HU","lat":30.4,"lon":-70,"wind_kt":65,"pressure_mb":null,"radius_34kt_nm":null},{"date":"19500910","time":"0600","status":"HU","lat":30.5,"lon":-70.6,"wind_kt":65,"pressure_mb":null,"radius_34kt_nm":null},{"date":"19500910","time":"1200","status":"HU","lat":31,"lon":-71,"wind_kt":65,"pressure_mb":986,"radius_34kt_nm":null},{"date":"19500910","time":"1800","status":"HU","lat":32,"lon":-71.5,"wind_kt":65,"pressure_mb":986,"radius_34kt_nm":null},{"date":"19500911","time":"0000","status":"HU","lat":33.3,"lon":-72.1,"wind_kt":75,"pressure_mb":982,"radius_34kt_nm":null},{"date":"19500911","time":"0600","status":"HU","lat":34.9,"lon":-72.2,"wind_kt":80,"pressure_mb":978,"radius_34kt_nm":null},{"date":"19500911","time":"1200","status":"HU","lat":36.4,"lon":-71.9,"wind_kt":85,"pressure_mb":974,"radius_34kt_nm":null},{"date":"19500911","time":"1800","status":"HU","lat":37.9,"lon":-71.4,"wind_kt":85,"pressure_mb":972,"radius_34kt_nm":null},{"date":"19500912","time":"0000","status":"EX","lat":39,"lon":-70,"wind_kt":80,"pressure_mb":null,"radius_34kt_nm":null},{"date":"19500912","time":"0600","status":"EX","lat":39.7,"lon":-68.4,"wind_kt":75,"pressure_mb":null,"radius_34kt_nm":null},{"date":"19500912","time":"1200","status":"EX","lat":40.4,"lon":-66.9,"wind_kt":70,"pressure_mb":979,"radius_34kt_nm":null},{"date":"19500912","time":"1800","status":"EX","lat":41.1,"lon":-65.7,"wind_kt":70,"pressure_mb":null,"radius_34kt_nm":null},{"date":"19500913","time":"0000","status":"EX","lat":41.5,"lon":-64.4,"wind_kt":70,"pressure_mb":null,"radius_34kt_nm":null},{"date":"19500913","time":"0600","status":"EX","lat":41.9,"lon":-62.7,"wind_kt":65,"pressure_mb":null,"radius_34kt_nm":null},{"date":"19500913","time":"1200","status":"EX","lat":42.2,"lon":-60.7,"wind_kt":60,"pressure_mb":null,"radius_34kt_nm":null},{"date":"19500913","time":"1800","status":"EX","lat":42.3,"lon":-58.3,"wind_kt":55,"pressure_mb":null,"radius_34kt_nm":null},{"date":"19500914","time":"0000","status":"EX","lat":42.3,"lon":-55.9,"wind_kt":55,"pressure_mb":null,"radius_34kt_nm":null},{"date":"19500914","time":"0600","status":"EX","lat":42.5,"lon":-53.2,"wind_kt":50,"pressure_mb":null,"radius_34kt_nm":null},{"date":"19500914","time":"1200","status":"EX","lat":42.8,"lon":-50,"wind_kt":50,"pressure_mb":null,"radius_34kt_nm":null},{"date":"19500914","time":"1800","status":"EX","lat":43,"lon":-45.5,"wind_kt":50,"pressure_mb":null,"radius_34kt_nm":null},{"date":"19500915","time":"0000","status":"EX","lat":43.4,"lon":-41.5,"wind_kt":55,"pressure_mb":null,"radius_34kt_nm":null},{"date":"19500915","time":"0600","status":"EX","lat":44.5,"lon":-37.5,"wind_kt":60,"pressure_mb":null,"radius_34kt_nm":null},{"date":"19500915","time":"1200","status":"EX","lat":46,"lon":-33.2,"wind_kt":60,"pressure_mb":null,"radius_34kt_nm":null},{"date":"19500915","time":"1800","status":"EX","lat":47.5,"lon":-28.5,"wind_kt":60,"pressure_mb":null,"radius_34kt_nm":null},{"date":"19500916","time":"0000","status":"EX","lat":49.2,"lon":-23.2,"wind_kt":65,"pressure_mb":null,"radius_34kt_nm":null},{"date":"19500916","time":"0600","status":"EX","lat":50.9,"lon":-18.6,"wind_kt":65,"pressure_mb":null,"radius_34kt_nm":null},{"date":"19500916","time":"1200","status":"EX","lat":52.8,"lon":-14.7,"wind_kt":65,"pressure_mb":null,"radius_34kt_nm":null},{"date":"19500916","time":"1800","status":"EX","lat":54.3,"lon":-11.6,"wind_kt":65,"pressure_mb":null,"radius_34kt_nm":null},{"date":"19500917","time":"0000","status":"EX","lat":55.6,"lon":-9.1,"wind_kt":65,"pressure_mb":null,"radius_34kt_nm":null},{"date":"19500917","time":"0600","status":"EX","lat":56.8,"lon":-6.6,"wind_kt":65,"pressure_mb":null,"radius_34kt_nm":null},{"date":"19500917","time":"1200","status":"EX","lat":57.8,"lon":-4.5,"wind_kt":60,"pressure_mb":null,"radius_34kt_nm":null},{"date":"19500917","time":"1800","status":"EX","lat":58.8,"lon":-3.8,"wind_kt":55,"pressure_mb":null,"radius_34kt_nm":null},{"date":"19500918","time":"0000","status":"EX","lat":59.8,"lon":-3.8,"wind_kt":55,"pressure_mb":null,"radius_34kt_nm":null}]}},{"type":"Feature","geometry":{"type":"LineString","coordinates":[[-83.2,19.7],[-83.2,19.9],[-83.2,20.1],[-83.2,20.3],[-83.3,20.5],[-83.3,20.7],[-83.2,20.9],[-82.7,21.4],[-82.6,21.5],[-82.4,22.4],[-82.3,22.7],[-82.3,23.8],[-82.6,24.9],[-82.8,26.2],[-83.3,27.1],[-83.5,27.7],[-83.8,28],[-83.7,28.1],[-83.3,28.5],[-83,28.8],[-82.8,29.1],[-82.8,29.1],[-82.8,28.7],[-82.7,28.5],[-82.6,28.4],[-82.1,28.2],[-81.7,28.6],[-81.6,29.3],[-81.9,30.2],[-83,31.2],[-84.8,32],[-85.9,33.1],[-87,33.9],[-88.3,35.2],[-88.5,35.2],[-89.3,35.3],[-89.8,35],[-89.9,35.6],[-90.2,35.9]]},"properties":{"id":"hur-al051950","event_type":"hurricane","name":"EASY","year":1950,"max_wind_kt":105,"min_pressure_mb":960,"category":3,"preliminary":false,"start_date":"19500901","end_date":"19500909","track":[{"date":"19500901","time":"0600","status":"TS","lat":19.7,"lon":-83.2,"wind_kt":40,"pressure_mb":null,"radius_34kt_nm":null},{"date":"19500901","time":"1200","status":"TS","lat":19.9,"lon":-83.2,"wind_kt":45,"pressure_mb":null,"radius_34kt_nm":null},{"date":"19500901","time":"1800","status":"TS","lat":20.1,"lon":-83.2,"wind_kt":50,"pressure_mb":null,"radius_34kt_nm":null},{"date":"19500902","time":"0000","status":"TS","lat":20.3,"lon":-83.2,"wind_kt":50,"pressure_mb":null,"radius_34kt_nm":null},{"date":"19500902","time":"0600","status":"TS","lat":20.5,"lon":-83.3,"wind_kt":55,"pressure_mb":null,"radius_34kt_nm":null},{"date":"19500902","time":"1200","status":"TS","lat":20.7,"lon":-83.3,"wind_kt":55,"pressure_mb":996,"radius_34kt_nm":null},{"date":"19500902","time":"1800","status":"TS","lat":20.9,"lon":-83.2,"wind_kt":55,"pressure_mb":995,"radius_34kt_nm":null},{"date":"19500903","time":"0000","status":"HU","lat":21.4,"lon":-82.7,"wind_kt":70,"pressure_mb":null,"radius_34kt_nm":null},{"date":"19500903","time":"0100","status":"HU","lat":21.5,"lon":-82.6,"wind_kt":70,"pressure_mb":null,"radius_34kt_nm":null},{"date":"19500903","time":"0600","status":"HU","lat":22.4,"lon":-82.4,"wind_kt":80,"pressure_mb":null,"radius_34kt_nm":null},{"date":"19500903","time":"0700","status":"HU","lat":22.7,"lon":-82.3,"wind_kt":80,"pressure_mb":null,"radius_34kt_nm":null},{"date":"19500903","time":"1200","status":"HU","lat":23.8,"lon":-82.3,"wind_kt":75,"pressure_mb":980,"radius_34kt_nm":null},{"date":"19500903","time":"1800","status":"HU","lat":24.9,"lon":-82.6,"wind_kt":75,"pressure_mb":980,"radius_34kt_nm":null},{"date":"19500904","time":"0000","status":"HU","lat":26.2,"lon":-82.8,"wind_kt":80,"pressure_mb":null,"radius_34kt_nm":null},{"date":"19500904","time":"0600","status":"HU","lat":27.1,"lon":-83.3,"wind_kt":85,"pressure_mb":null,"radius_34kt_nm":null},{"date":"19500904","time":"1200","status":"HU","lat":27.7,"lon":-83.5,"wind_kt":85,"pressure_mb":973,"radius_34kt_nm":null},{"date":"19500904","time":"1800","status":"HU","lat":28,"lon":-83.8,"wind_kt":85,"pressure_mb":973,"radius_34kt_nm":null},{"date":"19500905","time":"0000","status":"HU","lat":28.1,"lon":-83.7,"wind_kt":95,"pressure_mb":null,"radius_34kt_nm":null},{"date":"19500905","time":"0600","status":"HU","lat":28.5,"lon":-83.3,"wind_kt":105,"pressure_mb":null,"radius_34kt_nm":null},{"date":"19500905","time":"1200","status":"HU","lat":28.8,"lon":-83,"wind_kt":105,"pressure_mb":null,"radius_34kt_nm":null},{"date":"19500905","time":"1700","status":"HU","lat":29.1,"lon":-82.8,"wind_kt":105,"pressure_mb":960,"radius_34kt_nm":null},{"date":"19500905","time":"1800","status":"HU","lat":29.1,"lon":-82.8,"wind_kt":105,"pressure_mb":960,"radius_34kt_nm":null},{"date":"19500906","time":"0000","status":"HU","lat":28.7,"lon":-82.8,"wind_kt":95,"pressure_mb":null,"radius_34kt_nm":null},{"date":"19500906","time":"0400","status":"HU","lat":28.5,"lon":-82.7,"wind_kt":90,"pressure_mb":null,"radius_34kt_nm":null},{"date":"19500906","time":"0600","status":"HU","lat":28.4,"lon":-82.6,"wind_kt":75,"pressure_mb":null,"radius_34kt_nm":null},{"date":"19500906","time":"1200","status":"TS","lat":28.2,"lon":-82.1,"wind_kt":60,"pressure_mb":null,"radius_34kt_nm":null},{"date":"19500906","time":"1800","status":"TS","lat":28.6,"lon":-81.7,"wind_kt":40,"pressure_mb":null,"radius_34kt_nm":null},{"date":"19500907","time":"0000","status":"TS","lat":29.3,"lon":-81.6,"wind_kt":40,"pressure_mb":null,"radius_34kt_nm":null},{"date":"19500907","time":"0600","status":"TS","lat":30.2,"lon":-81.9,"wind_kt":35,"pressure_mb":null,"radius_34kt_nm":null},{"date":"19500907","time":"1200","status":"TD","lat":31.2,"lon":-83,"wind_kt":30,"pressure_mb":null,"radius_34kt_nm":null},{"date":"19500907","time":"1800","status":"TD","lat":32,"lon":-84.8,"wind_kt":25,"pressure_mb":null,"radius_34kt_nm":null},{"date":"19500908","time":"0000","status":"TD","lat":33.1,"lon":-85.9,"wind_kt":25,"pressure_mb":null,"radius_34kt_nm":null},{"date":"19500908","time":"0600","status":"TD","lat":33.9,"lon":-87,"wind_kt":20,"pressure_mb":null,"radius_34kt_nm":null},{"date":"19500908","time":"1200","status":"TD","lat":35.2,"lon":-88.3,"wind_kt":20,"pressure_mb":null,"radius_34kt_nm":null},{"date":"19500908","time":"1800","status":"TD","lat":35.2,"lon":-88.5,"wind_kt":20,"pressure_mb":null,"radius_34kt_nm":null},{"date":"19500909","time":"0000","status":"TD","lat":35.3,"lon":-89.3,"wind_kt":20,"pressure_mb":null,"radius_34kt_nm":null},{"date":"19500909","time":"0600","status":"TD","lat":35,"lon":-89.8,"wind_kt":20,"pressure_mb":null,"radius_34kt_nm":null},{"date":"19500909","time":"1200","status":"TD","lat":35.6,"lon":-89.9,"wind_kt":20,"pressure_mb":null,"radius_34kt_nm":null},{"date":"19500909","time":"1800","status":"TD","lat":35.9,"lon":-90.2,"wind_kt":20,"pressure_mb":null,"radius_34kt_nm":null}]}},{"type":"Feature","geometry":{"type":"LineString","coordinates":[[-41,15.5],[-41.8,15.5],[-42.8,15.6],[-43.8,15.7],[-44.6,15.9],[-45.3,16.1],[-46,16.4],[-46.7,16.7],[-47.3,17.1],[-48,17.5],[-48.8,17.9],[-49.6,18.3],[-50.2,18.7],[-50.7,19.1],[-51.2,19.6],[-51.8,20.2],[-52.5,21],[-53.4,21.7],[-54.2,22.3],[-55,22.7],[-55.8,22.9],[-56.5,23.1],[-57.2,23.3],[-57.8,23.6],[-58.4,23.8],[-58.9,24.1],[-59.4,24.9],[-59.7,25.9],[-59.8,27],[-59.7,28.2],[-59.3,30.2],[-58.2,32.6],[-56.5,34.7],[-54.5,36.5],[-52.2,37.8],[-48.5,39.5],[-43.5,42.5],[-39.5,45.5]]},"properties":{"id":"hur-al061950","event_type":"hurricane","name":"FOX","year":1950,"max_wind_kt":120,"min_pressure_mb":946,"category":4,"preliminary":false,"start_date":"19500908","end_date":"19500917","track":[{"date":"19500908","time":"0600","status":"TS","lat":15.5,"lon":-41,"wind_kt":40,"pressure_mb":null,"radius_34kt_nm":null},{"date":"19500908","time":"1200","status":"TS","lat":15.5,"lon":-41.8,"wind_kt":40,"pressure_mb":null,"radius_34kt_nm":null},{"date":"19500908","time":"1800","status":"TS","lat":15.6,"lon":-42.8,"wind_kt":40,"pressure_mb":null,"radius_34kt_nm":null},{"date":"19500909","time":"0000","status":"TS","lat":15.7,"lon":-43.8,"wind_kt":45,"pressure_mb":null,"radius_34kt_nm":null},{"date":"19500909","time":"0600","status":"TS","lat":15.9,"lon":-44.6,"wind_kt":45,"pressure_mb":null,"radius_34kt_nm":null},{"date":"19500909","time":"1200","status":"TS","lat":16.1,"lon":-45.3,"wind_kt":50,"pressure_mb":null,"radius_34kt_nm":null},{"date":"19500909","time":"1800","status":"TS","lat":16.4,"lon":-46,"wind_kt":50,"pressure_mb":null,"radius_34kt_nm":null},{"date":"19500910","time":"0000","status":"TS","lat":16.7,"lon":-46.7,"wind_kt":50,"pressure_mb":null,"radius_34kt_nm":null},{"date":"19500910","time":"0600","status":"TS","lat":17.1,"lon":-47.3,"wind_kt":55,"pressure_mb":null,"radius_34kt_nm":null},{"date":"19500910","time":"1200","status":"TS","lat":17.5,"lon":-48,"wind_kt":55,"pressure_mb":null,"radius_34kt_nm":null},{"date":"19500910","time":"1800","status":"TS","lat":17.9,"lon":-48.8,"wind_kt":55,"pressure_mb":995,"radius_34kt_nm":null},{"date":"19500911","time":"0000","status":"TS","lat":18.3,"lon":-49.6,"wind_kt":60,"pressure_mb":null,"radius_34kt_nm":null},{"date":"19500911","time":"0600","status":"HU","lat":18.7,"lon":-50.2,"wind_kt":65,"pressure_mb":null,"radius_34kt_nm":null},{"date":"19500911","time":"1200","status":"HU","lat":19.1,"lon":-50.7,"wind_kt":70,"pressure_mb":null,"radius_34kt_nm":null},{"date":"19500911","time":"1800","status":"HU","lat":19.6,"lon":-51.2,"wind_kt":75,"pressure_mb":986,"radius_34kt_nm":null},{"date":"19500912","time":"0000","status":"HU","lat":20.2,"lon":-51.8,"wind_kt":75,"pressure_mb":null,"radius_34kt_nm":null},{"date":"19500912","time":"0600","status":"HU","lat":21,"lon":-52.5,"wind_kt":80,"pressure_mb":null,"radius_34kt_nm":null},{"date":"19500912","time":"1200","status":"HU","lat":21.7,"lon":-53.4,"wind_kt":80,"pressure_mb":null,"radius_34kt_nm":null},{"date":"19500912","time":"1800","status":"HU","lat":22.3,"lon":-54.2,"wind_kt":85,"pressure_mb":977,"radius_34kt_nm":null},{"date":"19500913","time":"0000","status":"HU","lat":22.7,"lon":-55,"wind_kt":90,"pressure_mb":null,"radius_34kt_nm":null},{"date":"19500913","time":"0600","status":"HU","lat":22.9,"lon":-55.8,"wind_kt":95,"pressure_mb":null,"radius_34kt_nm":null},{"date":"19500913","time":"1200","status":"HU","lat":23.1,"lon":-56.5,"wind_kt":95,"pressure_mb":null,"radius_34kt_nm":null},{"date":"19500913","time":"1800","status":"HU","lat":23.3,"lon":-57.2,"wind_kt":100,"pressure_mb":null,"radius_34kt_nm":null},{"date":"19500914","time":"0000","status":"HU","lat":23.6,"lon":-57.8,"wind_kt":105,"pressure_mb":null,"radius_34kt_nm":null},{"date":"19500914","time":"0600","status":"HU","lat":23.8,"lon":-58.4,"wind_kt":110,"pressure_mb":null,"radius_34kt_nm":null},{"date":"19500914","time":"1200","status":"HU","lat":24.1,"lon":-58.9,"wind_kt":115,"pressure_mb":null,"radius_34kt_nm":null},{"date":"19500914","time":"1800","status":"HU","lat":24.9,"lon":-59.4,"wind_kt":120,"pressure_mb":null,"radius_34kt_nm":null},{"date":"19500915","time":"0000","status":"HU","lat":25.9,"lon":-59.7,"wind_kt":120,"pressure_mb":null,"radius_34kt_nm":null},{"date":"19500915","time":"0600","status":"HU","lat":27,"lon":-59.8,"wind_kt":120,"pressure_mb":null,"radius_34kt_nm":null},{"date":"19500915","time":"1200","status":"HU","lat":28.2,"lon":-59.7,"wind_kt":120,"pressure_mb":946,"radius_34kt_nm":null},{"date":"19500915","time":"1800","status":"HU","lat":30.2,"lon":-59.3,"wind_kt":115,"pressure_mb":null,"radius_34kt_nm":null},{"date":"19500916","time":"0000","status":"HU","lat":32.6,"lon":-58.2,"wind_kt":110,"pressure_mb":null,"radius_34kt_nm":null},{"date":"19500916","time":"0600","status":"HU","lat":34.7,"lon":-56.5,"wind_kt":105,"pressure_mb":null,"radius_34kt_nm":null},{"date":"19500916","time":"1200","status":"HU","lat":36.5,"lon":-54.5,"wind_kt":100,"pressure_mb":null,"radius_34kt_nm":null},{"date":"19500916","time":"1800","status":"HU","lat":37.8,"lon":-52.2,"wind_kt":90,"pressure_mb":null,"radius_34kt_nm":null},{"date":"19500917","time":"0000","status":"HU","lat":39.5,"lon":-48.5,"wind_kt":85,"pressure_mb":null,"radius_34kt_nm":null},{"date":"19500917","time":"0600","status":"HU","lat":42.5,"lon":-43.5,"wind_kt":70,"pressure_mb":null,"radius_34kt_nm":null},{"date":"19500917","time":"1200","status":"EX","lat":45.5,"lon":-39.5,"wind_kt":55,"pressure_mb":null,"radius_34kt_nm":null}]}},{"type":"Feature","geometry":{"type":"LineString","coordinates":[[-51,24.6],[-51.5,25.2],[-52,25.7],[-52.5,26.3],[-53.1,27.1],[-54,27.8],[-55,28.3],[-56,28.7],[-57.2,28.9],[-58.5,29],[-59.6,29.1],[-60.8,29.2],[-62,29.3],[-63,29.4],[-63.4,29.5],[-63.7,29.6],[-64,29.7],[-64.3,29.8],[-64.5,29.8],[-64.7,30],[-64.9,30.4],[-65.1,30.8],[-65.7,31],[-66.2,31.2],[-66.8,31.5],[-67.5,31.9],[-67.8,32.9],[-68,34.2],[-67.3,35.7],[-65.7,37.3],[-63.7,39.1],[-60.7,41.4],[-56.6,44.3],[-51.2,47.2],[-45.9,49.9],[-39.7,52.5],[-34.1,54.9],[-28.6,57.3],[-24.7,58.7],[-21,59.5],[-15.2,60.5],[-7.5,61.8]]},"properties":{"id":"hur-al071950","event_type":"hurricane","name":"GEORGE","year":1950,"max_wind_kt":95,"min_pressure_mb":960,"category":2,"preliminary":false,"start_date":"19500927","end_date":"19501007","track":[{"date":"19500927","time":"0600","status":"TS","lat":24.6,"lon":-51,"wind_kt":35,"pressure_mb":null,"radius_34kt_nm":null},{"date":"19500927","time":"1200","status":"TS","lat":25.2,"lon":-51.5,"wind_kt":35,"pressure_mb":null,"radius_34kt_nm":null},{"date":"19500927","time":"1800","status":"TS","lat":25.7,"lon":-52,"wind_kt":35,"pressure_mb":null,"radius_34kt_nm":null},{"date":"19500928","time":"0000","status":"TS","lat":26.3,"lon":-52.5,"wind_kt":40,"pressure_mb":null,"radius_34kt_nm":null},{"date":"19500928","time":"0600","status":"TS","lat":27.1,"lon":-53.1,"wind_kt":40,"pressure_mb":null,"radius_34kt_nm":null},{"date":"19500928","time":"1200","status":"TS","lat":27.8,"lon":-54,"wind_kt":40,"pressure_mb":null,"radius_34kt_nm":null},{"date":"19500928","time":"1800","status":"TS","lat":28.3,"lon":-55,"wind_kt":40,"pressure_mb":null,"radius_34kt_nm":null},{"date":"19500929","time":"0000","status":"TS","lat":28.7,"lon":-56,"wind_kt":40,"pressure_mb":null,"radius_34kt_nm":null},{"date":"19500929","time":"0600","status":"TS","lat":28.9,"lon":-57.2,"wind_kt":40,"pressure_mb":null,"radius_34kt_nm":null},{"date":"19500929","time":"1200","status":"TS","lat":29,"lon":-58.5,"wind_kt":40,"pressure_mb":null,"radius_34kt_nm":null},{"date":"19500929","time":"1800","status":"TS","lat":29.1,"lon":-59.6,"wind_kt":40,"pressure_mb":null,"radius_34kt_nm":null},{"date":"19500930","time":"0000","status":"TS","lat":29.2,"lon":-60.8,"wind_kt":40,"pressure_mb":null,"radius_34kt_nm":null},{"date":"19500930","time":"0600","status":"TS","lat":29.3,"lon":-62,"wind_kt":40,"pressure_mb":null,"radius_34kt_nm":null},{"date":"19500930","time":"1200","status":"TS","lat":29.4,"lon":-63,"wind_kt":45,"pressure_mb":null,"radius_34kt_nm":null},{"date":"19500930","time":"1800","status":"TS","lat":29.5,"lon":-63.4,"wind_kt":50,"pressure_mb":null,"radius_34kt_nm":null},{"date":"19501001","time":"0000","status":"TS","lat":29.6,"lon":-63.7,"wind_kt":55,"pressure_mb":null,"radius_34kt_nm":null},{"date":"19501001","time":"0600","status":"TS","lat":29.7,"lon":-64,"wind_kt":60,"pressure_mb":null,"radius_34kt_nm":null},{"date":"19501001","time":"1200","status":"HU","lat":29.8,"lon":-64.3,"wind_kt":65,"pressure_mb":null,"radius_34kt_nm":null},{"date":"19501001","time":"1800","status":"HU","lat":29.8,"lon":-64.5,"wind_kt":70,"pressure_mb":978,"radius_34kt_nm":null},{"date":"19501002","time":"0000","status":"HU","lat":30,"lon":-64.7,"wind_kt":75,"pressure_mb":null,"radius_34kt_nm":null},{"date":"19501002","time":"0600","status":"HU","lat":30.4,"lon":-64.9,"wind_kt":80,"pressure_mb":null,"radius_34kt_nm":null},{"date":"19501002","time":"1200","status":"HU","lat":30.8,"lon":-65.1,"wind_kt":85,"pressure_mb":null,"radius_34kt_nm":null},{"date":"19501002","time":"1800","status":"HU","lat":31,"lon":-65.7,"wind_kt":85,"pressure_mb":null,"radius_34kt_nm":null},{"date":"19501003","time":"0000","status":"HU","lat":31.2,"lon":-66.2,"wind_kt":90,"pressure_mb":null,"radius_34kt_nm":null},{"date":"19501003","time":"0600","status":"HU","lat":31.5,"lon":-66.8,"wind_kt":90,"pressure_mb":null,"radius_34kt_nm":null},{"date":"19501003","time":"1200","status":"HU","lat":31.9,"lon":-67.5,"wind_kt":90,"pressure_mb":969,"radius_34kt_nm":null},{"date":"19501003","time":"1800","status":"HU","lat":32.9,"lon":-67.8,"wind_kt":95,"pressure_mb":null,"radius_34kt_nm":null},{"date":"19501004","time":"0000","status":"HU","lat":34.2,"lon":-68,"wind_kt":95,"pressure_mb":null,"radius_34kt_nm":null},{"date":"19501004","time":"0600","status":"HU","lat":35.7,"lon":-67.3,"wind_kt":95,"pressure_mb":null,"radius_34kt_nm":null},{"date":"19501004","time":"1200","status":"HU","lat":37.3,"lon":-65.7,"wind_kt":95,"pressure_mb":960,"radius_34kt_nm":null},{"date":"19501004","time":"1800","status":"HU","lat":39.1,"lon":-63.7,"wind_kt":95,"pressure_mb":null,"radius_34kt_nm":null},{"date":"19501005","time":"0000","status":"EX","lat":41.4,"lon":-60.7,"wind_kt":85,"pressure_mb":null,"radius_34kt_nm":null},{"date":"19501005","time":"0600","status":"EX","lat":44.3,"lon":-56.6,"wind_kt":70,"pressure_mb":null,"radius_34kt_nm":null},{"date":"19501005","time":"1200","status":"EX","lat":47.2,"lon":-51.2,"wind_kt":65,"pressure_mb":null,"radius_34kt_nm":null},{"date":"19501005","time":"1800","status":"EX","lat":49.9,"lon":-45.9,"wind_kt":60,"pressure_mb":null,"radius_34kt_nm":null},{"date":"19501006","time":"0000","status":"EX","lat":52.5,"lon":-39.7,"wind_kt":55,"pressure_mb":null,"radius_34kt_nm":null},{"date":"19501006","time":"0600","status":"EX","lat":54.9,"lon":-34.1,"wind_kt":55,"pressure_mb":null,"radius_34kt_nm":null},{"date":"19501006","time":"1200","status":"EX","lat":57.3,"lon":-28.6,"wind_kt":55,"pressure_mb":null,"radius_34kt_nm":null},{"date":"19501006","time":"1800","status":"EX","lat":58.7,"lon":-24.7,"wind_kt":55,"pressure_mb":null,"radius_34kt_nm":null},{"date":"19501007","time":"0000","status":"EX","lat":59.5,"lon":-21,"wind_kt":55,"pressure_mb":null,"radius_34kt_nm":null},{"date":"19501007","time":"0600","status":"EX","lat":60.5,"lon":-15.2,"wind_kt":55,"pressure_mb":null,"radius_34kt_nm":null},{"date":"19501007","time":"1200","status":"EX","lat":61.8,"lon":-7.5,"wind_kt":55,"pressure_mb":null,"radius_34kt_nm":null}]}},{"type":"Feature","geometry":{"type":"LineString","coordinates":[[-88.4,25.6],[-88.5,25.8],[-88.6,26],[-88.9,26.1],[-89.5,26.3],[-90.3,26.4],[-91.1,26.2],[-92.1,26],[-93.5,25.5],[-94.8,25],[-95.8,24.7],[-96.6,24.4],[-97.2,24],[-97.8,23.5],[-98.4,23]]},"properties":{"id":"hur-al081950","event_type":"hurricane","name":"HOW","year":1950,"max_wind_kt":40,"min_pressure_mb":null,"category":0,"preliminary":false,"start_date":"19501001","end_date":"19501004","track":[{"date":"19501001","time":"0600","status":"TD","lat":25.6,"lon":-88.4,"wind_kt":30,"pressure_mb":null,"radius_34kt_nm":null},{"date":"19501001","time":"1200","status":"TD","lat":25.8,"lon":-88.5,"wind_kt":30,"pressure_mb":null,"radius_34kt_nm":null},{"date":"19501001","time":"1800","status":"TS","lat":26,"lon":-88.6,"wind_kt":35,"pressure_mb":null,"radius_34kt_nm":null},{"date":"19501002","time":"0000","status":"TS","lat":26.1,"lon":-88.9,"wind_kt":35,"pressure_mb":null,"radius_34kt_nm":null},{"date":"19501002","time":"0600","status":"TS","lat":26.3,"lon":-89.5,"wind_kt":35,"pressure_mb":null,"radius_34kt_nm":null},{"date":"19501002","time":"1200","status":"TS","lat":26.4,"lon":-90.3,"wind_kt":35,"pressure_mb":null,"radius_34kt_nm":null},{"date":"19501002","time":"1800","status":"TS","lat":26.2,"lon":-91.1,"wind_kt":40,"pressure_mb":null,"radius_34kt_nm":null},{"date":"19501003","time":"0000","status":"TS","lat":26,"lon":-92.1,"wind_kt":40,"pressure_mb":null,"radius_34kt_nm":null},{"date":"19501003","time":"0600","status":"TS","lat":25.5,"lon":-93.5,"wind_kt":40,"pressure_mb":null,"radius_34kt_nm":null},{"date":"19501003","time":"1200","status":"TS","lat":25,"lon":-94.8,"wind_kt":40,"pressure_mb":null,"radius_34kt_nm":null},{"date":"19501003","time":"1800","status":"TS","lat":24.7,"lon":-95.8,"wind_kt":40,"pressure_mb":null,"radius_34kt_nm":null},{"date":"19501004","time":"0000","status":"TS","lat":24.4,"lon":-96.6,"wind_kt":40,"pressure_mb":null,"radius_34kt_nm":null},{"date":"19501004","time":"0600","status":"TS","lat":24,"lon":-97.2,"wind_kt":35,"pressure_mb":null,"radius_34kt_nm":null},{"date":"19501004","time":"1200","status":"TD","lat":23.5,"lon":-97.8,"wind_kt":30,"pressure_mb":null,"radius_34kt_nm":null},{"date":"19501004","time":"1800","status":"TD","lat":23,"lon":-98.4,"wind_kt":25,"pressure_mb":null,"radius_34kt_nm":null}]}},{"type":"Feature","geometry":{"type":"LineString","coordinates":[[-90.4,23.3],[-91,23.3],[-91.6,23.1],[-92.2,22.4],[-92.7,21.8],[-93.2,21.3],[-93.8,20.8],[-94.3,20.5],[-94.7,20.2],[-95.1,19.8],[-95.4,19.4],[-95.7,19.1],[-95.9,18.9],[-95.9,18.8],[-96,18.5],[-96,18.2]]},"properties":{"id":"hur-al091950","event_type":"hurricane","name":"ITEM","year":1950,"max_wind_kt":90,"min_pressure_mb":980,"category":2,"preliminary":false,"start_date":"19501008","end_date":"19501011","track":[{"date":"19501008","time":"0600","status":"TS","lat":23.3,"lon":-90.4,"wind_kt":35,"pressure_mb":null,"radius_34kt_nm":null},{"date":"19501008","time":"1200","status":"TS","lat":23.3,"lon":-91,"wind_kt":40,"pressure_mb":null,"radius_34kt_nm":null},{"date":"19501008","time":"1800","status":"TS","lat":23.1,"lon":-91.6,"wind_kt":45,"pressure_mb":null,"radius_34kt_nm":null},{"date":"19501009","time":"0000","status":"TS","lat":22.4,"lon":-92.2,"wind_kt":45,"pressure_mb":1002,"radius_34kt_nm":null},{"date":"19501009","time":"0600","status":"TS","lat":21.8,"lon":-92.7,"wind_kt":50,"pressure_mb":null,"radius_34kt_nm":null},{"date":"19501009","time":"1200","status":"TS","lat":21.3,"lon":-93.2,"wind_kt":55,"pressure_mb":null,"radius_34kt_nm":null},{"date":"19501009","time":"1800","status":"HU","lat":20.8,"lon":-93.8,"wind_kt":65,"pressure_mb":null,"radius_34kt_nm":null},{"date":"19501010","time":"0000","status":"HU","lat":20.5,"lon":-94.3,"wind_kt":75,"pressure_mb":990,"radius_34kt_nm":null},{"date":"19501010","time":"0600","status":"HU","lat":20.2,"lon":-94.7,"wind_kt":80,"pressure_mb":null,"radius_34kt_nm":null},{"date":"19501010","time":"1200","status":"HU","lat":19.8,"lon":-95.1,"wind_kt":85,"pressure_mb":null,"radius_34kt_nm":null},{"date":"19501010","time":"1800","status":"HU","lat":19.4,"lon":-95.4,"wind_kt":90,"pressure_mb":980,"radius_34kt_nm":null},{"date":"19501011","time":"0000","status":"HU","lat":19.1,"lon":-95.7,"wind_kt":90,"pressure_mb":null,"radius_34kt_nm":null},{"date":"19501011","time":"0400","status":"HU","lat":18.9,"lon":-95.9,"wind_kt":90,"pressure_mb":null,"radius_34kt_nm":null},{"date":"19501011","time":"0600","status":"HU","lat":18.8,"lon":-95.9,"wind_kt":75,"pressure_mb":null,"radius_34kt_nm":null},{"date":"19501011","time":"1200","status":"TS","lat":18.5,"lon":-96,"wind_kt":40,"pressure_mb":null,"radius_34kt_nm":null},{"date":"19501011","time":"1800","status":"TD","lat":18.2,"lon":-96,"wind_kt":25,"pressure_mb":null,"radius_34kt_nm":null}]}},{"type":"Feature","geometry":{"type":"LineString","coordinates":[[-47,22.4],[-48,22.7],[-49,23],[-50.1,23.3],[-51.2,23.6],[-52.3,23.9],[-53.4,24.3],[-54.4,24.8],[-55.5,25.4],[-56.7,26.1],[-57.7,27],[-58.6,28],[-59.4,29],[-60.1,29.9],[-60.3,30.8],[-60.2,31.9],[-59.7,33],[-58.5,34.1],[-57.4,35.1],[-56.1,36],[-54.6,36.9],[-52.2,38.1],[-49.2,39.5],[-46,41],[-42.8,43],[-39.9,45],[-37.5,47.5]]},"properties":{"id":"hur-al101950","event_type":"hurricane","name":"JIG","year":1950,"max_wind_kt":100,"min_pressure_mb":null,"category":3,"preliminary":false,"start_date":"19501011","end_date":"19501018","track":[{"date":"19501011","time":"1200","status":"TS","lat":22.4,"lon":-47,"wind_kt":40,"pressure_mb":null,"radius_34kt_nm":null},{"date":"19501011","time":"1800","status":"TS","lat":22.7,"lon":-48,"wind_kt":40,"pressure_mb":null,"radius_34kt_nm":null},{"date":"19501012","time":"0000","status":"TS","lat":23,"lon":-49,"wind_kt":45,"pressure_mb":null,"radius_34kt_nm":null},{"date":"19501012","time":"0600","status":"TS","lat":23.3,"lon":-50.1,"wind_kt":45,"pressure_mb":null,"radius_34kt_nm":null},{"date":"19501012","time":"1200","status":"TS","lat":23.6,"lon":-51.2,"wind_kt":50,"pressure_mb":null,"radius_34kt_nm":null},{"date":"19501012","time":"1800","status":"TS","lat":23.9,"lon":-52.3,"wind_kt":55,"pressure_mb":null,"radius_34kt_nm":null},{"date":"19501013","time":"0000","status":"TS","lat":24.3,"lon":-53.4,"wind_kt":55,"pressure_mb":null,"radius_34kt_nm":null},{"date":"19501013","time":"0600","status":"TS","lat":24.8,"lon":-54.4,"wind_kt":60,"pressure_mb":null,"radius_34kt_nm":null},{"date":"19501013","time":"1200","status":"HU","lat":25.4,"lon":-55.5,"wind_kt":65,"pressure_mb":null,"radius_34kt_nm":null},{"date":"19501013","time":"1800","status":"HU","lat":26.1,"lon":-56.7,"wind_kt":70,"pressure_mb":null,"radius_34kt_nm":null},{"date":"19501014","time":"0000","status":"HU","lat":27,"lon":-57.7,"wind_kt":75,"pressure_mb":null,"radius_34kt_nm":null},{"date":"19501014","time":"0600","status":"HU","lat":28,"lon":-58.6,"wind_kt":75,"pressure_mb":null,"radius_34kt_nm":null},{"date":"19501014","time":"1200","status":"HU","lat":29,"lon":-59.4,"wind_kt":80,"pressure_mb":null,"radius_34kt_nm":null},{"date":"19501014","time":"1800","status":"HU","lat":29.9,"lon":-60.1,"wind_kt":80,"pressure_mb":null,"radius_34kt_nm":null},{"date":"19501015","time":"0000","status":"HU","lat":30.8,"lon":-60.3,"wind_kt":85,"pressure_mb":null,"radius_34kt_nm":null},{"date":"19501015","time":"0600","status":"HU","lat":31.9,"lon":-60.2,"wind_kt":90,"pressure_mb":null,"radius_34kt_nm":null},{"date":"19501015","time":"1200","status":"HU","lat":33,"lon":-59.7,"wind_kt":100,"pressure_mb":null,"radius_34kt_nm":null},{"date":"19501015","time":"1800","status":"HU","lat":34.1,"lon":-58.5,"wind_kt":100,"pressure_mb":null,"radius_34kt_nm":null},{"date":"19501016","time":"0000","status":"HU","lat":35.1,"lon":-57.4,"wind_kt":90,"pressure_mb":null,"radius_34kt_nm":null},{"date":"19501016","time":"0600","status":"EX","lat":36,"lon":-56.1,"wind_kt":80,"pressure_mb":null,"radius_34kt_nm":null},{"date":"19501016","time":"1200","status":"EX","lat":36.9,"lon":-54.6,"wind_kt":75,"pressure_mb":null,"radius_34kt_nm":null},{"date":"19501016","time":"1800","status":"EX","lat":38.1,"lon":-52.2,"wind_kt":75,"pressure_mb":null,"radius_34kt_nm":null},{"date":"19501017","time":"0000","status":"EX","lat":39.5,"lon":-49.2,"wind_kt":75,"pressure_mb":null,"radius_34kt_nm":null},{"date":"19501017","time":"0600","status":"EX","lat":41,"lon":-46,"wind_kt":75,"pressure_mb":null,"radius_34kt_nm":null},{"date":"19501017","time":"1200","status":"EX","lat":43,"lon":-42.8,"wind_kt":70,"pressure_mb":null,"radius_34kt_nm":null},{"date":"19501017","time":"1800","status":"EX","lat":45,"lon":-39.9,"wind_kt":65,"pressure_mb":null,"radius_34kt_nm":null},{"date":"19501018","time":"0000","status":"EX","lat":47.5,"lon":-37.5,"wind_kt":65,"pressure_mb":null,"radius_34kt_nm":null}]}},{"type":"Feature","geometry":{"type":"LineString","coordinates":[[-84.2,16],[-83.9,16],[-83.8,16],[-83.7,16],[-83.6,16.1],[-83.5,16.2],[-83.3,16.3],[-82.7,16.6],[-82,16.9],[-81,17.2],[-80,17.7],[-79.3,18.4],[-79,18.9],[-78.7,19.3],[-78.3,20],[-78.3,20.9],[-78.2,21.1],[-78.3,22.2],[-79,23.2],[-79.5,24],[-79.8,24.7],[-80.2,25.7],[-80.3,25.9],[-81,27.1],[-81.5,28.6],[-82.4,30],[-83.5,31.1],[-84.5,31.7],[-85.3,32.1],[-86,32.5],[-86.5,32.9]]},"properties":{"id":"hur-al111950","event_type":"hurricane","name":"KING","year":1950,"max_wind_kt":115,"min_pressure_mb":955,"category":4,"preliminary":false,"start_date":"19501013","end_date":"19501020","track":[{"date":"19501013","time":"0600","status":"TD","lat":16,"lon":-84.2,"wind_kt":25,"pressure_mb":null,"radius_34kt_nm":null},{"date":"19501013","time":"1200","status":"TD","lat":16,"lon":-83.9,"wind_kt":25,"pressure_mb":null,"radius_34kt_nm":null},{"date":"19501013","time":"1800","status":"TD","lat":16,"lon":-83.8,"wind_kt":25,"pressure_mb":null,"radius_34kt_nm":null},{"date":"19501014","time":"0000","status":"TD","lat":16,"lon":-83.7,"wind_kt":30,"pressure_mb":null,"radius_34kt_nm":null},{"date":"19501014","time":"0600","status":"TD","lat":16.1,"lon":-83.6,"wind_kt":30,"pressure_mb":null,"radius_34kt_nm":null},{"date":"19501014","time":"1200","status":"TD","lat":16.2,"lon":-83.5,"wind_kt":30,"pressure_mb":null,"radius_34kt_nm":null},{"date":"19501014","time":"1800","status":"TS","lat":16.3,"lon":-83.3,"wind_kt":35,"pressure_mb":null,"radius_34kt_nm":null},{"date":"19501015","time":"0000","status":"TS","lat":16.6,"lon":-82.7,"wind_kt":40,"pressure_mb":null,"radius_34kt_nm":null},{"date":"19501015","time":"0600","status":"TS","lat":16.9,"lon":-82,"wind_kt":45,"pressure_mb":null,"radius_34kt_nm":null},{"date":"19501015","time":"1200","status":"TS","lat":17.2,"lon":-81,"wind_kt":50,"pressure_mb":null,"radius_34kt_nm":null},{"date":"19501015","time":"1800","status":"TS","lat":17.7,"lon":-80,"wind_kt":55,"pressure_mb":992,"radius_34kt_nm":null},{"date":"19501016","time":"0000","status":"HU","lat":18.4,"lon":-79.3,"wind_kt":65,"pressure_mb":null,"radius_34kt_nm":null},{"date":"19501016","time":"0600","status":"HU","lat":18.9,"lon":-79,"wind_kt":70,"pressure_mb":null,"radius_34kt_nm":null},{"date":"19501016","time":"1200","status":"HU","lat":19.3,"lon":-78.7,"wind_kt":75,"pressure_mb":985,"radius_34kt_nm":null},{"date":"19501016","time":"1800","status":"HU","lat":20,"lon":-78.3,"wind_kt":80,"pressure_mb":null,"radius_34kt_nm":null},{"date":"19501016","time":"2200","status":"HU","lat":20.9,"lon":-78.3,"wind_kt":80,"pressure_mb":null,"radius_34kt_nm":null},{"date":"19501017","time":"0000","status":"HU","lat":21.1,"lon":-78.2,"wind_kt":75,"pressure_mb":null,"radius_34kt_nm":null},{"date":"19501017","time":"0600","status":"HU","lat":22.2,"lon":-78.3,"wind_kt":65,"pressure_mb":null,"radius_34kt_nm":null},{"date":"19501017","time":"1200","status":"HU","lat":23.2,"lon":-79,"wind_kt":70,"pressure_mb":988,"radius_34kt_nm":null},{"date":"19501017","time":"1800","status":"HU","lat":24,"lon":-79.5,"wind_kt":90,"pressure_mb":null,"radius_34kt_nm":null},{"date":"19501018","time":"0000","status":"HU","lat":24.7,"lon":-79.8,"wind_kt":105,"pressure_mb":null,"radius_34kt_nm":null},{"date":"19501018","time":"0500","status":"HU","lat":25.7,"lon":-80.2,"wind_kt":115,"pressure_mb":955,"radius_34kt_nm":null},{"date":"19501018","time":"0600","status":"HU","lat":25.9,"lon":-80.3,"wind_kt":115,"pressure_mb":955,"radius_34kt_nm":null},{"date":"19501018","time":"1200","status":"HU","lat":27.1,"lon":-81,"wind_kt":80,"pressure_mb":975,"radius_34kt_nm":null},{"date":"19501018","time":"1800","status":"HU","lat":28.6,"lon":-81.5,"wind_kt":70,"pressure_mb":983,"radius_34kt_nm":null},{"date":"19501019","time":"0000","status":"HU","lat":30,"lon":-82.4,"wind_kt":65,"pressure_mb":989,"radius_34kt_nm":null},{"date":"19501019","time":"0600","status":"TS","lat":31.1,"lon":-83.5,"wind_kt":45,"pressure_mb":992,"radius_34kt_nm":null},{"date":"19501019","time":"1200","status":"TS","lat":31.7,"lon":-84.5,"wind_kt":35,"pressure_mb":996,"radius_34kt_nm":null},{"date":"19501019","time":"1800","status":"TD","lat":32.1,"lon":-85.3,"wind_kt":25,"pressure_mb":999,"radius_34kt_nm":null},{"date":"19501020","time":"0000","status":"TD","lat":32.5,"lon":-86,"wind_kt":20,"pressure_mb":1000,"radius_34kt_nm":null},{"date":"19501020","time":"0600","status":"TD","lat":32.9,"lon":-86.5,"wind_kt":20,"pressure_mb":1002,"radius_34kt_nm":null}]}},{"type":"Feature","geometry":{"type":"LineString","coordinates":[[-42,22],[-42.7,22.5],[-43.3,22.9],[-43.8,23.4],[-44.5,24.2],[-44.8,24.9],[-44.9,25.4],[-44.8,25.9],[-44.6,26.5],[-43.9,27.2],[-43,28.2],[-41.8,29.2],[-40.4,30.1],[-39,30.8],[-37.5,31.4],[-35.8,32.2],[-34.1,33.3],[-32.7,35],[-31.9,35.8],[-31.2,36.8],[-30.3,37.9],[-29.2,39.2],[-27.4,39.3],[-26.1,38.6],[-24.9,37.8],[-24,37],[-23.1,36.2],[-22.4,35.4],[-22,34.5],[-21.7,33.4],[-21.7,32.1]]},"properties":{"id":"hur-al121950","event_type":"hurricane","name":null,"year":1950,"max_wind_kt":60,"min_pressure_mb":null,"category":0,"preliminary":false,"start_date":"19501017","end_date":"19501024","track":[{"date":"19501017","time":"0600","status":"TS","lat":22,"lon":-42,"wind_kt":35,"pressure_mb":null,"radius_34kt_nm":null},{"date":"19501017","time":"1200","status":"TS","lat":22.5,"lon":-42.7,"wind_kt":35,"pressure_mb":null,"radius_34kt_nm":null},{"date":"19501017","time":"1800","status":"TS","lat":22.9,"lon":-43.3,"wind_kt":35,"pressure_mb":null,"radius_34kt_nm":null},{"date":"19501018","time":"0000","status":"TS","lat":23.4,"lon":-43.8,"wind_kt":35,"pressure_mb":null,"radius_34kt_nm":null},{"date":"19501018","time":"0600","status":"TS","lat":24.2,"lon":-44.5,"wind_kt":40,"pressure_mb":null,"radius_34kt_nm":null},{"date":"19501018","time":"1200","status":"TS","lat":24.9,"lon":-44.8,"wind_kt":40,"pressure_mb":null,"radius_34kt_nm":null},{"date":"19501018","time":"1800","status":"TS","lat":25.4,"lon":-44.9,"wind_kt":40,"pressure_mb":null,"radius_34kt_nm":null},{"date":"19501019","time":"0000","status":"TS","lat":25.9,"lon":-44.8,"wind_kt":45,"pressure_mb":null,"radius_34kt_nm":null},{"date":"19501019","time":"0600","status":"TS","lat":26.5,"lon":-44.6,"wind_kt":45,"pressure_mb":null,"radius_34kt_nm":null},{"date":"19501019","time":"1200","status":"TS","lat":27.2,"lon":-43.9,"wind_kt":45,"pressure_mb":null,"radius_34kt_nm":null},{"date":"19501019","time":"1800","status":"TS","lat":28.2,"lon":-43,"wind_kt":50,"pressure_mb":null,"radius_34kt_nm":null},{"date":"19501020","time":"0000","status":"TS","lat":29.2,"lon":-41.8,"wind_kt":50,"pressure_mb":null,"radius_34kt_nm":null},{"date":"19501020","time":"0600","status":"TS","lat":30.1,"lon":-40.4,"wind_kt":55,"pressure_mb":null,"radius_34kt_nm":null},{"date":"19501020","time":"1200","status":"TS","lat":30.8,"lon":-39,"wind_kt":55,"pressure_mb":null,"radius_34kt_nm":null},{"date":"19501020","time":"1800","status":"TS","lat":31.4,"lon":-37.5,"wind_kt":55,"pressure_mb":null,"radius_34kt_nm":null},{"date":"19501021","time":"0000","status":"TS","lat":32.2,"lon":-35.8,"wind_kt":60,"pressure_mb":null,"radius_34kt_nm":null},{"date":"19501021","time":"0600","status":"TS","lat":33.3,"lon":-34.1,"wind_kt":60,"pressure_mb":null,"radius_34kt_nm":null},{"date":"19501021","time":"1200","status":"TS","lat":35,"lon":-32.7,"wind_kt":60,"pressure_mb":null,"radius_34kt_nm":null},{"date":"19501021","time":"1800","status":"TS","lat":35.8,"lon":-31.9,"wind_kt":60,"pressure_mb":null,"radius_34kt_nm":null},{"date":"19501022","time":"0000","status":"TS","lat":36.8,"lon":-31.2,"wind_kt":60,"pressure_mb":null,"radius_34kt_nm":null},{"date":"19501022","time":"0600","status":"TS","lat":37.9,"lon":-30.3,"wind_kt":55,"pressure_mb":null,"radius_34kt_nm":null},{"date":"19501022","time":"1200","status":"TS","lat":39.2,"lon":-29.2,"wind_kt":55,"pressure_mb":null,"radius_34kt_nm":null},{"date":"19501022","time":"1800","status":"TS","lat":39.3,"lon":-27.4,"wind_kt":50,"pressure_mb":null,"radius_34kt_nm":null},{"date":"19501023","time":"0000","status":"TS","lat":38.6,"lon":-26.1,"wind_kt":50,"pressure_mb":null,"radius_34kt_nm":null},{"date":"19501023","time":"0600","status":"TS","lat":37.8,"lon":-24.9,"wind_kt":45,"pressure_mb":null,"radius_34kt_nm":null},{"date":"19501023","time":"1200","status":"TS","lat":37,"lon":-24,"wind_kt":40,"pressure_mb":null,"radius_34kt_nm":null},{"date":"19501023","time":"1800","status":"TS","lat":36.2,"lon":-23.1,"wind_kt":40,"pressure_mb":null,"radius_34kt_nm":null},{"date":"19501024","time":"0000","status":"TS","lat":35.4,"lon":-22.4,"wind_kt":35,"pressure_mb":null,"radius_34kt_nm":null},{"date":"19501024","time":"0600","status":"TD","lat":34.5,"lon":-22,"wind_kt":30,"pressure_mb":null,"radius_34kt_nm":null},{"date":"19501024","time":"1200","status":"TD","lat":33.4,"lon":-21.7,"wind_kt":30,"pressure_mb":null,"radius_34kt_nm":null},{"date":"19501024","time":"1800","status":"TD","lat":32.1,"lon":-21.7,"wind_kt":25,"pressure_mb":null,"radius_34kt_nm":null}]}},{"type":"Feature","geometry":{"type":"LineString","coordinates":[[-89.5,25.5],[-90.5,25.8],[-90.5,26.3],[-91,26.7],[-91.4,26.6],[-91.6,26.4],[-91.6,26],[-91,25.6],[-89.6,25.4],[-88.3,25.7],[-87.3,26],[-86.5,26.4],[-85.2,27.1],[-84,28.5],[-83.4,29.7],[-83.3,29.9],[-82.7,30.8],[-82.2,31.5],[-81.8,32],[-81.4,32.5],[-81.2,33]]},"properties":{"id":"hur-al131950","event_type":"hurricane","name":"LOVE","year":1950,"max_wind_kt":70,"min_pressure_mb":987,"category":1,"preliminary":false,"start_date":"19501018","end_date":"19501022","track":[{"date":"19501018","time":"0000","status":"TS","lat":25.5,"lon":-89.5,"wind_kt":40,"pressure_mb":null,"radius_34kt_nm":null},{"date":"19501018","time":"0600","status":"TS","lat":25.8,"lon":-90.5,"wind_kt":50,"pressure_mb":null,"radius_34kt_nm":null},{"date":"19501018","time":"1200","status":"TS","lat":26.3,"lon":-90.5,"wind_kt":60,"pressure_mb":null,"radius_34kt_nm":null},{"date":"19501018","time":"1800","status":"TS","lat":26.7,"lon":-91,"wind_kt":60,"pressure_mb":null,"radius_34kt_nm":null},{"date":"19501019","time":"0000","status":"TS","lat":26.6,"lon":-91.4,"wind_kt":60,"pressure_mb":null,"radius_34kt_nm":null},{"date":"19501019","time":"0600","status":"TS","lat":26.4,"lon":-91.6,"wind_kt":60,"pressure_mb":null,"radius_34kt_nm":null},{"date":"19501019","time":"1200","status":"TS","lat":26,"lon":-91.6,"wind_kt":60,"pressure_mb":990,"radius_34kt_nm":null},{"date":"19501019","time":"1800","status":"HU","lat":25.6,"lon":-91,"wind_kt":65,"pressure_mb":990,"radius_34kt_nm":null},{"date":"19501020","time":"0000","status":"HU","lat":25.4,"lon":-89.6,"wind_kt":70,"pressure_mb":987,"radius_34kt_nm":null},{"date":"19501020","time":"0600","status":"HU","lat":25.7,"lon":-88.3,"wind_kt":70,"pressure_mb":null,"radius_34kt_nm":null},{"date":"19501020","time":"1200","status":"HU","lat":26,"lon":-87.3,"wind_kt":70,"pressure_mb":null,"radius_34kt_nm":null},{"date":"19501020","time":"1800","status":"HU","lat":26.4,"lon":-86.5,"wind_kt":70,"pressure_mb":991,"radius_34kt_nm":null},{"date":"19501021","time":"0000","status":"HU","lat":27.1,"lon":-85.2,"wind_kt":70,"pressure_mb":null,"radius_34kt_nm":null},{"date":"19501021","time":"0600","status":"TS","lat":28.5,"lon":-84,"wind_kt":60,"pressure_mb":null,"radius_34kt_nm":null},{"date":"19501021","time":"1100","status":"TS","lat":29.7,"lon":-83.4,"wind_kt":50,"pressure_mb":null,"radius_34kt_nm":null},{"date":"19501021","time":"1200","status":"TS","lat":29.9,"lon":-83.3,"wind_kt":50,"pressure_mb":null,"radius_34kt_nm":null},{"date":"19501021","time":"1800","status":"TD","lat":30.8,"lon":-82.7,"wind_kt":30,"pressure_mb":null,"radius_34kt_nm":null},{"date":"19501022","time":"0000","status":"TD","lat":31.5,"lon":-82.2,"wind_kt":30,"pressure_mb":null,"radius_34kt_nm":null},{"date":"19501022","time":"0600","status":"TD","lat":32,"lon":-81.8,"wind_kt":30,"pressure_mb":null,"radius_34kt_nm":null},{"date":"19501022","time":"1200","status":"TD","lat":32.5,"lon":-81.4,"wind_kt":30,"pressure_mb":null,"radius_34kt_nm":null},{"date":"19501022","time":"1800","status":"EX","lat":33,"lon":-81.2,"wind_kt":30,"pressure_mb":null,"radius_34kt_nm":null}]}},{"type":"Feature","geometry":{"type":"LineString","coordinates":[[-42.2,24.7],[-43.7,25.3],[-45.1,25.8],[-46.3,26.2],[-47.2,26.5],[-47.8,26.8],[-48.2,27.1],[-48.6,27.4],[-49,27.7],[-49.4,28.2],[-49.8,28.9],[-50.2,29.7],[-50.5,30.6],[-50.5,31.8]]},"properties":{"id":"hur-al141950","event_type":"hurricane","name":"MIKE","year":1950,"max_wind_kt":40,"min_pressure_mb":null,"category":0,"preliminary":false,"start_date":"19501025","end_date":"19501028","track":[{"date":"19501025","time":"1200","status":"TD","lat":24.7,"lon":-42.2,"wind_kt":25,"pressure_mb":null,"radius_34kt_nm":null},{"date":"19501025","time":"1800","status":"TD","lat":25.3,"lon":-43.7,"wind_kt":25,"pressure_mb":null,"radius_34kt_nm":null},{"date":"19501026","time":"0000","status":"TD","lat":25.8,"lon":-45.1,"wind_kt":30,"pressure_mb":null,"radius_34kt_nm":null},{"date":"19501026","time":"0600","status":"TD","lat":26.2,"lon":-46.3,"wind_kt":30,"pressure_mb":null,"radius_34kt_nm":null},{"date":"19501026","time":"1200","status":"TS","lat":26.5,"lon":-47.2,"wind_kt":35,"pressure_mb":null,"radius_34kt_nm":null},{"date":"19501026","time":"1800","status":"TS","lat":26.8,"lon":-47.8,"wind_kt":40,"pressure_mb":null,"radius_34kt_nm":null},{"date":"19501027","time":"0000","status":"TS","lat":27.1,"lon":-48.2,"wind_kt":40,"pressure_mb":null,"radius_34kt_nm":null},{"date":"19501027","time":"0600","status":"TS","lat":27.4,"lon":-48.6,"wind_kt":40,"pressure_mb":null,"radius_34kt_nm":null},{"date":"19501027","time":"1200","status":"TS","lat":27.7,"lon":-49,"wind_kt":35,"pressure_mb":null,"radius_34kt_nm":null},{"date":"19501027","time":"1800","status":"TS","lat":28.2,"lon":-49.4,"wind_kt":35,"pressure_mb":null,"radius_34kt_nm":null},{"date":"19501028","time":"0000","status":"TD","lat":28.9,"lon":-49.8,"wind_kt":30,"pressure_mb":null,"radius_34kt_nm":null},{"date":"19501028","time":"0600","status":"TD","lat":29.7,"lon":-50.2,"wind_kt":30,"pressure_mb":null,"radius_34kt_nm":null},{"date":"19501028","time":"1200","status":"TD","lat":30.6,"lon":-50.5,"wind_kt":30,"pressure_mb":null,"radius_34kt_nm":null},{"date":"19501028","time":"1800","status":"TD","lat":31.8,"lon":-50.5,"wind_kt":25,"pressure_mb":null,"radius_34kt_nm":null}]}},{"type":"Feature","geometry":{"type":"LineString","coordinates":[[-26,26],[-26.6,26.7],[-27.2,27.3],[-27.9,27.7],[-28.6,28],[-29.4,28],[-30.3,27.9],[-31.3,27.8],[-32.5,27.5],[-33.8,27]]},"properties":{"id":"hur-al151950","event_type":"hurricane","name":null,"year":1950,"max_wind_kt":45,"min_pressure_mb":null,"category":0,"preliminary":false,"start_date":"19501027","end_date":"19501029","track":[{"date":"19501027","time":"1200","status":"TS","lat":26,"lon":-26,"wind_kt":35,"pressure_mb":null,"radius_34kt_nm":null},{"date":"19501027","time":"1800","status":"TS","lat":26.7,"lon":-26.6,"wind_kt":40,"pressure_mb":null,"radius_34kt_nm":null},{"date":"19501028","time":"0000","status":"TS","lat":27.3,"lon":-27.2,"wind_kt":45,"pressure_mb":null,"radius_34kt_nm":null},{"date":"19501028","time":"0600","status":"TS","lat":27.7,"lon":-27.9,"wind_kt":45,"pressure_mb":null,"radius_34kt_nm":null},{"date":"19501028","time":"1200","status":"TS","lat":28,"lon":-28.6,"wind_kt":45,"pressure_mb":null,"radius_34kt_nm":null},{"date":"19501028","time":"1800","status":"TS","lat":28,"lon":-29.4,"wind_kt":40,"pressure_mb":null,"radius_34kt_nm":null},{"date":"19501029","time":"0000","status":"TS","lat":27.9,"lon":-30.3,"wind_kt":35,"pressure_mb":null,"radius_34kt_nm":null},{"date":"19501029","time":"0600","status":"TD","lat":27.8,"lon":-31.3,"wind_kt":30,"pressure_mb":null,"radius_34kt_nm":null},{"date":"19501029","time":"1200","status":"TD","lat":27.5,"lon":-32.5,"wind_kt":30,"pressure_mb":null,"radius_34kt_nm":null},{"date":"19501029","time":"1800","status":"TD","lat":27,"lon":-33.8,"wind_kt":30,"pressure_mb":null,"radius_34kt_nm":null}]}},{"type":"Feature","geometry":{"type":"LineString","coordinates":[[-58.5,33.7],[-59.6,33.7],[-60.4,33.7],[-61,33.9],[-61,34.3],[-60.3,34.9],[-59.2,35.4],[-58.1,35.9],[-57,36.9],[-55.7,38]]},"properties":{"id":"hur-al161950","event_type":"hurricane","name":null,"year":1950,"max_wind_kt":60,"min_pressure_mb":null,"category":0,"preliminary":false,"start_date":"19501110","end_date":"19501112","track":[{"date":"19501110","time":"0000","status":"TS","lat":33.7,"lon":-58.5,"wind_kt":45,"pressure_mb":null,"radius_34kt_nm":null},{"date":"19501110","time":"0600","status":"TS","lat":33.7,"lon":-59.6,"wind_kt":55,"pressure_mb":null,"radius_34kt_nm":null},{"date":"19501110","time":"1200","status":"TS","lat":33.7,"lon":-60.4,"wind_kt":60,"pressure_mb":null,"radius_34kt_nm":null},{"date":"19501110","time":"1800","status":"TS","lat":33.9,"lon":-61,"wind_kt":60,"pressure_mb":null,"radius_34kt_nm":null},{"date":"19501111","time":"0000","status":"TS","lat":34.3,"lon":-61,"wind_kt":55,"pressure_mb":null,"radius_34kt_nm":null},{"date":"19501111","time":"0600","status":"TS","lat":34.9,"lon":-60.3,"wind_kt":45,"pressure_mb":null,"radius_34kt_nm":null},{"date":"19501111","time":"1200","status":"TS","lat":35.4,"lon":-59.2,"wind_kt":40,"pressure_mb":null,"radius_34kt_nm":null},{"date":"19501111","time":"1800","status":"TS","lat":35.9,"lon":-58.1,"wind_kt":35,"pressure_mb":null,"radius_34kt_nm":null},{"date":"19501112","time":"0000","status":"TD","lat":36.9,"lon":-57,"wind_kt":30,"pressure_mb":null,"radius_34kt_nm":null},{"date":"19501112","time":"0600","status":"TD","lat":38,"lon":-55.7,"wind_kt":30,"pressure_mb":null,"radius_34kt_nm":null}]}},{"type":"Feature","geometry":{"type":"LineString","coordinates":[[-58,30.5],[-56.8,29.9],[-55.7,29],[-54.8,27.5],[-54.5,26.5],[-55.2,26.1],[-56.1,25.8],[-57,25.5],[-57.9,25.1],[-58.9,24],[-60,22.7],[-60.7,22.1],[-61.1,21.7],[-61.3,21.5],[-61.5,21.3],[-61.7,21],[-62,20.7],[-62.4,20.3],[-62.9,20.2],[-63.7,20.2],[-64.5,20.6],[-65.2,21],[-65.8,21.3],[-66.2,21.6],[-66.5,21.9],[-66.5,22.3],[-66.1,23],[-65.5,24.3],[-64.9,26],[-64.2,27.5],[-63.4,28.9],[-62.1,30.6],[-60.5,32.6],[-58.8,34.2],[-57.2,35.2],[-55.5,37],[-53.5,39],[-50.7,41.3],[-48,42.5],[-45,43.6],[-41,44.7]]},"properties":{"id":"hur-al011951","event_type":"hurricane","name":null,"year":1951,"max_wind_kt":55,"min_pressure_mb":null,"category":0,"preliminary":false,"start_date":"19510102","end_date":"19510112","track":[{"date":"19510102","time":"1200","status":"EX","lat":30.5,"lon":-58,"wind_kt":50,"pressure_mb":null,"radius_34kt_nm":null},{"date":"19510102","time":"1800","status":"EX","lat":29.9,"lon":-56.8,"wind_kt":45,"pressure_mb":null,"radius_34kt_nm":null},{"date":"19510103","time":"0000","status":"EX","lat":29,"lon":-55.7,"wind_kt":45,"pressure_mb":null,"radius_34kt_nm":null},{"date":"19510103","time":"0600","status":"EX","lat":27.5,"lon":-54.8,"wind_kt":45,"pressure_mb":null,"radius_34kt_nm":null},{"date":"19510103","time":"1200","status":"EX","lat":26.5,"lon":-54.5,"wind_kt":45,"pressure_mb":null,"radius_34kt_nm":null},{"date":"19510103","time":"1800","status":"EX","lat":26.1,"lon":-55.2,"wind_kt":45,"pressure_mb":null,"radius_34kt_nm":null},{"date":"19510104","time":"0000","status":"EX","lat":25.8,"lon":-56.1,"wind_kt":45,"pressure_mb":null,"radius_34kt_nm":null},{"date":"19510104","time":"0600","status":"EX","lat":25.5,"lon":-57,"wind_kt":45,"pressure_mb":null,"radius_34kt_nm":null},{"date":"19510104","time":"1200","status":"EX","lat":25.1,"lon":-57.9,"wind_kt":45,"pressure_mb":null,"radius_34kt_nm":null},{"date":"19510104","time":"1800","status":"TS","lat":24,"lon":-58.9,"wind_kt":45,"pressure_mb":null,"radius_34kt_nm":null},{"date":"19510105","time":"0000","status":"TS","lat":22.7,"lon":-60,"wind_kt":45,"pressure_mb":null,"radius_34kt_nm":null},{"date":"19510105","time":"0600","status":"TS","lat":22.1,"lon":-60.7,"wind_kt":45,"pressure_mb":null,"radius_34kt_nm":null},{"date":"19510105","time":"1200","status":"TS","lat":21.7,"lon":-61.1,"wind_kt":45,"pressure_mb":null,"radius_34kt_nm":null},{"date":"19510105","time":"1800","status":"TS","lat":21.5,"lon":-61.3,"wind_kt":45,"pressure_mb":null,"radius_34kt_nm":null},{"date":"19510106","time":"0000","status":"TS","lat":21.3,"lon":-61.5,"wind_kt":50,"pressure_mb":null,"radius_34kt_nm":null},{"date":"19510106","time":"0600","status":"TS","lat":21,"lon":-61.7,"wind_kt":50,"pressure_mb":null,"radius_34kt_nm":null},{"date":"19510106","time":"1200","status":"TS","lat":20.7,"lon":-62,"wind_kt":55,"pressure_mb":null,"radius_34kt_nm":null},{"date":"19510106","time":"1800","status":"TS","lat":20.3,"lon":-62.4,"wind_kt":55,"pressure_mb":null,"radius_34kt_nm":null},{"date":"19510107","time":"0000","status":"TS","lat":20.2,"lon":-62.9,"wind_kt":55,"pressure_mb":null,"radius_34kt_nm":null},{"date":"19510107","time":"0600","status":"TS","lat":20.2,"lon":-63.7,"wind_kt":55,"pressure_mb":null,"radius_34kt_nm":null},{"date":"19510107","time":"1200","status":"TS","lat":20.6,"lon":-64.5,"wind_kt":55,"pressure_mb":null,"radius_34kt_nm":null},{"date":"19510107","time":"1800","status":"TS","lat":21,"lon":-65.2,"wind_kt":55,"pressure_mb":null,"radius_34kt_nm":null},{"date":"19510108","time":"0000","status":"TS","lat":21.3,"lon":-65.8,"wind_kt":55,"pressure_mb":null,"radius_34kt_nm":null},{"date":"19510108","time":"0600","status":"TS","lat":21.6,"lon":-66.2,"wind_kt":55,"pressure_mb":null,"radius_34kt_nm":null},{"date":"19510108","time":"1200","status":"TS","lat":21.9,"lon":-66.5,"wind_kt":50,"pressure_mb":null,"radius_34kt_nm":null},{"date":"19510108","time":"1800","status":"TS","lat":22.3,"lon":-66.5,"wind_kt":50,"pressure_mb":null,"radius_34kt_nm":null},{"date":"19510109","time":"0000","status":"TS","lat":23,"lon":-66.1,"wind_kt":50,"pressure_mb":null,"radius_34kt_nm":null},{"date":"19510109","time":"0600","status":"TS","lat":24.3,"lon":-65.5,"wind_kt":50,"pressure_mb":null,"radius_34kt_nm":null},{"date":"19510109","time":"1200","status":"TS","lat":26,"lon":-64.9,"wind_kt":50,"pressure_mb":null,"radius_34kt_nm":null},{"date":"19510109","time":"1800","status":"TS","lat":27.5,"lon":-64.2,"wind_kt":50,"pressure_mb":null,"radius_34kt_nm":null},{"date":"19510110","time":"0000","status":"EX","lat":28.9,"lon":-63.4,"wind_kt":50,"pressure_mb":null,"radius_34kt_nm":null},{"date":"19510110","time":"0600","status":"EX","lat":30.6,"lon":-62.1,"wind_kt":50,"pressure_mb":null,"radius_34kt_nm":null},{"date":"19510110","time":"1200","status":"EX","lat":32.6,"lon":-60.5,"wind_kt":50,"pressure_mb":null,"radius_34kt_nm":null},{"date":"19510110","time":"1800","status":"EX","lat":34.2,"lon":-58.8,"wind_kt":50,"pressure_mb":null,"radius_34kt_nm":null},{"date":"19510111","time":"0000","status":"EX","lat":35.2,"lon":-57.2,"wind_kt":50,"pressure_mb":null,"radius_34kt_nm":null},{"date":"19510111","time":"0600","status":"EX","lat":37,"lon":-55.5,"wind_kt":50,"pressure_mb":null,"radius_34kt_nm":null},{"date":"19510111","time":"1200","status":"EX","lat":39,"lon":-53.5,"wind_kt":45,"pressure_mb":null,"radius_34kt_nm":null},{"date":"19510111","time":"1800","status":"EX","lat":41.3,"lon":-50.7,"wind_kt":45,"pressure_mb":null,"radius_34kt_nm":null},{"date":"19510112","time":"0000","status":"EX","lat":42.5,"lon":-48,"wind_kt":45,"pressure_mb":null,"radius_34kt_nm":null},{"date":"19510112","time":"0600","status":"EX","lat":43.6,"lon":-45,"wind_kt":40,"pressure_mb":null,"radius_34kt_nm":null},{"date":"19510112","time":"1200","status":"EX","lat":44.7,"lon":-41,"wind_kt":40,"pressure_mb":null,"radius_34kt_nm":null}]}},{"type":"Feature","geometry":{"type":"LineString","coordinates":[[-68,32],[-70.8,31.9],[-73.8,31.6],[-76.4,30.6],[-77.5,29.4],[-78.4,28.8],[-78.8,28.2],[-78.9,27.5],[-78.6,27.1],[-78.3,26.9],[-77.9,27],[-77.5,27.2],[-77.2,27.4],[-76.9,27.7],[-76.6,28.1],[-76.3,28.7],[-76,29.5],[-75.7,30.5],[-75.4,31.4],[-75.2,32.4],[-75,33.5],[-74.6,34.7],[-74.2,35.6],[-73.8,36.1],[-73.2,36.3],[-72.3,36.5],[-71.1,36.6],[-69.9,36.7],[-68.7,36.8],[-67,37],[-65,37.3],[-63.5,37.6],[-62.2,38],[-61.2,38.7],[-60,39.7],[-58.7,40.5]]},"properties":{"id":"hur-al021951","event_type":"hurricane","name":"ABLE","year":1951,"max_wind_kt":80,"min_pressure_mb":973,"category":1,"preliminary":false,"start_date":"19510516","end_date":"19510524","track":[{"date":"19510516","time":"0000","status":"TD","lat":32,"lon":-68,"wind_kt":30,"pressure_mb":null,"radius_34kt_nm":null},{"date":"19510516","time":"0600","status":"TD","lat":31.9,"lon":-70.8,"wind_kt":30,"pressure_mb":null,"radius_34kt_nm":null},{"date":"19510516","time":"1200","status":"TS","lat":31.6,"lon":-73.8,"wind_kt":35,"pressure_mb":null,"radius_34kt_nm":null},{"date":"19510516","time":"1800","status":"TS","lat":30.6,"lon":-76.4,"wind_kt":35,"pressure_mb":null,"radius_34kt_nm":null},{"date":"19510517","time":"0000","status":"TS","lat":29.4,"lon":-77.5,"wind_kt":45,"pressure_mb":null,"radius_34kt_nm":null},{"date":"19510517","time":"0600","status":"TS","lat":28.8,"lon":-78.4,"wind_kt":55,"pressure_mb":null,"radius_34kt_nm":null},{"date":"19510517","time":"1200","status":"HU","lat":28.2,"lon":-78.8,"wind_kt":65,"pressure_mb":null,"radius_34kt_nm":null},{"date":"19510517","time":"1800","status":"HU","lat":27.5,"lon":-78.9,"wind_kt":70,"pressure_mb":983,"radius_34kt_nm":null},{"date":"19510518","time":"0000","status":"HU","lat":27.1,"lon":-78.6,"wind_kt":75,"pressure_mb":null,"radius_34kt_nm":null},{"date":"19510518","time":"0600","status":"HU","lat":26.9,"lon":-78.3,"wind_kt":75,"pressure_mb":null,"radius_34kt_nm":null},{"date":"19510518","time":"1200","status":"HU","lat":27,"lon":-77.9,"wind_kt":75,"pressure_mb":982,"radius_34kt_nm":null},{"date":"19510518","time":"1800","status":"HU","lat":27.2,"lon":-77.5,"wind_kt":70,"pressure_mb":985,"radius_34kt_nm":null},{"date":"19510519","time":"0000","status":"HU","lat":27.4,"lon":-77.2,"wind_kt":70,"pressure_mb":null,"radius_34kt_nm":null},{"date":"19510519","time":"0600","status":"HU","lat":27.7,"lon":-76.9,"wind_kt":70,"pressure_mb":null,"radius_34kt_nm":null},{"date":"19510519","time":"1200","status":"HU","lat":28.1,"lon":-76.6,"wind_kt":75,"pressure_mb":982,"radius_34kt_nm":null},{"date":"19510519","time":"1800","status":"HU","lat":28.7,"lon":-76.3,"wind_kt":75,"pressure_mb":null,"radius_34kt_nm":null},{"date":"19510520","time":"0000","status":"HU","lat":29.5,"lon":-76,"wind_kt":75,"pressure_mb":980,"radius_34kt_nm":null},{"date":"19510520","time":"0600","status":"HU","lat":30.5,"lon":-75.7,"wind_kt":75,"pressure_mb":null,"radius_34kt_nm":null},{"date":"19510520","time":"1200","status":"HU","lat":31.4,"lon":-75.4,"wind_kt":75,"pressure_mb":null,"radius_34kt_nm":null},{"date":"19510520","time":"1800","status":"HU","lat":32.4,"lon":-75.2,"wind_kt":75,"pressure_mb":979,"radius_34kt_nm":null},{"date":"19510521","time":"0000","status":"HU","lat":33.5,"lon":-75,"wind_kt":75,"pressure_mb":null,"radius_34kt_nm":null},{"date":"19510521","time":"0600","status":"HU","lat":34.7,"lon":-74.6,"wind_kt":75,"pressure_mb":null,"radius_34kt_nm":null},{"date":"19510521","time":"1200","status":"HU","lat":35.6,"lon":-74.2,"wind_kt":75,"pressure_mb":978,"radius_34kt_nm":null},{"date":"19510521","time":"1800","status":"HU","lat":36.1,"lon":-73.8,"wind_kt":75,"pressure_mb":976,"radius_34kt_nm":null},{"date":"19510522","time":"0000","status":"HU","lat":36.3,"lon":-73.2,"wind_kt":80,"pressure_mb":null,"radius_34kt_nm":null},{"date":"19510522","time":"0600","status":"HU","lat":36.5,"lon":-72.3,"wind_kt":80,"pressure_mb":null,"radius_34kt_nm":null},{"date":"19510522","time":"1200","status":"HU","lat":36.6,"lon":-71.1,"wind_kt":80,"pressure_mb":973,"radius_34kt_nm":null},{"date":"19510522","time":"1800","status":"HU","lat":36.7,"lon":-69.9,"wind_kt":80,"pressure_mb":null,"radius_34kt_nm":null},{"date":"19510523","time":"0000","status":"HU","lat":36.8,"lon":-68.7,"wind_kt":80,"pressure_mb":null,"radius_34kt_nm":null},{"date":"19510523","time":"0600","status":"HU","lat":37,"lon":-67,"wind_kt":80,"pressure_mb":null,"radius_34kt_nm":null},{"date":"19510523","time":"1200","status":"HU","lat":37.3,"lon":-65,"wind_kt":75,"pressure_mb":984,"radius_34kt_nm":null},{"date":"19510523","time":"1800","status":"HU","lat":37.6,"lon":-63.5,"wind_kt":65,"pressure_mb":null,"radius_34kt_nm":null},{"date":"19510524","time":"0000","status":"TS","lat":38,"lon":-62.2,"wind_kt":55,"pressure_mb":null,"radius_34kt_nm":null},{"date":"19510524","time":"0600","status":"TS","lat":38.7,"lon":-61.2,"wind_kt":50,"pressure_mb":null,"radius_34kt_nm":null},{"date":"19510524","time":"1200","status":"TS","lat":39.7,"lon":-60,"wind_kt":45,"pressure_mb":null,"radius_34kt_nm":null},{"date":"19510524","time":"1800","status":"TS","lat":40.5,"lon":-58.7,"wind_kt":35,"pressure_mb":994,"radius_34kt_nm":null}]}},{"type":"Feature","geometry":{"type":"LineString","coordinates":[[-52.9,20.9],[-53.9,21.8],[-54.9,22.7],[-55.9,23.7],[-56.9,25],[-57.9,26.4],[-58.9,27.7],[-59.8,29],[-60.5,30.4],[-60.8,31.9],[-60.9,33.6],[-60,35.3],[-58.8,37],[-57.5,38.8],[-56.1,40.6]]},"properties":{"id":"hur-al031951","event_type":"hurricane","name":"BAKER","year":1951,"max_wind_kt":50,"min_pressure_mb":996,"category":0,"preliminary":false,"start_date":"19510802","end_date":"19510805","track":[{"date":"19510802","time":"0600","status":"TD","lat":20.9,"lon":-52.9,"wind_kt":30,"pressure_mb":null,"radius_34kt_nm":null},{"date":"19510802","time":"1200","status":"TS","lat":21.8,"lon":-53.9,"wind_kt":35,"pressure_mb":null,"radius_34kt_nm":null},{"date":"19510802","time":"1800","status":"TS","lat":22.7,"lon":-54.9,"wind_kt":45,"pressure_mb":null,"radius_34kt_nm":null},{"date":"19510803","time":"0000","status":"TS","lat":23.7,"lon":-55.9,"wind_kt":45,"pressure_mb":null,"radius_34kt_nm":null},{"date":"19510803","time":"0600","status":"TS","lat":25,"lon":-56.9,"wind_kt":50,"pressure_mb":null,"radius_34kt_nm":null},{"date":"19510803","time":"1200","status":"TS","lat":26.4,"lon":-57.9,"wind_kt":50,"pressure_mb":null,"radius_34kt_nm":null},{"date":"19510803","time":"1800","status":"TS","lat":27.7,"lon":-58.9,"wind_kt":50,"pressure_mb":null,"radius_34kt_nm":null},{"date":"19510804","time":"0000","status":"TS","lat":29,"lon":-59.8,"wind_kt":50,"pressure_mb":null,"radius_34kt_nm":null},{"date":"19510804","time":"0600","status":"TS","lat":30.4,"lon":-60.5,"wind_kt":50,"pressure_mb":null,"radius_34kt_nm":null},{"date":"19510804","time":"1200","status":"TS","lat":31.9,"lon":-60.8,"wind_kt":45,"pressure_mb":999,"radius_34kt_nm":null},{"date":"19510804","time":"1800","status":"TS","lat":33.6,"lon":-60.9,"wind_kt":40,"pressure_mb":null,"radius_34kt_nm":null},{"date":"19510805","time":"0000","status":"TS","lat":35.3,"lon":-60,"wind_kt":40,"pressure_mb":null,"radius_34kt_nm":null},{"date":"19510805","time":"0600","status":"TS","lat":37,"lon":-58.8,"wind_kt":40,"pressure_mb":null,"radius_34kt_nm":null},{"date":"19510805","time":"1200","status":"TS","lat":38.8,"lon":-57.5,"wind_kt":45,"pressure_mb":null,"radius_34kt_nm":null},{"date":"19510805","time":"1800","status":"TS","lat":40.6,"lon":-56.1,"wind_kt":50,"pressure_mb":996,"radius_34kt_nm":null}]}},{"type":"Feature","geometry":{"type":"LineString","coordinates":[[-44.1,12.1],[-45.3,12.1],[-46.2,12.2],[-46.9,12.4],[-47.6,12.6],[-48.4,12.7],[-49.2,12.8],[-50,12.9],[-50.8,13],[-51.6,13.2],[-52.4,13.4],[-53.6,13.6],[-55.3,13.8],[-57.1,14.1],[-58.9,14.4],[-60.7,14.8],[-62.6,15.2],[-64.6,15.6],[-66.7,15.9],[-68.6,16.2],[-70.2,16.3],[-71.7,16.4],[-73.1,16.6],[-74.6,17.1],[-76.2,17.6],[-76.9,17.9],[-77.8,18.1],[-79.4,18.3],[-80.9,18.6],[-82.2,18.9],[-83.4,19.2],[-84.5,19.4],[-85.6,19.8],[-86.7,20.2],[-87,20.3],[-87.3,20.4],[-87.9,20.6],[-89.2,21],[-90.4,21.4],[-91.6,21.6],[-92.7,21.6],[-93.7,21.6],[-94.3,21.6],[-94.9,21.7],[-95.7,21.9],[-96.6,22.1],[-97.5,22.2],[-97.8,22.3],[-98.2,22.3],[-98.8,22.4],[-99.4,22.4],[-99.9,22.4]]},"properties":{"id":"hur-al041951","event_type":"hurricane","name":"CHARLIE","year":1951,"max_wind_kt":115,"min_pressure_mb":968,"category":4,"preliminary":false,"start_date":"19510812","end_date":"19510823","track":[{"date":"19510812","time":"0000","status":"TD","lat":12.1,"lon":-44.1,"wind_kt":30,"pressure_mb":null,"radius_34kt_nm":null},{"date":"19510812","time":"0600","status":"TD","lat":12.1,"lon":-45.3,"wind_kt":30,"pressure_mb":null,"radius_34kt_nm":null},{"date":"19510812","time":"1200","status":"TD","lat":12.2,"lon":-46.2,"wind_kt":30,"pressure_mb":null,"radius_34kt_nm":null},{"date":"19510812","time":"1800","status":"TD","lat":12.4,"lon":-46.9,"wind_kt":30,"pressure_mb":null,"radius_34kt_nm":null},{"date":"19510813","time":"0000","status":"TD","lat":12.6,"lon":-47.6,"wind_kt":30,"pressure_mb":null,"radius_34kt_nm":null},{"date":"19510813","time":"0600","status":"TD","lat":12.7,"lon":-48.4,"wind_kt":30,"pressure_mb":null,"radius_34kt_nm":null},{"date":"19510813","time":"1200","status":"TD","lat":12.8,"lon":-49.2,"wind_kt":30,"pressure_mb":null,"radius_34kt_nm":null},{"date":"19510813","time":"1800","status":"TD","lat":12.9,"lon":-50,"wind_kt":30,"pressure_mb":null,"radius_34kt_nm":null},{"date":"19510814","time":"0000","status":"TS","lat":13,"lon":-50.8,"wind_kt":35,"pressure_mb":null,"radius_34kt_nm":null},{"date":"19510814","time":"0600","status":"TS","lat":13.2,"lon":-51.6,"wind_kt":40,"pressure_mb":null,"radius_34kt_nm":null},{"date":"19510814","time":"1200","status":"TS","lat":13.4,"lon":-52.4,"wind_kt":40,"pressure_mb":null,"radius_34kt_nm":null},{"date":"19510814","time":"1800","status":"TS","lat":13.6,"lon":-53.6,"wind_kt":40,"pressure_mb":null,"radius_34kt_nm":null},{"date":"19510815","time":"0000","status":"TS","lat":13.8,"lon":-55.3,"wind_kt":45,"pressure_mb":null,"radius_34kt_nm":null},{"date":"19510815","time":"0600","status":"TS","lat":14.1,"lon":-57.1,"wind_kt":50,"pressure_mb":null,"radius_34kt_nm":null},{"date":"19510815","time":"1200","status":"TS","lat":14.4,"lon":-58.9,"wind_kt":55,"pressure_mb":999,"radius_34kt_nm":null},{"date":"19510815","time":"1800","status":"TS","lat":14.8,"lon":-60.7,"wind_kt":60,"pressure_mb":null,"radius_34kt_nm":null},{"date":"19510816","time":"0000","status":"TS","lat":15.2,"lon":-62.6,"wind_kt":60,"pressure_mb":null,"radius_34kt_nm":null},{"date":"19510816","time":"0600","status":"HU","lat":15.6,"lon":-64.6,"wind_kt":65,"pressure_mb":null,"radius_34kt_nm":null},{"date":"19510816","time":"1200","status":"HU","lat":15.9,"lon":-66.7,"wind_kt":65,"pressure_mb":992,"radius_34kt_nm":null},{"date":"19510816","time":"1800","status":"HU","lat":16.2,"lon":-68.6,"wind_kt":70,"pressure_mb":null,"radius_34kt_nm":null},{"date":"19510817","time":"0000","status":"HU","lat":16.3,"lon":-70.2,"wind_kt":75,"pressure_mb":null,"radius_34kt_nm":null},{"date":"19510817","time":"0600","status":"HU","lat":16.4,"lon":-71.7,"wind_kt":80,"pressure_mb":null,"radius_34kt_nm":null},{"date":"19510817","time":"1200","status":"HU","lat":16.6,"lon":-73.1,"wind_kt":85,"pressure_mb":978,"radius_34kt_nm":null},{"date":"19510817","time":"1800","status":"HU","lat":17.1,"lon":-74.6,"wind_kt":95,"pressure_mb":971,"radius_34kt_nm":null},{"date":"19510818","time":"0000","status":"HU","lat":17.6,"lon":-76.2,"wind_kt":110,"pressure_mb":null,"radius_34kt_nm":null},{"date":"19510818","time":"0300","status":"HU","lat":17.9,"lon":-76.9,"wind_kt":110,"pressure_mb":null,"radius_34kt_nm":null},{"date":"19510818","time":"0600","status":"HU","lat":18.1,"lon":-77.8,"wind_kt":85,"pressure_mb":null,"radius_34kt_nm":null},{"date":"19510818","time":"1200","status":"HU","lat":18.3,"lon":-79.4,"wind_kt":75,"pressure_mb":null,"radius_34kt_nm":null},{"date":"19510818","time":"1800","status":"HU","lat":18.6,"lon":-80.9,"wind_kt":75,"pressure_mb":null,"radius_34kt_nm":null},{"date":"19510819","time":"0000","status":"HU","lat":18.9,"lon":-82.2,"wind_kt":80,"pressure_mb":982,"radius_34kt_nm":null},{"date":"19510819","time":"0600","status":"HU","lat":19.2,"lon":-83.4,"wind_kt":85,"pressure_mb":null,"radius_34kt_nm":null},{"date":"19510819","time":"1200","status":"HU","lat":19.4,"lon":-84.5,"wind_kt":85,"pressure_mb":976,"radius_34kt_nm":null},{"date":"19510819","time":"1800","status":"HU","lat":19.8,"lon":-85.6,"wind_kt":100,"pressure_mb":null,"radius_34kt_nm":null},{"date":"19510820","time":"0000","status":"HU","lat":20.2,"lon":-86.7,"wind_kt":115,"pressure_mb":null,"radius_34kt_nm":null},{"date":"19510820","time":"0200","status":"HU","lat":20.3,"lon":-87,"wind_kt":115,"pressure_mb":null,"radius_34kt_nm":null},{"date":"19510820","time":"0300","status":"HU","lat":20.4,"lon":-87.3,"wind_kt":115,"pressure_mb":null,"radius_34kt_nm":null},{"date":"19510820","time":"0600","status":"HU","lat":20.6,"lon":-87.9,"wind_kt":90,"pressure_mb":null,"radius_34kt_nm":null},{"date":"19510820","time":"1200","status":"HU","lat":21,"lon":-89.2,"wind_kt":70,"pressure_mb":null,"radius_34kt_nm":null},{"date":"19510820","time":"1800","status":"HU","lat":21.4,"lon":-90.4,"wind_kt":65,"pressure_mb":null,"radius_34kt_nm":null},{"date":"19510821","time":"0000","status":"HU","lat":21.6,"lon":-91.6,"wind_kt":65,"pressure_mb":989,"radius_34kt_nm":null},{"date":"19510821","time":"0600","status":"HU","lat":21.6,"lon":-92.7,"wind_kt":65,"pressure_mb":null,"radius_34kt_nm":null},{"date":"19510821","time":"1200","status":"HU","lat":21.6,"lon":-93.7,"wind_kt":65,"pressure_mb":null,"radius_34kt_nm":null},{"date":"19510821","time":"1800","status":"HU","lat":21.6,"lon":-94.3,"wind_kt":65,"pressure_mb":988,"radius_34kt_nm":null},{"date":"19510822","time":"0000","status":"HU","lat":21.7,"lon":-94.9,"wind_kt":70,"pressure_mb":982,"radius_34kt_nm":null},{"date":"19510822","time":"0600","status":"HU","lat":21.9,"lon":-95.7,"wind_kt":80,"pressure_mb":null,"radius_34kt_nm":null},{"date":"19510822","time":"1200","status":"HU","lat":22.1,"lon":-96.6,"wind_kt":85,"pressure_mb":972,"radius_34kt_nm":null},{"date":"19510822","time":"1800","status":"HU","lat":22.2,"lon":-97.5,"wind_kt":100,"pressure_mb":968,"radius_34kt_nm":null},{"date":"19510822","time":"1900","status":"HU","lat":22.3,"lon":-97.8,"wind_kt":100,"pressure_mb":968,"radius_34kt_nm":null},{"date":"19510823","time":"0000","status":"HU","lat":22.3,"lon":-98.2,"wind_kt":65,"pressure_mb":null,"radius_34kt_nm":null},{"date":"19510823","time":"0600","status":"TS","lat":22.4,"lon":-98.8,"wind_kt":45,"pressure_mb":null,"radius_34kt_nm":null},{"date":"19510823","time":"1200","status":"TS","lat":22.4,"lon":-99.4,"wind_kt":35,"pressure_mb":null,"radius_34kt_nm":null},{"date":"19510823","time":"1800","status":"TD","lat":22.4,"lon":-99.9,"wind_kt":25,"pressure_mb":null,"radius_34kt_nm":null}]}},{"type":"Feature","geometry":{"type":"LineString","coordinates":[[-25.6,12.3],[-26.6,12.3],[-27.6,12.3],[-28.7,12.3],[-29.8,12.3],[-31,12.3],[-32.3,12.3],[-33.6,12.3],[-34.9,12.3],[-36.3,12.3],[-38,12.4],[-39.6,12.6],[-41.2,12.8],[-42.8,13],[-44.4,13.2],[-46.1,13.4],[-47.7,13.6],[-49.4,13.7],[-51.1,13.8],[-52.8,13.9],[-54.4,14],[-56,14.1],[-57.3,14.1],[-58.4,14.1],[-59.7,14.1],[-61.1,14.2],[-62.7,14.2],[-64.3,14.3],[-65.8,14.4],[-67.4,14.6],[-69.4,14.8],[-71.4,15],[-73,15.1],[-74.2,15.1],[-75.3,15.2],[-76.4,15.4],[-77.9,15.5],[-79.5,15.5]]},"properties":{"id":"hur-al051951","event_type":"hurricane","name":"DOG","year":1951,"max_wind_kt":80,"min_pressure_mb":992,"category":1,"preliminary":false,"start_date":"19510827","end_date":"19510905","track":[{"date":"19510827","time":"0600","status":"TD","lat":12.3,"lon":-25.6,"wind_kt":25,"pressure_mb":null,"radius_34kt_nm":null},{"date":"19510827","time":"1200","status":"TD","lat":12.3,"lon":-26.6,"wind_kt":25,"pressure_mb":null,"radius_34kt_nm":null},{"date":"19510827","time":"1800","status":"TD","lat":12.3,"lon":-27.6,"wind_kt":25,"pressure_mb":null,"radius_34kt_nm":null},{"date":"19510828","time":"0000","status":"TD","lat":12.3,"lon":-28.7,"wind_kt":25,"pressure_mb":null,"radius_34kt_nm":null},{"date":"19510828","time":"0600","status":"TD","lat":12.3,"lon":-29.8,"wind_kt":25,"pressure_mb":null,"radius_34kt_nm":null},{"date":"19510828","time":"1200","status":"TD","lat":12.3,"lon":-31,"wind_kt":25,"pressure_mb":null,"radius_34kt_nm":null},{"date":"19510828","time":"1800","status":"TD","lat":12.3,"lon":-32.3,"wind_kt":25,"pressure_mb":null,"radius_34kt_nm":null},{"date":"19510829","time":"0000","status":"TD","lat":12.3,"lon":-33.6,"wind_kt":25,"pressure_mb":null,"radius_34kt_nm":null},{"date":"19510829","time":"0600","status":"TD","lat":12.3,"lon":-34.9,"wind_kt":25,"pressure_mb":null,"radius_34kt_nm":null},{"date":"19510829","time":"1200","status":"TD","lat":12.3,"lon":-36.3,"wind_kt":25,"pressure_mb":null,"radius_34kt_nm":null},{"date":"19510829","time":"1800","status":"TD","lat":12.4,"lon":-38,"wind_kt":25,"pressure_mb":null,"radius_34kt_nm":null},{"date":"19510830","time":"0000","status":"TD","lat":12.6,"lon":-39.6,"wind_kt":25,"pressure_mb":null,"radius_34kt_nm":null},{"date":"19510830","time":"0600","status":"TD","lat":12.8,"lon":-41.2,"wind_kt":30,"pressure_mb":null,"radius_34kt_nm":null},{"date":"19510830","time":"1200","status":"TD","lat":13,"lon":-42.8,"wind_kt":30,"pressure_mb":null,"radius_34kt_nm":null},{"date":"19510830","time":"1800","status":"TD","lat":13.2,"lon":-44.4,"wind_kt":30,"pressure_mb":null,"radius_34kt_nm":null},{"date":"19510831","time":"0000","status":"TS","lat":13.4,"lon":-46.1,"wind_kt":35,"pressure_mb":null,"radius_34kt_nm":null},{"date":"19510831","time":"0600","status":"TS","lat":13.6,"lon":-47.7,"wind_kt":40,"pressure_mb":null,"radius_34kt_nm":null},{"date":"19510831","time":"1200","status":"TS","lat":13.7,"lon":-49.4,"wind_kt":45,"pressure_mb":null,"radius_34kt_nm":null},{"date":"19510831","time":"1800","status":"TS","lat":13.8,"lon":-51.1,"wind_kt":45,"pressure_mb":null,"radius_34kt_nm":null},{"date":"19510901","time":"0000","status":"TS","lat":13.9,"lon":-52.8,"wind_kt":50,"pressure_mb":null,"radius_34kt_nm":null},{"date":"19510901","time":"0600","status":"TS","lat":14,"lon":-54.4,"wind_kt":50,"pressure_mb":null,"radius_34kt_nm":null},{"date":"19510901","time":"1200","status":"TS","lat":14.1,"lon":-56,"wind_kt":55,"pressure_mb":null,"radius_34kt_nm":null},{"date":"19510901","time":"1800","status":"TS","lat":14.1,"lon":-57.3,"wind_kt":60,"pressure_mb":null,"radius_34kt_nm":null},{"date":"19510902","time":"0000","status":"HU","lat":14.1,"lon":-58.4,"wind_kt":65,"pressure_mb":null,"radius_34kt_nm":null},{"date":"19510902","time":"0600","status":"HU","lat":14.1,"lon":-59.7,"wind_kt":70,"pressure_mb":null,"radius_34kt_nm":null},{"date":"19510902","time":"1200","status":"HU","lat":14.2,"lon":-61.1,"wind_kt":80,"pressure_mb":null,"radius_34kt_nm":null},{"date":"19510902","time":"1800","status":"HU","lat":14.2,"lon":-62.7,"wind_kt":75,"pressure_mb":null,"radius_34kt_nm":null},{"date":"19510903","time":"0000","status":"HU","lat":14.3,"lon":-64.3,"wind_kt":70,"pressure_mb":992,"radius_34kt_nm":null},{"date":"19510903","time":"0600","status":"HU","lat":14.4,"lon":-65.8,"wind_kt":70,"pressure_mb":null,"radius_34kt_nm":null},{"date":"19510903","time":"1200","status":"HU","lat":14.6,"lon":-67.4,"wind_kt":70,"pressure_mb":null,"radius_34kt_nm":null},{"date":"19510903","time":"1800","status":"HU","lat":14.8,"lon":-69.4,"wind_kt":70,"pressure_mb":993,"radius_34kt_nm":null},{"date":"19510904","time":"0000","status":"HU","lat":15,"lon":-71.4,"wind_kt":65,"pressure_mb":null,"radius_34kt_nm":null},{"date":"19510904","time":"0600","status":"TS","lat":15.1,"lon":-73,"wind_kt":55,"pressure_mb":null,"radius_34kt_nm":null},{"date":"19510904","time":"1200","status":"TS","lat":15.1,"lon":-74.2,"wind_kt":45,"pressure_mb":1004,"radius_34kt_nm":null},{"date":"19510904","time":"1800","status":"TS","lat":15.2,"lon":-75.3,"wind_kt":40,"pressure_mb":null,"radius_34kt_nm":null},{"date":"19510905","time":"0000","status":"TS","lat":15.4,"lon":-76.4,"wind_kt":35,"pressure_mb":null,"radius_34kt_nm":null},{"date":"19510905","time":"0600","status":"TD","lat":15.5,"lon":-77.9,"wind_kt":30,"pressure_mb":null,"radius_34kt_nm":null},{"date":"19510905","time":"1200","status":"TD","lat":15.5,"lon":-79.5,"wind_kt":25,"pressure_mb":null,"radius_34kt_nm":null}]}},{"type":"Feature","geometry":{"type":"LineString","coordinates":[[-32,12.5],[-33.3,13.2],[-34.5,14],[-35.5,14.6],[-36.4,14.8],[-37.4,15],[-38.6,15.3],[-40.2,15.7],[-41.8,16.1],[-43.3,16.4],[-44.5,16.6],[-45.7,16.7],[-46.9,16.9],[-48.2,17.2],[-49.7,17.8],[-51.3,18.7],[-52.9,19.7],[-54.4,20.6],[-55.9,21.2],[-57.4,21.5],[-59.1,21.9],[-60.6,22.3],[-61.9,22.6],[-63.2,23],[-64.6,23.6],[-66,24.5],[-66.9,25.4],[-67.5,26.2],[-67.6,27.1],[-67.4,27.9],[-67.1,28.6],[-66.4,29.4],[-65.5,29.9],[-64.3,30.5],[-62.6,31.6],[-61.1,33],[-59.7,34.2],[-58.1,35.4],[-56.7,36.7],[-55.5,37.9],[-54.1,39],[-52.6,39.5],[-51.2,39.5],[-49.9,39.5],[-48.6,39.5],[-47,39.5],[-45.5,39.5],[-44,39.7],[-41.5,40.7],[-39.3,41.9],[-37,43.2],[-32.2,44.2],[-28,45.2],[-22.5,46.3],[-17.1,47.5]]},"properties":{"id":"hur-al061951","event_type":"hurricane","name":"EASY","year":1951,"max_wind_kt":130,"min_pressure_mb":937,"category":4,"preliminary":false,"start_date":"19510901","end_date":"19510914","track":[{"date":"19510901","time":"0600","status":"TD","lat":12.5,"lon":-32,"wind_kt":30,"pressure_mb":null,"radius_34kt_nm":null},{"date":"19510901","time":"1200","status":"TD","lat":13.2,"lon":-33.3,"wind_kt":30,"pressure_mb":null,"radius_34kt_nm":null},{"date":"19510901","time":"1800","status":"TS","lat":14,"lon":-34.5,"wind_kt":35,"pressure_mb":null,"radius_34kt_nm":null},{"date":"19510902","time":"0000","status":"TS","lat":14.6,"lon":-35.5,"wind_kt":35,"pressure_mb":null,"radius_34kt_nm":null},{"date":"19510902","time":"0600","status":"TS","lat":14.8,"lon":-36.4,"wind_kt":40,"pressure_mb":null,"radius_34kt_nm":null},{"date":"19510902","time":"1200","status":"TS","lat":15,"lon":-37.4,"wind_kt":40,"pressure_mb":null,"radius_34kt_nm":null},{"date":"19510902","time":"1800","status":"TS","lat":15.3,"lon":-38.6,"wind_kt":40,"pressure_mb":null,"radius_34kt_nm":null},{"date":"19510903","time":"0000","status":"TS","lat":15.7,"lon":-40.2,"wind_kt":45,"pressure_mb":null,"radius_34kt_nm":null},{"date":"19510903","time":"0600","status":"TS","lat":16.1,"lon":-41.8,"wind_kt":55,"pressure_mb":null,"radius_34kt_nm":null},{"date":"19510903","time":"1200","status":"HU","lat":16.4,"lon":-43.3,"wind_kt":65,"pressure_mb":null,"radius_34kt_nm":null},{"date":"19510903","time":"1800","status":"HU","lat":16.6,"lon":-44.5,"wind_kt":70,"pressure_mb":null,"radius_34kt_nm":null},{"date":"19510904","time":"0000","status":"HU","lat":16.7,"lon":-45.7,"wind_kt":75,"pressure_mb":null,"radius_34kt_nm":null},{"date":"19510904","time":"0600","status":"HU","lat":16.9,"lon":-46.9,"wind_kt":80,"pressure_mb":null,"radius_34kt_nm":null},{"date":"19510904","time":"1200","status":"HU","lat":17.2,"lon":-48.2,"wind_kt":85,"pressure_mb":null,"radius_34kt_nm":null},{"date":"19510904","time":"1800","status":"HU","lat":17.8,"lon":-49.7,"wind_kt":90,"pressure_mb":null,"radius_34kt_nm":null},{"date":"19510905","time":"0000","status":"HU","lat":18.7,"lon":-51.3,"wind_kt":95,"pressure_mb":null,"radius_34kt_nm":null},{"date":"19510905","time":"0600","status":"HU","lat":19.7,"lon":-52.9,"wind_kt":95,"pressure_mb":null,"radius_34kt_nm":null},{"date":"19510905","time":"1200","status":"HU","lat":20.6,"lon":-54.4,"wind_kt":90,"pressure_mb":null,"radius_34kt_nm":null},{"date":"19510905","time":"1800","status":"HU","lat":21.2,"lon":-55.9,"wind_kt":90,"pressure_mb":null,"radius_34kt_nm":null},{"date":"19510906","time":"0000","status":"HU","lat":21.5,"lon":-57.4,"wind_kt":85,"pressure_mb":null,"radius_34kt_nm":null},{"date":"19510906","time":"0600","status":"HU","lat":21.9,"lon":-59.1,"wind_kt":85,"pressure_mb":null,"radius_34kt_nm":null},{"date":"19510906","time":"1200","status":"HU","lat":22.3,"lon":-60.6,"wind_kt":90,"pressure_mb":967,"radius_34kt_nm":null},{"date":"19510906","time":"1800","status":"HU","lat":22.6,"lon":-61.9,"wind_kt":100,"pressure_mb":957,"radius_34kt_nm":null},{"date":"19510907","time":"0000","status":"HU","lat":23,"lon":-63.2,"wind_kt":110,"pressure_mb":null,"radius_34kt_nm":null},{"date":"19510907","time":"0600","status":"HU","lat":23.6,"lon":-64.6,"wind_kt":115,"pressure_mb":null,"radius_34kt_nm":null},{"date":"19510907","time":"1200","status":"HU","lat":24.5,"lon":-66,"wind_kt":120,"pressure_mb":null,"radius_34kt_nm":null},{"date":"19510907","time":"1800","status":"HU","lat":25.4,"lon":-66.9,"wind_kt":125,"pressure_mb":937,"radius_34kt_nm":null},{"date":"19510908","time":"0000","status":"HU","lat":26.2,"lon":-67.5,"wind_kt":130,"pressure_mb":null,"radius_34kt_nm":null},{"date":"19510908","time":"0600","status":"HU","lat":27.1,"lon":-67.6,"wind_kt":130,"pressure_mb":null,"radius_34kt_nm":null},{"date":"19510908","time":"1200","status":"HU","lat":27.9,"lon":-67.4,"wind_kt":125,"pressure_mb":null,"radius_34kt_nm":null},{"date":"19510908","time":"1800","status":"HU","lat":28.6,"lon":-67.1,"wind_kt":120,"pressure_mb":null,"radius_34kt_nm":null},{"date":"19510909","time":"0000","status":"HU","lat":29.4,"lon":-66.4,"wind_kt":110,"pressure_mb":null,"radius_34kt_nm":null},{"date":"19510909","time":"0600","status":"HU","lat":29.9,"lon":-65.5,"wind_kt":100,"pressure_mb":null,"radius_34kt_nm":null},{"date":"19510909","time":"1200","status":"HU","lat":30.5,"lon":-64.3,"wind_kt":95,"pressure_mb":null,"radius_34kt_nm":null},{"date":"19510909","time":"1800","status":"HU","lat":31.6,"lon":-62.6,"wind_kt":90,"pressure_mb":null,"radius_34kt_nm":null},{"date":"19510910","time":"0000","status":"HU","lat":33,"lon":-61.1,"wind_kt":85,"pressure_mb":null,"radius_34kt_nm":null},{"date":"19510910","time":"0600","status":"HU","lat":34.2,"lon":-59.7,"wind_kt":85,"pressure_mb":null,"radius_34kt_nm":null},{"date":"19510910","time":"1200","status":"HU","lat":35.4,"lon":-58.1,"wind_kt":85,"pressure_mb":null,"radius_34kt_nm":null},{"date":"19510910","time":"1800","status":"HU","lat":36.7,"lon":-56.7,"wind_kt":80,"pressure_mb":null,"radius_34kt_nm":null},{"date":"19510911","time":"0000","status":"HU","lat":37.9,"lon":-55.5,"wind_kt":80,"pressure_mb":null,"radius_34kt_nm":null},{"date":"19510911","time":"0600","status":"HU","lat":39,"lon":-54.1,"wind_kt":75,"pressure_mb":null,"radius_34kt_nm":null},{"date":"19510911","time":"1200","status":"HU","lat":39.5,"lon":-52.6,"wind_kt":70,"pressure_mb":null,"radius_34kt_nm":null},{"date":"19510911","time":"1800","status":"EX","lat":39.5,"lon":-51.2,"wind_kt":70,"pressure_mb":null,"radius_34kt_nm":null},{"date":"19510912","time":"0000","status":"EX","lat":39.5,"lon":-49.9,"wind_kt":65,"pressure_mb":null,"radius_34kt_nm":null},{"date":"19510912","time":"0600","status":"EX","lat":39.5,"lon":-48.6,"wind_kt":65,"pressure_mb":null,"radius_34kt_nm":null},{"date":"19510912","time":"1200","status":"EX","lat":39.5,"lon":-47,"wind_kt":60,"pressure_mb":null,"radius_34kt_nm":null},{"date":"19510912","time":"1800","status":"EX","lat":39.5,"lon":-45.5,"wind_kt":60,"pressure_mb":null,"radius_34kt_nm":null},{"date":"19510913","time":"0000","status":"EX","lat":39.7,"lon":-44,"wind_kt":60,"pressure_mb":null,"radius_34kt_nm":null},{"date":"19510913","time":"0600","status":"EX","lat":40.7,"lon":-41.5,"wind_kt":60,"pressure_mb":null,"radius_34kt_nm":null},{"date":"19510913","time":"1200","status":"EX","lat":41.9,"lon":-39.3,"wind_kt":60,"pressure_mb":null,"radius_34kt_nm":null},{"date":"19510913","time":"1800","status":"EX","lat":43.2,"lon":-37,"wind_kt":60,"pressure_mb":null,"radius_34kt_nm":null},{"date":"19510914","time":"0000","status":"EX","lat":44.2,"lon":-32.2,"wind_kt":60,"pressure_mb":null,"radius_34kt_nm":null},{"date":"19510914","time":"0600","status":"EX","lat":45.2,"lon":-28,"wind_kt":65,"pressure_mb":null,"radius_34kt_nm":null},{"date":"19510914","time":"1200","status":"EX","lat":46.3,"lon":-22.5,"wind_kt":65,"pressure_mb":null,"radius_34kt_nm":null},{"date":"19510914","time":"1800","status":"EX","lat":47.5,"lon":-17.1,"wind_kt":60,"pressure_mb":null,"radius_34kt_nm":null}]}},{"type":"Feature","geometry":{"type":"LineString","coordinates":[[-20.3,12.6],[-21.8,12.7],[-23.3,12.8],[-24.7,13],[-26,13.2],[-27.3,13.4],[-29,13.6],[-31,14.2],[-32.8,14.9],[-34.5,15.6],[-36.2,16.3],[-37.8,16.8],[-39.3,17.3],[-40.7,17.8],[-42.1,18.3],[-43.7,18.9],[-45.6,19.6],[-47.3,20.3],[-49,21.1],[-50.7,22],[-52.4,23.1],[-53.8,24.3],[-55.2,25.5],[-56.6,27.2],[-57.9,29.6],[-58.7,32.2],[-59.1,35.1],[-58.2,37.8],[-54.6,40.3],[-50.5,42.3],[-43.9,44.5],[-36.8,47.2],[-29.8,50],[-24,53.5],[-21.2,57.5]]},"properties":{"id":"hur-al071951","event_type":"hurricane","name":"FOX","year":1951,"max_wind_kt":100,"min_pressure_mb":null,"category":3,"preliminary":false,"start_date":"19510902","end_date":"19510911","track":[{"date":"19510902","time":"1800","status":"TD","lat":12.6,"lon":-20.3,"wind_kt":30,"pressure_mb":null,"radius_34kt_nm":null},{"date":"19510903","time":"0000","status":"TS","lat":12.7,"lon":-21.8,"wind_kt":40,"pressure_mb":null,"radius_34kt_nm":null},{"date":"19510903","time":"0600","status":"TS","lat":12.8,"lon":-23.3,"wind_kt":45,"pressure_mb":null,"radius_34kt_nm":null},{"date":"19510903","time":"1200","status":"TS","lat":13,"lon":-24.7,"wind_kt":50,"pressure_mb":null,"radius_34kt_nm":null},{"date":"19510903","time":"1800","status":"TS","lat":13.2,"lon":-26,"wind_kt":50,"pressure_mb":null,"radius_34kt_nm":null},{"date":"19510904","time":"0000","status":"TS","lat":13.4,"lon":-27.3,"wind_kt":55,"pressure_mb":null,"radius_34kt_nm":null},{"date":"19510904","time":"0600","status":"TS","lat":13.6,"lon":-29,"wind_kt":55,"pressure_mb":null,"radius_34kt_nm":null},{"date":"19510904","time":"1200","status":"TS","lat":14.2,"lon":-31,"wind_kt":55,"pressure_mb":null,"radius_34kt_nm":null},{"date":"19510904","time":"1800","status":"TS","lat":14.9,"lon":-32.8,"wind_kt":60,"pressure_mb":null,"radius_34kt_nm":null},{"date":"19510905","time":"0000","status":"HU","lat":15.6,"lon":-34.5,"wind_kt":65,"pressure_mb":null,"radius_34kt_nm":null},{"date":"19510905","time":"0600","status":"HU","lat":16.3,"lon":-36.2,"wind_kt":70,"pressure_mb":null,"radius_34kt_nm":null},{"date":"19510905","time":"1200","status":"HU","lat":16.8,"lon":-37.8,"wind_kt":75,"pressure_mb":null,"radius_34kt_nm":null},{"date":"19510905","time":"1800","status":"HU","lat":17.3,"lon":-39.3,"wind_kt":75,"pressure_mb":null,"radius_34kt_nm":null},{"date":"19510906","time":"0000","status":"HU","lat":17.8,"lon":-40.7,"wind_kt":80,"pressure_mb":null,"radius_34kt_nm":null},{"date":"19510906","time":"0600","status":"HU","lat":18.3,"lon":-42.1,"wind_kt":85,"pressure_mb":null,"radius_34kt_nm":null},{"date":"19510906","time":"1200","status":"HU","lat":18.9,"lon":-43.7,"wind_kt":90,"pressure_mb":null,"radius_34kt_nm":null},{"date":"19510906","time":"1800","status":"HU","lat":19.6,"lon":-45.6,"wind_kt":90,"pressure_mb":null,"radius_34kt_nm":null},{"date":"19510907","time":"0000","status":"HU","lat":20.3,"lon":-47.3,"wind_kt":95,"pressure_mb":null,"radius_34kt_nm":null},{"date":"19510907","time":"0600","status":"HU","lat":21.1,"lon":-49,"wind_kt":95,"pressure_mb":null,"radius_34kt_nm":null},{"date":"19510907","time":"1200","status":"HU","lat":22,"lon":-50.7,"wind_kt":100,"pressure_mb":null,"radius_34kt_nm":null},{"date":"19510907","time":"1800","status":"HU","lat":23.1,"lon":-52.4,"wind_kt":100,"pressure_mb":null,"radius_34kt_nm":null},{"date":"19510908","time":"0000","status":"HU","lat":24.3,"lon":-53.8,"wind_kt":100,"pressure_mb":null,"radius_34kt_nm":null},{"date":"19510908","time":"0600","status":"HU","lat":25.5,"lon":-55.2,"wind_kt":95,"pressure_mb":null,"radius_34kt_nm":null},{"date":"19510908","time":"1200","status":"HU","lat":27.2,"lon":-56.6,"wind_kt":95,"pressure_mb":null,"radius_34kt_nm":null},{"date":"19510908","time":"1800","status":"HU","lat":29.6,"lon":-57.9,"wind_kt":95,"pressure_mb":null,"radius_34kt_nm":null},{"date":"19510909","time":"0000","status":"HU","lat":32.2,"lon":-58.7,"wind_kt":90,"pressure_mb":null,"radius_34kt_nm":null},{"date":"19510909","time":"0600","status":"HU","lat":35.1,"lon":-59.1,"wind_kt":90,"pressure_mb":null,"radius_34kt_nm":null},{"date":"19510909","time":"1200","status":"HU","lat":37.8,"lon":-58.2,"wind_kt":85,"pressure_mb":null,"radius_34kt_nm":null},{"date":"19510909","time":"1800","status":"HU","lat":40.3,"lon":-54.6,"wind_kt":80,"pressure_mb":null,"radius_34kt_nm":null},{"date":"19510910","time":"0000","status":"EX","lat":42.3,"lon":-50.5,"wind_kt":75,"pressure_mb":null,"radius_34kt_nm":null},{"date":"19510910","time":"0600","status":"EX","lat":44.5,"lon":-43.9,"wind_kt":75,"pressure_mb":null,"radius_34kt_nm":null},{"date":"19510910","time":"1200","status":"EX","lat":47.2,"lon":-36.8,"wind_kt":75,"pressure_mb":null,"radius_34kt_nm":null},{"date":"19510910","time":"1800","status":"EX","lat":50,"lon":-29.8,"wind_kt":75,"pressure_mb":null,"radius_34kt_nm":null},{"date":"19510911","time":"0000","status":"EX","lat":53.5,"lon":-24,"wind_kt":65,"pressure_mb":null,"radius_34kt_nm":null},{"date":"19510911","time":"0600","status":"EX","lat":57.5,"lon":-21.2,"wind_kt":55,"pressure_mb":null,"radius_34kt_nm":null}]}},{"type":"Feature","geometry":{"type":"LineString","coordinates":[[-93.2,19.4],[-93.4,19.5],[-93.7,19.7],[-94.2,20.2],[-95.2,20.8],[-95.8,21],[-96.4,21.2],[-97.1,21.5],[-97.4,21.6],[-97.8,21.8],[-98.6,22.3]]},"properties":{"id":"hur-al081951","event_type":"hurricane","name":"GEORGE","year":1951,"max_wind_kt":50,"min_pressure_mb":999,"category":0,"preliminary":false,"start_date":"19510919","end_date":"19510922","track":[{"date":"19510919","time":"1800","status":"TD","lat":19.4,"lon":-93.2,"wind_kt":30,"pressure_mb":null,"radius_34kt_nm":null},{"date":"19510920","time":"0000","status":"TS","lat":19.5,"lon":-93.4,"wind_kt":40,"pressure_mb":null,"radius_34kt_nm":null},{"date":"19510920","time":"0600","status":"TS","lat":19.7,"lon":-93.7,"wind_kt":40,"pressure_mb":null,"radius_34kt_nm":null},{"date":"19510920","time":"1200","status":"TS","lat":20.2,"lon":-94.2,"wind_kt":45,"pressure_mb":null,"radius_34kt_nm":null},{"date":"19510920","time":"1800","status":"TS","lat":20.8,"lon":-95.2,"wind_kt":50,"pressure_mb":999,"radius_34kt_nm":null},{"date":"19510921","time":"0000","status":"TS","lat":21,"lon":-95.8,"wind_kt":50,"pressure_mb":null,"radius_34kt_nm":null},{"date":"19510921","time":"0600","status":"TS","lat":21.2,"lon":-96.4,"wind_kt":50,"pressure_mb":null,"radius_34kt_nm":null},{"date":"19510921","time":"1200","status":"TS","lat":21.5,"lon":-97.1,"wind_kt":50,"pressure_mb":null,"radius_34kt_nm":null},{"date":"19510921","time":"1400","status":"TS","lat":21.6,"lon":-97.4,"wind_kt":50,"pressure_mb":null,"radius_34kt_nm":null},{"date":"19510921","time":"1800","status":"TS","lat":21.8,"lon":-97.8,"wind_kt":35,"pressure_mb":null,"radius_34kt_nm":null},{"date":"19510922","time":"0000","status":"TD","lat":22.3,"lon":-98.6,"wind_kt":25,"pressure_mb":null,"radius_34kt_nm":null}]}},{"type":"Feature","geometry":{"type":"LineString","coordinates":[[-85.8,20.2],[-86.6,21.1],[-87.2,21.9],[-87.3,22.7],[-87.3,23.3],[-87.4,23.9],[-87.5,24.5],[-87.6,25],[-87.7,25.5],[-87.6,25.8],[-86.8,26.1],[-86,26.3],[-84.8,26.4],[-83.3,26.6],[-82.3,26.7],[-81.7,26.8],[-80.1,27.6],[-78.7,28.8],[-77.3,30.1],[-76.5,31.4],[-76.1,32.1],[-75.7,32.8],[-75.2,33.6],[-74.6,34.3],[-74,34.9],[-73.4,35.4],[-72.6,36.1],[-71.6,36.9],[-70.4,37.7],[-69.2,38.4],[-67.6,39.1],[-65.4,39.7],[-61.2,40.3],[-56.7,41.2],[-51,42.3],[-45.5,43.5],[-39.8,44.7],[-34,46.4],[-29.3,49.3],[-26.3,52.3],[-23,56.3],[-21,59.3],[-19.5,64],[-17,67],[-13,70],[-8,73],[-2,75.5],[5,78],[14,79.5],[24,80.3],[35,80.8],[48,81],[63,81]]},"properties":{"id":"hur-al091951","event_type":"hurricane","name":"HOW","year":1951,"max_wind_kt":85,"min_pressure_mb":963,"category":2,"preliminary":false,"start_date":"19510929","end_date":"19511011","track":[{"date":"19510929","time":"0000","status":"TD","lat":20.2,"lon":-85.8,"wind_kt":25,"pressure_mb":null,"radius_34kt_nm":null},{"date":"19510929","time":"0600","status":"TD","lat":21.1,"lon":-86.6,"wind_kt":25,"pressure_mb":null,"radius_34kt_nm":null},{"date":"19510929","time":"1200","status":"TD","lat":21.9,"lon":-87.2,"wind_kt":25,"pressure_mb":null,"radius_34kt_nm":null},{"date":"19510929","time":"1800","status":"TD","lat":22.7,"lon":-87.3,"wind_kt":25,"pressure_mb":null,"radius_34kt_nm":null},{"date":"19510930","time":"0000","status":"TD","lat":23.3,"lon":-87.3,"wind_kt":25,"pressure_mb":null,"radius_34kt_nm":null},{"date":"19510930","time":"0600","status":"TD","lat":23.9,"lon":-87.4,"wind_kt":30,"pressure_mb":null,"radius_34kt_nm":null},{"date":"19510930","time":"1200","status":"TD","lat":24.5,"lon":-87.5,"wind_kt":30,"pressure_mb":null,"radius_34kt_nm":null},{"date":"19510930","time":"1800","status":"TS","lat":25,"lon":-87.6,"wind_kt":35,"pressure_mb":null,"radius_34kt_nm":null},{"date":"19511001","time":"0000","status":"TS","lat":25.5,"lon":-87.7,"wind_kt":35,"pressure_mb":null,"radius_34kt_nm":null},{"date":"19511001","time":"0600","status":"TS","lat":25.8,"lon":-87.6,"wind_kt":35,"pressure_mb":null,"radius_34kt_nm":null},{"date":"19511001","time":"1200","status":"TS","lat":26.1,"lon":-86.8,"wind_kt":40,"pressure_mb":1003,"radius_34kt_nm":null},{"date":"19511001","time":"1800","status":"TS","lat":26.3,"lon":-86,"wind_kt":40,"pressure_mb":null,"radius_34kt_nm":null},{"date":"19511002","time":"0000","status":"TS","lat":26.4,"lon":-84.8,"wind_kt":45,"pressure_mb":null,"radius_34kt_nm":null},{"date":"19511002","time":"0600","status":"TS","lat":26.6,"lon":-83.3,"wind_kt":55,"pressure_mb":null,"radius_34kt_nm":null},{"date":"19511002","time":"1000","status":"TS","lat":26.7,"lon":-82.3,"wind_kt":55,"pressure_mb":null,"radius_34kt_nm":null},{"date":"19511002","time":"1200","status":"TS","lat":26.8,"lon":-81.7,"wind_kt":45,"pressure_mb":null,"radius_34kt_nm":null},{"date":"19511002","time":"1800","status":"TS","lat":27.6,"lon":-80.1,"wind_kt":50,"pressure_mb":null,"radius_34kt_nm":null},{"date":"19511003","time":"0000","status":"TS","lat":28.8,"lon":-78.7,"wind_kt":60,"pressure_mb":null,"radius_34kt_nm":null},{"date":"19511003","time":"0600","status":"HU","lat":30.1,"lon":-77.3,"wind_kt":70,"pressure_mb":null,"radius_34kt_nm":null},{"date":"19511003","time":"1200","status":"HU","lat":31.4,"lon":-76.5,"wind_kt":75,"pressure_mb":982,"radius_34kt_nm":null},{"date":"19511003","time":"1800","status":"HU","lat":32.1,"lon":-76.1,"wind_kt":80,"pressure_mb":979,"radius_34kt_nm":null},{"date":"19511004","time":"0000","status":"HU","lat":32.8,"lon":-75.7,"wind_kt":85,"pressure_mb":null,"radius_34kt_nm":null},{"date":"19511004","time":"0600","status":"HU","lat":33.6,"lon":-75.2,"wind_kt":85,"pressure_mb":null,"radius_34kt_nm":null},{"date":"19511004","time":"1200","status":"HU","lat":34.3,"lon":-74.6,"wind_kt":85,"pressure_mb":null,"radius_34kt_nm":null},{"date":"19511004","time":"1800","status":"HU","lat":34.9,"lon":-74,"wind_kt":80,"pressure_mb":975,"radius_34kt_nm":null},{"date":"19511005","time":"0000","status":"HU","lat":35.4,"lon":-73.4,"wind_kt":80,"pressure_mb":null,"radius_34kt_nm":null},{"date":"19511005","time":"0600","status":"HU","lat":36.1,"lon":-72.6,"wind_kt":80,"pressure_mb":null,"radius_34kt_nm":null},{"date":"19511005","time":"1200","status":"HU","lat":36.9,"lon":-71.6,"wind_kt":85,"pressure_mb":972,"radius_34kt_nm":null},{"date":"19511005","time":"1800","status":"HU","lat":37.7,"lon":-70.4,"wind_kt":85,"pressure_mb":null,"radius_34kt_nm":null},{"date":"19511006","time":"0000","status":"HU","lat":38.4,"lon":-69.2,"wind_kt":85,"pressure_mb":null,"radius_34kt_nm":null},{"date":"19511006","time":"0600","status":"HU","lat":39.1,"lon":-67.6,"wind_kt":85,"pressure_mb":null,"radius_34kt_nm":null},{"date":"19511006","time":"1200","status":"EX","lat":39.7,"lon":-65.4,"wind_kt":80,"pressure_mb":null,"radius_34kt_nm":null},{"date":"19511006","time":"1800","status":"EX","lat":40.3,"lon":-61.2,"wind_kt":75,"pressure_mb":963,"radius_34kt_nm":null},{"date":"19511007","time":"0000","status":"EX","lat":41.2,"lon":-56.7,"wind_kt":75,"pressure_mb":null,"radius_34kt_nm":null},{"date":"19511007","time":"0600","status":"EX","lat":42.3,"lon":-51,"wind_kt":75,"pressure_mb":null,"radius_34kt_nm":null},{"date":"19511007","time":"1200","status":"EX","lat":43.5,"lon":-45.5,"wind_kt":75,"pressure_mb":null,"radius_34kt_nm":null},{"date":"19511007","time":"1800","status":"EX","lat":44.7,"lon":-39.8,"wind_kt":75,"pressure_mb":null,"radius_34kt_nm":null},{"date":"19511008","time":"0000","status":"EX","lat":46.4,"lon":-34,"wind_kt":75,"pressure_mb":null,"radius_34kt_nm":null},{"date":"19511008","time":"0600","status":"EX","lat":49.3,"lon":-29.3,"wind_kt":75,"pressure_mb":null,"radius_34kt_nm":null},{"date":"19511008","time":"1200","status":"EX","lat":52.3,"lon":-26.3,"wind_kt":75,"pressure_mb":null,"radius_34kt_nm":null},{"date":"19511008","time":"1800","status":"EX","lat":56.3,"lon":-23,"wind_kt":75,"pressure_mb":null,"radius_34kt_nm":null},{"date":"19511009","time":"0000","status":"EX","lat":59.3,"lon":-21,"wind_kt":70,"pressure_mb":null,"radius_34kt_nm":null},{"date":"19511009","time":"0600","status":"EX","lat":64,"lon":-19.5,"wind_kt":65,"pressure_mb":null,"radius_34kt_nm":null},{"date":"19511009","time":"1200","status":"EX","lat":67,"lon":-17,"wind_kt":60,"pressure_mb":null,"radius_34kt_nm":null},{"date":"19511009","time":"1800","status":"EX","lat":70,"lon":-13,"wind_kt":60,"pressure_mb":null,"radius_34kt_nm":null},{"date":"19511010","time":"0000","status":"EX","lat":73,"lon":-8,"wind_kt":55,"pressure_mb":null,"radius_34kt_nm":null},{"date":"19511010","time":"0600","status":"EX","lat":75.5,"lon":-2,"wind_kt":55,"pressure_mb":null,"radius_34kt_nm":null},{"date":"19511010","time":"1200","status":"EX","lat":78,"lon":5,"wind_kt":50,"pressure_mb":null,"radius_34kt_nm":null},{"date":"19511010","time":"1800","status":"EX","lat":79.5,"lon":14,"wind_kt":50,"pressure_mb":null,"radius_34kt_nm":null},{"date":"19511011","time":"0000","status":"EX","lat":80.3,"lon":24,"wind_kt":50,"pressure_mb":null,"radius_34kt_nm":null},{"date":"19511011","time":"0600","status":"EX","lat":80.8,"lon":35,"wind_kt":50,"pressure_mb":null,"radius_34kt_nm":null},{"date":"19511011","time":"1200","status":"EX","lat":81,"lon":48,"wind_kt":50,"pressure_mb":null,"radius_34kt_nm":null},{"date":"19511011","time":"1800","status":"EX","lat":81,"lon":63,"wind_kt":50,"pressure_mb":null,"radius_34kt_nm":null}]}},{"type":"Feature","geometry":{"type":"LineString","coordinates":[[-80.2,15.5],[-80.6,16.2],[-81.1,16.9],[-81.5,17.4],[-81.8,17.8],[-82.1,18.1],[-82.2,18.5],[-82.2,18.9],[-82,19.5],[-81.9,20.1],[-81.8,20.5],[-81.8,20.7],[-81.9,20.8],[-81.9,20.9],[-81.9,21.1],[-82,21.3],[-82,21.5],[-82,21.7],[-82.1,22],[-82.3,22.3],[-82.5,22.7],[-82.7,23.2],[-82.9,23.6]]},"properties":{"id":"hur-al101951","event_type":"hurricane","name":"ITEM","year":1951,"max_wind_kt":55,"min_pressure_mb":998,"category":0,"preliminary":false,"start_date":"19511012","end_date":"19511017","track":[{"date":"19511012","time":"0600","status":"TD","lat":15.5,"lon":-80.2,"wind_kt":30,"pressure_mb":null,"radius_34kt_nm":null},{"date":"19511012","time":"1200","status":"TD","lat":16.2,"lon":-80.6,"wind_kt":30,"pressure_mb":null,"radius_34kt_nm":null},{"date":"19511012","time":"1800","status":"TD","lat":16.9,"lon":-81.1,"wind_kt":30,"pressure_mb":null,"radius_34kt_nm":null},{"date":"19511013","time":"0000","status":"TD","lat":17.4,"lon":-81.5,"wind_kt":30,"pressure_mb":null,"radius_34kt_nm":null},{"date":"19511013","time":"0600","status":"TS","lat":17.8,"lon":-81.8,"wind_kt":35,"pressure_mb":null,"radius_34kt_nm":null},{"date":"19511013","time":"1200","status":"TS","lat":18.1,"lon":-82.1,"wind_kt":35,"pressure_mb":null,"radius_34kt_nm":null},{"date":"19511013","time":"1800","status":"TS","lat":18.5,"lon":-82.2,"wind_kt":40,"pressure_mb":null,"radius_34kt_nm":null},{"date":"19511014","time":"0000","status":"TS","lat":18.9,"lon":-82.2,"wind_kt":45,"pressure_mb":null,"radius_34kt_nm":null},{"date":"19511014","time":"0600","status":"TS","lat":19.5,"lon":-82,"wind_kt":50,"pressure_mb":null,"radius_34kt_nm":null},{"date":"19511014","time":"1200","status":"TS","lat":20.1,"lon":-81.9,"wind_kt":55,"pressure_mb":null,"radius_34kt_nm":null},{"date":"19511014","time":"1800","status":"TS","lat":20.5,"lon":-81.8,"wind_kt":55,"pressure_mb":1000,"radius_34kt_nm":null},{"date":"19511015","time":"0000","status":"TS","lat":20.7,"lon":-81.8,"wind_kt":55,"pressure_mb":null,"radius_34kt_nm":null},{"date":"19511015","time":"0600","status":"TS","lat":20.8,"lon":-81.9,"wind_kt":55,"pressure_mb":null,"radius_34kt_nm":null},{"date":"19511015","time":"1200","status":"TS","lat":20.9,"lon":-81.9,"wind_kt":55,"pressure_mb":null,"radius_34kt_nm":null},{"date":"19511015","time":"1800","status":"TS","lat":21.1,"lon":-81.9,"wind_kt":55,"pressure_mb":998,"radius_34kt_nm":null},{"date":"19511016","time":"0000","status":"TS","lat":21.3,"lon":-82,"wind_kt":45,"pressure_mb":null,"radius_34kt_nm":null},{"date":"19511016","time":"0600","status":"TS","lat":21.5,"lon":-82,"wind_kt":35,"pressure_mb":null,"radius_34kt_nm":null},{"date":"19511016","time":"1200","status":"TD","lat":21.7,"lon":-82,"wind_kt":25,"pressure_mb":1009,"radius_34kt_nm":null},{"date":"19511016","time":"1800","status":"TD","lat":22,"lon":-82.1,"wind_kt":25,"pressure_mb":null,"radius_34kt_nm":null},{"date":"19511017","time":"0000","status":"TD","lat":22.3,"lon":-82.3,"wind_kt":25,"pressure_mb":null,"radius_34kt_nm":null},{"date":"19511017","time":"0600","status":"TD","lat":22.7,"lon":-82.5,"wind_kt":25,"pressure_mb":null,"radius_34kt_nm":null},{"date":"19511017","time":"1200","status":"TD","lat":23.2,"lon":-82.7,"wind_kt":25,"pressure_mb":null,"radius_34kt_nm":null},{"date":"19511017","time":"1800","status":"TD","lat":23.6,"lon":-82.9,"wind_kt":25,"pressure_mb":null,"radius_34kt_nm":null}]}},{"type":"Feature","geometry":{"type":"LineString","coordinates":[[-76,27.7],[-75.5,29],[-74.9,30.3],[-74.4,31.1],[-73.9,31.5],[-73.3,31.7],[-72.6,32],[-71.9,32.4],[-71,32.9],[-70.2,33.4],[-69.9,33.6],[-70.3,33.8],[-71.1,33.7],[-72,33.5],[-72.3,33.2],[-72.6,32.2],[-72.7,31.6],[-72.1,31],[-71.3,30.4],[-70.7,29.8]]},"properties":{"id":"hur-al111951","event_type":"hurricane","name":"JIG","year":1951,"max_wind_kt":65,"min_pressure_mb":990,"category":1,"preliminary":false,"start_date":"19511015","end_date":"19511020","track":[{"date":"19511015","time":"0600","status":"TS","lat":27.7,"lon":-76,"wind_kt":50,"pressure_mb":null,"radius_34kt_nm":null},{"date":"19511015","time":"1200","status":"HU","lat":29,"lon":-75.5,"wind_kt":65,"pressure_mb":null,"radius_34kt_nm":null},{"date":"19511015","time":"1800","status":"HU","lat":30.3,"lon":-74.9,"wind_kt":65,"pressure_mb":null,"radius_34kt_nm":null},{"date":"19511016","time":"0000","status":"HU","lat":31.1,"lon":-74.4,"wind_kt":65,"pressure_mb":990,"radius_34kt_nm":null},{"date":"19511016","time":"0600","status":"HU","lat":31.5,"lon":-73.9,"wind_kt":65,"pressure_mb":null,"radius_34kt_nm":null},{"date":"19511016","time":"1200","status":"TS","lat":31.7,"lon":-73.3,"wind_kt":60,"pressure_mb":1000,"radius_34kt_nm":null},{"date":"19511016","time":"1800","status":"TS","lat":32,"lon":-72.6,"wind_kt":55,"pressure_mb":null,"radius_34kt_nm":null},{"date":"19511017","time":"0000","status":"TS","lat":32.4,"lon":-71.9,"wind_kt":55,"pressure_mb":999,"radius_34kt_nm":null},{"date":"19511017","time":"0600","status":"TS","lat":32.9,"lon":-71,"wind_kt":55,"pressure_mb":null,"radius_34kt_nm":null},{"date":"19511017","time":"1200","status":"TS","lat":33.4,"lon":-70.2,"wind_kt":55,"pressure_mb":null,"radius_34kt_nm":null},{"date":"19511017","time":"1800","status":"TS","lat":33.6,"lon":-69.9,"wind_kt":55,"pressure_mb":null,"radius_34kt_nm":null},{"date":"19511018","time":"0000","status":"EX","lat":33.8,"lon":-70.3,"wind_kt":60,"pressure_mb":null,"radius_34kt_nm":null},{"date":"19511018","time":"0600","status":"EX","lat":33.7,"lon":-71.1,"wind_kt":60,"pressure_mb":null,"radius_34kt_nm":null},{"date":"19511018","time":"1200","status":"EX","lat":33.5,"lon":-72,"wind_kt":60,"pressure_mb":null,"radius_34kt_nm":null},{"date":"19511018","time":"1800","status":"EX","lat":33.2,"lon":-72.3,"wind_kt":55,"pressure_mb":null,"radius_34kt_nm":null},{"date":"19511019","time":"0000","status":"EX","lat":32.2,"lon":-72.6,"wind_kt":55,"pressure_mb":null,"radius_34kt_nm":null},{"date":"19511019","time":"0600","status":"EX","lat":31.6,"lon":-72.7,"wind_kt":50,"pressure_mb":null,"radius_34kt_nm":null},{"date":"19511019","time":"1200","status":"EX","lat":31,"lon":-72.1,"wind_kt":50,"pressure_mb":null,"radius_34kt_nm":null},{"date":"19511019","time":"1800","status":"EX","lat":30.4,"lon":-71.3,"wind_kt":50,"pressure_mb":null,"radius_34kt_nm":null},{"date":"19511020","time":"0000","status":"EX","lat":29.8,"lon":-70.7,"wind_kt":50,"pressure_mb":null,"radius_34kt_nm":null}]}},{"type":"Feature","geometry":{"type":"LineString","coordinates":[[-53,39],[-50.5,38.8],[-48.1,38.6],[-45.7,38.3],[-44.5,38],[-44.4,37.7],[-44.9,37.5],[-45.4,37.3],[-46,37],[-46.8,36.7],[-47.7,36.4],[-48.4,36],[-48.6,35.5],[-48,35.1],[-47,34.8],[-46.4,34.6],[-46,34.5],[-46.2,34.4],[-46.3,34],[-46.4,33.3],[-46.3,32.7],[-45.7,32.6],[-44.8,32.5],[-43.7,32.5],[-42.3,32.7],[-40.2,33.5],[-37.6,35],[-34.8,36.5],[-32,37.8],[-30,38.8],[-28.8,39],[-27.7,39],[-26.5,39.2],[-25.5,39.6],[-24.7,40.5],[-24,41.5]]},"properties":{"id":"hur-al121951","event_type":"hurricane","name":null,"year":1951,"max_wind_kt":70,"min_pressure_mb":null,"category":1,"preliminary":false,"start_date":"19511203","end_date":"19511212","track":[{"date":"19511203","time":"1200","status":"EX","lat":39,"lon":-53,"wind_kt":60,"pressure_mb":null,"radius_34kt_nm":null},{"date":"19511203","time":"1800","status":"EX","lat":38.8,"lon":-50.5,"wind_kt":65,"pressure_mb":null,"radius_34kt_nm":null},{"date":"19511204","time":"0000","status":"EX","lat":38.6,"lon":-48.1,"wind_kt":65,"pressure_mb":null,"radius_34kt_nm":null},{"date":"19511204","time":"0600","status":"EX","lat":38.3,"lon":-45.7,"wind_kt":65,"pressure_mb":null,"radius_34kt_nm":null},{"date":"19511204","time":"1200","status":"EX","lat":38,"lon":-44.5,"wind_kt":65,"pressure_mb":null,"radius_34kt_nm":null},{"date":"19511204","time":"1800","status":"EX","lat":37.7,"lon":-44.4,"wind_kt":65,"pressure_mb":null,"radius_34kt_nm":null},{"date":"19511205","time":"0000","status":"EX","lat":37.5,"lon":-44.9,"wind_kt":65,"pressure_mb":null,"radius_34kt_nm":null},{"date":"19511205","time":"0600","status":"EX","lat":37.3,"lon":-45.4,"wind_kt":65,"pressure_mb":null,"radius_34kt_nm":null},{"date":"19511205","time":"1200","status":"EX","lat":37,"lon":-46,"wind_kt":65,"pressure_mb":null,"radius_34kt_nm":null},{"date":"19511205","time":"1800","status":"EX","lat":36.7,"lon":-46.8,"wind_kt":60,"pressure_mb":null,"radius_34kt_nm":null},{"date":"19511206","time":"0000","status":"EX","lat":36.4,"lon":-47.7,"wind_kt":60,"pressure_mb":null,"radius_34kt_nm":null},{"date":"19511206","time":"0600","status":"EX","lat":36,"lon":-48.4,"wind_kt":60,"pressure_mb":null,"radius_34kt_nm":null},{"date":"19511206","time":"1200","status":"EX","lat":35.5,"lon":-48.6,"wind_kt":60,"pressure_mb":null,"radius_34kt_nm":null},{"date":"19511206","time":"1800","status":"EX","lat":35.1,"lon":-48,"wind_kt":60,"pressure_mb":null,"radius_34kt_nm":null},{"date":"19511207","time":"0000","status":"EX","lat":34.8,"lon":-47,"wind_kt":60,"pressure_mb":null,"radius_34kt_nm":null},{"date":"19511207","time":"0600","status":"TS","lat":34.6,"lon":-46.4,"wind_kt":60,"pressure_mb":null,"radius_34kt_nm":null},{"date":"19511207","time":"1200","status":"HU","lat":34.5,"lon":-46,"wind_kt":65,"pressure_mb":null,"radius_34kt_nm":null},{"date":"19511207","time":"1800","status":"HU","lat":34.4,"lon":-46.2,"wind_kt":70,"pressure_mb":null,"radius_34kt_nm":null},{"date":"19511208","time":"0000","status":"HU","lat":34,"lon":-46.3,"wind_kt":70,"pressure_mb":null,"radius_34kt_nm":null},{"date":"19511208","time":"0600","status":"HU","lat":33.3,"lon":-46.4,"wind_kt":65,"pressure_mb":null,"radius_34kt_nm":null},{"date":"19511208","time":"1200","status":"TS","lat":32.7,"lon":-46.3,"wind_kt":60,"pressure_mb":null,"radius_34kt_nm":null},{"date":"19511208","time":"1800","status":"TS","lat":32.6,"lon":-45.7,"wind_kt":55,"pressure_mb":null,"radius_34kt_nm":null},{"date":"19511209","time":"0000","status":"TS","lat":32.5,"lon":-44.8,"wind_kt":55,"pressure_mb":null,"radius_34kt_nm":null},{"date":"19511209","time":"0600","status":"TS","lat":32.5,"lon":-43.7,"wind_kt":50,"pressure_mb":null,"radius_34kt_nm":null},{"date":"19511209","time":"1200","status":"TS","lat":32.7,"lon":-42.3,"wind_kt":50,"pressure_mb":null,"radius_34kt_nm":null},{"date":"19511209","time":"1800","status":"TS","lat":33.5,"lon":-40.2,"wind_kt":50,"pressure_mb":null,"radius_34kt_nm":null},{"date":"19511210","time":"0000","status":"TS","lat":35,"lon":-37.6,"wind_kt":50,"pressure_mb":null,"radius_34kt_nm":null},{"date":"19511210","time":"0600","status":"TS","lat":36.5,"lon":-34.8,"wind_kt":55,"pressure_mb":null,"radius_34kt_nm":null},{"date":"19511210","time":"1200","status":"TS","lat":37.8,"lon":-32,"wind_kt":55,"pressure_mb":null,"radius_34kt_nm":null},{"date":"19511210","time":"1800","status":"TS","lat":38.8,"lon":-30,"wind_kt":55,"pressure_mb":null,"radius_34kt_nm":null},{"date":"19511211","time":"0000","status":"TS","lat":39,"lon":-28.8,"wind_kt":50,"pressure_mb":null,"radius_34kt_nm":null},{"date":"19511211","time":"0600","status":"EX","lat":39,"lon":-27.7,"wind_kt":45,"pressure_mb":null,"radius_34kt_nm":null},{"date":"19511211","time":"1200","status":"EX","lat":39.2,"lon":-26.5,"wind_kt":40,"pressure_mb":null,"radius_34kt_nm":null},{"date":"19511211","time":"1800","status":"EX","lat":39.6,"lon":-25.5,"wind_kt":40,"pressure_mb":null,"radius_34kt_nm":null},{"date":"19511212","time":"0000","status":"EX","lat":40.5,"lon":-24.7,"wind_kt":35,"pressure_mb":null,"radius_34kt_nm":null},{"date":"19511212","time":"0600","status":"EX","lat":41.5,"lon":-24,"wind_kt":35,"pressure_mb":null,"radius_34kt_nm":null}]}},{"type":"Feature","geometry":{"type":"LineString","coordinates":[[-87.2,18.5],[-87.4,19.5],[-85.5,21.8],[-82.8,23.7],[-80.6,26.2],[-78.6,28.9],[-77.3,31],[-75.8,33.1],[-74.3,35.4],[-72,38.4],[-69.7,41.4],[-68.4,43.8],[-67.4,46.5]]},"properties":{"id":"hur-al011952","event_type":"hurricane","name":null,"year":1952,"max_wind_kt":60,"min_pressure_mb":null,"category":0,"preliminary":false,"start_date":"19520202","end_date":"19520205","track":[{"date":"19520202","time":"0600","status":"LO","lat":18.5,"lon":-87.2,"wind_kt":25,"pressure_mb":null,"radius_34kt_nm":null},{"date":"19520202","time":"1200","status":"LO","lat":19.5,"lon":-87.4,"wind_kt":25,"pressure_mb":null,"radius_34kt_nm":null},{"date":"19520202","time":"1800","status":"LO","lat":21.8,"lon":-85.5,"wind_kt":30,"pressure_mb":null,"radius_34kt_nm":null},{"date":"19520203","time":"0000","status":"LO","lat":23.7,"lon":-82.8,"wind_kt":40,"pressure_mb":null,"radius_34kt_nm":null},{"date":"19520203","time":"0600","status":"TS","lat":26.2,"lon":-80.6,"wind_kt":55,"pressure_mb":null,"radius_34kt_nm":null},{"date":"19520203","time":"1200","status":"TS","lat":28.9,"lon":-78.6,"wind_kt":55,"pressure_mb":null,"radius_34kt_nm":null},{"date":"19520203","time":"1800","status":"TS","lat":31,"lon":-77.3,"wind_kt":60,"pressure_mb":null,"radius_34kt_nm":null},{"date":"19520204","time":"0000","status":"TS","lat":33.1,"lon":-75.8,"wind_kt":60,"pressure_mb":null,"radius_34kt_nm":null},{"date":"19520204","time":"0600","status":"EX","lat":35.4,"lon":-74.3,"wind_kt":60,"pressure_mb":null,"radius_34kt_nm":null},{"date":"19520204","time":"1200","status":"EX","lat":38.4,"lon":-72,"wind_kt":60,"pressure_mb":null,"radius_34kt_nm":null},{"date":"19520204","time":"1800","status":"EX","lat":41.4,"lon":-69.7,"wind_kt":55,"pressure_mb":null,"radius_34kt_nm":null},{"date":"19520205","time":"0000","status":"EX","lat":43.8,"lon":-68.4,"wind_kt":50,"pressure_mb":null,"radius_34kt_nm":null},{"date":"19520205","time":"0600","status":"EX","lat":46.5,"lon":-67.4,"wind_kt":45,"pressure_mb":null,"radius_34kt_nm":null}]}},{"type":"Feature","geometry":{"type":"LineString","coordinates":[[-19,14.6],[-19.6,14.4],[-20.5,14.3],[-21.5,14.1],[-22.6,13.9],[-23.7,13.7],[-25.1,13.4],[-26.6,13.2],[-28.2,13],[-29.8,12.8],[-31.4,12.6],[-33.1,12.4],[-34.8,12.3],[-36.6,12.3],[-38.4,12.3],[-40.1,12.3],[-41.8,12.6],[-43.4,13],[-45,13.5],[-46.6,14],[-48.2,14.5],[-49.8,15],[-51.2,15.5],[-52.4,16],[-53.6,16.5],[-54.8,17],[-55.8,17.5],[-56.7,18],[-57.6,18.6],[-58.4,19.3],[-59.1,19.8],[-59.9,20],[-60.8,20.3],[-61.7,20.7],[-62.4,21.1],[-63.1,21.4],[-63.8,21.7],[-64.6,21.9],[-65.6,22.2],[-66.7,22.7],[-68,23.4],[-69.3,24.2],[-70.6,25.1],[-71.9,25.9],[-73.4,26.7],[-74.9,27.4],[-76.3,27.9],[-77.7,28.5],[-78.8,29.1],[-79.5,29.8],[-79.9,30.7],[-80.4,31.7],[-80.6,32.3],[-80.8,32.9],[-80.9,34.2],[-80.6,35.4],[-79.9,36.6],[-78.6,38.1],[-77.1,39.5],[-75,40.8],[-72.9,42.2],[-71.5,43],[-70,43.9],[-68.2,45.5],[-65.8,47.2],[-63.5,48.5]]},"properties":{"id":"hur-al021952","event_type":"hurricane","name":"ABLE","year":1952,"max_wind_kt":85,"min_pressure_mb":983,"category":2,"preliminary":false,"start_date":"19520818","end_date":"19520903","track":[{"date":"19520818","time":"0600","status":"TD","lat":14.6,"lon":-19,"wind_kt":25,"pressure_mb":null,"radius_34kt_nm":null},{"date":"19520818","time":"1200","status":"TD","lat":14.4,"lon":-19.6,"wind_kt":25,"pressure_mb":null,"radius_34kt_nm":null},{"date":"19520818","time":"1800","status":"TD","lat":14.3,"lon":-20.5,"wind_kt":25,"pressure_mb":null,"radius_34kt_nm":null},{"date":"19520819","time":"0000","status":"TD","lat":14.1,"lon":-21.5,"wind_kt":25,"pressure_mb":null,"radius_34kt_nm":null},{"date":"19520819","time":"0600","status":"TD","lat":13.9,"lon":-22.6,"wind_kt":25,"pressure_mb":null,"radius_34kt_nm":null},{"date":"19520819","time":"1200","status":"TD","lat":13.7,"lon":-23.7,"wind_kt":25,"pressure_mb":null,"radius_34kt_nm":null},{"date":"19520819","time":"1800","status":"TD","lat":13.4,"lon":-25.1,"wind_kt":25,"pressure_mb":null,"radius_34kt_nm":null},{"date":"19520820","time":"0000","status":"TD","lat":13.2,"lon":-26.6,"wind_kt":25,"pressure_mb":null,"radius_34kt_nm":null},{"date":"19520820","time":"0600","status":"TD","lat":13,"lon":-28.2,"wind_kt":25,"pressure_mb":null,"radius_34kt_nm":null},{"date":"19520820","time":"1200","status":"TD","lat":12.8,"lon":-29.8,"wind_kt":25,"pressure_mb":null,"radius_34kt_nm":null},{"date":"19520820","time":"1800","status":"TD","lat":12.6,"lon":-31.4,"wind_kt":25,"pressure_mb":null,"radius_34kt_nm":null},{"date":"19520821","time":"0000","status":"TD","lat":12.4,"lon":-33.1,"wind_kt":25,"pressure_mb":null,"radius_34kt_nm":null},{"date":"19520821","time":"0600","status":"TD","lat":12.3,"lon":-34.8,"wind_kt":25,"pressure_mb":null,"radius_34kt_nm":null},{"date":"19520821","time":"1200","status":"TD","lat":12.3,"lon":-36.6,"wind_kt":25,"pressure_mb":null,"radius_34kt_nm":null},{"date":"19520821","time":"1800","status":"TD","lat":12.3,"lon":-38.4,"wind_kt":25,"pressure_mb":null,"radius_34kt_nm":null},{"date":"19520822","time":"0000","status":"TD","lat":12.3,"lon":-40.1,"wind_kt":25,"pressure_mb":null,"radius_34kt_nm":null},{"date":"19520822","time":"0600","status":"TD","lat":12.6,"lon":-41.8,"wind_kt":25,"pressure_mb":null,"radius_34kt_nm":null},{"date":"19520822","time":"1200","status":"TD","lat":13,"lon":-43.4,"wind_kt":25,"pressure_mb":null,"radius_34kt_nm":null},{"date":"19520822","time":"1800","status":"TD","lat":13.5,"lon":-45,"wind_kt":25,"pressure_mb":null,"radius_34kt_nm":null},{"date":"19520823","time":"0000","status":"TD","lat":14,"lon":-46.6,"wind_kt":25,"pressure_mb":null,"radius_34kt_nm":null},{"date":"19520823","time":"0600","status":"TD","lat":14.5,"lon":-48.2,"wind_kt":25,"pressure_mb":null,"radius_34kt_nm":null},{"date":"19520823","time":"1200","status":"TD","lat":15,"lon":-49.8,"wind_kt":25,"pressure_mb":null,"radius_34kt_nm":null},{"date":"19520823","time":"1800","status":"TD","lat":15.5,"lon":-51.2,"wind_kt":25,"pressure_mb":null,"radius_34kt_nm":null},{"date":"19520824","time":"0000","status":"TD","lat":16,"lon":-52.4,"wind_kt":25,"pressure_mb":null,"radius_34kt_nm":null},{"date":"19520824","time":"0600","status":"TD","lat":16.5,"lon":-53.6,"wind_kt":25,"pressure_mb":null,"radius_34kt_nm":null},{"date":"19520824","time":"1200","status":"TD","lat":17,"lon":-54.8,"wind_kt":30,"pressure_mb":null,"radius_34kt_nm":null},{"date":"19520824","time":"1800","status":"TS","lat":17.5,"lon":-55.8,"wind_kt":35,"pressure_mb":null,"radius_34kt_nm":null},{"date":"19520825","time":"0000","status":"TS","lat":18,"lon":-56.7,"wind_kt":35,"pressure_mb":null,"radius_34kt_nm":null},{"date":"19520825","time":"0600","status":"TS","lat":18.6,"lon":-57.6,"wind_kt":35,"pressure_mb":null,"radius_34kt_nm":null},{"date":"19520825","time":"1200","status":"TS","lat":19.3,"lon":-58.4,"wind_kt":35,"pressure_mb":null,"radius_34kt_nm":null},{"date":"19520825","time":"1800","status":"TS","lat":19.8,"lon":-59.1,"wind_kt":40,"pressure_mb":null,"radius_34kt_nm":null},{"date":"19520826","time":"0000","status":"TS","lat":20,"lon":-59.9,"wind_kt":40,"pressure_mb":null,"radius_34kt_nm":null},{"date":"19520826","time":"0600","status":"TS","lat":20.3,"lon":-60.8,"wind_kt":45,"pressure_mb":null,"radius_34kt_nm":null},{"date":"19520826","time":"1200","status":"TS","lat":20.7,"lon":-61.7,"wind_kt":45,"pressure_mb":null,"radius_34kt_nm":null},{"date":"19520826","time":"1800","status":"TS","lat":21.1,"lon":-62.4,"wind_kt":50,"pressure_mb":null,"radius_34kt_nm":null},{"date":"19520827","time":"0000","status":"TS","lat":21.4,"lon":-63.1,"wind_kt":50,"pressure_mb":null,"radius_34kt_nm":null},{"date":"19520827","time":"0600","status":"TS","lat":21.7,"lon":-63.8,"wind_kt":55,"pressure_mb":null,"radius_34kt_nm":null},{"date":"19520827","time":"1200","status":"TS","lat":21.9,"lon":-64.6,"wind_kt":55,"pressure_mb":1003,"radius_34kt_nm":null},{"date":"19520827","time":"1800","status":"TS","lat":22.2,"lon":-65.6,"wind_kt":60,"pressure_mb":998,"radius_34kt_nm":null},{"date":"19520828","time":"0000","status":"TS","lat":22.7,"lon":-66.7,"wind_kt":60,"pressure_mb":null,"radius_34kt_nm":null},{"date":"19520828","time":"0600","status":"TS","lat":23.4,"lon":-68,"wind_kt":55,"pressure_mb":null,"radius_34kt_nm":null},{"date":"19520828","time":"1200","status":"TS","lat":24.2,"lon":-69.3,"wind_kt":55,"pressure_mb":1002,"radius_34kt_nm":null},{"date":"19520828","time":"1800","status":"TS","lat":25.1,"lon":-70.6,"wind_kt":50,"pressure_mb":1003,"radius_34kt_nm":null},{"date":"19520829","time":"0000","status":"TS","lat":25.9,"lon":-71.9,"wind_kt":50,"pressure_mb":null,"radius_34kt_nm":null},{"date":"19520829","time":"0600","status":"TS","lat":26.7,"lon":-73.4,"wind_kt":55,"pressure_mb":null,"radius_34kt_nm":null},{"date":"19520829","time":"1200","status":"TS","lat":27.4,"lon":-74.9,"wind_kt":60,"pressure_mb":999,"radius_34kt_nm":null},{"date":"19520829","time":"1800","status":"HU","lat":27.9,"lon":-76.3,"wind_kt":65,"pressure_mb":null,"radius_34kt_nm":null},{"date":"19520830","time":"0000","status":"HU","lat":28.5,"lon":-77.7,"wind_kt":65,"pressure_mb":null,"radius_34kt_nm":null},{"date":"19520830","time":"0600","status":"HU","lat":29.1,"lon":-78.8,"wind_kt":70,"pressure_mb":null,"radius_34kt_nm":null},{"date":"19520830","time":"1200","status":"HU","lat":29.8,"lon":-79.5,"wind_kt":70,"pressure_mb":992,"radius_34kt_nm":null},{"date":"19520830","time":"1800","status":"HU","lat":30.7,"lon":-79.9,"wind_kt":80,"pressure_mb":983,"radius_34kt_nm":null},{"date":"19520831","time":"0000","status":"HU","lat":31.7,"lon":-80.4,"wind_kt":85,"pressure_mb":null,"radius_34kt_nm":null},{"date":"19520831","time":"0300","status":"HU","lat":32.3,"lon":-80.6,"wind_kt":85,"pressure_mb":null,"radius_34kt_nm":null},{"date":"19520831","time":"0600","status":"HU","lat":32.9,"lon":-80.8,"wind_kt":65,"pressure_mb":null,"radius_34kt_nm":null},{"date":"19520831","time":"1200","status":"TS","lat":34.2,"lon":-80.9,"wind_kt":45,"pressure_mb":null,"radius_34kt_nm":null},{"date":"19520831","time":"1800","status":"TS","lat":35.4,"lon":-80.6,"wind_kt":40,"pressure_mb":null,"radius_34kt_nm":null},{"date":"19520901","time":"0000","status":"TS","lat":36.6,"lon":-79.9,"wind_kt":40,"pressure_mb":null,"radius_34kt_nm":null},{"date":"19520901","time":"0600","status":"TS","lat":38.1,"lon":-78.6,"wind_kt":45,"pressure_mb":null,"radius_34kt_nm":null},{"date":"19520901","time":"1200","status":"TS","lat":39.5,"lon":-77.1,"wind_kt":50,"pressure_mb":null,"radius_34kt_nm":null},{"date":"19520901","time":"1800","status":"TS","lat":40.8,"lon":-75,"wind_kt":50,"pressure_mb":null,"radius_34kt_nm":null},{"date":"19520902","time":"0000","status":"TS","lat":42.2,"lon":-72.9,"wind_kt":45,"pressure_mb":null,"radius_34kt_nm":null},{"date":"19520902","time":"0600","status":"TD","lat":43,"lon":-71.5,"wind_kt":30,"pressure_mb":null,"radius_34kt_nm":null},{"date":"19520902","time":"1200","status":"TD","lat":43.9,"lon":-70,"wind_kt":25,"pressure_mb":null,"radius_34kt_nm":null},{"date":"19520902","time":"1800","status":"TD","lat":45.5,"lon":-68.2,"wind_kt":25,"pressure_mb":null,"radius_34kt_nm":null},{"date":"19520903","time":"0000","status":"TD","lat":47.2,"lon":-65.8,"wind_kt":25,"pressure_mb":null,"radius_34kt_nm":null},{"date":"19520903","time":"0600","status":"TD","lat":48.5,"lon":-63.5,"wind_kt":20,"pressure_mb":null,"radius_34kt_nm":null}]}},{"type":"Feature","geometry":{"type":"LineString","coordinates":[[-77.6,32.2],[-78.2,33.3],[-78.7,33.7],[-79.5,34.4],[-81,35.7],[-82.3,37.5]]},"properties":{"id":"hur-al031952","event_type":"hurricane","name":null,"year":1952,"max_wind_kt":45,"min_pressure_mb":1000,"category":0,"preliminary":false,"start_date":"19520827","end_date":"19520828","track":[{"date":"19520827","time":"1800","status":"TS","lat":32.2,"lon":-77.6,"wind_kt":45,"pressure_mb":null,"radius_34kt_nm":null},{"date":"19520828","time":"0000","status":"TS","lat":33.3,"lon":-78.2,"wind_kt":45,"pressure_mb":1000,"radius_34kt_nm":null},{"date":"19520828","time":"0300","status":"TS","lat":33.7,"lon":-78.7,"wind_kt":45,"pressure_mb":1000,"radius_34kt_nm":null},{"date":"19520828","time":"0600","status":"TS","lat":34.4,"lon":-79.5,"wind_kt":40,"pressure_mb":null,"radius_34kt_nm":null},{"date":"19520828","time":"1200","status":"TD","lat":35.7,"lon":-81,"wind_kt":30,"pressure_mb":null,"radius_34kt_nm":null},{"date":"19520828","time":"1800","status":"TD","lat":37.5,"lon":-82.3,"wind_kt":20,"pressure_mb":null,"radius_34kt_nm":null}]}},{"type":"Feature","geometry":{"type":"LineString","coordinates":[[-53.9,15.4],[-55.1,16.1],[-56.3,16.8],[-57.5,17.5],[-58.7,18.2],[-59.7,19.1],[-60.5,20.1],[-61.2,21.1],[-62.1,22],[-63,22.8],[-64.2,23.7],[-65.3,24.5],[-66.3,25.2],[-67.1,25.9],[-68,26.5],[-69,27.4],[-69.8,28.4],[-70.4,29.5],[-70.7,30.7],[-70.9,31.6],[-71.1,32.2],[-71.2,32.7],[-71,33.1],[-70.7,33.4],[-70.4,33.7],[-69.7,34.3],[-69,35.1],[-67.9,36.2],[-66,37.6],[-63.5,38.9],[-60.1,40.4],[-56.4,42.5],[-52.3,45.4],[-48.9,48],[-47.3,50],[-47,51.8],[-46,53.8],[-45,55.8],[-44,57],[-43,57.7]]},"properties":{"id":"hur-al041952","event_type":"hurricane","name":"BAKER","year":1952,"max_wind_kt":95,"min_pressure_mb":969,"category":2,"preliminary":false,"start_date":"19520831","end_date":"19520910","track":[{"date":"19520831","time":"0600","status":"TS","lat":15.4,"lon":-53.9,"wind_kt":50,"pressure_mb":null,"radius_34kt_nm":null},{"date":"19520831","time":"1200","status":"TS","lat":16.1,"lon":-55.1,"wind_kt":55,"pressure_mb":null,"radius_34kt_nm":null},{"date":"19520831","time":"1800","status":"TS","lat":16.8,"lon":-56.3,"wind_kt":60,"pressure_mb":null,"radius_34kt_nm":null},{"date":"19520901","time":"0000","status":"TS","lat":17.5,"lon":-57.5,"wind_kt":60,"pressure_mb":null,"radius_34kt_nm":null},{"date":"19520901","time":"0600","status":"TS","lat":18.2,"lon":-58.7,"wind_kt":60,"pressure_mb":1003,"radius_34kt_nm":null},{"date":"19520901","time":"1200","status":"TS","lat":19.1,"lon":-59.7,"wind_kt":60,"pressure_mb":null,"radius_34kt_nm":null},{"date":"19520901","time":"1800","status":"HU","lat":20.1,"lon":-60.5,"wind_kt":65,"pressure_mb":null,"radius_34kt_nm":null},{"date":"19520902","time":"0000","status":"HU","lat":21.1,"lon":-61.2,"wind_kt":65,"pressure_mb":null,"radius_34kt_nm":null},{"date":"19520902","time":"0600","status":"HU","lat":22,"lon":-62.1,"wind_kt":65,"pressure_mb":null,"radius_34kt_nm":null},{"date":"19520902","time":"1200","status":"HU","lat":22.8,"lon":-63,"wind_kt":65,"pressure_mb":993,"radius_34kt_nm":null},{"date":"19520902","time":"1800","status":"HU","lat":23.7,"lon":-64.2,"wind_kt":65,"pressure_mb":996,"radius_34kt_nm":null},{"date":"19520903","time":"0000","status":"HU","lat":24.5,"lon":-65.3,"wind_kt":65,"pressure_mb":null,"radius_34kt_nm":null},{"date":"19520903","time":"0600","status":"HU","lat":25.2,"lon":-66.3,"wind_kt":65,"pressure_mb":null,"radius_34kt_nm":null},{"date":"19520903","time":"1200","status":"HU","lat":25.9,"lon":-67.1,"wind_kt":65,"pressure_mb":993,"radius_34kt_nm":null},{"date":"19520903","time":"1800","status":"HU","lat":26.5,"lon":-68,"wind_kt":65,"pressure_mb":993,"radius_34kt_nm":null},{"date":"19520904","time":"0000","status":"HU","lat":27.4,"lon":-69,"wind_kt":65,"pressure_mb":null,"radius_34kt_nm":null},{"date":"19520904","time":"0600","status":"HU","lat":28.4,"lon":-69.8,"wind_kt":70,"pressure_mb":null,"radius_34kt_nm":null},{"date":"19520904","time":"1200","status":"HU","lat":29.5,"lon":-70.4,"wind_kt":70,"pressure_mb":null,"radius_34kt_nm":null},{"date":"19520904","time":"1800","status":"HU","lat":30.7,"lon":-70.7,"wind_kt":70,"pressure_mb":983,"radius_34kt_nm":null},{"date":"19520905","time":"0000","status":"HU","lat":31.6,"lon":-70.9,"wind_kt":70,"pressure_mb":null,"radius_34kt_nm":null},{"date":"19520905","time":"0600","status":"HU","lat":32.2,"lon":-71.1,"wind_kt":70,"pressure_mb":null,"radius_34kt_nm":null},{"date":"19520905","time":"1200","status":"HU","lat":32.7,"lon":-71.2,"wind_kt":70,"pressure_mb":null,"radius_34kt_nm":null},{"date":"19520905","time":"1800","status":"HU","lat":33.1,"lon":-71,"wind_kt":70,"pressure_mb":983,"radius_34kt_nm":null},{"date":"19520906","time":"0000","status":"HU","lat":33.4,"lon":-70.7,"wind_kt":75,"pressure_mb":null,"radius_34kt_nm":null},{"date":"19520906","time":"0600","status":"HU","lat":33.7,"lon":-70.4,"wind_kt":75,"pressure_mb":null,"radius_34kt_nm":null},{"date":"19520906","time":"1200","status":"HU","lat":34.3,"lon":-69.7,"wind_kt":75,"pressure_mb":981,"radius_34kt_nm":null},{"date":"19520906","time":"1800","status":"HU","lat":35.1,"lon":-69,"wind_kt":80,"pressure_mb":978,"radius_34kt_nm":null},{"date":"19520907","time":"0000","status":"HU","lat":36.2,"lon":-67.9,"wind_kt":90,"pressure_mb":null,"radius_34kt_nm":null},{"date":"19520907","time":"0600","status":"HU","lat":37.6,"lon":-66,"wind_kt":95,"pressure_mb":null,"radius_34kt_nm":null},{"date":"19520907","time":"1200","status":"HU","lat":38.9,"lon":-63.5,"wind_kt":95,"pressure_mb":null,"radius_34kt_nm":null},{"date":"19520907","time":"1800","status":"HU","lat":40.4,"lon":-60.1,"wind_kt":95,"pressure_mb":969,"radius_34kt_nm":null},{"date":"19520908","time":"0000","status":"EX","lat":42.5,"lon":-56.4,"wind_kt":90,"pressure_mb":null,"radius_34kt_nm":null},{"date":"19520908","time":"0600","status":"EX","lat":45.4,"lon":-52.3,"wind_kt":85,"pressure_mb":null,"radius_34kt_nm":null},{"date":"19520908","time":"1200","status":"EX","lat":48,"lon":-48.9,"wind_kt":80,"pressure_mb":null,"radius_34kt_nm":null},{"date":"19520908","time":"1800","status":"EX","lat":50,"lon":-47.3,"wind_kt":75,"pressure_mb":null,"radius_34kt_nm":null},{"date":"19520909","time":"0000","status":"EX","lat":51.8,"lon":-47,"wind_kt":75,"pressure_mb":null,"radius_34kt_nm":null},{"date":"19520909","time":"0600","status":"EX","lat":53.8,"lon":-46,"wind_kt":75,"pressure_mb":null,"radius_34kt_nm":null},{"date":"19520909","time":"1200","status":"EX","lat":55.8,"lon":-45,"wind_kt":70,"pressure_mb":null,"radius_34kt_nm":null},{"date":"19520909","time":"1800","status":"EX","lat":57,"lon":-44,"wind_kt":55,"pressure_mb":null,"radius_34kt_nm":null},{"date":"19520910","time":"0000","status":"EX","lat":57.7,"lon":-43,"wind_kt":45,"pressure_mb":null,"radius_34kt_nm":null}]}},{"type":"Feature","geometry":{"type":"LineString","coordinates":[[-23,42],[-25,41.8],[-27,41.6],[-28.1,41.1],[-28.5,40.6],[-27.6,40.3],[-26.5,40],[-26,39.8],[-25.8,39.5],[-25.4,39.3],[-25,39],[-24.4,38.6],[-23.7,38.5],[-23,38.7],[-22.3,38.7],[-20.3,38.3],[-16.8,37.5],[-13.9,37.3],[-11.2,37.2],[-9,37],[-7.8,37.2],[-5.8,39],[-3.8,41],[-2,41.7],[-0.2,42.3],[0.9,43.2],[1.6,44]]},"properties":{"id":"hur-al051952","event_type":"hurricane","name":null,"year":1952,"max_wind_kt":45,"min_pressure_mb":null,"category":0,"preliminary":false,"start_date":"19520908","end_date":"19520914","track":[{"date":"19520908","time":"0000","status":"TS","lat":42,"lon":-23,"wind_kt":35,"pressure_mb":null,"radius_34kt_nm":null},{"date":"19520908","time":"0600","status":"TS","lat":41.8,"lon":-25,"wind_kt":35,"pressure_mb":null,"radius_34kt_nm":null},{"date":"19520908","time":"1200","status":"TS","lat":41.6,"lon":-27,"wind_kt":40,"pressure_mb":null,"radius_34kt_nm":null},{"date":"19520908","time":"1800","status":"TS","lat":41.1,"lon":-28.1,"wind_kt":40,"pressure_mb":null,"radius_34kt_nm":null},{"date":"19520909","time":"0000","status":"TS","lat":40.6,"lon":-28.5,"wind_kt":45,"pressure_mb":null,"radius_34kt_nm":null},{"date":"19520909","time":"0600","status":"TS","lat":40.3,"lon":-27.6,"wind_kt":45,"pressure_mb":null,"radius_34kt_nm":null},{"date":"19520909","time":"1200","status":"TS","lat":40,"lon":-26.5,"wind_kt":45,"pressure_mb":null,"radius_34kt_nm":null},{"date":"19520909","time":"1800","status":"TS","lat":39.8,"lon":-26,"wind_kt":40,"pressure_mb":null,"radius_34kt_nm":null},{"date":"19520910","time":"0000","status":"TS","lat":39.5,"lon":-25.8,"wind_kt":40,"pressure_mb":null,"radius_34kt_nm":null},{"date":"19520910","time":"0600","status":"TS","lat":39.3,"lon":-25.4,"wind_kt":35,"pressure_mb":null,"radius_34kt_nm":null},{"date":"19520910","time":"1200","status":"TS","lat":39,"lon":-25,"wind_kt":35,"pressure_mb":null,"radius_34kt_nm":null},{"date":"19520910","time":"1800","status":"TD","lat":38.6,"lon":-24.4,"wind_kt":30,"pressure_mb":null,"radius_34kt_nm":null},{"date":"19520911","time":"0000","status":"TD","lat":38.5,"lon":-23.7,"wind_kt":30,"pressure_mb":null,"radius_34kt_nm":null},{"date":"19520911","time":"0600","status":"TD","lat":38.7,"lon":-23,"wind_kt":30,"pressure_mb":null,"radius_34kt_nm":null},{"date":"19520911","time":"1200","status":"EX","lat":38.7,"lon":-22.3,"wind_kt":30,"pressure_mb":null,"radius_34kt_nm":null},{"date":"19520911","time":"1800","status":"EX","lat":38.3,"lon":-20.3,"wind_kt":35,"pressure_mb":null,"radius_34kt_nm":null},{"date":"19520912","time":"0000","status":"EX","lat":37.5,"lon":-16.8,"wind_kt":35,"pressure_mb":null,"radius_34kt_nm":null},{"date":"19520912","time":"0600","status":"EX","lat":37.3,"lon":-13.9,"wind_kt":35,"pressure_mb":null,"radius_34kt_nm":null},{"date":"19520912","time":"1200","status":"EX","lat":37.2,"lon":-11.2,"wind_kt":35,"pressure_mb":null,"radius_34kt_nm":null},{"date":"19520912","time":"1800","status":"EX","lat":37,"lon":-9,"wind_kt":35,"pressure_mb":null,"radius_34kt_nm":null},{"date":"19520913","time":"0000","status":"EX","lat":37.2,"lon":-7.8,"wind_kt":35,"pressure_mb":null,"radius_34kt_nm":null},{"date":"19520913","time":"0600","status":"EX","lat":39,"lon":-5.8,"wind_kt":35,"pressure_mb":null,"radius_34kt_nm":null},{"date":"19520913","time":"1200","status":"EX","lat":41,"lon":-3.8,"wind_kt":35,"pressure_mb":null,"radius_34kt_nm":null},{"date":"19520913","time":"1800","status":"EX","lat":41.7,"lon":-2,"wind_kt":35,"pressure_mb":null,"radius_34kt_nm":null},{"date":"19520914","time":"0000","status":"EX","lat":42.3,"lon":-0.2,"wind_kt":35,"pressure_mb":null,"radius_34kt_nm":null},{"date":"19520914","time":"0600","status":"EX","lat":43.2,"lon":0.9,"wind_kt":35,"pressure_mb":null,"radius_34kt_nm":null},{"date":"19520914","time":"1200","status":"EX","lat":44,"lon":1.6,"wind_kt":35,"pressure_mb":null,"radius_34kt_nm":null}]}},{"type":"Feature","geometry":{"type":"LineString","coordinates":[[-69.2,20],[-70,20.8],[-70.8,21.7],[-71.7,22.7],[-72.8,23.5],[-73.4,24.5],[-74,25.5],[-74.6,26.5],[-74.9,27.2],[-74.8,27.9],[-74.3,29],[-73.1,30.3],[-71.6,31.5],[-70.2,32.5],[-68.6,33.8],[-65.9,35.1],[-63,36.7],[-60.8,38.4],[-58.7,39.5],[-57.1,39.9],[-55.5,40.3],[-54.1,40.6],[-52.9,40.6],[-51.5,40.4],[-50.1,39.9],[-48.6,39.7],[-47.2,39.5],[-46,39.5],[-44.7,40]]},"properties":{"id":"hur-al061952","event_type":"hurricane","name":"CHARLIE","year":1952,"max_wind_kt":105,"min_pressure_mb":958,"category":3,"preliminary":false,"start_date":"19520924","end_date":"19521001","track":[{"date":"19520924","time":"0000","status":"TD","lat":20,"lon":-69.2,"wind_kt":30,"pressure_mb":null,"radius_34kt_nm":null},{"date":"19520924","time":"0600","status":"TD","lat":20.8,"lon":-70,"wind_kt":30,"pressure_mb":null,"radius_34kt_nm":null},{"date":"19520924","time":"1200","status":"TD","lat":21.7,"lon":-70.8,"wind_kt":30,"pressure_mb":null,"radius_34kt_nm":null},{"date":"19520924","time":"1800","status":"TS","lat":22.7,"lon":-71.7,"wind_kt":35,"pressure_mb":null,"radius_34kt_nm":null},{"date":"19520925","time":"0000","status":"TS","lat":23.5,"lon":-72.8,"wind_kt":45,"pressure_mb":null,"radius_34kt_nm":null},{"date":"19520925","time":"0600","status":"TS","lat":24.5,"lon":-73.4,"wind_kt":50,"pressure_mb":null,"radius_34kt_nm":null},{"date":"19520925","time":"1200","status":"TS","lat":25.5,"lon":-74,"wind_kt":60,"pressure_mb":null,"radius_34kt_nm":null},{"date":"19520925","time":"1800","status":"HU","lat":26.5,"lon":-74.6,"wind_kt":70,"pressure_mb":993,"radius_34kt_nm":null},{"date":"19520926","time":"0000","status":"HU","lat":27.2,"lon":-74.9,"wind_kt":75,"pressure_mb":989,"radius_34kt_nm":null},{"date":"19520926","time":"0600","status":"HU","lat":27.9,"lon":-74.8,"wind_kt":85,"pressure_mb":null,"radius_34kt_nm":null},{"date":"19520926","time":"1200","status":"HU","lat":29,"lon":-74.3,"wind_kt":95,"pressure_mb":969,"radius_34kt_nm":null},{"date":"19520926","time":"1800","status":"HU","lat":30.3,"lon":-73.1,"wind_kt":105,"pressure_mb":null,"radius_34kt_nm":null},{"date":"19520927","time":"0000","status":"HU","lat":31.5,"lon":-71.6,"wind_kt":105,"pressure_mb":null,"radius_34kt_nm":null},{"date":"19520927","time":"0600","status":"HU","lat":32.5,"lon":-70.2,"wind_kt":100,"pressure_mb":null,"radius_34kt_nm":null},{"date":"19520927","time":"1200","status":"HU","lat":33.8,"lon":-68.6,"wind_kt":100,"pressure_mb":958,"radius_34kt_nm":null},{"date":"19520927","time":"1800","status":"HU","lat":35.1,"lon":-65.9,"wind_kt":95,"pressure_mb":null,"radius_34kt_nm":null},{"date":"19520928","time":"0000","status":"HU","lat":36.7,"lon":-63,"wind_kt":95,"pressure_mb":null,"radius_34kt_nm":null},{"date":"19520928","time":"0600","status":"EX","lat":38.4,"lon":-60.8,"wind_kt":90,"pressure_mb":null,"radius_34kt_nm":null},{"date":"19520928","time":"1200","status":"EX","lat":39.5,"lon":-58.7,"wind_kt":85,"pressure_mb":null,"radius_34kt_nm":null},{"date":"19520928","time":"1800","status":"EX","lat":39.9,"lon":-57.1,"wind_kt":85,"pressure_mb":null,"radius_34kt_nm":null},{"date":"19520929","time":"0000","status":"EX","lat":40.3,"lon":-55.5,"wind_kt":75,"pressure_mb":null,"radius_34kt_nm":null},{"date":"19520929","time":"0600","status":"EX","lat":40.6,"lon":-54.1,"wind_kt":70,"pressure_mb":null,"radius_34kt_nm":null},{"date":"19520929","time":"1200","status":"EX","lat":40.6,"lon":-52.9,"wind_kt":65,"pressure_mb":null,"radius_34kt_nm":null},{"date":"19520929","time":"1800","status":"EX","lat":40.4,"lon":-51.5,"wind_kt":60,"pressure_mb":null,"radius_34kt_nm":null},{"date":"19520930","time":"0000","status":"EX","lat":39.9,"lon":-50.1,"wind_kt":55,"pressure_mb":null,"radius_34kt_nm":null},{"date":"19520930","time":"0600","status":"EX","lat":39.7,"lon":-48.6,"wind_kt":50,"pressure_mb":null,"radius_34kt_nm":null},{"date":"19520930","time":"1200","status":"EX","lat":39.5,"lon":-47.2,"wind_kt":45,"pressure_mb":null,"radius_34kt_nm":null},{"date":"19520930","time":"1800","status":"EX","lat":39.5,"lon":-46,"wind_kt":40,"pressure_mb":null,"radius_34kt_nm":null},{"date":"19521001","time":"0000","status":"EX","lat":40,"lon":-44.7,"wind_kt":35,"pressure_mb":null,"radius_34kt_nm":null}]}},{"type":"Feature","geometry":{"type":"LineString","coordinates":[[-48.7,12.6],[-49.5,12.9],[-50.2,13.2],[-50.9,13.7],[-51.6,14.2],[-52.1,14.7],[-52.5,15.2],[-52.9,15.7],[-53.4,16.2],[-54,16.6],[-54.6,17],[-55.1,17.5],[-55.5,18],[-55.9,18.7],[-56.3,19.3],[-56.7,19.9],[-57,20.4],[-57.5,20.8],[-57.9,21.1],[-58.2,21.3],[-58.5,21.4],[-58.9,21.5],[-59.2,21.7],[-59.4,21.9],[-59.6,22.1],[-59.8,22.2]]},"properties":{"id":"hur-al071952","event_type":"hurricane","name":"DOG","year":1952,"max_wind_kt":60,"min_pressure_mb":998,"category":0,"preliminary":false,"start_date":"19520924","end_date":"19520930","track":[{"date":"19520924","time":"1200","status":"TD","lat":12.6,"lon":-48.7,"wind_kt":30,"pressure_mb":null,"radius_34kt_nm":null},{"date":"19520924","time":"1800","status":"TS","lat":12.9,"lon":-49.5,"wind_kt":35,"pressure_mb":null,"radius_34kt_nm":null},{"date":"19520925","time":"0000","status":"TS","lat":13.2,"lon":-50.2,"wind_kt":40,"pressure_mb":null,"radius_34kt_nm":null},{"date":"19520925","time":"0600","status":"TS","lat":13.7,"lon":-50.9,"wind_kt":50,"pressure_mb":null,"radius_34kt_nm":null},{"date":"19520925","time":"1200","status":"TS","lat":14.2,"lon":-51.6,"wind_kt":50,"pressure_mb":null,"radius_34kt_nm":null},{"date":"19520925","time":"1800","status":"TS","lat":14.7,"lon":-52.1,"wind_kt":50,"pressure_mb":null,"radius_34kt_nm":null},{"date":"19520926","time":"0000","status":"TS","lat":15.2,"lon":-52.5,"wind_kt":55,"pressure_mb":null,"radius_34kt_nm":null},{"date":"19520926","time":"0600","status":"TS","lat":15.7,"lon":-52.9,"wind_kt":55,"pressure_mb":null,"radius_34kt_nm":null},{"date":"19520926","time":"1200","status":"TS","lat":16.2,"lon":-53.4,"wind_kt":55,"pressure_mb":null,"radius_34kt_nm":null},{"date":"19520926","time":"1800","status":"TS","lat":16.6,"lon":-54,"wind_kt":60,"pressure_mb":998,"radius_34kt_nm":null},{"date":"19520927","time":"0000","status":"TS","lat":17,"lon":-54.6,"wind_kt":60,"pressure_mb":null,"radius_34kt_nm":null},{"date":"19520927","time":"0600","status":"TS","lat":17.5,"lon":-55.1,"wind_kt":55,"pressure_mb":null,"radius_34kt_nm":null},{"date":"19520927","time":"1200","status":"TS","lat":18,"lon":-55.5,"wind_kt":45,"pressure_mb":1002,"radius_34kt_nm":null},{"date":"19520927","time":"1800","status":"TS","lat":18.7,"lon":-55.9,"wind_kt":45,"pressure_mb":1001,"radius_34kt_nm":null},{"date":"19520928","time":"0000","status":"TS","lat":19.3,"lon":-56.3,"wind_kt":40,"pressure_mb":null,"radius_34kt_nm":null},{"date":"19520928","time":"0600","status":"TS","lat":19.9,"lon":-56.7,"wind_kt":40,"pressure_mb":null,"radius_34kt_nm":null},{"date":"19520928","time":"1200","status":"TS","lat":20.4,"lon":-57,"wind_kt":40,"pressure_mb":1001,"radius_34kt_nm":null},{"date":"19520928","time":"1800","status":"TS","lat":20.8,"lon":-57.5,"wind_kt":35,"pressure_mb":null,"radius_34kt_nm":null},{"date":"19520929","time":"0000","status":"TS","lat":21.1,"lon":-57.9,"wind_kt":35,"pressure_mb":null,"radius_34kt_nm":null},{"date":"19520929","time":"0600","status":"TS","lat":21.3,"lon":-58.2,"wind_kt":35,"pressure_mb":null,"radius_34kt_nm":null},{"date":"19520929","time":"1200","status":"TD","lat":21.4,"lon":-58.5,"wind_kt":30,"pressure_mb":null,"radius_34kt_nm":null},{"date":"19520929","time":"1800","status":"TD","lat":21.5,"lon":-58.9,"wind_kt":30,"pressure_mb":1009,"radius_34kt_nm":null},{"date":"19520930","time":"0000","status":"TD","lat":21.7,"lon":-59.2,"wind_kt":30,"pressure_mb":null,"radius_34kt_nm":null},{"date":"19520930","time":"0600","status":"TD","lat":21.9,"lon":-59.4,"wind_kt":30,"pressure_mb":null,"radius_34kt_nm":null},{"date":"19520930","time":"1200","status":"TD","lat":22.1,"lon":-59.6,"wind_kt":25,"pressure_mb":1008,"radius_34kt_nm":null},{"date":"19520930","time":"1800","status":"TD","lat":22.2,"lon":-59.8,"wind_kt":25,"pressure_mb":null,"radius_34kt_nm":null}]}},{"type":"Feature","geometry":{"type":"LineString","coordinates":[[-22.7,12.4],[-23.9,12.6],[-24.9,12.9],[-25.7,13.2],[-26.3,13.5],[-26.8,13.8],[-27.2,14.1],[-27.4,14.5],[-27.5,15],[-27.4,15.7],[-27.2,16.5],[-27.1,17.3],[-27,18],[-27,18.7],[-27,19.5],[-27,20.3],[-27,21],[-27,21.7],[-27,22.4],[-27,23.2],[-27,24]]},"properties":{"id":"hur-al081952","event_type":"hurricane","name":null,"year":1952,"max_wind_kt":40,"min_pressure_mb":null,"category":0,"preliminary":false,"start_date":"19520925","end_date":"19520930","track":[{"date":"19520925","time":"1200","status":"TD","lat":12.4,"lon":-22.7,"wind_kt":25,"pressure_mb":null,"radius_34kt_nm":null},{"date":"19520925","time":"1800","status":"TD","lat":12.6,"lon":-23.9,"wind_kt":30,"pressure_mb":null,"radius_34kt_nm":null},{"date":"19520926","time":"0000","status":"TD","lat":12.9,"lon":-24.9,"wind_kt":30,"pressure_mb":null,"radius_34kt_nm":null},{"date":"19520926","time":"0600","status":"TS","lat":13.2,"lon":-25.7,"wind_kt":35,"pressure_mb":null,"radius_34kt_nm":null},{"date":"19520926","time":"1200","status":"TS","lat":13.5,"lon":-26.3,"wind_kt":35,"pressure_mb":null,"radius_34kt_nm":null},{"date":"19520926","time":"1800","status":"TS","lat":13.8,"lon":-26.8,"wind_kt":40,"pressure_mb":null,"radius_34kt_nm":null},{"date":"19520927","time":"0000","status":"TS","lat":14.1,"lon":-27.2,"wind_kt":40,"pressure_mb":null,"radius_34kt_nm":null},{"date":"19520927","time":"0600","status":"TS","lat":14.5,"lon":-27.4,"wind_kt":40,"pressure_mb":null,"radius_34kt_nm":null},{"date":"19520927","time":"1200","status":"TS","lat":15,"lon":-27.5,"wind_kt":40,"pressure_mb":null,"radius_34kt_nm":null},{"date":"19520927","time":"1800","status":"TS","lat":15.7,"lon":-27.4,"wind_kt":35,"pressure_mb":null,"radius_34kt_nm":null},{"date":"19520928","time":"0000","status":"TS","lat":16.5,"lon":-27.2,"wind_kt":35,"pressure_mb":null,"radius_34kt_nm":null},{"date":"19520928","time":"0600","status":"TD","lat":17.3,"lon":-27.1,"wind_kt":30,"pressure_mb":null,"radius_34kt_nm":null},{"date":"19520928","time":"1200","status":"TD","lat":18,"lon":-27,"wind_kt":30,"pressure_mb":null,"radius_34kt_nm":null},{"date":"19520928","time":"1800","status":"TD","lat":18.7,"lon":-27,"wind_kt":30,"pressure_mb":null,"radius_34kt_nm":null},{"date":"19520929","time":"0000","status":"TD","lat":19.5,"lon":-27,"wind_kt":30,"pressure_mb":null,"radius_34kt_nm":null},{"date":"19520929","time":"0600","status":"TD","lat":20.3,"lon":-27,"wind_kt":30,"pressure_mb":null,"radius_34kt_nm":null},{"date":"19520929","time":"1200","status":"TD","lat":21,"lon":-27,"wind_kt":30,"pressure_mb":null,"radius_34kt_nm":null},{"date":"19520929","time":"1800","status":"TD","lat":21.7,"lon":-27,"wind_kt":25,"pressure_mb":null,"radius_34kt_nm":null},{"date":"19520930","time":"0000","status":"TD","lat":22.4,"lon":-27,"wind_kt":25,"pressure_mb":null,"radius_34kt_nm":null},{"date":"19520930","time":"0600","status":"TD","lat":23.2,"lon":-27,"wind_kt":25,"pressure_mb":null,"radius_34kt_nm":null},{"date":"19520930","time":"1200","status":"TD","lat":24,"lon":-27,"wind_kt":25,"pressure_mb":null,"radius_34kt_nm":null}]}},{"type":"Feature","geometry":{"type":"LineString","coordinates":[[-51,15.2],[-51,15.3],[-50.9,15.4],[-50.8,15.7],[-50.7,16.2],[-50.6,16.7],[-50.5,17.1],[-50.5,17.4],[-50.5,17.7],[-50.4,18],[-50.1,18.1],[-49.8,18.1],[-49.5,18],[-49.4,17.7],[-49.5,17],[-49.7,16.3],[-50.1,15.7],[-50.5,15.4],[-51,15.2],[-51.9,14.9],[-53,14.5]]},"properties":{"id":"hur-al091952","event_type":"hurricane","name":"EASY","year":1952,"max_wind_kt":90,"min_pressure_mb":968,"category":2,"preliminary":false,"start_date":"19521006","end_date":"19521011","track":[{"date":"19521006","time":"1200","status":"TD","lat":15.2,"lon":-51,"wind_kt":30,"pressure_mb":null,"radius_34kt_nm":null},{"date":"19521006","time":"1800","status":"TD","lat":15.3,"lon":-51,"wind_kt":30,"pressure_mb":null,"radius_34kt_nm":null},{"date":"19521007","time":"0000","status":"TS","lat":15.4,"lon":-50.9,"wind_kt":35,"pressure_mb":null,"radius_34kt_nm":null},{"date":"19521007","time":"0600","status":"TS","lat":15.7,"lon":-50.8,"wind_kt":40,"pressure_mb":null,"radius_34kt_nm":null},{"date":"19521007","time":"1200","status":"TS","lat":16.2,"lon":-50.7,"wind_kt":45,"pressure_mb":null,"radius_34kt_nm":null},{"date":"19521007","time":"1800","status":"TS","lat":16.7,"lon":-50.6,"wind_kt":50,"pressure_mb":995,"radius_34kt_nm":null},{"date":"19521008","time":"0000","status":"TS","lat":17.1,"lon":-50.5,"wind_kt":60,"pressure_mb":null,"radius_34kt_nm":null},{"date":"19521008","time":"0600","status":"HU","lat":17.4,"lon":-50.5,"wind_kt":70,"pressure_mb":null,"radius_34kt_nm":null},{"date":"19521008","time":"1200","status":"HU","lat":17.7,"lon":-50.5,"wind_kt":80,"pressure_mb":null,"radius_34kt_nm":null},{"date":"19521008","time":"1800","status":"HU","lat":18,"lon":-50.4,"wind_kt":90,"pressure_mb":968,"radius_34kt_nm":null},{"date":"19521009","time":"0000","status":"HU","lat":18.1,"lon":-50.1,"wind_kt":85,"pressure_mb":null,"radius_34kt_nm":null},{"date":"19521009","time":"0600","status":"HU","lat":18.1,"lon":-49.8,"wind_kt":75,"pressure_mb":null,"radius_34kt_nm":null},{"date":"19521009","time":"1200","status":"TS","lat":18,"lon":-49.5,"wind_kt":60,"pressure_mb":null,"radius_34kt_nm":null},{"date":"19521009","time":"1800","status":"TS","lat":17.7,"lon":-49.4,"wind_kt":40,"pressure_mb":1001,"radius_34kt_nm":null},{"date":"19521010","time":"0000","status":"TS","lat":17,"lon":-49.5,"wind_kt":40,"pressure_mb":null,"radius_34kt_nm":null},{"date":"19521010","time":"0600","status":"TS","lat":16.3,"lon":-49.7,"wind_kt":40,"pressure_mb":null,"radius_34kt_nm":null},{"date":"19521010","time":"1200","status":"TS","lat":15.7,"lon":-50.1,"wind_kt":35,"pressure_mb":null,"radius_34kt_nm":null},{"date":"19521010","time":"1800","status":"TS","lat":15.4,"lon":-50.5,"wind_kt":35,"pressure_mb":null,"radius_34kt_nm":null},{"date":"19521011","time":"0000","status":"TS","lat":15.2,"lon":-51,"wind_kt":35,"pressure_mb":null,"radius_34kt_nm":null},{"date":"19521011","time":"0600","status":"TD","lat":14.9,"lon":-51.9,"wind_kt":30,"pressure_mb":null,"radius_34kt_nm":null},{"date":"19521011","time":"1200","status":"TD","lat":14.5,"lon":-53,"wind_kt":30,"pressure_mb":null,"radius_34kt_nm":null}]}},{"type":"Feature","geometry":{"type":"LineString","coordinates":[[-77.7,11.4],[-78.5,12.5],[-79.3,13.6],[-80.2,14.7],[-81.1,15.7],[-81.8,16.6],[-82,17],[-82,17.1],[-82,17.2],[-82,17.3],[-82,17.6],[-82,17.9],[-82,18.3],[-82,18.8],[-81.9,19.4],[-81.6,20],[-81.3,21],[-80.9,22],[-80.5,22.8],[-79.9,23.4],[-79.3,23.9],[-78.4,24.4],[-78.3,24.4],[-77.5,24.7],[-76.6,24.8],[-76.2,24.7],[-75.9,24.6],[-75.6,24.5],[-75.2,24.4],[-74.5,24.4],[-74.3,25.3],[-74.2,26.4],[-73.8,27.6],[-72.8,28.8],[-71.7,30],[-70.4,31.4]]},"properties":{"id":"hur-al101952","event_type":"hurricane","name":"FOX","year":1952,"max_wind_kt":125,"min_pressure_mb":934,"category":4,"preliminary":false,"start_date":"19521020","end_date":"19521028","track":[{"date":"19521020","time":"1200","status":"TD","lat":11.4,"lon":-77.7,"wind_kt":25,"pressure_mb":null,"radius_34kt_nm":null},{"date":"19521020","time":"1800","status":"TD","lat":12.5,"lon":-78.5,"wind_kt":30,"pressure_mb":null,"radius_34kt_nm":null},{"date":"19521021","time":"0000","status":"TD","lat":13.6,"lon":-79.3,"wind_kt":30,"pressure_mb":null,"radius_34kt_nm":null},{"date":"19521021","time":"0600","status":"TD","lat":14.7,"lon":-80.2,"wind_kt":30,"pressure_mb":null,"radius_34kt_nm":null},{"date":"19521021","time":"1200","status":"TS","lat":15.7,"lon":-81.1,"wind_kt":35,"pressure_mb":null,"radius_34kt_nm":null},{"date":"19521021","time":"1800","status":"TS","lat":16.6,"lon":-81.8,"wind_kt":45,"pressure_mb":1003,"radius_34kt_nm":null},{"date":"19521022","time":"0000","status":"TS","lat":17,"lon":-82,"wind_kt":50,"pressure_mb":null,"radius_34kt_nm":null},{"date":"19521022","time":"0600","status":"TS","lat":17.1,"lon":-82,"wind_kt":55,"pressure_mb":null,"radius_34kt_nm":null},{"date":"19521022","time":"1200","status":"TS","lat":17.2,"lon":-82,"wind_kt":55,"pressure_mb":null,"radius_34kt_nm":null},{"date":"19521022","time":"1800","status":"TS","lat":17.3,"lon":-82,"wind_kt":60,"pressure_mb":993,"radius_34kt_nm":null},{"date":"19521023","time":"0000","status":"HU","lat":17.6,"lon":-82,"wind_kt":75,"pressure_mb":null,"radius_34kt_nm":null},{"date":"19521023","time":"0600","status":"HU","lat":17.9,"lon":-82,"wind_kt":95,"pressure_mb":null,"radius_34kt_nm":null},{"date":"19521023","time":"1200","status":"HU","lat":18.3,"lon":-82,"wind_kt":110,"pressure_mb":942,"radius_34kt_nm":null},{"date":"19521023","time":"1800","status":"HU","lat":18.8,"lon":-82,"wind_kt":115,"pressure_mb":null,"radius_34kt_nm":null},{"date":"19521024","time":"0000","status":"HU","lat":19.4,"lon":-81.9,"wind_kt":115,"pressure_mb":null,"radius_34kt_nm":null},{"date":"19521024","time":"0600","status":"HU","lat":20,"lon":-81.6,"wind_kt":120,"pressure_mb":null,"radius_34kt_nm":null},{"date":"19521024","time":"1200","status":"HU","lat":21,"lon":-81.3,"wind_kt":120,"pressure_mb":940,"radius_34kt_nm":null},{"date":"19521024","time":"1800","status":"HU","lat":22,"lon":-80.9,"wind_kt":125,"pressure_mb":934,"radius_34kt_nm":null},{"date":"19521025","time":"0000","status":"HU","lat":22.8,"lon":-80.5,"wind_kt":85,"pressure_mb":null,"radius_34kt_nm":null},{"date":"19521025","time":"0600","status":"HU","lat":23.4,"lon":-79.9,"wind_kt":70,"pressure_mb":null,"radius_34kt_nm":null},{"date":"19521025","time":"1200","status":"HU","lat":23.9,"lon":-79.3,"wind_kt":65,"pressure_mb":null,"radius_34kt_nm":null},{"date":"19521025","time":"1800","status":"TS","lat":24.4,"lon":-78.4,"wind_kt":60,"pressure_mb":991,"radius_34kt_nm":null},{"date":"19521025","time":"1900","status":"TS","lat":24.4,"lon":-78.3,"wind_kt":60,"pressure_mb":991,"radius_34kt_nm":null},{"date":"19521026","time":"0000","status":"HU","lat":24.7,"lon":-77.5,"wind_kt":65,"pressure_mb":null,"radius_34kt_nm":null},{"date":"19521026","time":"0600","status":"HU","lat":24.8,"lon":-76.6,"wind_kt":75,"pressure_mb":null,"radius_34kt_nm":null},{"date":"19521026","time":"1000","status":"HU","lat":24.7,"lon":-76.2,"wind_kt":75,"pressure_mb":null,"radius_34kt_nm":null},{"date":"19521026","time":"1200","status":"HU","lat":24.6,"lon":-75.9,"wind_kt":75,"pressure_mb":null,"radius_34kt_nm":null},{"date":"19521026","time":"1500","status":"HU","lat":24.5,"lon":-75.6,"wind_kt":75,"pressure_mb":null,"radius_34kt_nm":null},{"date":"19521026","time":"1800","status":"HU","lat":24.4,"lon":-75.2,"wind_kt":70,"pressure_mb":null,"radius_34kt_nm":null},{"date":"19521027","time":"0000","status":"TS","lat":24.4,"lon":-74.5,"wind_kt":55,"pressure_mb":994,"radius_34kt_nm":null},{"date":"19521027","time":"0600","status":"TS","lat":25.3,"lon":-74.3,"wind_kt":50,"pressure_mb":null,"radius_34kt_nm":null},{"date":"19521027","time":"1200","status":"TS","lat":26.4,"lon":-74.2,"wind_kt":45,"pressure_mb":null,"radius_34kt_nm":null},{"date":"19521027","time":"1800","status":"EX","lat":27.6,"lon":-73.8,"wind_kt":40,"pressure_mb":null,"radius_34kt_nm":null},{"date":"19521028","time":"0000","status":"EX","lat":28.8,"lon":-72.8,"wind_kt":35,"pressure_mb":null,"radius_34kt_nm":null},{"date":"19521028","time":"0600","status":"EX","lat":30,"lon":-71.7,"wind_kt":30,"pressure_mb":null,"radius_34kt_nm":null},{"date":"19521028","time":"1200","status":"EX","lat":31.4,"lon":-70.4,"wind_kt":25,"pressure_mb":null,"radius_34kt_nm":null}]}},{"type":"Feature","geometry":{"type":"LineString","coordinates":[[-60,22.5],[-58.5,23.2],[-57,24.1],[-56,25.1],[-55.3,26],[-55,26.7],[-54.8,27.4],[-55.3,28],[-56.5,28.4],[-58,28.8],[-59.3,29.2],[-60.3,29.3],[-61.3,29],[-62.3,28.4],[-62.6,27.8],[-62.7,27.2],[-62.7,26.9],[-62.4,26.6],[-61.3,26.3],[-60.2,26.2],[-58.8,26.2],[-57.6,26.2],[-57,26.5],[-56.7,26.7],[-56.3,27]]},"properties":{"id":"hur-al111952","event_type":"hurricane","name":null,"year":1952,"max_wind_kt":50,"min_pressure_mb":992,"category":0,"preliminary":false,"start_date":"19521124","end_date":"19521130","track":[{"date":"19521124","time":"1800","status":"EX","lat":22.5,"lon":-60,"wind_kt":30,"pressure_mb":null,"radius_34kt_nm":null},{"date":"19521125","time":"0000","status":"EX","lat":23.2,"lon":-58.5,"wind_kt":35,"pressure_mb":null,"radius_34kt_nm":null},{"date":"19521125","time":"0600","status":"EX","lat":24.1,"lon":-57,"wind_kt":40,"pressure_mb":null,"radius_34kt_nm":null},{"date":"19521125","time":"1200","status":"EX","lat":25.1,"lon":-56,"wind_kt":45,"pressure_mb":null,"radius_34kt_nm":null},{"date":"19521125","time":"1800","status":"EX","lat":26,"lon":-55.3,"wind_kt":45,"pressure_mb":null,"radius_34kt_nm":null},{"date":"19521126","time":"0000","status":"TS","lat":26.7,"lon":-55,"wind_kt":45,"pressure_mb":null,"radius_34kt_nm":null},{"date":"19521126","time":"0600","status":"TS","lat":27.4,"lon":-54.8,"wind_kt":45,"pressure_mb":992,"radius_34kt_nm":null},{"date":"19521126","time":"1200","status":"TS","lat":28,"lon":-55.3,"wind_kt":45,"pressure_mb":null,"radius_34kt_nm":null},{"date":"19521126","time":"1800","status":"TS","lat":28.4,"lon":-56.5,"wind_kt":45,"pressure_mb":null,"radius_34kt_nm":null},{"date":"19521127","time":"0000","status":"TS","lat":28.8,"lon":-58,"wind_kt":50,"pressure_mb":null,"radius_34kt_nm":null},{"date":"19521127","time":"0600","status":"TS","lat":29.2,"lon":-59.3,"wind_kt":50,"pressure_mb":null,"radius_34kt_nm":null},{"date":"19521127","time":"1200","status":"TS","lat":29.3,"lon":-60.3,"wind_kt":50,"pressure_mb":null,"radius_34kt_nm":null},{"date":"19521127","time":"1800","status":"TS","lat":29,"lon":-61.3,"wind_kt":50,"pressure_mb":null,"radius_34kt_nm":null},{"date":"19521128","time":"0000","status":"TS","lat":28.4,"lon":-62.3,"wind_kt":50,"pressure_mb":null,"radius_34kt_nm":null},{"date":"19521128","time":"0600","status":"TS","lat":27.8,"lon":-62.6,"wind_kt":50,"pressure_mb":null,"radius_34kt_nm":null},{"date":"19521128","time":"1200","status":"TS","lat":27.2,"lon":-62.7,"wind_kt":50,"pressure_mb":null,"radius_34kt_nm":null},{"date":"19521128","time":"1800","status":"TS","lat":26.9,"lon":-62.7,"wind_kt":45,"pressure_mb":null,"radius_34kt_nm":null},{"date":"19521129","time":"0000","status":"TS","lat":26.6,"lon":-62.4,"wind_kt":45,"pressure_mb":null,"radius_34kt_nm":null},{"date":"19521129","time":"0600","status":"TS","lat":26.3,"lon":-61.3,"wind_kt":40,"pressure_mb":null,"radius_34kt_nm":null},{"date":"19521129","time":"1200","status":"TS","lat":26.2,"lon":-60.2,"wind_kt":40,"pressure_mb":null,"radius_34kt_nm":null},{"date":"19521129","time":"1800","status":"TS","lat":26.2,"lon":-58.8,"wind_kt":35,"pressure_mb":null,"radius_34kt_nm":null},{"date":"19521130","time":"0000","status":"TS","lat":26.2,"lon":-57.6,"wind_kt":35,"pressure_mb":null,"radius_34kt_nm":null},{"date":"19521130","time":"0600","status":"TD","lat":26.5,"lon":-57,"wind_kt":30,"pressure_mb":null,"radius_34kt_nm":null},{"date":"19521130","time":"1200","status":"TD","lat":26.7,"lon":-56.7,"wind_kt":30,"pressure_mb":null,"radius_34kt_nm":null},{"date":"19521130","time":"1800","status":"EX","lat":27,"lon":-56.3,"wind_kt":30,"pressure_mb":null,"radius_34kt_nm":null}]}},{"type":"Feature","geometry":{"type":"LineString","coordinates":[[-81.8,14.4],[-82.3,14.9],[-82.8,15.2],[-83.3,15.5],[-83.9,15.4],[-84.5,15.1],[-84.9,14.8],[-85,14.4],[-84.9,14],[-84.5,13.6],[-84,13.2],[-83.5,13.1],[-83,13.7],[-82.5,14.7],[-82.1,15.9],[-82.1,17.3],[-82.2,18.2],[-82.5,19],[-83.1,19.7],[-83.7,20.2],[-84,20.5],[-84.1,20.9],[-84.2,21.3],[-84.3,21.8],[-84.3,21.9],[-84.5,22.2],[-84.7,22.7],[-84.8,23.3],[-85,23.9],[-85.4,24.2],[-85.2,24],[-84.9,23.5],[-84.6,23.2],[-84.3,23.1],[-84,23],[-83.7,23.1],[-83.4,23.2],[-82.9,23.4],[-82.8,23.6],[-83.2,24],[-83.8,24.5],[-84.4,25.2],[-85,25.9],[-85.7,26.6],[-85.8,27.3],[-85.8,28],[-85.8,28.7],[-85.9,29.3],[-85.9,29.8],[-85.9,30.3],[-85.9,30.4],[-85.8,30.8],[-85.5,31.1]]},"properties":{"id":"hur-al011953","event_type":"hurricane","name":"ALICE","year":1953,"max_wind_kt":60,"min_pressure_mb":994,"category":0,"preliminary":false,"start_date":"19530525","end_date":"19530607","track":[{"date":"19530525","time":"1800","status":"TD","lat":14.4,"lon":-81.8,"wind_kt":25,"pressure_mb":null,"radius_34kt_nm":null},{"date":"19530526","time":"0000","status":"TD","lat":14.9,"lon":-82.3,"wind_kt":30,"pressure_mb":null,"radius_34kt_nm":null},{"date":"19530526","time":"0600","status":"TD","lat":15.2,"lon":-82.8,"wind_kt":30,"pressure_mb":null,"radius_34kt_nm":null},{"date":"19530526","time":"1200","status":"TS","lat":15.5,"lon":-83.3,"wind_kt":35,"pressure_mb":null,"radius_34kt_nm":null},{"date":"19530526","time":"1800","status":"TS","lat":15.4,"lon":-83.9,"wind_kt":35,"pressure_mb":null,"radius_34kt_nm":null},{"date":"19530527","time":"0000","status":"TS","lat":15.1,"lon":-84.5,"wind_kt":35,"pressure_mb":null,"radius_34kt_nm":null},{"date":"19530527","time":"0600","status":"TD","lat":14.8,"lon":-84.9,"wind_kt":30,"pressure_mb":null,"radius_34kt_nm":null},{"date":"19530527","time":"1200","status":"TD","lat":14.4,"lon":-85,"wind_kt":25,"pressure_mb":null,"radius_34kt_nm":null},{"date":"19530527","time":"1800","status":"TD","lat":14,"lon":-84.9,"wind_kt":25,"pressure_mb":null,"radius_34kt_nm":null},{"date":"19530528","time":"0000","status":"TD","lat":13.6,"lon":-84.5,"wind_kt":25,"pressure_mb":null,"radius_34kt_nm":null},{"date":"19530528","time":"0600","status":"TD","lat":13.2,"lon":-84,"wind_kt":25,"pressure_mb":null,"radius_34kt_nm":null},{"date":"19530528","time":"1200","status":"TD","lat":13.1,"lon":-83.5,"wind_kt":30,"pressure_mb":null,"radius_34kt_nm":null},{"date":"19530528","time":"1800","status":"TD","lat":13.7,"lon":-83,"wind_kt":30,"pressure_mb":null,"radius_34kt_nm":null},{"date":"19530529","time":"0000","status":"TD","lat":14.7,"lon":-82.5,"wind_kt":30,"pressure_mb":null,"radius_34kt_nm":null},{"date":"19530529","time":"0600","status":"TD","lat":15.9,"lon":-82.1,"wind_kt":30,"pressure_mb":null,"radius_34kt_nm":null},{"date":"19530529","time":"1200","status":"TD","lat":17.3,"lon":-82.1,"wind_kt":30,"pressure_mb":null,"radius_34kt_nm":null},{"date":"19530529","time":"1800","status":"TS","lat":18.2,"lon":-82.2,"wind_kt":35,"pressure_mb":null,"radius_34kt_nm":null},{"date":"19530530","time":"0000","status":"TS","lat":19,"lon":-82.5,"wind_kt":35,"pressure_mb":null,"radius_34kt_nm":null},{"date":"19530530","time":"0600","status":"TS","lat":19.7,"lon":-83.1,"wind_kt":35,"pressure_mb":null,"radius_34kt_nm":null},{"date":"19530530","time":"1200","status":"TS","lat":20.2,"lon":-83.7,"wind_kt":40,"pressure_mb":null,"radius_34kt_nm":null},{"date":"19530530","time":"1800","status":"TS","lat":20.5,"lon":-84,"wind_kt":40,"pressure_mb":1000,"radius_34kt_nm":null},{"date":"19530531","time":"0000","status":"TS","lat":20.9,"lon":-84.1,"wind_kt":45,"pressure_mb":null,"radius_34kt_nm":null},{"date":"19530531","time":"0600","status":"TS","lat":21.3,"lon":-84.2,"wind_kt":45,"pressure_mb":null,"radius_34kt_nm":null},{"date":"19530531","time":"1200","status":"TS","lat":21.8,"lon":-84.3,"wind_kt":45,"pressure_mb":null,"radius_34kt_nm":null},{"date":"19530531","time":"1300","status":"TS","lat":21.9,"lon":-84.3,"wind_kt":45,"pressure_mb":null,"radius_34kt_nm":null},{"date":"19530531","time":"1800","status":"TS","lat":22.2,"lon":-84.5,"wind_kt":40,"pressure_mb":1003,"radius_34kt_nm":null},{"date":"19530601","time":"0000","status":"TS","lat":22.7,"lon":-84.7,"wind_kt":45,"pressure_mb":null,"radius_34kt_nm":null},{"date":"19530601","time":"0600","status":"TS","lat":23.3,"lon":-84.8,"wind_kt":45,"pressure_mb":null,"radius_34kt_nm":null},{"date":"19530601","time":"1200","status":"TS","lat":23.9,"lon":-85,"wind_kt":50,"pressure_mb":null,"radius_34kt_nm":null},{"date":"19530601","time":"1800","status":"TS","lat":24.2,"lon":-85.4,"wind_kt":50,"pressure_mb":997,"radius_34kt_nm":null},{"date":"19530602","time":"0000","status":"TS","lat":24,"lon":-85.2,"wind_kt":50,"pressure_mb":996,"radius_34kt_nm":null},{"date":"19530602","time":"0600","status":"TS","lat":23.5,"lon":-84.9,"wind_kt":50,"pressure_mb":null,"radius_34kt_nm":null},{"date":"19530602","time":"1200","status":"TS","lat":23.2,"lon":-84.6,"wind_kt":45,"pressure_mb":null,"radius_34kt_nm":null},{"date":"19530602","time":"1800","status":"TS","lat":23.1,"lon":-84.3,"wind_kt":40,"pressure_mb":999,"radius_34kt_nm":null},{"date":"19530603","time":"0000","status":"TS","lat":23,"lon":-84,"wind_kt":40,"pressure_mb":null,"radius_34kt_nm":null},{"date":"19530603","time":"0600","status":"TS","lat":23.1,"lon":-83.7,"wind_kt":40,"pressure_mb":null,"radius_34kt_nm":null},{"date":"19530603","time":"1200","status":"TS","lat":23.2,"lon":-83.4,"wind_kt":40,"pressure_mb":null,"radius_34kt_nm":null},{"date":"19530603","time":"1800","status":"TS","lat":23.4,"lon":-82.9,"wind_kt":40,"pressure_mb":null,"radius_34kt_nm":null},{"date":"19530604","time":"0000","status":"TS","lat":23.6,"lon":-82.8,"wind_kt":40,"pressure_mb":null,"radius_34kt_nm":null},{"date":"19530604","time":"0600","status":"TS","lat":24,"lon":-83.2,"wind_kt":45,"pressure_mb":null,"radius_34kt_nm":null},{"date":"19530604","time":"1200","status":"TS","lat":24.5,"lon":-83.8,"wind_kt":50,"pressure_mb":null,"radius_34kt_nm":null},{"date":"19530604","time":"1800","status":"TS","lat":25.2,"lon":-84.4,"wind_kt":50,"pressure_mb":null,"radius_34kt_nm":null},{"date":"19530605","time":"0000","status":"TS","lat":25.9,"lon":-85,"wind_kt":55,"pressure_mb":null,"radius_34kt_nm":null},{"date":"19530605","time":"0600","status":"TS","lat":26.6,"lon":-85.7,"wind_kt":55,"pressure_mb":null,"radius_34kt_nm":null},{"date":"19530605","time":"1200","status":"TS","lat":27.3,"lon":-85.8,"wind_kt":60,"pressure_mb":null,"radius_34kt_nm":null},{"date":"19530605","time":"1800","status":"TS","lat":28,"lon":-85.8,"wind_kt":60,"pressure_mb":null,"radius_34kt_nm":null},{"date":"19530606","time":"0000","status":"TS","lat":28.7,"lon":-85.8,"wind_kt":55,"pressure_mb":994,"radius_34kt_nm":null},{"date":"19530606","time":"0600","status":"TS","lat":29.3,"lon":-85.9,"wind_kt":50,"pressure_mb":null,"radius_34kt_nm":null},{"date":"19530606","time":"1200","status":"TS","lat":29.8,"lon":-85.9,"wind_kt":45,"pressure_mb":null,"radius_34kt_nm":null},{"date":"19530606","time":"1700","status":"TS","lat":30.3,"lon":-85.9,"wind_kt":40,"pressure_mb":null,"radius_34kt_nm":null},{"date":"19530606","time":"1800","status":"TS","lat":30.4,"lon":-85.9,"wind_kt":40,"pressure_mb":null,"radius_34kt_nm":null},{"date":"19530607","time":"0000","status":"TD","lat":30.8,"lon":-85.8,"wind_kt":25,"pressure_mb":null,"radius_34kt_nm":null},{"date":"19530607","time":"0600","status":"TD","lat":31.1,"lon":-85.5,"wind_kt":20,"pressure_mb":null,"radius_34kt_nm":null}]}},{"type":"Feature","geometry":{"type":"LineString","coordinates":[[-81.3,26.1],[-80.9,26.6],[-80.5,27.2],[-80.1,27.7],[-79.2,28.2],[-78.3,28.7],[-77.4,29.1],[-76.3,29.5],[-75.2,30.2],[-74.3,30.9],[-74,32],[-73.8,33.1],[-73.6,34.3],[-73.3,35.6],[-72.5,36.9],[-71.7,38.2],[-70.5,39.7],[-68.6,41.4]]},"properties":{"id":"hur-al021953","event_type":"hurricane","name":null,"year":1953,"max_wind_kt":45,"min_pressure_mb":null,"category":0,"preliminary":false,"start_date":"19530711","end_date":"19530716","track":[{"date":"19530711","time":"1800","status":"TD","lat":26.1,"lon":-81.3,"wind_kt":25,"pressure_mb":null,"radius_34kt_nm":null},{"date":"19530712","time":"0000","status":"TD","lat":26.6,"lon":-80.9,"wind_kt":30,"pressure_mb":null,"radius_34kt_nm":null},{"date":"19530712","time":"0600","status":"TD","lat":27.2,"lon":-80.5,"wind_kt":30,"pressure_mb":null,"radius_34kt_nm":null},{"date":"19530712","time":"1200","status":"TS","lat":27.7,"lon":-80.1,"wind_kt":35,"pressure_mb":null,"radius_34kt_nm":null},{"date":"19530712","time":"1800","status":"TS","lat":28.2,"lon":-79.2,"wind_kt":35,"pressure_mb":null,"radius_34kt_nm":null},{"date":"19530713","time":"0000","status":"TS","lat":28.7,"lon":-78.3,"wind_kt":35,"pressure_mb":null,"radius_34kt_nm":null},{"date":"19530713","time":"0600","status":"TS","lat":29.1,"lon":-77.4,"wind_kt":35,"pressure_mb":null,"radius_34kt_nm":null},{"date":"19530713","time":"1200","status":"TS","lat":29.5,"lon":-76.3,"wind_kt":35,"pressure_mb":null,"radius_34kt_nm":null},{"date":"19530713","time":"1800","status":"TS","lat":30.2,"lon":-75.2,"wind_kt":40,"pressure_mb":null,"radius_34kt_nm":null},{"date":"19530714","time":"0000","status":"TS","lat":30.9,"lon":-74.3,"wind_kt":40,"pressure_mb":null,"radius_34kt_nm":null},{"date":"19530714","time":"0600","status":"TS","lat":32,"lon":-74,"wind_kt":40,"pressure_mb":null,"radius_34kt_nm":null},{"date":"19530714","time":"1200","status":"TS","lat":33.1,"lon":-73.8,"wind_kt":40,"pressure_mb":null,"radius_34kt_nm":null},{"date":"19530714","time":"1800","status":"TS","lat":34.3,"lon":-73.6,"wind_kt":40,"pressure_mb":null,"radius_34kt_nm":null},{"date":"19530715","time":"0000","status":"TS","lat":35.6,"lon":-73.3,"wind_kt":40,"pressure_mb":null,"radius_34kt_nm":null},{"date":"19530715","time":"0600","status":"TS","lat":36.9,"lon":-72.5,"wind_kt":45,"pressure_mb":null,"radius_34kt_nm":null},{"date":"19530715","time":"1200","status":"EX","lat":38.2,"lon":-71.7,"wind_kt":45,"pressure_mb":null,"radius_34kt_nm":null},{"date":"19530715","time":"1800","status":"EX","lat":39.7,"lon":-70.5,"wind_kt":45,"pressure_mb":null,"radius_34kt_nm":null},{"date":"19530716","time":"0000","status":"EX","lat":41.4,"lon":-68.6,"wind_kt":45,"pressure_mb":null,"radius_34kt_nm":null}]}},{"type":"Feature","geometry":{"type":"LineString","coordinates":[[-74.4,22.8],[-74.6,23.8],[-74.8,25.2],[-75,26.6],[-75.3,27.9],[-75.6,29.1],[-75.9,29.8],[-76.1,30.5],[-76.3,31.3],[-76.5,32.3],[-76.4,33.4],[-76.2,34.6],[-76.1,35],[-76.1,35.4],[-76,35.6],[-75.9,36.1],[-75.7,36.6],[-74.9,37.6],[-73,38.7],[-70.5,40.1],[-67.7,41.5],[-64.1,43.1],[-60.5,46],[-59.3,49],[-59.1,52.8],[-59,54]]},"properties":{"id":"hur-al031953","event_type":"hurricane","name":"BARBARA","year":1953,"max_wind_kt":80,"min_pressure_mb":973,"category":1,"preliminary":false,"start_date":"19530811","end_date":"19530816","track":[{"date":"19530811","time":"0600","status":"TD","lat":22.8,"lon":-74.4,"wind_kt":25,"pressure_mb":null,"radius_34kt_nm":null},{"date":"19530811","time":"1200","status":"TD","lat":23.8,"lon":-74.6,"wind_kt":30,"pressure_mb":null,"radius_34kt_nm":null},{"date":"19530811","time":"1800","status":"TS","lat":25.2,"lon":-74.8,"wind_kt":40,"pressure_mb":null,"radius_34kt_nm":null},{"date":"19530812","time":"0000","status":"TS","lat":26.6,"lon":-75,"wind_kt":45,"pressure_mb":null,"radius_34kt_nm":null},{"date":"19530812","time":"0600","status":"TS","lat":27.9,"lon":-75.3,"wind_kt":55,"pressure_mb":null,"radius_34kt_nm":null},{"date":"19530812","time":"1200","status":"TS","lat":29.1,"lon":-75.6,"wind_kt":60,"pressure_mb":1005,"radius_34kt_nm":null},{"date":"19530812","time":"1800","status":"HU","lat":29.8,"lon":-75.9,"wind_kt":65,"pressure_mb":null,"radius_34kt_nm":null},{"date":"19530813","time":"0000","status":"HU","lat":30.5,"lon":-76.1,"wind_kt":65,"pressure_mb":1002,"radius_34kt_nm":null},{"date":"19530813","time":"0600","status":"HU","lat":31.3,"lon":-76.3,"wind_kt":65,"pressure_mb":null,"radius_34kt_nm":null},{"date":"19530813","time":"1200","status":"HU","lat":32.3,"lon":-76.5,"wind_kt":65,"pressure_mb":995,"radius_34kt_nm":null},{"date":"19530813","time":"1800","status":"HU","lat":33.4,"lon":-76.4,"wind_kt":70,"pressure_mb":987,"radius_34kt_nm":null},{"date":"19530814","time":"0000","status":"HU","lat":34.6,"lon":-76.2,"wind_kt":80,"pressure_mb":null,"radius_34kt_nm":null},{"date":"19530814","time":"0300","status":"HU","lat":35,"lon":-76.1,"wind_kt":80,"pressure_mb":null,"radius_34kt_nm":null},{"date":"19530814","time":"0500","status":"HU","lat":35.4,"lon":-76.1,"wind_kt":75,"pressure_mb":null,"radius_34kt_nm":null},{"date":"19530814","time":"0600","status":"HU","lat":35.6,"lon":-76,"wind_kt":75,"pressure_mb":null,"radius_34kt_nm":null},{"date":"19530814","time":"0900","status":"HU","lat":36.1,"lon":-75.9,"wind_kt":70,"pressure_mb":null,"radius_34kt_nm":null},{"date":"19530814","time":"1200","status":"HU","lat":36.6,"lon":-75.7,"wind_kt":75,"pressure_mb":null,"radius_34kt_nm":null},{"date":"19530814","time":"1800","status":"HU","lat":37.6,"lon":-74.9,"wind_kt":80,"pressure_mb":973,"radius_34kt_nm":null},{"date":"19530815","time":"0000","status":"HU","lat":38.7,"lon":-73,"wind_kt":75,"pressure_mb":null,"radius_34kt_nm":null},{"date":"19530815","time":"0600","status":"HU","lat":40.1,"lon":-70.5,"wind_kt":70,"pressure_mb":null,"radius_34kt_nm":null},{"date":"19530815","time":"1200","status":"TS","lat":41.5,"lon":-67.7,"wind_kt":60,"pressure_mb":null,"radius_34kt_nm":null},{"date":"19530815","time":"1800","status":"TS","lat":43.1,"lon":-64.1,"wind_kt":60,"pressure_mb":null,"radius_34kt_nm":null},{"date":"19530816","time":"0000","status":"EX","lat":46,"lon":-60.5,"wind_kt":55,"pressure_mb":null,"radius_34kt_nm":null},{"date":"19530816","time":"0600","status":"EX","lat":49,"lon":-59.3,"wind_kt":50,"pressure_mb":null,"radius_34kt_nm":null},{"date":"19530816","time":"1200","status":"EX","lat":52.8,"lon":-59.1,"wind_kt":45,"pressure_mb":null,"radius_34kt_nm":null},{"date":"19530816","time":"1800","status":"EX","lat":54,"lon":-59,"wind_kt":45,"pressure_mb":null,"radius_34kt_nm":null}]}},{"type":"Feature","geometry":{"type":"LineString","coordinates":[[-20.5,14],[-21.6,13.9],[-22.8,13.8],[-24,13.7],[-25.3,13.6],[-26.7,13.5],[-28.2,13.6],[-29.9,13.8],[-31.6,13.9],[-33.3,14],[-35,14],[-36.7,14],[-38.4,14],[-40.1,14],[-41.8,14],[-43.4,14],[-45,14],[-46.6,14],[-48.2,14.1],[-49.7,14.4],[-51.2,15],[-52.7,15.7],[-54.3,16.5],[-55.9,17.3],[-57.3,18.2],[-58.7,19.1],[-60.1,20],[-61.3,21.2],[-62.4,22.4],[-63.2,23.6],[-64,24.9],[-64.8,26.2],[-65.7,27.5],[-66.5,28.8],[-67.2,29.9],[-67.9,31],[-68.6,32.2],[-69.4,33.4],[-70,35],[-70.5,37],[-70,38.8],[-68.4,40.6],[-66.8,43.4],[-66.4,44.2],[-65.8,45.3],[-65.2,46.4],[-63,49.1],[-60.8,51.8],[-58.4,54.5],[-56.2,57],[-54.1,59.5],[-52,61.8]]},"properties":{"id":"hur-al041953","event_type":"hurricane","name":"CAROL","year":1953,"max_wind_kt":140,"min_pressure_mb":929,"category":5,"preliminary":false,"start_date":"19530828","end_date":"19530909","track":[{"date":"19530828","time":"0600","status":"TD","lat":14,"lon":-20.5,"wind_kt":25,"pressure_mb":null,"radius_34kt_nm":null},{"date":"19530828","time":"1200","status":"TD","lat":13.9,"lon":-21.6,"wind_kt":25,"pressure_mb":null,"radius_34kt_nm":null},{"date":"19530828","time":"1800","status":"TD","lat":13.8,"lon":-22.8,"wind_kt":25,"pressure_mb":null,"radius_34kt_nm":null},{"date":"19530829","time":"0000","status":"TD","lat":13.7,"lon":-24,"wind_kt":25,"pressure_mb":null,"radius_34kt_nm":null},{"date":"19530829","time":"0600","status":"TD","lat":13.6,"lon":-25.3,"wind_kt":30,"pressure_mb":null,"radius_34kt_nm":null},{"date":"19530829","time":"1200","status":"TD","lat":13.5,"lon":-26.7,"wind_kt":30,"pressure_mb":null,"radius_34kt_nm":null},{"date":"19530829","time":"1800","status":"TD","lat":13.6,"lon":-28.2,"wind_kt":30,"pressure_mb":null,"radius_34kt_nm":null},{"date":"19530830","time":"0000","status":"TD","lat":13.8,"lon":-29.9,"wind_kt":30,"pressure_mb":null,"radius_34kt_nm":null},{"date":"19530830","time":"0600","status":"TD","lat":13.9,"lon":-31.6,"wind_kt":30,"pressure_mb":null,"radius_34kt_nm":null},{"date":"19530830","time":"1200","status":"TD","lat":14,"lon":-33.3,"wind_kt":30,"pressure_mb":null,"radius_34kt_nm":null},{"date":"19530830","time":"1800","status":"TD","lat":14,"lon":-35,"wind_kt":30,"pressure_mb":null,"radius_34kt_nm":null},{"date":"19530831","time":"0000","status":"TD","lat":14,"lon":-36.7,"wind_kt":30,"pressure_mb":null,"radius_34kt_nm":null},{"date":"19530831","time":"0600","status":"TS","lat":14,"lon":-38.4,"wind_kt":35,"pressure_mb":null,"radius_34kt_nm":null},{"date":"19530831","time":"1200","status":"TS","lat":14,"lon":-40.1,"wind_kt":40,"pressure_mb":null,"radius_34kt_nm":null},{"date":"19530831","time":"1800","status":"TS","lat":14,"lon":-41.8,"wind_kt":50,"pressure_mb":null,"radius_34kt_nm":null},{"date":"19530901","time":"0000","status":"TS","lat":14,"lon":-43.4,"wind_kt":60,"pressure_mb":null,"radius_34kt_nm":null},{"date":"19530901","time":"0600","status":"HU","lat":14,"lon":-45,"wind_kt":70,"pressure_mb":null,"radius_34kt_nm":null},{"date":"19530901","time":"1200","status":"HU","lat":14,"lon":-46.6,"wind_kt":80,"pressure_mb":null,"radius_34kt_nm":null},{"date":"19530901","time":"1800","status":"HU","lat":14.1,"lon":-48.2,"wind_kt":90,"pressure_mb":null,"radius_34kt_nm":null},{"date":"19530902","time":"0000","status":"HU","lat":14.4,"lon":-49.7,"wind_kt":100,"pressure_mb":null,"radius_34kt_nm":null},{"date":"19530902","time":"0600","status":"HU","lat":15,"lon":-51.2,"wind_kt":110,"pressure_mb":null,"radius_34kt_nm":null},{"date":"19530902","time":"1200","status":"HU","lat":15.7,"lon":-52.7,"wind_kt":120,"pressure_mb":944,"radius_34kt_nm":null},{"date":"19530902","time":"1800","status":"HU","lat":16.5,"lon":-54.3,"wind_kt":125,"pressure_mb":null,"radius_34kt_nm":null},{"date":"19530903","time":"0000","status":"HU","lat":17.3,"lon":-55.9,"wind_kt":130,"pressure_mb":null,"radius_34kt_nm":null},{"date":"19530903","time":"0600","status":"HU","lat":18.2,"lon":-57.3,"wind_kt":135,"pressure_mb":null,"radius_34kt_nm":null},{"date":"19530903","time":"1200","status":"HU","lat":19.1,"lon":-58.7,"wind_kt":140,"pressure_mb":null,"radius_34kt_nm":null},{"date":"19530903","time":"1800","status":"HU","lat":20,"lon":-60.1,"wind_kt":140,"pressure_mb":929,"radius_34kt_nm":null},{"date":"19530904","time":"0000","status":"HU","lat":21.2,"lon":-61.3,"wind_kt":135,"pressure_mb":null,"radius_34kt_nm":null},{"date":"19530904","time":"0600","status":"HU","lat":22.4,"lon":-62.4,"wind_kt":125,"pressure_mb":null,"radius_34kt_nm":null},{"date":"19530904","time":"1200","status":"HU","lat":23.6,"lon":-63.2,"wind_kt":120,"pressure_mb":null,"radius_34kt_nm":null},{"date":"19530904","time":"1800","status":"HU","lat":24.9,"lon":-64,"wind_kt":115,"pressure_mb":942,"radius_34kt_nm":null},{"date":"19530905","time":"0000","status":"HU","lat":26.2,"lon":-64.8,"wind_kt":115,"pressure_mb":null,"radius_34kt_nm":null},{"date":"19530905","time":"0600","status":"HU","lat":27.5,"lon":-65.7,"wind_kt":115,"pressure_mb":null,"radius_34kt_nm":null},{"date":"19530905","time":"1200","status":"HU","lat":28.8,"lon":-66.5,"wind_kt":110,"pressure_mb":945,"radius_34kt_nm":null},{"date":"19530905","time":"1800","status":"HU","lat":29.9,"lon":-67.2,"wind_kt":105,"pressure_mb":null,"radius_34kt_nm":null},{"date":"19530906","time":"0000","status":"HU","lat":31,"lon":-67.9,"wind_kt":100,"pressure_mb":null,"radius_34kt_nm":null},{"date":"19530906","time":"0600","status":"HU","lat":32.2,"lon":-68.6,"wind_kt":95,"pressure_mb":null,"radius_34kt_nm":null},{"date":"19530906","time":"1200","status":"HU","lat":33.4,"lon":-69.4,"wind_kt":90,"pressure_mb":null,"radius_34kt_nm":null},{"date":"19530906","time":"1800","status":"HU","lat":35,"lon":-70,"wind_kt":85,"pressure_mb":962,"radius_34kt_nm":null},{"date":"19530907","time":"0000","status":"HU","lat":37,"lon":-70.5,"wind_kt":80,"pressure_mb":null,"radius_34kt_nm":null},{"date":"19530907","time":"0600","status":"HU","lat":38.8,"lon":-70,"wind_kt":75,"pressure_mb":null,"radius_34kt_nm":null},{"date":"19530907","time":"1200","status":"HU","lat":40.6,"lon":-68.4,"wind_kt":75,"pressure_mb":null,"radius_34kt_nm":null},{"date":"19530907","time":"1800","status":"HU","lat":43.4,"lon":-66.8,"wind_kt":75,"pressure_mb":null,"radius_34kt_nm":null},{"date":"19530907","time":"2000","status":"HU","lat":44.2,"lon":-66.4,"wind_kt":75,"pressure_mb":null,"radius_34kt_nm":null},{"date":"19530907","time":"2200","status":"HU","lat":45.3,"lon":-65.8,"wind_kt":70,"pressure_mb":null,"radius_34kt_nm":null},{"date":"19530908","time":"0000","status":"TS","lat":46.4,"lon":-65.2,"wind_kt":60,"pressure_mb":null,"radius_34kt_nm":null},{"date":"19530908","time":"0600","status":"EX","lat":49.1,"lon":-63,"wind_kt":50,"pressure_mb":null,"radius_34kt_nm":null},{"date":"19530908","time":"1200","status":"EX","lat":51.8,"lon":-60.8,"wind_kt":45,"pressure_mb":null,"radius_34kt_nm":null},{"date":"19530908","time":"1800","status":"EX","lat":54.5,"lon":-58.4,"wind_kt":45,"pressure_mb":null,"radius_34kt_nm":null},{"date":"19530909","time":"0000","status":"EX","lat":57,"lon":-56.2,"wind_kt":45,"pressure_mb":null,"radius_34kt_nm":null},{"date":"19530909","time":"0600","status":"EX","lat":59.5,"lon":-54.1,"wind_kt":45,"pressure_mb":null,"radius_34kt_nm":null},{"date":"19530909","time":"1200","status":"EX","lat":61.8,"lon":-52,"wind_kt":45,"pressure_mb":null,"radius_34kt_nm":null}]}},{"type":"Feature","geometry":{"type":"LineString","coordinates":[[-80.9,26.3],[-79.3,26.9],[-78.4,27.2],[-77.7,27.5],[-77.5,27.8],[-77.8,28.1],[-78.1,28.6],[-78.6,29.2],[-79.3,30],[-80,30.7],[-80.8,31.4],[-81.7,32.2],[-82.8,32.5]]},"properties":{"id":"hur-al051953","event_type":"hurricane","name":null,"year":1953,"max_wind_kt":35,"min_pressure_mb":1007,"category":0,"preliminary":false,"start_date":"19530829","end_date":"19530901","track":[{"date":"19530829","time":"1800","status":"TD","lat":26.3,"lon":-80.9,"wind_kt":25,"pressure_mb":1007,"radius_34kt_nm":null},{"date":"19530830","time":"0000","status":"TD","lat":26.9,"lon":-79.3,"wind_kt":30,"pressure_mb":null,"radius_34kt_nm":null},{"date":"19530830","time":"0600","status":"TD","lat":27.2,"lon":-78.4,"wind_kt":30,"pressure_mb":null,"radius_34kt_nm":null},{"date":"19530830","time":"1200","status":"TD","lat":27.5,"lon":-77.7,"wind_kt":30,"pressure_mb":null,"radius_34kt_nm":null},{"date":"19530830","time":"1800","status":"TS","lat":27.8,"lon":-77.5,"wind_kt":35,"pressure_mb":null,"radius_34kt_nm":null},{"date":"19530831","time":"0000","status":"TS","lat":28.1,"lon":-77.8,"wind_kt":35,"pressure_mb":null,"radius_34kt_nm":null},{"date":"19530831","time":"0600","status":"TS","lat":28.6,"lon":-78.1,"wind_kt":35,"pressure_mb":null,"radius_34kt_nm":null},{"date":"19530831","time":"1200","status":"TS","lat":29.2,"lon":-78.6,"wind_kt":35,"pressure_mb":null,"radius_34kt_nm":null},{"date":"19530831","time":"1800","status":"TS","lat":30,"lon":-79.3,"wind_kt":35,"pressure_mb":1008,"radius_34kt_nm":null},{"date":"19530901","time":"0000","status":"TS","lat":30.7,"lon":-80,"wind_kt":35,"pressure_mb":null,"radius_34kt_nm":null},{"date":"19530901","time":"0600","status":"TD","lat":31.4,"lon":-80.8,"wind_kt":30,"pressure_mb":null,"radius_34kt_nm":null},{"date":"19530901","time":"1200","status":"TD","lat":32.2,"lon":-81.7,"wind_kt":30,"pressure_mb":null,"radius_34kt_nm":null},{"date":"19530901","time":"1800","status":"TD","lat":32.5,"lon":-82.8,"wind_kt":25,"pressure_mb":null,"radius_34kt_nm":null}]}},{"type":"Feature","geometry":{"type":"LineString","coordinates":[[-65.1,18.3],[-66.4,18.7],[-67.5,19.1],[-68.5,19.6],[-69,20.2],[-69.4,20.7],[-69.7,21.3],[-69.9,22.1],[-70.1,23],[-70.5,23.9],[-70.8,24.9],[-70.5,25.9],[-69.9,27],[-69,28.5],[-67.8,29.9],[-66.3,31.3],[-64.8,32.3],[-64.4,32.7],[-61.8,34.7],[-59.1,36.8],[-56.4,38.5],[-53.3,40],[-49.5,41.5],[-46.3,42.4],[-44.1,42.8],[-42.1,43.2],[-40.7,43.2],[-39.3,43],[-37.8,43],[-36.2,43],[-34.4,43.3],[-31.9,43.2],[-28.3,42.6],[-26.1,42.3],[-23.8,42]]},"properties":{"id":"hur-al061953","event_type":"hurricane","name":"DOLLY","year":1953,"max_wind_kt":65,"min_pressure_mb":989,"category":1,"preliminary":false,"start_date":"19530908","end_date":"19530916","track":[{"date":"19530908","time":"0600","status":"TD","lat":18.3,"lon":-65.1,"wind_kt":30,"pressure_mb":null,"radius_34kt_nm":null},{"date":"19530908","time":"1200","status":"TS","lat":18.7,"lon":-66.4,"wind_kt":35,"pressure_mb":null,"radius_34kt_nm":null},{"date":"19530908","time":"1800","status":"TS","lat":19.1,"lon":-67.5,"wind_kt":40,"pressure_mb":null,"radius_34kt_nm":null},{"date":"19530909","time":"0000","status":"TS","lat":19.6,"lon":-68.5,"wind_kt":45,"pressure_mb":null,"radius_34kt_nm":null},{"date":"19530909","time":"0600","status":"TS","lat":20.2,"lon":-69,"wind_kt":45,"pressure_mb":null,"radius_34kt_nm":null},{"date":"19530909","time":"1200","status":"TS","lat":20.7,"lon":-69.4,"wind_kt":50,"pressure_mb":1005,"radius_34kt_nm":null},{"date":"19530909","time":"1800","status":"TS","lat":21.3,"lon":-69.7,"wind_kt":55,"pressure_mb":null,"radius_34kt_nm":null},{"date":"19530910","time":"0000","status":"TS","lat":22.1,"lon":-69.9,"wind_kt":60,"pressure_mb":null,"radius_34kt_nm":null},{"date":"19530910","time":"0600","status":"TS","lat":23,"lon":-70.1,"wind_kt":60,"pressure_mb":999,"radius_34kt_nm":null},{"date":"19530910","time":"1200","status":"HU","lat":23.9,"lon":-70.5,"wind_kt":65,"pressure_mb":990,"radius_34kt_nm":null},{"date":"19530910","time":"1800","status":"HU","lat":24.9,"lon":-70.8,"wind_kt":65,"pressure_mb":989,"radius_34kt_nm":null},{"date":"19530911","time":"0000","status":"HU","lat":25.9,"lon":-70.5,"wind_kt":65,"pressure_mb":null,"radius_34kt_nm":null},{"date":"19530911","time":"0600","status":"HU","lat":27,"lon":-69.9,"wind_kt":65,"pressure_mb":null,"radius_34kt_nm":null},{"date":"19530911","time":"1200","status":"HU","lat":28.5,"lon":-69,"wind_kt":65,"pressure_mb":null,"radius_34kt_nm":null},{"date":"19530911","time":"1800","status":"HU","lat":29.9,"lon":-67.8,"wind_kt":65,"pressure_mb":null,"radius_34kt_nm":null},{"date":"19530912","time":"0000","status":"TS","lat":31.3,"lon":-66.3,"wind_kt":60,"pressure_mb":null,"radius_34kt_nm":null},{"date":"19530912","time":"0500","status":"TS","lat":32.3,"lon":-64.8,"wind_kt":55,"pressure_mb":996,"radius_34kt_nm":null},{"date":"19530912","time":"0600","status":"TS","lat":32.7,"lon":-64.4,"wind_kt":55,"pressure_mb":996,"radius_34kt_nm":null},{"date":"19530912","time":"1200","status":"TS","lat":34.7,"lon":-61.8,"wind_kt":55,"pressure_mb":994,"radius_34kt_nm":null},{"date":"19530912","time":"1800","status":"TS","lat":36.8,"lon":-59.1,"wind_kt":55,"pressure_mb":null,"radius_34kt_nm":null},{"date":"19530913","time":"0000","status":"EX","lat":38.5,"lon":-56.4,"wind_kt":50,"pressure_mb":null,"radius_34kt_nm":null},{"date":"19530913","time":"0600","status":"EX","lat":40,"lon":-53.3,"wind_kt":50,"pressure_mb":null,"radius_34kt_nm":null},{"date":"19530913","time":"1200","status":"EX","lat":41.5,"lon":-49.5,"wind_kt":50,"pressure_mb":null,"radius_34kt_nm":null},{"date":"19530913","time":"1800","status":"EX","lat":42.4,"lon":-46.3,"wind_kt":55,"pressure_mb":null,"radius_34kt_nm":null},{"date":"19530914","time":"0000","status":"EX","lat":42.8,"lon":-44.1,"wind_kt":55,"pressure_mb":null,"radius_34kt_nm":null},{"date":"19530914","time":"0600","status":"EX","lat":43.2,"lon":-42.1,"wind_kt":50,"pressure_mb":null,"radius_34kt_nm":null},{"date":"19530914","time":"1200","status":"EX","lat":43.2,"lon":-40.7,"wind_kt":45,"pressure_mb":null,"radius_34kt_nm":null},{"date":"19530914","time":"1800","status":"EX","lat":43,"lon":-39.3,"wind_kt":45,"pressure_mb":null,"radius_34kt_nm":null},{"date":"19530915","time":"0000","status":"EX","lat":43,"lon":-37.8,"wind_kt":45,"pressure_mb":null,"radius_34kt_nm":null},{"date":"19530915","time":"0600","status":"EX","lat":43,"lon":-36.2,"wind_kt":45,"pressure_mb":null,"radius_34kt_nm":null},{"date":"19530915","time":"1200","status":"EX","lat":43.3,"lon":-34.4,"wind_kt":45,"pressure_mb":null,"radius_34kt_nm":null},{"date":"19530915","time":"1800","status":"EX","lat":43.2,"lon":-31.9,"wind_kt":40,"pressure_mb":null,"radius_34kt_nm":null},{"date":"19530916","time":"0000","status":"EX","lat":42.6,"lon":-28.3,"wind_kt":40,"pressure_mb":null,"radius_34kt_nm":null},{"date":"19530916","time":"0600","status":"EX","lat":42.3,"lon":-26.1,"wind_kt":35,"pressure_mb":null,"radius_34kt_nm":null},{"date":"19530916","time":"1200","status":"EX","lat":42,"lon":-23.8,"wind_kt":30,"pressure_mb":null,"radius_34kt_nm":null}]}},{"type":"Feature","geometry":{"type":"LineString","coordinates":[[-64,18.9],[-65.3,19.9],[-66.8,20.9],[-68,21.9],[-69.1,22.9],[-70,23.7],[-70.8,24.6],[-71.1,25.8],[-70.8,27.1],[-70.4,28.2],[-69.1,29.3],[-67.6,30.7],[-65.8,32.3],[-63.4,34.3],[-60,36.5],[-56.1,38.9],[-51.8,41],[-48,42.6],[-42.8,44.3],[-36.9,46.2],[-30.9,48.1],[-25,49.7],[-21.3,51.3],[-16.7,52.6],[-13,53.8],[-9.2,54.1],[-6.6,54.3],[-4,54.6]]},"properties":{"id":"hur-al071953","event_type":"hurricane","name":"EDNA","year":1953,"max_wind_kt":100,"min_pressure_mb":962,"category":3,"preliminary":false,"start_date":"19530915","end_date":"19530921","track":[{"date":"19530915","time":"0000","status":"TS","lat":18.9,"lon":-64,"wind_kt":45,"pressure_mb":null,"radius_34kt_nm":null},{"date":"19530915","time":"0600","status":"TS","lat":19.9,"lon":-65.3,"wind_kt":55,"pressure_mb":null,"radius_34kt_nm":null},{"date":"19530915","time":"1200","status":"HU","lat":20.9,"lon":-66.8,"wind_kt":65,"pressure_mb":995,"radius_34kt_nm":null},{"date":"19530915","time":"1800","status":"HU","lat":21.9,"lon":-68,"wind_kt":75,"pressure_mb":987,"radius_34kt_nm":null},{"date":"19530916","time":"0000","status":"HU","lat":22.9,"lon":-69.1,"wind_kt":75,"pressure_mb":null,"radius_34kt_nm":null},{"date":"19530916","time":"0600","status":"HU","lat":23.7,"lon":-70,"wind_kt":80,"pressure_mb":null,"radius_34kt_nm":null},{"date":"19530916","time":"1200","status":"HU","lat":24.6,"lon":-70.8,"wind_kt":80,"pressure_mb":977,"radius_34kt_nm":null},{"date":"19530916","time":"1800","status":"HU","lat":25.8,"lon":-71.1,"wind_kt":90,"pressure_mb":969,"radius_34kt_nm":null},{"date":"19530917","time":"0000","status":"HU","lat":27.1,"lon":-70.8,"wind_kt":95,"pressure_mb":null,"radius_34kt_nm":null},{"date":"19530917","time":"0600","status":"HU","lat":28.2,"lon":-70.4,"wind_kt":95,"pressure_mb":null,"radius_34kt_nm":null},{"date":"19530917","time":"1200","status":"HU","lat":29.3,"lon":-69.1,"wind_kt":95,"pressure_mb":966,"radius_34kt_nm":null},{"date":"19530917","time":"1800","status":"HU","lat":30.7,"lon":-67.6,"wind_kt":100,"pressure_mb":962,"radius_34kt_nm":null},{"date":"19530918","time":"0000","status":"HU","lat":32.3,"lon":-65.8,"wind_kt":100,"pressure_mb":null,"radius_34kt_nm":null},{"date":"19530918","time":"0600","status":"HU","lat":34.3,"lon":-63.4,"wind_kt":95,"pressure_mb":null,"radius_34kt_nm":null},{"date":"19530918","time":"1200","status":"HU","lat":36.5,"lon":-60,"wind_kt":85,"pressure_mb":null,"radius_34kt_nm":null},{"date":"19530918","time":"1800","status":"HU","lat":38.9,"lon":-56.1,"wind_kt":80,"pressure_mb":null,"radius_34kt_nm":null},{"date":"19530919","time":"0000","status":"EX","lat":41,"lon":-51.8,"wind_kt":70,"pressure_mb":null,"radius_34kt_nm":null},{"date":"19530919","time":"0600","status":"EX","lat":42.6,"lon":-48,"wind_kt":65,"pressure_mb":null,"radius_34kt_nm":null},{"date":"19530919","time":"1200","status":"EX","lat":44.3,"lon":-42.8,"wind_kt":60,"pressure_mb":null,"radius_34kt_nm":null},{"date":"19530919","time":"1800","status":"EX","lat":46.2,"lon":-36.9,"wind_kt":60,"pressure_mb":null,"radius_34kt_nm":null},{"date":"19530920","time":"0000","status":"EX","lat":48.1,"lon":-30.9,"wind_kt":60,"pressure_mb":null,"radius_34kt_nm":null},{"date":"19530920","time":"0600","status":"EX","lat":49.7,"lon":-25,"wind_kt":70,"pressure_mb":null,"radius_34kt_nm":null},{"date":"19530920","time":"1200","status":"EX","lat":51.3,"lon":-21.3,"wind_kt":80,"pressure_mb":null,"radius_34kt_nm":null},{"date":"19530920","time":"1800","status":"EX","lat":52.6,"lon":-16.7,"wind_kt":80,"pressure_mb":null,"radius_34kt_nm":null},{"date":"19530921","time":"0000","status":"EX","lat":53.8,"lon":-13,"wind_kt":75,"pressure_mb":null,"radius_34kt_nm":null},{"date":"19530921","time":"0600","status":"EX","lat":54.1,"lon":-9.2,"wind_kt":70,"pressure_mb":null,"radius_34kt_nm":null},{"date":"19530921","time":"1200","status":"EX","lat":54.3,"lon":-6.6,"wind_kt":65,"pressure_mb":null,"radius_34kt_nm":null},{"date":"19530921","time":"1800","status":"EX","lat":54.6,"lon":-4,"wind_kt":60,"pressure_mb":null,"radius_34kt_nm":null}]}},{"type":"Feature","geometry":{"type":"LineString","coordinates":[[-90.4,23.2],[-89.2,24],[-88.1,25],[-86.9,25.9],[-85.9,26.3],[-85,26.4],[-84.7,26.2],[-85.3,25.9],[-85.6,25.9],[-85.9,25.9],[-86.3,26],[-87,26.4],[-86.8,26.9],[-86.7,27.3],[-86.5,27.7],[-86.3,28.1],[-85.8,28.5],[-85.1,28.8],[-84.4,29],[-83.5,29],[-82.8,29],[-82.7,29],[-81.9,29]]},"properties":{"id":"hur-al081953","event_type":"hurricane","name":null,"year":1953,"max_wind_kt":45,"min_pressure_mb":1004,"category":0,"preliminary":false,"start_date":"19530915","end_date":"19530921","track":[{"date":"19530915","time":"1800","status":"TD","lat":23.2,"lon":-90.4,"wind_kt":30,"pressure_mb":null,"radius_34kt_nm":null},{"date":"19530916","time":"0000","status":"TS","lat":24,"lon":-89.2,"wind_kt":35,"pressure_mb":null,"radius_34kt_nm":null},{"date":"19530916","time":"0600","status":"TS","lat":25,"lon":-88.1,"wind_kt":40,"pressure_mb":null,"radius_34kt_nm":null},{"date":"19530916","time":"1200","status":"TS","lat":25.9,"lon":-86.9,"wind_kt":45,"pressure_mb":null,"radius_34kt_nm":null},{"date":"19530916","time":"1800","status":"TS","lat":26.3,"lon":-85.9,"wind_kt":45,"pressure_mb":null,"radius_34kt_nm":null},{"date":"19530917","time":"0000","status":"TS","lat":26.4,"lon":-85,"wind_kt":45,"pressure_mb":1004,"radius_34kt_nm":null},{"date":"19530917","time":"0600","status":"TS","lat":26.2,"lon":-84.7,"wind_kt":40,"pressure_mb":null,"radius_34kt_nm":null},{"date":"19530917","time":"1200","status":"TS","lat":25.9,"lon":-85.3,"wind_kt":40,"pressure_mb":null,"radius_34kt_nm":null},{"date":"19530917","time":"1800","status":"TS","lat":25.9,"lon":-85.6,"wind_kt":40,"pressure_mb":null,"radius_34kt_nm":null},{"date":"19530918","time":"0000","status":"TS","lat":25.9,"lon":-85.9,"wind_kt":40,"pressure_mb":null,"radius_34kt_nm":null},{"date":"19530918","time":"0600","status":"TS","lat":26,"lon":-86.3,"wind_kt":35,"pressure_mb":null,"radius_34kt_nm":null},{"date":"19530918","time":"1200","status":"TS","lat":26.4,"lon":-87,"wind_kt":35,"pressure_mb":null,"radius_34kt_nm":null},{"date":"19530918","time":"1800","status":"TD","lat":26.9,"lon":-86.8,"wind_kt":30,"pressure_mb":null,"radius_34kt_nm":null},{"date":"19530919","time":"0000","status":"TD","lat":27.3,"lon":-86.7,"wind_kt":30,"pressure_mb":null,"radius_34kt_nm":null},{"date":"19530919","time":"0600","status":"TD","lat":27.7,"lon":-86.5,"wind_kt":30,"pressure_mb":null,"radius_34kt_nm":null},{"date":"19530919","time":"1200","status":"TD","lat":28.1,"lon":-86.3,"wind_kt":30,"pressure_mb":null,"radius_34kt_nm":null},{"date":"19530919","time":"1800","status":"TD","lat":28.5,"lon":-85.8,"wind_kt":30,"pressure_mb":null,"radius_34kt_nm":null},{"date":"19530920","time":"0000","status":"TD","lat":28.8,"lon":-85.1,"wind_kt":30,"pressure_mb":null,"radius_34kt_nm":null},{"date":"19530920","time":"0600","status":"TS","lat":29,"lon":-84.4,"wind_kt":35,"pressure_mb":null,"radius_34kt_nm":null},{"date":"19530920","time":"1200","status":"TS","lat":29,"lon":-83.5,"wind_kt":35,"pressure_mb":null,"radius_34kt_nm":null},{"date":"19530920","time":"1700","status":"TS","lat":29,"lon":-82.8,"wind_kt":35,"pressure_mb":null,"radius_34kt_nm":null},{"date":"19530920","time":"1800","status":"TS","lat":29,"lon":-82.7,"wind_kt":35,"pressure_mb":null,"radius_34kt_nm":null},{"date":"19530921","time":"0000","status":"TD","lat":29,"lon":-81.9,"wind_kt":25,"pressure_mb":null,"radius_34kt_nm":null}]}},{"type":"Feature","geometry":{"type":"LineString","coordinates":[[-78,15],[-79.5,16.3],[-81,17.6],[-82.5,18.9],[-84,20.2],[-85.4,21.3],[-86.4,22.4],[-87,23.4],[-87.6,24.6],[-87.5,25.9],[-87.2,27.4],[-86.8,28.9],[-86.4,29.9],[-86.2,30.3],[-86.1,30.7],[-85.6,31],[-84.7,31.2],[-83.1,31.6],[-81.3,32.1]]},"properties":{"id":"hur-al091953","event_type":"hurricane","name":"FLORENCE","year":1953,"max_wind_kt":100,"min_pressure_mb":968,"category":3,"preliminary":false,"start_date":"19530923","end_date":"19530927","track":[{"date":"19530923","time":"1200","status":"TS","lat":15,"lon":-78,"wind_kt":40,"pressure_mb":null,"radius_34kt_nm":null},{"date":"19530923","time":"1800","status":"TS","lat":16.3,"lon":-79.5,"wind_kt":45,"pressure_mb":null,"radius_34kt_nm":null},{"date":"19530924","time":"0000","status":"TS","lat":17.6,"lon":-81,"wind_kt":45,"pressure_mb":null,"radius_34kt_nm":null},{"date":"19530924","time":"0600","status":"TS","lat":18.9,"lon":-82.5,"wind_kt":50,"pressure_mb":null,"radius_34kt_nm":null},{"date":"19530924","time":"1200","status":"TS","lat":20.2,"lon":-84,"wind_kt":50,"pressure_mb":null,"radius_34kt_nm":null},{"date":"19530924","time":"1800","status":"TS","lat":21.3,"lon":-85.4,"wind_kt":55,"pressure_mb":1001,"radius_34kt_nm":null},{"date":"19530925","time":"0000","status":"HU","lat":22.4,"lon":-86.4,"wind_kt":65,"pressure_mb":null,"radius_34kt_nm":null},{"date":"19530925","time":"0600","status":"HU","lat":23.4,"lon":-87,"wind_kt":80,"pressure_mb":null,"radius_34kt_nm":null},{"date":"19530925","time":"1200","status":"HU","lat":24.6,"lon":-87.6,"wind_kt":90,"pressure_mb":968,"radius_34kt_nm":null},{"date":"19530925","time":"1800","status":"HU","lat":25.9,"lon":-87.5,"wind_kt":100,"pressure_mb":null,"radius_34kt_nm":null},{"date":"19530926","time":"0000","status":"HU","lat":27.4,"lon":-87.2,"wind_kt":95,"pressure_mb":null,"radius_34kt_nm":null},{"date":"19530926","time":"0600","status":"HU","lat":28.9,"lon":-86.8,"wind_kt":90,"pressure_mb":null,"radius_34kt_nm":null},{"date":"19530926","time":"1200","status":"HU","lat":29.9,"lon":-86.4,"wind_kt":80,"pressure_mb":null,"radius_34kt_nm":null},{"date":"19530926","time":"1500","status":"HU","lat":30.3,"lon":-86.2,"wind_kt":80,"pressure_mb":null,"radius_34kt_nm":null},{"date":"19530926","time":"1800","status":"HU","lat":30.7,"lon":-86.1,"wind_kt":70,"pressure_mb":null,"radius_34kt_nm":null},{"date":"19530927","time":"0000","status":"TS","lat":31,"lon":-85.6,"wind_kt":50,"pressure_mb":null,"radius_34kt_nm":null},{"date":"19530927","time":"0600","status":"EX","lat":31.2,"lon":-84.7,"wind_kt":40,"pressure_mb":null,"radius_34kt_nm":null},{"date":"19530927","time":"1200","status":"EX","lat":31.6,"lon":-83.1,"wind_kt":40,"pressure_mb":null,"radius_34kt_nm":null},{"date":"19530927","time":"1800","status":"EX","lat":32.1,"lon":-81.3,"wind_kt":40,"pressure_mb":null,"radius_34kt_nm":null}]}},{"type":"Feature","geometry":{"type":"LineString","coordinates":[[-35.5,13.1],[-37,13.5],[-38.5,13.8],[-40,14.1],[-41.4,14.6],[-42.8,14.8],[-43.6,14.7],[-44,14.6],[-44.3,14.6],[-44.5,14.6],[-44.5,14.9],[-44.2,15.5],[-43.4,16.8],[-42.5,18],[-41.7,19.2],[-41.7,20],[-42,20.5],[-42.7,20.9],[-43.7,21.2],[-44.8,21.4],[-46,21.6],[-47.3,21.8],[-48.7,22],[-50.1,22.3],[-51.5,22.6],[-53,23],[-54.5,23.2],[-56,23.3],[-57,23.7],[-57.6,24.2],[-58.2,24.8],[-59,25.2],[-60,25.7],[-61,26.2],[-61.5,27],[-61.7,28],[-61.2,29.1],[-60.5,30.4],[-59.8,31.6],[-59,33],[-58,34.5]]},"properties":{"id":"hur-al101953","event_type":"hurricane","name":"GAIL","year":1953,"max_wind_kt":70,"min_pressure_mb":986,"category":1,"preliminary":false,"start_date":"19531002","end_date":"19531012","track":[{"date":"19531002","time":"0600","status":"TS","lat":13.1,"lon":-35.5,"wind_kt":45,"pressure_mb":null,"radius_34kt_nm":null},{"date":"19531002","time":"1200","status":"TS","lat":13.5,"lon":-37,"wind_kt":50,"pressure_mb":null,"radius_34kt_nm":null},{"date":"19531002","time":"1800","status":"TS","lat":13.8,"lon":-38.5,"wind_kt":55,"pressure_mb":null,"radius_34kt_nm":null},{"date":"19531003","time":"0000","status":"TS","lat":14.1,"lon":-40,"wind_kt":60,"pressure_mb":null,"radius_34kt_nm":null},{"date":"19531003","time":"0600","status":"HU","lat":14.6,"lon":-41.4,"wind_kt":65,"pressure_mb":null,"radius_34kt_nm":null},{"date":"19531003","time":"1200","status":"HU","lat":14.8,"lon":-42.8,"wind_kt":70,"pressure_mb":986,"radius_34kt_nm":null},{"date":"19531003","time":"1800","status":"HU","lat":14.7,"lon":-43.6,"wind_kt":70,"pressure_mb":null,"radius_34kt_nm":null},{"date":"19531004","time":"0000","status":"HU","lat":14.6,"lon":-44,"wind_kt":70,"pressure_mb":null,"radius_34kt_nm":null},{"date":"19531004","time":"0600","status":"HU","lat":14.6,"lon":-44.3,"wind_kt":70,"pressure_mb":null,"radius_34kt_nm":null},{"date":"19531004","time":"1200","status":"HU","lat":14.6,"lon":-44.5,"wind_kt":65,"pressure_mb":null,"radius_34kt_nm":null},{"date":"19531004","time":"1800","status":"HU","lat":14.9,"lon":-44.5,"wind_kt":65,"pressure_mb":null,"radius_34kt_nm":null},{"date":"19531005","time":"0000","status":"TS","lat":15.5,"lon":-44.2,"wind_kt":60,"pressure_mb":null,"radius_34kt_nm":null},{"date":"19531005","time":"0600","status":"TS","lat":16.8,"lon":-43.4,"wind_kt":60,"pressure_mb":null,"radius_34kt_nm":null},{"date":"19531005","time":"1200","status":"TS","lat":18,"lon":-42.5,"wind_kt":60,"pressure_mb":null,"radius_34kt_nm":null},{"date":"19531005","time":"1800","status":"TS","lat":19.2,"lon":-41.7,"wind_kt":60,"pressure_mb":null,"radius_34kt_nm":null},{"date":"19531006","time":"0000","status":"TS","lat":20,"lon":-41.7,"wind_kt":60,"pressure_mb":null,"radius_34kt_nm":null},{"date":"19531006","time":"0600","status":"TS","lat":20.5,"lon":-42,"wind_kt":60,"pressure_mb":null,"radius_34kt_nm":null},{"date":"19531006","time":"1200","status":"TS","lat":20.9,"lon":-42.7,"wind_kt":60,"pressure_mb":null,"radius_34kt_nm":null},{"date":"19531006","time":"1800","status":"TS","lat":21.2,"lon":-43.7,"wind_kt":60,"pressure_mb":null,"radius_34kt_nm":null},{"date":"19531007","time":"0000","status":"TS","lat":21.4,"lon":-44.8,"wind_kt":60,"pressure_mb":null,"radius_34kt_nm":null},{"date":"19531007","time":"0600","status":"TS","lat":21.6,"lon":-46,"wind_kt":60,"pressure_mb":null,"radius_34kt_nm":null},{"date":"19531007","time":"1200","status":"TS","lat":21.8,"lon":-47.3,"wind_kt":60,"pressure_mb":null,"radius_34kt_nm":null},{"date":"19531007","time":"1800","status":"TS","lat":22,"lon":-48.7,"wind_kt":60,"pressure_mb":null,"radius_34kt_nm":null},{"date":"19531008","time":"0000","status":"TS","lat":22.3,"lon":-50.1,"wind_kt":60,"pressure_mb":null,"radius_34kt_nm":null},{"date":"19531008","time":"0600","status":"TS","lat":22.6,"lon":-51.5,"wind_kt":60,"pressure_mb":null,"radius_34kt_nm":null},{"date":"19531008","time":"1200","status":"TS","lat":23,"lon":-53,"wind_kt":60,"pressure_mb":null,"radius_34kt_nm":null},{"date":"19531008","time":"1800","status":"TS","lat":23.2,"lon":-54.5,"wind_kt":60,"pressure_mb":null,"radius_34kt_nm":null},{"date":"19531009","time":"0000","status":"TS","lat":23.3,"lon":-56,"wind_kt":60,"pressure_mb":null,"radius_34kt_nm":null},{"date":"19531009","time":"0600","status":"TS","lat":23.7,"lon":-57,"wind_kt":60,"pressure_mb":null,"radius_34kt_nm":null},{"date":"19531009","time":"1200","status":"TS","lat":24.2,"lon":-57.6,"wind_kt":60,"pressure_mb":null,"radius_34kt_nm":null},{"date":"19531009","time":"1800","status":"TS","lat":24.8,"lon":-58.2,"wind_kt":60,"pressure_mb":null,"radius_34kt_nm":null},{"date":"19531010","time":"0000","status":"TS","lat":25.2,"lon":-59,"wind_kt":60,"pressure_mb":null,"radius_34kt_nm":null},{"date":"19531010","time":"0600","status":"TS","lat":25.7,"lon":-60,"wind_kt":55,"pressure_mb":null,"radius_34kt_nm":null},{"date":"19531010","time":"1200","status":"TS","lat":26.2,"lon":-61,"wind_kt":55,"pressure_mb":null,"radius_34kt_nm":null},{"date":"19531010","time":"1800","status":"TS","lat":27,"lon":-61.5,"wind_kt":55,"pressure_mb":null,"radius_34kt_nm":null},{"date":"19531011","time":"0000","status":"TS","lat":28,"lon":-61.7,"wind_kt":50,"pressure_mb":null,"radius_34kt_nm":null},{"date":"19531011","time":"0600","status":"TS","lat":29.1,"lon":-61.2,"wind_kt":50,"pressure_mb":null,"radius_34kt_nm":null},{"date":"19531011","time":"1200","status":"TS","lat":30.4,"lon":-60.5,"wind_kt":50,"pressure_mb":null,"radius_34kt_nm":null},{"date":"19531011","time":"1800","status":"TS","lat":31.6,"lon":-59.8,"wind_kt":50,"pressure_mb":997,"radius_34kt_nm":null},{"date":"19531012","time":"0000","status":"TS","lat":33,"lon":-59,"wind_kt":55,"pressure_mb":null,"radius_34kt_nm":null},{"date":"19531012","time":"0600","status":"EX","lat":34.5,"lon":-58,"wind_kt":55,"pressure_mb":null,"radius_34kt_nm":null}]}},{"type":"Feature","geometry":{"type":"LineString","coordinates":[[-81.3,22.7],[-80.7,22.9],[-80.5,23.1],[-80.3,23.4],[-80,24.3],[-79.7,25.3],[-79,26.5],[-78.3,27.8],[-77.6,29.1],[-76.6,30.7],[-75.3,33.4],[-72.5,36.3],[-69,38.8],[-64.1,41.5],[-58,45],[-53.9,47.8],[-49.9,48.8],[-46.5,49.8],[-43.6,51.2]]},"properties":{"id":"hur-al111953","event_type":"hurricane","name":null,"year":1953,"max_wind_kt":55,"min_pressure_mb":null,"category":0,"preliminary":false,"start_date":"19531003","end_date":"19531008","track":[{"date":"19531003","time":"1800","status":"TD","lat":22.7,"lon":-81.3,"wind_kt":30,"pressure_mb":null,"radius_34kt_nm":null},{"date":"19531004","time":"0000","status":"TS","lat":22.9,"lon":-80.7,"wind_kt":35,"pressure_mb":null,"radius_34kt_nm":null},{"date":"19531004","time":"0600","status":"TS","lat":23.1,"lon":-80.5,"wind_kt":35,"pressure_mb":null,"radius_34kt_nm":null},{"date":"19531004","time":"1200","status":"TS","lat":23.4,"lon":-80.3,"wind_kt":35,"pressure_mb":null,"radius_34kt_nm":null},{"date":"19531004","time":"1800","status":"TS","lat":24.3,"lon":-80,"wind_kt":35,"pressure_mb":null,"radius_34kt_nm":null},{"date":"19531005","time":"0000","status":"TS","lat":25.3,"lon":-79.7,"wind_kt":35,"pressure_mb":null,"radius_34kt_nm":null},{"date":"19531005","time":"0600","status":"TS","lat":26.5,"lon":-79,"wind_kt":35,"pressure_mb":null,"radius_34kt_nm":null},{"date":"19531005","time":"1200","status":"TS","lat":27.8,"lon":-78.3,"wind_kt":35,"pressure_mb":null,"radius_34kt_nm":null},{"date":"19531005","time":"1800","status":"TS","lat":29.1,"lon":-77.6,"wind_kt":35,"pressure_mb":null,"radius_34kt_nm":null},{"date":"19531006","time":"0000","status":"TS","lat":30.7,"lon":-76.6,"wind_kt":40,"pressure_mb":null,"radius_34kt_nm":null},{"date":"19531006","time":"0600","status":"TS","lat":33.4,"lon":-75.3,"wind_kt":40,"pressure_mb":null,"radius_34kt_nm":null},{"date":"19531006","time":"1200","status":"EX","lat":36.3,"lon":-72.5,"wind_kt":45,"pressure_mb":null,"radius_34kt_nm":null},{"date":"19531006","time":"1800","status":"EX","lat":38.8,"lon":-69,"wind_kt":50,"pressure_mb":null,"radius_34kt_nm":null},{"date":"19531007","time":"0000","status":"EX","lat":41.5,"lon":-64.1,"wind_kt":55,"pressure_mb":null,"radius_34kt_nm":null},{"date":"19531007","time":"0600","status":"EX","lat":45,"lon":-58,"wind_kt":55,"pressure_mb":null,"radius_34kt_nm":null},{"date":"19531007","time":"1200","status":"EX","lat":47.8,"lon":-53.9,"wind_kt":55,"pressure_mb":null,"radius_34kt_nm":null},{"date":"19531007","time":"1800","status":"EX","lat":48.8,"lon":-49.9,"wind_kt":55,"pressure_mb":null,"radius_34kt_nm":null},{"date":"19531008","time":"0000","status":"EX","lat":49.8,"lon":-46.5,"wind_kt":55,"pressure_mb":null,"radius_34kt_nm":null},{"date":"19531008","time":"0600","status":"EX","lat":51.2,"lon":-43.6,"wind_kt":55,"pressure_mb":null,"radius_34kt_nm":null}]}},{"type":"Feature","geometry":{"type":"LineString","coordinates":[[-86.4,20.5],[-86.3,20.9],[-86.2,21.3],[-86.1,21.7],[-86.1,22.2],[-86,22.7],[-85.7,23.2],[-85.2,24.1],[-84.4,25.2],[-83.3,26.2],[-82.2,26.7],[-82.1,26.7],[-81.4,27.1],[-79.1,28.5],[-76.2,30],[-73.6,31.4],[-71.4,32.6],[-69.8,33.8],[-68.1,35],[-65.5,36.2],[-62.6,37.8],[-59.7,39.3],[-56.5,40.9],[-53,43],[-49,46],[-45.5,49],[-42.7,51.5],[-42,53],[-41.7,54],[-41.2,54.9],[-40.5,55.5],[-39.5,56],[-38,56.5],[-36,57],[-33.5,57.5],[-32,58.2],[-30.8,59.3],[-30,60.8],[-29.3,61.9],[-28.1,62.5]]},"properties":{"id":"hur-al121953","event_type":"hurricane","name":"HAZEL","year":1953,"max_wind_kt":75,"min_pressure_mb":989,"category":1,"preliminary":false,"start_date":"19531007","end_date":"19531016","track":[{"date":"19531007","time":"0600","status":"TD","lat":20.5,"lon":-86.4,"wind_kt":25,"pressure_mb":null,"radius_34kt_nm":null},{"date":"19531007","time":"1200","status":"TD","lat":20.9,"lon":-86.3,"wind_kt":30,"pressure_mb":null,"radius_34kt_nm":null},{"date":"19531007","time":"1800","status":"TS","lat":21.3,"lon":-86.2,"wind_kt":35,"pressure_mb":null,"radius_34kt_nm":null},{"date":"19531008","time":"0000","status":"TS","lat":21.7,"lon":-86.1,"wind_kt":35,"pressure_mb":null,"radius_34kt_nm":null},{"date":"19531008","time":"0600","status":"TS","lat":22.2,"lon":-86.1,"wind_kt":40,"pressure_mb":null,"radius_34kt_nm":null},{"date":"19531008","time":"1200","status":"TS","lat":22.7,"lon":-86,"wind_kt":45,"pressure_mb":null,"radius_34kt_nm":null},{"date":"19531008","time":"1800","status":"TS","lat":23.2,"lon":-85.7,"wind_kt":45,"pressure_mb":1002,"radius_34kt_nm":null},{"date":"19531009","time":"0000","status":"TS","lat":24.1,"lon":-85.2,"wind_kt":55,"pressure_mb":null,"radius_34kt_nm":null},{"date":"19531009","time":"0600","status":"HU","lat":25.2,"lon":-84.4,"wind_kt":65,"pressure_mb":null,"radius_34kt_nm":null},{"date":"19531009","time":"1200","status":"HU","lat":26.2,"lon":-83.3,"wind_kt":75,"pressure_mb":null,"radius_34kt_nm":null},{"date":"19531009","time":"1500","status":"HU","lat":26.7,"lon":-82.2,"wind_kt":75,"pressure_mb":null,"radius_34kt_nm":null},{"date":"19531009","time":"1600","status":"HU","lat":26.7,"lon":-82.1,"wind_kt":75,"pressure_mb":null,"radius_34kt_nm":null},{"date":"19531009","time":"1800","status":"HU","lat":27.1,"lon":-81.4,"wind_kt":65,"pressure_mb":null,"radius_34kt_nm":null},{"date":"19531010","time":"0000","status":"TS","lat":28.5,"lon":-79.1,"wind_kt":60,"pressure_mb":null,"radius_34kt_nm":null},{"date":"19531010","time":"0600","status":"TS","lat":30,"lon":-76.2,"wind_kt":60,"pressure_mb":null,"radius_34kt_nm":null},{"date":"19531010","time":"1200","status":"EX","lat":31.4,"lon":-73.6,"wind_kt":60,"pressure_mb":null,"radius_34kt_nm":null},{"date":"19531010","time":"1800","status":"EX","lat":32.6,"lon":-71.4,"wind_kt":60,"pressure_mb":989,"radius_34kt_nm":null},{"date":"19531011","time":"0000","status":"EX","lat":33.8,"lon":-69.8,"wind_kt":55,"pressure_mb":null,"radius_34kt_nm":null},{"date":"19531011","time":"0600","status":"EX","lat":35,"lon":-68.1,"wind_kt":50,"pressure_mb":null,"radius_34kt_nm":null},{"date":"19531011","time":"1200","status":"EX","lat":36.2,"lon":-65.5,"wind_kt":50,"pressure_mb":null,"radius_34kt_nm":null},{"date":"19531011","time":"1800","status":"EX","lat":37.8,"lon":-62.6,"wind_kt":50,"pressure_mb":null,"radius_34kt_nm":null},{"date":"19531012","time":"0000","status":"EX","lat":39.3,"lon":-59.7,"wind_kt":50,"pressure_mb":null,"radius_34kt_nm":null},{"date":"19531012","time":"0600","status":"EX","lat":40.9,"lon":-56.5,"wind_kt":50,"pressure_mb":null,"radius_34kt_nm":null},{"date":"19531012","time":"1200","status":"EX","lat":43,"lon":-53,"wind_kt":50,"pressure_mb":null,"radius_34kt_nm":null},{"date":"19531012","time":"1800","status":"EX","lat":46,"lon":-49,"wind_kt":55,"pressure_mb":null,"radius_34kt_nm":null},{"date":"19531013","time":"0000","status":"EX","lat":49,"lon":-45.5,"wind_kt":60,"pressure_mb":null,"radius_34kt_nm":null},{"date":"19531013","time":"0600","status":"EX","lat":51.5,"lon":-42.7,"wind_kt":65,"pressure_mb":null,"radius_34kt_nm":null},{"date":"19531013","time":"1200","status":"EX","lat":53,"lon":-42,"wind_kt":65,"pressure_mb":null,"radius_34kt_nm":null},{"date":"19531013","time":"1800","status":"EX","lat":54,"lon":-41.7,"wind_kt":65,"pressure_mb":null,"radius_34kt_nm":null},{"date":"19531014","time":"0000","status":"EX","lat":54.9,"lon":-41.2,"wind_kt":65,"pressure_mb":null,"radius_34kt_nm":null},{"date":"19531014","time":"0600","status":"EX","lat":55.5,"lon":-40.5,"wind_kt":65,"pressure_mb":null,"radius_34kt_nm":null},{"date":"19531014","time":"1200","status":"EX","lat":56,"lon":-39.5,"wind_kt":65,"pressure_mb":null,"radius_34kt_nm":null},{"date":"19531014","time":"1800","status":"EX","lat":56.5,"lon":-38,"wind_kt":65,"pressure_mb":null,"radius_34kt_nm":null},{"date":"19531015","time":"0000","status":"EX","lat":57,"lon":-36,"wind_kt":65,"pressure_mb":null,"radius_34kt_nm":null},{"date":"19531015","time":"0600","status":"EX","lat":57.5,"lon":-33.5,"wind_kt":65,"pressure_mb":null,"radius_34kt_nm":null},{"date":"19531015","time":"1200","status":"EX","lat":58.2,"lon":-32,"wind_kt":65,"pressure_mb":null,"radius_34kt_nm":null},{"date":"19531015","time":"1800","status":"EX","lat":59.3,"lon":-30.8,"wind_kt":60,"pressure_mb":null,"radius_34kt_nm":null},{"date":"19531016","time":"0000","status":"EX","lat":60.8,"lon":-30,"wind_kt":55,"pressure_mb":null,"radius_34kt_nm":null},{"date":"19531016","time":"0600","status":"EX","lat":61.9,"lon":-29.3,"wind_kt":50,"pressure_mb":null,"radius_34kt_nm":null},{"date":"19531016","time":"1200","status":"EX","lat":62.5,"lon":-28.1,"wind_kt":45,"pressure_mb":null,"radius_34kt_nm":null}]}},{"type":"Feature","geometry":{"type":"LineString","coordinates":[[-55.3,22.1],[-55,23],[-54.7,24],[-54.4,25.2],[-54.2,26.5],[-54.5,27.8],[-55.1,28.9],[-55.7,29.1],[-56.1,29.2],[-56.5,29.4],[-56.9,29.8],[-57.1,30.4],[-57.1,31.2],[-57.1,32.2],[-57.1,33.4]]},"properties":{"id":"hur-al131953","event_type":"hurricane","name":null,"year":1953,"max_wind_kt":45,"min_pressure_mb":999,"category":0,"preliminary":false,"start_date":"19531123","end_date":"19531126","track":[{"date":"19531123","time":"0600","status":"TS","lat":22.1,"lon":-55.3,"wind_kt":35,"pressure_mb":null,"radius_34kt_nm":null},{"date":"19531123","time":"1200","status":"TS","lat":23,"lon":-55,"wind_kt":35,"pressure_mb":null,"radius_34kt_nm":null},{"date":"19531123","time":"1800","status":"TS","lat":24,"lon":-54.7,"wind_kt":35,"pressure_mb":null,"radius_34kt_nm":null},{"date":"19531124","time":"0000","status":"TS","lat":25.2,"lon":-54.4,"wind_kt":40,"pressure_mb":null,"radius_34kt_nm":null},{"date":"19531124","time":"0600","status":"TS","lat":26.5,"lon":-54.2,"wind_kt":40,"pressure_mb":null,"radius_34kt_nm":null},{"date":"19531124","time":"1200","status":"TS","lat":27.8,"lon":-54.5,"wind_kt":45,"pressure_mb":null,"radius_34kt_nm":null},{"date":"19531124","time":"1800","status":"TS","lat":28.9,"lon":-55.1,"wind_kt":45,"pressure_mb":999,"radius_34kt_nm":null},{"date":"19531125","time":"0000","status":"TS","lat":29.1,"lon":-55.7,"wind_kt":45,"pressure_mb":null,"radius_34kt_nm":null},{"date":"19531125","time":"0600","status":"TS","lat":29.2,"lon":-56.1,"wind_kt":45,"pressure_mb":null,"radius_34kt_nm":null},{"date":"19531125","time":"1200","status":"TS","lat":29.4,"lon":-56.5,"wind_kt":40,"pressure_mb":null,"radius_34kt_nm":null},{"date":"19531125","time":"1800","status":"TS","lat":29.8,"lon":-56.9,"wind_kt":35,"pressure_mb":null,"radius_34kt_nm":null},{"date":"19531126","time":"0000","status":"TS","lat":30.4,"lon":-57.1,"wind_kt":35,"pressure_mb":null,"radius_34kt_nm":null},{"date":"19531126","time":"0600","status":"TD","lat":31.2,"lon":-57.1,"wind_kt":30,"pressure_mb":null,"radius_34kt_nm":null},{"date":"19531126","time":"1200","status":"TD","lat":32.2,"lon":-57.1,"wind_kt":30,"pressure_mb":null,"radius_34kt_nm":null},{"date":"19531126","time":"1800","status":"TD","lat":33.4,"lon":-57.1,"wind_kt":25,"pressure_mb":null,"radius_34kt_nm":null}]}},{"type":"Feature","geometry":{"type":"LineString","coordinates":[[-52.5,18],[-53.3,19.1],[-54.2,20.1],[-55.5,20.8],[-57,20.9],[-58.5,21],[-59.7,21],[-60.7,21],[-61.7,21]]},"properties":{"id":"hur-al141953","event_type":"hurricane","name":null,"year":1953,"max_wind_kt":55,"min_pressure_mb":null,"category":0,"preliminary":false,"start_date":"19531207","end_date":"19531209","track":[{"date":"19531207","time":"1800","status":"TS","lat":18,"lon":-52.5,"wind_kt":35,"pressure_mb":null,"radius_34kt_nm":null},{"date":"19531208","time":"0000","status":"TS","lat":19.1,"lon":-53.3,"wind_kt":40,"pressure_mb":null,"radius_34kt_nm":null},{"date":"19531208","time":"0600","status":"TS","lat":20.1,"lon":-54.2,"wind_kt":50,"pressure_mb":null,"radius_34kt_nm":null},{"date":"19531208","time":"1200","status":"TS","lat":20.8,"lon":-55.5,"wind_kt":55,"pressure_mb":null,"radius_34kt_nm":null},{"date":"19531208","time":"1800","status":"TS","lat":20.9,"lon":-57,"wind_kt":55,"pressure_mb":null,"radius_34kt_nm":null},{"date":"19531209","time":"0000","status":"TS","lat":21,"lon":-58.5,"wind_kt":50,"pressure_mb":null,"radius_34kt_nm":null},{"date":"19531209","time":"0600","status":"TS","lat":21,"lon":-59.7,"wind_kt":40,"pressure_mb":null,"radius_34kt_nm":null},{"date":"19531209","time":"1200","status":"TS","lat":21,"lon":-60.7,"wind_kt":35,"pressure_mb":null,"radius_34kt_nm":null},{"date":"19531209","time":"1800","status":"TD","lat":21,"lon":-61.7,"wind_kt":30,"pressure_mb":null,"radius_34kt_nm":null}]}},{"type":"Feature","geometry":{"type":"LineString","coordinates":[[-80,30.7],[-79.3,31.3],[-78.2,32.2],[-77.2,33.2],[-76,34.5],[-74,35],[-72.4,35.8],[-71.3,38.1],[-69.5,39.5],[-66.2,40.8],[-60.9,43.7],[-56.9,45.3],[-51.5,47],[-47,48]]},"properties":{"id":"hur-al011954","event_type":"hurricane","name":null,"year":1954,"max_wind_kt":45,"min_pressure_mb":1005,"category":0,"preliminary":false,"start_date":"19540528","end_date":"19540531","track":[{"date":"19540528","time":"1200","status":"TD","lat":30.7,"lon":-80,"wind_kt":30,"pressure_mb":null,"radius_34kt_nm":null},{"date":"19540528","time":"1800","status":"TS","lat":31.3,"lon":-79.3,"wind_kt":35,"pressure_mb":1005,"radius_34kt_nm":null},{"date":"19540529","time":"0000","status":"TS","lat":32.2,"lon":-78.2,"wind_kt":40,"pressure_mb":null,"radius_34kt_nm":null},{"date":"19540529","time":"0600","status":"TS","lat":33.2,"lon":-77.2,"wind_kt":40,"pressure_mb":null,"radius_34kt_nm":null},{"date":"19540529","time":"1200","status":"TS","lat":34.5,"lon":-76,"wind_kt":40,"pressure_mb":null,"radius_34kt_nm":null},{"date":"19540529","time":"1800","status":"TS","lat":35,"lon":-74,"wind_kt":40,"pressure_mb":null,"radius_34kt_nm":null},{"date":"19540530","time":"0000","status":"TS","lat":35.8,"lon":-72.4,"wind_kt":45,"pressure_mb":null,"radius_34kt_nm":null},{"date":"19540530","time":"0600","status":"TS","lat":38.1,"lon":-71.3,"wind_kt":45,"pressure_mb":null,"radius_34kt_nm":null},{"date":"19540530","time":"1200","status":"EX","lat":39.5,"lon":-69.5,"wind_kt":40,"pressure_mb":null,"radius_34kt_nm":null},{"date":"19540530","time":"1800","status":"EX","lat":40.8,"lon":-66.2,"wind_kt":40,"pressure_mb":null,"radius_34kt_nm":null},{"date":"19540531","time":"0000","status":"EX","lat":43.7,"lon":-60.9,"wind_kt":35,"pressure_mb":null,"radius_34kt_nm":null},{"date":"19540531","time":"0600","status":"EX","lat":45.3,"lon":-56.9,"wind_kt":35,"pressure_mb":null,"radius_34kt_nm":null},{"date":"19540531","time":"1200","status":"EX","lat":47,"lon":-51.5,"wind_kt":35,"pressure_mb":null,"radius_34kt_nm":null},{"date":"19540531","time":"1800","status":"EX","lat":48,"lon":-47,"wind_kt":35,"pressure_mb":null,"radius_34kt_nm":null}]}},{"type":"Feature","geometry":{"type":"LineString","coordinates":[[-80.8,25.8],[-80.8,25.7],[-80.8,25.7],[-80.8,25.8],[-80.8,25.8],[-80.8,25.9],[-80.7,26.1],[-80.6,26.6],[-80.4,27.1],[-80.1,27.6],[-79.5,28],[-78.8,28.4],[-77.9,28.8],[-77,29.2],[-76.3,29.7],[-75.9,30.4],[-75.7,31.2],[-75.6,32.1],[-75.4,32.9],[-74.9,33.8],[-74,34.8],[-72.6,35.9],[-70.9,37],[-69.2,38.4],[-67.5,41],[-65.9,43],[-64.5,45.5],[-63.5,47.5],[-62.7,49.5]]},"properties":{"id":"hur-al021954","event_type":"hurricane","name":null,"year":1954,"max_wind_kt":60,"min_pressure_mb":null,"category":0,"preliminary":false,"start_date":"19540618","end_date":"19540625","track":[{"date":"19540618","time":"0000","status":"TD","lat":25.8,"lon":-80.8,"wind_kt":25,"pressure_mb":null,"radius_34kt_nm":null},{"date":"19540618","time":"0600","status":"TD","lat":25.7,"lon":-80.8,"wind_kt":25,"pressure_mb":null,"radius_34kt_nm":null},{"date":"19540618","time":"1200","status":"TD","lat":25.7,"lon":-80.8,"wind_kt":30,"pressure_mb":null,"radius_34kt_nm":null},{"date":"19540618","time":"1800","status":"TD","lat":25.8,"lon":-80.8,"wind_kt":30,"pressure_mb":null,"radius_34kt_nm":null},{"date":"19540619","time":"0000","status":"TD","lat":25.8,"lon":-80.8,"wind_kt":30,"pressure_mb":null,"radius_34kt_nm":null},{"date":"19540619","time":"0600","status":"TD","lat":25.9,"lon":-80.8,"wind_kt":30,"pressure_mb":null,"radius_34kt_nm":null},{"date":"19540619","time":"1200","status":"TD","lat":26.1,"lon":-80.7,"wind_kt":30,"pressure_mb":null,"radius_34kt_nm":null},{"date":"19540619","time":"1800","status":"TD","lat":26.6,"lon":-80.6,"wind_kt":30,"pressure_mb":null,"radius_34kt_nm":null},{"date":"19540620","time":"0000","status":"TD","lat":27.1,"lon":-80.4,"wind_kt":30,"pressure_mb":null,"radius_34kt_nm":null},{"date":"19540620","time":"0600","status":"TD","lat":27.6,"lon":-80.1,"wind_kt":30,"pressure_mb":null,"radius_34kt_nm":null},{"date":"19540620","time":"1200","status":"TS","lat":28,"lon":-79.5,"wind_kt":35,"pressure_mb":null,"radius_34kt_nm":null},{"date":"19540620","time":"1800","status":"TS","lat":28.4,"lon":-78.8,"wind_kt":45,"pressure_mb":null,"radius_34kt_nm":null},{"date":"19540621","time":"0000","status":"TS","lat":28.8,"lon":-77.9,"wind_kt":50,"pressure_mb":null,"radius_34kt_nm":null},{"date":"19540621","time":"0600","status":"TS","lat":29.2,"lon":-77,"wind_kt":50,"pressure_mb":null,"radius_34kt_nm":null},{"date":"19540621","time":"1200","status":"TS","lat":29.7,"lon":-76.3,"wind_kt":50,"pressure_mb":null,"radius_34kt_nm":null},{"date":"19540621","time":"1800","status":"TS","lat":30.4,"lon":-75.9,"wind_kt":50,"pressure_mb":null,"radius_34kt_nm":null},{"date":"19540622","time":"0000","status":"TS","lat":31.2,"lon":-75.7,"wind_kt":50,"pressure_mb":null,"radius_34kt_nm":null},{"date":"19540622","time":"0600","status":"TS","lat":32.1,"lon":-75.6,"wind_kt":50,"pressure_mb":null,"radius_34kt_nm":null},{"date":"19540622","time":"1200","status":"TS","lat":32.9,"lon":-75.4,"wind_kt":55,"pressure_mb":null,"radius_34kt_nm":null},{"date":"19540622","time":"1800","status":"TS","lat":33.8,"lon":-74.9,"wind_kt":60,"pressure_mb":null,"radius_34kt_nm":null},{"date":"19540623","time":"0000","status":"TS","lat":34.8,"lon":-74,"wind_kt":60,"pressure_mb":null,"radius_34kt_nm":null},{"date":"19540623","time":"0600","status":"TS","lat":35.9,"lon":-72.6,"wind_kt":55,"pressure_mb":null,"radius_34kt_nm":null},{"date":"19540623","time":"1200","status":"TS","lat":37,"lon":-70.9,"wind_kt":50,"pressure_mb":null,"radius_34kt_nm":null},{"date":"19540623","time":"1800","status":"TS","lat":38.4,"lon":-69.2,"wind_kt":50,"pressure_mb":null,"radius_34kt_nm":null},{"date":"19540624","time":"0000","status":"TS","lat":41,"lon":-67.5,"wind_kt":45,"pressure_mb":null,"radius_34kt_nm":null},{"date":"19540624","time":"0600","status":"EX","lat":43,"lon":-65.9,"wind_kt":40,"pressure_mb":null,"radius_34kt_nm":null},{"date":"19540624","time":"1200","status":"EX","lat":45.5,"lon":-64.5,"wind_kt":35,"pressure_mb":null,"radius_34kt_nm":null},{"date":"19540624","time":"1800","status":"EX","lat":47.5,"lon":-63.5,"wind_kt":30,"pressure_mb":null,"radius_34kt_nm":null},{"date":"19540625","time":"0000","status":"EX","lat":49.5,"lon":-62.7,"wind_kt":30,"pressure_mb":null,"radius_34kt_nm":null}]}},{"type":"Feature","geometry":{"type":"LineString","coordinates":[[-93.7,22.2],[-94.5,22.8],[-95.4,23.5],[-96.3,24.2],[-97.2,24.8],[-97.6,25],[-98.1,25.6],[-99,26.6],[-99.8,27.8],[-100.6,28.8],[-101.5,29.4],[-102.7,29.7],[-104,30]]},"properties":{"id":"hur-al031954","event_type":"hurricane","name":"ALICE","year":1954,"max_wind_kt":95,"min_pressure_mb":null,"category":2,"preliminary":false,"start_date":"19540624","end_date":"19540627","track":[{"date":"19540624","time":"1200","status":"TS","lat":22.2,"lon":-93.7,"wind_kt":50,"pressure_mb":null,"radius_34kt_nm":null},{"date":"19540624","time":"1800","status":"TS","lat":22.8,"lon":-94.5,"wind_kt":55,"pressure_mb":null,"radius_34kt_nm":null},{"date":"19540625","time":"0000","status":"HU","lat":23.5,"lon":-95.4,"wind_kt":65,"pressure_mb":null,"radius_34kt_nm":null},{"date":"19540625","time":"0600","status":"HU","lat":24.2,"lon":-96.3,"wind_kt":80,"pressure_mb":null,"radius_34kt_nm":null},{"date":"19540625","time":"1200","status":"HU","lat":24.8,"lon":-97.2,"wind_kt":95,"pressure_mb":null,"radius_34kt_nm":null},{"date":"19540625","time":"1400","status":"HU","lat":25,"lon":-97.6,"wind_kt":95,"pressure_mb":null,"radius_34kt_nm":null},{"date":"19540625","time":"1800","status":"HU","lat":25.6,"lon":-98.1,"wind_kt":70,"pressure_mb":null,"radius_34kt_nm":null},{"date":"19540626","time":"0000","status":"TS","lat":26.6,"lon":-99,"wind_kt":50,"pressure_mb":null,"radius_34kt_nm":null},{"date":"19540626","time":"0600","status":"TS","lat":27.8,"lon":-99.8,"wind_kt":40,"pressure_mb":null,"radius_34kt_nm":null},{"date":"19540626","time":"1200","status":"TS","lat":28.8,"lon":-100.6,"wind_kt":35,"pressure_mb":null,"radius_34kt_nm":null},{"date":"19540626","time":"1800","status":"TD","lat":29.4,"lon":-101.5,"wind_kt":30,"pressure_mb":null,"radius_34kt_nm":null},{"date":"19540627","time":"0000","status":"TD","lat":29.7,"lon":-102.7,"wind_kt":25,"pressure_mb":null,"radius_34kt_nm":null},{"date":"19540627","time":"0600","status":"TD","lat":30,"lon":-104,"wind_kt":25,"pressure_mb":null,"radius_34kt_nm":null}]}},{"type":"Feature","geometry":{"type":"LineString","coordinates":[[-81,31.8],[-80.4,32],[-79.8,32.2],[-79,32.3],[-78.2,32.4],[-77.4,32.6],[-76.6,32.9],[-75.8,33.3],[-74.8,33.9],[-73.8,34.7],[-72.9,35.6],[-72.1,36.5],[-71.4,37.2],[-70.7,37.9],[-70,38.6]]},"properties":{"id":"hur-al041954","event_type":"hurricane","name":null,"year":1954,"max_wind_kt":45,"min_pressure_mb":null,"category":0,"preliminary":false,"start_date":"19540710","end_date":"19540714","track":[{"date":"19540710","time":"1200","status":"TS","lat":31.8,"lon":-81,"wind_kt":35,"pressure_mb":null,"radius_34kt_nm":null},{"date":"19540710","time":"1800","status":"TS","lat":32,"lon":-80.4,"wind_kt":35,"pressure_mb":null,"radius_34kt_nm":null},{"date":"19540711","time":"0000","status":"TS","lat":32.2,"lon":-79.8,"wind_kt":40,"pressure_mb":null,"radius_34kt_nm":null},{"date":"19540711","time":"0600","status":"TS","lat":32.3,"lon":-79,"wind_kt":40,"pressure_mb":null,"radius_34kt_nm":null},{"date":"19540711","time":"1200","status":"TS","lat":32.4,"lon":-78.2,"wind_kt":45,"pressure_mb":null,"radius_34kt_nm":null},{"date":"19540711","time":"1800","status":"TS","lat":32.6,"lon":-77.4,"wind_kt":45,"pressure_mb":null,"radius_34kt_nm":null},{"date":"19540712","time":"0000","status":"TS","lat":32.9,"lon":-76.6,"wind_kt":45,"pressure_mb":null,"radius_34kt_nm":null},{"date":"19540712","time":"0600","status":"TS","lat":33.3,"lon":-75.8,"wind_kt":45,"pressure_mb":null,"radius_34kt_nm":null},{"date":"19540712","time":"1200","status":"TS","lat":33.9,"lon":-74.8,"wind_kt":45,"pressure_mb":null,"radius_34kt_nm":null},{"date":"19540712","time":"1800","status":"TS","lat":34.7,"lon":-73.8,"wind_kt":45,"pressure_mb":null,"radius_34kt_nm":null},{"date":"19540713","time":"0000","status":"TS","lat":35.6,"lon":-72.9,"wind_kt":45,"pressure_mb":null,"radius_34kt_nm":null},{"date":"19540713","time":"0600","status":"TS","lat":36.5,"lon":-72.1,"wind_kt":40,"pressure_mb":null,"radius_34kt_nm":null},{"date":"19540713","time":"1200","status":"TS","lat":37.2,"lon":-71.4,"wind_kt":40,"pressure_mb":null,"radius_34kt_nm":null},{"date":"19540713","time":"1800","status":"TS","lat":37.9,"lon":-70.7,"wind_kt":35,"pressure_mb":null,"radius_34kt_nm":null},{"date":"19540714","time":"0000","status":"TS","lat":38.6,"lon":-70,"wind_kt":35,"pressure_mb":null,"radius_34kt_nm":null}]}},{"type":"Feature","geometry":{"type":"LineString","coordinates":[[-90.1,27.8],[-90.3,28],[-90.5,28.2],[-90.7,28.3],[-91.1,28.3],[-91.5,28.5],[-92,28.7],[-92.5,29.2],[-92.8,29.7],[-93,29.9],[-93.7,30.4],[-94.6,30.7],[-95.6,31],[-96.7,31.5]]},"properties":{"id":"hur-al051954","event_type":"hurricane","name":"BARBARA","year":1954,"max_wind_kt":50,"min_pressure_mb":999,"category":0,"preliminary":false,"start_date":"19540727","end_date":"19540730","track":[{"date":"19540727","time":"1200","status":"TD","lat":27.8,"lon":-90.1,"wind_kt":25,"pressure_mb":null,"radius_34kt_nm":null},{"date":"19540727","time":"1800","status":"TD","lat":28,"lon":-90.3,"wind_kt":30,"pressure_mb":null,"radius_34kt_nm":null},{"date":"19540728","time":"0000","status":"TD","lat":28.2,"lon":-90.5,"wind_kt":30,"pressure_mb":null,"radius_34kt_nm":null},{"date":"19540728","time":"0600","status":"TS","lat":28.3,"lon":-90.7,"wind_kt":35,"pressure_mb":null,"radius_34kt_nm":null},{"date":"19540728","time":"1200","status":"TS","lat":28.3,"lon":-91.1,"wind_kt":40,"pressure_mb":null,"radius_34kt_nm":null},{"date":"19540728","time":"1800","status":"TS","lat":28.5,"lon":-91.5,"wind_kt":50,"pressure_mb":null,"radius_34kt_nm":null},{"date":"19540729","time":"0000","status":"TS","lat":28.7,"lon":-92,"wind_kt":50,"pressure_mb":null,"radius_34kt_nm":null},{"date":"19540729","time":"0600","status":"TS","lat":29.2,"lon":-92.5,"wind_kt":50,"pressure_mb":null,"radius_34kt_nm":null},{"date":"19540729","time":"1000","status":"TS","lat":29.7,"lon":-92.8,"wind_kt":50,"pressure_mb":999,"radius_34kt_nm":null},{"date":"19540729","time":"1200","status":"TS","lat":29.9,"lon":-93,"wind_kt":50,"pressure_mb":999,"radius_34kt_nm":null},{"date":"19540729","time":"1800","status":"TS","lat":30.4,"lon":-93.7,"wind_kt":40,"pressure_mb":1002,"radius_34kt_nm":null},{"date":"19540730","time":"0000","status":"TD","lat":30.7,"lon":-94.6,"wind_kt":30,"pressure_mb":null,"radius_34kt_nm":null},{"date":"19540730","time":"0600","status":"TD","lat":31,"lon":-95.6,"wind_kt":25,"pressure_mb":null,"radius_34kt_nm":null},{"date":"19540730","time":"1200","status":"TD","lat":31.5,"lon":-96.7,"wind_kt":25,"pressure_mb":null,"radius_34kt_nm":null}]}},{"type":"Feature","geometry":{"type":"LineString","coordinates":[[-75,23.8],[-75.5,25],[-76,26.1],[-76.3,27],[-76.4,27.8],[-76.3,28.5],[-76.2,29],[-76.3,29.3],[-76.4,29.6],[-76.5,29.8],[-76.7,30],[-76.9,30.2],[-77.2,30.3],[-77.4,30.4],[-77.5,30.4],[-77.6,30.3],[-77.7,30.5],[-77.8,30.8],[-77.8,31.1],[-77.7,31.6],[-77.6,32.2],[-77.2,33],[-76.1,34.2],[-74.1,36.6],[-72.8,39.5],[-72.2,40.9],[-72,41.3],[-71.4,43.1],[-70.9,46.2],[-70.5,48.5]]},"properties":{"id":"hur-al061954","event_type":"hurricane","name":"CAROL","year":1954,"max_wind_kt":100,"min_pressure_mb":955,"category":3,"preliminary":false,"start_date":"19540825","end_date":"19540901","track":[{"date":"19540825","time":"1200","status":"TD","lat":23.8,"lon":-75,"wind_kt":30,"pressure_mb":null,"radius_34kt_nm":null},{"date":"19540825","time":"1800","status":"TD","lat":25,"lon":-75.5,"wind_kt":30,"pressure_mb":null,"radius_34kt_nm":null},{"date":"19540826","time":"0000","status":"TS","lat":26.1,"lon":-76,"wind_kt":35,"pressure_mb":null,"radius_34kt_nm":null},{"date":"19540826","time":"0600","status":"TS","lat":27,"lon":-76.3,"wind_kt":40,"pressure_mb":null,"radius_34kt_nm":null},{"date":"19540826","time":"1200","status":"TS","lat":27.8,"lon":-76.4,"wind_kt":45,"pressure_mb":null,"radius_34kt_nm":null},{"date":"19540826","time":"1800","status":"TS","lat":28.5,"lon":-76.3,"wind_kt":45,"pressure_mb":1002,"radius_34kt_nm":null},{"date":"19540827","time":"0000","status":"TS","lat":29,"lon":-76.2,"wind_kt":45,"pressure_mb":null,"radius_34kt_nm":null},{"date":"19540827","time":"0600","status":"TS","lat":29.3,"lon":-76.3,"wind_kt":50,"pressure_mb":1002,"radius_34kt_nm":null},{"date":"19540827","time":"1200","status":"TS","lat":29.6,"lon":-76.4,"wind_kt":60,"pressure_mb":995,"radius_34kt_nm":null},{"date":"19540827","time":"1800","status":"HU","lat":29.8,"lon":-76.5,"wind_kt":70,"pressure_mb":984,"radius_34kt_nm":null},{"date":"19540828","time":"0000","status":"HU","lat":30,"lon":-76.7,"wind_kt":80,"pressure_mb":981,"radius_34kt_nm":null},{"date":"19540828","time":"0600","status":"HU","lat":30.2,"lon":-76.9,"wind_kt":85,"pressure_mb":null,"radius_34kt_nm":null},{"date":"19540828","time":"1200","status":"HU","lat":30.3,"lon":-77.2,"wind_kt":85,"pressure_mb":975,"radius_34kt_nm":null},{"date":"19540828","time":"1800","status":"HU","lat":30.4,"lon":-77.4,"wind_kt":85,"pressure_mb":null,"radius_34kt_nm":null},{"date":"19540829","time":"0000","status":"HU","lat":30.4,"lon":-77.5,"wind_kt":85,"pressure_mb":null,"radius_34kt_nm":null},{"date":"19540829","time":"0600","status":"HU","lat":30.3,"lon":-77.6,"wind_kt":80,"pressure_mb":null,"radius_34kt_nm":null},{"date":"19540829","time":"1200","status":"HU","lat":30.5,"lon":-77.7,"wind_kt":80,"pressure_mb":null,"radius_34kt_nm":null},{"date":"19540829","time":"1800","status":"HU","lat":30.8,"lon":-77.8,"wind_kt":80,"pressure_mb":null,"radius_34kt_nm":null},{"date":"19540830","time":"0000","status":"HU","lat":31.1,"lon":-77.8,"wind_kt":80,"pressure_mb":null,"radius_34kt_nm":null},{"date":"19540830","time":"0600","status":"HU","lat":31.6,"lon":-77.7,"wind_kt":85,"pressure_mb":null,"radius_34kt_nm":null},{"date":"19540830","time":"1200","status":"HU","lat":32.2,"lon":-77.6,"wind_kt":90,"pressure_mb":null,"radius_34kt_nm":null},{"date":"19540830","time":"1800","status":"HU","lat":33,"lon":-77.2,"wind_kt":95,"pressure_mb":962,"radius_34kt_nm":null},{"date":"19540831","time":"0000","status":"HU","lat":34.2,"lon":-76.1,"wind_kt":95,"pressure_mb":960,"radius_34kt_nm":null},{"date":"19540831","time":"0600","status":"HU","lat":36.6,"lon":-74.1,"wind_kt":100,"pressure_mb":null,"radius_34kt_nm":null},{"date":"19540831","time":"1200","status":"HU","lat":39.5,"lon":-72.8,"wind_kt":100,"pressure_mb":955,"radius_34kt_nm":null},{"date":"19540831","time":"1400","status":"HU","lat":40.9,"lon":-72.2,"wind_kt":100,"pressure_mb":955,"radius_34kt_nm":null},{"date":"19540831","time":"1500","status":"HU","lat":41.3,"lon":-72,"wind_kt":100,"pressure_mb":957,"radius_34kt_nm":null},{"date":"19540831","time":"1800","status":"EX","lat":43.1,"lon":-71.4,"wind_kt":80,"pressure_mb":970,"radius_34kt_nm":null},{"date":"19540901","time":"0000","status":"EX","lat":46.2,"lon":-70.9,"wind_kt":50,"pressure_mb":987,"radius_34kt_nm":null},{"date":"19540901","time":"0600","status":"EX","lat":48.5,"lon":-70.5,"wind_kt":40,"pressure_mb":992,"radius_34kt_nm":null}]}},{"type":"Feature","geometry":{"type":"LineString","coordinates":[[-68.6,20.5],[-69.4,22.3],[-69.7,24.6],[-69.8,26.6],[-69.8,28.8],[-69.8,31.7],[-69.3,34.6],[-67.3,37],[-63.8,39.7],[-60.5,42.1],[-56.4,44.3],[-51.9,45.8],[-47.4,46.8],[-42.9,47.6],[-38.3,48.3],[-33.5,48.5],[-28.5,48.5],[-23.5,48.5]]},"properties":{"id":"hur-al071954","event_type":"hurricane","name":"DOLLY","year":1954,"max_wind_kt":75,"min_pressure_mb":994,"category":1,"preliminary":false,"start_date":"19540831","end_date":"19540904","track":[{"date":"19540831","time":"1200","status":"TS","lat":20.5,"lon":-68.6,"wind_kt":35,"pressure_mb":null,"radius_34kt_nm":null},{"date":"19540831","time":"1800","status":"TS","lat":22.3,"lon":-69.4,"wind_kt":40,"pressure_mb":null,"radius_34kt_nm":null},{"date":"19540901","time":"0000","status":"TS","lat":24.6,"lon":-69.7,"wind_kt":50,"pressure_mb":null,"radius_34kt_nm":null},{"date":"19540901","time":"0600","status":"TS","lat":26.6,"lon":-69.8,"wind_kt":60,"pressure_mb":null,"radius_34kt_nm":null},{"date":"19540901","time":"1200","status":"HU","lat":28.8,"lon":-69.8,"wind_kt":70,"pressure_mb":null,"radius_34kt_nm":null},{"date":"19540901","time":"1800","status":"HU","lat":31.7,"lon":-69.8,"wind_kt":75,"pressure_mb":null,"radius_34kt_nm":null},{"date":"19540902","time":"0000","status":"HU","lat":34.6,"lon":-69.3,"wind_kt":70,"pressure_mb":994,"radius_34kt_nm":null},{"date":"19540902","time":"0600","status":"HU","lat":37,"lon":-67.3,"wind_kt":65,"pressure_mb":null,"radius_34kt_nm":null},{"date":"19540902","time":"1200","status":"HU","lat":39.7,"lon":-63.8,"wind_kt":65,"pressure_mb":null,"radius_34kt_nm":null},{"date":"19540902","time":"1800","status":"EX","lat":42.1,"lon":-60.5,"wind_kt":65,"pressure_mb":null,"radius_34kt_nm":null},{"date":"19540903","time":"0000","status":"EX","lat":44.3,"lon":-56.4,"wind_kt":60,"pressure_mb":null,"radius_34kt_nm":null},{"date":"19540903","time":"0600","status":"EX","lat":45.8,"lon":-51.9,"wind_kt":55,"pressure_mb":null,"radius_34kt_nm":null},{"date":"19540903","time":"1200","status":"EX","lat":46.8,"lon":-47.4,"wind_kt":50,"pressure_mb":null,"radius_34kt_nm":null},{"date":"19540903","time":"1800","status":"EX","lat":47.6,"lon":-42.9,"wind_kt":45,"pressure_mb":null,"radius_34kt_nm":null},{"date":"19540904","time":"0000","status":"EX","lat":48.3,"lon":-38.3,"wind_kt":45,"pressure_mb":null,"radius_34kt_nm":null},{"date":"19540904","time":"0600","status":"EX","lat":48.5,"lon":-33.5,"wind_kt":45,"pressure_mb":null,"radius_34kt_nm":null},{"date":"19540904","time":"1200","status":"EX","lat":48.5,"lon":-28.5,"wind_kt":45,"pressure_mb":null,"radius_34kt_nm":null},{"date":"19540904","time":"1800","status":"EX","lat":48.5,"lon":-23.5,"wind_kt":40,"pressure_mb":null,"radius_34kt_nm":null}]}},{"type":"Feature","geometry":{"type":"LineString","coordinates":[[-65.3,19.8],[-66.2,20.1],[-67.1,20.5],[-68,20.9],[-68.9,21.2],[-69.7,21.4],[-70.4,21.5],[-71,21.7],[-71.5,22],[-72.1,22.4],[-72.8,22.9],[-73.5,23.6],[-74.3,24.2],[-74.8,24.8],[-75.2,25.5],[-75.4,26.3],[-75.6,26.9],[-76,27.6],[-76.4,28.2],[-76.5,28.8],[-76.3,29.6],[-76.1,30.5],[-75.9,31.5],[-75.5,32.7],[-74.8,34],[-73.8,36],[-72.5,38.1],[-70.7,41.1],[-70.5,41.4],[-70.3,41.7],[-70.1,41.9],[-68.1,43.8],[-64,48.7],[-60.5,52.4],[-58,54.5],[-56.5,56.3],[-55.5,57.9],[-54.5,59],[-53,59.5],[-51,59.4],[-48.9,59]]},"properties":{"id":"hur-al081954","event_type":"hurricane","name":"EDNA","year":1954,"max_wind_kt":110,"min_pressure_mb":943,"category":3,"preliminary":false,"start_date":"19540905","end_date":"19540914","track":[{"date":"19540905","time":"0000","status":"TD","lat":19.8,"lon":-65.3,"wind_kt":25,"pressure_mb":null,"radius_34kt_nm":null},{"date":"19540905","time":"0600","status":"TD","lat":20.1,"lon":-66.2,"wind_kt":30,"pressure_mb":null,"radius_34kt_nm":null},{"date":"19540905","time":"1200","status":"TS","lat":20.5,"lon":-67.1,"wind_kt":35,"pressure_mb":null,"radius_34kt_nm":null},{"date":"19540905","time":"1800","status":"TS","lat":20.9,"lon":-68,"wind_kt":40,"pressure_mb":null,"radius_34kt_nm":null},{"date":"19540906","time":"0000","status":"TS","lat":21.2,"lon":-68.9,"wind_kt":45,"pressure_mb":null,"radius_34kt_nm":null},{"date":"19540906","time":"0600","status":"TS","lat":21.4,"lon":-69.7,"wind_kt":45,"pressure_mb":null,"radius_34kt_nm":null},{"date":"19540906","time":"1200","status":"TS","lat":21.5,"lon":-70.4,"wind_kt":50,"pressure_mb":null,"radius_34kt_nm":null},{"date":"19540906","time":"1800","status":"TS","lat":21.7,"lon":-71,"wind_kt":50,"pressure_mb":null,"radius_34kt_nm":null},{"date":"19540907","time":"0000","status":"TS","lat":22,"lon":-71.5,"wind_kt":55,"pressure_mb":null,"radius_34kt_nm":null},{"date":"19540907","time":"0600","status":"TS","lat":22.4,"lon":-72.1,"wind_kt":60,"pressure_mb":null,"radius_34kt_nm":null},{"date":"19540907","time":"1200","status":"HU","lat":22.9,"lon":-72.8,"wind_kt":65,"pressure_mb":995,"radius_34kt_nm":null},{"date":"19540907","time":"1800","status":"HU","lat":23.6,"lon":-73.5,"wind_kt":70,"pressure_mb":992,"radius_34kt_nm":null},{"date":"19540908","time":"0000","status":"HU","lat":24.2,"lon":-74.3,"wind_kt":75,"pressure_mb":990,"radius_34kt_nm":null},{"date":"19540908","time":"0600","status":"HU","lat":24.8,"lon":-74.8,"wind_kt":80,"pressure_mb":null,"radius_34kt_nm":null},{"date":"19540908","time":"1200","status":"HU","lat":25.5,"lon":-75.2,"wind_kt":85,"pressure_mb":979,"radius_34kt_nm":null},{"date":"19540908","time":"1800","status":"HU","lat":26.3,"lon":-75.4,"wind_kt":95,"pressure_mb":968,"radius_34kt_nm":null},{"date":"19540909","time":"0000","status":"HU","lat":26.9,"lon":-75.6,"wind_kt":95,"pressure_mb":null,"radius_34kt_nm":null},{"date":"19540909","time":"0600","status":"HU","lat":27.6,"lon":-76,"wind_kt":100,"pressure_mb":null,"radius_34kt_nm":null},{"date":"19540909","time":"1200","status":"HU","lat":28.2,"lon":-76.4,"wind_kt":105,"pressure_mb":null,"radius_34kt_nm":null},{"date":"19540909","time":"1800","status":"HU","lat":28.8,"lon":-76.5,"wind_kt":110,"pressure_mb":945,"radius_34kt_nm":null},{"date":"19540910","time":"0000","status":"HU","lat":29.6,"lon":-76.3,"wind_kt":110,"pressure_mb":null,"radius_34kt_nm":null},{"date":"19540910","time":"0600","status":"HU","lat":30.5,"lon":-76.1,"wind_kt":110,"pressure_mb":null,"radius_34kt_nm":null},{"date":"19540910","time":"1200","status":"HU","lat":31.5,"lon":-75.9,"wind_kt":110,"pressure_mb":null,"radius_34kt_nm":null},{"date":"19540910","time":"1800","status":"HU","lat":32.7,"lon":-75.5,"wind_kt":110,"pressure_mb":null,"radius_34kt_nm":null},{"date":"19540911","time":"0000","status":"HU","lat":34,"lon":-74.8,"wind_kt":110,"pressure_mb":943,"radius_34kt_nm":null},{"date":"19540911","time":"0600","status":"HU","lat":36,"lon":-73.8,"wind_kt":105,"pressure_mb":null,"radius_34kt_nm":null},{"date":"19540911","time":"1200","status":"HU","lat":38.1,"lon":-72.5,"wind_kt":100,"pressure_mb":null,"radius_34kt_nm":null},{"date":"19540911","time":"1800","status":"HU","lat":41.1,"lon":-70.7,"wind_kt":95,"pressure_mb":950,"radius_34kt_nm":null},{"date":"19540911","time":"1830","status":"HU","lat":41.4,"lon":-70.5,"wind_kt":95,"pressure_mb":950,"radius_34kt_nm":null},{"date":"19540911","time":"1900","status":"HU","lat":41.7,"lon":-70.3,"wind_kt":95,"pressure_mb":952,"radius_34kt_nm":null},{"date":"19540911","time":"1930","status":"HU","lat":41.9,"lon":-70.1,"wind_kt":90,"pressure_mb":954,"radius_34kt_nm":null},{"date":"19540912","time":"0000","status":"EX","lat":43.8,"lon":-68.1,"wind_kt":70,"pressure_mb":null,"radius_34kt_nm":null},{"date":"19540912","time":"0600","status":"EX","lat":48.7,"lon":-64,"wind_kt":60,"pressure_mb":null,"radius_34kt_nm":null},{"date":"19540912","time":"1200","status":"EX","lat":52.4,"lon":-60.5,"wind_kt":60,"pressure_mb":null,"radius_34kt_nm":null},{"date":"19540912","time":"1800","status":"EX","lat":54.5,"lon":-58,"wind_kt":60,"pressure_mb":null,"radius_34kt_nm":null},{"date":"19540913","time":"0000","status":"EX","lat":56.3,"lon":-56.5,"wind_kt":60,"pressure_mb":null,"radius_34kt_nm":null},{"date":"19540913","time":"0600","status":"EX","lat":57.9,"lon":-55.5,"wind_kt":60,"pressure_mb":null,"radius_34kt_nm":null},{"date":"19540913","time":"1200","status":"EX","lat":59,"lon":-54.5,"wind_kt":60,"pressure_mb":null,"radius_34kt_nm":null},{"date":"19540913","time":"1800","status":"EX","lat":59.5,"lon":-53,"wind_kt":60,"pressure_mb":null,"radius_34kt_nm":null},{"date":"19540914","time":"0000","status":"EX","lat":59.4,"lon":-51,"wind_kt":60,"pressure_mb":null,"radius_34kt_nm":null},{"date":"19540914","time":"0600","status":"EX","lat":59,"lon":-48.9,"wind_kt":50,"pressure_mb":null,"radius_34kt_nm":null}]}},{"type":"Feature","geometry":{"type":"LineString","coordinates":[[-44.2,34],[-43.5,35.5],[-42.5,36.8],[-41,38],[-39.5,39.5],[-37,41.5],[-34,44],[-30.5,47]]},"properties":{"id":"hur-al091954","event_type":"hurricane","name":null,"year":1954,"max_wind_kt":40,"min_pressure_mb":1004,"category":0,"preliminary":false,"start_date":"19540906","end_date":"19540908","track":[{"date":"19540906","time":"0600","status":"TD","lat":34,"lon":-44.2,"wind_kt":30,"pressure_mb":null,"radius_34kt_nm":null},{"date":"19540906","time":"1200","status":"TS","lat":35.5,"lon":-43.5,"wind_kt":35,"pressure_mb":null,"radius_34kt_nm":null},{"date":"19540906","time":"1800","status":"TS","lat":36.8,"lon":-42.5,"wind_kt":35,"pressure_mb":null,"radius_34kt_nm":null},{"date":"19540907","time":"0000","status":"TS","lat":38,"lon":-41,"wind_kt":40,"pressure_mb":1004,"radius_34kt_nm":null},{"date":"19540907","time":"0600","status":"TS","lat":39.5,"lon":-39.5,"wind_kt":40,"pressure_mb":null,"radius_34kt_nm":null},{"date":"19540907","time":"1200","status":"TS","lat":41.5,"lon":-37,"wind_kt":40,"pressure_mb":null,"radius_34kt_nm":null},{"date":"19540907","time":"1800","status":"TS","lat":44,"lon":-34,"wind_kt":35,"pressure_mb":null,"radius_34kt_nm":null},{"date":"19540908","time":"0000","status":"EX","lat":47,"lon":-30.5,"wind_kt":30,"pressure_mb":null,"radius_34kt_nm":null}]}},{"type":"Feature","geometry":{"type":"LineString","coordinates":[[-94.5,22.5],[-94.8,22.5],[-95,22.4],[-95.2,22.3],[-95.3,22],[-95.5,21.5],[-95.9,21],[-96.4,20.6],[-96.8,20.4],[-97,20.4],[-97.8,20.2]]},"properties":{"id":"hur-al101954","event_type":"hurricane","name":"FLORENCE","year":1954,"max_wind_kt":55,"min_pressure_mb":1001,"category":0,"preliminary":false,"start_date":"19540910","end_date":"19540912","track":[{"date":"19540910","time":"1200","status":"TD","lat":22.5,"lon":-94.5,"wind_kt":30,"pressure_mb":null,"radius_34kt_nm":null},{"date":"19540910","time":"1800","status":"TS","lat":22.5,"lon":-94.8,"wind_kt":35,"pressure_mb":null,"radius_34kt_nm":null},{"date":"19540911","time":"0000","status":"TS","lat":22.4,"lon":-95,"wind_kt":45,"pressure_mb":null,"radius_34kt_nm":null},{"date":"19540911","time":"0600","status":"TS","lat":22.3,"lon":-95.2,"wind_kt":45,"pressure_mb":null,"radius_34kt_nm":null},{"date":"19540911","time":"1200","status":"TS","lat":22,"lon":-95.3,"wind_kt":45,"pressure_mb":null,"radius_34kt_nm":null},{"date":"19540911","time":"1800","status":"TS","lat":21.5,"lon":-95.5,"wind_kt":45,"pressure_mb":null,"radius_34kt_nm":null},{"date":"19540912","time":"0000","status":"TS","lat":21,"lon":-95.9,"wind_kt":50,"pressure_mb":1001,"radius_34kt_nm":null},{"date":"19540912","time":"0600","status":"TS","lat":20.6,"lon":-96.4,"wind_kt":55,"pressure_mb":null,"radius_34kt_nm":null},{"date":"19540912","time":"1100","status":"TS","lat":20.4,"lon":-96.8,"wind_kt":55,"pressure_mb":null,"radius_34kt_nm":null},{"date":"19540912","time":"1200","status":"TS","lat":20.4,"lon":-97,"wind_kt":55,"pressure_mb":null,"radius_34kt_nm":null},{"date":"19540912","time":"1800","status":"TD","lat":20.2,"lon":-97.8,"wind_kt":30,"pressure_mb":null,"radius_34kt_nm":null}]}},{"type":"Feature","geometry":{"type":"LineString","coordinates":[[-89,25.5],[-90,25.7],[-90.9,25.8],[-91.8,25.9],[-92.4,25.8],[-93,25.6],[-93.5,25.4],[-94,25.3],[-94.5,25.2],[-95,25.1],[-95.5,25]]},"properties":{"id":"hur-al111954","event_type":"hurricane","name":null,"year":1954,"max_wind_kt":40,"min_pressure_mb":1004,"category":0,"preliminary":false,"start_date":"19540915","end_date":"19540918","track":[{"date":"19540915","time":"1200","status":"TD","lat":25.5,"lon":-89,"wind_kt":30,"pressure_mb":null,"radius_34kt_nm":null},{"date":"19540915","time":"1800","status":"TD","lat":25.7,"lon":-90,"wind_kt":30,"pressure_mb":null,"radius_34kt_nm":null},{"date":"19540916","time":"0000","status":"TS","lat":25.8,"lon":-90.9,"wind_kt":35,"pressure_mb":null,"radius_34kt_nm":null},{"date":"19540916","time":"0600","status":"TS","lat":25.9,"lon":-91.8,"wind_kt":35,"pressure_mb":null,"radius_34kt_nm":null},{"date":"19540916","time":"1200","status":"TS","lat":25.8,"lon":-92.4,"wind_kt":40,"pressure_mb":1004,"radius_34kt_nm":null},{"date":"19540916","time":"1800","status":"TS","lat":25.6,"lon":-93,"wind_kt":40,"pressure_mb":1004,"radius_34kt_nm":null},{"date":"19540917","time":"0000","status":"TS","lat":25.4,"lon":-93.5,"wind_kt":40,"pressure_mb":1004,"radius_34kt_nm":null},{"date":"19540917","time":"0600","status":"TS","lat":25.3,"lon":-94,"wind_kt":35,"pressure_mb":null,"radius_34kt_nm":null},{"date":"19540917","time":"1200","status":"TD","lat":25.2,"lon":-94.5,"wind_kt":30,"pressure_mb":null,"radius_34kt_nm":null},{"date":"19540917","time":"1800","status":"TD","lat":25.1,"lon":-95,"wind_kt":30,"pressure_mb":null,"radius_34kt_nm":null},{"date":"19540918","time":"0000","status":"TD","lat":25,"lon":-95.5,"wind_kt":25,"pressure_mb":null,"radius_34kt_nm":null}]}},{"type":"Feature","geometry":{"type":"LineString","coordinates":[[-75.8,14.1],[-76.9,14.3],[-78.2,14.4],[-79.6,14.6],[-81.4,14.9],[-83,15.5],[-84.2,16],[-85.2,16.3],[-86,16.5],[-86.8,16.6],[-87.2,16.6],[-87.8,16.6],[-88.4,16.7],[-88.6,16.7],[-89.2,16.9],[-89.6,17.4],[-90.2,18],[-90.8,18.6],[-91.5,19.2],[-92.5,19.7],[-93.9,20],[-95.4,20.3],[-96.8,20.8],[-98,21.7]]},"properties":{"id":"hur-al121954","event_type":"hurricane","name":"GILDA","year":1954,"max_wind_kt":60,"min_pressure_mb":998,"category":0,"preliminary":false,"start_date":"19540924","end_date":"19540930","track":[{"date":"19540924","time":"1800","status":"TS","lat":14.1,"lon":-75.8,"wind_kt":35,"pressure_mb":null,"radius_34kt_nm":null},{"date":"19540925","time":"0000","status":"TS","lat":14.3,"lon":-76.9,"wind_kt":35,"pressure_mb":null,"radius_34kt_nm":null},{"date":"19540925","time":"0600","status":"TS","lat":14.4,"lon":-78.2,"wind_kt":40,"pressure_mb":null,"radius_34kt_nm":null},{"date":"19540925","time":"1200","status":"TS","lat":14.6,"lon":-79.6,"wind_kt":40,"pressure_mb":null,"radius_34kt_nm":null},{"date":"19540925","time":"1800","status":"TS","lat":14.9,"lon":-81.4,"wind_kt":45,"pressure_mb":null,"radius_34kt_nm":null},{"date":"19540926","time":"0000","status":"TS","lat":15.5,"lon":-83,"wind_kt":50,"pressure_mb":null,"radius_34kt_nm":null},{"date":"19540926","time":"0600","status":"TS","lat":16,"lon":-84.2,"wind_kt":55,"pressure_mb":null,"radius_34kt_nm":null},{"date":"19540926","time":"1200","status":"TS","lat":16.3,"lon":-85.2,"wind_kt":60,"pressure_mb":null,"radius_34kt_nm":null},{"date":"19540926","time":"1800","status":"TS","lat":16.5,"lon":-86,"wind_kt":60,"pressure_mb":null,"radius_34kt_nm":null},{"date":"19540927","time":"0000","status":"TS","lat":16.6,"lon":-86.8,"wind_kt":55,"pressure_mb":998,"radius_34kt_nm":null},{"date":"19540927","time":"0600","status":"TS","lat":16.6,"lon":-87.2,"wind_kt":55,"pressure_mb":null,"radius_34kt_nm":null},{"date":"19540927","time":"1200","status":"TS","lat":16.6,"lon":-87.8,"wind_kt":55,"pressure_mb":null,"radius_34kt_nm":null},{"date":"19540927","time":"1700","status":"TS","lat":16.7,"lon":-88.4,"wind_kt":55,"pressure_mb":null,"radius_34kt_nm":null},{"date":"19540927","time":"1800","status":"TS","lat":16.7,"lon":-88.6,"wind_kt":55,"pressure_mb":null,"radius_34kt_nm":null},{"date":"19540928","time":"0000","status":"TS","lat":16.9,"lon":-89.2,"wind_kt":45,"pressure_mb":null,"radius_34kt_nm":null},{"date":"19540928","time":"0600","status":"TS","lat":17.4,"lon":-89.6,"wind_kt":35,"pressure_mb":null,"radius_34kt_nm":null},{"date":"19540928","time":"1200","status":"TD","lat":18,"lon":-90.2,"wind_kt":30,"pressure_mb":null,"radius_34kt_nm":null},{"date":"19540928","time":"1800","status":"TD","lat":18.6,"lon":-90.8,"wind_kt":30,"pressure_mb":null,"radius_34kt_nm":null},{"date":"19540929","time":"0000","status":"TD","lat":19.2,"lon":-91.5,"wind_kt":30,"pressure_mb":null,"radius_34kt_nm":null},{"date":"19540929","time":"0600","status":"TD","lat":19.7,"lon":-92.5,"wind_kt":30,"pressure_mb":null,"radius_34kt_nm":null},{"date":"19540929","time":"1200","status":"TD","lat":20,"lon":-93.9,"wind_kt":30,"pressure_mb":null,"radius_34kt_nm":null},{"date":"19540929","time":"1800","status":"TD","lat":20.3,"lon":-95.4,"wind_kt":30,"pressure_mb":null,"radius_34kt_nm":null},{"date":"19540930","time":"0000","status":"TD","lat":20.8,"lon":-96.8,"wind_kt":30,"pressure_mb":null,"radius_34kt_nm":null},{"date":"19540930","time":"0600","status":"TD","lat":21.7,"lon":-98,"wind_kt":25,"pressure_mb":null,"radius_34kt_nm":null}]}},{"type":"Feature","geometry":{"type":"LineString","coordinates":[[-56.5,29.2],[-56,29],[-55.5,28.8],[-54.9,28.6],[-54.3,28.4],[-53.7,28.5],[-53,28.7],[-52.3,29.1],[-51.6,29.6],[-51,29.8],[-50.7,29.9],[-50.4,29.9],[-50.2,29.9],[-50,29.9],[-49.7,29.9],[-49.4,29.9],[-49.1,29.9],[-48.7,30],[-48.6,30.2],[-48.6,30.6],[-48.8,31],[-49,31.2],[-49.5,31.3],[-50.3,31.4],[-51.2,31.5],[-52,31.5],[-52.8,31.4],[-53.5,31.1],[-54.1,30.7],[-54.7,30.4],[-55.2,30.5],[-55.6,30.7],[-55.9,31.1],[-56,31.5],[-55.7,31.8],[-55.1,32.1],[-54.2,32.5],[-53,33],[-51.7,33.6],[-50.3,34.3],[-48.9,35.1],[-47.5,36],[-45.3,37],[-42,38.2],[-38,40.5],[-34.5,44],[-31.7,49],[-29,54.2]]},"properties":{"id":"hur-al131954","event_type":"hurricane","name":null,"year":1954,"max_wind_kt":85,"min_pressure_mb":null,"category":2,"preliminary":false,"start_date":"19540925","end_date":"19541007","track":[{"date":"19540925","time":"0600","status":"TD","lat":29.2,"lon":-56.5,"wind_kt":25,"pressure_mb":null,"radius_34kt_nm":null},{"date":"19540925","time":"1200","status":"TD","lat":29,"lon":-56,"wind_kt":25,"pressure_mb":null,"radius_34kt_nm":null},{"date":"19540925","time":"1800","status":"TD","lat":28.8,"lon":-55.5,"wind_kt":25,"pressure_mb":null,"radius_34kt_nm":null},{"date":"19540926","time":"0000","status":"TD","lat":28.6,"lon":-54.9,"wind_kt":30,"pressure_mb":null,"radius_34kt_nm":null},{"date":"19540926","time":"0600","status":"TD","lat":28.4,"lon":-54.3,"wind_kt":30,"pressure_mb":null,"radius_34kt_nm":null},{"date":"19540926","time":"1200","status":"TD","lat":28.5,"lon":-53.7,"wind_kt":30,"pressure_mb":null,"radius_34kt_nm":null},{"date":"19540926","time":"1800","status":"TD","lat":28.7,"lon":-53,"wind_kt":30,"pressure_mb":null,"radius_34kt_nm":null},{"date":"19540927","time":"0000","status":"TD","lat":29.1,"lon":-52.3,"wind_kt":30,"pressure_mb":null,"radius_34kt_nm":null},{"date":"19540927","time":"0600","status":"TD","lat":29.6,"lon":-51.6,"wind_kt":30,"pressure_mb":null,"radius_34kt_nm":null},{"date":"19540927","time":"1200","status":"TD","lat":29.8,"lon":-51,"wind_kt":30,"pressure_mb":null,"radius_34kt_nm":null},{"date":"19540927","time":"1800","status":"TD","lat":29.9,"lon":-50.7,"wind_kt":30,"pressure_mb":null,"radius_34kt_nm":null},{"date":"19540928","time":"0000","status":"TD","lat":29.9,"lon":-50.4,"wind_kt":30,"pressure_mb":null,"radius_34kt_nm":null},{"date":"19540928","time":"0600","status":"TD","lat":29.9,"lon":-50.2,"wind_kt":30,"pressure_mb":null,"radius_34kt_nm":null},{"date":"19540928","time":"1200","status":"TD","lat":29.9,"lon":-50,"wind_kt":30,"pressure_mb":null,"radius_34kt_nm":null},{"date":"19540928","time":"1800","status":"TD","lat":29.9,"lon":-49.7,"wind_kt":30,"pressure_mb":null,"radius_34kt_nm":null},{"date":"19540929","time":"0000","status":"TD","lat":29.9,"lon":-49.4,"wind_kt":30,"pressure_mb":null,"radius_34kt_nm":null},{"date":"19540929","time":"0600","status":"TD","lat":29.9,"lon":-49.1,"wind_kt":30,"pressure_mb":null,"radius_34kt_nm":null},{"date":"19540929","time":"1200","status":"TD","lat":30,"lon":-48.7,"wind_kt":30,"pressure_mb":null,"radius_34kt_nm":null},{"date":"19540929","time":"1800","status":"TS","lat":30.2,"lon":-48.6,"wind_kt":35,"pressure_mb":null,"radius_34kt_nm":null},{"date":"19540930","time":"0000","status":"TS","lat":30.6,"lon":-48.6,"wind_kt":40,"pressure_mb":null,"radius_34kt_nm":null},{"date":"19540930","time":"0600","status":"TS","lat":31,"lon":-48.8,"wind_kt":45,"pressure_mb":null,"radius_34kt_nm":null},{"date":"19540930","time":"1200","status":"TS","lat":31.2,"lon":-49,"wind_kt":45,"pressure_mb":null,"radius_34kt_nm":null},{"date":"19540930","time":"1800","status":"TS","lat":31.3,"lon":-49.5,"wind_kt":45,"pressure_mb":null,"radius_34kt_nm":null},{"date":"19541001","time":"0000","status":"TS","lat":31.4,"lon":-50.3,"wind_kt":50,"pressure_mb":null,"radius_34kt_nm":null},{"date":"19541001","time":"0600","status":"TS","lat":31.5,"lon":-51.2,"wind_kt":55,"pressure_mb":null,"radius_34kt_nm":null},{"date":"19541001","time":"1200","status":"TS","lat":31.5,"lon":-52,"wind_kt":60,"pressure_mb":null,"radius_34kt_nm":null},{"date":"19541001","time":"1800","status":"HU","lat":31.4,"lon":-52.8,"wind_kt":65,"pressure_mb":null,"radius_34kt_nm":null},{"date":"19541002","time":"0000","status":"HU","lat":31.1,"lon":-53.5,"wind_kt":65,"pressure_mb":null,"radius_34kt_nm":null},{"date":"19541002","time":"0600","status":"HU","lat":30.7,"lon":-54.1,"wind_kt":70,"pressure_mb":null,"radius_34kt_nm":null},{"date":"19541002","time":"1200","status":"HU","lat":30.4,"lon":-54.7,"wind_kt":70,"pressure_mb":null,"radius_34kt_nm":null},{"date":"19541002","time":"1800","status":"HU","lat":30.5,"lon":-55.2,"wind_kt":75,"pressure_mb":null,"radius_34kt_nm":null},{"date":"19541003","time":"0000","status":"HU","lat":30.7,"lon":-55.6,"wind_kt":75,"pressure_mb":null,"radius_34kt_nm":null},{"date":"19541003","time":"0600","status":"HU","lat":31.1,"lon":-55.9,"wind_kt":75,"pressure_mb":null,"radius_34kt_nm":null},{"date":"19541003","time":"1200","status":"HU","lat":31.5,"lon":-56,"wind_kt":75,"pressure_mb":null,"radius_34kt_nm":null},{"date":"19541003","time":"1800","status":"HU","lat":31.8,"lon":-55.7,"wind_kt":75,"pressure_mb":null,"radius_34kt_nm":null},{"date":"19541004","time":"0000","status":"HU","lat":32.1,"lon":-55.1,"wind_kt":75,"pressure_mb":null,"radius_34kt_nm":null},{"date":"19541004","time":"0600","status":"HU","lat":32.5,"lon":-54.2,"wind_kt":80,"pressure_mb":null,"radius_34kt_nm":null},{"date":"19541004","time":"1200","status":"HU","lat":33,"lon":-53,"wind_kt":80,"pressure_mb":null,"radius_34kt_nm":null},{"date":"19541004","time":"1800","status":"HU","lat":33.6,"lon":-51.7,"wind_kt":80,"pressure_mb":null,"radius_34kt_nm":null},{"date":"19541005","time":"0000","status":"HU","lat":34.3,"lon":-50.3,"wind_kt":80,"pressure_mb":null,"radius_34kt_nm":null},{"date":"19541005","time":"0600","status":"HU","lat":35.1,"lon":-48.9,"wind_kt":85,"pressure_mb":null,"radius_34kt_nm":null},{"date":"19541005","time":"1200","status":"HU","lat":36,"lon":-47.5,"wind_kt":85,"pressure_mb":null,"radius_34kt_nm":null},{"date":"19541005","time":"1800","status":"HU","lat":37,"lon":-45.3,"wind_kt":85,"pressure_mb":null,"radius_34kt_nm":null},{"date":"19541006","time":"0000","status":"HU","lat":38.2,"lon":-42,"wind_kt":80,"pressure_mb":null,"radius_34kt_nm":null},{"date":"19541006","time":"0600","status":"HU","lat":40.5,"lon":-38,"wind_kt":75,"pressure_mb":null,"radius_34kt_nm":null},{"date":"19541006","time":"1200","status":"HU","lat":44,"lon":-34.5,"wind_kt":70,"pressure_mb":null,"radius_34kt_nm":null},{"date":"19541006","time":"1800","status":"EX","lat":49,"lon":-31.7,"wind_kt":65,"pressure_mb":null,"radius_34kt_nm":null},{"date":"19541007","time":"0000","status":"EX","lat":54.2,"lon":-29,"wind_kt":60,"pressure_mb":null,"radius_34kt_nm":null}]}},{"type":"Feature","geometry":{"type":"LineString","coordinates":[[-58.5,12],[-59.5,12],[-60.5,12.1],[-61.6,12.2],[-62.9,12.3],[-64.3,12.5],[-65.6,12.6],[-66.7,12.7],[-67.7,12.9],[-68.7,13.2],[-69.7,13.5],[-70.6,13.6],[-71.3,13.6],[-71.8,13.6],[-72,13.7],[-72.4,13.8],[-73.2,13.9],[-74,14],[-74.7,14.2],[-75.2,14.4],[-75.5,14.7],[-75.6,15],[-75.6,15.3],[-75.5,15.6],[-75.3,15.9],[-75.1,16.4],[-74.9,16.9],[-74.7,17.4],[-74.3,18],[-74.2,18.3],[-74,18.6],[-73.7,19.1],[-73.4,19.6],[-73.1,20.1],[-73.1,20.8],[-73.1,21],[-73.3,21.7],[-73.5,22.7],[-73.8,23.8],[-74.6,25.2],[-75.7,27],[-76.8,28.8],[-78,30.7],[-78.7,32.7],[-78.6,33.9],[-78.3,36],[-77.2,40.2],[-79.3,46],[-80,48.8],[-79.5,51.5],[-79.5,53.2],[-79.5,54.5],[-79.5,55.5],[-78.8,56.3],[-77,57],[-75,58.1]]},"properties":{"id":"hur-al141954","event_type":"hurricane","name":"HAZEL","year":1954,"max_wind_kt":115,"min_pressure_mb":938,"category":4,"preliminary":false,"start_date":"19541005","end_date":"19541018","track":[{"date":"19541005","time":"0600","status":"TS","lat":12,"lon":-58.5,"wind_kt":40,"pressure_mb":null,"radius_34kt_nm":null},{"date":"19541005","time":"1200","status":"TS","lat":12,"lon":-59.5,"wind_kt":50,"pressure_mb":null,"radius_34kt_nm":null},{"date":"19541005","time":"1800","status":"TS","lat":12.1,"lon":-60.5,"wind_kt":55,"pressure_mb":1002,"radius_34kt_nm":null},{"date":"19541006","time":"0000","status":"HU","lat":12.2,"lon":-61.6,"wind_kt":65,"pressure_mb":null,"radius_34kt_nm":null},{"date":"19541006","time":"0600","status":"HU","lat":12.3,"lon":-62.9,"wind_kt":70,"pressure_mb":null,"radius_34kt_nm":null},{"date":"19541006","time":"1200","status":"HU","lat":12.5,"lon":-64.3,"wind_kt":70,"pressure_mb":998,"radius_34kt_nm":null},{"date":"19541006","time":"1800","status":"HU","lat":12.6,"lon":-65.6,"wind_kt":70,"pressure_mb":998,"radius_34kt_nm":null},{"date":"19541007","time":"0000","status":"HU","lat":12.7,"lon":-66.7,"wind_kt":70,"pressure_mb":null,"radius_34kt_nm":null},{"date":"19541007","time":"0600","status":"HU","lat":12.9,"lon":-67.7,"wind_kt":70,"pressure_mb":null,"radius_34kt_nm":null},{"date":"19541007","time":"1200","status":"HU","lat":13.2,"lon":-68.7,"wind_kt":70,"pressure_mb":997,"radius_34kt_nm":null},{"date":"19541007","time":"1800","status":"HU","lat":13.5,"lon":-69.7,"wind_kt":70,"pressure_mb":994,"radius_34kt_nm":null},{"date":"19541008","time":"0000","status":"HU","lat":13.6,"lon":-70.6,"wind_kt":75,"pressure_mb":null,"radius_34kt_nm":null},{"date":"19541008","time":"0600","status":"HU","lat":13.6,"lon":-71.3,"wind_kt":75,"pressure_mb":null,"radius_34kt_nm":null},{"date":"19541008","time":"1200","status":"HU","lat":13.6,"lon":-71.8,"wind_kt":75,"pressure_mb":986,"radius_34kt_nm":null},{"date":"19541008","time":"1800","status":"HU","lat":13.7,"lon":-72,"wind_kt":80,"pressure_mb":null,"radius_34kt_nm":null},{"date":"19541009","time":"0000","status":"HU","lat":13.8,"lon":-72.4,"wind_kt":85,"pressure_mb":null,"radius_34kt_nm":null},{"date":"19541009","time":"0600","status":"HU","lat":13.9,"lon":-73.2,"wind_kt":90,"pressure_mb":null,"radius_34kt_nm":null},{"date":"19541009","time":"1200","status":"HU","lat":14,"lon":-74,"wind_kt":95,"pressure_mb":null,"radius_34kt_nm":null},{"date":"19541009","time":"1800","status":"HU","lat":14.2,"lon":-74.7,"wind_kt":100,"pressure_mb":null,"radius_34kt_nm":null},{"date":"19541010","time":"0000","status":"HU","lat":14.4,"lon":-75.2,"wind_kt":105,"pressure_mb":null,"radius_34kt_nm":null},{"date":"19541010","time":"0600","status":"HU","lat":14.7,"lon":-75.5,"wind_kt":105,"pressure_mb":null,"radius_34kt_nm":null},{"date":"19541010","time":"1200","status":"HU","lat":15,"lon":-75.6,"wind_kt":105,"pressure_mb":null,"radius_34kt_nm":null},{"date":"19541010","time":"1800","status":"HU","lat":15.3,"lon":-75.6,"wind_kt":105,"pressure_mb":null,"radius_34kt_nm":null},{"date":"19541011","time":"0000","status":"HU","lat":15.6,"lon":-75.5,"wind_kt":105,"pressure_mb":null,"radius_34kt_nm":null},{"date":"19541011","time":"0600","status":"HU","lat":15.9,"lon":-75.3,"wind_kt":105,"pressure_mb":null,"radius_34kt_nm":null},{"date":"19541011","time":"1200","status":"HU","lat":16.4,"lon":-75.1,"wind_kt":105,"pressure_mb":null,"radius_34kt_nm":null},{"date":"19541011","time":"1800","status":"HU","lat":16.9,"lon":-74.9,"wind_kt":105,"pressure_mb":null,"radius_34kt_nm":null},{"date":"19541012","time":"0000","status":"HU","lat":17.4,"lon":-74.7,"wind_kt":105,"pressure_mb":null,"radius_34kt_nm":null},{"date":"19541012","time":"0600","status":"HU","lat":18,"lon":-74.3,"wind_kt":105,"pressure_mb":null,"radius_34kt_nm":null},{"date":"19541012","time":"0900","status":"HU","lat":18.3,"lon":-74.2,"wind_kt":105,"pressure_mb":null,"radius_34kt_nm":null},{"date":"19541012","time":"1200","status":"HU","lat":18.6,"lon":-74,"wind_kt":85,"pressure_mb":null,"radius_34kt_nm":null},{"date":"19541012","time":"1800","status":"HU","lat":19.1,"lon":-73.7,"wind_kt":85,"pressure_mb":null,"radius_34kt_nm":null},{"date":"19541013","time":"0000","status":"HU","lat":19.6,"lon":-73.4,"wind_kt":85,"pressure_mb":null,"radius_34kt_nm":null},{"date":"19541013","time":"0600","status":"HU","lat":20.1,"lon":-73.1,"wind_kt":85,"pressure_mb":null,"radius_34kt_nm":null},{"date":"19541013","time":"1200","status":"HU","lat":20.8,"lon":-73.1,"wind_kt":85,"pressure_mb":null,"radius_34kt_nm":null},{"date":"19541013","time":"1400","status":"HU","lat":21,"lon":-73.1,"wind_kt":85,"pressure_mb":null,"radius_34kt_nm":null},{"date":"19541013","time":"1800","status":"HU","lat":21.7,"lon":-73.3,"wind_kt":85,"pressure_mb":972,"radius_34kt_nm":null},{"date":"19541014","time":"0000","status":"HU","lat":22.7,"lon":-73.5,"wind_kt":85,"pressure_mb":974,"radius_34kt_nm":null},{"date":"19541014","time":"0600","status":"HU","lat":23.8,"lon":-73.8,"wind_kt":90,"pressure_mb":null,"radius_34kt_nm":null},{"date":"19541014","time":"1200","status":"HU","lat":25.2,"lon":-74.6,"wind_kt":100,"pressure_mb":null,"radius_34kt_nm":null},{"date":"19541014","time":"1800","status":"HU","lat":27,"lon":-75.7,"wind_kt":110,"pressure_mb":null,"radius_34kt_nm":null},{"date":"19541015","time":"0000","status":"HU","lat":28.8,"lon":-76.8,"wind_kt":115,"pressure_mb":null,"radius_34kt_nm":null},{"date":"19541015","time":"0600","status":"HU","lat":30.7,"lon":-78,"wind_kt":115,"pressure_mb":null,"radius_34kt_nm":null},{"date":"19541015","time":"1200","status":"HU","lat":32.7,"lon":-78.7,"wind_kt":115,"pressure_mb":938,"radius_34kt_nm":null},{"date":"19541015","time":"1530","status":"HU","lat":33.9,"lon":-78.6,"wind_kt":115,"pressure_mb":938,"radius_34kt_nm":null},{"date":"19541015","time":"1800","status":"EX","lat":36,"lon":-78.3,"wind_kt":80,"pressure_mb":970,"radius_34kt_nm":null},{"date":"19541016","time":"0000","status":"EX","lat":40.2,"lon":-77.2,"wind_kt":70,"pressure_mb":null,"radius_34kt_nm":null},{"date":"19541016","time":"0600","status":"EX","lat":46,"lon":-79.3,"wind_kt":60,"pressure_mb":null,"radius_34kt_nm":null},{"date":"19541016","time":"1200","status":"EX","lat":48.8,"lon":-80,"wind_kt":50,"pressure_mb":982,"radius_34kt_nm":null},{"date":"19541016","time":"1800","status":"EX","lat":51.5,"lon":-79.5,"wind_kt":45,"pressure_mb":988,"radius_34kt_nm":null},{"date":"19541017","time":"0000","status":"EX","lat":53.2,"lon":-79.5,"wind_kt":45,"pressure_mb":null,"radius_34kt_nm":null},{"date":"19541017","time":"0600","status":"EX","lat":54.5,"lon":-79.5,"wind_kt":35,"pressure_mb":null,"radius_34kt_nm":null},{"date":"19541017","time":"1200","status":"EX","lat":55.5,"lon":-79.5,"wind_kt":35,"pressure_mb":null,"radius_34kt_nm":null},{"date":"19541017","time":"1800","status":"EX","lat":56.3,"lon":-78.8,"wind_kt":35,"pressure_mb":null,"radius_34kt_nm":null},{"date":"19541018","time":"0000","status":"EX","lat":57,"lon":-77,"wind_kt":30,"pressure_mb":null,"radius_34kt_nm":null},{"date":"19541018","time":"0600","status":"EX","lat":58.1,"lon":-75,"wind_kt":25,"pressure_mb":null,"radius_34kt_nm":null}]}},{"type":"Feature","geometry":{"type":"LineString","coordinates":[[-43.5,23.7],[-44.5,23.8],[-45.5,23.9],[-46.3,23.9],[-47,23.7],[-47.5,23.5],[-47.9,23.7],[-48.4,24],[-49,24.2],[-49.5,24.3],[-50.1,24.5],[-50.7,24.6],[-51.5,24.4],[-52.3,24.1],[-53,24.1],[-53.6,24.3],[-54.1,24.5],[-55.1,24.6],[-55.8,24.8],[-56.5,25],[-57.2,25.2]]},"properties":{"id":"hur-al151954","event_type":"hurricane","name":null,"year":1954,"max_wind_kt":35,"min_pressure_mb":1005,"category":0,"preliminary":false,"start_date":"19541116","end_date":"19541121","track":[{"date":"19541116","time":"1800","status":"TD","lat":23.7,"lon":-43.5,"wind_kt":30,"pressure_mb":null,"radius_34kt_nm":null},{"date":"19541117","time":"0000","status":"TD","lat":23.8,"lon":-44.5,"wind_kt":30,"pressure_mb":null,"radius_34kt_nm":null},{"date":"19541117","time":"0600","status":"TD","lat":23.9,"lon":-45.5,"wind_kt":30,"pressure_mb":null,"radius_34kt_nm":null},{"date":"19541117","time":"1200","status":"TS","lat":23.9,"lon":-46.3,"wind_kt":35,"pressure_mb":null,"radius_34kt_nm":null},{"date":"19541117","time":"1800","status":"TS","lat":23.7,"lon":-47,"wind_kt":35,"pressure_mb":null,"radius_34kt_nm":null},{"date":"19541118","time":"0000","status":"TS","lat":23.5,"lon":-47.5,"wind_kt":35,"pressure_mb":null,"radius_34kt_nm":null},{"date":"19541118","time":"0600","status":"TS","lat":23.7,"lon":-47.9,"wind_kt":35,"pressure_mb":null,"radius_34kt_nm":null},{"date":"19541118","time":"1200","status":"TS","lat":24,"lon":-48.4,"wind_kt":35,"pressure_mb":null,"radius_34kt_nm":null},{"date":"19541118","time":"1800","status":"TS","lat":24.2,"lon":-49,"wind_kt":35,"pressure_mb":1005,"radius_34kt_nm":null},{"date":"19541119","time":"0000","status":"TD","lat":24.3,"lon":-49.5,"wind_kt":30,"pressure_mb":null,"radius_34kt_nm":null},{"date":"19541119","time":"0600","status":"TD","lat":24.5,"lon":-50.1,"wind_kt":30,"pressure_mb":null,"radius_34kt_nm":null},{"date":"19541119","time":"1200","status":"TD","lat":24.6,"lon":-50.7,"wind_kt":30,"pressure_mb":null,"radius_34kt_nm":null},{"date":"19541119","time":"1800","status":"TD","lat":24.4,"lon":-51.5,"wind_kt":30,"pressure_mb":null,"radius_34kt_nm":null},{"date":"19541120","time":"0000","status":"TD","lat":24.1,"lon":-52.3,"wind_kt":30,"pressure_mb":null,"radius_34kt_nm":null},{"date":"19541120","time":"0600","status":"TD","lat":24.1,"lon":-53,"wind_kt":30,"pressure_mb":null,"radius_34kt_nm":null},{"date":"19541120","time":"1200","status":"TD","lat":24.3,"lon":-53.6,"wind_kt":30,"pressure_mb":null,"radius_34kt_nm":null},{"date":"19541120","time":"1800","status":"TD","lat":24.5,"lon":-54.1,"wind_kt":30,"pressure_mb":null,"radius_34kt_nm":null},{"date":"19541121","time":"0000","status":"TD","lat":24.6,"lon":-55.1,"wind_kt":30,"pressure_mb":null,"radius_34kt_nm":null},{"date":"19541121","time":"0600","status":"TD","lat":24.8,"lon":-55.8,"wind_kt":30,"pressure_mb":null,"radius_34kt_nm":null},{"date":"19541121","time":"1200","status":"TD","lat":25,"lon":-56.5,"wind_kt":30,"pressure_mb":null,"radius_34kt_nm":null},{"date":"19541121","time":"1800","status":"TD","lat":25.2,"lon":-57.2,"wind_kt":25,"pressure_mb":null,"radius_34kt_nm":null}]}},{"type":"Feature","geometry":{"type":"LineString","coordinates":[[-50.9,22.1],[-51.6,22],[-52.4,21.6],[-53.3,21.3],[-54.3,21],[-55.2,20.6],[-56,20.3],[-56.8,20.1],[-57.4,19.9],[-58.1,19.7],[-59.2,19.3],[-60.5,18.8],[-61.6,18.5],[-62.4,18.3],[-62.8,18.1],[-63,18],[-63.2,17.8],[-63.6,17.4],[-64.1,16.8],[-64.7,16.3],[-65,15.9],[-65.2,15.5],[-65,15.1],[-64.8,14.7],[-64.8,14.4],[-64.8,14],[-65,13.6],[-65,13.3],[-65,13]]},"properties":{"id":"hur-al161954","event_type":"hurricane","name":"ALICE","year":1954,"max_wind_kt":80,"min_pressure_mb":991,"category":1,"preliminary":false,"start_date":"19541230","end_date":"19550106","track":[{"date":"19541230","time":"0600","status":"TD","lat":22.1,"lon":-50.9,"wind_kt":30,"pressure_mb":null,"radius_34kt_nm":null},{"date":"19541230","time":"1200","status":"TS","lat":22,"lon":-51.6,"wind_kt":35,"pressure_mb":1007,"radius_34kt_nm":null},{"date":"19541230","time":"1800","status":"TS","lat":21.6,"lon":-52.4,"wind_kt":40,"pressure_mb":null,"radius_34kt_nm":null},{"date":"19541231","time":"0000","status":"TS","lat":21.3,"lon":-53.3,"wind_kt":50,"pressure_mb":null,"radius_34kt_nm":null},{"date":"19541231","time":"0600","status":"TS","lat":21,"lon":-54.3,"wind_kt":55,"pressure_mb":null,"radius_34kt_nm":null},{"date":"19541231","time":"1200","status":"HU","lat":20.6,"lon":-55.2,"wind_kt":65,"pressure_mb":null,"radius_34kt_nm":null},{"date":"19541231","time":"1800","status":"HU","lat":20.3,"lon":-56,"wind_kt":65,"pressure_mb":null,"radius_34kt_nm":null},{"date":"19550101","time":"0000","status":"HU","lat":20.1,"lon":-56.8,"wind_kt":70,"pressure_mb":null,"radius_34kt_nm":null},{"date":"19550101","time":"0600","status":"HU","lat":19.9,"lon":-57.4,"wind_kt":70,"pressure_mb":null,"radius_34kt_nm":null},{"date":"19550101","time":"1200","status":"HU","lat":19.7,"lon":-58.1,"wind_kt":75,"pressure_mb":null,"radius_34kt_nm":null},{"date":"19550101","time":"1800","status":"HU","lat":19.3,"lon":-59.2,"wind_kt":80,"pressure_mb":null,"radius_34kt_nm":null},{"date":"19550102","time":"0000","status":"HU","lat":18.8,"lon":-60.5,"wind_kt":80,"pressure_mb":null,"radius_34kt_nm":null},{"date":"19550102","time":"0600","status":"HU","lat":18.5,"lon":-61.6,"wind_kt":75,"pressure_mb":null,"radius_34kt_nm":null},{"date":"19550102","time":"1200","status":"HU","lat":18.3,"lon":-62.4,"wind_kt":70,"pressure_mb":null,"radius_34kt_nm":null},{"date":"19550102","time":"1800","status":"HU","lat":18.1,"lon":-62.8,"wind_kt":65,"pressure_mb":991,"radius_34kt_nm":null},{"date":"19550102","time":"2100","status":"HU","lat":18,"lon":-63,"wind_kt":65,"pressure_mb":991,"radius_34kt_nm":null},{"date":"19550103","time":"0000","status":"TS","lat":17.8,"lon":-63.2,"wind_kt":60,"pressure_mb":null,"radius_34kt_nm":null},{"date":"19550103","time":"0600","status":"TS","lat":17.4,"lon":-63.6,"wind_kt":60,"pressure_mb":null,"radius_34kt_nm":null},{"date":"19550103","time":"1200","status":"TS","lat":16.8,"lon":-64.1,"wind_kt":55,"pressure_mb":999,"radius_34kt_nm":null},{"date":"19550103","time":"1800","status":"TS","lat":16.3,"lon":-64.7,"wind_kt":55,"pressure_mb":null,"radius_34kt_nm":null},{"date":"19550104","time":"0000","status":"TS","lat":15.9,"lon":-65,"wind_kt":50,"pressure_mb":1000,"radius_34kt_nm":null},{"date":"19550104","time":"0600","status":"TS","lat":15.5,"lon":-65.2,"wind_kt":45,"pressure_mb":null,"radius_34kt_nm":null},{"date":"19550104","time":"1200","status":"TS","lat":15.1,"lon":-65,"wind_kt":40,"pressure_mb":null,"radius_34kt_nm":null},{"date":"19550104","time":"1800","status":"TS","lat":14.7,"lon":-64.8,"wind_kt":35,"pressure_mb":null,"radius_34kt_nm":null},{"date":"19550105","time":"0000","status":"TS","lat":14.4,"lon":-64.8,"wind_kt":35,"pressure_mb":null,"radius_34kt_nm":null},{"date":"19550105","time":"0600","status":"TD","lat":14,"lon":-64.8,"wind_kt":30,"pressure_mb":null,"radius_34kt_nm":null},{"date":"19550105","time":"1200","status":"TD","lat":13.6,"lon":-65,"wind_kt":25,"pressure_mb":null,"radius_34kt_nm":null},{"date":"19550105","time":"1800","status":"TD","lat":13.3,"lon":-65,"wind_kt":25,"pressure_mb":null,"radius_34kt_nm":null},{"date":"19550106","time":"0000","status":"TD","lat":13,"lon":-65,"wind_kt":25,"pressure_mb":null,"radius_34kt_nm":null}]}},{"type":"Feature","geometry":{"type":"LineString","coordinates":[[-87.5,27.5],[-87.9,27.6],[-88.2,27.8],[-88.4,28.2],[-88.6,28.6],[-89,29.3],[-89.4,29.7],[-89.5,29.9],[-90.4,30.6],[-91.6,31.1],[-92.8,31.5],[-93.8,31.8],[-94.7,32.2],[-95,32.7]]},"properties":{"id":"hur-al011955","event_type":"hurricane","name":"BRENDA","year":1955,"max_wind_kt":60,"min_pressure_mb":null,"category":0,"preliminary":false,"start_date":"19550731","end_date":"19550803","track":[{"date":"19550731","time":"0600","status":"TD","lat":27.5,"lon":-87.5,"wind_kt":30,"pressure_mb":null,"radius_34kt_nm":null},{"date":"19550731","time":"1200","status":"TS","lat":27.6,"lon":-87.9,"wind_kt":40,"pressure_mb":null,"radius_34kt_nm":null},{"date":"19550731","time":"1800","status":"TS","lat":27.8,"lon":-88.2,"wind_kt":50,"pressure_mb":null,"radius_34kt_nm":null},{"date":"19550801","time":"0000","status":"TS","lat":28.2,"lon":-88.4,"wind_kt":60,"pressure_mb":null,"radius_34kt_nm":null},{"date":"19550801","time":"0600","status":"TS","lat":28.6,"lon":-88.6,"wind_kt":60,"pressure_mb":null,"radius_34kt_nm":null},{"date":"19550801","time":"1200","status":"TS","lat":29.3,"lon":-89,"wind_kt":60,"pressure_mb":null,"radius_34kt_nm":null},{"date":"19550801","time":"1700","status":"TS","lat":29.7,"lon":-89.4,"wind_kt":55,"pressure_mb":null,"radius_34kt_nm":null},{"date":"19550801","time":"1800","status":"TS","lat":29.9,"lon":-89.5,"wind_kt":55,"pressure_mb":null,"radius_34kt_nm":null},{"date":"19550802","time":"0000","status":"TS","lat":30.6,"lon":-90.4,"wind_kt":40,"pressure_mb":null,"radius_34kt_nm":null},{"date":"19550802","time":"0600","status":"TD","lat":31.1,"lon":-91.6,"wind_kt":30,"pressure_mb":null,"radius_34kt_nm":null},{"date":"19550802","time":"1200","status":"TD","lat":31.5,"lon":-92.8,"wind_kt":25,"pressure_mb":null,"radius_34kt_nm":null},{"date":"19550802","time":"1800","status":"TD","lat":31.8,"lon":-93.8,"wind_kt":25,"pressure_mb":null,"radius_34kt_nm":null},{"date":"19550803","time":"0000","status":"TD","lat":32.2,"lon":-94.7,"wind_kt":25,"pressure_mb":null,"radius_34kt_nm":null},{"date":"19550803","time":"0600","status":"TD","lat":32.7,"lon":-95,"wind_kt":20,"pressure_mb":null,"radius_34kt_nm":null}]}},{"type":"Feature","geometry":{"type":"LineString","coordinates":[[-40,15.3],[-42.1,15.7],[-44.2,16.1],[-46,16.4],[-47.7,16.7],[-49.3,17],[-50.9,17.4],[-52.3,17.7],[-54.2,18],[-56.1,18.3],[-57.9,18.5],[-59.5,18.7],[-60.9,19],[-62.4,19.3],[-63.9,19.6],[-65.2,20.4],[-66.4,21.2],[-67.6,22],[-68.8,22.8],[-70,23.9],[-71.1,25],[-71.8,26.1],[-72.3,27],[-72.9,27.9],[-73.4,28.7],[-73.8,29.4],[-74.2,30],[-74.8,30.4],[-75.3,30.7],[-75.8,30.9],[-76.4,31.1],[-76.9,31.3],[-77,31.6],[-77,32.1],[-77.1,32.7],[-77,33.2],[-76.9,33.7],[-76.8,34.3],[-76.7,34.7],[-76.6,35],[-76.1,36.3],[-76.2,37.7],[-76.6,39.1],[-77.4,40.5],[-79.3,41.9],[-81.3,42.9],[-82.5,43.7],[-83.3,44.5],[-83,45.4]]},"properties":{"id":"hur-al021955","event_type":"hurricane","name":"CONNIE","year":1955,"max_wind_kt":120,"min_pressure_mb":944,"category":4,"preliminary":false,"start_date":"19550803","end_date":"19550815","track":[{"date":"19550803","time":"0600","status":"TD","lat":15.3,"lon":-40,"wind_kt":30,"pressure_mb":null,"radius_34kt_nm":null},{"date":"19550803","time":"1200","status":"TS","lat":15.7,"lon":-42.1,"wind_kt":35,"pressure_mb":null,"radius_34kt_nm":null},{"date":"19550803","time":"1800","status":"TS","lat":16.1,"lon":-44.2,"wind_kt":40,"pressure_mb":1004,"radius_34kt_nm":null},{"date":"19550804","time":"0000","status":"TS","lat":16.4,"lon":-46,"wind_kt":50,"pressure_mb":null,"radius_34kt_nm":null},{"date":"19550804","time":"0600","status":"TS","lat":16.7,"lon":-47.7,"wind_kt":60,"pressure_mb":null,"radius_34kt_nm":null},{"date":"19550804","time":"1200","status":"HU","lat":17,"lon":-49.3,"wind_kt":70,"pressure_mb":null,"radius_34kt_nm":null},{"date":"19550804","time":"1800","status":"HU","lat":17.4,"lon":-50.9,"wind_kt":70,"pressure_mb":null,"radius_34kt_nm":null},{"date":"19550805","time":"0000","status":"HU","lat":17.7,"lon":-52.3,"wind_kt":70,"pressure_mb":null,"radius_34kt_nm":null},{"date":"19550805","time":"0600","status":"HU","lat":18,"lon":-54.2,"wind_kt":70,"pressure_mb":null,"radius_34kt_nm":null},{"date":"19550805","time":"1200","status":"HU","lat":18.3,"lon":-56.1,"wind_kt":75,"pressure_mb":null,"radius_34kt_nm":null},{"date":"19550805","time":"1800","status":"HU","lat":18.5,"lon":-57.9,"wind_kt":75,"pressure_mb":985,"radius_34kt_nm":null},{"date":"19550806","time":"0000","status":"HU","lat":18.7,"lon":-59.5,"wind_kt":80,"pressure_mb":null,"radius_34kt_nm":null},{"date":"19550806","time":"0600","status":"HU","lat":19,"lon":-60.9,"wind_kt":85,"pressure_mb":null,"radius_34kt_nm":null},{"date":"19550806","time":"1200","status":"HU","lat":19.3,"lon":-62.4,"wind_kt":90,"pressure_mb":null,"radius_34kt_nm":null},{"date":"19550806","time":"1800","status":"HU","lat":19.6,"lon":-63.9,"wind_kt":100,"pressure_mb":968,"radius_34kt_nm":null},{"date":"19550807","time":"0000","status":"HU","lat":20.4,"lon":-65.2,"wind_kt":105,"pressure_mb":null,"radius_34kt_nm":null},{"date":"19550807","time":"0600","status":"HU","lat":21.2,"lon":-66.4,"wind_kt":110,"pressure_mb":null,"radius_34kt_nm":null},{"date":"19550807","time":"1200","status":"HU","lat":22,"lon":-67.6,"wind_kt":115,"pressure_mb":952,"radius_34kt_nm":null},{"date":"19550807","time":"1800","status":"HU","lat":22.8,"lon":-68.8,"wind_kt":120,"pressure_mb":944,"radius_34kt_nm":null},{"date":"19550808","time":"0000","status":"HU","lat":23.9,"lon":-70,"wind_kt":120,"pressure_mb":null,"radius_34kt_nm":null},{"date":"19550808","time":"0600","status":"HU","lat":25,"lon":-71.1,"wind_kt":115,"pressure_mb":null,"radius_34kt_nm":null},{"date":"19550808","time":"1200","status":"HU","lat":26.1,"lon":-71.8,"wind_kt":110,"pressure_mb":944,"radius_34kt_nm":null},{"date":"19550808","time":"1800","status":"HU","lat":27,"lon":-72.3,"wind_kt":105,"pressure_mb":944,"radius_34kt_nm":null},{"date":"19550809","time":"0000","status":"HU","lat":27.9,"lon":-72.9,"wind_kt":105,"pressure_mb":null,"radius_34kt_nm":null},{"date":"19550809","time":"0600","status":"HU","lat":28.7,"lon":-73.4,"wind_kt":100,"pressure_mb":null,"radius_34kt_nm":null},{"date":"19550809","time":"1200","status":"HU","lat":29.4,"lon":-73.8,"wind_kt":100,"pressure_mb":959,"radius_34kt_nm":null},{"date":"19550809","time":"1800","status":"HU","lat":30,"lon":-74.2,"wind_kt":95,"pressure_mb":961,"radius_34kt_nm":null},{"date":"19550810","time":"0000","status":"HU","lat":30.4,"lon":-74.8,"wind_kt":90,"pressure_mb":null,"radius_34kt_nm":null},{"date":"19550810","time":"0600","status":"HU","lat":30.7,"lon":-75.3,"wind_kt":85,"pressure_mb":null,"radius_34kt_nm":null},{"date":"19550810","time":"1200","status":"HU","lat":30.9,"lon":-75.8,"wind_kt":85,"pressure_mb":972,"radius_34kt_nm":null},{"date":"19550810","time":"1800","status":"HU","lat":31.1,"lon":-76.4,"wind_kt":85,"pressure_mb":970,"radius_34kt_nm":null},{"date":"19550811","time":"0000","status":"HU","lat":31.3,"lon":-76.9,"wind_kt":80,"pressure_mb":973,"radius_34kt_nm":null},{"date":"19550811","time":"0600","status":"HU","lat":31.6,"lon":-77,"wind_kt":80,"pressure_mb":null,"radius_34kt_nm":null},{"date":"19550811","time":"1200","status":"HU","lat":32.1,"lon":-77,"wind_kt":75,"pressure_mb":978,"radius_34kt_nm":null},{"date":"19550811","time":"1800","status":"HU","lat":32.7,"lon":-77.1,"wind_kt":75,"pressure_mb":977,"radius_34kt_nm":null},{"date":"19550812","time":"0000","status":"HU","lat":33.2,"lon":-77,"wind_kt":80,"pressure_mb":null,"radius_34kt_nm":null},{"date":"19550812","time":"0600","status":"HU","lat":33.7,"lon":-76.9,"wind_kt":80,"pressure_mb":null,"radius_34kt_nm":null},{"date":"19550812","time":"1200","status":"HU","lat":34.3,"lon":-76.8,"wind_kt":85,"pressure_mb":965,"radius_34kt_nm":null},{"date":"19550812","time":"1500","status":"HU","lat":34.7,"lon":-76.7,"wind_kt":85,"pressure_mb":962,"radius_34kt_nm":null},{"date":"19550812","time":"1800","status":"HU","lat":35,"lon":-76.6,"wind_kt":85,"pressure_mb":962,"radius_34kt_nm":null},{"date":"19550813","time":"0000","status":"HU","lat":36.3,"lon":-76.1,"wind_kt":75,"pressure_mb":969,"radius_34kt_nm":null},{"date":"19550813","time":"0600","status":"TS","lat":37.7,"lon":-76.2,"wind_kt":60,"pressure_mb":974,"radius_34kt_nm":null},{"date":"19550813","time":"1200","status":"TS","lat":39.1,"lon":-76.6,"wind_kt":50,"pressure_mb":982,"radius_34kt_nm":null},{"date":"19550813","time":"1800","status":"TS","lat":40.5,"lon":-77.4,"wind_kt":45,"pressure_mb":995,"radius_34kt_nm":null},{"date":"19550814","time":"0000","status":"TS","lat":41.9,"lon":-79.3,"wind_kt":45,"pressure_mb":998,"radius_34kt_nm":null},{"date":"19550814","time":"0600","status":"TS","lat":42.9,"lon":-81.3,"wind_kt":40,"pressure_mb":1002,"radius_34kt_nm":null},{"date":"19550814","time":"1200","status":"TS","lat":43.7,"lon":-82.5,"wind_kt":40,"pressure_mb":1006,"radius_34kt_nm":null},{"date":"19550814","time":"1800","status":"TS","lat":44.5,"lon":-83.3,"wind_kt":35,"pressure_mb":1010,"radius_34kt_nm":null},{"date":"19550815","time":"0000","status":"TS","lat":45.4,"lon":-83,"wind_kt":35,"pressure_mb":1011,"radius_34kt_nm":null}]}},{"type":"Feature","geometry":{"type":"LineString","coordinates":[[-41.2,15.7],[-42.5,16],[-43.8,16.1],[-45.2,16.2],[-46.6,16.3],[-48,16.5],[-49.7,16.6],[-50.7,16.7],[-51.9,16.8],[-53.1,17],[-54.5,17.3],[-56,17.7],[-57.4,18.2],[-58.6,19],[-59.5,20],[-60,21.2],[-60.6,22.3],[-61.3,23.3],[-61.8,23.8],[-61.6,24.2],[-61.4,24.6],[-61.2,25],[-61,25.5],[-60.8,26],[-61,26.7],[-61.4,27.3],[-62.6,27.4],[-63.8,27.2],[-64.7,27.3],[-65.7,27.5],[-66.8,27.8],[-68.1,28.2],[-69.5,28.7],[-70.9,29.2],[-72.3,29.7],[-73.4,30],[-74.4,30.4],[-75.3,30.9],[-76.2,31.7],[-76.9,32.5],[-77.4,33.2],[-77.9,34],[-78.4,35.1],[-78.7,36.5],[-78.8,37.8],[-78.1,38.8],[-76.9,39.6],[-75.7,40.2],[-74.5,40.5],[-73,40.7],[-71.5,40.9],[-69.9,41],[-67.5,41.2],[-64.5,41.5],[-61.8,42.3],[-58.4,43],[-53.5,43.8],[-48,45],[-42,47],[-36,49],[-34,52.5],[-33,56],[-32.5,58.5],[-32,60.5],[-32,62],[-31,63.5],[-29,65]]},"properties":{"id":"hur-al031955","event_type":"hurricane","name":"DIANE","year":1955,"max_wind_kt":90,"min_pressure_mb":969,"category":2,"preliminary":false,"start_date":"19550807","end_date":"19550823","track":[{"date":"19550807","time":"0600","status":"TD","lat":15.7,"lon":-41.2,"wind_kt":25,"pressure_mb":null,"radius_34kt_nm":null},{"date":"19550807","time":"1200","status":"TD","lat":16,"lon":-42.5,"wind_kt":25,"pressure_mb":null,"radius_34kt_nm":null},{"date":"19550807","time":"1800","status":"TD","lat":16.1,"lon":-43.8,"wind_kt":25,"pressure_mb":null,"radius_34kt_nm":null},{"date":"19550808","time":"0000","status":"TD","lat":16.2,"lon":-45.2,"wind_kt":25,"pressure_mb":null,"radius_34kt_nm":null},{"date":"19550808","time":"0600","status":"TD","lat":16.3,"lon":-46.6,"wind_kt":25,"pressure_mb":null,"radius_34kt_nm":null},{"date":"19550808","time":"1200","status":"TD","lat":16.5,"lon":-48,"wind_kt":25,"pressure_mb":null,"radius_34kt_nm":null},{"date":"19550808","time":"1800","status":"TD","lat":16.6,"lon":-49.7,"wind_kt":25,"pressure_mb":null,"radius_34kt_nm":null},{"date":"19550809","time":"0000","status":"TD","lat":16.7,"lon":-50.7,"wind_kt":25,"pressure_mb":null,"radius_34kt_nm":null},{"date":"19550809","time":"0600","status":"TD","lat":16.8,"lon":-51.9,"wind_kt":30,"pressure_mb":null,"radius_34kt_nm":null},{"date":"19550809","time":"1200","status":"TD","lat":17,"lon":-53.1,"wind_kt":30,"pressure_mb":null,"radius_34kt_nm":null},{"date":"19550809","time":"1800","status":"TS","lat":17.3,"lon":-54.5,"wind_kt":35,"pressure_mb":null,"radius_34kt_nm":null},{"date":"19550810","time":"0000","status":"TS","lat":17.7,"lon":-56,"wind_kt":35,"pressure_mb":null,"radius_34kt_nm":null},{"date":"19550810","time":"0600","status":"TS","lat":18.2,"lon":-57.4,"wind_kt":35,"pressure_mb":null,"radius_34kt_nm":null},{"date":"19550810","time":"1200","status":"TS","lat":19,"lon":-58.6,"wind_kt":35,"pressure_mb":null,"radius_34kt_nm":null},{"date":"19550810","time":"1800","status":"TS","lat":20,"lon":-59.5,"wind_kt":40,"pressure_mb":null,"radius_34kt_nm":null},{"date":"19550811","time":"0000","status":"TS","lat":21.2,"lon":-60,"wind_kt":45,"pressure_mb":null,"radius_34kt_nm":null},{"date":"19550811","time":"0600","status":"TS","lat":22.3,"lon":-60.6,"wind_kt":45,"pressure_mb":null,"radius_34kt_nm":null},{"date":"19550811","time":"1200","status":"TS","lat":23.3,"lon":-61.3,"wind_kt":45,"pressure_mb":null,"radius_34kt_nm":null},{"date":"19550811","time":"1800","status":"TS","lat":23.8,"lon":-61.8,"wind_kt":45,"pressure_mb":1004,"radius_34kt_nm":null},{"date":"19550812","time":"0000","status":"TS","lat":24.2,"lon":-61.6,"wind_kt":50,"pressure_mb":null,"radius_34kt_nm":null},{"date":"19550812","time":"0600","status":"TS","lat":24.6,"lon":-61.4,"wind_kt":60,"pressure_mb":null,"radius_34kt_nm":null},{"date":"19550812","time":"1200","status":"HU","lat":25,"lon":-61.2,"wind_kt":70,"pressure_mb":null,"radius_34kt_nm":null},{"date":"19550812","time":"1800","status":"HU","lat":25.5,"lon":-61,"wind_kt":75,"pressure_mb":975,"radius_34kt_nm":null},{"date":"19550813","time":"0000","status":"HU","lat":26,"lon":-60.8,"wind_kt":70,"pressure_mb":980,"radius_34kt_nm":null},{"date":"19550813","time":"0600","status":"HU","lat":26.7,"lon":-61,"wind_kt":70,"pressure_mb":null,"radius_34kt_nm":null},{"date":"19550813","time":"1200","status":"HU","lat":27.3,"lon":-61.4,"wind_kt":80,"pressure_mb":null,"radius_34kt_nm":null},{"date":"19550813","time":"1800","status":"HU","lat":27.4,"lon":-62.6,"wind_kt":90,"pressure_mb":969,"radius_34kt_nm":null},{"date":"19550814","time":"0000","status":"HU","lat":27.2,"lon":-63.8,"wind_kt":90,"pressure_mb":null,"radius_34kt_nm":null},{"date":"19550814","time":"0600","status":"HU","lat":27.3,"lon":-64.7,"wind_kt":80,"pressure_mb":976,"radius_34kt_nm":null},{"date":"19550814","time":"1200","status":"HU","lat":27.5,"lon":-65.7,"wind_kt":75,"pressure_mb":980,"radius_34kt_nm":null},{"date":"19550814","time":"1800","status":"HU","lat":27.8,"lon":-66.8,"wind_kt":75,"pressure_mb":null,"radius_34kt_nm":null},{"date":"19550815","time":"0000","status":"HU","lat":28.2,"lon":-68.1,"wind_kt":75,"pressure_mb":null,"radius_34kt_nm":null},{"date":"19550815","time":"0600","status":"HU","lat":28.7,"lon":-69.5,"wind_kt":80,"pressure_mb":973,"radius_34kt_nm":null},{"date":"19550815","time":"1200","status":"HU","lat":29.2,"lon":-70.9,"wind_kt":80,"pressure_mb":null,"radius_34kt_nm":null},{"date":"19550815","time":"1800","status":"HU","lat":29.7,"lon":-72.3,"wind_kt":80,"pressure_mb":973,"radius_34kt_nm":null},{"date":"19550816","time":"0000","status":"HU","lat":30,"lon":-73.4,"wind_kt":75,"pressure_mb":null,"radius_34kt_nm":null},{"date":"19550816","time":"0600","status":"HU","lat":30.4,"lon":-74.4,"wind_kt":75,"pressure_mb":null,"radius_34kt_nm":null},{"date":"19550816","time":"1200","status":"HU","lat":30.9,"lon":-75.3,"wind_kt":75,"pressure_mb":982,"radius_34kt_nm":null},{"date":"19550816","time":"1800","status":"HU","lat":31.7,"lon":-76.2,"wind_kt":75,"pressure_mb":983,"radius_34kt_nm":null},{"date":"19550817","time":"0000","status":"HU","lat":32.5,"lon":-76.9,"wind_kt":70,"pressure_mb":984,"radius_34kt_nm":null},{"date":"19550817","time":"0600","status":"HU","lat":33.2,"lon":-77.4,"wind_kt":65,"pressure_mb":null,"radius_34kt_nm":null},{"date":"19550817","time":"1200","status":"TS","lat":34,"lon":-77.9,"wind_kt":60,"pressure_mb":985,"radius_34kt_nm":null},{"date":"19550817","time":"1800","status":"TS","lat":35.1,"lon":-78.4,"wind_kt":55,"pressure_mb":990,"radius_34kt_nm":null},{"date":"19550818","time":"0000","status":"TS","lat":36.5,"lon":-78.7,"wind_kt":50,"pressure_mb":993,"radius_34kt_nm":null},{"date":"19550818","time":"0600","status":"TS","lat":37.8,"lon":-78.8,"wind_kt":45,"pressure_mb":999,"radius_34kt_nm":null},{"date":"19550818","time":"1200","status":"TS","lat":38.8,"lon":-78.1,"wind_kt":40,"pressure_mb":1001,"radius_34kt_nm":null},{"date":"19550818","time":"1800","status":"TS","lat":39.6,"lon":-76.9,"wind_kt":35,"pressure_mb":1004,"radius_34kt_nm":null},{"date":"19550819","time":"0000","status":"TS","lat":40.2,"lon":-75.7,"wind_kt":35,"pressure_mb":1003,"radius_34kt_nm":null},{"date":"19550819","time":"0600","status":"TS","lat":40.5,"lon":-74.5,"wind_kt":40,"pressure_mb":1001,"radius_34kt_nm":null},{"date":"19550819","time":"1200","status":"TS","lat":40.7,"lon":-73,"wind_kt":40,"pressure_mb":998,"radius_34kt_nm":null},{"date":"19550819","time":"1800","status":"TS","lat":40.9,"lon":-71.5,"wind_kt":40,"pressure_mb":null,"radius_34kt_nm":null},{"date":"19550820","time":"0000","status":"TS","lat":41,"lon":-69.9,"wind_kt":40,"pressure_mb":null,"radius_34kt_nm":null},{"date":"19550820","time":"0600","status":"TS","lat":41.2,"lon":-67.5,"wind_kt":45,"pressure_mb":null,"radius_34kt_nm":null},{"date":"19550820","time":"1200","status":"TS","lat":41.5,"lon":-64.5,"wind_kt":45,"pressure_mb":null,"radius_34kt_nm":null},{"date":"19550820","time":"1800","status":"TS","lat":42.3,"lon":-61.8,"wind_kt":45,"pressure_mb":null,"radius_34kt_nm":null},{"date":"19550821","time":"0000","status":"EX","lat":43,"lon":-58.4,"wind_kt":50,"pressure_mb":null,"radius_34kt_nm":null},{"date":"19550821","time":"0600","status":"EX","lat":43.8,"lon":-53.5,"wind_kt":50,"pressure_mb":null,"radius_34kt_nm":null},{"date":"19550821","time":"1200","status":"EX","lat":45,"lon":-48,"wind_kt":50,"pressure_mb":null,"radius_34kt_nm":null},{"date":"19550821","time":"1800","status":"EX","lat":47,"lon":-42,"wind_kt":50,"pressure_mb":null,"radius_34kt_nm":null},{"date":"19550822","time":"0000","status":"EX","lat":49,"lon":-36,"wind_kt":55,"pressure_mb":null,"radius_34kt_nm":null},{"date":"19550822","time":"0600","status":"EX","lat":52.5,"lon":-34,"wind_kt":55,"pressure_mb":null,"radius_34kt_nm":null},{"date":"19550822","time":"1200","status":"EX","lat":56,"lon":-33,"wind_kt":55,"pressure_mb":null,"radius_34kt_nm":null},{"date":"19550822","time":"1800","status":"EX","lat":58.5,"lon":-32.5,"wind_kt":55,"pressure_mb":null,"radius_34kt_nm":null},{"date":"19550823","time":"0000","status":"EX","lat":60.5,"lon":-32,"wind_kt":50,"pressure_mb":null,"radius_34kt_nm":null},{"date":"19550823","time":"0600","status":"EX","lat":62,"lon":-32,"wind_kt":45,"pressure_mb":null,"radius_34kt_nm":null},{"date":"19550823","time":"1200","status":"EX","lat":63.5,"lon":-31,"wind_kt":40,"pressure_mb":null,"radius_34kt_nm":null},{"date":"19550823","time":"1800","status":"EX","lat":65,"lon":-29,"wind_kt":35,"pressure_mb":null,"radius_34kt_nm":null}]}},{"type":"Feature","geometry":{"type":"LineString","coordinates":[[-42,11.4],[-43.1,12],[-44.2,12.5],[-45.3,13],[-46.5,13.5],[-47.7,14],[-48.8,14.5],[-49.9,14.9],[-51,15.3],[-52.1,15.8],[-53.2,16.6],[-54.1,17.7],[-55,19],[-55.9,20.2],[-56.9,21.3],[-58,22.3],[-59,22.9],[-60,23.4],[-60.9,23.8],[-61.7,24.2],[-62.4,24.7],[-63.1,25.3],[-63.4,25.9],[-63.6,26.3],[-63.8,26.7],[-64,27.1],[-64.2,27.4],[-64.3,27.6],[-64.2,27.9],[-64,28.3],[-63.8,28.8],[-63.6,29.4],[-63.1,30.2],[-62.4,31.3],[-61.5,32.4],[-60.5,33.6],[-59.4,35],[-58.1,36.5],[-56,38],[-54.2,39.6],[-52.6,40.6],[-51.4,40.8],[-50,40.5],[-50.3,39.6],[-50.8,38.5],[-51.6,37.7],[-52.6,37.2],[-53.5,37],[-54.5,37.2],[-55.6,37.6],[-56.7,38],[-56.8,38.3],[-57.4,38.1],[-58,37.8],[-58.2,37.5],[-58.2,37],[-57.5,37.2],[-56.3,37.5],[-55.5,39],[-55,40.5]]},"properties":{"id":"hur-al041955","event_type":"hurricane","name":"EDITH","year":1955,"max_wind_kt":85,"min_pressure_mb":967,"category":2,"preliminary":false,"start_date":"19550821","end_date":"19550905","track":[{"date":"19550821","time":"1200","status":"TD","lat":11.4,"lon":-42,"wind_kt":25,"pressure_mb":null,"radius_34kt_nm":null},{"date":"19550821","time":"1800","status":"TD","lat":12,"lon":-43.1,"wind_kt":25,"pressure_mb":null,"radius_34kt_nm":null},{"date":"19550822","time":"0000","status":"TD","lat":12.5,"lon":-44.2,"wind_kt":25,"pressure_mb":null,"radius_34kt_nm":null},{"date":"19550822","time":"0600","status":"TD","lat":13,"lon":-45.3,"wind_kt":25,"pressure_mb":null,"radius_34kt_nm":null},{"date":"19550822","time":"1200","status":"TD","lat":13.5,"lon":-46.5,"wind_kt":25,"pressure_mb":null,"radius_34kt_nm":null},{"date":"19550822","time":"1800","status":"TD","lat":14,"lon":-47.7,"wind_kt":25,"pressure_mb":null,"radius_34kt_nm":null},{"date":"19550823","time":"0000","status":"TD","lat":14.5,"lon":-48.8,"wind_kt":25,"pressure_mb":null,"radius_34kt_nm":null},{"date":"19550823","time":"0600","status":"TD","lat":14.9,"lon":-49.9,"wind_kt":30,"pressure_mb":null,"radius_34kt_nm":null},{"date":"19550823","time":"1200","status":"TS","lat":15.3,"lon":-51,"wind_kt":45,"pressure_mb":null,"radius_34kt_nm":null},{"date":"19550823","time":"1800","status":"TS","lat":15.8,"lon":-52.1,"wind_kt":45,"pressure_mb":null,"radius_34kt_nm":null},{"date":"19550824","time":"0000","status":"TS","lat":16.6,"lon":-53.2,"wind_kt":45,"pressure_mb":null,"radius_34kt_nm":null},{"date":"19550824","time":"0600","status":"TS","lat":17.7,"lon":-54.1,"wind_kt":45,"pressure_mb":null,"radius_34kt_nm":null},{"date":"19550824","time":"1200","status":"TS","lat":19,"lon":-55,"wind_kt":45,"pressure_mb":null,"radius_34kt_nm":null},{"date":"19550824","time":"1800","status":"TS","lat":20.2,"lon":-55.9,"wind_kt":45,"pressure_mb":null,"radius_34kt_nm":null},{"date":"19550825","time":"0000","status":"TS","lat":21.3,"lon":-56.9,"wind_kt":50,"pressure_mb":null,"radius_34kt_nm":null},{"date":"19550825","time":"0600","status":"TS","lat":22.3,"lon":-58,"wind_kt":50,"pressure_mb":null,"radius_34kt_nm":null},{"date":"19550825","time":"1200","status":"TS","lat":22.9,"lon":-59,"wind_kt":50,"pressure_mb":null,"radius_34kt_nm":null},{"date":"19550825","time":"1800","status":"TS","lat":23.4,"lon":-60,"wind_kt":50,"pressure_mb":998,"radius_34kt_nm":null},{"date":"19550826","time":"0000","status":"TS","lat":23.8,"lon":-60.9,"wind_kt":55,"pressure_mb":null,"radius_34kt_nm":null},{"date":"19550826","time":"0600","status":"TS","lat":24.2,"lon":-61.7,"wind_kt":60,"pressure_mb":null,"radius_34kt_nm":null},{"date":"19550826","time":"1200","status":"HU","lat":24.7,"lon":-62.4,"wind_kt":65,"pressure_mb":null,"radius_34kt_nm":null},{"date":"19550826","time":"1800","status":"HU","lat":25.3,"lon":-63.1,"wind_kt":65,"pressure_mb":987,"radius_34kt_nm":null},{"date":"19550827","time":"0000","status":"TS","lat":25.9,"lon":-63.4,"wind_kt":60,"pressure_mb":null,"radius_34kt_nm":null},{"date":"19550827","time":"0600","status":"TS","lat":26.3,"lon":-63.6,"wind_kt":55,"pressure_mb":null,"radius_34kt_nm":null},{"date":"19550827","time":"1200","status":"TS","lat":26.7,"lon":-63.8,"wind_kt":50,"pressure_mb":992,"radius_34kt_nm":null},{"date":"19550827","time":"1800","status":"TS","lat":27.1,"lon":-64,"wind_kt":50,"pressure_mb":993,"radius_34kt_nm":null},{"date":"19550828","time":"0000","status":"TS","lat":27.4,"lon":-64.2,"wind_kt":50,"pressure_mb":991,"radius_34kt_nm":null},{"date":"19550828","time":"0600","status":"TS","lat":27.6,"lon":-64.3,"wind_kt":50,"pressure_mb":null,"radius_34kt_nm":null},{"date":"19550828","time":"1200","status":"TS","lat":27.9,"lon":-64.2,"wind_kt":55,"pressure_mb":null,"radius_34kt_nm":null},{"date":"19550828","time":"1800","status":"TS","lat":28.3,"lon":-64,"wind_kt":55,"pressure_mb":990,"radius_34kt_nm":null},{"date":"19550829","time":"0000","status":"TS","lat":28.8,"lon":-63.8,"wind_kt":60,"pressure_mb":null,"radius_34kt_nm":null},{"date":"19550829","time":"0600","status":"HU","lat":29.4,"lon":-63.6,"wind_kt":65,"pressure_mb":null,"radius_34kt_nm":null},{"date":"19550829","time":"1200","status":"HU","lat":30.2,"lon":-63.1,"wind_kt":70,"pressure_mb":null,"radius_34kt_nm":null},{"date":"19550829","time":"1800","status":"HU","lat":31.3,"lon":-62.4,"wind_kt":75,"pressure_mb":null,"radius_34kt_nm":null},{"date":"19550830","time":"0000","status":"HU","lat":32.4,"lon":-61.5,"wind_kt":80,"pressure_mb":null,"radius_34kt_nm":null},{"date":"19550830","time":"0600","status":"HU","lat":33.6,"lon":-60.5,"wind_kt":85,"pressure_mb":null,"radius_34kt_nm":null},{"date":"19550830","time":"1200","status":"HU","lat":35,"lon":-59.4,"wind_kt":85,"pressure_mb":967,"radius_34kt_nm":null},{"date":"19550830","time":"1800","status":"HU","lat":36.5,"lon":-58.1,"wind_kt":85,"pressure_mb":null,"radius_34kt_nm":null},{"date":"19550831","time":"0000","status":"HU","lat":38,"lon":-56,"wind_kt":75,"pressure_mb":null,"radius_34kt_nm":null},{"date":"19550831","time":"0600","status":"HU","lat":39.6,"lon":-54.2,"wind_kt":65,"pressure_mb":null,"radius_34kt_nm":null},{"date":"19550831","time":"1200","status":"EX","lat":40.6,"lon":-52.6,"wind_kt":55,"pressure_mb":null,"radius_34kt_nm":null},{"date":"19550831","time":"1800","status":"EX","lat":40.8,"lon":-51.4,"wind_kt":50,"pressure_mb":null,"radius_34kt_nm":null},{"date":"19550901","time":"0000","status":"EX","lat":40.5,"lon":-50,"wind_kt":45,"pressure_mb":null,"radius_34kt_nm":null},{"date":"19550901","time":"0600","status":"EX","lat":39.6,"lon":-50.3,"wind_kt":40,"pressure_mb":null,"radius_34kt_nm":null},{"date":"19550901","time":"1200","status":"EX","lat":38.5,"lon":-50.8,"wind_kt":40,"pressure_mb":null,"radius_34kt_nm":null},{"date":"19550901","time":"1800","status":"EX","lat":37.7,"lon":-51.6,"wind_kt":40,"pressure_mb":null,"radius_34kt_nm":null},{"date":"19550902","time":"0000","status":"EX","lat":37.2,"lon":-52.6,"wind_kt":40,"pressure_mb":null,"radius_34kt_nm":null},{"date":"19550902","time":"0600","status":"EX","lat":37,"lon":-53.5,"wind_kt":40,"pressure_mb":null,"radius_34kt_nm":null},{"date":"19550902","time":"1200","status":"EX","lat":37.2,"lon":-54.5,"wind_kt":35,"pressure_mb":null,"radius_34kt_nm":null},{"date":"19550902","time":"1800","status":"EX","lat":37.6,"lon":-55.6,"wind_kt":35,"pressure_mb":null,"radius_34kt_nm":null},{"date":"19550903","time":"0000","status":"EX","lat":38,"lon":-56.7,"wind_kt":35,"pressure_mb":null,"radius_34kt_nm":null},{"date":"19550903","time":"0600","status":"EX","lat":38.3,"lon":-56.8,"wind_kt":35,"pressure_mb":null,"radius_34kt_nm":null},{"date":"19550903","time":"1200","status":"EX","lat":38.1,"lon":-57.4,"wind_kt":35,"pressure_mb":null,"radius_34kt_nm":null},{"date":"19550903","time":"1800","status":"EX","lat":37.8,"lon":-58,"wind_kt":35,"pressure_mb":null,"radius_34kt_nm":null},{"date":"19550904","time":"0000","status":"EX","lat":37.5,"lon":-58.2,"wind_kt":35,"pressure_mb":null,"radius_34kt_nm":null},{"date":"19550904","time":"0600","status":"EX","lat":37,"lon":-58.2,"wind_kt":35,"pressure_mb":null,"radius_34kt_nm":null},{"date":"19550904","time":"1200","status":"EX","lat":37.2,"lon":-57.5,"wind_kt":35,"pressure_mb":null,"radius_34kt_nm":null},{"date":"19550904","time":"1800","status":"EX","lat":37.5,"lon":-56.3,"wind_kt":35,"pressure_mb":null,"radius_34kt_nm":null},{"date":"19550905","time":"0000","status":"EX","lat":39,"lon":-55.5,"wind_kt":30,"pressure_mb":null,"radius_34kt_nm":null},{"date":"19550905","time":"0600","status":"EX","lat":40.5,"lon":-55,"wind_kt":25,"pressure_mb":null,"radius_34kt_nm":null}]}},{"type":"Feature","geometry":{"type":"LineString","coordinates":[[-85.1,24.6],[-85.3,25.1],[-85.7,26],[-86.1,27.4],[-87,28.9],[-88.3,29.7],[-89.2,30],[-89.7,30.1],[-91.3,30.3],[-92.9,30.5],[-93.7,30.5],[-94.2,30.6],[-94.8,31],[-95.3,31.5]]},"properties":{"id":"hur-al051955","event_type":"hurricane","name":null,"year":1955,"max_wind_kt":45,"min_pressure_mb":1004,"category":0,"preliminary":false,"start_date":"19550825","end_date":"19550828","track":[{"date":"19550825","time":"1800","status":"TD","lat":24.6,"lon":-85.1,"wind_kt":30,"pressure_mb":null,"radius_34kt_nm":null},{"date":"19550826","time":"0000","status":"TS","lat":25.1,"lon":-85.3,"wind_kt":35,"pressure_mb":null,"radius_34kt_nm":null},{"date":"19550826","time":"0600","status":"TS","lat":26,"lon":-85.7,"wind_kt":35,"pressure_mb":null,"radius_34kt_nm":null},{"date":"19550826","time":"1200","status":"TS","lat":27.4,"lon":-86.1,"wind_kt":35,"pressure_mb":null,"radius_34kt_nm":null},{"date":"19550826","time":"1800","status":"TS","lat":28.9,"lon":-87,"wind_kt":40,"pressure_mb":1004,"radius_34kt_nm":null},{"date":"19550827","time":"0000","status":"TS","lat":29.7,"lon":-88.3,"wind_kt":45,"pressure_mb":null,"radius_34kt_nm":null},{"date":"19550827","time":"0400","status":"TS","lat":30,"lon":-89.2,"wind_kt":45,"pressure_mb":null,"radius_34kt_nm":null},{"date":"19550827","time":"0600","status":"TS","lat":30.1,"lon":-89.7,"wind_kt":45,"pressure_mb":null,"radius_34kt_nm":null},{"date":"19550827","time":"1200","status":"TS","lat":30.3,"lon":-91.3,"wind_kt":40,"pressure_mb":null,"radius_34kt_nm":null},{"date":"19550827","time":"1800","status":"TS","lat":30.5,"lon":-92.9,"wind_kt":35,"pressure_mb":null,"radius_34kt_nm":null},{"date":"19550828","time":"0000","status":"TD","lat":30.5,"lon":-93.7,"wind_kt":30,"pressure_mb":null,"radius_34kt_nm":null},{"date":"19550828","time":"0600","status":"TD","lat":30.6,"lon":-94.2,"wind_kt":25,"pressure_mb":null,"radius_34kt_nm":null},{"date":"19550828","time":"1200","status":"TD","lat":31,"lon":-94.8,"wind_kt":25,"pressure_mb":null,"radius_34kt_nm":null},{"date":"19550828","time":"1800","status":"TD","lat":31.5,"lon":-95.3,"wind_kt":25,"pressure_mb":null,"radius_34kt_nm":null}]}},{"type":"Feature","geometry":{"type":"LineString","coordinates":[[-31.1,19],[-33.1,19.2],[-35.1,19.4],[-37,19.8],[-38.7,20.4],[-40.2,21],[-41.7,21.6],[-43.2,22.2],[-44.8,22.9],[-46.6,23.7],[-48.5,24.7],[-50,25.6],[-51.3,26.5],[-52.4,27.4],[-53.3,28.2],[-53.9,29.3],[-54.4,29.8],[-54.8,30.5],[-55.2,31.3],[-55.4,32.1],[-55.4,33],[-55.2,33.9],[-54.8,34.9],[-53.9,36.2],[-52.7,37.6],[-51.4,39.1],[-49.7,40.7],[-47,42.2],[-44,44],[-39,46],[-32,48]]},"properties":{"id":"hur-al061955","event_type":"hurricane","name":"FLORA","year":1955,"max_wind_kt":90,"min_pressure_mb":967,"category":2,"preliminary":false,"start_date":"19550902","end_date":"19550909","track":[{"date":"19550902","time":"0600","status":"TS","lat":19,"lon":-31.1,"wind_kt":35,"pressure_mb":null,"radius_34kt_nm":null},{"date":"19550902","time":"1200","status":"TS","lat":19.2,"lon":-33.1,"wind_kt":35,"pressure_mb":null,"radius_34kt_nm":null},{"date":"19550902","time":"1800","status":"TS","lat":19.4,"lon":-35.1,"wind_kt":40,"pressure_mb":null,"radius_34kt_nm":null},{"date":"19550903","time":"0000","status":"TS","lat":19.8,"lon":-37,"wind_kt":45,"pressure_mb":null,"radius_34kt_nm":null},{"date":"19550903","time":"0600","status":"TS","lat":20.4,"lon":-38.7,"wind_kt":55,"pressure_mb":null,"radius_34kt_nm":null},{"date":"19550903","time":"1200","status":"HU","lat":21,"lon":-40.2,"wind_kt":65,"pressure_mb":null,"radius_34kt_nm":null},{"date":"19550903","time":"1800","status":"HU","lat":21.6,"lon":-41.7,"wind_kt":65,"pressure_mb":null,"radius_34kt_nm":null},{"date":"19550904","time":"0000","status":"HU","lat":22.2,"lon":-43.2,"wind_kt":65,"pressure_mb":null,"radius_34kt_nm":null},{"date":"19550904","time":"0600","status":"HU","lat":22.9,"lon":-44.8,"wind_kt":65,"pressure_mb":null,"radius_34kt_nm":null},{"date":"19550904","time":"1200","status":"HU","lat":23.7,"lon":-46.6,"wind_kt":65,"pressure_mb":null,"radius_34kt_nm":null},{"date":"19550904","time":"1800","status":"HU","lat":24.7,"lon":-48.5,"wind_kt":65,"pressure_mb":989,"radius_34kt_nm":null},{"date":"19550905","time":"0000","status":"HU","lat":25.6,"lon":-50,"wind_kt":70,"pressure_mb":null,"radius_34kt_nm":null},{"date":"19550905","time":"0600","status":"HU","lat":26.5,"lon":-51.3,"wind_kt":75,"pressure_mb":null,"radius_34kt_nm":null},{"date":"19550905","time":"1200","status":"HU","lat":27.4,"lon":-52.4,"wind_kt":80,"pressure_mb":975,"radius_34kt_nm":null},{"date":"19550905","time":"1800","status":"HU","lat":28.2,"lon":-53.3,"wind_kt":80,"pressure_mb":971,"radius_34kt_nm":null},{"date":"19550906","time":"0000","status":"HU","lat":29.3,"lon":-53.9,"wind_kt":75,"pressure_mb":977,"radius_34kt_nm":null},{"date":"19550906","time":"0600","status":"HU","lat":29.8,"lon":-54.4,"wind_kt":75,"pressure_mb":null,"radius_34kt_nm":null},{"date":"19550906","time":"1200","status":"HU","lat":30.5,"lon":-54.8,"wind_kt":80,"pressure_mb":null,"radius_34kt_nm":null},{"date":"19550906","time":"1800","status":"HU","lat":31.3,"lon":-55.2,"wind_kt":90,"pressure_mb":967,"radius_34kt_nm":null},{"date":"19550907","time":"0000","status":"HU","lat":32.1,"lon":-55.4,"wind_kt":90,"pressure_mb":null,"radius_34kt_nm":null},{"date":"19550907","time":"0600","status":"HU","lat":33,"lon":-55.4,"wind_kt":90,"pressure_mb":null,"radius_34kt_nm":null},{"date":"19550907","time":"1200","status":"HU","lat":33.9,"lon":-55.2,"wind_kt":90,"pressure_mb":null,"radius_34kt_nm":null},{"date":"19550907","time":"1800","status":"HU","lat":34.9,"lon":-54.8,"wind_kt":90,"pressure_mb":null,"radius_34kt_nm":null},{"date":"19550908","time":"0000","status":"HU","lat":36.2,"lon":-53.9,"wind_kt":90,"pressure_mb":null,"radius_34kt_nm":null},{"date":"19550908","time":"0600","status":"HU","lat":37.6,"lon":-52.7,"wind_kt":85,"pressure_mb":null,"radius_34kt_nm":null},{"date":"19550908","time":"1200","status":"HU","lat":39.1,"lon":-51.4,"wind_kt":85,"pressure_mb":null,"radius_34kt_nm":null},{"date":"19550908","time":"1800","status":"HU","lat":40.7,"lon":-49.7,"wind_kt":80,"pressure_mb":975,"radius_34kt_nm":null},{"date":"19550909","time":"0000","status":"HU","lat":42.2,"lon":-47,"wind_kt":75,"pressure_mb":null,"radius_34kt_nm":null},{"date":"19550909","time":"0600","status":"EX","lat":44,"lon":-44,"wind_kt":70,"pressure_mb":976,"radius_34kt_nm":null},{"date":"19550909","time":"1200","status":"EX","lat":46,"lon":-39,"wind_kt":65,"pressure_mb":null,"radius_34kt_nm":null},{"date":"19550909","time":"1800","status":"EX","lat":48,"lon":-32,"wind_kt":60,"pressure_mb":null,"radius_34kt_nm":null}]}},{"type":"Feature","geometry":{"type":"LineString","coordinates":[[-93.3,19.5],[-94,19.6],[-94.7,20],[-95.3,20.8],[-95.7,21.6],[-96.1,22.3],[-96.5,22.6],[-97,23],[-97.5,23.3],[-97.8,23.1],[-97.9,22.9],[-97.9,22.1],[-97.8,21.4],[-97.5,21.2]]},"properties":{"id":"hur-al071955","event_type":"hurricane","name":"GLADYS","year":1955,"max_wind_kt":65,"min_pressure_mb":996,"category":1,"preliminary":false,"start_date":"19550903","end_date":"19550906","track":[{"date":"19550903","time":"1800","status":"TD","lat":19.5,"lon":-93.3,"wind_kt":25,"pressure_mb":null,"radius_34kt_nm":null},{"date":"19550904","time":"0000","status":"TD","lat":19.6,"lon":-94,"wind_kt":25,"pressure_mb":null,"radius_34kt_nm":null},{"date":"19550904","time":"0600","status":"TD","lat":20,"lon":-94.7,"wind_kt":25,"pressure_mb":null,"radius_34kt_nm":null},{"date":"19550904","time":"1200","status":"TD","lat":20.8,"lon":-95.3,"wind_kt":30,"pressure_mb":null,"radius_34kt_nm":null},{"date":"19550904","time":"1800","status":"TS","lat":21.6,"lon":-95.7,"wind_kt":35,"pressure_mb":null,"radius_34kt_nm":null},{"date":"19550905","time":"0000","status":"TS","lat":22.3,"lon":-96.1,"wind_kt":40,"pressure_mb":null,"radius_34kt_nm":null},{"date":"19550905","time":"0600","status":"TS","lat":22.6,"lon":-96.5,"wind_kt":50,"pressure_mb":null,"radius_34kt_nm":null},{"date":"19550905","time":"1200","status":"HU","lat":23,"lon":-97,"wind_kt":65,"pressure_mb":997,"radius_34kt_nm":null},{"date":"19550905","time":"1800","status":"HU","lat":23.3,"lon":-97.5,"wind_kt":65,"pressure_mb":996,"radius_34kt_nm":null},{"date":"19550905","time":"2200","status":"HU","lat":23.1,"lon":-97.8,"wind_kt":65,"pressure_mb":996,"radius_34kt_nm":null},{"date":"19550906","time":"0000","status":"TS","lat":22.9,"lon":-97.9,"wind_kt":50,"pressure_mb":null,"radius_34kt_nm":null},{"date":"19550906","time":"0600","status":"TS","lat":22.1,"lon":-97.9,"wind_kt":40,"pressure_mb":null,"radius_34kt_nm":null},{"date":"19550906","time":"1200","status":"TS","lat":21.4,"lon":-97.8,"wind_kt":35,"pressure_mb":null,"radius_34kt_nm":null},{"date":"19550906","time":"1800","status":"TD","lat":21.2,"lon":-97.5,"wind_kt":25,"pressure_mb":null,"radius_34kt_nm":null}]}},{"type":"Feature","geometry":{"type":"LineString","coordinates":[[-41.4,13.6],[-43,14],[-44.6,14.4],[-46.2,14.8],[-47.8,15.1],[-49.3,15.2],[-50.8,14.9],[-52.1,14.6],[-53.4,14.3],[-54.6,14],[-55.8,14],[-56.9,14.4],[-58,14.9],[-58.8,15.5],[-59.3,16.1],[-59.7,16.7],[-60.1,17.3],[-60.6,17.9],[-61.4,18.5],[-62.3,19.3],[-63.3,20.6],[-64.4,21.9],[-65.6,22.8],[-67,23.3],[-68.3,23.7],[-69.3,24.1],[-70.2,24.6],[-71.1,25.1],[-71.9,25.7],[-72.5,26.3],[-73.2,27],[-74,27.9],[-74.7,28.8],[-75.3,29.8],[-75.8,31.2],[-76.1,32.6],[-76.5,33.8],[-76.7,34.7],[-76.7,34.8],[-76.7,35.3],[-76.4,36],[-75.7,36.6],[-74.2,37.1],[-72,38],[-68.3,39.3],[-64,41.5],[-59.4,45],[-55,48.5],[-54.5,50.3],[-54.5,50.7],[-53.8,51],[-51,52.5],[-46.8,53.4],[-43.7,53.3],[-40.6,53.1],[-35,54.6],[-29.3,57.2],[-22,60],[-15.5,62.5],[-14,65],[-11.5,67.5],[-9.5,69],[-8,70],[-7,70.9],[-7,71.6],[-9,72.1],[-12,72.5],[-14,72.8],[-15,73]]},"properties":{"id":"hur-al081955","event_type":"hurricane","name":"IONE","year":1955,"max_wind_kt":120,"min_pressure_mb":938,"category":4,"preliminary":false,"start_date":"19550910","end_date":"19550927","track":[{"date":"19550910","time":"0600","status":"TD","lat":13.6,"lon":-41.4,"wind_kt":25,"pressure_mb":null,"radius_34kt_nm":null},{"date":"19550910","time":"1200","status":"TS","lat":14,"lon":-43,"wind_kt":35,"pressure_mb":null,"radius_34kt_nm":null},{"date":"19550910","time":"1800","status":"TS","lat":14.4,"lon":-44.6,"wind_kt":35,"pressure_mb":null,"radius_34kt_nm":null},{"date":"19550911","time":"0000","status":"TS","lat":14.8,"lon":-46.2,"wind_kt":35,"pressure_mb":null,"radius_34kt_nm":null},{"date":"19550911","time":"0600","status":"TS","lat":15.1,"lon":-47.8,"wind_kt":35,"pressure_mb":null,"radius_34kt_nm":null},{"date":"19550911","time":"1200","status":"TS","lat":15.2,"lon":-49.3,"wind_kt":35,"pressure_mb":null,"radius_34kt_nm":null},{"date":"19550911","time":"1800","status":"TS","lat":14.9,"lon":-50.8,"wind_kt":35,"pressure_mb":null,"radius_34kt_nm":null},{"date":"19550912","time":"0000","status":"TS","lat":14.6,"lon":-52.1,"wind_kt":35,"pressure_mb":null,"radius_34kt_nm":null},{"date":"19550912","time":"0600","status":"TS","lat":14.3,"lon":-53.4,"wind_kt":35,"pressure_mb":null,"radius_34kt_nm":null},{"date":"19550912","time":"1200","status":"TS","lat":14,"lon":-54.6,"wind_kt":35,"pressure_mb":null,"radius_34kt_nm":null},{"date":"19550912","time":"1800","status":"TS","lat":14,"lon":-55.8,"wind_kt":35,"pressure_mb":1007,"radius_34kt_nm":null},{"date":"19550913","time":"0000","status":"TS","lat":14.4,"lon":-56.9,"wind_kt":35,"pressure_mb":null,"radius_34kt_nm":null},{"date":"19550913","time":"0600","status":"TS","lat":14.9,"lon":-58,"wind_kt":35,"pressure_mb":null,"radius_34kt_nm":null},{"date":"19550913","time":"1200","status":"TS","lat":15.5,"lon":-58.8,"wind_kt":35,"pressure_mb":null,"radius_34kt_nm":null},{"date":"19550913","time":"1800","status":"TS","lat":16.1,"lon":-59.3,"wind_kt":40,"pressure_mb":null,"radius_34kt_nm":null},{"date":"19550914","time":"0000","status":"TS","lat":16.7,"lon":-59.7,"wind_kt":45,"pressure_mb":null,"radius_34kt_nm":null},{"date":"19550914","time":"0600","status":"TS","lat":17.3,"lon":-60.1,"wind_kt":45,"pressure_mb":null,"radius_34kt_nm":null},{"date":"19550914","time":"1200","status":"TS","lat":17.9,"lon":-60.6,"wind_kt":50,"pressure_mb":1001,"radius_34kt_nm":null},{"date":"19550914","time":"1800","status":"TS","lat":18.5,"lon":-61.4,"wind_kt":50,"pressure_mb":1000,"radius_34kt_nm":null},{"date":"19550915","time":"0000","status":"TS","lat":19.3,"lon":-62.3,"wind_kt":55,"pressure_mb":null,"radius_34kt_nm":null},{"date":"19550915","time":"0600","status":"HU","lat":20.6,"lon":-63.3,"wind_kt":65,"pressure_mb":null,"radius_34kt_nm":null},{"date":"19550915","time":"1200","status":"HU","lat":21.9,"lon":-64.4,"wind_kt":70,"pressure_mb":990,"radius_34kt_nm":null},{"date":"19550915","time":"1800","status":"HU","lat":22.8,"lon":-65.6,"wind_kt":70,"pressure_mb":null,"radius_34kt_nm":null},{"date":"19550916","time":"0000","status":"HU","lat":23.3,"lon":-67,"wind_kt":75,"pressure_mb":null,"radius_34kt_nm":null},{"date":"19550916","time":"0600","status":"HU","lat":23.7,"lon":-68.3,"wind_kt":75,"pressure_mb":null,"radius_34kt_nm":null},{"date":"19550916","time":"1200","status":"HU","lat":24.1,"lon":-69.3,"wind_kt":75,"pressure_mb":985,"radius_34kt_nm":null},{"date":"19550916","time":"1800","status":"HU","lat":24.6,"lon":-70.2,"wind_kt":80,"pressure_mb":null,"radius_34kt_nm":null},{"date":"19550917","time":"0000","status":"HU","lat":25.1,"lon":-71.1,"wind_kt":85,"pressure_mb":null,"radius_34kt_nm":null},{"date":"19550917","time":"0600","status":"HU","lat":25.7,"lon":-71.9,"wind_kt":90,"pressure_mb":971,"radius_34kt_nm":null},{"date":"19550917","time":"1200","status":"HU","lat":26.3,"lon":-72.5,"wind_kt":105,"pressure_mb":950,"radius_34kt_nm":null},{"date":"19550917","time":"1800","status":"HU","lat":27,"lon":-73.2,"wind_kt":120,"pressure_mb":938,"radius_34kt_nm":null},{"date":"19550918","time":"0000","status":"HU","lat":27.9,"lon":-74,"wind_kt":120,"pressure_mb":null,"radius_34kt_nm":null},{"date":"19550918","time":"0600","status":"HU","lat":28.8,"lon":-74.7,"wind_kt":115,"pressure_mb":null,"radius_34kt_nm":null},{"date":"19550918","time":"1200","status":"HU","lat":29.8,"lon":-75.3,"wind_kt":110,"pressure_mb":943,"radius_34kt_nm":null},{"date":"19550918","time":"1800","status":"HU","lat":31.2,"lon":-75.8,"wind_kt":105,"pressure_mb":null,"radius_34kt_nm":null},{"date":"19550919","time":"0000","status":"HU","lat":32.6,"lon":-76.1,"wind_kt":100,"pressure_mb":null,"radius_34kt_nm":null},{"date":"19550919","time":"0600","status":"HU","lat":33.8,"lon":-76.5,"wind_kt":95,"pressure_mb":null,"radius_34kt_nm":null},{"date":"19550919","time":"1100","status":"HU","lat":34.7,"lon":-76.7,"wind_kt":90,"pressure_mb":955,"radius_34kt_nm":null},{"date":"19550919","time":"1200","status":"HU","lat":34.8,"lon":-76.7,"wind_kt":90,"pressure_mb":955,"radius_34kt_nm":null},{"date":"19550919","time":"1800","status":"HU","lat":35.3,"lon":-76.7,"wind_kt":75,"pressure_mb":null,"radius_34kt_nm":null},{"date":"19550920","time":"0000","status":"HU","lat":36,"lon":-76.4,"wind_kt":65,"pressure_mb":null,"radius_34kt_nm":null},{"date":"19550920","time":"0600","status":"HU","lat":36.6,"lon":-75.7,"wind_kt":65,"pressure_mb":976,"radius_34kt_nm":null},{"date":"19550920","time":"1200","status":"HU","lat":37.1,"lon":-74.2,"wind_kt":70,"pressure_mb":null,"radius_34kt_nm":null},{"date":"19550920","time":"1800","status":"HU","lat":38,"lon":-72,"wind_kt":75,"pressure_mb":982,"radius_34kt_nm":null},{"date":"19550921","time":"0000","status":"HU","lat":39.3,"lon":-68.3,"wind_kt":80,"pressure_mb":976,"radius_34kt_nm":null},{"date":"19550921","time":"0600","status":"EX","lat":41.5,"lon":-64,"wind_kt":80,"pressure_mb":null,"radius_34kt_nm":null},{"date":"19550921","time":"1200","status":"EX","lat":45,"lon":-59.4,"wind_kt":75,"pressure_mb":null,"radius_34kt_nm":null},{"date":"19550921","time":"1800","status":"EX","lat":48.5,"lon":-55,"wind_kt":75,"pressure_mb":null,"radius_34kt_nm":null},{"date":"19550922","time":"0000","status":"EX","lat":50.3,"lon":-54.5,"wind_kt":70,"pressure_mb":null,"radius_34kt_nm":null},{"date":"19550922","time":"0600","status":"EX","lat":50.7,"lon":-54.5,"wind_kt":70,"pressure_mb":null,"radius_34kt_nm":null},{"date":"19550922","time":"1200","status":"EX","lat":51,"lon":-53.8,"wind_kt":65,"pressure_mb":null,"radius_34kt_nm":null},{"date":"19550922","time":"1800","status":"EX","lat":52.5,"lon":-51,"wind_kt":65,"pressure_mb":null,"radius_34kt_nm":null},{"date":"19550923","time":"0000","status":"EX","lat":53.4,"lon":-46.8,"wind_kt":60,"pressure_mb":null,"radius_34kt_nm":null},{"date":"19550923","time":"0600","status":"EX","lat":53.3,"lon":-43.7,"wind_kt":55,"pressure_mb":null,"radius_34kt_nm":null},{"date":"19550923","time":"1200","status":"EX","lat":53.1,"lon":-40.6,"wind_kt":50,"pressure_mb":null,"radius_34kt_nm":null},{"date":"19550923","time":"1800","status":"EX","lat":54.6,"lon":-35,"wind_kt":45,"pressure_mb":null,"radius_34kt_nm":null},{"date":"19550924","time":"0000","status":"EX","lat":57.2,"lon":-29.3,"wind_kt":45,"pressure_mb":null,"radius_34kt_nm":null},{"date":"19550924","time":"0600","status":"EX","lat":60,"lon":-22,"wind_kt":45,"pressure_mb":null,"radius_34kt_nm":null},{"date":"19550924","time":"1200","status":"EX","lat":62.5,"lon":-15.5,"wind_kt":45,"pressure_mb":null,"radius_34kt_nm":null},{"date":"19550924","time":"1800","status":"EX","lat":65,"lon":-14,"wind_kt":40,"pressure_mb":null,"radius_34kt_nm":null},{"date":"19550925","time":"0000","status":"EX","lat":67.5,"lon":-11.5,"wind_kt":40,"pressure_mb":null,"radius_34kt_nm":null},{"date":"19550925","time":"0600","status":"EX","lat":69,"lon":-9.5,"wind_kt":35,"pressure_mb":null,"radius_34kt_nm":null},{"date":"19550925","time":"1200","status":"EX","lat":70,"lon":-8,"wind_kt":35,"pressure_mb":null,"radius_34kt_nm":null},{"date":"19550925","time":"1800","status":"EX","lat":70.9,"lon":-7,"wind_kt":35,"pressure_mb":null,"radius_34kt_nm":null},{"date":"19550926","time":"0000","status":"EX","lat":71.6,"lon":-7,"wind_kt":35,"pressure_mb":null,"radius_34kt_nm":null},{"date":"19550926","time":"0600","status":"EX","lat":72.1,"lon":-9,"wind_kt":35,"pressure_mb":null,"radius_34kt_nm":null},{"date":"19550926","time":"1200","status":"EX","lat":72.5,"lon":-12,"wind_kt":35,"pressure_mb":null,"radius_34kt_nm":null},{"date":"19550926","time":"1800","status":"EX","lat":72.8,"lon":-14,"wind_kt":30,"pressure_mb":null,"radius_34kt_nm":null},{"date":"19550927","time":"0000","status":"EX","lat":73,"lon":-15,"wind_kt":30,"pressure_mb":null,"radius_34kt_nm":null}]}},{"type":"Feature","geometry":{"type":"LineString","coordinates":[[-66.1,19.2],[-67,19.5],[-68,19.8],[-68.5,20],[-69.1,20.1],[-70.2,20.3],[-71.3,20.5],[-72.5,20.4],[-73.6,20.2],[-74.2,20.2],[-74.8,20.1],[-76.2,20.1],[-77.7,20.1],[-79.2,19.9],[-80.6,19.5],[-81.2,19.3],[-82.1,19.2],[-83.4,19.1],[-84.4,19.1],[-85.4,19.2],[-86.4,19.4],[-87.4,19.6],[-87.7,19.7],[-88.4,19.9],[-89.3,20.2],[-90.2,20.5],[-91.1,20.8],[-92,21],[-92.8,21.1],[-93.5,21.3],[-94.2,21.5],[-94.9,21.8],[-95.9,22],[-97,22.1],[-97.9,22.3],[-98.1,22.3],[-98.8,22.2],[-99.1,22],[-99.5,21.8]]},"properties":{"id":"hur-al091955","event_type":"hurricane","name":"HILDA","year":1955,"max_wind_kt":105,"min_pressure_mb":952,"category":3,"preliminary":false,"start_date":"19550912","end_date":"19550920","track":[{"date":"19550912","time":"0000","status":"TS","lat":19.2,"lon":-66.1,"wind_kt":40,"pressure_mb":null,"radius_34kt_nm":null},{"date":"19550912","time":"0600","status":"TS","lat":19.5,"lon":-67,"wind_kt":45,"pressure_mb":null,"radius_34kt_nm":null},{"date":"19550912","time":"1200","status":"TS","lat":19.8,"lon":-68,"wind_kt":50,"pressure_mb":null,"radius_34kt_nm":null},{"date":"19550912","time":"1500","status":"TS","lat":20,"lon":-68.5,"wind_kt":55,"pressure_mb":996,"radius_34kt_nm":null},{"date":"19550912","time":"1800","status":"TS","lat":20.1,"lon":-69.1,"wind_kt":60,"pressure_mb":null,"radius_34kt_nm":null},{"date":"19550913","time":"0000","status":"HU","lat":20.3,"lon":-70.2,"wind_kt":70,"pressure_mb":null,"radius_34kt_nm":null},{"date":"19550913","time":"0600","status":"HU","lat":20.5,"lon":-71.3,"wind_kt":70,"pressure_mb":null,"radius_34kt_nm":null},{"date":"19550913","time":"1200","status":"HU","lat":20.4,"lon":-72.5,"wind_kt":70,"pressure_mb":null,"radius_34kt_nm":null},{"date":"19550913","time":"1800","status":"HU","lat":20.2,"lon":-73.6,"wind_kt":70,"pressure_mb":986,"radius_34kt_nm":null},{"date":"19550913","time":"2100","status":"HU","lat":20.2,"lon":-74.2,"wind_kt":70,"pressure_mb":986,"radius_34kt_nm":null},{"date":"19550914","time":"0000","status":"TS","lat":20.1,"lon":-74.8,"wind_kt":60,"pressure_mb":null,"radius_34kt_nm":null},{"date":"19550914","time":"0600","status":"TS","lat":20.1,"lon":-76.2,"wind_kt":55,"pressure_mb":null,"radius_34kt_nm":null},{"date":"19550914","time":"1200","status":"TS","lat":20.1,"lon":-77.7,"wind_kt":50,"pressure_mb":null,"radius_34kt_nm":null},{"date":"19550914","time":"1800","status":"TS","lat":19.9,"lon":-79.2,"wind_kt":50,"pressure_mb":null,"radius_34kt_nm":null},{"date":"19550915","time":"0000","status":"TS","lat":19.5,"lon":-80.6,"wind_kt":60,"pressure_mb":995,"radius_34kt_nm":null},{"date":"19550915","time":"0300","status":"HU","lat":19.3,"lon":-81.2,"wind_kt":65,"pressure_mb":995,"radius_34kt_nm":null},{"date":"19550915","time":"0600","status":"HU","lat":19.2,"lon":-82.1,"wind_kt":75,"pressure_mb":null,"radius_34kt_nm":null},{"date":"19550915","time":"1200","status":"HU","lat":19.1,"lon":-83.4,"wind_kt":90,"pressure_mb":980,"radius_34kt_nm":null},{"date":"19550915","time":"1800","status":"HU","lat":19.1,"lon":-84.4,"wind_kt":100,"pressure_mb":null,"radius_34kt_nm":null},{"date":"19550916","time":"0000","status":"HU","lat":19.2,"lon":-85.4,"wind_kt":105,"pressure_mb":963,"radius_34kt_nm":null},{"date":"19550916","time":"0600","status":"HU","lat":19.4,"lon":-86.4,"wind_kt":105,"pressure_mb":null,"radius_34kt_nm":null},{"date":"19550916","time":"1200","status":"HU","lat":19.6,"lon":-87.4,"wind_kt":105,"pressure_mb":null,"radius_34kt_nm":null},{"date":"19550916","time":"1400","status":"HU","lat":19.7,"lon":-87.7,"wind_kt":105,"pressure_mb":null,"radius_34kt_nm":null},{"date":"19550916","time":"1800","status":"HU","lat":19.9,"lon":-88.4,"wind_kt":80,"pressure_mb":null,"radius_34kt_nm":null},{"date":"19550917","time":"0000","status":"TS","lat":20.2,"lon":-89.3,"wind_kt":60,"pressure_mb":null,"radius_34kt_nm":null},{"date":"19550917","time":"0600","status":"TS","lat":20.5,"lon":-90.2,"wind_kt":55,"pressure_mb":null,"radius_34kt_nm":null},{"date":"19550917","time":"1200","status":"TS","lat":20.8,"lon":-91.1,"wind_kt":55,"pressure_mb":null,"radius_34kt_nm":null},{"date":"19550917","time":"1800","status":"HU","lat":21,"lon":-92,"wind_kt":65,"pressure_mb":985,"radius_34kt_nm":null},{"date":"19550918","time":"0000","status":"HU","lat":21.1,"lon":-92.8,"wind_kt":75,"pressure_mb":null,"radius_34kt_nm":null},{"date":"19550918","time":"0600","status":"HU","lat":21.3,"lon":-93.5,"wind_kt":80,"pressure_mb":null,"radius_34kt_nm":null},{"date":"19550918","time":"1200","status":"HU","lat":21.5,"lon":-94.2,"wind_kt":85,"pressure_mb":970,"radius_34kt_nm":null},{"date":"19550918","time":"1800","status":"HU","lat":21.8,"lon":-94.9,"wind_kt":90,"pressure_mb":null,"radius_34kt_nm":null},{"date":"19550919","time":"0000","status":"HU","lat":22,"lon":-95.9,"wind_kt":100,"pressure_mb":null,"radius_34kt_nm":null},{"date":"19550919","time":"0600","status":"HU","lat":22.1,"lon":-97,"wind_kt":105,"pressure_mb":null,"radius_34kt_nm":null},{"date":"19550919","time":"1100","status":"HU","lat":22.3,"lon":-97.9,"wind_kt":105,"pressure_mb":952,"radius_34kt_nm":null},{"date":"19550919","time":"1200","status":"HU","lat":22.3,"lon":-98.1,"wind_kt":105,"pressure_mb":952,"radius_34kt_nm":null},{"date":"19550919","time":"1800","status":"TS","lat":22.2,"lon":-98.8,"wind_kt":50,"pressure_mb":null,"radius_34kt_nm":null},{"date":"19550920","time":"0000","status":"TD","lat":22,"lon":-99.1,"wind_kt":30,"pressure_mb":null,"radius_34kt_nm":null},{"date":"19550920","time":"0600","status":"TD","lat":21.8,"lon":-99.5,"wind_kt":25,"pressure_mb":null,"radius_34kt_nm":null}]}},{"type":"Feature","geometry":{"type":"LineString","coordinates":[[-52.6,13.2],[-54.3,13.2],[-56,13.2],[-57.5,13.1],[-58.9,13],[-60.2,12.8],[-61.4,12.6],[-62.5,12.5],[-63.6,12.7],[-64.8,13],[-65.9,13.2],[-67,13.5],[-68.2,13.7],[-69.4,13.8],[-70.7,13.8],[-71.8,13.8],[-72.9,13.9],[-74.2,14.2],[-75.4,14.5],[-76.4,14.7],[-77.2,15],[-78,15.3],[-78.9,15.8],[-80.2,16.4],[-82.1,17],[-83,17.3],[-83.9,17.4],[-84.1,17.5],[-86.1,18],[-87.8,18.4],[-88.2,18.5],[-90.2,18.9],[-91.7,19.2],[-93.1,19.5],[-94.2,19.7],[-95.3,19.8],[-96.4,19.8],[-97.7,20],[-99.1,20.3],[-100.5,20.5]]},"properties":{"id":"hur-al101955","event_type":"hurricane","name":"JANET","year":1955,"max_wind_kt":150,"min_pressure_mb":914,"category":5,"preliminary":false,"start_date":"19550921","end_date":"19550930","track":[{"date":"19550921","time":"1200","status":"TS","lat":13.2,"lon":-52.6,"wind_kt":40,"pressure_mb":null,"radius_34kt_nm":null},{"date":"19550921","time":"1800","status":"TS","lat":13.2,"lon":-54.3,"wind_kt":50,"pressure_mb":null,"radius_34kt_nm":null},{"date":"19550922","time":"0000","status":"TS","lat":13.2,"lon":-56,"wind_kt":60,"pressure_mb":null,"radius_34kt_nm":null},{"date":"19550922","time":"0600","status":"HU","lat":13.1,"lon":-57.5,"wind_kt":70,"pressure_mb":null,"radius_34kt_nm":null},{"date":"19550922","time":"1200","status":"HU","lat":13,"lon":-58.9,"wind_kt":80,"pressure_mb":979,"radius_34kt_nm":null},{"date":"19550922","time":"1800","status":"HU","lat":12.8,"lon":-60.2,"wind_kt":90,"pressure_mb":null,"radius_34kt_nm":null},{"date":"19550923","time":"0000","status":"HU","lat":12.6,"lon":-61.4,"wind_kt":90,"pressure_mb":null,"radius_34kt_nm":null},{"date":"19550923","time":"0600","status":"HU","lat":12.5,"lon":-62.5,"wind_kt":80,"pressure_mb":null,"radius_34kt_nm":null},{"date":"19550923","time":"1200","status":"HU","lat":12.7,"lon":-63.6,"wind_kt":70,"pressure_mb":null,"radius_34kt_nm":null},{"date":"19550923","time":"1800","status":"TS","lat":13,"lon":-64.8,"wind_kt":60,"pressure_mb":996,"radius_34kt_nm":null},{"date":"19550924","time":"0000","status":"TS","lat":13.2,"lon":-65.9,"wind_kt":60,"pressure_mb":null,"radius_34kt_nm":null},{"date":"19550924","time":"0600","status":"TS","lat":13.5,"lon":-67,"wind_kt":55,"pressure_mb":null,"radius_34kt_nm":null},{"date":"19550924","time":"1200","status":"TS","lat":13.7,"lon":-68.2,"wind_kt":55,"pressure_mb":996,"radius_34kt_nm":null},{"date":"19550924","time":"1800","status":"TS","lat":13.8,"lon":-69.4,"wind_kt":60,"pressure_mb":995,"radius_34kt_nm":null},{"date":"19550925","time":"0000","status":"HU","lat":13.8,"lon":-70.7,"wind_kt":65,"pressure_mb":null,"radius_34kt_nm":null},{"date":"19550925","time":"0600","status":"HU","lat":13.8,"lon":-71.8,"wind_kt":65,"pressure_mb":null,"radius_34kt_nm":null},{"date":"19550925","time":"1200","status":"HU","lat":13.9,"lon":-72.9,"wind_kt":65,"pressure_mb":993,"radius_34kt_nm":null},{"date":"19550925","time":"1800","status":"HU","lat":14.2,"lon":-74.2,"wind_kt":70,"pressure_mb":988,"radius_34kt_nm":null},{"date":"19550926","time":"0000","status":"HU","lat":14.5,"lon":-75.4,"wind_kt":70,"pressure_mb":null,"radius_34kt_nm":null},{"date":"19550926","time":"0600","status":"HU","lat":14.7,"lon":-76.4,"wind_kt":80,"pressure_mb":null,"radius_34kt_nm":null},{"date":"19550926","time":"1200","status":"HU","lat":15,"lon":-77.2,"wind_kt":90,"pressure_mb":970,"radius_34kt_nm":null},{"date":"19550926","time":"1800","status":"HU","lat":15.3,"lon":-78,"wind_kt":100,"pressure_mb":null,"radius_34kt_nm":null},{"date":"19550927","time":"0000","status":"HU","lat":15.8,"lon":-78.9,"wind_kt":110,"pressure_mb":null,"radius_34kt_nm":null},{"date":"19550927","time":"0600","status":"HU","lat":16.4,"lon":-80.2,"wind_kt":120,"pressure_mb":null,"radius_34kt_nm":null},{"date":"19550927","time":"1200","status":"HU","lat":17,"lon":-82.1,"wind_kt":130,"pressure_mb":null,"radius_34kt_nm":null},{"date":"19550927","time":"1500","status":"HU","lat":17.3,"lon":-83,"wind_kt":135,"pressure_mb":938,"radius_34kt_nm":null},{"date":"19550927","time":"1700","status":"HU","lat":17.4,"lon":-83.9,"wind_kt":140,"pressure_mb":null,"radius_34kt_nm":null},{"date":"19550927","time":"1800","status":"HU","lat":17.5,"lon":-84.1,"wind_kt":140,"pressure_mb":null,"radius_34kt_nm":null},{"date":"19550928","time":"0000","status":"HU","lat":18,"lon":-86.1,"wind_kt":150,"pressure_mb":null,"radius_34kt_nm":null},{"date":"19550928","time":"0500","status":"HU","lat":18.4,"lon":-87.8,"wind_kt":150,"pressure_mb":914,"radius_34kt_nm":null},{"date":"19550928","time":"0600","status":"HU","lat":18.5,"lon":-88.2,"wind_kt":150,"pressure_mb":914,"radius_34kt_nm":null},{"date":"19550928","time":"1200","status":"HU","lat":18.9,"lon":-90.2,"wind_kt":105,"pressure_mb":950,"radius_34kt_nm":null},{"date":"19550928","time":"1800","status":"HU","lat":19.2,"lon":-91.7,"wind_kt":90,"pressure_mb":null,"radius_34kt_nm":null},{"date":"19550929","time":"0000","status":"HU","lat":19.5,"lon":-93.1,"wind_kt":90,"pressure_mb":null,"radius_34kt_nm":null},{"date":"19550929","time":"0600","status":"HU","lat":19.7,"lon":-94.2,"wind_kt":95,"pressure_mb":null,"radius_34kt_nm":null},{"date":"19550929","time":"1200","status":"HU","lat":19.8,"lon":-95.3,"wind_kt":95,"pressure_mb":null,"radius_34kt_nm":null},{"date":"19550929","time":"1800","status":"HU","lat":19.8,"lon":-96.4,"wind_kt":95,"pressure_mb":null,"radius_34kt_nm":null},{"date":"19550930","time":"0000","status":"TS","lat":20,"lon":-97.7,"wind_kt":60,"pressure_mb":null,"radius_34kt_nm":null},{"date":"19550930","time":"0600","status":"TS","lat":20.3,"lon":-99.1,"wind_kt":35,"pressure_mb":null,"radius_34kt_nm":null},{"date":"19550930","time":"1200","status":"TD","lat":20.5,"lon":-100.5,"wind_kt":25,"pressure_mb":null,"radius_34kt_nm":null}]}},{"type":"Feature","geometry":{"type":"LineString","coordinates":[[-45.5,20],[-47,20.6],[-48.5,21.1],[-50.3,21.6],[-51,22],[-51.6,22.8],[-52.2,24.1],[-52.6,25.6],[-53,27],[-53.2,28.3],[-53.4,29.6],[-53.5,30.8],[-53.5,32],[-53,33.1],[-51.5,34.2],[-49.5,35.4],[-47,37],[-45.5,40.5],[-41,44],[-37.5,47],[-34,50],[-30,53.5]]},"properties":{"id":"hur-al111955","event_type":"hurricane","name":null,"year":1955,"max_wind_kt":45,"min_pressure_mb":null,"category":0,"preliminary":false,"start_date":"19550923","end_date":"19550928","track":[{"date":"19550923","time":"1200","status":"TD","lat":20,"lon":-45.5,"wind_kt":30,"pressure_mb":null,"radius_34kt_nm":null},{"date":"19550923","time":"1800","status":"TD","lat":20.6,"lon":-47,"wind_kt":30,"pressure_mb":null,"radius_34kt_nm":null},{"date":"19550924","time":"0000","status":"TD","lat":21.1,"lon":-48.5,"wind_kt":30,"pressure_mb":null,"radius_34kt_nm":null},{"date":"19550924","time":"0600","status":"TD","lat":21.6,"lon":-50.3,"wind_kt":30,"pressure_mb":null,"radius_34kt_nm":null},{"date":"19550924","time":"1200","status":"TD","lat":22,"lon":-51,"wind_kt":30,"pressure_mb":null,"radius_34kt_nm":null},{"date":"19550924","time":"1800","status":"TD","lat":22.8,"lon":-51.6,"wind_kt":30,"pressure_mb":null,"radius_34kt_nm":null},{"date":"19550925","time":"0000","status":"TD","lat":24.1,"lon":-52.2,"wind_kt":30,"pressure_mb":null,"radius_34kt_nm":null},{"date":"19550925","time":"0600","status":"TD","lat":25.6,"lon":-52.6,"wind_kt":30,"pressure_mb":null,"radius_34kt_nm":null},{"date":"19550925","time":"1200","status":"TD","lat":27,"lon":-53,"wind_kt":30,"pressure_mb":null,"radius_34kt_nm":null},{"date":"19550925","time":"1800","status":"TD","lat":28.3,"lon":-53.2,"wind_kt":30,"pressure_mb":null,"radius_34kt_nm":null},{"date":"19550926","time":"0000","status":"TD","lat":29.6,"lon":-53.4,"wind_kt":30,"pressure_mb":null,"radius_34kt_nm":null},{"date":"19550926","time":"0600","status":"TD","lat":30.8,"lon":-53.5,"wind_kt":30,"pressure_mb":null,"radius_34kt_nm":null},{"date":"19550926","time":"1200","status":"TS","lat":32,"lon":-53.5,"wind_kt":35,"pressure_mb":null,"radius_34kt_nm":null},{"date":"19550926","time":"1800","status":"TS","lat":33.1,"lon":-53,"wind_kt":40,"pressure_mb":null,"radius_34kt_nm":null},{"date":"19550927","time":"0000","status":"TS","lat":34.2,"lon":-51.5,"wind_kt":40,"pressure_mb":null,"radius_34kt_nm":null},{"date":"19550927","time":"0600","status":"TS","lat":35.4,"lon":-49.5,"wind_kt":40,"pressure_mb":null,"radius_34kt_nm":null},{"date":"19550927","time":"1200","status":"EX","lat":37,"lon":-47,"wind_kt":40,"pressure_mb":null,"radius_34kt_nm":null},{"date":"19550927","time":"1800","status":"EX","lat":40.5,"lon":-45.5,"wind_kt":45,"pressure_mb":null,"radius_34kt_nm":null},{"date":"19550928","time":"0000","status":"EX","lat":44,"lon":-41,"wind_kt":45,"pressure_mb":null,"radius_34kt_nm":null},{"date":"19550928","time":"0600","status":"EX","lat":47,"lon":-37.5,"wind_kt":45,"pressure_mb":null,"radius_34kt_nm":null},{"date":"19550928","time":"1200","status":"EX","lat":50,"lon":-34,"wind_kt":40,"pressure_mb":null,"radius_34kt_nm":null},{"date":"19550928","time":"1800","status":"EX","lat":53.5,"lon":-30,"wind_kt":35,"pressure_mb":null,"radius_34kt_nm":null}]}},{"type":"Feature","geometry":{"type":"LineString","coordinates":[[-42.2,28.8],[-42.6,28.8],[-43,28.8],[-43.4,28.8],[-43.8,28.8],[-44.2,28.8],[-44.4,29],[-44.4,29.4],[-44.2,29.7],[-43.8,30],[-43.1,30.3],[-42,30.6],[-41,31.1],[-40,31.9],[-39,32.9],[-38,35],[-37,37.2],[-36,40]]},"properties":{"id":"hur-al121955","event_type":"hurricane","name":null,"year":1955,"max_wind_kt":55,"min_pressure_mb":null,"category":0,"preliminary":false,"start_date":"19551010","end_date":"19551014","track":[{"date":"19551010","time":"0600","status":"TS","lat":28.8,"lon":-42.2,"wind_kt":40,"pressure_mb":null,"radius_34kt_nm":null},{"date":"19551010","time":"1200","status":"TS","lat":28.8,"lon":-42.6,"wind_kt":45,"pressure_mb":null,"radius_34kt_nm":null},{"date":"19551010","time":"1800","status":"TS","lat":28.8,"lon":-43,"wind_kt":50,"pressure_mb":null,"radius_34kt_nm":null},{"date":"19551011","time":"0000","status":"TS","lat":28.8,"lon":-43.4,"wind_kt":50,"pressure_mb":null,"radius_34kt_nm":null},{"date":"19551011","time":"0600","status":"TS","lat":28.8,"lon":-43.8,"wind_kt":55,"pressure_mb":null,"radius_34kt_nm":null},{"date":"19551011","time":"1200","status":"TS","lat":28.8,"lon":-44.2,"wind_kt":55,"pressure_mb":null,"radius_34kt_nm":null},{"date":"19551011","time":"1800","status":"TS","lat":29,"lon":-44.4,"wind_kt":50,"pressure_mb":null,"radius_34kt_nm":null},{"date":"19551012","time":"0000","status":"TS","lat":29.4,"lon":-44.4,"wind_kt":50,"pressure_mb":null,"radius_34kt_nm":null},{"date":"19551012","time":"0600","status":"TS","lat":29.7,"lon":-44.2,"wind_kt":50,"pressure_mb":null,"radius_34kt_nm":null},{"date":"19551012","time":"1200","status":"TS","lat":30,"lon":-43.8,"wind_kt":50,"pressure_mb":null,"radius_34kt_nm":null},{"date":"19551012","time":"1800","status":"TS","lat":30.3,"lon":-43.1,"wind_kt":50,"pressure_mb":null,"radius_34kt_nm":null},{"date":"19551013","time":"0000","status":"TS","lat":30.6,"lon":-42,"wind_kt":50,"pressure_mb":null,"radius_34kt_nm":null},{"date":"19551013","time":"0600","status":"TS","lat":31.1,"lon":-41,"wind_kt":50,"pressure_mb":null,"radius_34kt_nm":null},{"date":"19551013","time":"1200","status":"TS","lat":31.9,"lon":-40,"wind_kt":50,"pressure_mb":null,"radius_34kt_nm":null},{"date":"19551013","time":"1800","status":"TS","lat":32.9,"lon":-39,"wind_kt":50,"pressure_mb":null,"radius_34kt_nm":null},{"date":"19551014","time":"0000","status":"TS","lat":35,"lon":-38,"wind_kt":50,"pressure_mb":null,"radius_34kt_nm":null},{"date":"19551014","time":"0600","status":"TS","lat":37.2,"lon":-37,"wind_kt":50,"pressure_mb":null,"radius_34kt_nm":null},{"date":"19551014","time":"1200","status":"TS","lat":40,"lon":-36,"wind_kt":50,"pressure_mb":null,"radius_34kt_nm":null}]}},{"type":"Feature","geometry":{"type":"LineString","coordinates":[[-79.3,12.5],[-78.7,12.7],[-78,12.9],[-77.2,13.2],[-76.4,13.7],[-75.3,14.3],[-74.5,14.8],[-73.7,15.4],[-72.9,16.2],[-72.3,17.1],[-71.7,18],[-71.7,18.1],[-71.1,19.3],[-70.6,20.5],[-70,21.9],[-69.2,23.3],[-68.3,24.7],[-67.1,26.9],[-65.4,29.5],[-63.3,32]]},"properties":{"id":"hur-al131955","event_type":"hurricane","name":"KATIE","year":1955,"max_wind_kt":95,"min_pressure_mb":984,"category":2,"preliminary":false,"start_date":"19551014","end_date":"19551019","track":[{"date":"19551014","time":"1800","status":"TD","lat":12.5,"lon":-79.3,"wind_kt":25,"pressure_mb":null,"radius_34kt_nm":null},{"date":"19551015","time":"0000","status":"TD","lat":12.7,"lon":-78.7,"wind_kt":30,"pressure_mb":null,"radius_34kt_nm":null},{"date":"19551015","time":"0600","status":"TS","lat":12.9,"lon":-78,"wind_kt":35,"pressure_mb":null,"radius_34kt_nm":null},{"date":"19551015","time":"1200","status":"TS","lat":13.2,"lon":-77.2,"wind_kt":40,"pressure_mb":null,"radius_34kt_nm":null},{"date":"19551015","time":"1800","status":"TS","lat":13.7,"lon":-76.4,"wind_kt":45,"pressure_mb":null,"radius_34kt_nm":null},{"date":"19551016","time":"0000","status":"TS","lat":14.3,"lon":-75.3,"wind_kt":50,"pressure_mb":null,"radius_34kt_nm":null},{"date":"19551016","time":"0600","status":"TS","lat":14.8,"lon":-74.5,"wind_kt":55,"pressure_mb":null,"radius_34kt_nm":null},{"date":"19551016","time":"1200","status":"HU","lat":15.4,"lon":-73.7,"wind_kt":65,"pressure_mb":null,"radius_34kt_nm":null},{"date":"19551016","time":"1800","status":"HU","lat":16.2,"lon":-72.9,"wind_kt":75,"pressure_mb":984,"radius_34kt_nm":null},{"date":"19551017","time":"0000","status":"HU","lat":17.1,"lon":-72.3,"wind_kt":85,"pressure_mb":null,"radius_34kt_nm":null},{"date":"19551017","time":"0500","status":"HU","lat":18,"lon":-71.7,"wind_kt":95,"pressure_mb":null,"radius_34kt_nm":null},{"date":"19551017","time":"0600","status":"HU","lat":18.1,"lon":-71.7,"wind_kt":95,"pressure_mb":null,"radius_34kt_nm":null},{"date":"19551017","time":"1200","status":"TS","lat":19.3,"lon":-71.1,"wind_kt":50,"pressure_mb":null,"radius_34kt_nm":null},{"date":"19551017","time":"1800","status":"TS","lat":20.5,"lon":-70.6,"wind_kt":50,"pressure_mb":1000,"radius_34kt_nm":null},{"date":"19551018","time":"0000","status":"TS","lat":21.9,"lon":-70,"wind_kt":50,"pressure_mb":null,"radius_34kt_nm":null},{"date":"19551018","time":"0600","status":"TS","lat":23.3,"lon":-69.2,"wind_kt":50,"pressure_mb":null,"radius_34kt_nm":null},{"date":"19551018","time":"1200","status":"TS","lat":24.7,"lon":-68.3,"wind_kt":50,"pressure_mb":null,"radius_34kt_nm":null},{"date":"19551018","time":"1800","status":"TS","lat":26.9,"lon":-67.1,"wind_kt":50,"pressure_mb":999,"radius_34kt_nm":null},{"date":"19551019","time":"0000","status":"TS","lat":29.5,"lon":-65.4,"wind_kt":45,"pressure_mb":null,"radius_34kt_nm":null},{"date":"19551019","time":"0600","status":"TS","lat":32,"lon":-63.3,"wind_kt":40,"pressure_mb":null,"radius_34kt_nm":null}]}},{"type":"Feature","geometry":{"type":"LineString","coordinates":[[-91.5,20],[-91.5,20.3],[-91.5,20.8],[-91.5,21.6],[-91.5,23],[-91.3,25.1],[-90.9,27.5],[-90.7,29.1],[-90.6,29.4],[-90.6,31],[-91,32.4],[-91.7,33.8],[-92.8,34.5],[-93.3,34.9],[-93.8,35.2]]},"properties":{"id":"hur-al011956","event_type":"hurricane","name":null,"year":1956,"max_wind_kt":50,"min_pressure_mb":1001,"category":0,"preliminary":false,"start_date":"19560612","end_date":"19560615","track":[{"date":"19560612","time":"0000","status":"TD","lat":20,"lon":-91.5,"wind_kt":25,"pressure_mb":null,"radius_34kt_nm":null},{"date":"19560612","time":"0600","status":"TD","lat":20.3,"lon":-91.5,"wind_kt":25,"pressure_mb":null,"radius_34kt_nm":null},{"date":"19560612","time":"1200","status":"TD","lat":20.8,"lon":-91.5,"wind_kt":30,"pressure_mb":null,"radius_34kt_nm":null},{"date":"19560612","time":"1800","status":"TS","lat":21.6,"lon":-91.5,"wind_kt":35,"pressure_mb":null,"radius_34kt_nm":null},{"date":"19560613","time":"0000","status":"TS","lat":23,"lon":-91.5,"wind_kt":40,"pressure_mb":null,"radius_34kt_nm":null},{"date":"19560613","time":"0600","status":"TS","lat":25.1,"lon":-91.3,"wind_kt":45,"pressure_mb":null,"radius_34kt_nm":null},{"date":"19560613","time":"1200","status":"TS","lat":27.5,"lon":-90.9,"wind_kt":50,"pressure_mb":1004,"radius_34kt_nm":null},{"date":"19560613","time":"1700","status":"TS","lat":29.1,"lon":-90.7,"wind_kt":50,"pressure_mb":null,"radius_34kt_nm":null},{"date":"19560613","time":"1800","status":"TS","lat":29.4,"lon":-90.6,"wind_kt":50,"pressure_mb":null,"radius_34kt_nm":null},{"date":"19560614","time":"0000","status":"TS","lat":31,"lon":-90.6,"wind_kt":35,"pressure_mb":1001,"radius_34kt_nm":null},{"date":"19560614","time":"0600","status":"TD","lat":32.4,"lon":-91,"wind_kt":30,"pressure_mb":null,"radius_34kt_nm":null},{"date":"19560614","time":"1200","status":"TD","lat":33.8,"lon":-91.7,"wind_kt":25,"pressure_mb":1006,"radius_34kt_nm":null},{"date":"19560614","time":"1800","status":"TD","lat":34.5,"lon":-92.8,"wind_kt":25,"pressure_mb":null,"radius_34kt_nm":null},{"date":"19560615","time":"0000","status":"TD","lat":34.9,"lon":-93.3,"wind_kt":25,"pressure_mb":null,"radius_34kt_nm":null},{"date":"19560615","time":"0600","status":"TD","lat":35.2,"lon":-93.8,"wind_kt":20,"pressure_mb":null,"radius_34kt_nm":null}]}},{"type":"Feature","geometry":{"type":"LineString","coordinates":[[-92.5,20.8],[-93.3,21],[-94.4,21.2],[-95.6,21.4],[-96.9,21.6],[-97.5,21.7],[-98.1,21.8],[-98.9,22],[-99.5,22.1]]},"properties":{"id":"hur-al021956","event_type":"hurricane","name":"ANNA","year":1956,"max_wind_kt":75,"min_pressure_mb":991,"category":1,"preliminary":false,"start_date":"19560725","end_date":"19560727","track":[{"date":"19560725","time":"1800","status":"TD","lat":20.8,"lon":-92.5,"wind_kt":30,"pressure_mb":null,"radius_34kt_nm":null},{"date":"19560726","time":"0000","status":"TS","lat":21,"lon":-93.3,"wind_kt":35,"pressure_mb":1006,"radius_34kt_nm":null},{"date":"19560726","time":"0600","status":"TS","lat":21.2,"lon":-94.4,"wind_kt":50,"pressure_mb":null,"radius_34kt_nm":null},{"date":"19560726","time":"1200","status":"HU","lat":21.4,"lon":-95.6,"wind_kt":65,"pressure_mb":991,"radius_34kt_nm":null},{"date":"19560726","time":"1800","status":"HU","lat":21.6,"lon":-96.9,"wind_kt":75,"pressure_mb":null,"radius_34kt_nm":null},{"date":"19560726","time":"2100","status":"HU","lat":21.7,"lon":-97.5,"wind_kt":75,"pressure_mb":null,"radius_34kt_nm":null},{"date":"19560727","time":"0000","status":"TS","lat":21.8,"lon":-98.1,"wind_kt":60,"pressure_mb":null,"radius_34kt_nm":null},{"date":"19560727","time":"0600","status":"TS","lat":22,"lon":-98.9,"wind_kt":35,"pressure_mb":null,"radius_34kt_nm":null},{"date":"19560727","time":"1200","status":"TD","lat":22.1,"lon":-99.5,"wind_kt":25,"pressure_mb":null,"radius_34kt_nm":null}]}},{"type":"Feature","geometry":{"type":"LineString","coordinates":[[-47.2,13.5],[-48.8,13.7],[-50.2,13.9],[-51.6,14],[-53,14.1],[-54.5,14.3],[-56,14.7],[-57.6,15],[-59.1,15.2],[-60.4,15.5],[-61.8,16],[-63.2,16.5],[-64.5,17.1],[-65.9,17.9],[-67.3,18.8],[-68.7,19.8],[-70,20.9],[-71.4,22],[-72.7,23],[-73.9,24],[-75,24.9],[-76,25.7],[-76.7,26.5],[-76.9,27.2],[-77,27.8],[-76.7,28.3],[-76.2,28.8],[-75.7,29.3],[-75.2,29.9],[-74.3,30.8],[-73.4,32.2],[-72.4,33.7],[-71.2,35.1],[-69.8,36.6],[-68.4,38],[-66.7,39.5],[-64.7,40.8],[-62.1,41.7],[-58.6,42.4],[-55,42.8],[-51.7,43.1],[-48.6,43.2],[-45.1,43.1],[-41.6,42.9],[-38.5,42.5],[-36.5,42.1],[-34,42],[-32,42],[-31,42],[-30,42]]},"properties":{"id":"hur-al031956","event_type":"hurricane","name":"BETSY","year":1956,"max_wind_kt":105,"min_pressure_mb":954,"category":3,"preliminary":false,"start_date":"19560809","end_date":"19560821","track":[{"date":"19560809","time":"0600","status":"TS","lat":13.5,"lon":-47.2,"wind_kt":50,"pressure_mb":null,"radius_34kt_nm":null},{"date":"19560809","time":"1200","status":"TS","lat":13.7,"lon":-48.8,"wind_kt":55,"pressure_mb":null,"radius_34kt_nm":null},{"date":"19560809","time":"1800","status":"TS","lat":13.9,"lon":-50.2,"wind_kt":60,"pressure_mb":null,"radius_34kt_nm":null},{"date":"19560810","time":"0000","status":"HU","lat":14,"lon":-51.6,"wind_kt":65,"pressure_mb":null,"radius_34kt_nm":null},{"date":"19560810","time":"0600","status":"HU","lat":14.1,"lon":-53,"wind_kt":70,"pressure_mb":null,"radius_34kt_nm":null},{"date":"19560810","time":"1200","status":"HU","lat":14.3,"lon":-54.5,"wind_kt":80,"pressure_mb":null,"radius_34kt_nm":null},{"date":"19560810","time":"1800","status":"HU","lat":14.7,"lon":-56,"wind_kt":90,"pressure_mb":979,"radius_34kt_nm":null},{"date":"19560811","time":"0000","status":"HU","lat":15,"lon":-57.6,"wind_kt":90,"pressure_mb":null,"radius_34kt_nm":null},{"date":"19560811","time":"0600","status":"HU","lat":15.2,"lon":-59.1,"wind_kt":90,"pressure_mb":null,"radius_34kt_nm":null},{"date":"19560811","time":"1200","status":"HU","lat":15.5,"lon":-60.4,"wind_kt":90,"pressure_mb":null,"radius_34kt_nm":null},{"date":"19560811","time":"1800","status":"HU","lat":16,"lon":-61.8,"wind_kt":90,"pressure_mb":979,"radius_34kt_nm":null},{"date":"19560812","time":"0000","status":"HU","lat":16.5,"lon":-63.2,"wind_kt":85,"pressure_mb":null,"radius_34kt_nm":null},{"date":"19560812","time":"0600","status":"HU","lat":17.1,"lon":-64.5,"wind_kt":85,"pressure_mb":null,"radius_34kt_nm":null},{"date":"19560812","time":"1200","status":"HU","lat":17.9,"lon":-65.9,"wind_kt":85,"pressure_mb":981,"radius_34kt_nm":null},{"date":"19560812","time":"1800","status":"HU","lat":18.8,"lon":-67.3,"wind_kt":80,"pressure_mb":null,"radius_34kt_nm":null},{"date":"19560813","time":"0000","status":"HU","lat":19.8,"lon":-68.7,"wind_kt":85,"pressure_mb":null,"radius_34kt_nm":null},{"date":"19560813","time":"0600","status":"HU","lat":20.9,"lon":-70,"wind_kt":95,"pressure_mb":null,"radius_34kt_nm":null},{"date":"19560813","time":"1200","status":"HU","lat":22,"lon":-71.4,"wind_kt":100,"pressure_mb":972,"radius_34kt_nm":null},{"date":"19560813","time":"1800","status":"HU","lat":23,"lon":-72.7,"wind_kt":100,"pressure_mb":null,"radius_34kt_nm":null},{"date":"19560814","time":"0000","status":"HU","lat":24,"lon":-73.9,"wind_kt":100,"pressure_mb":null,"radius_34kt_nm":null},{"date":"19560814","time":"0600","status":"HU","lat":24.9,"lon":-75,"wind_kt":105,"pressure_mb":null,"radius_34kt_nm":null},{"date":"19560814","time":"1200","status":"HU","lat":25.7,"lon":-76,"wind_kt":105,"pressure_mb":960,"radius_34kt_nm":null},{"date":"19560814","time":"1800","status":"HU","lat":26.5,"lon":-76.7,"wind_kt":100,"pressure_mb":null,"radius_34kt_nm":null},{"date":"19560815","time":"0000","status":"HU","lat":27.2,"lon":-76.9,"wind_kt":90,"pressure_mb":968,"radius_34kt_nm":null},{"date":"19560815","time":"0600","status":"HU","lat":27.8,"lon":-77,"wind_kt":90,"pressure_mb":null,"radius_34kt_nm":null},{"date":"19560815","time":"1200","status":"HU","lat":28.3,"lon":-76.7,"wind_kt":95,"pressure_mb":963,"radius_34kt_nm":null},{"date":"19560815","time":"1800","status":"HU","lat":28.8,"lon":-76.2,"wind_kt":95,"pressure_mb":null,"radius_34kt_nm":null},{"date":"19560816","time":"0000","status":"HU","lat":29.3,"lon":-75.7,"wind_kt":90,"pressure_mb":null,"radius_34kt_nm":null},{"date":"19560816","time":"0600","status":"HU","lat":29.9,"lon":-75.2,"wind_kt":80,"pressure_mb":973,"radius_34kt_nm":null},{"date":"19560816","time":"1200","status":"HU","lat":30.8,"lon":-74.3,"wind_kt":85,"pressure_mb":null,"radius_34kt_nm":null},{"date":"19560816","time":"1800","status":"HU","lat":32.2,"lon":-73.4,"wind_kt":95,"pressure_mb":null,"radius_34kt_nm":null},{"date":"19560817","time":"0000","status":"HU","lat":33.7,"lon":-72.4,"wind_kt":100,"pressure_mb":954,"radius_34kt_nm":null},{"date":"19560817","time":"0600","status":"HU","lat":35.1,"lon":-71.2,"wind_kt":95,"pressure_mb":null,"radius_34kt_nm":null},{"date":"19560817","time":"1200","status":"HU","lat":36.6,"lon":-69.8,"wind_kt":85,"pressure_mb":null,"radius_34kt_nm":null},{"date":"19560817","time":"1800","status":"HU","lat":38,"lon":-68.4,"wind_kt":75,"pressure_mb":null,"radius_34kt_nm":null},{"date":"19560818","time":"0000","status":"HU","lat":39.5,"lon":-66.7,"wind_kt":70,"pressure_mb":null,"radius_34kt_nm":null},{"date":"19560818","time":"0600","status":"HU","lat":40.8,"lon":-64.7,"wind_kt":65,"pressure_mb":null,"radius_34kt_nm":null},{"date":"19560818","time":"1200","status":"TS","lat":41.7,"lon":-62.1,"wind_kt":60,"pressure_mb":null,"radius_34kt_nm":null},{"date":"19560818","time":"1800","status":"TS","lat":42.4,"lon":-58.6,"wind_kt":55,"pressure_mb":null,"radius_34kt_nm":null},{"date":"19560819","time":"0000","status":"EX","lat":42.8,"lon":-55,"wind_kt":55,"pressure_mb":null,"radius_34kt_nm":null},{"date":"19560819","time":"0600","status":"EX","lat":43.1,"lon":-51.7,"wind_kt":55,"pressure_mb":null,"radius_34kt_nm":null},{"date":"19560819","time":"1200","status":"EX","lat":43.2,"lon":-48.6,"wind_kt":55,"pressure_mb":null,"radius_34kt_nm":null},{"date":"19560819","time":"1800","status":"EX","lat":43.1,"lon":-45.1,"wind_kt":50,"pressure_mb":null,"radius_34kt_nm":null},{"date":"19560820","time":"0000","status":"EX","lat":42.9,"lon":-41.6,"wind_kt":45,"pressure_mb":null,"radius_34kt_nm":null},{"date":"19560820","time":"0600","status":"EX","lat":42.5,"lon":-38.5,"wind_kt":40,"pressure_mb":null,"radius_34kt_nm":null},{"date":"19560820","time":"1200","status":"EX","lat":42.1,"lon":-36.5,"wind_kt":35,"pressure_mb":null,"radius_34kt_nm":null},{"date":"19560820","time":"1800","status":"EX","lat":42,"lon":-34,"wind_kt":30,"pressure_mb":null,"radius_34kt_nm":null},{"date":"19560821","time":"0000","status":"EX","lat":42,"lon":-32,"wind_kt":25,"pressure_mb":null,"radius_34kt_nm":null},{"date":"19560821","time":"0600","status":"EX","lat":42,"lon":-31,"wind_kt":25,"pressure_mb":null,"radius_34kt_nm":null},{"date":"19560821","time":"1200","status":"EX","lat":42,"lon":-30,"wind_kt":25,"pressure_mb":null,"radius_34kt_nm":null}]}},{"type":"Feature","geometry":{"type":"LineString","coordinates":[[-75,24.8],[-75,25.3],[-74.8,26],[-74.4,27],[-74,27.9],[-73.6,28.7],[-73.3,29.3],[-73,30],[-72.5,30.7],[-72,31.4],[-70.8,32],[-69.2,32.5],[-67,33.2],[-64.2,34.3],[-61.2,35.6],[-58.7,37.7],[-56.1,39.7],[-53,41.8],[-50,45.5],[-45,50],[-41,53],[-38,53.5],[-34,54.5],[-30,56.1],[-26.5,57.8],[-23,59],[-19,59.5],[-14.5,60.5],[-9.5,62],[-4,64],[1.5,66],[7,67.5],[10,68.5],[13,69.3],[14.7,70.2],[15.7,71],[16,72],[16,73]]},"properties":{"id":"hur-al041956","event_type":"hurricane","name":"CARLA","year":1956,"max_wind_kt":60,"min_pressure_mb":1000,"category":0,"preliminary":false,"start_date":"19560907","end_date":"19560916","track":[{"date":"19560907","time":"0000","status":"TD","lat":24.8,"lon":-75,"wind_kt":30,"pressure_mb":null,"radius_34kt_nm":null},{"date":"19560907","time":"0600","status":"TD","lat":25.3,"lon":-75,"wind_kt":30,"pressure_mb":null,"radius_34kt_nm":null},{"date":"19560907","time":"1200","status":"TD","lat":26,"lon":-74.8,"wind_kt":30,"pressure_mb":null,"radius_34kt_nm":null},{"date":"19560907","time":"1800","status":"TD","lat":27,"lon":-74.4,"wind_kt":30,"pressure_mb":null,"radius_34kt_nm":null},{"date":"19560908","time":"0000","status":"TD","lat":27.9,"lon":-74,"wind_kt":30,"pressure_mb":null,"radius_34kt_nm":null},{"date":"19560908","time":"0600","status":"TD","lat":28.7,"lon":-73.6,"wind_kt":30,"pressure_mb":null,"radius_34kt_nm":null},{"date":"19560908","time":"1200","status":"TS","lat":29.3,"lon":-73.3,"wind_kt":35,"pressure_mb":null,"radius_34kt_nm":null},{"date":"19560908","time":"1800","status":"TS","lat":30,"lon":-73,"wind_kt":35,"pressure_mb":null,"radius_34kt_nm":null},{"date":"19560909","time":"0000","status":"TS","lat":30.7,"lon":-72.5,"wind_kt":35,"pressure_mb":1003,"radius_34kt_nm":null},{"date":"19560909","time":"0600","status":"TS","lat":31.4,"lon":-72,"wind_kt":35,"pressure_mb":1002,"radius_34kt_nm":null},{"date":"19560909","time":"1200","status":"TS","lat":32,"lon":-70.8,"wind_kt":40,"pressure_mb":1000,"radius_34kt_nm":null},{"date":"19560909","time":"1800","status":"TS","lat":32.5,"lon":-69.2,"wind_kt":50,"pressure_mb":null,"radius_34kt_nm":null},{"date":"19560910","time":"0000","status":"TS","lat":33.2,"lon":-67,"wind_kt":50,"pressure_mb":null,"radius_34kt_nm":null},{"date":"19560910","time":"0600","status":"EX","lat":34.3,"lon":-64.2,"wind_kt":55,"pressure_mb":null,"radius_34kt_nm":null},{"date":"19560910","time":"1200","status":"EX","lat":35.6,"lon":-61.2,"wind_kt":60,"pressure_mb":null,"radius_34kt_nm":null},{"date":"19560910","time":"1800","status":"EX","lat":37.7,"lon":-58.7,"wind_kt":60,"pressure_mb":null,"radius_34kt_nm":null},{"date":"19560911","time":"0000","status":"EX","lat":39.7,"lon":-56.1,"wind_kt":60,"pressure_mb":null,"radius_34kt_nm":null},{"date":"19560911","time":"0600","status":"EX","lat":41.8,"lon":-53,"wind_kt":60,"pressure_mb":null,"radius_34kt_nm":null},{"date":"19560911","time":"1200","status":"EX","lat":45.5,"lon":-50,"wind_kt":55,"pressure_mb":null,"radius_34kt_nm":null},{"date":"19560911","time":"1800","status":"EX","lat":50,"lon":-45,"wind_kt":50,"pressure_mb":null,"radius_34kt_nm":null},{"date":"19560912","time":"0000","status":"EX","lat":53,"lon":-41,"wind_kt":50,"pressure_mb":null,"radius_34kt_nm":null},{"date":"19560912","time":"0600","status":"EX","lat":53.5,"lon":-38,"wind_kt":50,"pressure_mb":null,"radius_34kt_nm":null},{"date":"19560912","time":"1200","status":"EX","lat":54.5,"lon":-34,"wind_kt":50,"pressure_mb":null,"radius_34kt_nm":null},{"date":"19560912","time":"1800","status":"EX","lat":56.1,"lon":-30,"wind_kt":50,"pressure_mb":null,"radius_34kt_nm":null},{"date":"19560913","time":"0000","status":"EX","lat":57.8,"lon":-26.5,"wind_kt":55,"pressure_mb":null,"radius_34kt_nm":null},{"date":"19560913","time":"0600","status":"EX","lat":59,"lon":-23,"wind_kt":60,"pressure_mb":null,"radius_34kt_nm":null},{"date":"19560913","time":"1200","status":"EX","lat":59.5,"lon":-19,"wind_kt":60,"pressure_mb":null,"radius_34kt_nm":null},{"date":"19560913","time":"1800","status":"EX","lat":60.5,"lon":-14.5,"wind_kt":60,"pressure_mb":null,"radius_34kt_nm":null},{"date":"19560914","time":"0000","status":"EX","lat":62,"lon":-9.5,"wind_kt":55,"pressure_mb":null,"radius_34kt_nm":null},{"date":"19560914","time":"0600","status":"EX","lat":64,"lon":-4,"wind_kt":55,"pressure_mb":null,"radius_34kt_nm":null},{"date":"19560914","time":"1200","status":"EX","lat":66,"lon":1.5,"wind_kt":55,"pressure_mb":null,"radius_34kt_nm":null},{"date":"19560914","time":"1800","status":"EX","lat":67.5,"lon":7,"wind_kt":50,"pressure_mb":null,"radius_34kt_nm":null},{"date":"19560915","time":"0000","status":"EX","lat":68.5,"lon":10,"wind_kt":50,"pressure_mb":null,"radius_34kt_nm":null},{"date":"19560915","time":"0600","status":"EX","lat":69.3,"lon":13,"wind_kt":50,"pressure_mb":null,"radius_34kt_nm":null},{"date":"19560915","time":"1200","status":"EX","lat":70.2,"lon":14.7,"wind_kt":50,"pressure_mb":null,"radius_34kt_nm":null},{"date":"19560915","time":"1800","status":"EX","lat":71,"lon":15.7,"wind_kt":45,"pressure_mb":null,"radius_34kt_nm":null},{"date":"19560916","time":"0000","status":"EX","lat":72,"lon":16,"wind_kt":40,"pressure_mb":null,"radius_34kt_nm":null},{"date":"19560916","time":"0600","status":"EX","lat":73,"lon":16,"wind_kt":35,"pressure_mb":null,"radius_34kt_nm":null}]}},{"type":"Feature","geometry":{"type":"LineString","coordinates":[[-91.1,20.5],[-92.1,20.8],[-93,21.1],[-93.8,21.3],[-94.4,21.5],[-95,21.7],[-95.5,21.7],[-95.9,21.5],[-96.3,21.3],[-96.8,21.1],[-97.3,20.9],[-97.8,20.7]]},"properties":{"id":"hur-al051956","event_type":"hurricane","name":"DORA","year":1956,"max_wind_kt":50,"min_pressure_mb":1000,"category":0,"preliminary":false,"start_date":"19560910","end_date":"19560913","track":[{"date":"19560910","time":"0600","status":"TD","lat":20.5,"lon":-91.1,"wind_kt":30,"pressure_mb":null,"radius_34kt_nm":null},{"date":"19560910","time":"1200","status":"TS","lat":20.8,"lon":-92.1,"wind_kt":35,"pressure_mb":null,"radius_34kt_nm":null},{"date":"19560910","time":"1800","status":"TS","lat":21.1,"lon":-93,"wind_kt":35,"pressure_mb":1010,"radius_34kt_nm":null},{"date":"19560911","time":"0000","status":"TS","lat":21.3,"lon":-93.8,"wind_kt":40,"pressure_mb":null,"radius_34kt_nm":null},{"date":"19560911","time":"0600","status":"TS","lat":21.5,"lon":-94.4,"wind_kt":40,"pressure_mb":null,"radius_34kt_nm":null},{"date":"19560911","time":"1200","status":"TS","lat":21.7,"lon":-95,"wind_kt":45,"pressure_mb":null,"radius_34kt_nm":null},{"date":"19560911","time":"1800","status":"TS","lat":21.7,"lon":-95.5,"wind_kt":45,"pressure_mb":1004,"radius_34kt_nm":null},{"date":"19560912","time":"0000","status":"TS","lat":21.5,"lon":-95.9,"wind_kt":45,"pressure_mb":null,"radius_34kt_nm":null},{"date":"19560912","time":"0600","status":"TS","lat":21.3,"lon":-96.3,"wind_kt":50,"pressure_mb":null,"radius_34kt_nm":null},{"date":"19560912","time":"1200","status":"TS","lat":21.1,"lon":-96.8,"wind_kt":50,"pressure_mb":1004,"radius_34kt_nm":null},{"date":"19560912","time":"1800","status":"TS","lat":20.9,"lon":-97.3,"wind_kt":50,"pressure_mb":1000,"radius_34kt_nm":null},{"date":"19560913","time":"0000","status":"TD","lat":20.7,"lon":-97.8,"wind_kt":25,"pressure_mb":null,"radius_34kt_nm":null}]}},{"type":"Feature","geometry":{"type":"LineString","coordinates":[[-75.7,23.5],[-75.5,24],[-74.9,24.8],[-74.1,25.7],[-73.2,26.6],[-72.7,27.3],[-72.3,27.8],[-72,28.2],[-71.8,28.6],[-71.7,29],[-71.7,29.4]]},"properties":{"id":"hur-al061956","event_type":"hurricane","name":"ETHEL","year":1956,"max_wind_kt":50,"min_pressure_mb":999,"category":0,"preliminary":false,"start_date":"19560911","end_date":"19560914","track":[{"date":"19560911","time":"1800","status":"TD","lat":23.5,"lon":-75.7,"wind_kt":25,"pressure_mb":null,"radius_34kt_nm":null},{"date":"19560912","time":"0000","status":"TD","lat":24,"lon":-75.5,"wind_kt":30,"pressure_mb":null,"radius_34kt_nm":null},{"date":"19560912","time":"0600","status":"TS","lat":24.8,"lon":-74.9,"wind_kt":35,"pressure_mb":null,"radius_34kt_nm":null},{"date":"19560912","time":"1200","status":"TS","lat":25.7,"lon":-74.1,"wind_kt":40,"pressure_mb":null,"radius_34kt_nm":null},{"date":"19560912","time":"1800","status":"TS","lat":26.6,"lon":-73.2,"wind_kt":50,"pressure_mb":999,"radius_34kt_nm":null},{"date":"19560913","time":"0000","status":"TS","lat":27.3,"lon":-72.7,"wind_kt":50,"pressure_mb":null,"radius_34kt_nm":null},{"date":"19560913","time":"0600","status":"TS","lat":27.8,"lon":-72.3,"wind_kt":45,"pressure_mb":null,"radius_34kt_nm":null},{"date":"19560913","time":"1200","status":"TS","lat":28.2,"lon":-72,"wind_kt":35,"pressure_mb":1007,"radius_34kt_nm":null},{"date":"19560913","time":"1800","status":"TS","lat":28.6,"lon":-71.8,"wind_kt":35,"pressure_mb":null,"radius_34kt_nm":null},{"date":"19560914","time":"0000","status":"TD","lat":29,"lon":-71.7,"wind_kt":30,"pressure_mb":null,"radius_34kt_nm":null},{"date":"19560914","time":"0600","status":"TD","lat":29.4,"lon":-71.7,"wind_kt":25,"pressure_mb":null,"radius_34kt_nm":null}]}},{"type":"Feature","geometry":{"type":"LineString","coordinates":[[-86.5,18],[-87,18.1],[-87.7,18.3],[-88.4,18.5],[-89.1,18.9],[-89.7,19.5],[-90.1,20.4],[-90.4,21.5],[-90.7,22.6],[-90.9,23.8],[-91.1,25],[-91.3,26.2],[-91.3,27.1],[-90.9,28],[-90.1,28.7],[-89.4,29.1],[-88.9,29.4],[-87.6,29.9],[-86.4,30.4],[-85.4,30.8],[-84.4,31.2],[-83.2,31.9],[-81.8,32.6],[-80.3,33.4],[-79.1,34.1],[-78.4,34.5],[-78,34.8],[-77.6,35],[-77.2,35.3],[-76.6,35.6],[-75.7,36.3],[-74.5,37.4],[-73,38.5],[-71.5,39.5],[-69.5,40.1],[-67.5,40.3],[-64,40.5],[-61,40.3],[-59.5,39.8],[-58.5,38.5],[-57.5,37.5],[-56,36.7],[-55.5,36],[-55.8,36],[-56,37],[-56,38.5],[-56.2,40],[-56.5,41.5],[-56.5,43],[-56.5,44.5],[-56.5,46],[-56.5,47.5]]},"properties":{"id":"hur-al071956","event_type":"hurricane","name":"FLOSSY","year":1956,"max_wind_kt":80,"min_pressure_mb":974,"category":1,"preliminary":false,"start_date":"19560920","end_date":"19561003","track":[{"date":"19560920","time":"1800","status":"TD","lat":18,"lon":-86.5,"wind_kt":25,"pressure_mb":null,"radius_34kt_nm":null},{"date":"19560921","time":"0000","status":"TD","lat":18.1,"lon":-87,"wind_kt":25,"pressure_mb":null,"radius_34kt_nm":null},{"date":"19560921","time":"0600","status":"TD","lat":18.3,"lon":-87.7,"wind_kt":25,"pressure_mb":null,"radius_34kt_nm":null},{"date":"19560921","time":"1200","status":"TD","lat":18.5,"lon":-88.4,"wind_kt":25,"pressure_mb":null,"radius_34kt_nm":null},{"date":"19560921","time":"1800","status":"TD","lat":18.9,"lon":-89.1,"wind_kt":25,"pressure_mb":null,"radius_34kt_nm":null},{"date":"19560922","time":"0000","status":"TD","lat":19.5,"lon":-89.7,"wind_kt":25,"pressure_mb":null,"radius_34kt_nm":null},{"date":"19560922","time":"0600","status":"TD","lat":20.4,"lon":-90.1,"wind_kt":30,"pressure_mb":null,"radius_34kt_nm":null},{"date":"19560922","time":"1200","status":"TS","lat":21.5,"lon":-90.4,"wind_kt":35,"pressure_mb":null,"radius_34kt_nm":null},{"date":"19560922","time":"1800","status":"TS","lat":22.6,"lon":-90.7,"wind_kt":40,"pressure_mb":null,"radius_34kt_nm":null},{"date":"19560923","time":"0000","status":"TS","lat":23.8,"lon":-90.9,"wind_kt":50,"pressure_mb":null,"radius_34kt_nm":null},{"date":"19560923","time":"0600","status":"TS","lat":25,"lon":-91.1,"wind_kt":55,"pressure_mb":994,"radius_34kt_nm":null},{"date":"19560923","time":"1200","status":"TS","lat":26.2,"lon":-91.3,"wind_kt":60,"pressure_mb":null,"radius_34kt_nm":null},{"date":"19560923","time":"1800","status":"HU","lat":27.1,"lon":-91.3,"wind_kt":70,"pressure_mb":null,"radius_34kt_nm":null},{"date":"19560924","time":"0000","status":"HU","lat":28,"lon":-90.9,"wind_kt":75,"pressure_mb":984,"radius_34kt_nm":null},{"date":"19560924","time":"0600","status":"HU","lat":28.7,"lon":-90.1,"wind_kt":75,"pressure_mb":null,"radius_34kt_nm":null},{"date":"19560924","time":"1000","status":"HU","lat":29.1,"lon":-89.4,"wind_kt":75,"pressure_mb":980,"radius_34kt_nm":null},{"date":"19560924","time":"1200","status":"HU","lat":29.4,"lon":-88.9,"wind_kt":75,"pressure_mb":980,"radius_34kt_nm":null},{"date":"19560924","time":"1800","status":"HU","lat":29.9,"lon":-87.6,"wind_kt":80,"pressure_mb":null,"radius_34kt_nm":null},{"date":"19560925","time":"0000","status":"HU","lat":30.4,"lon":-86.4,"wind_kt":80,"pressure_mb":974,"radius_34kt_nm":null},{"date":"19560925","time":"0600","status":"TS","lat":30.8,"lon":-85.4,"wind_kt":50,"pressure_mb":null,"radius_34kt_nm":null},{"date":"19560925","time":"1200","status":"TS","lat":31.2,"lon":-84.4,"wind_kt":40,"pressure_mb":null,"radius_34kt_nm":null},{"date":"19560925","time":"1800","status":"EX","lat":31.9,"lon":-83.2,"wind_kt":35,"pressure_mb":998,"radius_34kt_nm":null},{"date":"19560926","time":"0000","status":"EX","lat":32.6,"lon":-81.8,"wind_kt":40,"pressure_mb":999,"radius_34kt_nm":null},{"date":"19560926","time":"0600","status":"EX","lat":33.4,"lon":-80.3,"wind_kt":45,"pressure_mb":999,"radius_34kt_nm":null},{"date":"19560926","time":"1200","status":"EX","lat":34.1,"lon":-79.1,"wind_kt":45,"pressure_mb":1001,"radius_34kt_nm":null},{"date":"19560926","time":"1800","status":"EX","lat":34.5,"lon":-78.4,"wind_kt":45,"pressure_mb":1001,"radius_34kt_nm":null},{"date":"19560927","time":"0000","status":"EX","lat":34.8,"lon":-78,"wind_kt":50,"pressure_mb":1002,"radius_34kt_nm":null},{"date":"19560927","time":"0600","status":"EX","lat":35,"lon":-77.6,"wind_kt":50,"pressure_mb":1005,"radius_34kt_nm":null},{"date":"19560927","time":"1200","status":"EX","lat":35.3,"lon":-77.2,"wind_kt":50,"pressure_mb":1008,"radius_34kt_nm":null},{"date":"19560927","time":"1800","status":"EX","lat":35.6,"lon":-76.6,"wind_kt":50,"pressure_mb":1009,"radius_34kt_nm":null},{"date":"19560928","time":"0000","status":"EX","lat":36.3,"lon":-75.7,"wind_kt":50,"pressure_mb":1011,"radius_34kt_nm":null},{"date":"19560928","time":"0600","status":"EX","lat":37.4,"lon":-74.5,"wind_kt":50,"pressure_mb":null,"radius_34kt_nm":null},{"date":"19560928","time":"1200","status":"EX","lat":38.5,"lon":-73,"wind_kt":45,"pressure_mb":null,"radius_34kt_nm":null},{"date":"19560928","time":"1800","status":"EX","lat":39.5,"lon":-71.5,"wind_kt":40,"pressure_mb":null,"radius_34kt_nm":null},{"date":"19560929","time":"0000","status":"EX","lat":40.1,"lon":-69.5,"wind_kt":35,"pressure_mb":null,"radius_34kt_nm":null},{"date":"19560929","time":"0600","status":"EX","lat":40.3,"lon":-67.5,"wind_kt":30,"pressure_mb":null,"radius_34kt_nm":null},{"date":"19560929","time":"1200","status":"EX","lat":40.5,"lon":-64,"wind_kt":30,"pressure_mb":null,"radius_34kt_nm":null},{"date":"19560929","time":"1800","status":"EX","lat":40.3,"lon":-61,"wind_kt":30,"pressure_mb":null,"radius_34kt_nm":null},{"date":"19560930","time":"0000","status":"EX","lat":39.8,"lon":-59.5,"wind_kt":30,"pressure_mb":null,"radius_34kt_nm":null},{"date":"19560930","time":"0600","status":"EX","lat":38.5,"lon":-58.5,"wind_kt":30,"pressure_mb":null,"radius_34kt_nm":null},{"date":"19560930","time":"1200","status":"EX","lat":37.5,"lon":-57.5,"wind_kt":30,"pressure_mb":null,"radius_34kt_nm":null},{"date":"19560930","time":"1800","status":"EX","lat":36.7,"lon":-56,"wind_kt":30,"pressure_mb":null,"radius_34kt_nm":null},{"date":"19561001","time":"0000","status":"EX","lat":36,"lon":-55.5,"wind_kt":30,"pressure_mb":null,"radius_34kt_nm":null},{"date":"19561001","time":"0600","status":"EX","lat":36,"lon":-55.8,"wind_kt":35,"pressure_mb":null,"radius_34kt_nm":null},{"date":"19561001","time":"1200","status":"EX","lat":37,"lon":-56,"wind_kt":35,"pressure_mb":null,"radius_34kt_nm":null},{"date":"19561001","time":"1800","status":"EX","lat":38.5,"lon":-56,"wind_kt":40,"pressure_mb":null,"radius_34kt_nm":null},{"date":"19561002","time":"0000","status":"EX","lat":40,"lon":-56.2,"wind_kt":45,"pressure_mb":null,"radius_34kt_nm":null},{"date":"19561002","time":"0600","status":"EX","lat":41.5,"lon":-56.5,"wind_kt":50,"pressure_mb":null,"radius_34kt_nm":null},{"date":"19561002","time":"1200","status":"EX","lat":43,"lon":-56.5,"wind_kt":50,"pressure_mb":null,"radius_34kt_nm":null},{"date":"19561002","time":"1800","status":"EX","lat":44.5,"lon":-56.5,"wind_kt":45,"pressure_mb":null,"radius_34kt_nm":null},{"date":"19561003","time":"0000","status":"EX","lat":46,"lon":-56.5,"wind_kt":40,"pressure_mb":null,"radius_34kt_nm":null},{"date":"19561003","time":"0600","status":"EX","lat":47.5,"lon":-56.5,"wind_kt":40,"pressure_mb":null,"radius_34kt_nm":null}]}},{"type":"Feature","geometry":{"type":"LineString","coordinates":[[-74.7,20],[-74.8,20.4],[-75,20.8],[-75.3,21.9],[-75,23],[-74.2,24.2],[-73,25.7],[-72.2,27.2],[-72.3,28.5],[-72.8,28.4],[-72.7,27.8],[-72.5,27.3],[-72.3,27],[-72.2,26.5],[-72.1,25.7],[-71.6,24.6],[-70.7,23.8],[-69.6,23.1],[-68.4,22.6],[-67.1,22.2],[-65.7,22.2],[-63.9,23.5],[-61.7,25.3],[-59.5,27.1],[-57.5,28.2],[-55.8,29.3],[-53,30.4],[-50.2,31.4],[-47,32.5],[-42,33.7]]},"properties":{"id":"hur-al081956","event_type":"hurricane","name":"GRETA","year":1956,"max_wind_kt":85,"min_pressure_mb":970,"category":2,"preliminary":false,"start_date":"19561031","end_date":"19561107","track":[{"date":"19561031","time":"0000","status":"TD","lat":20,"lon":-74.7,"wind_kt":25,"pressure_mb":null,"radius_34kt_nm":null},{"date":"19561031","time":"0600","status":"TD","lat":20.4,"lon":-74.8,"wind_kt":25,"pressure_mb":null,"radius_34kt_nm":null},{"date":"19561031","time":"1200","status":"TD","lat":20.8,"lon":-75,"wind_kt":25,"pressure_mb":null,"radius_34kt_nm":null},{"date":"19561031","time":"1800","status":"TD","lat":21.9,"lon":-75.3,"wind_kt":30,"pressure_mb":1003,"radius_34kt_nm":null},{"date":"19561101","time":"0000","status":"TD","lat":23,"lon":-75,"wind_kt":30,"pressure_mb":null,"radius_34kt_nm":null},{"date":"19561101","time":"0600","status":"TS","lat":24.2,"lon":-74.2,"wind_kt":35,"pressure_mb":null,"radius_34kt_nm":null},{"date":"19561101","time":"1200","status":"TS","lat":25.7,"lon":-73,"wind_kt":45,"pressure_mb":null,"radius_34kt_nm":null},{"date":"19561101","time":"1800","status":"TS","lat":27.2,"lon":-72.2,"wind_kt":50,"pressure_mb":null,"radius_34kt_nm":null},{"date":"19561102","time":"0000","status":"TS","lat":28.5,"lon":-72.3,"wind_kt":50,"pressure_mb":992,"radius_34kt_nm":null},{"date":"19561102","time":"0600","status":"TS","lat":28.4,"lon":-72.8,"wind_kt":50,"pressure_mb":null,"radius_34kt_nm":null},{"date":"19561102","time":"1200","status":"TS","lat":27.8,"lon":-72.7,"wind_kt":50,"pressure_mb":null,"radius_34kt_nm":null},{"date":"19561102","time":"1800","status":"TS","lat":27.3,"lon":-72.5,"wind_kt":55,"pressure_mb":null,"radius_34kt_nm":null},{"date":"19561103","time":"0000","status":"TS","lat":27,"lon":-72.3,"wind_kt":55,"pressure_mb":null,"radius_34kt_nm":null},{"date":"19561103","time":"0600","status":"TS","lat":26.5,"lon":-72.2,"wind_kt":60,"pressure_mb":null,"radius_34kt_nm":null},{"date":"19561103","time":"1200","status":"TS","lat":25.7,"lon":-72.1,"wind_kt":60,"pressure_mb":982,"radius_34kt_nm":null},{"date":"19561103","time":"1800","status":"TS","lat":24.6,"lon":-71.6,"wind_kt":60,"pressure_mb":null,"radius_34kt_nm":null},{"date":"19561104","time":"0000","status":"HU","lat":23.8,"lon":-70.7,"wind_kt":65,"pressure_mb":null,"radius_34kt_nm":null},{"date":"19561104","time":"0600","status":"HU","lat":23.1,"lon":-69.6,"wind_kt":70,"pressure_mb":null,"radius_34kt_nm":null},{"date":"19561104","time":"1200","status":"HU","lat":22.6,"lon":-68.4,"wind_kt":80,"pressure_mb":null,"radius_34kt_nm":null},{"date":"19561104","time":"1800","status":"HU","lat":22.2,"lon":-67.1,"wind_kt":85,"pressure_mb":970,"radius_34kt_nm":null},{"date":"19561105","time":"0000","status":"HU","lat":22.2,"lon":-65.7,"wind_kt":85,"pressure_mb":null,"radius_34kt_nm":null},{"date":"19561105","time":"0600","status":"HU","lat":23.5,"lon":-63.9,"wind_kt":85,"pressure_mb":null,"radius_34kt_nm":null},{"date":"19561105","time":"1200","status":"HU","lat":25.3,"lon":-61.7,"wind_kt":85,"pressure_mb":970,"radius_34kt_nm":null},{"date":"19561105","time":"1800","status":"HU","lat":27.1,"lon":-59.5,"wind_kt":85,"pressure_mb":null,"radius_34kt_nm":null},{"date":"19561106","time":"0000","status":"HU","lat":28.2,"lon":-57.5,"wind_kt":85,"pressure_mb":null,"radius_34kt_nm":null},{"date":"19561106","time":"0600","status":"HU","lat":29.3,"lon":-55.8,"wind_kt":85,"pressure_mb":null,"radius_34kt_nm":null},{"date":"19561106","time":"1200","status":"EX","lat":30.4,"lon":-53,"wind_kt":85,"pressure_mb":null,"radius_34kt_nm":null},{"date":"19561106","time":"1800","status":"EX","lat":31.4,"lon":-50.2,"wind_kt":75,"pressure_mb":null,"radius_34kt_nm":null},{"date":"19561107","time":"0000","status":"EX","lat":32.5,"lon":-47,"wind_kt":65,"pressure_mb":null,"radius_34kt_nm":null},{"date":"19561107","time":"0600","status":"EX","lat":33.7,"lon":-42,"wind_kt":55,"pressure_mb":null,"radius_34kt_nm":null}]}},{"type":"Feature","geometry":{"type":"LineString","coordinates":[[-75.1,34],[-75.6,33.7],[-76,33.3],[-76.2,32.6],[-76.3,31.6],[-76.2,31.2],[-75.8,31.4],[-74.9,31.6],[-73.7,31.8],[-72.6,32.7],[-71.5,33.8],[-70,34.8],[-68.2,35.8],[-66.4,37]]},"properties":{"id":"hur-al091956","event_type":"hurricane","name":null,"year":1956,"max_wind_kt":40,"min_pressure_mb":1002,"category":0,"preliminary":false,"start_date":"19560607","end_date":"19560610","track":[{"date":"19560607","time":"0600","status":"TS","lat":34,"lon":-75.1,"wind_kt":35,"pressure_mb":null,"radius_34kt_nm":null},{"date":"19560607","time":"1200","status":"TS","lat":33.7,"lon":-75.6,"wind_kt":35,"pressure_mb":1002,"radius_34kt_nm":null},{"date":"19560607","time":"1800","status":"TS","lat":33.3,"lon":-76,"wind_kt":35,"pressure_mb":null,"radius_34kt_nm":null},{"date":"19560608","time":"0000","status":"TS","lat":32.6,"lon":-76.2,"wind_kt":35,"pressure_mb":null,"radius_34kt_nm":null},{"date":"19560608","time":"0600","status":"TS","lat":31.6,"lon":-76.3,"wind_kt":40,"pressure_mb":null,"radius_34kt_nm":null},{"date":"19560608","time":"1200","status":"TS","lat":31.2,"lon":-76.2,"wind_kt":40,"pressure_mb":null,"radius_34kt_nm":null},{"date":"19560608","time":"1800","status":"TS","lat":31.4,"lon":-75.8,"wind_kt":40,"pressure_mb":null,"radius_34kt_nm":null},{"date":"19560609","time":"0000","status":"TS","lat":31.6,"lon":-74.9,"wind_kt":35,"pressure_mb":null,"radius_34kt_nm":null},{"date":"19560609","time":"0600","status":"TS","lat":31.8,"lon":-73.7,"wind_kt":35,"pressure_mb":null,"radius_34kt_nm":null},{"date":"19560609","time":"1200","status":"TD","lat":32.7,"lon":-72.6,"wind_kt":30,"pressure_mb":null,"radius_34kt_nm":null},{"date":"19560609","time":"1800","status":"TD","lat":33.8,"lon":-71.5,"wind_kt":30,"pressure_mb":null,"radius_34kt_nm":null},{"date":"19560610","time":"0000","status":"EX","lat":34.8,"lon":-70,"wind_kt":30,"pressure_mb":null,"radius_34kt_nm":null},{"date":"19560610","time":"0600","status":"EX","lat":35.8,"lon":-68.2,"wind_kt":30,"pressure_mb":null,"radius_34kt_nm":null},{"date":"19560610","time":"1200","status":"EX","lat":37,"lon":-66.4,"wind_kt":30,"pressure_mb":null,"radius_34kt_nm":null}]}},{"type":"Feature","geometry":{"type":"LineString","coordinates":[[-46,15.3],[-46.8,15.3],[-47.6,15.3],[-48.4,15.5],[-49.2,16],[-49.5,17],[-49.5,17.8],[-49.2,18.4],[-48.9,18.7],[-48.5,19],[-47.8,19.3],[-46.5,19.7]]},"properties":{"id":"hur-al101956","event_type":"hurricane","name":null,"year":1956,"max_wind_kt":40,"min_pressure_mb":null,"category":0,"preliminary":false,"start_date":"19561009","end_date":"19561012","track":[{"date":"19561009","time":"0600","status":"TS","lat":15.3,"lon":-46,"wind_kt":40,"pressure_mb":null,"radius_34kt_nm":null},{"date":"19561009","time":"1200","status":"TS","lat":15.3,"lon":-46.8,"wind_kt":40,"pressure_mb":null,"radius_34kt_nm":null},{"date":"19561009","time":"1800","status":"TS","lat":15.3,"lon":-47.6,"wind_kt":40,"pressure_mb":null,"radius_34kt_nm":null},{"date":"19561010","time":"0000","status":"TS","lat":15.5,"lon":-48.4,"wind_kt":40,"pressure_mb":null,"radius_34kt_nm":null},{"date":"19561010","time":"0600","status":"TS","lat":16,"lon":-49.2,"wind_kt":35,"pressure_mb":null,"radius_34kt_nm":null},{"date":"19561010","time":"1200","status":"TD","lat":17,"lon":-49.5,"wind_kt":30,"pressure_mb":null,"radius_34kt_nm":null},{"date":"19561010","time":"1800","status":"TD","lat":17.8,"lon":-49.5,"wind_kt":30,"pressure_mb":null,"radius_34kt_nm":null},{"date":"19561011","time":"0000","status":"TD","lat":18.4,"lon":-49.2,"wind_kt":30,"pressure_mb":null,"radius_34kt_nm":null},{"date":"19561011","time":"0600","status":"TD","lat":18.7,"lon":-48.9,"wind_kt":30,"pressure_mb":null,"radius_34kt_nm":null},{"date":"19561011","time":"1200","status":"TD","lat":19,"lon":-48.5,"wind_kt":30,"pressure_mb":null,"radius_34kt_nm":null},{"date":"19561011","time":"1800","status":"TD","lat":19.3,"lon":-47.8,"wind_kt":30,"pressure_mb":null,"radius_34kt_nm":null},{"date":"19561012","time":"0000","status":"TD","lat":19.7,"lon":-46.5,"wind_kt":30,"pressure_mb":null,"radius_34kt_nm":null}]}},{"type":"Feature","geometry":{"type":"LineString","coordinates":[[-79.8,22.6],[-80,22.9],[-80.1,23.2],[-80.2,23.7],[-80.3,24.2],[-80.5,24.8],[-80.6,25.2],[-80.6,25.6],[-80.7,26.9],[-80.7,28.2],[-80.6,29.2],[-80.3,30.1],[-79.8,31.1],[-78.9,32.3],[-77.9,33.7],[-77,35.2],[-75.9,36.4],[-74.5,37.5],[-72,38.5],[-68,39.2]]},"properties":{"id":"hur-al111956","event_type":"hurricane","name":null,"year":1956,"max_wind_kt":55,"min_pressure_mb":996,"category":0,"preliminary":false,"start_date":"19561014","end_date":"19561019","track":[{"date":"19561014","time":"1200","status":"TS","lat":22.6,"lon":-79.8,"wind_kt":35,"pressure_mb":null,"radius_34kt_nm":null},{"date":"19561014","time":"1800","status":"TS","lat":22.9,"lon":-80,"wind_kt":45,"pressure_mb":null,"radius_34kt_nm":null},{"date":"19561015","time":"0000","status":"TS","lat":23.2,"lon":-80.1,"wind_kt":50,"pressure_mb":null,"radius_34kt_nm":null},{"date":"19561015","time":"0600","status":"TS","lat":23.7,"lon":-80.2,"wind_kt":50,"pressure_mb":null,"radius_34kt_nm":null},{"date":"19561015","time":"1200","status":"TS","lat":24.2,"lon":-80.3,"wind_kt":50,"pressure_mb":null,"radius_34kt_nm":null},{"date":"19561015","time":"1800","status":"TS","lat":24.8,"lon":-80.5,"wind_kt":50,"pressure_mb":null,"radius_34kt_nm":null},{"date":"19561015","time":"2100","status":"TS","lat":25.2,"lon":-80.6,"wind_kt":50,"pressure_mb":null,"radius_34kt_nm":null},{"date":"19561016","time":"0000","status":"TS","lat":25.6,"lon":-80.6,"wind_kt":55,"pressure_mb":null,"radius_34kt_nm":null},{"date":"19561016","time":"0600","status":"TS","lat":26.9,"lon":-80.7,"wind_kt":55,"pressure_mb":null,"radius_34kt_nm":null},{"date":"19561016","time":"1200","status":"TS","lat":28.2,"lon":-80.7,"wind_kt":50,"pressure_mb":999,"radius_34kt_nm":null},{"date":"19561016","time":"1800","status":"TS","lat":29.2,"lon":-80.6,"wind_kt":50,"pressure_mb":null,"radius_34kt_nm":null},{"date":"19561017","time":"0000","status":"TS","lat":30.1,"lon":-80.3,"wind_kt":50,"pressure_mb":997,"radius_34kt_nm":null},{"date":"19561017","time":"0600","status":"TS","lat":31.1,"lon":-79.8,"wind_kt":50,"pressure_mb":996,"radius_34kt_nm":null},{"date":"19561017","time":"1200","status":"TS","lat":32.3,"lon":-78.9,"wind_kt":50,"pressure_mb":null,"radius_34kt_nm":null},{"date":"19561017","time":"1800","status":"EX","lat":33.7,"lon":-77.9,"wind_kt":50,"pressure_mb":null,"radius_34kt_nm":null},{"date":"19561018","time":"0000","status":"EX","lat":35.2,"lon":-77,"wind_kt":45,"pressure_mb":null,"radius_34kt_nm":null},{"date":"19561018","time":"0600","status":"EX","lat":36.4,"lon":-75.9,"wind_kt":45,"pressure_mb":999,"radius_34kt_nm":null},{"date":"19561018","time":"1200","status":"EX","lat":37.5,"lon":-74.5,"wind_kt":45,"pressure_mb":null,"radius_34kt_nm":null},{"date":"19561018","time":"1800","status":"EX","lat":38.5,"lon":-72,"wind_kt":45,"pressure_mb":null,"radius_34kt_nm":null},{"date":"19561019","time":"0000","status":"EX","lat":39.2,"lon":-68,"wind_kt":45,"pressure_mb":null,"radius_34kt_nm":null}]}},{"type":"Feature","geometry":{"type":"LineString","coordinates":[[-47,25],[-47.3,25],[-47.8,25],[-48.3,25.1],[-48.7,25.3],[-49.1,25.5],[-49,25.6],[-48.7,25.3],[-49,25],[-49.7,25.1],[-50.5,25.5]]},"properties":{"id":"hur-al121956","event_type":"hurricane","name":null,"year":1956,"max_wind_kt":40,"min_pressure_mb":null,"category":0,"preliminary":false,"start_date":"19561119","end_date":"19561121","track":[{"date":"19561119","time":"0000","status":"TD","lat":25,"lon":-47,"wind_kt":25,"pressure_mb":null,"radius_34kt_nm":null},{"date":"19561119","time":"0600","status":"TD","lat":25,"lon":-47.3,"wind_kt":30,"pressure_mb":null,"radius_34kt_nm":null},{"date":"19561119","time":"1200","status":"TS","lat":25,"lon":-47.8,"wind_kt":35,"pressure_mb":null,"radius_34kt_nm":null},{"date":"19561119","time":"1800","status":"TS","lat":25.1,"lon":-48.3,"wind_kt":40,"pressure_mb":null,"radius_34kt_nm":null},{"date":"19561120","time":"0000","status":"TS","lat":25.3,"lon":-48.7,"wind_kt":40,"pressure_mb":null,"radius_34kt_nm":null},{"date":"19561120","time":"0600","status":"TS","lat":25.5,"lon":-49.1,"wind_kt":40,"pressure_mb":null,"radius_34kt_nm":null},{"date":"19561120","time":"1200","status":"TS","lat":25.6,"lon":-49,"wind_kt":40,"pressure_mb":null,"radius_34kt_nm":null},{"date":"19561120","time":"1800","status":"TS","lat":25.3,"lon":-48.7,"wind_kt":40,"pressure_mb":null,"radius_34kt_nm":null},{"date":"19561121","time":"0000","status":"TS","lat":25,"lon":-49,"wind_kt":35,"pressure_mb":null,"radius_34kt_nm":null},{"date":"19561121","time":"0600","status":"TS","lat":25.1,"lon":-49.7,"wind_kt":35,"pressure_mb":null,"radius_34kt_nm":null},{"date":"19561121","time":"1200","status":"TD","lat":25.5,"lon":-50.5,"wind_kt":30,"pressure_mb":null,"radius_34kt_nm":null}]}},{"type":"Feature","geometry":{"type":"LineString","coordinates":[[-89.2,25],[-87.8,26.5],[-86.2,28.2],[-84.3,30],[-84.2,30.1],[-82.3,31.6],[-80.2,32.1],[-78.2,32.3],[-76.1,32.4],[-74.2,32.6],[-72.6,32.8],[-71.6,32.4],[-70.7,31.9],[-69.9,31.4],[-69.2,30.8],[-68.5,30.9],[-68,31],[-67.5,31.1],[-67.2,31.4],[-66.7,31.8],[-66.1,32.2],[-65.3,32.2],[-63.9,32.3],[-62.4,32.7],[-61.1,33.2],[-59.8,33.7],[-58.8,34.1],[-58.2,34.5],[-58,34.5],[-58.5,34],[-59.5,33.5],[-60.5,33]]},"properties":{"id":"hur-al011957","event_type":"hurricane","name":null,"year":1957,"max_wind_kt":65,"min_pressure_mb":996,"category":1,"preliminary":false,"start_date":"19570608","end_date":"19570615","track":[{"date":"19570608","time":"0600","status":"TS","lat":25,"lon":-89.2,"wind_kt":35,"pressure_mb":null,"radius_34kt_nm":null},{"date":"19570608","time":"1200","status":"TS","lat":26.5,"lon":-87.8,"wind_kt":40,"pressure_mb":1002,"radius_34kt_nm":null},{"date":"19570608","time":"1800","status":"TS","lat":28.2,"lon":-86.2,"wind_kt":45,"pressure_mb":null,"radius_34kt_nm":null},{"date":"19570609","time":"0000","status":"TS","lat":30,"lon":-84.3,"wind_kt":45,"pressure_mb":1000,"radius_34kt_nm":null},{"date":"19570609","time":"0030","status":"TS","lat":30.1,"lon":-84.2,"wind_kt":45,"pressure_mb":1000,"radius_34kt_nm":null},{"date":"19570609","time":"0600","status":"TS","lat":31.6,"lon":-82.3,"wind_kt":35,"pressure_mb":1003,"radius_34kt_nm":null},{"date":"19570609","time":"1200","status":"TS","lat":32.1,"lon":-80.2,"wind_kt":35,"pressure_mb":1000,"radius_34kt_nm":null},{"date":"19570609","time":"1800","status":"TS","lat":32.3,"lon":-78.2,"wind_kt":45,"pressure_mb":null,"radius_34kt_nm":null},{"date":"19570610","time":"0000","status":"TS","lat":32.4,"lon":-76.1,"wind_kt":55,"pressure_mb":null,"radius_34kt_nm":null},{"date":"19570610","time":"0600","status":"EX","lat":32.6,"lon":-74.2,"wind_kt":65,"pressure_mb":null,"radius_34kt_nm":null},{"date":"19570610","time":"1200","status":"EX","lat":32.8,"lon":-72.6,"wind_kt":65,"pressure_mb":996,"radius_34kt_nm":null},{"date":"19570610","time":"1800","status":"EX","lat":32.4,"lon":-71.6,"wind_kt":65,"pressure_mb":null,"radius_34kt_nm":null},{"date":"19570611","time":"0000","status":"EX","lat":31.9,"lon":-70.7,"wind_kt":60,"pressure_mb":null,"radius_34kt_nm":null},{"date":"19570611","time":"0600","status":"EX","lat":31.4,"lon":-69.9,"wind_kt":55,"pressure_mb":null,"radius_34kt_nm":null},{"date":"19570611","time":"1200","status":"EX","lat":30.8,"lon":-69.2,"wind_kt":50,"pressure_mb":null,"radius_34kt_nm":null},{"date":"19570611","time":"1800","status":"EX","lat":30.9,"lon":-68.5,"wind_kt":50,"pressure_mb":null,"radius_34kt_nm":null},{"date":"19570612","time":"0000","status":"EX","lat":31,"lon":-68,"wind_kt":45,"pressure_mb":null,"radius_34kt_nm":null},{"date":"19570612","time":"0600","status":"EX","lat":31.1,"lon":-67.5,"wind_kt":40,"pressure_mb":null,"radius_34kt_nm":null},{"date":"19570612","time":"1200","status":"EX","lat":31.4,"lon":-67.2,"wind_kt":40,"pressure_mb":null,"radius_34kt_nm":null},{"date":"19570612","time":"1800","status":"EX","lat":31.8,"lon":-66.7,"wind_kt":40,"pressure_mb":null,"radius_34kt_nm":null},{"date":"19570613","time":"0000","status":"EX","lat":32.2,"lon":-66.1,"wind_kt":40,"pressure_mb":null,"radius_34kt_nm":null},{"date":"19570613","time":"0600","status":"EX","lat":32.2,"lon":-65.3,"wind_kt":40,"pressure_mb":null,"radius_34kt_nm":null},{"date":"19570613","time":"1200","status":"EX","lat":32.3,"lon":-63.9,"wind_kt":40,"pressure_mb":null,"radius_34kt_nm":null},{"date":"19570613","time":"1800","status":"EX","lat":32.7,"lon":-62.4,"wind_kt":40,"pressure_mb":null,"radius_34kt_nm":null},{"date":"19570614","time":"0000","status":"EX","lat":33.2,"lon":-61.1,"wind_kt":40,"pressure_mb":null,"radius_34kt_nm":null},{"date":"19570614","time":"0600","status":"EX","lat":33.7,"lon":-59.8,"wind_kt":40,"pressure_mb":null,"radius_34kt_nm":null},{"date":"19570614","time":"1200","status":"EX","lat":34.1,"lon":-58.8,"wind_kt":40,"pressure_mb":null,"radius_34kt_nm":null},{"date":"19570614","time":"1800","status":"EX","lat":34.5,"lon":-58.2,"wind_kt":40,"pressure_mb":null,"radius_34kt_nm":null},{"date":"19570615","time":"0000","status":"EX","lat":34.5,"lon":-58,"wind_kt":35,"pressure_mb":null,"radius_34kt_nm":null},{"date":"19570615","time":"0600","status":"EX","lat":34,"lon":-58.5,"wind_kt":35,"pressure_mb":null,"radius_34kt_nm":null},{"date":"19570615","time":"1200","status":"EX","lat":33.5,"lon":-59.5,"wind_kt":30,"pressure_mb":null,"radius_34kt_nm":null},{"date":"19570615","time":"1800","status":"EX","lat":33,"lon":-60.5,"wind_kt":25,"pressure_mb":null,"radius_34kt_nm":null}]}},{"type":"Feature","geometry":{"type":"LineString","coordinates":[[-93,21],[-93.1,21.2],[-93.2,21.4],[-93.3,21.6],[-93.4,22],[-93.5,22.6],[-93.5,23.1],[-93.6,23.9],[-93.7,24.8],[-93.8,25.6],[-93.7,26.6],[-93.8,28],[-93.8,29.3],[-93.7,29.8],[-93.5,30.6],[-92.8,32],[-91.2,33.3],[-89,34.7],[-86.1,36.5],[-80.9,39.4]]},"properties":{"id":"hur-al021957","event_type":"hurricane","name":"AUDREY","year":1957,"max_wind_kt":110,"min_pressure_mb":946,"category":3,"preliminary":false,"start_date":"19570624","end_date":"19570629","track":[{"date":"19570624","time":"1200","status":"TD","lat":21,"lon":-93,"wind_kt":30,"pressure_mb":null,"radius_34kt_nm":null},{"date":"19570624","time":"1800","status":"TS","lat":21.2,"lon":-93.1,"wind_kt":35,"pressure_mb":null,"radius_34kt_nm":null},{"date":"19570625","time":"0000","status":"TS","lat":21.4,"lon":-93.2,"wind_kt":40,"pressure_mb":null,"radius_34kt_nm":null},{"date":"19570625","time":"0600","status":"TS","lat":21.6,"lon":-93.3,"wind_kt":45,"pressure_mb":null,"radius_34kt_nm":null},{"date":"19570625","time":"1200","status":"TS","lat":22,"lon":-93.4,"wind_kt":55,"pressure_mb":null,"radius_34kt_nm":null},{"date":"19570625","time":"1800","status":"HU","lat":22.6,"lon":-93.5,"wind_kt":65,"pressure_mb":989,"radius_34kt_nm":null},{"date":"19570626","time":"0000","status":"HU","lat":23.1,"lon":-93.5,"wind_kt":75,"pressure_mb":979,"radius_34kt_nm":null},{"date":"19570626","time":"0600","status":"HU","lat":23.9,"lon":-93.6,"wind_kt":80,"pressure_mb":null,"radius_34kt_nm":null},{"date":"19570626","time":"1200","status":"HU","lat":24.8,"lon":-93.7,"wind_kt":80,"pressure_mb":null,"radius_34kt_nm":null},{"date":"19570626","time":"1800","status":"HU","lat":25.6,"lon":-93.8,"wind_kt":80,"pressure_mb":973,"radius_34kt_nm":null},{"date":"19570627","time":"0000","status":"HU","lat":26.6,"lon":-93.7,"wind_kt":90,"pressure_mb":null,"radius_34kt_nm":null},{"date":"19570627","time":"0600","status":"HU","lat":28,"lon":-93.8,"wind_kt":100,"pressure_mb":null,"radius_34kt_nm":null},{"date":"19570627","time":"1200","status":"HU","lat":29.3,"lon":-93.8,"wind_kt":110,"pressure_mb":946,"radius_34kt_nm":null},{"date":"19570627","time":"1330","status":"HU","lat":29.8,"lon":-93.7,"wind_kt":110,"pressure_mb":946,"radius_34kt_nm":null},{"date":"19570627","time":"1800","status":"HU","lat":30.6,"lon":-93.5,"wind_kt":80,"pressure_mb":null,"radius_34kt_nm":null},{"date":"19570628","time":"0000","status":"TS","lat":32,"lon":-92.8,"wind_kt":55,"pressure_mb":null,"radius_34kt_nm":null},{"date":"19570628","time":"0600","status":"TS","lat":33.3,"lon":-91.2,"wind_kt":40,"pressure_mb":null,"radius_34kt_nm":null},{"date":"19570628","time":"1200","status":"TS","lat":34.7,"lon":-89,"wind_kt":35,"pressure_mb":null,"radius_34kt_nm":null},{"date":"19570628","time":"1800","status":"TS","lat":36.5,"lon":-86.1,"wind_kt":35,"pressure_mb":null,"radius_34kt_nm":null},{"date":"19570629","time":"0000","status":"EX","lat":39.4,"lon":-80.9,"wind_kt":40,"pressure_mb":null,"radius_34kt_nm":null}]}},{"type":"Feature","geometry":{"type":"LineString","coordinates":[[-87.4,27],[-88,27],[-88.6,27],[-89.2,27.2],[-89.9,27.5],[-90.6,27.8],[-91.3,28.3],[-92.2,29],[-93.1,29.5],[-93.9,29.7],[-94.6,30.1],[-95.1,30.8],[-95.2,31.7],[-95.2,32.7]]},"properties":{"id":"hur-al031957","event_type":"hurricane","name":"BERTHA","year":1957,"max_wind_kt":55,"min_pressure_mb":998,"category":0,"preliminary":false,"start_date":"19570808","end_date":"19570811","track":[{"date":"19570808","time":"0000","status":"TD","lat":27,"lon":-87.4,"wind_kt":25,"pressure_mb":null,"radius_34kt_nm":null},{"date":"19570808","time":"0600","status":"TD","lat":27,"lon":-88,"wind_kt":30,"pressure_mb":null,"radius_34kt_nm":null},{"date":"19570808","time":"1200","status":"TS","lat":27,"lon":-88.6,"wind_kt":35,"pressure_mb":null,"radius_34kt_nm":null},{"date":"19570808","time":"1800","status":"TS","lat":27.2,"lon":-89.2,"wind_kt":45,"pressure_mb":null,"radius_34kt_nm":null},{"date":"19570809","time":"0000","status":"TS","lat":27.5,"lon":-89.9,"wind_kt":55,"pressure_mb":1000,"radius_34kt_nm":null},{"date":"19570809","time":"0600","status":"TS","lat":27.8,"lon":-90.6,"wind_kt":50,"pressure_mb":null,"radius_34kt_nm":null},{"date":"19570809","time":"1200","status":"TS","lat":28.3,"lon":-91.3,"wind_kt":45,"pressure_mb":null,"radius_34kt_nm":null},{"date":"19570809","time":"1800","status":"TS","lat":29,"lon":-92.2,"wind_kt":50,"pressure_mb":1005,"radius_34kt_nm":null},{"date":"19570810","time":"0000","status":"TS","lat":29.5,"lon":-93.1,"wind_kt":55,"pressure_mb":null,"radius_34kt_nm":null},{"date":"19570810","time":"0600","status":"TS","lat":29.7,"lon":-93.9,"wind_kt":55,"pressure_mb":998,"radius_34kt_nm":null},{"date":"19570810","time":"1200","status":"TS","lat":30.1,"lon":-94.6,"wind_kt":40,"pressure_mb":null,"radius_34kt_nm":null},{"date":"19570810","time":"1800","status":"TD","lat":30.8,"lon":-95.1,"wind_kt":30,"pressure_mb":null,"radius_34kt_nm":null},{"date":"19570811","time":"0000","status":"TD","lat":31.7,"lon":-95.2,"wind_kt":25,"pressure_mb":null,"radius_34kt_nm":null},{"date":"19570811","time":"0600","status":"TD","lat":32.7,"lon":-95.2,"wind_kt":25,"pressure_mb":null,"radius_34kt_nm":null}]}},{"type":"Feature","geometry":{"type":"LineString","coordinates":[[-21.3,13],[-22.2,13],[-23.1,13],[-24,13.1],[-25,13.4],[-25.9,13.7],[-26.8,13.9],[-27.7,14.1],[-28.6,14.3],[-29.6,14.5],[-30.6,14.5],[-31.6,14.5],[-32.6,14.5],[-33.6,14.7],[-34.6,14.9],[-35.6,15.1],[-36.6,15.4],[-37.5,15.7],[-38.3,15.9],[-39.1,16.1],[-40,16.4],[-41,16.7],[-42,17],[-42.9,17.4],[-43.7,17.7],[-44.5,17.9],[-45.2,18],[-46.1,18.1],[-47.2,18.3],[-48.2,18.7],[-49.1,19.1],[-49.9,19.4],[-50.7,19.7],[-51.4,19.9],[-52,20.1],[-52.3,20.3],[-52.4,20.6],[-52.4,20.9],[-52.4,21.2],[-52.4,21.6],[-52.5,22.1],[-52.6,22.8],[-52.7,23.6],[-52.6,24.3],[-52.5,25],[-52.4,25.7],[-52.2,26.4],[-52.3,27.1],[-52.5,27.7],[-53,28.1],[-54,28.4],[-55.2,28.8],[-56.5,29.3],[-57.8,30],[-58.9,30.8],[-59.9,31.4],[-60.9,32],[-62,32.5],[-62.9,33.2],[-63.6,33.9],[-64.3,34.6],[-64.2,35.3],[-63.3,35.8],[-62.1,36],[-60.7,36],[-59.3,35.9],[-57.8,35.5],[-56.2,35.2],[-54.8,34.9],[-53.4,34.7],[-51.9,34.5],[-50.6,34.4],[-49.2,34.3],[-47.7,34.2],[-46,34.2],[-44,34.3],[-42,34.5],[-40,34.7],[-38,35],[-35.6,35.5],[-32.8,36.1],[-29.5,37.5],[-26.2,39.2],[-23.2,41.5],[-21,44],[-19.2,46],[-17.4,48],[-16,50],[-14.5,51],[-12.8,51.2],[-11,51.2],[-9.4,51.2],[-8,51],[-7,50.5],[-6,50]]},"properties":{"id":"hur-al041957","event_type":"hurricane","name":"CARRIE","year":1957,"max_wind_kt":120,"min_pressure_mb":945,"category":4,"preliminary":false,"start_date":"19570902","end_date":"19570925","track":[{"date":"19570902","time":"0600","status":"TD","lat":13,"lon":-21.3,"wind_kt":25,"pressure_mb":null,"radius_34kt_nm":null},{"date":"19570902","time":"1200","status":"TD","lat":13,"lon":-22.2,"wind_kt":25,"pressure_mb":null,"radius_34kt_nm":null},{"date":"19570902","time":"1800","status":"TD","lat":13,"lon":-23.1,"wind_kt":25,"pressure_mb":null,"radius_34kt_nm":null},{"date":"19570903","time":"0000","status":"TD","lat":13.1,"lon":-24,"wind_kt":25,"pressure_mb":null,"radius_34kt_nm":null},{"date":"19570903","time":"0600","status":"TD","lat":13.4,"lon":-25,"wind_kt":30,"pressure_mb":null,"radius_34kt_nm":null},{"date":"19570903","time":"1200","status":"TS","lat":13.7,"lon":-25.9,"wind_kt":35,"pressure_mb":null,"radius_34kt_nm":null},{"date":"19570903","time":"1800","status":"TS","lat":13.9,"lon":-26.8,"wind_kt":35,"pressure_mb":null,"radius_34kt_nm":null},{"date":"19570904","time":"0000","status":"TS","lat":14.1,"lon":-27.7,"wind_kt":40,"pressure_mb":null,"radius_34kt_nm":null},{"date":"19570904","time":"0600","status":"TS","lat":14.3,"lon":-28.6,"wind_kt":45,"pressure_mb":null,"radius_34kt_nm":null},{"date":"19570904","time":"1200","status":"TS","lat":14.5,"lon":-29.6,"wind_kt":50,"pressure_mb":null,"radius_34kt_nm":null},{"date":"19570904","time":"1800","status":"TS","lat":14.5,"lon":-30.6,"wind_kt":55,"pressure_mb":null,"radius_34kt_nm":null},{"date":"19570905","time":"0000","status":"TS","lat":14.5,"lon":-31.6,"wind_kt":60,"pressure_mb":null,"radius_34kt_nm":null},{"date":"19570905","time":"0600","status":"HU","lat":14.5,"lon":-32.6,"wind_kt":65,"pressure_mb":null,"radius_34kt_nm":null},{"date":"19570905","time":"1200","status":"HU","lat":14.7,"lon":-33.6,"wind_kt":70,"pressure_mb":null,"radius_34kt_nm":null},{"date":"19570905","time":"1800","status":"HU","lat":14.9,"lon":-34.6,"wind_kt":75,"pressure_mb":null,"radius_34kt_nm":null},{"date":"19570906","time":"0000","status":"HU","lat":15.1,"lon":-35.6,"wind_kt":80,"pressure_mb":null,"radius_34kt_nm":null},{"date":"19570906","time":"0600","status":"HU","lat":15.4,"lon":-36.6,"wind_kt":80,"pressure_mb":null,"radius_34kt_nm":null},{"date":"19570906","time":"1200","status":"HU","lat":15.7,"lon":-37.5,"wind_kt":85,"pressure_mb":null,"radius_34kt_nm":null},{"date":"19570906","time":"1800","status":"HU","lat":15.9,"lon":-38.3,"wind_kt":95,"pressure_mb":null,"radius_34kt_nm":null},{"date":"19570907","time":"0000","status":"HU","lat":16.1,"lon":-39.1,"wind_kt":100,"pressure_mb":null,"radius_34kt_nm":null},{"date":"19570907","time":"0600","status":"HU","lat":16.4,"lon":-40,"wind_kt":105,"pressure_mb":null,"radius_34kt_nm":null},{"date":"19570907","time":"1200","status":"HU","lat":16.7,"lon":-41,"wind_kt":110,"pressure_mb":null,"radius_34kt_nm":null},{"date":"19570907","time":"1800","status":"HU","lat":17,"lon":-42,"wind_kt":115,"pressure_mb":null,"radius_34kt_nm":null},{"date":"19570908","time":"0000","status":"HU","lat":17.4,"lon":-42.9,"wind_kt":120,"pressure_mb":945,"radius_34kt_nm":null},{"date":"19570908","time":"0600","status":"HU","lat":17.7,"lon":-43.7,"wind_kt":120,"pressure_mb":null,"radius_34kt_nm":null},{"date":"19570908","time":"1200","status":"HU","lat":17.9,"lon":-44.5,"wind_kt":120,"pressure_mb":null,"radius_34kt_nm":null},{"date":"19570908","time":"1800","status":"HU","lat":18,"lon":-45.2,"wind_kt":120,"pressure_mb":null,"radius_34kt_nm":null},{"date":"19570909","time":"0000","status":"HU","lat":18.1,"lon":-46.1,"wind_kt":115,"pressure_mb":null,"radius_34kt_nm":null},{"date":"19570909","time":"0600","status":"HU","lat":18.3,"lon":-47.2,"wind_kt":105,"pressure_mb":null,"radius_34kt_nm":null},{"date":"19570909","time":"1200","status":"HU","lat":18.7,"lon":-48.2,"wind_kt":95,"pressure_mb":null,"radius_34kt_nm":null},{"date":"19570909","time":"1800","status":"HU","lat":19.1,"lon":-49.1,"wind_kt":85,"pressure_mb":975,"radius_34kt_nm":null},{"date":"19570910","time":"0000","status":"HU","lat":19.4,"lon":-49.9,"wind_kt":80,"pressure_mb":null,"radius_34kt_nm":null},{"date":"19570910","time":"0600","status":"HU","lat":19.7,"lon":-50.7,"wind_kt":75,"pressure_mb":977,"radius_34kt_nm":null},{"date":"19570910","time":"1200","status":"HU","lat":19.9,"lon":-51.4,"wind_kt":70,"pressure_mb":985,"radius_34kt_nm":null},{"date":"19570910","time":"1800","status":"HU","lat":20.1,"lon":-52,"wind_kt":65,"pressure_mb":null,"radius_34kt_nm":null},{"date":"19570911","time":"0000","status":"HU","lat":20.3,"lon":-52.3,"wind_kt":65,"pressure_mb":null,"radius_34kt_nm":null},{"date":"19570911","time":"0600","status":"HU","lat":20.6,"lon":-52.4,"wind_kt":65,"pressure_mb":985,"radius_34kt_nm":null},{"date":"19570911","time":"1200","status":"HU","lat":20.9,"lon":-52.4,"wind_kt":65,"pressure_mb":984,"radius_34kt_nm":null},{"date":"19570911","time":"1800","status":"HU","lat":21.2,"lon":-52.4,"wind_kt":70,"pressure_mb":978,"radius_34kt_nm":null},{"date":"19570912","time":"0000","status":"HU","lat":21.6,"lon":-52.4,"wind_kt":80,"pressure_mb":null,"radius_34kt_nm":null},{"date":"19570912","time":"0600","status":"HU","lat":22.1,"lon":-52.5,"wind_kt":85,"pressure_mb":null,"radius_34kt_nm":null},{"date":"19570912","time":"1200","status":"HU","lat":22.8,"lon":-52.6,"wind_kt":90,"pressure_mb":960,"radius_34kt_nm":null},{"date":"19570912","time":"1800","status":"HU","lat":23.6,"lon":-52.7,"wind_kt":95,"pressure_mb":957,"radius_34kt_nm":null},{"date":"19570913","time":"0000","status":"HU","lat":24.3,"lon":-52.6,"wind_kt":100,"pressure_mb":null,"radius_34kt_nm":null},{"date":"19570913","time":"0600","status":"HU","lat":25,"lon":-52.5,"wind_kt":105,"pressure_mb":951,"radius_34kt_nm":null},{"date":"19570913","time":"1200","status":"HU","lat":25.7,"lon":-52.4,"wind_kt":100,"pressure_mb":953,"radius_34kt_nm":null},{"date":"19570913","time":"1800","status":"HU","lat":26.4,"lon":-52.2,"wind_kt":90,"pressure_mb":963,"radius_34kt_nm":null},{"date":"19570914","time":"0000","status":"HU","lat":27.1,"lon":-52.3,"wind_kt":90,"pressure_mb":null,"radius_34kt_nm":null},{"date":"19570914","time":"0600","status":"HU","lat":27.7,"lon":-52.5,"wind_kt":90,"pressure_mb":964,"radius_34kt_nm":null},{"date":"19570914","time":"1200","status":"HU","lat":28.1,"lon":-53,"wind_kt":90,"pressure_mb":964,"radius_34kt_nm":null},{"date":"19570914","time":"1800","status":"HU","lat":28.4,"lon":-54,"wind_kt":90,"pressure_mb":963,"radius_34kt_nm":null},{"date":"19570915","time":"0000","status":"HU","lat":28.8,"lon":-55.2,"wind_kt":90,"pressure_mb":null,"radius_34kt_nm":null},{"date":"19570915","time":"0600","status":"HU","lat":29.3,"lon":-56.5,"wind_kt":85,"pressure_mb":967,"radius_34kt_nm":null},{"date":"19570915","time":"1200","status":"HU","lat":30,"lon":-57.8,"wind_kt":90,"pressure_mb":965,"radius_34kt_nm":null},{"date":"19570915","time":"1800","status":"HU","lat":30.8,"lon":-58.9,"wind_kt":90,"pressure_mb":961,"radius_34kt_nm":null},{"date":"19570916","time":"0000","status":"HU","lat":31.4,"lon":-59.9,"wind_kt":90,"pressure_mb":964,"radius_34kt_nm":null},{"date":"19570916","time":"0600","status":"HU","lat":32,"lon":-60.9,"wind_kt":85,"pressure_mb":966,"radius_34kt_nm":null},{"date":"19570916","time":"1200","status":"HU","lat":32.5,"lon":-62,"wind_kt":80,"pressure_mb":969,"radius_34kt_nm":null},{"date":"19570916","time":"1800","status":"HU","lat":33.2,"lon":-62.9,"wind_kt":80,"pressure_mb":null,"radius_34kt_nm":null},{"date":"19570917","time":"0000","status":"HU","lat":33.9,"lon":-63.6,"wind_kt":80,"pressure_mb":970,"radius_34kt_nm":null},{"date":"19570917","time":"0600","status":"HU","lat":34.6,"lon":-64.3,"wind_kt":75,"pressure_mb":974,"radius_34kt_nm":null},{"date":"19570917","time":"1200","status":"HU","lat":35.3,"lon":-64.2,"wind_kt":75,"pressure_mb":975,"radius_34kt_nm":null},{"date":"19570917","time":"1800","status":"HU","lat":35.8,"lon":-63.3,"wind_kt":75,"pressure_mb":978,"radius_34kt_nm":null},{"date":"19570918","time":"0000","status":"HU","lat":36,"lon":-62.1,"wind_kt":70,"pressure_mb":null,"radius_34kt_nm":null},{"date":"19570918","time":"0600","status":"HU","lat":36,"lon":-60.7,"wind_kt":70,"pressure_mb":978,"radius_34kt_nm":null},{"date":"19570918","time":"1200","status":"HU","lat":35.9,"lon":-59.3,"wind_kt":70,"pressure_mb":978,"radius_34kt_nm":null},{"date":"19570918","time":"1800","status":"HU","lat":35.5,"lon":-57.8,"wind_kt":70,"pressure_mb":null,"radius_34kt_nm":null},{"date":"19570919","time":"0000","status":"HU","lat":35.2,"lon":-56.2,"wind_kt":75,"pressure_mb":null,"radius_34kt_nm":null},{"date":"19570919","time":"0600","status":"HU","lat":34.9,"lon":-54.8,"wind_kt":75,"pressure_mb":null,"radius_34kt_nm":null},{"date":"19570919","time":"1200","status":"HU","lat":34.7,"lon":-53.4,"wind_kt":80,"pressure_mb":970,"radius_34kt_nm":null},{"date":"19570919","time":"1800","status":"HU","lat":34.5,"lon":-51.9,"wind_kt":85,"pressure_mb":null,"radius_34kt_nm":null},{"date":"19570920","time":"0000","status":"HU","lat":34.4,"lon":-50.6,"wind_kt":85,"pressure_mb":null,"radius_34kt_nm":null},{"date":"19570920","time":"0600","status":"HU","lat":34.3,"lon":-49.2,"wind_kt":90,"pressure_mb":null,"radius_34kt_nm":null},{"date":"19570920","time":"1200","status":"HU","lat":34.2,"lon":-47.7,"wind_kt":95,"pressure_mb":null,"radius_34kt_nm":null},{"date":"19570920","time":"1800","status":"HU","lat":34.2,"lon":-46,"wind_kt":95,"pressure_mb":null,"radius_34kt_nm":null},{"date":"19570921","time":"0000","status":"HU","lat":34.3,"lon":-44,"wind_kt":90,"pressure_mb":null,"radius_34kt_nm":null},{"date":"19570921","time":"0600","status":"HU","lat":34.5,"lon":-42,"wind_kt":90,"pressure_mb":null,"radius_34kt_nm":null},{"date":"19570921","time":"1200","status":"HU","lat":34.7,"lon":-40,"wind_kt":85,"pressure_mb":null,"radius_34kt_nm":null},{"date":"19570921","time":"1800","status":"HU","lat":35,"lon":-38,"wind_kt":80,"pressure_mb":null,"radius_34kt_nm":null},{"date":"19570922","time":"0000","status":"HU","lat":35.5,"lon":-35.6,"wind_kt":80,"pressure_mb":null,"radius_34kt_nm":null},{"date":"19570922","time":"0600","status":"HU","lat":36.1,"lon":-32.8,"wind_kt":75,"pressure_mb":null,"radius_34kt_nm":null},{"date":"19570922","time":"1200","status":"HU","lat":37.5,"lon":-29.5,"wind_kt":75,"pressure_mb":null,"radius_34kt_nm":null},{"date":"19570922","time":"1800","status":"HU","lat":39.2,"lon":-26.2,"wind_kt":70,"pressure_mb":null,"radius_34kt_nm":null},{"date":"19570923","time":"0000","status":"EX","lat":41.5,"lon":-23.2,"wind_kt":70,"pressure_mb":null,"radius_34kt_nm":null},{"date":"19570923","time":"0600","status":"EX","lat":44,"lon":-21,"wind_kt":70,"pressure_mb":null,"radius_34kt_nm":null},{"date":"19570923","time":"1200","status":"EX","lat":46,"lon":-19.2,"wind_kt":65,"pressure_mb":null,"radius_34kt_nm":null},{"date":"19570923","time":"1800","status":"EX","lat":48,"lon":-17.4,"wind_kt":60,"pressure_mb":null,"radius_34kt_nm":null},{"date":"19570924","time":"0000","status":"EX","lat":50,"lon":-16,"wind_kt":55,"pressure_mb":null,"radius_34kt_nm":null},{"date":"19570924","time":"0600","status":"EX","lat":51,"lon":-14.5,"wind_kt":55,"pressure_mb":null,"radius_34kt_nm":null},{"date":"19570924","time":"1200","status":"EX","lat":51.2,"lon":-12.8,"wind_kt":50,"pressure_mb":null,"radius_34kt_nm":null},{"date":"19570924","time":"1800","status":"EX","lat":51.2,"lon":-11,"wind_kt":45,"pressure_mb":null,"radius_34kt_nm":null},{"date":"19570925","time":"0000","status":"EX","lat":51.2,"lon":-9.4,"wind_kt":40,"pressure_mb":null,"radius_34kt_nm":null},{"date":"19570925","time":"0600","status":"EX","lat":51,"lon":-8,"wind_kt":35,"pressure_mb":null,"radius_34kt_nm":null},{"date":"19570925","time":"1200","status":"EX","lat":50.5,"lon":-7,"wind_kt":35,"pressure_mb":null,"radius_34kt_nm":null},{"date":"19570925","time":"1800","status":"EX","lat":50,"lon":-6,"wind_kt":35,"pressure_mb":null,"radius_34kt_nm":null}]}},{"type":"Feature","geometry":{"type":"LineString","coordinates":[[-89.8,23.9],[-89.5,25],[-89,26.3],[-88.5,27.7],[-87.9,28.9],[-87,29.7],[-86.1,30.3],[-86,30.4],[-85.1,31.6],[-84.4,33.1]]},"properties":{"id":"hur-al051957","event_type":"hurricane","name":"DEBBIE","year":1957,"max_wind_kt":35,"min_pressure_mb":1003,"category":0,"preliminary":false,"start_date":"19570907","end_date":"19570909","track":[{"date":"19570907","time":"0600","status":"TS","lat":23.9,"lon":-89.8,"wind_kt":35,"pressure_mb":null,"radius_34kt_nm":null},{"date":"19570907","time":"1200","status":"TS","lat":25,"lon":-89.5,"wind_kt":35,"pressure_mb":null,"radius_34kt_nm":null},{"date":"19570907","time":"1800","status":"TS","lat":26.3,"lon":-89,"wind_kt":35,"pressure_mb":null,"radius_34kt_nm":null},{"date":"19570908","time":"0000","status":"TS","lat":27.7,"lon":-88.5,"wind_kt":35,"pressure_mb":null,"radius_34kt_nm":null},{"date":"19570908","time":"0600","status":"TS","lat":28.9,"lon":-87.9,"wind_kt":35,"pressure_mb":null,"radius_34kt_nm":null},{"date":"19570908","time":"1200","status":"TS","lat":29.7,"lon":-87,"wind_kt":35,"pressure_mb":1003,"radius_34kt_nm":null},{"date":"19570908","time":"1700","status":"TS","lat":30.3,"lon":-86.1,"wind_kt":35,"pressure_mb":null,"radius_34kt_nm":null},{"date":"19570908","time":"1800","status":"TS","lat":30.4,"lon":-86,"wind_kt":35,"pressure_mb":null,"radius_34kt_nm":null},{"date":"19570909","time":"0000","status":"TD","lat":31.6,"lon":-85.1,"wind_kt":30,"pressure_mb":null,"radius_34kt_nm":null},{"date":"19570909","time":"0600","status":"TD","lat":33.1,"lon":-84.4,"wind_kt":25,"pressure_mb":null,"radius_34kt_nm":null}]}},{"type":"Feature","geometry":{"type":"LineString","coordinates":[[-93,20.8],[-93,21.4],[-93,22],[-93,22.7],[-93,23.4],[-93,24.1],[-93,24.5],[-92.8,25.1],[-92.3,26.4],[-91.6,27.9],[-90.9,29.2],[-90.7,30.4],[-90.7,31.5],[-90.9,32.5],[-91,33.5]]},"properties":{"id":"hur-al061957","event_type":"hurricane","name":"ESTHER","year":1957,"max_wind_kt":55,"min_pressure_mb":1000,"category":0,"preliminary":false,"start_date":"19570916","end_date":"19570919","track":[{"date":"19570916","time":"0000","status":"TD","lat":20.8,"lon":-93,"wind_kt":30,"pressure_mb":null,"radius_34kt_nm":null},{"date":"19570916","time":"0600","status":"TS","lat":21.4,"lon":-93,"wind_kt":35,"pressure_mb":null,"radius_34kt_nm":null},{"date":"19570916","time":"1200","status":"TS","lat":22,"lon":-93,"wind_kt":40,"pressure_mb":null,"radius_34kt_nm":null},{"date":"19570916","time":"1800","status":"TS","lat":22.7,"lon":-93,"wind_kt":40,"pressure_mb":null,"radius_34kt_nm":null},{"date":"19570917","time":"0000","status":"TS","lat":23.4,"lon":-93,"wind_kt":40,"pressure_mb":1000,"radius_34kt_nm":null},{"date":"19570917","time":"0600","status":"TS","lat":24.1,"lon":-93,"wind_kt":40,"pressure_mb":null,"radius_34kt_nm":null},{"date":"19570917","time":"1200","status":"TS","lat":24.5,"lon":-93,"wind_kt":40,"pressure_mb":null,"radius_34kt_nm":null},{"date":"19570917","time":"1800","status":"TS","lat":25.1,"lon":-92.8,"wind_kt":40,"pressure_mb":1004,"radius_34kt_nm":null},{"date":"19570918","time":"0000","status":"TS","lat":26.4,"lon":-92.3,"wind_kt":45,"pressure_mb":null,"radius_34kt_nm":null},{"date":"19570918","time":"0600","status":"TS","lat":27.9,"lon":-91.6,"wind_kt":50,"pressure_mb":1000,"radius_34kt_nm":null},{"date":"19570918","time":"1200","status":"TS","lat":29.2,"lon":-90.9,"wind_kt":55,"pressure_mb":null,"radius_34kt_nm":null},{"date":"19570918","time":"1800","status":"TS","lat":30.4,"lon":-90.7,"wind_kt":50,"pressure_mb":null,"radius_34kt_nm":null},{"date":"19570919","time":"0000","status":"TS","lat":31.5,"lon":-90.7,"wind_kt":35,"pressure_mb":1002,"radius_34kt_nm":null},{"date":"19570919","time":"0600","status":"TD","lat":32.5,"lon":-90.9,"wind_kt":25,"pressure_mb":null,"radius_34kt_nm":null},{"date":"19570919","time":"1200","status":"TD","lat":33.5,"lon":-91,"wind_kt":25,"pressure_mb":null,"radius_34kt_nm":null}]}},{"type":"Feature","geometry":{"type":"LineString","coordinates":[[-65.8,31.7],[-65.8,31],[-65.9,29.7],[-65.9,28.2],[-65.8,27.2],[-65.5,27.5],[-65.5,27.8],[-66.7,27.5],[-68.2,26.7],[-69.8,26.7],[-70.5,26.8],[-71.3,26.9],[-71.8,27.3],[-72.2,28],[-72.2,29],[-72,30.4],[-71,31.5],[-70,32.2],[-68.5,33.2],[-66.6,34.4],[-64.5,35.8],[-62.6,37.4],[-60.8,38.8],[-59,40.2],[-57.2,41.4],[-55.8,42.6],[-54.5,44],[-53.5,45.8],[-52.5,48]]},"properties":{"id":"hur-al071957","event_type":"hurricane","name":"FRIEDA","year":1957,"max_wind_kt":75,"min_pressure_mb":975,"category":1,"preliminary":false,"start_date":"19570920","end_date":"19570927","track":[{"date":"19570920","time":"1200","status":"TD","lat":31.7,"lon":-65.8,"wind_kt":25,"pressure_mb":null,"radius_34kt_nm":null},{"date":"19570920","time":"1800","status":"TD","lat":31,"lon":-65.8,"wind_kt":25,"pressure_mb":null,"radius_34kt_nm":null},{"date":"19570921","time":"0000","status":"TD","lat":29.7,"lon":-65.9,"wind_kt":25,"pressure_mb":null,"radius_34kt_nm":null},{"date":"19570921","time":"0600","status":"TD","lat":28.2,"lon":-65.9,"wind_kt":30,"pressure_mb":null,"radius_34kt_nm":null},{"date":"19570921","time":"1200","status":"TD","lat":27.2,"lon":-65.8,"wind_kt":30,"pressure_mb":1005,"radius_34kt_nm":null},{"date":"19570921","time":"1800","status":"TD","lat":27.5,"lon":-65.5,"wind_kt":30,"pressure_mb":1004,"radius_34kt_nm":null},{"date":"19570922","time":"0000","status":"TS","lat":27.8,"lon":-65.5,"wind_kt":35,"pressure_mb":null,"radius_34kt_nm":null},{"date":"19570922","time":"0600","status":"TS","lat":27.5,"lon":-66.7,"wind_kt":40,"pressure_mb":1001,"radius_34kt_nm":null},{"date":"19570922","time":"1200","status":"TS","lat":26.7,"lon":-68.2,"wind_kt":40,"pressure_mb":null,"radius_34kt_nm":null},{"date":"19570922","time":"1800","status":"TS","lat":26.7,"lon":-69.8,"wind_kt":45,"pressure_mb":null,"radius_34kt_nm":null},{"date":"19570923","time":"0000","status":"TS","lat":26.8,"lon":-70.5,"wind_kt":45,"pressure_mb":null,"radius_34kt_nm":null},{"date":"19570923","time":"0600","status":"TS","lat":26.9,"lon":-71.3,"wind_kt":45,"pressure_mb":null,"radius_34kt_nm":null},{"date":"19570923","time":"1200","status":"TS","lat":27.3,"lon":-71.8,"wind_kt":45,"pressure_mb":1004,"radius_34kt_nm":null},{"date":"19570923","time":"1800","status":"TS","lat":28,"lon":-72.2,"wind_kt":45,"pressure_mb":null,"radius_34kt_nm":null},{"date":"19570924","time":"0000","status":"TS","lat":29,"lon":-72.2,"wind_kt":45,"pressure_mb":null,"radius_34kt_nm":null},{"date":"19570924","time":"0600","status":"TS","lat":30.4,"lon":-72,"wind_kt":45,"pressure_mb":null,"radius_34kt_nm":null},{"date":"19570924","time":"1200","status":"TS","lat":31.5,"lon":-71,"wind_kt":45,"pressure_mb":1002,"radius_34kt_nm":null},{"date":"19570924","time":"1800","status":"TS","lat":32.2,"lon":-70,"wind_kt":50,"pressure_mb":null,"radius_34kt_nm":null},{"date":"19570925","time":"0000","status":"TS","lat":33.2,"lon":-68.5,"wind_kt":60,"pressure_mb":995,"radius_34kt_nm":null},{"date":"19570925","time":"0600","status":"HU","lat":34.4,"lon":-66.6,"wind_kt":70,"pressure_mb":null,"radius_34kt_nm":null},{"date":"19570925","time":"1200","status":"HU","lat":35.8,"lon":-64.5,"wind_kt":75,"pressure_mb":null,"radius_34kt_nm":null},{"date":"19570925","time":"1800","status":"HU","lat":37.4,"lon":-62.6,"wind_kt":75,"pressure_mb":975,"radius_34kt_nm":null},{"date":"19570926","time":"0000","status":"HU","lat":38.8,"lon":-60.8,"wind_kt":75,"pressure_mb":976,"radius_34kt_nm":null},{"date":"19570926","time":"0600","status":"EX","lat":40.2,"lon":-59,"wind_kt":70,"pressure_mb":null,"radius_34kt_nm":null},{"date":"19570926","time":"1200","status":"EX","lat":41.4,"lon":-57.2,"wind_kt":65,"pressure_mb":null,"radius_34kt_nm":null},{"date":"19570926","time":"1800","status":"EX","lat":42.6,"lon":-55.8,"wind_kt":60,"pressure_mb":null,"radius_34kt_nm":null},{"date":"19570927","time":"0000","status":"EX","lat":44,"lon":-54.5,"wind_kt":55,"pressure_mb":null,"radius_34kt_nm":null},{"date":"19570927","time":"0600","status":"EX","lat":45.8,"lon":-53.5,"wind_kt":50,"pressure_mb":null,"radius_34kt_nm":null},{"date":"19570927","time":"1200","status":"EX","lat":48,"lon":-52.5,"wind_kt":50,"pressure_mb":null,"radius_34kt_nm":null}]}},{"type":"Feature","geometry":{"type":"LineString","coordinates":[[-58,23.3],[-59.3,24.3],[-60.6,25],[-61.9,25.2],[-63.2,24.9],[-64.2,24.9],[-65,25.4],[-65.6,26.2],[-65.8,27.2],[-65.4,28.2],[-64.8,29.2],[-63.8,30.5],[-62.8,32.3],[-61.5,34.7],[-59.5,36.2],[-57,37],[-54,37.5],[-50.5,37.9],[-47.5,38.3],[-44.6,38.8]]},"properties":{"id":"hur-al081957","event_type":"hurricane","name":null,"year":1957,"max_wind_kt":50,"min_pressure_mb":991,"category":0,"preliminary":false,"start_date":"19571023","end_date":"19571027","track":[{"date":"19571023","time":"0000","status":"TD","lat":23.3,"lon":-58,"wind_kt":30,"pressure_mb":null,"radius_34kt_nm":null},{"date":"19571023","time":"0600","status":"TS","lat":24.3,"lon":-59.3,"wind_kt":35,"pressure_mb":null,"radius_34kt_nm":null},{"date":"19571023","time":"1200","status":"TS","lat":25,"lon":-60.6,"wind_kt":40,"pressure_mb":null,"radius_34kt_nm":null},{"date":"19571023","time":"1800","status":"TS","lat":25.2,"lon":-61.9,"wind_kt":40,"pressure_mb":null,"radius_34kt_nm":null},{"date":"19571024","time":"0000","status":"TS","lat":24.9,"lon":-63.2,"wind_kt":45,"pressure_mb":998,"radius_34kt_nm":null},{"date":"19571024","time":"0600","status":"TS","lat":24.9,"lon":-64.2,"wind_kt":45,"pressure_mb":null,"radius_34kt_nm":null},{"date":"19571024","time":"1200","status":"TS","lat":25.4,"lon":-65,"wind_kt":45,"pressure_mb":null,"radius_34kt_nm":null},{"date":"19571024","time":"1800","status":"TS","lat":26.2,"lon":-65.6,"wind_kt":50,"pressure_mb":null,"radius_34kt_nm":null},{"date":"19571025","time":"0000","status":"TS","lat":27.2,"lon":-65.8,"wind_kt":50,"pressure_mb":null,"radius_34kt_nm":null},{"date":"19571025","time":"0600","status":"TS","lat":28.2,"lon":-65.4,"wind_kt":50,"pressure_mb":991,"radius_34kt_nm":null},{"date":"19571025","time":"1200","status":"TS","lat":29.2,"lon":-64.8,"wind_kt":50,"pressure_mb":null,"radius_34kt_nm":null},{"date":"19571025","time":"1800","status":"TS","lat":30.5,"lon":-63.8,"wind_kt":50,"pressure_mb":995,"radius_34kt_nm":null},{"date":"19571026","time":"0000","status":"TS","lat":32.3,"lon":-62.8,"wind_kt":45,"pressure_mb":null,"radius_34kt_nm":null},{"date":"19571026","time":"0600","status":"TS","lat":34.7,"lon":-61.5,"wind_kt":45,"pressure_mb":null,"radius_34kt_nm":null},{"date":"19571026","time":"1200","status":"TS","lat":36.2,"lon":-59.5,"wind_kt":45,"pressure_mb":null,"radius_34kt_nm":null},{"date":"19571026","time":"1800","status":"TS","lat":37,"lon":-57,"wind_kt":45,"pressure_mb":null,"radius_34kt_nm":null},{"date":"19571027","time":"0000","status":"TS","lat":37.5,"lon":-54,"wind_kt":40,"pressure_mb":null,"radius_34kt_nm":null},{"date":"19571027","time":"0600","status":"TS","lat":37.9,"lon":-50.5,"wind_kt":35,"pressure_mb":null,"radius_34kt_nm":null},{"date":"19571027","time":"1200","status":"TD","lat":38.3,"lon":-47.5,"wind_kt":30,"pressure_mb":null,"radius_34kt_nm":null},{"date":"19571027","time":"1800","status":"TD","lat":38.8,"lon":-44.6,"wind_kt":25,"pressure_mb":null,"radius_34kt_nm":null}]}},{"type":"Feature","geometry":{"type":"LineString","coordinates":[[-94.5,21.1],[-95,21.7],[-95.6,22.5],[-96.4,23.5],[-97.3,24.5],[-97.6,24.9],[-98.1,25.6],[-99,26.7],[-100.1,27.9],[-101,29.1]]},"properties":{"id":"hur-al011958","event_type":"hurricane","name":"ALMA","year":1958,"max_wind_kt":55,"min_pressure_mb":null,"category":0,"preliminary":false,"start_date":"19580614","end_date":"19580616","track":[{"date":"19580614","time":"0600","status":"TD","lat":21.1,"lon":-94.5,"wind_kt":30,"pressure_mb":null,"radius_34kt_nm":null},{"date":"19580614","time":"1200","status":"TS","lat":21.7,"lon":-95,"wind_kt":40,"pressure_mb":null,"radius_34kt_nm":null},{"date":"19580614","time":"1800","status":"TS","lat":22.5,"lon":-95.6,"wind_kt":50,"pressure_mb":null,"radius_34kt_nm":null},{"date":"19580615","time":"0000","status":"TS","lat":23.5,"lon":-96.4,"wind_kt":55,"pressure_mb":null,"radius_34kt_nm":null},{"date":"19580615","time":"0600","status":"TS","lat":24.5,"lon":-97.3,"wind_kt":55,"pressure_mb":null,"radius_34kt_nm":null},{"date":"19580615","time":"0800","status":"TS","lat":24.9,"lon":-97.6,"wind_kt":55,"pressure_mb":null,"radius_34kt_nm":null},{"date":"19580615","time":"1200","status":"TS","lat":25.6,"lon":-98.1,"wind_kt":45,"pressure_mb":null,"radius_34kt_nm":null},{"date":"19580615","time":"1800","status":"TD","lat":26.7,"lon":-99,"wind_kt":30,"pressure_mb":null,"radius_34kt_nm":null},{"date":"19580616","time":"0000","status":"TD","lat":27.9,"lon":-100.1,"wind_kt":25,"pressure_mb":null,"radius_34kt_nm":null},{"date":"19580616","time":"0600","status":"TD","lat":29.1,"lon":-101,"wind_kt":20,"pressure_mb":null,"radius_34kt_nm":null}]}},{"type":"Feature","geometry":{"type":"LineString","coordinates":[[-20.5,16.5],[-21.8,16.7],[-23.3,16.9],[-25,17.2],[-26.8,17.4],[-28.6,17.5],[-30.4,17.5],[-32.2,17.5],[-34,17.5],[-35.8,17.5],[-37.9,17.5],[-40,17.6],[-42,17.7],[-44,17.9],[-46.1,18.1],[-48.3,18.2],[-50.5,18.3],[-52.9,18.5],[-55,18.8],[-56.7,19.2],[-58.4,19.8],[-60.4,20.4],[-62.4,21.3],[-64.7,22.2],[-67.4,23],[-69.8,24],[-71.7,25.3],[-73.2,27],[-73.9,28.5],[-73.9,29.5],[-73.8,31],[-73.7,32.2],[-73,33.5],[-72.1,34.8],[-69,36.3],[-65.5,39.2],[-62.3,42.5]]},"properties":{"id":"hur-al021958","event_type":"hurricane","name":"BECKY","year":1958,"max_wind_kt":60,"min_pressure_mb":1004,"category":0,"preliminary":false,"start_date":"19580808","end_date":"19580817","track":[{"date":"19580808","time":"1200","status":"TD","lat":16.5,"lon":-20.5,"wind_kt":25,"pressure_mb":null,"radius_34kt_nm":null},{"date":"19580808","time":"1800","status":"TD","lat":16.7,"lon":-21.8,"wind_kt":25,"pressure_mb":null,"radius_34kt_nm":null},{"date":"19580809","time":"0000","status":"TD","lat":16.9,"lon":-23.3,"wind_kt":30,"pressure_mb":null,"radius_34kt_nm":null},{"date":"19580809","time":"0600","status":"TS","lat":17.2,"lon":-25,"wind_kt":35,"pressure_mb":null,"radius_34kt_nm":null},{"date":"19580809","time":"1200","status":"TS","lat":17.4,"lon":-26.8,"wind_kt":40,"pressure_mb":null,"radius_34kt_nm":null},{"date":"19580809","time":"1800","status":"TS","lat":17.5,"lon":-28.6,"wind_kt":45,"pressure_mb":null,"radius_34kt_nm":null},{"date":"19580810","time":"0000","status":"TS","lat":17.5,"lon":-30.4,"wind_kt":45,"pressure_mb":null,"radius_34kt_nm":null},{"date":"19580810","time":"0600","status":"TS","lat":17.5,"lon":-32.2,"wind_kt":45,"pressure_mb":null,"radius_34kt_nm":null},{"date":"19580810","time":"1200","status":"TS","lat":17.5,"lon":-34,"wind_kt":45,"pressure_mb":null,"radius_34kt_nm":null},{"date":"19580810","time":"1800","status":"TS","lat":17.5,"lon":-35.8,"wind_kt":45,"pressure_mb":null,"radius_34kt_nm":null},{"date":"19580811","time":"0000","status":"TS","lat":17.5,"lon":-37.9,"wind_kt":45,"pressure_mb":null,"radius_34kt_nm":null},{"date":"19580811","time":"0600","status":"TS","lat":17.6,"lon":-40,"wind_kt":45,"pressure_mb":null,"radius_34kt_nm":null},{"date":"19580811","time":"1200","status":"TS","lat":17.7,"lon":-42,"wind_kt":45,"pressure_mb":null,"radius_34kt_nm":null},{"date":"19580811","time":"1800","status":"TS","lat":17.9,"lon":-44,"wind_kt":45,"pressure_mb":null,"radius_34kt_nm":null},{"date":"19580812","time":"0000","status":"TS","lat":18.1,"lon":-46.1,"wind_kt":45,"pressure_mb":null,"radius_34kt_nm":null},{"date":"19580812","time":"0600","status":"TS","lat":18.2,"lon":-48.3,"wind_kt":45,"pressure_mb":null,"radius_34kt_nm":null},{"date":"19580812","time":"1200","status":"TS","lat":18.3,"lon":-50.5,"wind_kt":45,"pressure_mb":null,"radius_34kt_nm":null},{"date":"19580812","time":"1800","status":"TS","lat":18.5,"lon":-52.9,"wind_kt":45,"pressure_mb":1006,"radius_34kt_nm":null},{"date":"19580813","time":"0000","status":"TS","lat":18.8,"lon":-55,"wind_kt":45,"pressure_mb":null,"radius_34kt_nm":null},{"date":"19580813","time":"0600","status":"TS","lat":19.2,"lon":-56.7,"wind_kt":45,"pressure_mb":null,"radius_34kt_nm":null},{"date":"19580813","time":"1200","status":"TS","lat":19.8,"lon":-58.4,"wind_kt":45,"pressure_mb":null,"radius_34kt_nm":null},{"date":"19580813","time":"1800","status":"TS","lat":20.4,"lon":-60.4,"wind_kt":40,"pressure_mb":null,"radius_34kt_nm":null},{"date":"19580814","time":"0000","status":"TS","lat":21.3,"lon":-62.4,"wind_kt":40,"pressure_mb":null,"radius_34kt_nm":null},{"date":"19580814","time":"0600","status":"TS","lat":22.2,"lon":-64.7,"wind_kt":40,"pressure_mb":null,"radius_34kt_nm":null},{"date":"19580814","time":"1200","status":"TS","lat":23,"lon":-67.4,"wind_kt":40,"pressure_mb":null,"radius_34kt_nm":null},{"date":"19580814","time":"1800","status":"TS","lat":24,"lon":-69.8,"wind_kt":40,"pressure_mb":null,"radius_34kt_nm":null},{"date":"19580815","time":"0000","status":"TS","lat":25.3,"lon":-71.7,"wind_kt":40,"pressure_mb":null,"radius_34kt_nm":null},{"date":"19580815","time":"0600","status":"TS","lat":27,"lon":-73.2,"wind_kt":40,"pressure_mb":null,"radius_34kt_nm":null},{"date":"19580815","time":"1200","status":"TS","lat":28.5,"lon":-73.9,"wind_kt":40,"pressure_mb":null,"radius_34kt_nm":null},{"date":"19580815","time":"1800","status":"TS","lat":29.5,"lon":-73.9,"wind_kt":40,"pressure_mb":null,"radius_34kt_nm":null},{"date":"19580816","time":"0000","status":"TS","lat":31,"lon":-73.8,"wind_kt":40,"pressure_mb":null,"radius_34kt_nm":null},{"date":"19580816","time":"0600","status":"TS","lat":32.2,"lon":-73.7,"wind_kt":40,"pressure_mb":null,"radius_34kt_nm":null},{"date":"19580816","time":"1200","status":"TS","lat":33.5,"lon":-73,"wind_kt":40,"pressure_mb":1004,"radius_34kt_nm":null},{"date":"19580816","time":"1800","status":"TS","lat":34.8,"lon":-72.1,"wind_kt":45,"pressure_mb":null,"radius_34kt_nm":null},{"date":"19580817","time":"0000","status":"TS","lat":36.3,"lon":-69,"wind_kt":50,"pressure_mb":null,"radius_34kt_nm":null},{"date":"19580817","time":"0600","status":"TS","lat":39.2,"lon":-65.5,"wind_kt":55,"pressure_mb":null,"radius_34kt_nm":null},{"date":"19580817","time":"1200","status":"TS","lat":42.5,"lon":-62.3,"wind_kt":60,"pressure_mb":null,"radius_34kt_nm":null}]}},{"type":"Feature","geometry":{"type":"LineString","coordinates":[[-20.5,12],[-23,12],[-25.5,12],[-27.8,12],[-29.8,12],[-31.8,12],[-33.8,12],[-35.8,12],[-37.8,12.2],[-39.6,12.4],[-41.2,12.7],[-42.7,13.1],[-44.2,13.5],[-45.7,14],[-47.1,14.6],[-48.3,15.2],[-49,15.9],[-49.4,16.7],[-49.6,18.1],[-49.9,19.8],[-50.4,21.3],[-51,22.7],[-51.6,24.1],[-52.4,25.4],[-53.4,26.7],[-54.4,28.1],[-55.3,29.4],[-55.9,30.6],[-56.4,31.8],[-56.5,33.1],[-56.2,34.4],[-55.7,35.8],[-54.9,37.6],[-52.4,39.9],[-49.9,42.4],[-47.1,44.8],[-43.8,46.6],[-40,47],[-36.5,47],[-33,46.3],[-29.5,45.2],[-26,44],[-23,42.8],[-21,41.8],[-19.2,40.9],[-18,40],[-17,39.2]]},"properties":{"id":"hur-al031958","event_type":"hurricane","name":"CLEO","year":1958,"max_wind_kt":120,"min_pressure_mb":947,"category":4,"preliminary":false,"start_date":"19580811","end_date":"19580822","track":[{"date":"19580811","time":"0600","status":"TD","lat":12,"lon":-20.5,"wind_kt":25,"pressure_mb":null,"radius_34kt_nm":null},{"date":"19580811","time":"1200","status":"TD","lat":12,"lon":-23,"wind_kt":25,"pressure_mb":null,"radius_34kt_nm":null},{"date":"19580811","time":"1800","status":"TD","lat":12,"lon":-25.5,"wind_kt":30,"pressure_mb":null,"radius_34kt_nm":null},{"date":"19580812","time":"0000","status":"TD","lat":12,"lon":-27.8,"wind_kt":30,"pressure_mb":null,"radius_34kt_nm":null},{"date":"19580812","time":"0600","status":"TS","lat":12,"lon":-29.8,"wind_kt":35,"pressure_mb":null,"radius_34kt_nm":null},{"date":"19580812","time":"1200","status":"TS","lat":12,"lon":-31.8,"wind_kt":40,"pressure_mb":null,"radius_34kt_nm":null},{"date":"19580812","time":"1800","status":"TS","lat":12,"lon":-33.8,"wind_kt":50,"pressure_mb":null,"radius_34kt_nm":null},{"date":"19580813","time":"0000","status":"HU","lat":12,"lon":-35.8,"wind_kt":65,"pressure_mb":null,"radius_34kt_nm":null},{"date":"19580813","time":"0600","status":"HU","lat":12.2,"lon":-37.8,"wind_kt":80,"pressure_mb":null,"radius_34kt_nm":null},{"date":"19580813","time":"1200","status":"HU","lat":12.4,"lon":-39.6,"wind_kt":85,"pressure_mb":null,"radius_34kt_nm":null},{"date":"19580813","time":"1800","status":"HU","lat":12.7,"lon":-41.2,"wind_kt":85,"pressure_mb":null,"radius_34kt_nm":null},{"date":"19580814","time":"0000","status":"HU","lat":13.1,"lon":-42.7,"wind_kt":90,"pressure_mb":null,"radius_34kt_nm":null},{"date":"19580814","time":"0600","status":"HU","lat":13.5,"lon":-44.2,"wind_kt":95,"pressure_mb":null,"radius_34kt_nm":null},{"date":"19580814","time":"1200","status":"HU","lat":14,"lon":-45.7,"wind_kt":100,"pressure_mb":null,"radius_34kt_nm":null},{"date":"19580814","time":"1800","status":"HU","lat":14.6,"lon":-47.1,"wind_kt":100,"pressure_mb":960,"radius_34kt_nm":null},{"date":"19580815","time":"0000","status":"HU","lat":15.2,"lon":-48.3,"wind_kt":105,"pressure_mb":null,"radius_34kt_nm":null},{"date":"19580815","time":"0600","status":"HU","lat":15.9,"lon":-49,"wind_kt":110,"pressure_mb":null,"radius_34kt_nm":null},{"date":"19580815","time":"1200","status":"HU","lat":16.7,"lon":-49.4,"wind_kt":115,"pressure_mb":951,"radius_34kt_nm":null},{"date":"19580815","time":"1800","status":"HU","lat":18.1,"lon":-49.6,"wind_kt":120,"pressure_mb":947,"radius_34kt_nm":null},{"date":"19580816","time":"0000","status":"HU","lat":19.8,"lon":-49.9,"wind_kt":115,"pressure_mb":953,"radius_34kt_nm":null},{"date":"19580816","time":"0600","status":"HU","lat":21.3,"lon":-50.4,"wind_kt":115,"pressure_mb":956,"radius_34kt_nm":null},{"date":"19580816","time":"1200","status":"HU","lat":22.7,"lon":-51,"wind_kt":110,"pressure_mb":954,"radius_34kt_nm":null},{"date":"19580816","time":"1800","status":"HU","lat":24.1,"lon":-51.6,"wind_kt":100,"pressure_mb":null,"radius_34kt_nm":null},{"date":"19580817","time":"0000","status":"HU","lat":25.4,"lon":-52.4,"wind_kt":95,"pressure_mb":null,"radius_34kt_nm":null},{"date":"19580817","time":"0600","status":"HU","lat":26.7,"lon":-53.4,"wind_kt":90,"pressure_mb":959,"radius_34kt_nm":null},{"date":"19580817","time":"1200","status":"HU","lat":28.1,"lon":-54.4,"wind_kt":85,"pressure_mb":965,"radius_34kt_nm":null},{"date":"19580817","time":"1800","status":"HU","lat":29.4,"lon":-55.3,"wind_kt":85,"pressure_mb":968,"radius_34kt_nm":null},{"date":"19580818","time":"0000","status":"HU","lat":30.6,"lon":-55.9,"wind_kt":85,"pressure_mb":null,"radius_34kt_nm":null},{"date":"19580818","time":"0600","status":"HU","lat":31.8,"lon":-56.4,"wind_kt":80,"pressure_mb":null,"radius_34kt_nm":null},{"date":"19580818","time":"1200","status":"HU","lat":33.1,"lon":-56.5,"wind_kt":80,"pressure_mb":973,"radius_34kt_nm":null},{"date":"19580818","time":"1800","status":"HU","lat":34.4,"lon":-56.2,"wind_kt":80,"pressure_mb":972,"radius_34kt_nm":null},{"date":"19580819","time":"0000","status":"HU","lat":35.8,"lon":-55.7,"wind_kt":80,"pressure_mb":null,"radius_34kt_nm":null},{"date":"19580819","time":"0600","status":"HU","lat":37.6,"lon":-54.9,"wind_kt":85,"pressure_mb":null,"radius_34kt_nm":null},{"date":"19580819","time":"1200","status":"HU","lat":39.9,"lon":-52.4,"wind_kt":85,"pressure_mb":973,"radius_34kt_nm":null},{"date":"19580819","time":"1800","status":"HU","lat":42.4,"lon":-49.9,"wind_kt":80,"pressure_mb":980,"radius_34kt_nm":null},{"date":"19580820","time":"0000","status":"EX","lat":44.8,"lon":-47.1,"wind_kt":75,"pressure_mb":null,"radius_34kt_nm":null},{"date":"19580820","time":"0600","status":"EX","lat":46.6,"lon":-43.8,"wind_kt":65,"pressure_mb":null,"radius_34kt_nm":null},{"date":"19580820","time":"1200","status":"EX","lat":47,"lon":-40,"wind_kt":60,"pressure_mb":null,"radius_34kt_nm":null},{"date":"19580820","time":"1800","status":"EX","lat":47,"lon":-36.5,"wind_kt":55,"pressure_mb":null,"radius_34kt_nm":null},{"date":"19580821","time":"0000","status":"EX","lat":46.3,"lon":-33,"wind_kt":50,"pressure_mb":null,"radius_34kt_nm":null},{"date":"19580821","time":"0600","status":"EX","lat":45.2,"lon":-29.5,"wind_kt":40,"pressure_mb":null,"radius_34kt_nm":null},{"date":"19580821","time":"1200","status":"EX","lat":44,"lon":-26,"wind_kt":35,"pressure_mb":null,"radius_34kt_nm":null},{"date":"19580821","time":"1800","status":"EX","lat":42.8,"lon":-23,"wind_kt":35,"pressure_mb":null,"radius_34kt_nm":null},{"date":"19580822","time":"0000","status":"EX","lat":41.8,"lon":-21,"wind_kt":30,"pressure_mb":null,"radius_34kt_nm":null},{"date":"19580822","time":"0600","status":"EX","lat":40.9,"lon":-19.2,"wind_kt":25,"pressure_mb":null,"radius_34kt_nm":null},{"date":"19580822","time":"1200","status":"EX","lat":40,"lon":-18,"wind_kt":25,"pressure_mb":null,"radius_34kt_nm":null},{"date":"19580822","time":"1800","status":"EX","lat":39.2,"lon":-17,"wind_kt":25,"pressure_mb":null,"radius_34kt_nm":null}]}},{"type":"Feature","geometry":{"type":"LineString","coordinates":[[-73,25],[-73.3,25.2],[-73.6,25.5],[-74,25.8],[-74.5,26.1],[-74.9,26.3],[-75.3,26.5],[-75.5,26.7],[-75.8,27.1],[-76.3,27.5],[-76.8,27.8],[-77,28.1],[-77.1,28.5],[-76.9,28.8],[-76.5,29],[-76,29.2],[-75.6,29.6],[-75,30.3],[-74.6,31.5],[-74.2,33.1],[-74.1,34.7],[-73.9,36.3],[-72.6,38],[-70.4,40],[-67.9,41.5],[-65,42],[-61,42.5],[-57,42.2],[-53,42.2],[-49,42.2]]},"properties":{"id":"hur-al041958","event_type":"hurricane","name":"DAISY","year":1958,"max_wind_kt":115,"min_pressure_mb":948,"category":4,"preliminary":false,"start_date":"19580823","end_date":"19580831","track":[{"date":"19580823","time":"1800","status":"TD","lat":25,"lon":-73,"wind_kt":25,"pressure_mb":null,"radius_34kt_nm":null},{"date":"19580824","time":"0000","status":"TD","lat":25.2,"lon":-73.3,"wind_kt":25,"pressure_mb":null,"radius_34kt_nm":null},{"date":"19580824","time":"0600","status":"TD","lat":25.5,"lon":-73.6,"wind_kt":30,"pressure_mb":null,"radius_34kt_nm":null},{"date":"19580824","time":"1200","status":"TS","lat":25.8,"lon":-74,"wind_kt":35,"pressure_mb":null,"radius_34kt_nm":null},{"date":"19580824","time":"1800","status":"TS","lat":26.1,"lon":-74.5,"wind_kt":40,"pressure_mb":null,"radius_34kt_nm":null},{"date":"19580825","time":"0000","status":"TS","lat":26.3,"lon":-74.9,"wind_kt":50,"pressure_mb":1002,"radius_34kt_nm":null},{"date":"19580825","time":"0600","status":"TS","lat":26.5,"lon":-75.3,"wind_kt":50,"pressure_mb":1000,"radius_34kt_nm":null},{"date":"19580825","time":"1200","status":"TS","lat":26.7,"lon":-75.5,"wind_kt":55,"pressure_mb":996,"radius_34kt_nm":null},{"date":"19580825","time":"1800","status":"TS","lat":27.1,"lon":-75.8,"wind_kt":55,"pressure_mb":997,"radius_34kt_nm":null},{"date":"19580826","time":"0000","status":"TS","lat":27.5,"lon":-76.3,"wind_kt":60,"pressure_mb":992,"radius_34kt_nm":null},{"date":"19580826","time":"0600","status":"HU","lat":27.8,"lon":-76.8,"wind_kt":70,"pressure_mb":null,"radius_34kt_nm":null},{"date":"19580826","time":"1200","status":"HU","lat":28.1,"lon":-77,"wind_kt":85,"pressure_mb":975,"radius_34kt_nm":null},{"date":"19580826","time":"1800","status":"HU","lat":28.5,"lon":-77.1,"wind_kt":85,"pressure_mb":975,"radius_34kt_nm":null},{"date":"19580827","time":"0000","status":"HU","lat":28.8,"lon":-76.9,"wind_kt":90,"pressure_mb":972,"radius_34kt_nm":null},{"date":"19580827","time":"0600","status":"HU","lat":29,"lon":-76.5,"wind_kt":100,"pressure_mb":null,"radius_34kt_nm":null},{"date":"19580827","time":"1200","status":"HU","lat":29.2,"lon":-76,"wind_kt":110,"pressure_mb":952,"radius_34kt_nm":null},{"date":"19580827","time":"1800","status":"HU","lat":29.6,"lon":-75.6,"wind_kt":115,"pressure_mb":948,"radius_34kt_nm":null},{"date":"19580828","time":"0000","status":"HU","lat":30.3,"lon":-75,"wind_kt":115,"pressure_mb":null,"radius_34kt_nm":null},{"date":"19580828","time":"0600","status":"HU","lat":31.5,"lon":-74.6,"wind_kt":110,"pressure_mb":null,"radius_34kt_nm":null},{"date":"19580828","time":"1200","status":"HU","lat":33.1,"lon":-74.2,"wind_kt":100,"pressure_mb":null,"radius_34kt_nm":null},{"date":"19580828","time":"1800","status":"HU","lat":34.7,"lon":-74.1,"wind_kt":95,"pressure_mb":965,"radius_34kt_nm":null},{"date":"19580829","time":"0000","status":"HU","lat":36.3,"lon":-73.9,"wind_kt":95,"pressure_mb":965,"radius_34kt_nm":null},{"date":"19580829","time":"0600","status":"HU","lat":38,"lon":-72.6,"wind_kt":90,"pressure_mb":969,"radius_34kt_nm":null},{"date":"19580829","time":"1200","status":"HU","lat":40,"lon":-70.4,"wind_kt":80,"pressure_mb":null,"radius_34kt_nm":null},{"date":"19580829","time":"1800","status":"EX","lat":41.5,"lon":-67.9,"wind_kt":70,"pressure_mb":980,"radius_34kt_nm":null},{"date":"19580830","time":"0000","status":"EX","lat":42,"lon":-65,"wind_kt":65,"pressure_mb":null,"radius_34kt_nm":null},{"date":"19580830","time":"0600","status":"EX","lat":42.5,"lon":-61,"wind_kt":60,"pressure_mb":null,"radius_34kt_nm":null},{"date":"19580830","time":"1200","status":"EX","lat":42.2,"lon":-57,"wind_kt":50,"pressure_mb":null,"radius_34kt_nm":null},{"date":"19580830","time":"1800","status":"EX","lat":42.2,"lon":-53,"wind_kt":50,"pressure_mb":null,"radius_34kt_nm":null},{"date":"19580831","time":"0000","status":"EX","lat":42.2,"lon":-49,"wind_kt":50,"pressure_mb":null,"radius_34kt_nm":null}]}},{"type":"Feature","geometry":{"type":"LineString","coordinates":[[-58,12.5],[-60,13.8],[-61.9,14.8],[-63.8,15.5],[-65.5,15.9],[-67.2,16],[-69,16.3],[-70.7,16.8],[-72.1,17.5],[-73.4,18.2],[-74.8,19.1],[-76.2,20],[-77.4,20.7],[-78.2,21.1],[-79.2,21.3],[-80.4,21.5],[-81.7,21.7],[-82.7,21.8],[-83,21.9],[-84,22.1],[-84.2,22.1],[-85.4,22.4],[-86.6,22.8],[-87.7,23.2],[-88.8,23.8],[-90.1,24.7],[-91.5,25.6],[-92.8,26.3],[-94,26.8],[-95.3,27.1],[-96.8,27.4],[-97.2,27.5],[-98,27.5],[-98.8,27.5],[-99.5,27.5]]},"properties":{"id":"hur-al051958","event_type":"hurricane","name":"ELLA","year":1958,"max_wind_kt":95,"min_pressure_mb":983,"category":2,"preliminary":false,"start_date":"19580830","end_date":"19580907","track":[{"date":"19580830","time":"0600","status":"TD","lat":12.5,"lon":-58,"wind_kt":30,"pressure_mb":null,"radius_34kt_nm":null},{"date":"19580830","time":"1200","status":"TS","lat":13.8,"lon":-60,"wind_kt":35,"pressure_mb":null,"radius_34kt_nm":null},{"date":"19580830","time":"1800","status":"TS","lat":14.8,"lon":-61.9,"wind_kt":35,"pressure_mb":null,"radius_34kt_nm":null},{"date":"19580831","time":"0000","status":"TS","lat":15.5,"lon":-63.8,"wind_kt":40,"pressure_mb":null,"radius_34kt_nm":null},{"date":"19580831","time":"0600","status":"TS","lat":15.9,"lon":-65.5,"wind_kt":50,"pressure_mb":null,"radius_34kt_nm":null},{"date":"19580831","time":"1200","status":"HU","lat":16,"lon":-67.2,"wind_kt":65,"pressure_mb":null,"radius_34kt_nm":null},{"date":"19580831","time":"1800","status":"HU","lat":16.3,"lon":-69,"wind_kt":70,"pressure_mb":null,"radius_34kt_nm":null},{"date":"19580901","time":"0000","status":"HU","lat":16.8,"lon":-70.7,"wind_kt":75,"pressure_mb":983,"radius_34kt_nm":null},{"date":"19580901","time":"0600","status":"HU","lat":17.5,"lon":-72.1,"wind_kt":85,"pressure_mb":null,"radius_34kt_nm":null},{"date":"19580901","time":"1200","status":"HU","lat":18.2,"lon":-73.4,"wind_kt":95,"pressure_mb":null,"radius_34kt_nm":null},{"date":"19580901","time":"1800","status":"HU","lat":19.1,"lon":-74.8,"wind_kt":70,"pressure_mb":995,"radius_34kt_nm":null},{"date":"19580902","time":"0000","status":"HU","lat":20,"lon":-76.2,"wind_kt":70,"pressure_mb":null,"radius_34kt_nm":null},{"date":"19580902","time":"0600","status":"TS","lat":20.7,"lon":-77.4,"wind_kt":55,"pressure_mb":null,"radius_34kt_nm":null},{"date":"19580902","time":"1200","status":"TS","lat":21.1,"lon":-78.2,"wind_kt":50,"pressure_mb":null,"radius_34kt_nm":null},{"date":"19580902","time":"1800","status":"TS","lat":21.3,"lon":-79.2,"wind_kt":45,"pressure_mb":1004,"radius_34kt_nm":null},{"date":"19580903","time":"0000","status":"TS","lat":21.5,"lon":-80.4,"wind_kt":50,"pressure_mb":null,"radius_34kt_nm":null},{"date":"19580903","time":"0600","status":"TS","lat":21.7,"lon":-81.7,"wind_kt":50,"pressure_mb":null,"radius_34kt_nm":null},{"date":"19580903","time":"1100","status":"TS","lat":21.8,"lon":-82.7,"wind_kt":55,"pressure_mb":1003,"radius_34kt_nm":null},{"date":"19580903","time":"1200","status":"TS","lat":21.9,"lon":-83,"wind_kt":55,"pressure_mb":1003,"radius_34kt_nm":null},{"date":"19580903","time":"1700","status":"TS","lat":22.1,"lon":-84,"wind_kt":60,"pressure_mb":null,"radius_34kt_nm":null},{"date":"19580903","time":"1800","status":"TS","lat":22.1,"lon":-84.2,"wind_kt":60,"pressure_mb":null,"radius_34kt_nm":null},{"date":"19580904","time":"0000","status":"TS","lat":22.4,"lon":-85.4,"wind_kt":60,"pressure_mb":1001,"radius_34kt_nm":null},{"date":"19580904","time":"0600","status":"TS","lat":22.8,"lon":-86.6,"wind_kt":60,"pressure_mb":null,"radius_34kt_nm":null},{"date":"19580904","time":"1200","status":"TS","lat":23.2,"lon":-87.7,"wind_kt":60,"pressure_mb":null,"radius_34kt_nm":null},{"date":"19580904","time":"1800","status":"TS","lat":23.8,"lon":-88.8,"wind_kt":60,"pressure_mb":null,"radius_34kt_nm":null},{"date":"19580905","time":"0000","status":"TS","lat":24.7,"lon":-90.1,"wind_kt":55,"pressure_mb":null,"radius_34kt_nm":null},{"date":"19580905","time":"0600","status":"TS","lat":25.6,"lon":-91.5,"wind_kt":55,"pressure_mb":null,"radius_34kt_nm":null},{"date":"19580905","time":"1200","status":"TS","lat":26.3,"lon":-92.8,"wind_kt":50,"pressure_mb":1002,"radius_34kt_nm":null},{"date":"19580905","time":"1800","status":"TS","lat":26.8,"lon":-94,"wind_kt":50,"pressure_mb":null,"radius_34kt_nm":null},{"date":"19580906","time":"0000","status":"TS","lat":27.1,"lon":-95.3,"wind_kt":50,"pressure_mb":1001,"radius_34kt_nm":null},{"date":"19580906","time":"0600","status":"TS","lat":27.4,"lon":-96.8,"wind_kt":50,"pressure_mb":1001,"radius_34kt_nm":null},{"date":"19580906","time":"0800","status":"TS","lat":27.5,"lon":-97.2,"wind_kt":50,"pressure_mb":1001,"radius_34kt_nm":null},{"date":"19580906","time":"1200","status":"TD","lat":27.5,"lon":-98,"wind_kt":30,"pressure_mb":null,"radius_34kt_nm":null},{"date":"19580906","time":"1800","status":"TD","lat":27.5,"lon":-98.8,"wind_kt":25,"pressure_mb":1002,"radius_34kt_nm":null},{"date":"19580907","time":"0000","status":"TD","lat":27.5,"lon":-99.5,"wind_kt":25,"pressure_mb":1005,"radius_34kt_nm":null}]}},{"type":"Feature","geometry":{"type":"LineString","coordinates":[[-44.8,10.1],[-46.7,10.6],[-48.5,11.4],[-50.3,12.4],[-52.1,13.5],[-53.7,14.4],[-54.9,15.2],[-56.1,15.9],[-57.1,16.6],[-58.3,17.5],[-59.6,18.5],[-60.9,19.5],[-62.1,20.5],[-63.1,21.1],[-63.8,21.6],[-64.4,22.1],[-64.9,22.6],[-65.4,22.9],[-65.8,23.2],[-66.1,23.4],[-66.3,23.6],[-66.4,23.8],[-66.6,24.1],[-66.8,24.6],[-67,25.3],[-67.1,26.1],[-66.9,26.9],[-66.7,27.6],[-65.8,28.4],[-64.5,29.6]]},"properties":{"id":"hur-al061958","event_type":"hurricane","name":"FIFI","year":1958,"max_wind_kt":75,"min_pressure_mb":1000,"category":1,"preliminary":false,"start_date":"19580904","end_date":"19580911","track":[{"date":"19580904","time":"1200","status":"TD","lat":10.1,"lon":-44.8,"wind_kt":25,"pressure_mb":null,"radius_34kt_nm":null},{"date":"19580904","time":"1800","status":"TD","lat":10.6,"lon":-46.7,"wind_kt":25,"pressure_mb":null,"radius_34kt_nm":null},{"date":"19580905","time":"0000","status":"TD","lat":11.4,"lon":-48.5,"wind_kt":30,"pressure_mb":null,"radius_34kt_nm":null},{"date":"19580905","time":"0600","status":"TS","lat":12.4,"lon":-50.3,"wind_kt":35,"pressure_mb":null,"radius_34kt_nm":null},{"date":"19580905","time":"1200","status":"TS","lat":13.5,"lon":-52.1,"wind_kt":40,"pressure_mb":null,"radius_34kt_nm":null},{"date":"19580905","time":"1800","status":"TS","lat":14.4,"lon":-53.7,"wind_kt":45,"pressure_mb":1000,"radius_34kt_nm":null},{"date":"19580906","time":"0000","status":"TS","lat":15.2,"lon":-54.9,"wind_kt":55,"pressure_mb":null,"radius_34kt_nm":null},{"date":"19580906","time":"0600","status":"HU","lat":15.9,"lon":-56.1,"wind_kt":65,"pressure_mb":null,"radius_34kt_nm":null},{"date":"19580906","time":"1200","status":"HU","lat":16.6,"lon":-57.1,"wind_kt":75,"pressure_mb":null,"radius_34kt_nm":null},{"date":"19580906","time":"1800","status":"HU","lat":17.5,"lon":-58.3,"wind_kt":70,"pressure_mb":null,"radius_34kt_nm":null},{"date":"19580907","time":"0000","status":"TS","lat":18.5,"lon":-59.6,"wind_kt":60,"pressure_mb":1004,"radius_34kt_nm":null},{"date":"19580907","time":"0600","status":"TS","lat":19.5,"lon":-60.9,"wind_kt":60,"pressure_mb":null,"radius_34kt_nm":null},{"date":"19580907","time":"1200","status":"TS","lat":20.5,"lon":-62.1,"wind_kt":60,"pressure_mb":1003,"radius_34kt_nm":null},{"date":"19580907","time":"1800","status":"TS","lat":21.1,"lon":-63.1,"wind_kt":60,"pressure_mb":1000,"radius_34kt_nm":null},{"date":"19580908","time":"0000","status":"TS","lat":21.6,"lon":-63.8,"wind_kt":55,"pressure_mb":1003,"radius_34kt_nm":null},{"date":"19580908","time":"0600","status":"TS","lat":22.1,"lon":-64.4,"wind_kt":55,"pressure_mb":null,"radius_34kt_nm":null},{"date":"19580908","time":"1200","status":"TS","lat":22.6,"lon":-64.9,"wind_kt":55,"pressure_mb":null,"radius_34kt_nm":null},{"date":"19580908","time":"1800","status":"TS","lat":22.9,"lon":-65.4,"wind_kt":55,"pressure_mb":1000,"radius_34kt_nm":null},{"date":"19580909","time":"0000","status":"TS","lat":23.2,"lon":-65.8,"wind_kt":50,"pressure_mb":null,"radius_34kt_nm":null},{"date":"19580909","time":"0600","status":"TS","lat":23.4,"lon":-66.1,"wind_kt":45,"pressure_mb":null,"radius_34kt_nm":null},{"date":"19580909","time":"1200","status":"TS","lat":23.6,"lon":-66.3,"wind_kt":40,"pressure_mb":1003,"radius_34kt_nm":null},{"date":"19580909","time":"1800","status":"TS","lat":23.8,"lon":-66.4,"wind_kt":35,"pressure_mb":1007,"radius_34kt_nm":null},{"date":"19580910","time":"0000","status":"TS","lat":24.1,"lon":-66.6,"wind_kt":35,"pressure_mb":null,"radius_34kt_nm":null},{"date":"19580910","time":"0600","status":"TS","lat":24.6,"lon":-66.8,"wind_kt":35,"pressure_mb":null,"radius_34kt_nm":null},{"date":"19580910","time":"1200","status":"TD","lat":25.3,"lon":-67,"wind_kt":30,"pressure_mb":null,"radius_34kt_nm":null},{"date":"19580910","time":"1800","status":"TD","lat":26.1,"lon":-67.1,"wind_kt":30,"pressure_mb":1009,"radius_34kt_nm":null},{"date":"19580911","time":"0000","status":"TD","lat":26.9,"lon":-66.9,"wind_kt":30,"pressure_mb":null,"radius_34kt_nm":null},{"date":"19580911","time":"0600","status":"TD","lat":27.6,"lon":-66.7,"wind_kt":30,"pressure_mb":null,"radius_34kt_nm":null},{"date":"19580911","time":"1200","status":"TD","lat":28.4,"lon":-65.8,"wind_kt":25,"pressure_mb":1010,"radius_34kt_nm":null},{"date":"19580911","time":"1800","status":"TD","lat":29.6,"lon":-64.5,"wind_kt":25,"pressure_mb":1009,"radius_34kt_nm":null}]}},{"type":"Feature","geometry":{"type":"LineString","coordinates":[[-67.5,17.4],[-69.4,17.5],[-70.6,17.8],[-71.2,18],[-71.9,18.1],[-73.4,18.3],[-75.9,18.5],[-78.6,18.7],[-81.5,18.8],[-84.5,18.5],[-87,18.1],[-89.2,17.6],[-90.5,17.6],[-91.4,18],[-92,18.6],[-92.5,19.3],[-93,19.9],[-93.5,20.4],[-94,20.8],[-94.4,21.2],[-94.8,21.6],[-95.2,21.8],[-95.8,22.1],[-96.5,22.5],[-97.2,23.3],[-97.6,24.1],[-97.7,24.5],[-97.8,25.5],[-97.8,27],[-97.5,28.4],[-97,29.6],[-96,30.5],[-94.6,31.1],[-93,31.3]]},"properties":{"id":"hur-al071958","event_type":"hurricane","name":"GERDA","year":1958,"max_wind_kt":50,"min_pressure_mb":1001,"category":0,"preliminary":false,"start_date":"19580914","end_date":"19580922","track":[{"date":"19580914","time":"0600","status":"TS","lat":17.4,"lon":-67.5,"wind_kt":40,"pressure_mb":null,"radius_34kt_nm":null},{"date":"19580914","time":"1200","status":"TS","lat":17.5,"lon":-69.4,"wind_kt":45,"pressure_mb":null,"radius_34kt_nm":null},{"date":"19580914","time":"1800","status":"TS","lat":17.8,"lon":-70.6,"wind_kt":50,"pressure_mb":1004,"radius_34kt_nm":null},{"date":"19580914","time":"2100","status":"TS","lat":18,"lon":-71.2,"wind_kt":50,"pressure_mb":1004,"radius_34kt_nm":null},{"date":"19580915","time":"0000","status":"TS","lat":18.1,"lon":-71.9,"wind_kt":40,"pressure_mb":null,"radius_34kt_nm":null},{"date":"19580915","time":"0600","status":"DB","lat":18.3,"lon":-73.4,"wind_kt":40,"pressure_mb":null,"radius_34kt_nm":null},{"date":"19580915","time":"1200","status":"DB","lat":18.5,"lon":-75.9,"wind_kt":35,"pressure_mb":null,"radius_34kt_nm":null},{"date":"19580915","time":"1800","status":"DB","lat":18.7,"lon":-78.6,"wind_kt":35,"pressure_mb":null,"radius_34kt_nm":null},{"date":"19580916","time":"0000","status":"DB","lat":18.8,"lon":-81.5,"wind_kt":30,"pressure_mb":null,"radius_34kt_nm":null},{"date":"19580916","time":"0600","status":"DB","lat":18.5,"lon":-84.5,"wind_kt":30,"pressure_mb":null,"radius_34kt_nm":null},{"date":"19580916","time":"1200","status":"DB","lat":18.1,"lon":-87,"wind_kt":25,"pressure_mb":null,"radius_34kt_nm":null},{"date":"19580916","time":"1800","status":"DB","lat":17.6,"lon":-89.2,"wind_kt":25,"pressure_mb":null,"radius_34kt_nm":null},{"date":"19580917","time":"0000","status":"DB","lat":17.6,"lon":-90.5,"wind_kt":25,"pressure_mb":null,"radius_34kt_nm":null},{"date":"19580917","time":"0600","status":"DB","lat":18,"lon":-91.4,"wind_kt":25,"pressure_mb":null,"radius_34kt_nm":null},{"date":"19580917","time":"1200","status":"DB","lat":18.6,"lon":-92,"wind_kt":25,"pressure_mb":null,"radius_34kt_nm":null},{"date":"19580917","time":"1800","status":"DB","lat":19.3,"lon":-92.5,"wind_kt":25,"pressure_mb":null,"radius_34kt_nm":null},{"date":"19580918","time":"0000","status":"DB","lat":19.9,"lon":-93,"wind_kt":25,"pressure_mb":null,"radius_34kt_nm":null},{"date":"19580918","time":"0600","status":"DB","lat":20.4,"lon":-93.5,"wind_kt":25,"pressure_mb":null,"radius_34kt_nm":null},{"date":"19580918","time":"1200","status":"DB","lat":20.8,"lon":-94,"wind_kt":25,"pressure_mb":null,"radius_34kt_nm":null},{"date":"19580918","time":"1800","status":"DB","lat":21.2,"lon":-94.4,"wind_kt":25,"pressure_mb":null,"radius_34kt_nm":null},{"date":"19580919","time":"0000","status":"DB","lat":21.6,"lon":-94.8,"wind_kt":25,"pressure_mb":null,"radius_34kt_nm":null},{"date":"19580919","time":"0600","status":"DB","lat":21.8,"lon":-95.2,"wind_kt":25,"pressure_mb":null,"radius_34kt_nm":null},{"date":"19580919","time":"1200","status":"TD","lat":22.1,"lon":-95.8,"wind_kt":30,"pressure_mb":null,"radius_34kt_nm":null},{"date":"19580919","time":"1800","status":"TS","lat":22.5,"lon":-96.5,"wind_kt":35,"pressure_mb":1004,"radius_34kt_nm":null},{"date":"19580920","time":"0000","status":"TS","lat":23.3,"lon":-97.2,"wind_kt":40,"pressure_mb":1001,"radius_34kt_nm":null},{"date":"19580920","time":"0600","status":"TS","lat":24.1,"lon":-97.6,"wind_kt":40,"pressure_mb":null,"radius_34kt_nm":null},{"date":"19580920","time":"0800","status":"TS","lat":24.5,"lon":-97.7,"wind_kt":40,"pressure_mb":null,"radius_34kt_nm":null},{"date":"19580920","time":"1200","status":"TS","lat":25.5,"lon":-97.8,"wind_kt":35,"pressure_mb":1003,"radius_34kt_nm":null},{"date":"19580920","time":"1800","status":"TD","lat":27,"lon":-97.8,"wind_kt":30,"pressure_mb":1003,"radius_34kt_nm":null},{"date":"19580921","time":"0000","status":"TD","lat":28.4,"lon":-97.5,"wind_kt":30,"pressure_mb":null,"radius_34kt_nm":null},{"date":"19580921","time":"0600","status":"TD","lat":29.6,"lon":-97,"wind_kt":25,"pressure_mb":null,"radius_34kt_nm":null},{"date":"19580921","time":"1200","status":"TD","lat":30.5,"lon":-96,"wind_kt":25,"pressure_mb":null,"radius_34kt_nm":null},{"date":"19580921","time":"1800","status":"TD","lat":31.1,"lon":-94.6,"wind_kt":25,"pressure_mb":null,"radius_34kt_nm":null},{"date":"19580922","time":"0000","status":"TD","lat":31.3,"lon":-93,"wind_kt":25,"pressure_mb":null,"radius_34kt_nm":null}]}},{"type":"Feature","geometry":{"type":"LineString","coordinates":[[-52,17],[-54.2,17.6],[-56.3,18.3],[-58.4,19.1],[-60.4,20.1],[-62.4,21.1],[-64.1,21.9],[-65.2,22.4],[-66.2,23],[-67.2,23.5],[-68.4,24],[-69.6,24.6],[-70.7,25.6],[-71.7,26.5],[-72.4,27.2],[-73,27.7],[-73.5,28.3],[-73.9,28.8],[-74.2,29.2],[-74.7,29.5],[-75.4,29.7],[-76.2,30.2],[-77.3,30.9],[-78.3,31.6],[-78.6,32.3],[-78.6,32.7],[-78.5,33.1],[-77.6,33.9],[-75.9,34.7],[-73.8,35.5],[-71.3,36.6],[-68.3,38],[-65,40],[-62.5,43],[-60.2,46.5],[-56,49.5],[-51.5,51.5],[-48.8,53.5],[-46,55],[-41.5,56.2],[-37.3,57],[-34.5,57],[-32,56.5],[-30,55.8],[-27,55],[-23,54],[-20.5,52.3],[-19,50.7],[-16,51],[-13.8,51.2],[-12.8,51.2],[-11.5,51.2],[-8.5,51.2],[-5.5,51.2]]},"properties":{"id":"hur-al081958","event_type":"hurricane","name":"HELENE","year":1958,"max_wind_kt":130,"min_pressure_mb":930,"category":4,"preliminary":false,"start_date":"19580921","end_date":"19581004","track":[{"date":"19580921","time":"0600","status":"TD","lat":17,"lon":-52,"wind_kt":25,"pressure_mb":null,"radius_34kt_nm":null},{"date":"19580921","time":"1200","status":"TD","lat":17.6,"lon":-54.2,"wind_kt":25,"pressure_mb":null,"radius_34kt_nm":null},{"date":"19580921","time":"1800","status":"TD","lat":18.3,"lon":-56.3,"wind_kt":25,"pressure_mb":null,"radius_34kt_nm":null},{"date":"19580922","time":"0000","status":"TD","lat":19.1,"lon":-58.4,"wind_kt":25,"pressure_mb":null,"radius_34kt_nm":null},{"date":"19580922","time":"0600","status":"TD","lat":20.1,"lon":-60.4,"wind_kt":25,"pressure_mb":null,"radius_34kt_nm":null},{"date":"19580922","time":"1200","status":"TD","lat":21.1,"lon":-62.4,"wind_kt":25,"pressure_mb":null,"radius_34kt_nm":null},{"date":"19580922","time":"1800","status":"TD","lat":21.9,"lon":-64.1,"wind_kt":30,"pressure_mb":1013,"radius_34kt_nm":null},{"date":"19580923","time":"0000","status":"TS","lat":22.4,"lon":-65.2,"wind_kt":35,"pressure_mb":null,"radius_34kt_nm":null},{"date":"19580923","time":"0600","status":"TS","lat":23,"lon":-66.2,"wind_kt":40,"pressure_mb":null,"radius_34kt_nm":null},{"date":"19580923","time":"1200","status":"TS","lat":23.5,"lon":-67.2,"wind_kt":40,"pressure_mb":1003,"radius_34kt_nm":null},{"date":"19580923","time":"1800","status":"TS","lat":24,"lon":-68.4,"wind_kt":45,"pressure_mb":1000,"radius_34kt_nm":null},{"date":"19580924","time":"0000","status":"TS","lat":24.6,"lon":-69.6,"wind_kt":50,"pressure_mb":null,"radius_34kt_nm":null},{"date":"19580924","time":"0600","status":"TS","lat":25.6,"lon":-70.7,"wind_kt":55,"pressure_mb":null,"radius_34kt_nm":null},{"date":"19580924","time":"1200","status":"TS","lat":26.5,"lon":-71.7,"wind_kt":60,"pressure_mb":997,"radius_34kt_nm":null},{"date":"19580924","time":"1800","status":"TS","lat":27.2,"lon":-72.4,"wind_kt":60,"pressure_mb":995,"radius_34kt_nm":null},{"date":"19580925","time":"0000","status":"HU","lat":27.7,"lon":-73,"wind_kt":65,"pressure_mb":null,"radius_34kt_nm":null},{"date":"19580925","time":"0600","status":"HU","lat":28.3,"lon":-73.5,"wind_kt":70,"pressure_mb":null,"radius_34kt_nm":null},{"date":"19580925","time":"1200","status":"HU","lat":28.8,"lon":-73.9,"wind_kt":70,"pressure_mb":null,"radius_34kt_nm":null},{"date":"19580925","time":"1800","status":"HU","lat":29.2,"lon":-74.2,"wind_kt":70,"pressure_mb":982,"radius_34kt_nm":null},{"date":"19580926","time":"0000","status":"HU","lat":29.5,"lon":-74.7,"wind_kt":70,"pressure_mb":981,"radius_34kt_nm":null},{"date":"19580926","time":"0600","status":"HU","lat":29.7,"lon":-75.4,"wind_kt":80,"pressure_mb":974,"radius_34kt_nm":null},{"date":"19580926","time":"1200","status":"HU","lat":30.2,"lon":-76.2,"wind_kt":95,"pressure_mb":963,"radius_34kt_nm":null},{"date":"19580926","time":"1800","status":"HU","lat":30.9,"lon":-77.3,"wind_kt":110,"pressure_mb":948,"radius_34kt_nm":null},{"date":"19580927","time":"0000","status":"HU","lat":31.6,"lon":-78.3,"wind_kt":115,"pressure_mb":943,"radius_34kt_nm":null},{"date":"19580927","time":"0600","status":"HU","lat":32.3,"lon":-78.6,"wind_kt":125,"pressure_mb":933,"radius_34kt_nm":null},{"date":"19580927","time":"0900","status":"HU","lat":32.7,"lon":-78.6,"wind_kt":130,"pressure_mb":930,"radius_34kt_nm":null},{"date":"19580927","time":"1200","status":"HU","lat":33.1,"lon":-78.5,"wind_kt":120,"pressure_mb":938,"radius_34kt_nm":null},{"date":"19580927","time":"1800","status":"HU","lat":33.9,"lon":-77.6,"wind_kt":120,"pressure_mb":null,"radius_34kt_nm":null},{"date":"19580928","time":"0000","status":"HU","lat":34.7,"lon":-75.9,"wind_kt":115,"pressure_mb":938,"radius_34kt_nm":null},{"date":"19580928","time":"0600","status":"HU","lat":35.5,"lon":-73.8,"wind_kt":110,"pressure_mb":950,"radius_34kt_nm":null},{"date":"19580928","time":"1200","status":"HU","lat":36.6,"lon":-71.3,"wind_kt":100,"pressure_mb":955,"radius_34kt_nm":null},{"date":"19580928","time":"1800","status":"HU","lat":38,"lon":-68.3,"wind_kt":100,"pressure_mb":null,"radius_34kt_nm":null},{"date":"19580929","time":"0000","status":"HU","lat":40,"lon":-65,"wind_kt":95,"pressure_mb":957,"radius_34kt_nm":null},{"date":"19580929","time":"0600","status":"EX","lat":43,"lon":-62.5,"wind_kt":85,"pressure_mb":null,"radius_34kt_nm":null},{"date":"19580929","time":"1200","status":"EX","lat":46.5,"lon":-60.2,"wind_kt":75,"pressure_mb":null,"radius_34kt_nm":null},{"date":"19580929","time":"1800","status":"EX","lat":49.5,"lon":-56,"wind_kt":70,"pressure_mb":null,"radius_34kt_nm":null},{"date":"19580930","time":"0000","status":"EX","lat":51.5,"lon":-51.5,"wind_kt":65,"pressure_mb":null,"radius_34kt_nm":null},{"date":"19580930","time":"0600","status":"EX","lat":53.5,"lon":-48.8,"wind_kt":60,"pressure_mb":null,"radius_34kt_nm":null},{"date":"19580930","time":"1200","status":"EX","lat":55,"lon":-46,"wind_kt":60,"pressure_mb":null,"radius_34kt_nm":null},{"date":"19580930","time":"1800","status":"EX","lat":56.2,"lon":-41.5,"wind_kt":60,"pressure_mb":null,"radius_34kt_nm":null},{"date":"19581001","time":"0000","status":"EX","lat":57,"lon":-37.3,"wind_kt":60,"pressure_mb":null,"radius_34kt_nm":null},{"date":"19581001","time":"0600","status":"EX","lat":57,"lon":-34.5,"wind_kt":60,"pressure_mb":null,"radius_34kt_nm":null},{"date":"19581001","time":"1200","status":"EX","lat":56.5,"lon":-32,"wind_kt":65,"pressure_mb":null,"radius_34kt_nm":null},{"date":"19581001","time":"1800","status":"EX","lat":55.8,"lon":-30,"wind_kt":70,"pressure_mb":null,"radius_34kt_nm":null},{"date":"19581002","time":"0000","status":"EX","lat":55,"lon":-27,"wind_kt":70,"pressure_mb":null,"radius_34kt_nm":null},{"date":"19581002","time":"0600","status":"EX","lat":54,"lon":-23,"wind_kt":65,"pressure_mb":null,"radius_34kt_nm":null},{"date":"19581002","time":"1200","status":"EX","lat":52.3,"lon":-20.5,"wind_kt":55,"pressure_mb":null,"radius_34kt_nm":null},{"date":"19581002","time":"1800","status":"EX","lat":50.7,"lon":-19,"wind_kt":50,"pressure_mb":null,"radius_34kt_nm":null},{"date":"19581003","time":"0000","status":"EX","lat":51,"lon":-16,"wind_kt":50,"pressure_mb":null,"radius_34kt_nm":null},{"date":"19581003","time":"0600","status":"EX","lat":51.2,"lon":-13.8,"wind_kt":45,"pressure_mb":null,"radius_34kt_nm":null},{"date":"19581003","time":"1200","status":"EX","lat":51.2,"lon":-12.8,"wind_kt":40,"pressure_mb":null,"radius_34kt_nm":null},{"date":"19581003","time":"1800","status":"EX","lat":51.2,"lon":-11.5,"wind_kt":40,"pressure_mb":null,"radius_34kt_nm":null},{"date":"19581004","time":"0000","status":"EX","lat":51.2,"lon":-8.5,"wind_kt":35,"pressure_mb":null,"radius_34kt_nm":null},{"date":"19581004","time":"0600","status":"EX","lat":51.2,"lon":-5.5,"wind_kt":35,"pressure_mb":null,"radius_34kt_nm":null}]}},{"type":"Feature","geometry":{"type":"LineString","coordinates":[[-51.5,17.5],[-52.9,17.7],[-54.3,17.9],[-55.6,18],[-56.8,18.1],[-58.1,18.3],[-59.3,18.6],[-60,19],[-60.5,19.4],[-60.8,19.7],[-61.1,20],[-61.3,20.4],[-61.3,20.9],[-61.2,21.2],[-61.1,21.9],[-61,23.2],[-61.1,24.5],[-61.5,25.9],[-61.9,27.6],[-61.8,29.3],[-61,31],[-59.4,32.9],[-58,35],[-54.9,37.4],[-51.8,39.9],[-46,43.8]]},"properties":{"id":"hur-al091958","event_type":"hurricane","name":"ILSA","year":1958,"max_wind_kt":95,"min_pressure_mb":956,"category":2,"preliminary":false,"start_date":"19580924","end_date":"19580930","track":[{"date":"19580924","time":"0600","status":"TS","lat":17.5,"lon":-51.5,"wind_kt":50,"pressure_mb":null,"radius_34kt_nm":null},{"date":"19580924","time":"1200","status":"TS","lat":17.7,"lon":-52.9,"wind_kt":50,"pressure_mb":null,"radius_34kt_nm":null},{"date":"19580924","time":"1800","status":"TS","lat":17.9,"lon":-54.3,"wind_kt":50,"pressure_mb":998,"radius_34kt_nm":null},{"date":"19580925","time":"0000","status":"TS","lat":18,"lon":-55.6,"wind_kt":55,"pressure_mb":null,"radius_34kt_nm":null},{"date":"19580925","time":"0600","status":"TS","lat":18.1,"lon":-56.8,"wind_kt":60,"pressure_mb":null,"radius_34kt_nm":null},{"date":"19580925","time":"1200","status":"HU","lat":18.3,"lon":-58.1,"wind_kt":65,"pressure_mb":986,"radius_34kt_nm":null},{"date":"19580925","time":"1800","status":"HU","lat":18.6,"lon":-59.3,"wind_kt":70,"pressure_mb":980,"radius_34kt_nm":null},{"date":"19580926","time":"0000","status":"HU","lat":19,"lon":-60,"wind_kt":80,"pressure_mb":null,"radius_34kt_nm":null},{"date":"19580926","time":"0600","status":"HU","lat":19.4,"lon":-60.5,"wind_kt":90,"pressure_mb":962,"radius_34kt_nm":null},{"date":"19580926","time":"1200","status":"HU","lat":19.7,"lon":-60.8,"wind_kt":95,"pressure_mb":956,"radius_34kt_nm":null},{"date":"19580926","time":"1800","status":"HU","lat":20,"lon":-61.1,"wind_kt":95,"pressure_mb":957,"radius_34kt_nm":null},{"date":"19580927","time":"0000","status":"HU","lat":20.4,"lon":-61.3,"wind_kt":90,"pressure_mb":966,"radius_34kt_nm":null},{"date":"19580927","time":"0600","status":"HU","lat":20.9,"lon":-61.3,"wind_kt":70,"pressure_mb":null,"radius_34kt_nm":null},{"date":"19580927","time":"0800","status":"HU","lat":21.2,"lon":-61.2,"wind_kt":65,"pressure_mb":990,"radius_34kt_nm":null},{"date":"19580927","time":"1200","status":"HU","lat":21.9,"lon":-61.1,"wind_kt":65,"pressure_mb":null,"radius_34kt_nm":null},{"date":"19580927","time":"1800","status":"HU","lat":23.2,"lon":-61,"wind_kt":65,"pressure_mb":null,"radius_34kt_nm":null},{"date":"19580928","time":"0000","status":"HU","lat":24.5,"lon":-61.1,"wind_kt":65,"pressure_mb":null,"radius_34kt_nm":null},{"date":"19580928","time":"0600","status":"HU","lat":25.9,"lon":-61.5,"wind_kt":65,"pressure_mb":989,"radius_34kt_nm":null},{"date":"19580928","time":"1200","status":"HU","lat":27.6,"lon":-61.9,"wind_kt":75,"pressure_mb":null,"radius_34kt_nm":null},{"date":"19580928","time":"1800","status":"HU","lat":29.3,"lon":-61.8,"wind_kt":80,"pressure_mb":980,"radius_34kt_nm":null},{"date":"19580929","time":"0000","status":"HU","lat":31,"lon":-61,"wind_kt":80,"pressure_mb":980,"radius_34kt_nm":null},{"date":"19580929","time":"0600","status":"HU","lat":32.9,"lon":-59.4,"wind_kt":80,"pressure_mb":978,"radius_34kt_nm":null},{"date":"19580929","time":"1200","status":"HU","lat":35,"lon":-58,"wind_kt":80,"pressure_mb":null,"radius_34kt_nm":null},{"date":"19580929","time":"1800","status":"HU","lat":37.4,"lon":-54.9,"wind_kt":80,"pressure_mb":null,"radius_34kt_nm":null},{"date":"19580930","time":"0000","status":"EX","lat":39.9,"lon":-51.8,"wind_kt":70,"pressure_mb":null,"radius_34kt_nm":null},{"date":"19580930","time":"0600","status":"EX","lat":43.8,"lon":-46,"wind_kt":60,"pressure_mb":null,"radius_34kt_nm":null}]}},{"type":"Feature","geometry":{"type":"LineString","coordinates":[[-81.1,18.5],[-81.2,19],[-81.3,19.4],[-81.4,19.8],[-81.4,20.3],[-81.2,20.9],[-80.6,21.6],[-80.3,22],[-79.9,22.4],[-78.8,23.3],[-78,24.2],[-77.6,24.5],[-77.1,25.1],[-76.8,25.5],[-76.6,25.8],[-75.6,27.2],[-75.1,28.3],[-74.8,28.9],[-74.5,29.4],[-74.2,30],[-73.8,30.7],[-73.3,31.4],[-72.8,31.8],[-72.1,32],[-70.9,32.2],[-69.6,32.7],[-68.4,33.3],[-67.1,34],[-65.7,34.8],[-63.9,36],[-61.5,37.2],[-59,38.4],[-55.9,39.9],[-51.5,41.5],[-47,43.3],[-43,45],[-38.2,46.2],[-33.5,47.2],[-28.2,48]]},"properties":{"id":"hur-al101958","event_type":"hurricane","name":"JANICE","year":1958,"max_wind_kt":85,"min_pressure_mb":968,"category":2,"preliminary":false,"start_date":"19581004","end_date":"19581013","track":[{"date":"19581004","time":"1200","status":"TD","lat":18.5,"lon":-81.1,"wind_kt":30,"pressure_mb":null,"radius_34kt_nm":null},{"date":"19581004","time":"1800","status":"TD","lat":19,"lon":-81.2,"wind_kt":30,"pressure_mb":null,"radius_34kt_nm":null},{"date":"19581005","time":"0000","status":"TD","lat":19.4,"lon":-81.3,"wind_kt":30,"pressure_mb":1005,"radius_34kt_nm":null},{"date":"19581005","time":"0600","status":"TD","lat":19.8,"lon":-81.4,"wind_kt":30,"pressure_mb":null,"radius_34kt_nm":null},{"date":"19581005","time":"1200","status":"TS","lat":20.3,"lon":-81.4,"wind_kt":35,"pressure_mb":1002,"radius_34kt_nm":null},{"date":"19581005","time":"1800","status":"TS","lat":20.9,"lon":-81.2,"wind_kt":45,"pressure_mb":null,"radius_34kt_nm":null},{"date":"19581006","time":"0000","status":"TS","lat":21.6,"lon":-80.6,"wind_kt":45,"pressure_mb":null,"radius_34kt_nm":null},{"date":"19581006","time":"0300","status":"TS","lat":22,"lon":-80.3,"wind_kt":50,"pressure_mb":null,"radius_34kt_nm":null},{"date":"19581006","time":"0600","status":"TS","lat":22.4,"lon":-79.9,"wind_kt":45,"pressure_mb":null,"radius_34kt_nm":null},{"date":"19581006","time":"1200","status":"TS","lat":23.3,"lon":-78.8,"wind_kt":55,"pressure_mb":null,"radius_34kt_nm":null},{"date":"19581006","time":"1600","status":"TS","lat":24.2,"lon":-78,"wind_kt":55,"pressure_mb":991,"radius_34kt_nm":null},{"date":"19581006","time":"1800","status":"TS","lat":24.5,"lon":-77.6,"wind_kt":55,"pressure_mb":991,"radius_34kt_nm":null},{"date":"19581006","time":"2100","status":"TS","lat":25.1,"lon":-77.1,"wind_kt":60,"pressure_mb":null,"radius_34kt_nm":null},{"date":"19581006","time":"2300","status":"TS","lat":25.5,"lon":-76.8,"wind_kt":60,"pressure_mb":null,"radius_34kt_nm":null},{"date":"19581007","time":"0000","status":"HU","lat":25.8,"lon":-76.6,"wind_kt":65,"pressure_mb":987,"radius_34kt_nm":null},{"date":"19581007","time":"0600","status":"HU","lat":27.2,"lon":-75.6,"wind_kt":65,"pressure_mb":null,"radius_34kt_nm":null},{"date":"19581007","time":"1200","status":"HU","lat":28.3,"lon":-75.1,"wind_kt":70,"pressure_mb":null,"radius_34kt_nm":null},{"date":"19581007","time":"1800","status":"HU","lat":28.9,"lon":-74.8,"wind_kt":70,"pressure_mb":983,"radius_34kt_nm":null},{"date":"19581008","time":"0000","status":"HU","lat":29.4,"lon":-74.5,"wind_kt":70,"pressure_mb":null,"radius_34kt_nm":null},{"date":"19581008","time":"0600","status":"HU","lat":30,"lon":-74.2,"wind_kt":70,"pressure_mb":986,"radius_34kt_nm":null},{"date":"19581008","time":"1200","status":"HU","lat":30.7,"lon":-73.8,"wind_kt":70,"pressure_mb":null,"radius_34kt_nm":null},{"date":"19581008","time":"1800","status":"HU","lat":31.4,"lon":-73.3,"wind_kt":70,"pressure_mb":988,"radius_34kt_nm":null},{"date":"19581009","time":"0000","status":"HU","lat":31.8,"lon":-72.8,"wind_kt":70,"pressure_mb":984,"radius_34kt_nm":null},{"date":"19581009","time":"0600","status":"HU","lat":32,"lon":-72.1,"wind_kt":70,"pressure_mb":null,"radius_34kt_nm":null},{"date":"19581009","time":"1200","status":"HU","lat":32.2,"lon":-70.9,"wind_kt":70,"pressure_mb":982,"radius_34kt_nm":null},{"date":"19581009","time":"1800","status":"HU","lat":32.7,"lon":-69.6,"wind_kt":75,"pressure_mb":null,"radius_34kt_nm":null},{"date":"19581010","time":"0000","status":"HU","lat":33.3,"lon":-68.4,"wind_kt":80,"pressure_mb":null,"radius_34kt_nm":null},{"date":"19581010","time":"0600","status":"HU","lat":34,"lon":-67.1,"wind_kt":85,"pressure_mb":968,"radius_34kt_nm":null},{"date":"19581010","time":"1200","status":"HU","lat":34.8,"lon":-65.7,"wind_kt":80,"pressure_mb":973,"radius_34kt_nm":null},{"date":"19581010","time":"1800","status":"HU","lat":36,"lon":-63.9,"wind_kt":80,"pressure_mb":null,"radius_34kt_nm":null},{"date":"19581011","time":"0000","status":"HU","lat":37.2,"lon":-61.5,"wind_kt":80,"pressure_mb":null,"radius_34kt_nm":null},{"date":"19581011","time":"0600","status":"HU","lat":38.4,"lon":-59,"wind_kt":80,"pressure_mb":null,"radius_34kt_nm":null},{"date":"19581011","time":"1200","status":"HU","lat":39.9,"lon":-55.9,"wind_kt":80,"pressure_mb":974,"radius_34kt_nm":null},{"date":"19581011","time":"1800","status":"HU","lat":41.5,"lon":-51.5,"wind_kt":80,"pressure_mb":null,"radius_34kt_nm":null},{"date":"19581012","time":"0000","status":"EX","lat":43.3,"lon":-47,"wind_kt":70,"pressure_mb":null,"radius_34kt_nm":null},{"date":"19581012","time":"0600","status":"EX","lat":45,"lon":-43,"wind_kt":60,"pressure_mb":null,"radius_34kt_nm":null},{"date":"19581012","time":"1200","status":"EX","lat":46.2,"lon":-38.2,"wind_kt":50,"pressure_mb":null,"radius_34kt_nm":null},{"date":"19581012","time":"1800","status":"EX","lat":47.2,"lon":-33.5,"wind_kt":45,"pressure_mb":null,"radius_34kt_nm":null},{"date":"19581013","time":"0000","status":"EX","lat":48,"lon":-28.2,"wind_kt":45,"pressure_mb":null,"radius_34kt_nm":null}]}},{"type":"Feature","geometry":{"type":"LineString","coordinates":[[-80.5,25],[-79.3,26],[-79,27],[-78.9,27.9],[-78.8,28.5],[-78.2,29.2],[-77.4,30.2],[-76,31.5],[-74,33],[-72,34.5],[-70.5,35.8],[-70,37],[-69.5,38],[-68.5,38.8],[-67,39.6],[-65,41],[-64.5,43],[-65,45]]},"properties":{"id":"hur-al111958","event_type":"hurricane","name":null,"year":1958,"max_wind_kt":55,"min_pressure_mb":1001,"category":0,"preliminary":false,"start_date":"19580525","end_date":"19580529","track":[{"date":"19580525","time":"0000","status":"TD","lat":25,"lon":-80.5,"wind_kt":25,"pressure_mb":1003,"radius_34kt_nm":null},{"date":"19580525","time":"0600","status":"TD","lat":26,"lon":-79.3,"wind_kt":25,"pressure_mb":1003,"radius_34kt_nm":null},{"date":"19580525","time":"1200","status":"TD","lat":27,"lon":-79,"wind_kt":30,"pressure_mb":1003,"radius_34kt_nm":null},{"date":"19580525","time":"1800","status":"TS","lat":27.9,"lon":-78.9,"wind_kt":35,"pressure_mb":1002,"radius_34kt_nm":null},{"date":"19580526","time":"0000","status":"TS","lat":28.5,"lon":-78.8,"wind_kt":35,"pressure_mb":null,"radius_34kt_nm":null},{"date":"19580526","time":"0600","status":"TS","lat":29.2,"lon":-78.2,"wind_kt":35,"pressure_mb":null,"radius_34kt_nm":null},{"date":"19580526","time":"1200","status":"TS","lat":30.2,"lon":-77.4,"wind_kt":35,"pressure_mb":1001,"radius_34kt_nm":null},{"date":"19580526","time":"1800","status":"TS","lat":31.5,"lon":-76,"wind_kt":35,"pressure_mb":null,"radius_34kt_nm":null},{"date":"19580527","time":"0000","status":"TS","lat":33,"lon":-74,"wind_kt":40,"pressure_mb":null,"radius_34kt_nm":null},{"date":"19580527","time":"0600","status":"TS","lat":34.5,"lon":-72,"wind_kt":45,"pressure_mb":null,"radius_34kt_nm":null},{"date":"19580527","time":"1200","status":"TS","lat":35.8,"lon":-70.5,"wind_kt":50,"pressure_mb":null,"radius_34kt_nm":null},{"date":"19580527","time":"1800","status":"EX","lat":37,"lon":-70,"wind_kt":50,"pressure_mb":null,"radius_34kt_nm":null},{"date":"19580528","time":"0000","status":"EX","lat":38,"lon":-69.5,"wind_kt":50,"pressure_mb":null,"radius_34kt_nm":null},{"date":"19580528","time":"0600","status":"EX","lat":38.8,"lon":-68.5,"wind_kt":55,"pressure_mb":null,"radius_34kt_nm":null},{"date":"19580528","time":"1200","status":"EX","lat":39.6,"lon":-67,"wind_kt":50,"pressure_mb":null,"radius_34kt_nm":null},{"date":"19580528","time":"1800","status":"EX","lat":41,"lon":-65,"wind_kt":45,"pressure_mb":null,"radius_34kt_nm":null},{"date":"19580529","time":"0000","status":"EX","lat":43,"lon":-64.5,"wind_kt":40,"pressure_mb":null,"radius_34kt_nm":null},{"date":"19580529","time":"0600","status":"EX","lat":45,"lon":-65,"wind_kt":35,"pressure_mb":null,"radius_34kt_nm":null}]}},{"type":"Feature","geometry":{"type":"LineString","coordinates":[[-68.7,21.3],[-68.5,22.7],[-67.5,24],[-67.2,25],[-66.8,25.5],[-66,26.5],[-65,28.5],[-63.5,31],[-62,33.5],[-60,35.5],[-58,37.5],[-55.5,41],[-53,45]]},"properties":{"id":"hur-al121958","event_type":"hurricane","name":null,"year":1958,"max_wind_kt":60,"min_pressure_mb":null,"category":0,"preliminary":false,"start_date":"19581015","end_date":"19581018","track":[{"date":"19581015","time":"1800","status":"TD","lat":21.3,"lon":-68.7,"wind_kt":30,"pressure_mb":null,"radius_34kt_nm":null},{"date":"19581016","time":"0000","status":"TD","lat":22.7,"lon":-68.5,"wind_kt":30,"pressure_mb":null,"radius_34kt_nm":null},{"date":"19581016","time":"0600","status":"TS","lat":24,"lon":-67.5,"wind_kt":35,"pressure_mb":null,"radius_34kt_nm":null},{"date":"19581016","time":"1200","status":"TS","lat":25,"lon":-67.2,"wind_kt":40,"pressure_mb":null,"radius_34kt_nm":null},{"date":"19581016","time":"1800","status":"TS","lat":25.5,"lon":-66.8,"wind_kt":40,"pressure_mb":null,"radius_34kt_nm":null},{"date":"19581017","time":"0000","status":"TS","lat":26.5,"lon":-66,"wind_kt":40,"pressure_mb":null,"radius_34kt_nm":null},{"date":"19581017","time":"0600","status":"TS","lat":28.5,"lon":-65,"wind_kt":45,"pressure_mb":null,"radius_34kt_nm":null},{"date":"19581017","time":"1200","status":"EX","lat":31,"lon":-63.5,"wind_kt":50,"pressure_mb":null,"radius_34kt_nm":null},{"date":"19581017","time":"1800","status":"EX","lat":33.5,"lon":-62,"wind_kt":55,"pressure_mb":null,"radius_34kt_nm":null},{"date":"19581018","time":"0000","status":"EX","lat":35.5,"lon":-60,"wind_kt":60,"pressure_mb":null,"radius_34kt_nm":null},{"date":"19581018","time":"0600","status":"EX","lat":37.5,"lon":-58,"wind_kt":60,"pressure_mb":null,"radius_34kt_nm":null},{"date":"19581018","time":"1200","status":"EX","lat":41,"lon":-55.5,"wind_kt":60,"pressure_mb":null,"radius_34kt_nm":null},{"date":"19581018","time":"1800","status":"EX","lat":45,"lon":-53,"wind_kt":60,"pressure_mb":null,"radius_34kt_nm":null}]}},{"type":"Feature","geometry":{"type":"LineString","coordinates":[[-86.5,23.3],[-87,24],[-87.5,24.7],[-88.2,25.5],[-89,26.5],[-90.1,27.4],[-91.2,27.7],[-91.8,27.8],[-91.9,28],[-91.9,28.5],[-91.8,29.2],[-91.6,29.6],[-91.6,29.8],[-91.4,30.4],[-91.2,30.9],[-90.9,31.5],[-90.5,32.1],[-89.9,32.4],[-89.1,32.6],[-88.3,32.7],[-87.2,32.8],[-85,32.9],[-82.7,33.5],[-80,34.4]]},"properties":{"id":"hur-al011959","event_type":"hurricane","name":"ARLENE","year":1959,"max_wind_kt":55,"min_pressure_mb":993,"category":0,"preliminary":false,"start_date":"19590528","end_date":"19590602","track":[{"date":"19590528","time":"0600","status":"TD","lat":23.3,"lon":-86.5,"wind_kt":25,"pressure_mb":null,"radius_34kt_nm":null},{"date":"19590528","time":"1200","status":"TD","lat":24,"lon":-87,"wind_kt":30,"pressure_mb":null,"radius_34kt_nm":null},{"date":"19590528","time":"1800","status":"TD","lat":24.7,"lon":-87.5,"wind_kt":30,"pressure_mb":null,"radius_34kt_nm":null},{"date":"19590529","time":"0000","status":"TS","lat":25.5,"lon":-88.2,"wind_kt":35,"pressure_mb":null,"radius_34kt_nm":null},{"date":"19590529","time":"0600","status":"TS","lat":26.5,"lon":-89,"wind_kt":40,"pressure_mb":null,"radius_34kt_nm":null},{"date":"19590529","time":"1200","status":"TS","lat":27.4,"lon":-90.1,"wind_kt":45,"pressure_mb":1000,"radius_34kt_nm":null},{"date":"19590529","time":"1800","status":"TS","lat":27.7,"lon":-91.2,"wind_kt":45,"pressure_mb":1002,"radius_34kt_nm":null},{"date":"19590530","time":"0000","status":"TS","lat":27.8,"lon":-91.8,"wind_kt":45,"pressure_mb":1000,"radius_34kt_nm":null},{"date":"19590530","time":"0600","status":"TS","lat":28,"lon":-91.9,"wind_kt":45,"pressure_mb":999,"radius_34kt_nm":null},{"date":"19590530","time":"1200","status":"TS","lat":28.5,"lon":-91.9,"wind_kt":50,"pressure_mb":996,"radius_34kt_nm":null},{"date":"19590530","time":"1800","status":"TS","lat":29.2,"lon":-91.8,"wind_kt":55,"pressure_mb":993,"radius_34kt_nm":null},{"date":"19590530","time":"2200","status":"TS","lat":29.6,"lon":-91.6,"wind_kt":55,"pressure_mb":null,"radius_34kt_nm":null},{"date":"19590531","time":"0000","status":"TS","lat":29.8,"lon":-91.6,"wind_kt":55,"pressure_mb":null,"radius_34kt_nm":null},{"date":"19590531","time":"0600","status":"TS","lat":30.4,"lon":-91.4,"wind_kt":40,"pressure_mb":null,"radius_34kt_nm":null},{"date":"19590531","time":"1200","status":"TD","lat":30.9,"lon":-91.2,"wind_kt":30,"pressure_mb":null,"radius_34kt_nm":null},{"date":"19590531","time":"1800","status":"TD","lat":31.5,"lon":-90.9,"wind_kt":25,"pressure_mb":null,"radius_34kt_nm":null},{"date":"19590601","time":"0000","status":"TD","lat":32.1,"lon":-90.5,"wind_kt":25,"pressure_mb":null,"radius_34kt_nm":null},{"date":"19590601","time":"0600","status":"TD","lat":32.4,"lon":-89.9,"wind_kt":25,"pressure_mb":null,"radius_34kt_nm":null},{"date":"19590601","time":"1200","status":"TD","lat":32.6,"lon":-89.1,"wind_kt":25,"pressure_mb":null,"radius_34kt_nm":null},{"date":"19590601","time":"1800","status":"TD","lat":32.7,"lon":-88.3,"wind_kt":25,"pressure_mb":null,"radius_34kt_nm":null},{"date":"19590602","time":"0000","status":"TD","lat":32.8,"lon":-87.2,"wind_kt":20,"pressure_mb":null,"radius_34kt_nm":null},{"date":"19590602","time":"0600","status":"TD","lat":32.9,"lon":-85,"wind_kt":20,"pressure_mb":null,"radius_34kt_nm":null},{"date":"19590602","time":"1200","status":"TD","lat":33.5,"lon":-82.7,"wind_kt":20,"pressure_mb":null,"radius_34kt_nm":null},{"date":"19590602","time":"1800","status":"TD","lat":34.4,"lon":-80,"wind_kt":20,"pressure_mb":null,"radius_34kt_nm":null}]}},{"type":"Feature","geometry":{"type":"LineString","coordinates":[[-94.7,21.1],[-95.2,21.6],[-95.7,22.1],[-96.1,22.5],[-96.3,22.8],[-96.4,22.9],[-96.5,23],[-96.7,23],[-96.9,22.9],[-97,22.6],[-97.1,22.3],[-97.2,22.1],[-97.3,22],[-97.4,21.8],[-97.6,21.4]]},"properties":{"id":"hur-al021959","event_type":"hurricane","name":"BEULAH","year":1959,"max_wind_kt":60,"min_pressure_mb":985,"category":0,"preliminary":false,"start_date":"19590615","end_date":"19590619","track":[{"date":"19590615","time":"1800","status":"TS","lat":21.1,"lon":-94.7,"wind_kt":35,"pressure_mb":null,"radius_34kt_nm":null},{"date":"19590616","time":"0000","status":"TS","lat":21.6,"lon":-95.2,"wind_kt":40,"pressure_mb":null,"radius_34kt_nm":null},{"date":"19590616","time":"0600","status":"TS","lat":22.1,"lon":-95.7,"wind_kt":50,"pressure_mb":null,"radius_34kt_nm":null},{"date":"19590616","time":"1200","status":"TS","lat":22.5,"lon":-96.1,"wind_kt":55,"pressure_mb":null,"radius_34kt_nm":null},{"date":"19590616","time":"1800","status":"TS","lat":22.8,"lon":-96.3,"wind_kt":60,"pressure_mb":987,"radius_34kt_nm":null},{"date":"19590617","time":"0000","status":"TS","lat":22.9,"lon":-96.4,"wind_kt":60,"pressure_mb":null,"radius_34kt_nm":null},{"date":"19590617","time":"0600","status":"TS","lat":23,"lon":-96.5,"wind_kt":60,"pressure_mb":985,"radius_34kt_nm":null},{"date":"19590617","time":"1200","status":"TS","lat":23,"lon":-96.7,"wind_kt":50,"pressure_mb":992,"radius_34kt_nm":null},{"date":"19590617","time":"1800","status":"TS","lat":22.9,"lon":-96.9,"wind_kt":50,"pressure_mb":992,"radius_34kt_nm":null},{"date":"19590618","time":"0000","status":"TS","lat":22.6,"lon":-97,"wind_kt":45,"pressure_mb":997,"radius_34kt_nm":null},{"date":"19590618","time":"0600","status":"TS","lat":22.3,"lon":-97.1,"wind_kt":40,"pressure_mb":null,"radius_34kt_nm":null},{"date":"19590618","time":"1200","status":"TS","lat":22.1,"lon":-97.2,"wind_kt":35,"pressure_mb":1001,"radius_34kt_nm":null},{"date":"19590618","time":"1800","status":"TS","lat":22,"lon":-97.3,"wind_kt":35,"pressure_mb":1001,"radius_34kt_nm":null},{"date":"19590619","time":"0000","status":"TD","lat":21.8,"lon":-97.4,"wind_kt":30,"pressure_mb":null,"radius_34kt_nm":null},{"date":"19590619","time":"0600","status":"TD","lat":21.4,"lon":-97.6,"wind_kt":25,"pressure_mb":null,"radius_34kt_nm":null}]}},{"type":"Feature","geometry":{"type":"LineString","coordinates":[[-86.3,26.3],[-83.7,27.7],[-82.8,28],[-80.5,29],[-77.5,30.4],[-74,32],[-70,34.5],[-65,38.4],[-62.5,41.2],[-61,43.7],[-62,45.5],[-63,46],[-63,45.6],[-62,45.4],[-58,46.3],[-54.5,47.3],[-51.5,48.2],[-49,48.8],[-47,49],[-45,49]]},"properties":{"id":"hur-al031959","event_type":"hurricane","name":null,"year":1959,"max_wind_kt":75,"min_pressure_mb":974,"category":1,"preliminary":false,"start_date":"19590618","end_date":"19590622","track":[{"date":"19590618","time":"0000","status":"TS","lat":26.3,"lon":-86.3,"wind_kt":35,"pressure_mb":null,"radius_34kt_nm":null},{"date":"19590618","time":"0600","status":"TS","lat":27.7,"lon":-83.7,"wind_kt":40,"pressure_mb":1002,"radius_34kt_nm":null},{"date":"19590618","time":"0800","status":"TS","lat":28,"lon":-82.8,"wind_kt":40,"pressure_mb":1002,"radius_34kt_nm":null},{"date":"19590618","time":"1200","status":"TS","lat":29,"lon":-80.5,"wind_kt":40,"pressure_mb":null,"radius_34kt_nm":null},{"date":"19590618","time":"1800","status":"TS","lat":30.4,"lon":-77.5,"wind_kt":45,"pressure_mb":null,"radius_34kt_nm":null},{"date":"19590619","time":"0000","status":"TS","lat":32,"lon":-74,"wind_kt":55,"pressure_mb":null,"radius_34kt_nm":null},{"date":"19590619","time":"0600","status":"HU","lat":34.5,"lon":-70,"wind_kt":65,"pressure_mb":null,"radius_34kt_nm":null},{"date":"19590619","time":"1200","status":"HU","lat":38.4,"lon":-65,"wind_kt":75,"pressure_mb":974,"radius_34kt_nm":null},{"date":"19590619","time":"1800","status":"EX","lat":41.2,"lon":-62.5,"wind_kt":75,"pressure_mb":null,"radius_34kt_nm":null},{"date":"19590620","time":"0000","status":"EX","lat":43.7,"lon":-61,"wind_kt":70,"pressure_mb":null,"radius_34kt_nm":null},{"date":"19590620","time":"0600","status":"EX","lat":45.5,"lon":-62,"wind_kt":60,"pressure_mb":null,"radius_34kt_nm":null},{"date":"19590620","time":"1200","status":"EX","lat":46,"lon":-63,"wind_kt":50,"pressure_mb":null,"radius_34kt_nm":null},{"date":"19590620","time":"1800","status":"EX","lat":45.6,"lon":-63,"wind_kt":50,"pressure_mb":null,"radius_34kt_nm":null},{"date":"19590621","time":"0000","status":"EX","lat":45.4,"lon":-62,"wind_kt":45,"pressure_mb":null,"radius_34kt_nm":null},{"date":"19590621","time":"0600","status":"EX","lat":46.3,"lon":-58,"wind_kt":45,"pressure_mb":null,"radius_34kt_nm":null},{"date":"19590621","time":"1200","status":"EX","lat":47.3,"lon":-54.5,"wind_kt":40,"pressure_mb":null,"radius_34kt_nm":null},{"date":"19590621","time":"1800","status":"EX","lat":48.2,"lon":-51.5,"wind_kt":35,"pressure_mb":null,"radius_34kt_nm":null},{"date":"19590622","time":"0000","status":"EX","lat":48.8,"lon":-49,"wind_kt":35,"pressure_mb":null,"radius_34kt_nm":null},{"date":"19590622","time":"0600","status":"EX","lat":49,"lon":-47,"wind_kt":30,"pressure_mb":null,"radius_34kt_nm":null},{"date":"19590622","time":"1200","status":"EX","lat":49,"lon":-45,"wind_kt":30,"pressure_mb":null,"radius_34kt_nm":null}]}},{"type":"Feature","geometry":{"type":"LineString","coordinates":[[-79,31.5],[-79,31],[-78.9,30.5],[-78.7,30],[-78.5,29.8],[-78.3,29.8],[-78.2,30],[-78,30.3],[-77.9,30.5],[-77.7,30.8],[-77.4,31.3],[-77.2,31.8],[-77,32],[-76.9,32.1],[-77,32.2],[-77.5,32.3],[-78.1,32.4],[-78.7,32.4],[-79.3,32.6],[-79.6,33],[-79.8,33.2],[-80.1,33.7],[-80.3,34.1],[-79.9,34.5],[-79.2,35.1],[-77.9,35.9],[-76.4,36.9],[-74.6,38],[-72.7,39.5],[-70.7,41.7],[-67.7,44.3],[-64.9,46.3],[-62,48.3],[-59.1,50.5],[-56.2,53]]},"properties":{"id":"hur-al041959","event_type":"hurricane","name":"CINDY","year":1959,"max_wind_kt":65,"min_pressure_mb":995,"category":1,"preliminary":false,"start_date":"19590704","end_date":"19590712","track":[{"date":"19590704","time":"1200","status":"TD","lat":31.5,"lon":-79,"wind_kt":25,"pressure_mb":null,"radius_34kt_nm":null},{"date":"19590704","time":"1800","status":"TD","lat":31,"lon":-79,"wind_kt":25,"pressure_mb":null,"radius_34kt_nm":null},{"date":"19590705","time":"0000","status":"TD","lat":30.5,"lon":-78.9,"wind_kt":25,"pressure_mb":null,"radius_34kt_nm":null},{"date":"19590705","time":"0600","status":"TD","lat":30,"lon":-78.7,"wind_kt":25,"pressure_mb":null,"radius_34kt_nm":null},{"date":"19590705","time":"1200","status":"TD","lat":29.8,"lon":-78.5,"wind_kt":25,"pressure_mb":null,"radius_34kt_nm":null},{"date":"19590705","time":"1800","status":"TD","lat":29.8,"lon":-78.3,"wind_kt":25,"pressure_mb":null,"radius_34kt_nm":null},{"date":"19590706","time":"0000","status":"TD","lat":30,"lon":-78.2,"wind_kt":25,"pressure_mb":null,"radius_34kt_nm":null},{"date":"19590706","time":"0600","status":"TD","lat":30.3,"lon":-78,"wind_kt":25,"pressure_mb":null,"radius_34kt_nm":null},{"date":"19590706","time":"1200","status":"TD","lat":30.5,"lon":-77.9,"wind_kt":30,"pressure_mb":null,"radius_34kt_nm":null},{"date":"19590706","time":"1800","status":"TS","lat":30.8,"lon":-77.7,"wind_kt":35,"pressure_mb":null,"radius_34kt_nm":null},{"date":"19590707","time":"0000","status":"TS","lat":31.3,"lon":-77.4,"wind_kt":40,"pressure_mb":null,"radius_34kt_nm":null},{"date":"19590707","time":"0600","status":"TS","lat":31.8,"lon":-77.2,"wind_kt":40,"pressure_mb":null,"radius_34kt_nm":null},{"date":"19590707","time":"1200","status":"TS","lat":32,"lon":-77,"wind_kt":45,"pressure_mb":null,"radius_34kt_nm":null},{"date":"19590707","time":"1800","status":"TS","lat":32.1,"lon":-76.9,"wind_kt":50,"pressure_mb":null,"radius_34kt_nm":null},{"date":"19590708","time":"0000","status":"TS","lat":32.2,"lon":-77,"wind_kt":55,"pressure_mb":997,"radius_34kt_nm":null},{"date":"19590708","time":"0600","status":"TS","lat":32.3,"lon":-77.5,"wind_kt":60,"pressure_mb":null,"radius_34kt_nm":null},{"date":"19590708","time":"1200","status":"HU","lat":32.4,"lon":-78.1,"wind_kt":65,"pressure_mb":995,"radius_34kt_nm":null},{"date":"19590708","time":"1800","status":"HU","lat":32.4,"lon":-78.7,"wind_kt":65,"pressure_mb":null,"radius_34kt_nm":null},{"date":"19590709","time":"0000","status":"HU","lat":32.6,"lon":-79.3,"wind_kt":65,"pressure_mb":995,"radius_34kt_nm":null},{"date":"19590709","time":"0400","status":"HU","lat":33,"lon":-79.6,"wind_kt":65,"pressure_mb":995,"radius_34kt_nm":null},{"date":"19590709","time":"0600","status":"TS","lat":33.2,"lon":-79.8,"wind_kt":50,"pressure_mb":null,"radius_34kt_nm":null},{"date":"19590709","time":"1200","status":"TS","lat":33.7,"lon":-80.1,"wind_kt":35,"pressure_mb":null,"radius_34kt_nm":null},{"date":"19590709","time":"1800","status":"TD","lat":34.1,"lon":-80.3,"wind_kt":30,"pressure_mb":null,"radius_34kt_nm":null},{"date":"19590710","time":"0000","status":"TD","lat":34.5,"lon":-79.9,"wind_kt":30,"pressure_mb":null,"radius_34kt_nm":null},{"date":"19590710","time":"0600","status":"TD","lat":35.1,"lon":-79.2,"wind_kt":30,"pressure_mb":null,"radius_34kt_nm":null},{"date":"19590710","time":"1200","status":"TS","lat":35.9,"lon":-77.9,"wind_kt":35,"pressure_mb":null,"radius_34kt_nm":null},{"date":"19590710","time":"1800","status":"TS","lat":36.9,"lon":-76.4,"wind_kt":40,"pressure_mb":null,"radius_34kt_nm":null},{"date":"19590711","time":"0000","status":"TS","lat":38,"lon":-74.6,"wind_kt":45,"pressure_mb":null,"radius_34kt_nm":null},{"date":"19590711","time":"0600","status":"TS","lat":39.5,"lon":-72.7,"wind_kt":50,"pressure_mb":null,"radius_34kt_nm":null},{"date":"19590711","time":"1200","status":"TS","lat":41.7,"lon":-70.7,"wind_kt":50,"pressure_mb":998,"radius_34kt_nm":null},{"date":"19590711","time":"1800","status":"EX","lat":44.3,"lon":-67.7,"wind_kt":45,"pressure_mb":1000,"radius_34kt_nm":null},{"date":"19590712","time":"0000","status":"EX","lat":46.3,"lon":-64.9,"wind_kt":40,"pressure_mb":null,"radius_34kt_nm":null},{"date":"19590712","time":"0600","status":"EX","lat":48.3,"lon":-62,"wind_kt":35,"pressure_mb":null,"radius_34kt_nm":null},{"date":"19590712","time":"1200","status":"EX","lat":50.5,"lon":-59.1,"wind_kt":30,"pressure_mb":null,"radius_34kt_nm":null},{"date":"19590712","time":"1800","status":"EX","lat":53,"lon":-56.2,"wind_kt":25,"pressure_mb":null,"radius_34kt_nm":null}]}},{"type":"Feature","geometry":{"type":"LineString","coordinates":[[-91.2,27.5],[-91.7,27.6],[-92.3,27.9],[-92.9,28.2],[-93.5,28.5],[-94.1,28.5],[-94.6,28.3],[-95,28.3],[-95.2,28.4],[-95.2,28.7],[-95.2,29.1],[-95.2,29.2],[-95.1,29.5],[-95.1,30],[-95.1,30.6],[-95.2,31.3],[-95.4,32.1],[-95.6,33.1],[-96.2,34.1],[-97.1,35],[-98,35.8],[-98.8,36.2]]},"properties":{"id":"hur-al051959","event_type":"hurricane","name":"DEBRA","year":1959,"max_wind_kt":75,"min_pressure_mb":980,"category":1,"preliminary":false,"start_date":"19590722","end_date":"19590727","track":[{"date":"19590722","time":"1800","status":"TD","lat":27.5,"lon":-91.2,"wind_kt":25,"pressure_mb":null,"radius_34kt_nm":null},{"date":"19590723","time":"0000","status":"TD","lat":27.6,"lon":-91.7,"wind_kt":25,"pressure_mb":null,"radius_34kt_nm":null},{"date":"19590723","time":"0600","status":"TD","lat":27.9,"lon":-92.3,"wind_kt":30,"pressure_mb":null,"radius_34kt_nm":null},{"date":"19590723","time":"1200","status":"TD","lat":28.2,"lon":-92.9,"wind_kt":30,"pressure_mb":null,"radius_34kt_nm":null},{"date":"19590723","time":"1800","status":"TD","lat":28.5,"lon":-93.5,"wind_kt":30,"pressure_mb":null,"radius_34kt_nm":null},{"date":"19590724","time":"0000","status":"TS","lat":28.5,"lon":-94.1,"wind_kt":35,"pressure_mb":null,"radius_34kt_nm":null},{"date":"19590724","time":"0600","status":"TS","lat":28.3,"lon":-94.6,"wind_kt":50,"pressure_mb":null,"radius_34kt_nm":null},{"date":"19590724","time":"1200","status":"HU","lat":28.3,"lon":-95,"wind_kt":65,"pressure_mb":null,"radius_34kt_nm":null},{"date":"19590724","time":"1800","status":"HU","lat":28.4,"lon":-95.2,"wind_kt":65,"pressure_mb":985,"radius_34kt_nm":null},{"date":"19590725","time":"0000","status":"HU","lat":28.7,"lon":-95.2,"wind_kt":70,"pressure_mb":984,"radius_34kt_nm":null},{"date":"19590725","time":"0500","status":"HU","lat":29.1,"lon":-95.2,"wind_kt":75,"pressure_mb":980,"radius_34kt_nm":null},{"date":"19590725","time":"0600","status":"HU","lat":29.2,"lon":-95.2,"wind_kt":75,"pressure_mb":980,"radius_34kt_nm":null},{"date":"19590725","time":"1200","status":"TS","lat":29.5,"lon":-95.1,"wind_kt":55,"pressure_mb":986,"radius_34kt_nm":null},{"date":"19590725","time":"1800","status":"TS","lat":30,"lon":-95.1,"wind_kt":50,"pressure_mb":null,"radius_34kt_nm":null},{"date":"19590726","time":"0000","status":"TS","lat":30.6,"lon":-95.1,"wind_kt":40,"pressure_mb":null,"radius_34kt_nm":null},{"date":"19590726","time":"0600","status":"TD","lat":31.3,"lon":-95.2,"wind_kt":30,"pressure_mb":null,"radius_34kt_nm":null},{"date":"19590726","time":"1200","status":"TD","lat":32.1,"lon":-95.4,"wind_kt":30,"pressure_mb":null,"radius_34kt_nm":null},{"date":"19590726","time":"1800","status":"TD","lat":33.1,"lon":-95.6,"wind_kt":25,"pressure_mb":null,"radius_34kt_nm":null},{"date":"19590727","time":"0000","status":"TD","lat":34.1,"lon":-96.2,"wind_kt":25,"pressure_mb":null,"radius_34kt_nm":null},{"date":"19590727","time":"0600","status":"TD","lat":35,"lon":-97.1,"wind_kt":25,"pressure_mb":null,"radius_34kt_nm":null},{"date":"19590727","time":"1200","status":"TD","lat":35.8,"lon":-98,"wind_kt":25,"pressure_mb":null,"radius_34kt_nm":null},{"date":"19590727","time":"1800","status":"TD","lat":36.2,"lon":-98.8,"wind_kt":25,"pressure_mb":null,"radius_34kt_nm":null}]}},{"type":"Feature","geometry":{"type":"LineString","coordinates":[[-57.9,14.3],[-59.9,14.9],[-61.3,15.3],[-61.8,15.5],[-63.7,16.1],[-65.5,16.7]]},"properties":{"id":"hur-al061959","event_type":"hurricane","name":"EDITH","year":1959,"max_wind_kt":50,"min_pressure_mb":1007,"category":0,"preliminary":false,"start_date":"19590818","end_date":"19590819","track":[{"date":"19590818","time":"0000","status":"TS","lat":14.3,"lon":-57.9,"wind_kt":35,"pressure_mb":1007,"radius_34kt_nm":null},{"date":"19590818","time":"0600","status":"TS","lat":14.9,"lon":-59.9,"wind_kt":40,"pressure_mb":null,"radius_34kt_nm":null},{"date":"19590818","time":"1000","status":"TS","lat":15.3,"lon":-61.3,"wind_kt":50,"pressure_mb":null,"radius_34kt_nm":null},{"date":"19590818","time":"1200","status":"TS","lat":15.5,"lon":-61.8,"wind_kt":50,"pressure_mb":null,"radius_34kt_nm":null},{"date":"19590818","time":"1800","status":"TS","lat":16.1,"lon":-63.7,"wind_kt":40,"pressure_mb":null,"radius_34kt_nm":null},{"date":"19590819","time":"0000","status":"TS","lat":16.7,"lon":-65.5,"wind_kt":35,"pressure_mb":null,"radius_34kt_nm":null}]}},{"type":"Feature","geometry":{"type":"LineString","coordinates":[[-45.8,16.8],[-46.5,18.2],[-46.7,19.5],[-46.5,20.8],[-46,22],[-45.4,23.1],[-44.8,24.3],[-44.2,25.5],[-43.6,26.9],[-42.6,28.5],[-41.6,29.2],[-40.7,30],[-38.5,31.7],[-35,33.5],[-31.2,35.2],[-28.1,36.8],[-24.1,38.7]]},"properties":{"id":"hur-al071959","event_type":"hurricane","name":"FLORA","year":1959,"max_wind_kt":65,"min_pressure_mb":994,"category":1,"preliminary":false,"start_date":"19590909","end_date":"19590913","track":[{"date":"19590909","time":"0600","status":"TD","lat":16.8,"lon":-45.8,"wind_kt":25,"pressure_mb":null,"radius_34kt_nm":null},{"date":"19590909","time":"1200","status":"TD","lat":18.2,"lon":-46.5,"wind_kt":25,"pressure_mb":null,"radius_34kt_nm":null},{"date":"19590909","time":"1800","status":"TD","lat":19.5,"lon":-46.7,"wind_kt":25,"pressure_mb":null,"radius_34kt_nm":null},{"date":"19590910","time":"0000","status":"TD","lat":20.8,"lon":-46.5,"wind_kt":30,"pressure_mb":null,"radius_34kt_nm":null},{"date":"19590910","time":"0600","status":"TS","lat":22,"lon":-46,"wind_kt":35,"pressure_mb":null,"radius_34kt_nm":null},{"date":"19590910","time":"1200","status":"TS","lat":23.1,"lon":-45.4,"wind_kt":40,"pressure_mb":null,"radius_34kt_nm":null},{"date":"19590910","time":"1800","status":"TS","lat":24.3,"lon":-44.8,"wind_kt":45,"pressure_mb":1008,"radius_34kt_nm":null},{"date":"19590911","time":"0000","status":"TS","lat":25.5,"lon":-44.2,"wind_kt":55,"pressure_mb":null,"radius_34kt_nm":null},{"date":"19590911","time":"0600","status":"TS","lat":26.9,"lon":-43.6,"wind_kt":60,"pressure_mb":null,"radius_34kt_nm":null},{"date":"19590911","time":"1200","status":"HU","lat":28.5,"lon":-42.6,"wind_kt":65,"pressure_mb":null,"radius_34kt_nm":null},{"date":"19590911","time":"1500","status":"HU","lat":29.2,"lon":-41.6,"wind_kt":65,"pressure_mb":994,"radius_34kt_nm":null},{"date":"19590911","time":"1800","status":"TS","lat":30,"lon":-40.7,"wind_kt":55,"pressure_mb":1001,"radius_34kt_nm":null},{"date":"19590912","time":"0000","status":"TS","lat":31.7,"lon":-38.5,"wind_kt":50,"pressure_mb":null,"radius_34kt_nm":null},{"date":"19590912","time":"0600","status":"TS","lat":33.5,"lon":-35,"wind_kt":50,"pressure_mb":null,"radius_34kt_nm":null},{"date":"19590912","time":"1200","status":"EX","lat":35.2,"lon":-31.2,"wind_kt":50,"pressure_mb":null,"radius_34kt_nm":null},{"date":"19590912","time":"1800","status":"EX","lat":36.8,"lon":-28.1,"wind_kt":50,"pressure_mb":994,"radius_34kt_nm":null},{"date":"19590913","time":"0000","status":"EX","lat":38.7,"lon":-24.1,"wind_kt":50,"pressure_mb":null,"radius_34kt_nm":null}]}},{"type":"Feature","geometry":{"type":"LineString","coordinates":[[-68.3,19.8],[-69.6,19.9],[-71,20.1],[-72.4,20.3],[-73.7,20.6],[-74.1,21.2],[-74.1,21.8],[-73.6,22.2],[-73.2,22.6],[-73,23.2],[-73,23.9],[-73.2,24.4],[-73.5,24.9],[-74,25.4],[-74.6,25.8],[-75.1,26.2],[-75.4,26.5],[-75.5,26.9],[-75.4,27.4],[-75.2,27.7],[-75,27.9],[-74.8,28],[-74.5,27.8],[-74.1,27.8],[-73.5,27.8],[-73,27.9],[-73,28],[-73.5,28.2],[-74,28.4],[-74.5,28.5],[-75,28.5],[-75.5,28.7],[-76.3,28.9],[-77.1,29.4],[-78.1,30],[-79.1,30.6],[-79.8,31.6],[-80.4,32.5],[-80.6,32.5],[-80.9,33.7],[-81.3,34.8],[-81.6,36],[-81.7,37.7],[-81,39.3],[-79.1,40.6],[-77,41.7],[-74.8,42.5],[-72,42.9],[-68,43],[-63.4,43]]},"properties":{"id":"hur-al081959","event_type":"hurricane","name":"GRACIE","year":1959,"max_wind_kt":115,"min_pressure_mb":951,"category":4,"preliminary":false,"start_date":"19590920","end_date":"19591002","track":[{"date":"19590920","time":"1200","status":"TD","lat":19.8,"lon":-68.3,"wind_kt":25,"pressure_mb":1009,"radius_34kt_nm":null},{"date":"19590920","time":"1800","status":"TD","lat":19.9,"lon":-69.6,"wind_kt":25,"pressure_mb":1008,"radius_34kt_nm":null},{"date":"19590921","time":"0000","status":"TD","lat":20.1,"lon":-71,"wind_kt":25,"pressure_mb":null,"radius_34kt_nm":null},{"date":"19590921","time":"0600","status":"TD","lat":20.3,"lon":-72.4,"wind_kt":30,"pressure_mb":null,"radius_34kt_nm":null},{"date":"19590921","time":"1200","status":"TD","lat":20.6,"lon":-73.7,"wind_kt":30,"pressure_mb":1011,"radius_34kt_nm":null},{"date":"19590921","time":"1800","status":"TD","lat":21.2,"lon":-74.1,"wind_kt":30,"pressure_mb":1009,"radius_34kt_nm":null},{"date":"19590922","time":"0000","status":"TS","lat":21.8,"lon":-74.1,"wind_kt":35,"pressure_mb":null,"radius_34kt_nm":null},{"date":"19590922","time":"0600","status":"TS","lat":22.2,"lon":-73.6,"wind_kt":45,"pressure_mb":null,"radius_34kt_nm":null},{"date":"19590922","time":"1200","status":"TS","lat":22.6,"lon":-73.2,"wind_kt":55,"pressure_mb":null,"radius_34kt_nm":null},{"date":"19590922","time":"1800","status":"HU","lat":23.2,"lon":-73,"wind_kt":65,"pressure_mb":997,"radius_34kt_nm":null},{"date":"19590923","time":"0000","status":"HU","lat":23.9,"lon":-73,"wind_kt":65,"pressure_mb":1000,"radius_34kt_nm":null},{"date":"19590923","time":"0600","status":"HU","lat":24.4,"lon":-73.2,"wind_kt":65,"pressure_mb":1002,"radius_34kt_nm":null},{"date":"19590923","time":"1200","status":"HU","lat":24.9,"lon":-73.5,"wind_kt":65,"pressure_mb":null,"radius_34kt_nm":null},{"date":"19590923","time":"1800","status":"TS","lat":25.4,"lon":-74,"wind_kt":60,"pressure_mb":null,"radius_34kt_nm":null},{"date":"19590924","time":"0000","status":"TS","lat":25.8,"lon":-74.6,"wind_kt":55,"pressure_mb":1001,"radius_34kt_nm":null},{"date":"19590924","time":"0600","status":"TS","lat":26.2,"lon":-75.1,"wind_kt":55,"pressure_mb":null,"radius_34kt_nm":null},{"date":"19590924","time":"1200","status":"TS","lat":26.5,"lon":-75.4,"wind_kt":55,"pressure_mb":1000,"radius_34kt_nm":null},{"date":"19590924","time":"1800","status":"TS","lat":26.9,"lon":-75.5,"wind_kt":50,"pressure_mb":null,"radius_34kt_nm":null},{"date":"19590925","time":"0000","status":"TS","lat":27.4,"lon":-75.4,"wind_kt":45,"pressure_mb":1004,"radius_34kt_nm":null},{"date":"19590925","time":"0600","status":"TS","lat":27.7,"lon":-75.2,"wind_kt":45,"pressure_mb":1000,"radius_34kt_nm":null},{"date":"19590925","time":"1200","status":"TS","lat":27.9,"lon":-75,"wind_kt":50,"pressure_mb":null,"radius_34kt_nm":null},{"date":"19590925","time":"1800","status":"TS","lat":28,"lon":-74.8,"wind_kt":50,"pressure_mb":997,"radius_34kt_nm":null},{"date":"19590926","time":"0000","status":"TS","lat":27.8,"lon":-74.5,"wind_kt":45,"pressure_mb":1000,"radius_34kt_nm":null},{"date":"19590926","time":"0600","status":"TS","lat":27.8,"lon":-74.1,"wind_kt":50,"pressure_mb":null,"radius_34kt_nm":null},{"date":"19590926","time":"1200","status":"TS","lat":27.8,"lon":-73.5,"wind_kt":55,"pressure_mb":null,"radius_34kt_nm":null},{"date":"19590926","time":"1800","status":"TS","lat":27.9,"lon":-73,"wind_kt":60,"pressure_mb":null,"radius_34kt_nm":null},{"date":"19590927","time":"0000","status":"TS","lat":28,"lon":-73,"wind_kt":60,"pressure_mb":997,"radius_34kt_nm":null},{"date":"19590927","time":"0600","status":"HU","lat":28.2,"lon":-73.5,"wind_kt":65,"pressure_mb":null,"radius_34kt_nm":null},{"date":"19590927","time":"1200","status":"HU","lat":28.4,"lon":-74,"wind_kt":65,"pressure_mb":null,"radius_34kt_nm":null},{"date":"19590927","time":"1800","status":"HU","lat":28.5,"lon":-74.5,"wind_kt":70,"pressure_mb":null,"radius_34kt_nm":null},{"date":"19590928","time":"0000","status":"HU","lat":28.5,"lon":-75,"wind_kt":75,"pressure_mb":981,"radius_34kt_nm":null},{"date":"19590928","time":"0600","status":"HU","lat":28.7,"lon":-75.5,"wind_kt":80,"pressure_mb":979,"radius_34kt_nm":null},{"date":"19590928","time":"1200","status":"HU","lat":28.9,"lon":-76.3,"wind_kt":90,"pressure_mb":null,"radius_34kt_nm":null},{"date":"19590928","time":"1800","status":"HU","lat":29.4,"lon":-77.1,"wind_kt":105,"pressure_mb":964,"radius_34kt_nm":null},{"date":"19590929","time":"0000","status":"HU","lat":30,"lon":-78.1,"wind_kt":110,"pressure_mb":957,"radius_34kt_nm":null},{"date":"19590929","time":"0600","status":"HU","lat":30.6,"lon":-79.1,"wind_kt":115,"pressure_mb":951,"radius_34kt_nm":null},{"date":"19590929","time":"1200","status":"HU","lat":31.6,"lon":-79.8,"wind_kt":115,"pressure_mb":null,"radius_34kt_nm":null},{"date":"19590929","time":"1700","status":"HU","lat":32.5,"lon":-80.4,"wind_kt":115,"pressure_mb":951,"radius_34kt_nm":null},{"date":"19590929","time":"1800","status":"HU","lat":32.5,"lon":-80.6,"wind_kt":115,"pressure_mb":951,"radius_34kt_nm":null},{"date":"19590930","time":"0000","status":"HU","lat":33.7,"lon":-80.9,"wind_kt":65,"pressure_mb":null,"radius_34kt_nm":null},{"date":"19590930","time":"0600","status":"TS","lat":34.8,"lon":-81.3,"wind_kt":45,"pressure_mb":null,"radius_34kt_nm":null},{"date":"19590930","time":"1200","status":"TS","lat":36,"lon":-81.6,"wind_kt":35,"pressure_mb":null,"radius_34kt_nm":null},{"date":"19590930","time":"1800","status":"EX","lat":37.7,"lon":-81.7,"wind_kt":30,"pressure_mb":null,"radius_34kt_nm":null},{"date":"19591001","time":"0000","status":"EX","lat":39.3,"lon":-81,"wind_kt":25,"pressure_mb":null,"radius_34kt_nm":null},{"date":"19591001","time":"0600","status":"EX","lat":40.6,"lon":-79.1,"wind_kt":25,"pressure_mb":null,"radius_34kt_nm":null},{"date":"19591001","time":"1200","status":"EX","lat":41.7,"lon":-77,"wind_kt":25,"pressure_mb":null,"radius_34kt_nm":null},{"date":"19591001","time":"1800","status":"EX","lat":42.5,"lon":-74.8,"wind_kt":25,"pressure_mb":null,"radius_34kt_nm":null},{"date":"19591002","time":"0000","status":"EX","lat":42.9,"lon":-72,"wind_kt":25,"pressure_mb":null,"radius_34kt_nm":null},{"date":"19591002","time":"0600","status":"EX","lat":43,"lon":-68,"wind_kt":25,"pressure_mb":null,"radius_34kt_nm":null},{"date":"19591002","time":"1200","status":"EX","lat":43,"lon":-63.4,"wind_kt":25,"pressure_mb":null,"radius_34kt_nm":null}]}},{"type":"Feature","geometry":{"type":"LineString","coordinates":[[-49.9,26.8],[-50.5,26.9],[-51.2,27],[-51.9,27.2],[-52.8,27.5],[-54,27.6],[-55.4,27.4],[-57.2,26.7],[-59,26.3],[-61,26.2],[-62.6,26.2],[-63.8,26.4],[-64.7,26.9],[-65.6,27.9],[-66.4,28.8],[-67.2,29.6],[-68.1,30.5],[-69,31.6],[-69.2,32.6],[-68.9,33.5],[-68,34.1],[-67.2,34.5],[-66.5,35],[-65.7,35.3],[-64.7,35.7],[-63.4,36.1],[-62.3,36.4],[-61.5,36.7],[-60.1,36.9],[-58.4,37.1],[-56.5,37.1],[-54.1,36.9],[-51.5,36.6],[-48.1,36.4],[-44.5,36.1],[-41.1,35.5],[-38.1,35],[-34.7,35.5],[-30.8,36.6],[-27.8,37.8],[-24.9,39.2],[-21.5,41],[-18,45],[-19.5,49],[-20.9,53],[-25,56]]},"properties":{"id":"hur-al091959","event_type":"hurricane","name":"HANNAH","year":1959,"max_wind_kt":105,"min_pressure_mb":959,"category":3,"preliminary":false,"start_date":"19590927","end_date":"19591008","track":[{"date":"19590927","time":"1200","status":"TD","lat":26.8,"lon":-49.9,"wind_kt":30,"pressure_mb":null,"radius_34kt_nm":null},{"date":"19590927","time":"1800","status":"TD","lat":26.9,"lon":-50.5,"wind_kt":30,"pressure_mb":null,"radius_34kt_nm":null},{"date":"19590928","time":"0000","status":"TS","lat":27,"lon":-51.2,"wind_kt":35,"pressure_mb":null,"radius_34kt_nm":null},{"date":"19590928","time":"0600","status":"TS","lat":27.2,"lon":-51.9,"wind_kt":40,"pressure_mb":null,"radius_34kt_nm":null},{"date":"19590928","time":"1200","status":"TS","lat":27.5,"lon":-52.8,"wind_kt":45,"pressure_mb":null,"radius_34kt_nm":null},{"date":"19590928","time":"1800","status":"TS","lat":27.6,"lon":-54,"wind_kt":55,"pressure_mb":null,"radius_34kt_nm":null},{"date":"19590929","time":"0000","status":"TS","lat":27.4,"lon":-55.4,"wind_kt":60,"pressure_mb":996,"radius_34kt_nm":null},{"date":"19590929","time":"0600","status":"HU","lat":26.7,"lon":-57.2,"wind_kt":65,"pressure_mb":null,"radius_34kt_nm":null},{"date":"19590929","time":"1200","status":"HU","lat":26.3,"lon":-59,"wind_kt":70,"pressure_mb":null,"radius_34kt_nm":null},{"date":"19590929","time":"1800","status":"HU","lat":26.2,"lon":-61,"wind_kt":75,"pressure_mb":null,"radius_34kt_nm":null},{"date":"19590930","time":"0000","status":"HU","lat":26.2,"lon":-62.6,"wind_kt":80,"pressure_mb":null,"radius_34kt_nm":null},{"date":"19590930","time":"0600","status":"HU","lat":26.4,"lon":-63.8,"wind_kt":85,"pressure_mb":null,"radius_34kt_nm":null},{"date":"19590930","time":"1200","status":"HU","lat":26.9,"lon":-64.7,"wind_kt":90,"pressure_mb":975,"radius_34kt_nm":null},{"date":"19590930","time":"1800","status":"HU","lat":27.9,"lon":-65.6,"wind_kt":105,"pressure_mb":959,"radius_34kt_nm":null},{"date":"19591001","time":"0000","status":"HU","lat":28.8,"lon":-66.4,"wind_kt":105,"pressure_mb":null,"radius_34kt_nm":null},{"date":"19591001","time":"0600","status":"HU","lat":29.6,"lon":-67.2,"wind_kt":100,"pressure_mb":null,"radius_34kt_nm":null},{"date":"19591001","time":"1200","status":"HU","lat":30.5,"lon":-68.1,"wind_kt":100,"pressure_mb":967,"radius_34kt_nm":null},{"date":"19591001","time":"1800","status":"HU","lat":31.6,"lon":-69,"wind_kt":100,"pressure_mb":963,"radius_34kt_nm":null},{"date":"19591002","time":"0000","status":"HU","lat":32.6,"lon":-69.2,"wind_kt":100,"pressure_mb":null,"radius_34kt_nm":null},{"date":"19591002","time":"0600","status":"HU","lat":33.5,"lon":-68.9,"wind_kt":100,"pressure_mb":null,"radius_34kt_nm":null},{"date":"19591002","time":"1200","status":"HU","lat":34.1,"lon":-68,"wind_kt":100,"pressure_mb":null,"radius_34kt_nm":null},{"date":"19591002","time":"1800","status":"HU","lat":34.5,"lon":-67.2,"wind_kt":95,"pressure_mb":961,"radius_34kt_nm":null},{"date":"19591003","time":"0000","status":"HU","lat":35,"lon":-66.5,"wind_kt":95,"pressure_mb":null,"radius_34kt_nm":null},{"date":"19591003","time":"0600","status":"HU","lat":35.3,"lon":-65.7,"wind_kt":90,"pressure_mb":null,"radius_34kt_nm":null},{"date":"19591003","time":"1200","status":"HU","lat":35.7,"lon":-64.7,"wind_kt":85,"pressure_mb":966,"radius_34kt_nm":null},{"date":"19591003","time":"1800","status":"HU","lat":36.1,"lon":-63.4,"wind_kt":85,"pressure_mb":null,"radius_34kt_nm":null},{"date":"19591004","time":"0000","status":"HU","lat":36.4,"lon":-62.3,"wind_kt":85,"pressure_mb":null,"radius_34kt_nm":null},{"date":"19591004","time":"0600","status":"HU","lat":36.7,"lon":-61.5,"wind_kt":85,"pressure_mb":null,"radius_34kt_nm":null},{"date":"19591004","time":"1200","status":"HU","lat":36.9,"lon":-60.1,"wind_kt":85,"pressure_mb":null,"radius_34kt_nm":null},{"date":"19591004","time":"1800","status":"HU","lat":37.1,"lon":-58.4,"wind_kt":85,"pressure_mb":970,"radius_34kt_nm":null},{"date":"19591005","time":"0000","status":"HU","lat":37.1,"lon":-56.5,"wind_kt":85,"pressure_mb":null,"radius_34kt_nm":null},{"date":"19591005","time":"0600","status":"HU","lat":36.9,"lon":-54.1,"wind_kt":85,"pressure_mb":null,"radius_34kt_nm":null},{"date":"19591005","time":"1200","status":"HU","lat":36.6,"lon":-51.5,"wind_kt":90,"pressure_mb":null,"radius_34kt_nm":null},{"date":"19591005","time":"1800","status":"HU","lat":36.4,"lon":-48.1,"wind_kt":90,"pressure_mb":null,"radius_34kt_nm":null},{"date":"19591006","time":"0000","status":"HU","lat":36.1,"lon":-44.5,"wind_kt":90,"pressure_mb":null,"radius_34kt_nm":null},{"date":"19591006","time":"0600","status":"HU","lat":35.5,"lon":-41.1,"wind_kt":90,"pressure_mb":null,"radius_34kt_nm":null},{"date":"19591006","time":"1200","status":"HU","lat":35,"lon":-38.1,"wind_kt":90,"pressure_mb":971,"radius_34kt_nm":null},{"date":"19591006","time":"1800","status":"HU","lat":35.5,"lon":-34.7,"wind_kt":90,"pressure_mb":null,"radius_34kt_nm":null},{"date":"19591007","time":"0000","status":"HU","lat":36.6,"lon":-30.8,"wind_kt":85,"pressure_mb":null,"radius_34kt_nm":null},{"date":"19591007","time":"0600","status":"EX","lat":37.8,"lon":-27.8,"wind_kt":85,"pressure_mb":null,"radius_34kt_nm":null},{"date":"19591007","time":"1200","status":"EX","lat":39.2,"lon":-24.9,"wind_kt":85,"pressure_mb":null,"radius_34kt_nm":null},{"date":"19591007","time":"1800","status":"EX","lat":41,"lon":-21.5,"wind_kt":85,"pressure_mb":null,"radius_34kt_nm":null},{"date":"19591008","time":"0000","status":"EX","lat":45,"lon":-18,"wind_kt":80,"pressure_mb":null,"radius_34kt_nm":null},{"date":"19591008","time":"0600","status":"EX","lat":49,"lon":-19.5,"wind_kt":80,"pressure_mb":967,"radius_34kt_nm":null},{"date":"19591008","time":"1200","status":"EX","lat":53,"lon":-20.9,"wind_kt":70,"pressure_mb":null,"radius_34kt_nm":null},{"date":"19591008","time":"1800","status":"EX","lat":56,"lon":-25,"wind_kt":65,"pressure_mb":null,"radius_34kt_nm":null}]}},{"type":"Feature","geometry":{"type":"LineString","coordinates":[[-92.5,23.2],[-91.8,24.2],[-91,25.2],[-90,26.2],[-89,27.3],[-88.2,28.4],[-87.8,29.4],[-87.6,30.3],[-87.6,30.6],[-87,31.7],[-86.3,32.8],[-85.3,33.7],[-83.5,34.5]]},"properties":{"id":"hur-al101959","event_type":"hurricane","name":"IRENE","year":1959,"max_wind_kt":40,"min_pressure_mb":1000,"category":0,"preliminary":false,"start_date":"19591006","end_date":"19591009","track":[{"date":"19591006","time":"1800","status":"TD","lat":23.2,"lon":-92.5,"wind_kt":30,"pressure_mb":null,"radius_34kt_nm":null},{"date":"19591007","time":"0000","status":"TD","lat":24.2,"lon":-91.8,"wind_kt":30,"pressure_mb":null,"radius_34kt_nm":null},{"date":"19591007","time":"0600","status":"TD","lat":25.2,"lon":-91,"wind_kt":30,"pressure_mb":null,"radius_34kt_nm":null},{"date":"19591007","time":"1200","status":"TS","lat":26.2,"lon":-90,"wind_kt":35,"pressure_mb":1003,"radius_34kt_nm":null},{"date":"19591007","time":"1800","status":"TS","lat":27.3,"lon":-89,"wind_kt":35,"pressure_mb":1001,"radius_34kt_nm":null},{"date":"19591008","time":"0000","status":"TS","lat":28.4,"lon":-88.2,"wind_kt":35,"pressure_mb":1002,"radius_34kt_nm":null},{"date":"19591008","time":"0600","status":"TS","lat":29.4,"lon":-87.8,"wind_kt":40,"pressure_mb":null,"radius_34kt_nm":null},{"date":"19591008","time":"1000","status":"TS","lat":30.3,"lon":-87.6,"wind_kt":40,"pressure_mb":1000,"radius_34kt_nm":null},{"date":"19591008","time":"1200","status":"TS","lat":30.6,"lon":-87.6,"wind_kt":40,"pressure_mb":1000,"radius_34kt_nm":null},{"date":"19591008","time":"1800","status":"TD","lat":31.7,"lon":-87,"wind_kt":30,"pressure_mb":1003,"radius_34kt_nm":null},{"date":"19591009","time":"0000","status":"TD","lat":32.8,"lon":-86.3,"wind_kt":25,"pressure_mb":null,"radius_34kt_nm":null},{"date":"19591009","time":"0600","status":"TD","lat":33.7,"lon":-85.3,"wind_kt":20,"pressure_mb":null,"radius_34kt_nm":null},{"date":"19591009","time":"1200","status":"TD","lat":34.5,"lon":-83.5,"wind_kt":20,"pressure_mb":null,"radius_34kt_nm":null}]}},{"type":"Feature","geometry":{"type":"LineString","coordinates":[[-73.5,14],[-75.3,14],[-77,14],[-78.5,14.1],[-79.7,14.3],[-80.7,14.6],[-81.5,15],[-82.2,15.6],[-82.9,16.4],[-83.6,17.4],[-84.3,18.6],[-84.8,19.8],[-85.1,21],[-85.1,22.3],[-84.5,23.8],[-84,25],[-83.4,26],[-82.5,26.7],[-82.3,26.7],[-80.5,27],[-77.2,27.5],[-73.6,28.5],[-70,29.6],[-66.2,30.5],[-62.6,31],[-59.5,31],[-57.5,31],[-56.5,31.1],[-55.7,31.3],[-55.3,31.5],[-55,31.7],[-54.8,31.8],[-54,32],[-52.5,32]]},"properties":{"id":"hur-al111959","event_type":"hurricane","name":"JUDITH","year":1959,"max_wind_kt":75,"min_pressure_mb":988,"category":1,"preliminary":false,"start_date":"19591014","end_date":"19591022","track":[{"date":"19591014","time":"0600","status":"TD","lat":14,"lon":-73.5,"wind_kt":30,"pressure_mb":null,"radius_34kt_nm":null},{"date":"19591014","time":"1200","status":"TS","lat":14,"lon":-75.3,"wind_kt":35,"pressure_mb":null,"radius_34kt_nm":null},{"date":"19591014","time":"1800","status":"TS","lat":14,"lon":-77,"wind_kt":40,"pressure_mb":null,"radius_34kt_nm":null},{"date":"19591015","time":"0000","status":"TS","lat":14.1,"lon":-78.5,"wind_kt":40,"pressure_mb":null,"radius_34kt_nm":null},{"date":"19591015","time":"0600","status":"TS","lat":14.3,"lon":-79.7,"wind_kt":35,"pressure_mb":null,"radius_34kt_nm":null},{"date":"19591015","time":"1200","status":"TD","lat":14.6,"lon":-80.7,"wind_kt":30,"pressure_mb":null,"radius_34kt_nm":null},{"date":"19591015","time":"1800","status":"TD","lat":15,"lon":-81.5,"wind_kt":25,"pressure_mb":null,"radius_34kt_nm":null},{"date":"19591016","time":"0000","status":"DB","lat":15.6,"lon":-82.2,"wind_kt":25,"pressure_mb":null,"radius_34kt_nm":null},{"date":"19591016","time":"0600","status":"DB","lat":16.4,"lon":-82.9,"wind_kt":25,"pressure_mb":null,"radius_34kt_nm":null},{"date":"19591016","time":"1200","status":"DB","lat":17.4,"lon":-83.6,"wind_kt":25,"pressure_mb":null,"radius_34kt_nm":null},{"date":"19591016","time":"1800","status":"DB","lat":18.6,"lon":-84.3,"wind_kt":25,"pressure_mb":null,"radius_34kt_nm":null},{"date":"19591017","time":"0000","status":"DB","lat":19.8,"lon":-84.8,"wind_kt":25,"pressure_mb":null,"radius_34kt_nm":null},{"date":"19591017","time":"0600","status":"DB","lat":21,"lon":-85.1,"wind_kt":25,"pressure_mb":null,"radius_34kt_nm":null},{"date":"19591017","time":"1200","status":"TD","lat":22.3,"lon":-85.1,"wind_kt":30,"pressure_mb":null,"radius_34kt_nm":null},{"date":"19591017","time":"1800","status":"TS","lat":23.8,"lon":-84.5,"wind_kt":40,"pressure_mb":null,"radius_34kt_nm":null},{"date":"19591018","time":"0000","status":"TS","lat":25,"lon":-84,"wind_kt":55,"pressure_mb":null,"radius_34kt_nm":null},{"date":"19591018","time":"0600","status":"TS","lat":26,"lon":-83.4,"wind_kt":55,"pressure_mb":null,"radius_34kt_nm":null},{"date":"19591018","time":"1200","status":"TS","lat":26.7,"lon":-82.5,"wind_kt":55,"pressure_mb":998,"radius_34kt_nm":null},{"date":"19591018","time":"1400","status":"TS","lat":26.7,"lon":-82.3,"wind_kt":55,"pressure_mb":998,"radius_34kt_nm":null},{"date":"19591018","time":"1800","status":"TS","lat":27,"lon":-80.5,"wind_kt":45,"pressure_mb":1001,"radius_34kt_nm":null},{"date":"19591019","time":"0000","status":"TS","lat":27.5,"lon":-77.2,"wind_kt":55,"pressure_mb":null,"radius_34kt_nm":null},{"date":"19591019","time":"0600","status":"HU","lat":28.5,"lon":-73.6,"wind_kt":65,"pressure_mb":993,"radius_34kt_nm":null},{"date":"19591019","time":"1200","status":"HU","lat":29.6,"lon":-70,"wind_kt":75,"pressure_mb":988,"radius_34kt_nm":null},{"date":"19591019","time":"1800","status":"HU","lat":30.5,"lon":-66.2,"wind_kt":75,"pressure_mb":null,"radius_34kt_nm":null},{"date":"19591020","time":"0000","status":"HU","lat":31,"lon":-62.6,"wind_kt":70,"pressure_mb":null,"radius_34kt_nm":null},{"date":"19591020","time":"0600","status":"HU","lat":31,"lon":-59.5,"wind_kt":70,"pressure_mb":null,"radius_34kt_nm":null},{"date":"19591020","time":"1200","status":"HU","lat":31,"lon":-57.5,"wind_kt":70,"pressure_mb":null,"radius_34kt_nm":null},{"date":"19591020","time":"1800","status":"HU","lat":31.1,"lon":-56.5,"wind_kt":70,"pressure_mb":null,"radius_34kt_nm":null},{"date":"19591021","time":"0000","status":"TS","lat":31.3,"lon":-55.7,"wind_kt":60,"pressure_mb":null,"radius_34kt_nm":null},{"date":"19591021","time":"0600","status":"TS","lat":31.5,"lon":-55.3,"wind_kt":55,"pressure_mb":null,"radius_34kt_nm":null},{"date":"19591021","time":"1200","status":"TS","lat":31.7,"lon":-55,"wind_kt":50,"pressure_mb":null,"radius_34kt_nm":null},{"date":"19591021","time":"1800","status":"TS","lat":31.8,"lon":-54.8,"wind_kt":40,"pressure_mb":null,"radius_34kt_nm":null},{"date":"19591022","time":"0000","status":"TS","lat":32,"lon":-54,"wind_kt":35,"pressure_mb":null,"radius_34kt_nm":null},{"date":"19591022","time":"0600","status":"TD","lat":32,"lon":-52.5,"wind_kt":30,"pressure_mb":null,"radius_34kt_nm":null}]}},{"type":"Feature","geometry":{"type":"LineString","coordinates":[[-76.5,35],[-75.8,34.8],[-74.6,34.7],[-73,35.2],[-70.7,36.3],[-68.3,37.2],[-66.2,37.9],[-64.2,38.7],[-62.5,39.4],[-61.5,40.2],[-61.2,40.9],[-61.2,41.5],[-61.2,42],[-61.1,42.5],[-60.8,43],[-60.5,43.7],[-60.2,44.4],[-59.9,45.2],[-59.5,46.2],[-58.5,47.5]]},"properties":{"id":"hur-al121959","event_type":"hurricane","name":null,"year":1959,"max_wind_kt":60,"min_pressure_mb":null,"category":0,"preliminary":false,"start_date":"19590802","end_date":"19590806","track":[{"date":"19590802","time":"0000","status":"TD","lat":35,"lon":-76.5,"wind_kt":30,"pressure_mb":null,"radius_34kt_nm":null},{"date":"19590802","time":"0600","status":"TS","lat":34.8,"lon":-75.8,"wind_kt":40,"pressure_mb":null,"radius_34kt_nm":null},{"date":"19590802","time":"1200","status":"TS","lat":34.7,"lon":-74.6,"wind_kt":60,"pressure_mb":null,"radius_34kt_nm":null},{"date":"19590802","time":"1800","status":"TS","lat":35.2,"lon":-73,"wind_kt":60,"pressure_mb":null,"radius_34kt_nm":null},{"date":"19590803","time":"0000","status":"TS","lat":36.3,"lon":-70.7,"wind_kt":60,"pressure_mb":null,"radius_34kt_nm":null},{"date":"19590803","time":"0600","status":"TS","lat":37.2,"lon":-68.3,"wind_kt":55,"pressure_mb":null,"radius_34kt_nm":null},{"date":"19590803","time":"1200","status":"TS","lat":37.9,"lon":-66.2,"wind_kt":55,"pressure_mb":null,"radius_34kt_nm":null},{"date":"19590803","time":"1800","status":"TS","lat":38.7,"lon":-64.2,"wind_kt":50,"pressure_mb":null,"radius_34kt_nm":null},{"date":"19590804","time":"0000","status":"EX","lat":39.4,"lon":-62.5,"wind_kt":50,"pressure_mb":null,"radius_34kt_nm":null},{"date":"19590804","time":"0600","status":"EX","lat":40.2,"lon":-61.5,"wind_kt":45,"pressure_mb":null,"radius_34kt_nm":null},{"date":"19590804","time":"1200","status":"EX","lat":40.9,"lon":-61.2,"wind_kt":45,"pressure_mb":null,"radius_34kt_nm":null},{"date":"19590804","time":"1800","status":"EX","lat":41.5,"lon":-61.2,"wind_kt":45,"pressure_mb":null,"radius_34kt_nm":null},{"date":"19590805","time":"0000","status":"EX","lat":42,"lon":-61.2,"wind_kt":45,"pressure_mb":null,"radius_34kt_nm":null},{"date":"19590805","time":"0600","status":"EX","lat":42.5,"lon":-61.1,"wind_kt":40,"pressure_mb":null,"radius_34kt_nm":null},{"date":"19590805","time":"1200","status":"EX","lat":43,"lon":-60.8,"wind_kt":40,"pressure_mb":null,"radius_34kt_nm":null},{"date":"19590805","time":"1800","status":"EX","lat":43.7,"lon":-60.5,"wind_kt":40,"pressure_mb":null,"radius_34kt_nm":null},{"date":"19590806","time":"0000","status":"EX","lat":44.4,"lon":-60.2,"wind_kt":35,"pressure_mb":null,"radius_34kt_nm":null},{"date":"19590806","time":"0600","status":"EX","lat":45.2,"lon":-59.9,"wind_kt":30,"pressure_mb":null,"radius_34kt_nm":null},{"date":"19590806","time":"1200","status":"EX","lat":46.2,"lon":-59.5,"wind_kt":25,"pressure_mb":null,"radius_34kt_nm":null},{"date":"19590806","time":"1800","status":"EX","lat":47.5,"lon":-58.5,"wind_kt":25,"pressure_mb":null,"radius_34kt_nm":null}]}},{"type":"Feature","geometry":{"type":"LineString","coordinates":[[-54.4,33.7],[-54.8,34.2],[-55.2,34.7],[-55.6,35.4],[-55.9,36.2],[-56,36.6],[-55.7,36.6],[-54.7,36.7],[-52.3,37],[-50.1,37.5],[-48.5,37.8],[-47.3,38],[-47,38],[-46.6,38],[-46.1,38.2],[-45.4,38.8],[-45,39.5],[-44.8,39.6],[-44.8,39.7],[-44.4,39.9],[-43.9,40.1],[-42.7,40.4],[-41.3,41],[-39.8,42],[-37.8,43.2],[-35.2,44.5],[-32.5,47],[-29,49.5],[-25,53.2],[-21.5,58.5]]},"properties":{"id":"hur-al131959","event_type":"hurricane","name":null,"year":1959,"max_wind_kt":60,"min_pressure_mb":null,"category":0,"preliminary":false,"start_date":"19590828","end_date":"19590904","track":[{"date":"19590828","time":"0600","status":"TS","lat":33.7,"lon":-54.4,"wind_kt":40,"pressure_mb":null,"radius_34kt_nm":null},{"date":"19590828","time":"1200","status":"TS","lat":34.2,"lon":-54.8,"wind_kt":40,"pressure_mb":null,"radius_34kt_nm":null},{"date":"19590828","time":"1800","status":"TS","lat":34.7,"lon":-55.2,"wind_kt":40,"pressure_mb":null,"radius_34kt_nm":null},{"date":"19590829","time":"0000","status":"TS","lat":35.4,"lon":-55.6,"wind_kt":40,"pressure_mb":null,"radius_34kt_nm":null},{"date":"19590829","time":"0600","status":"TS","lat":36.2,"lon":-55.9,"wind_kt":40,"pressure_mb":null,"radius_34kt_nm":null},{"date":"19590829","time":"1200","status":"TS","lat":36.6,"lon":-56,"wind_kt":40,"pressure_mb":null,"radius_34kt_nm":null},{"date":"19590829","time":"1800","status":"TS","lat":36.6,"lon":-55.7,"wind_kt":45,"pressure_mb":null,"radius_34kt_nm":null},{"date":"19590830","time":"0000","status":"TS","lat":36.7,"lon":-54.7,"wind_kt":45,"pressure_mb":null,"radius_34kt_nm":null},{"date":"19590830","time":"0600","status":"TS","lat":37,"lon":-52.3,"wind_kt":45,"pressure_mb":null,"radius_34kt_nm":null},{"date":"19590830","time":"1200","status":"TS","lat":37.5,"lon":-50.1,"wind_kt":45,"pressure_mb":null,"radius_34kt_nm":null},{"date":"19590830","time":"1800","status":"TS","lat":37.8,"lon":-48.5,"wind_kt":45,"pressure_mb":null,"radius_34kt_nm":null},{"date":"19590831","time":"0000","status":"TS","lat":38,"lon":-47.3,"wind_kt":50,"pressure_mb":null,"radius_34kt_nm":null},{"date":"19590831","time":"0600","status":"TS","lat":38,"lon":-47,"wind_kt":55,"pressure_mb":null,"radius_34kt_nm":null},{"date":"19590831","time":"1200","status":"TS","lat":38,"lon":-46.6,"wind_kt":55,"pressure_mb":null,"radius_34kt_nm":null},{"date":"19590831","time":"1800","status":"TS","lat":38.2,"lon":-46.1,"wind_kt":55,"pressure_mb":null,"radius_34kt_nm":null},{"date":"19590901","time":"0000","status":"TS","lat":38.8,"lon":-45.4,"wind_kt":55,"pressure_mb":null,"radius_34kt_nm":null},{"date":"19590901","time":"0600","status":"TS","lat":39.5,"lon":-45,"wind_kt":55,"pressure_mb":null,"radius_34kt_nm":null},{"date":"19590901","time":"1200","status":"TS","lat":39.6,"lon":-44.8,"wind_kt":55,"pressure_mb":null,"radius_34kt_nm":null},{"date":"19590901","time":"1800","status":"TS","lat":39.7,"lon":-44.8,"wind_kt":55,"pressure_mb":null,"radius_34kt_nm":null},{"date":"19590902","time":"0000","status":"TS","lat":39.9,"lon":-44.4,"wind_kt":55,"pressure_mb":null,"radius_34kt_nm":null},{"date":"19590902","time":"0600","status":"TS","lat":40.1,"lon":-43.9,"wind_kt":55,"pressure_mb":null,"radius_34kt_nm":null},{"date":"19590902","time":"1200","status":"TS","lat":40.4,"lon":-42.7,"wind_kt":55,"pressure_mb":null,"radius_34kt_nm":null},{"date":"19590902","time":"1800","status":"TS","lat":41,"lon":-41.3,"wind_kt":55,"pressure_mb":null,"radius_34kt_nm":null},{"date":"19590903","time":"0000","status":"TS","lat":42,"lon":-39.8,"wind_kt":55,"pressure_mb":null,"radius_34kt_nm":null},{"date":"19590903","time":"0600","status":"EX","lat":43.2,"lon":-37.8,"wind_kt":55,"pressure_mb":null,"radius_34kt_nm":null},{"date":"19590903","time":"1200","status":"EX","lat":44.5,"lon":-35.2,"wind_kt":55,"pressure_mb":null,"radius_34kt_nm":null},{"date":"19590903","time":"1800","status":"EX","lat":47,"lon":-32.5,"wind_kt":55,"pressure_mb":null,"radius_34kt_nm":null},{"date":"19590904","time":"0000","status":"EX","lat":49.5,"lon":-29,"wind_kt":60,"pressure_mb":null,"radius_34kt_nm":null},{"date":"19590904","time":"0600","status":"EX","lat":53.2,"lon":-25,"wind_kt":60,"pressure_mb":null,"radius_34kt_nm":null},{"date":"19590904","time":"1200","status":"EX","lat":58.5,"lon":-21.5,"wind_kt":60,"pressure_mb":null,"radius_34kt_nm":null}]}},{"type":"Feature","geometry":{"type":"LineString","coordinates":[[-67.5,32.3],[-67.5,32.5],[-67.2,33],[-67,33.6],[-67.2,34.1],[-68,34.5],[-69.5,35],[-70,36],[-70.3,37.3],[-70,38.4],[-68.5,39.5],[-66.8,40.4],[-65,41],[-63.6,41.5],[-62.2,42],[-60.8,42.8],[-57.8,43.9],[-54.2,45.2],[-50.9,46.8],[-48.5,48.5],[-46.5,50.5]]},"properties":{"id":"hur-al141959","event_type":"hurricane","name":null,"year":1959,"max_wind_kt":55,"min_pressure_mb":1002,"category":0,"preliminary":false,"start_date":"19590909","end_date":"19590914","track":[{"date":"19590909","time":"0000","status":"TD","lat":32.3,"lon":-67.5,"wind_kt":25,"pressure_mb":null,"radius_34kt_nm":null},{"date":"19590909","time":"0600","status":"TD","lat":32.5,"lon":-67.5,"wind_kt":25,"pressure_mb":1007,"radius_34kt_nm":null},{"date":"19590909","time":"1200","status":"TD","lat":33,"lon":-67.2,"wind_kt":30,"pressure_mb":null,"radius_34kt_nm":null},{"date":"19590909","time":"1800","status":"TD","lat":33.6,"lon":-67,"wind_kt":30,"pressure_mb":null,"radius_34kt_nm":null},{"date":"19590910","time":"0000","status":"TD","lat":34.1,"lon":-67.2,"wind_kt":30,"pressure_mb":null,"radius_34kt_nm":null},{"date":"19590910","time":"0600","status":"TD","lat":34.5,"lon":-68,"wind_kt":30,"pressure_mb":null,"radius_34kt_nm":null},{"date":"19590910","time":"1200","status":"TS","lat":35,"lon":-69.5,"wind_kt":35,"pressure_mb":null,"radius_34kt_nm":null},{"date":"19590910","time":"1800","status":"TS","lat":36,"lon":-70,"wind_kt":35,"pressure_mb":1006,"radius_34kt_nm":null},{"date":"19590911","time":"0000","status":"TS","lat":37.3,"lon":-70.3,"wind_kt":35,"pressure_mb":null,"radius_34kt_nm":null},{"date":"19590911","time":"0600","status":"TS","lat":38.4,"lon":-70,"wind_kt":35,"pressure_mb":null,"radius_34kt_nm":null},{"date":"19590911","time":"1200","status":"TS","lat":39.5,"lon":-68.5,"wind_kt":40,"pressure_mb":1002,"radius_34kt_nm":null},{"date":"19590911","time":"1800","status":"EX","lat":40.4,"lon":-66.8,"wind_kt":40,"pressure_mb":null,"radius_34kt_nm":null},{"date":"19590912","time":"0000","status":"EX","lat":41,"lon":-65,"wind_kt":45,"pressure_mb":null,"radius_34kt_nm":null},{"date":"19590912","time":"0600","status":"EX","lat":41.5,"lon":-63.6,"wind_kt":50,"pressure_mb":null,"radius_34kt_nm":null},{"date":"19590912","time":"1200","status":"EX","lat":42,"lon":-62.2,"wind_kt":55,"pressure_mb":null,"radius_34kt_nm":null},{"date":"19590912","time":"1800","status":"EX","lat":42.8,"lon":-60.8,"wind_kt":55,"pressure_mb":null,"radius_34kt_nm":null},{"date":"19590913","time":"0000","status":"EX","lat":43.9,"lon":-57.8,"wind_kt":50,"pressure_mb":null,"radius_34kt_nm":null},{"date":"19590913","time":"0600","status":"EX","lat":45.2,"lon":-54.2,"wind_kt":50,"pressure_mb":null,"radius_34kt_nm":null},{"date":"19590913","time":"1200","status":"EX","lat":46.8,"lon":-50.9,"wind_kt":45,"pressure_mb":null,"radius_34kt_nm":null},{"date":"19590913","time":"1800","status":"EX","lat":48.5,"lon":-48.5,"wind_kt":45,"pressure_mb":null,"radius_34kt_nm":null},{"date":"19590914","time":"0000","status":"EX","lat":50.5,"lon":-46.5,"wind_kt":45,"pressure_mb":null,"radius_34kt_nm":null}]}}]}