{"type":"FeatureCollection","features":[{"type":"Feature","geometry":{"type":"LineString","coordinates":[[-79,11.5],[-79.3,11.8],[-79.7,12.1],[-80.1,12.3],[-80.5,12.6],[-81,13],[-81.5,13.5],[-81.9,14],[-82.1,14.7],[-82.2,15.5],[-82,16.3],[-81.7,16.9],[-81.4,17.4],[-81,17.8],[-80.6,18.2],[-80.2,18.5],[-80,19],[-80.1,19.5],[-80.6,19.3],[-81.1,19.1],[-81.8,19],[-82.6,19.2],[-83.5,19.8],[-84.1,20.8],[-84.4,21.8],[-84.5,22.9],[-84.3,23.9],[-84.1,24.9],[-83.9,26.3],[-83.4,28],[-82.9,29.5],[-82.2,30.8],[-81.6,31.8],[-81.2,32.6],[-80.7,33.5],[-79.9,34.6],[-78.7,35.7],[-77,36.5]]},"properties":{"id":"hur-al011970","event_type":"hurricane","name":"ALMA","year":1970,"max_wind_kt":65,"min_pressure_mb":993,"category":1,"preliminary":false,"start_date":"19700517","end_date":"19700527","track":[{"date":"19700517","time":"1800","status":"TD","lat":11.5,"lon":-79,"wind_kt":25,"pressure_mb":null},{"date":"19700518","time":"0000","status":"TD","lat":11.8,"lon":-79.3,"wind_kt":25,"pressure_mb":null},{"date":"19700518","time":"0600","status":"TD","lat":12.1,"lon":-79.7,"wind_kt":25,"pressure_mb":null},{"date":"19700518","time":"1200","status":"TD","lat":12.3,"lon":-80.1,"wind_kt":25,"pressure_mb":null},{"date":"19700518","time":"1800","status":"TD","lat":12.6,"lon":-80.5,"wind_kt":25,"pressure_mb":null},{"date":"19700519","time":"0000","status":"TD","lat":13,"lon":-81,"wind_kt":25,"pressure_mb":null},{"date":"19700519","time":"0600","status":"TD","lat":13.5,"lon":-81.5,"wind_kt":25,"pressure_mb":null},{"date":"19700519","time":"1200","status":"TD","lat":14,"lon":-81.9,"wind_kt":25,"pressure_mb":1005},{"date":"19700519","time":"1800","status":"TD","lat":14.7,"lon":-82.1,"wind_kt":30,"pressure_mb":null},{"date":"19700520","time":"0000","status":"TS","lat":15.5,"lon":-82.2,"wind_kt":35,"pressure_mb":null},{"date":"19700520","time":"0600","status":"TS","lat":16.3,"lon":-82,"wind_kt":45,"pressure_mb":null},{"date":"19700520","time":"1200","status":"TS","lat":16.9,"lon":-81.7,"wind_kt":55,"pressure_mb":null},{"date":"19700520","time":"1800","status":"HU","lat":17.4,"lon":-81.4,"wind_kt":65,"pressure_mb":993},{"date":"19700521","time":"0000","status":"TS","lat":17.8,"lon":-81,"wind_kt":60,"pressure_mb":null},{"date":"19700521","time":"0600","status":"TS","lat":18.2,"lon":-80.6,"wind_kt":50,"pressure_mb":null},{"date":"19700521","time":"1200","status":"TS","lat":18.5,"lon":-80.2,"wind_kt":45,"pressure_mb":1002},{"date":"19700521","time":"1800","status":"TS","lat":19,"lon":-80,"wind_kt":45,"pressure_mb":1003},{"date":"19700522","time":"0000","status":"TS","lat":19.5,"lon":-80.1,"wind_kt":45,"pressure_mb":1004},{"date":"19700522","time":"0600","status":"TS","lat":19.3,"lon":-80.6,"wind_kt":40,"pressure_mb":1005},{"date":"19700522","time":"1200","status":"TS","lat":19.1,"lon":-81.1,"wind_kt":35,"pressure_mb":1007},{"date":"19700522","time":"1800","status":"TD","lat":19,"lon":-81.8,"wind_kt":30,"pressure_mb":null},{"date":"19700523","time":"0000","status":"TD","lat":19.2,"lon":-82.6,"wind_kt":30,"pressure_mb":null},{"date":"19700523","time":"0600","status":"TD","lat":19.8,"lon":-83.5,"wind_kt":25,"pressure_mb":null},{"date":"19700523","time":"1200","status":"TD","lat":20.8,"lon":-84.1,"wind_kt":25,"pressure_mb":null},{"date":"19700523","time":"1800","status":"TD","lat":21.8,"lon":-84.4,"wind_kt":25,"pressure_mb":null},{"date":"19700524","time":"0000","status":"TD","lat":22.9,"lon":-84.5,"wind_kt":25,"pressure_mb":null},{"date":"19700524","time":"0600","status":"TD","lat":23.9,"lon":-84.3,"wind_kt":30,"pressure_mb":1008},{"date":"19700524","time":"1200","status":"TD","lat":24.9,"lon":-84.1,"wind_kt":30,"pressure_mb":1008},{"date":"19700524","time":"1800","status":"TD","lat":26.3,"lon":-83.9,"wind_kt":30,"pressure_mb":null},{"date":"19700525","time":"0000","status":"TD","lat":28,"lon":-83.4,"wind_kt":30,"pressure_mb":null},{"date":"19700525","time":"0600","status":"TD","lat":29.5,"lon":-82.9,"wind_kt":30,"pressure_mb":null},{"date":"19700525","time":"1200","status":"TD","lat":30.8,"lon":-82.2,"wind_kt":30,"pressure_mb":null},{"date":"19700525","time":"1800","status":"TS","lat":31.8,"lon":-81.6,"wind_kt":35,"pressure_mb":1003},{"date":"19700526","time":"0000","status":"TS","lat":32.6,"lon":-81.2,"wind_kt":40,"pressure_mb":null},{"date":"19700526","time":"0600","status":"TS","lat":33.5,"lon":-80.7,"wind_kt":40,"pressure_mb":null},{"date":"19700526","time":"1200","status":"TS","lat":34.6,"lon":-79.9,"wind_kt":40,"pressure_mb":null},{"date":"19700526","time":"1800","status":"TS","lat":35.7,"lon":-78.7,"wind_kt":35,"pressure_mb":null},{"date":"19700527","time":"0000","status":"TS","lat":36.5,"lon":-77,"wind_kt":35,"pressure_mb":1003}]}},{"type":"Feature","geometry":{"type":"LineString","coordinates":[[-83.5,18.5],[-84.5,18.8],[-85.2,19.4],[-85.6,20.3],[-85.9,21.3],[-86.2,22.3],[-86.4,23.2],[-86.6,24.1],[-86.7,25],[-86.8,25.8],[-86.7,26.6],[-86.3,27.5],[-85.9,28.3],[-85.5,29.1],[-85.3,29.7],[-85.2,30],[-85.3,31.5],[-85.6,33.4],[-86.1,35.4],[-86.7,37.5]]},"properties":{"id":"hur-al021970","event_type":"hurricane","name":"BECKY","year":1970,"max_wind_kt":55,"min_pressure_mb":1003,"category":0,"preliminary":false,"start_date":"19700719","end_date":"19700723","track":[{"date":"19700719","time":"0000","status":"TD","lat":18.5,"lon":-83.5,"wind_kt":30,"pressure_mb":1011},{"date":"19700719","time":"0600","status":"TD","lat":18.8,"lon":-84.5,"wind_kt":30,"pressure_mb":1011},{"date":"19700719","time":"1200","status":"TD","lat":19.4,"lon":-85.2,"wind_kt":30,"pressure_mb":1009},{"date":"19700719","time":"1800","status":"TD","lat":20.3,"lon":-85.6,"wind_kt":30,"pressure_mb":1010},{"date":"19700720","time":"0000","status":"TS","lat":21.3,"lon":-85.9,"wind_kt":35,"pressure_mb":1009},{"date":"19700720","time":"0600","status":"TS","lat":22.3,"lon":-86.2,"wind_kt":40,"pressure_mb":null},{"date":"19700720","time":"1200","status":"TS","lat":23.2,"lon":-86.4,"wind_kt":40,"pressure_mb":null},{"date":"19700720","time":"1800","status":"TS","lat":24.1,"lon":-86.6,"wind_kt":45,"pressure_mb":1008},{"date":"19700721","time":"0000","status":"TS","lat":25,"lon":-86.7,"wind_kt":50,"pressure_mb":1003},{"date":"19700721","time":"0600","status":"TS","lat":25.8,"lon":-86.8,"wind_kt":55,"pressure_mb":1004},{"date":"19700721","time":"1200","status":"TS","lat":26.6,"lon":-86.7,"wind_kt":55,"pressure_mb":1006},{"date":"19700721","time":"1800","status":"TS","lat":27.5,"lon":-86.3,"wind_kt":55,"pressure_mb":null},{"date":"19700722","time":"0000","status":"TS","lat":28.3,"lon":-85.9,"wind_kt":50,"pressure_mb":1007},{"date":"19700722","time":"0600","status":"TS","lat":29.1,"lon":-85.5,"wind_kt":45,"pressure_mb":1007},{"date":"19700722","time":"1000","status":"TS","lat":29.7,"lon":-85.3,"wind_kt":40,"pressure_mb":1007},{"date":"19700722","time":"1200","status":"TS","lat":30,"lon":-85.2,"wind_kt":35,"pressure_mb":1007},{"date":"19700722","time":"1800","status":"TD","lat":31.5,"lon":-85.3,"wind_kt":25,"pressure_mb":null},{"date":"19700723","time":"0000","status":"TD","lat":33.4,"lon":-85.6,"wind_kt":25,"pressure_mb":null},{"date":"19700723","time":"0600","status":"TD","lat":35.4,"lon":-86.1,"wind_kt":20,"pressure_mb":null},{"date":"19700723","time":"1200","status":"TD","lat":37.5,"lon":-86.7,"wind_kt":20,"pressure_mb":null}]}},{"type":"Feature","geometry":{"type":"LineString","coordinates":[[-74.8,34.2],[-74.2,34.2],[-73,34.2],[-71.3,34.1],[-69.2,33.9],[-67,33.5],[-65,32.8],[-63.6,32.2],[-62.3,32.2],[-61.1,32.6],[-60.1,33],[-59.4,33.7],[-58.9,35],[-58.6,36.5],[-58.4,38],[-58.2,39.5],[-58,41.5]]},"properties":{"id":"hur-al031970","event_type":"hurricane","name":null,"year":1970,"max_wind_kt":30,"min_pressure_mb":1008,"category":-1,"preliminary":false,"start_date":"19700728","end_date":"19700801","track":[{"date":"19700728","time":"1800","status":"TD","lat":34.2,"lon":-74.8,"wind_kt":25,"pressure_mb":null},{"date":"19700729","time":"0000","status":"TD","lat":34.2,"lon":-74.2,"wind_kt":25,"pressure_mb":null},{"date":"19700729","time":"0600","status":"TD","lat":34.2,"lon":-73,"wind_kt":25,"pressure_mb":null},{"date":"19700729","time":"1200","status":"TD","lat":34.1,"lon":-71.3,"wind_kt":30,"pressure_mb":1013},{"date":"19700729","time":"1800","status":"TD","lat":33.9,"lon":-69.2,"wind_kt":30,"pressure_mb":null},{"date":"19700730","time":"0000","status":"TD","lat":33.5,"lon":-67,"wind_kt":30,"pressure_mb":null},{"date":"19700730","time":"0600","status":"TD","lat":32.8,"lon":-65,"wind_kt":30,"pressure_mb":null},{"date":"19700730","time":"1200","status":"TD","lat":32.2,"lon":-63.6,"wind_kt":30,"pressure_mb":null},{"date":"19700730","time":"1800","status":"TD","lat":32.2,"lon":-62.3,"wind_kt":30,"pressure_mb":1009},{"date":"19700731","time":"0000","status":"TD","lat":32.6,"lon":-61.1,"wind_kt":30,"pressure_mb":1010},{"date":"19700731","time":"0600","status":"TD","lat":33,"lon":-60.1,"wind_kt":30,"pressure_mb":null},{"date":"19700731","time":"1200","status":"TD","lat":33.7,"lon":-59.4,"wind_kt":30,"pressure_mb":null},{"date":"19700731","time":"1800","status":"TD","lat":35,"lon":-58.9,"wind_kt":30,"pressure_mb":null},{"date":"19700801","time":"0000","status":"TD","lat":36.5,"lon":-58.6,"wind_kt":30,"pressure_mb":null},{"date":"19700801","time":"0600","status":"TD","lat":38,"lon":-58.4,"wind_kt":30,"pressure_mb":1008},{"date":"19700801","time":"1200","status":"TD","lat":39.5,"lon":-58.2,"wind_kt":30,"pressure_mb":1010},{"date":"19700801","time":"1800","status":"TD","lat":41.5,"lon":-58,"wind_kt":30,"pressure_mb":1010}]}},{"type":"Feature","geometry":{"type":"LineString","coordinates":[[-82.5,18.5],[-82.9,19.5],[-83.3,20.3],[-83.8,21.1],[-84.3,21.9],[-85,22.7],[-85.8,23.3],[-86.5,23.9],[-87.2,24.2],[-88.3,24.7],[-89.6,25.3],[-90.8,25.7],[-92,26.2],[-93.5,26.6],[-94.9,27],[-96.3,27.5],[-97.1,27.8],[-97.8,28.1],[-99.3,28.6],[-100.8,29.1],[-102.1,29.7],[-103.3,30.3],[-104.6,30.9],[-105.8,31.5],[-107,32.3]]},"properties":{"id":"hur-al041970","event_type":"hurricane","name":"CELIA","year":1970,"max_wind_kt":120,"min_pressure_mb":944,"category":4,"preliminary":false,"start_date":"19700731","end_date":"19700805","track":[{"date":"19700731","time":"0000","status":"TD","lat":18.5,"lon":-82.5,"wind_kt":25,"pressure_mb":1008},{"date":"19700731","time":"0600","status":"TD","lat":19.5,"lon":-82.9,"wind_kt":25,"pressure_mb":null},{"date":"19700731","time":"1200","status":"TD","lat":20.3,"lon":-83.3,"wind_kt":25,"pressure_mb":null},{"date":"19700731","time":"1800","status":"TD","lat":21.1,"lon":-83.8,"wind_kt":30,"pressure_mb":null},{"date":"19700801","time":"0000","status":"TS","lat":21.9,"lon":-84.3,"wind_kt":35,"pressure_mb":1006},{"date":"19700801","time":"0600","status":"TS","lat":22.7,"lon":-85,"wind_kt":45,"pressure_mb":null},{"date":"19700801","time":"1200","status":"TS","lat":23.3,"lon":-85.8,"wind_kt":60,"pressure_mb":993},{"date":"19700801","time":"1800","status":"HU","lat":23.9,"lon":-86.5,"wind_kt":65,"pressure_mb":990},{"date":"19700802","time":"0000","status":"HU","lat":24.2,"lon":-87.2,"wind_kt":80,"pressure_mb":null},{"date":"19700802","time":"0600","status":"HU","lat":24.7,"lon":-88.3,"wind_kt":80,"pressure_mb":null},{"date":"19700802","time":"1200","status":"HU","lat":25.3,"lon":-89.6,"wind_kt":75,"pressure_mb":986},{"date":"19700802","time":"1800","status":"HU","lat":25.7,"lon":-90.8,"wind_kt":75,"pressure_mb":984},{"date":"19700803","time":"0000","status":"HU","lat":26.2,"lon":-92,"wind_kt":75,"pressure_mb":983},{"date":"19700803","time":"0600","status":"HU","lat":26.6,"lon":-93.5,"wind_kt":70,"pressure_mb":988},{"date":"19700803","time":"1200","status":"HU","lat":27,"lon":-94.9,"wind_kt":90,"pressure_mb":971},{"date":"19700803","time":"1800","status":"HU","lat":27.5,"lon":-96.3,"wind_kt":110,"pressure_mb":953},{"date":"19700803","time":"2100","status":"HU","lat":27.8,"lon":-97.1,"wind_kt":120,"pressure_mb":944},{"date":"19700804","time":"0000","status":"HU","lat":28.1,"lon":-97.8,"wind_kt":95,"pressure_mb":null},{"date":"19700804","time":"0600","status":"HU","lat":28.6,"lon":-99.3,"wind_kt":65,"pressure_mb":977},{"date":"19700804","time":"1200","status":"TS","lat":29.1,"lon":-100.8,"wind_kt":55,"pressure_mb":null},{"date":"19700804","time":"1800","status":"TS","lat":29.7,"lon":-102.1,"wind_kt":35,"pressure_mb":null},{"date":"19700805","time":"0000","status":"TD","lat":30.3,"lon":-103.3,"wind_kt":30,"pressure_mb":null},{"date":"19700805","time":"0600","status":"TD","lat":30.9,"lon":-104.6,"wind_kt":30,"pressure_mb":null},{"date":"19700805","time":"1200","status":"TD","lat":31.5,"lon":-105.8,"wind_kt":25,"pressure_mb":null},{"date":"19700805","time":"1800","status":"TD","lat":32.3,"lon":-107,"wind_kt":25,"pressure_mb":null}]}},{"type":"Feature","geometry":{"type":"LineString","coordinates":[[-18,14],[-19.5,14.5],[-21,15],[-22.5,15.5],[-24,16],[-25.5,16.3],[-27,16.6],[-28.5,16.8],[-30,17],[-31.5,17],[-33,17],[-34.5,17],[-36,17],[-38,17],[-40,17],[-42,17],[-44,17]]},"properties":{"id":"hur-al051970","event_type":"hurricane","name":null,"year":1970,"max_wind_kt":30,"min_pressure_mb":null,"category":-1,"preliminary":false,"start_date":"19700802","end_date":"19700806","track":[{"date":"19700802","time":"1200","status":"TD","lat":14,"lon":-18,"wind_kt":25,"pressure_mb":null},{"date":"19700802","time":"1800","status":"TD","lat":14.5,"lon":-19.5,"wind_kt":25,"pressure_mb":null},{"date":"19700803","time":"0000","status":"TD","lat":15,"lon":-21,"wind_kt":25,"pressure_mb":null},{"date":"19700803","time":"0600","status":"TD","lat":15.5,"lon":-22.5,"wind_kt":30,"pressure_mb":null},{"date":"19700803","time":"1200","status":"TD","lat":16,"lon":-24,"wind_kt":30,"pressure_mb":null},{"date":"19700803","time":"1800","status":"TD","lat":16.3,"lon":-25.5,"wind_kt":30,"pressure_mb":null},{"date":"19700804","time":"0000","status":"TD","lat":16.6,"lon":-27,"wind_kt":30,"pressure_mb":null},{"date":"19700804","time":"0600","status":"TD","lat":16.8,"lon":-28.5,"wind_kt":30,"pressure_mb":null},{"date":"19700804","time":"1200","status":"TD","lat":17,"lon":-30,"wind_kt":30,"pressure_mb":null},{"date":"19700804","time":"1800","status":"TD","lat":17,"lon":-31.5,"wind_kt":30,"pressure_mb":null},{"date":"19700805","time":"0000","status":"TD","lat":17,"lon":-33,"wind_kt":30,"pressure_mb":null},{"date":"19700805","time":"0600","status":"TD","lat":17,"lon":-34.5,"wind_kt":30,"pressure_mb":null},{"date":"19700805","time":"1200","status":"TD","lat":17,"lon":-36,"wind_kt":25,"pressure_mb":null},{"date":"19700805","time":"1800","status":"TD","lat":17,"lon":-38,"wind_kt":25,"pressure_mb":null},{"date":"19700806","time":"0000","status":"TD","lat":17,"lon":-40,"wind_kt":25,"pressure_mb":null},{"date":"19700806","time":"0600","status":"TD","lat":17,"lon":-42,"wind_kt":25,"pressure_mb":null},{"date":"19700806","time":"1200","status":"TD","lat":17,"lon":-44,"wind_kt":25,"pressure_mb":null}]}},{"type":"Feature","geometry":{"type":"LineString","coordinates":[[-20,19],[-21,19],[-22.2,19],[-23.5,19],[-24.8,19],[-26,19],[-27.5,19],[-29,19],[-30.5,19],[-32,18.9],[-33.5,18.7],[-35,18.5],[-36.5,18.2],[-38,18],[-39.5,18],[-41,18],[-42.5,18],[-44,18],[-46,18],[-48,18],[-50,18],[-52,18.2],[-53.5,18.5],[-55,19],[-56.5,19.5],[-58,20],[-59.5,20.5],[-61,21],[-62.7,21.7],[-64.3,22.8],[-65.6,24.3]]},"properties":{"id":"hur-al071970","event_type":"hurricane","name":null,"year":1970,"max_wind_kt":30,"min_pressure_mb":null,"category":-1,"preliminary":false,"start_date":"19700811","end_date":"19700818","track":[{"date":"19700811","time":"0600","status":"TD","lat":19,"lon":-20,"wind_kt":25,"pressure_mb":null},{"date":"19700811","time":"1200","status":"TD","lat":19,"lon":-21,"wind_kt":25,"pressure_mb":null},{"date":"19700811","time":"1800","status":"TD","lat":19,"lon":-22.2,"wind_kt":25,"pressure_mb":null},{"date":"19700812","time":"0000","status":"TD","lat":19,"lon":-23.5,"wind_kt":25,"pressure_mb":null},{"date":"19700812","time":"0600","status":"TD","lat":19,"lon":-24.8,"wind_kt":25,"pressure_mb":null},{"date":"19700812","time":"1200","status":"DB","lat":19,"lon":-26,"wind_kt":30,"pressure_mb":null},{"date":"19700812","time":"1800","status":"DB","lat":19,"lon":-27.5,"wind_kt":30,"pressure_mb":null},{"date":"19700813","time":"0000","status":"DB","lat":19,"lon":-29,"wind_kt":30,"pressure_mb":null},{"date":"19700813","time":"0600","status":"DB","lat":19,"lon":-30.5,"wind_kt":30,"pressure_mb":null},{"date":"19700813","time":"1200","status":"DB","lat":18.9,"lon":-32,"wind_kt":30,"pressure_mb":null},{"date":"19700813","time":"1800","status":"DB","lat":18.7,"lon":-33.5,"wind_kt":30,"pressure_mb":null},{"date":"19700814","time":"0000","status":"DB","lat":18.5,"lon":-35,"wind_kt":30,"pressure_mb":null},{"date":"19700814","time":"0600","status":"DB","lat":18.2,"lon":-36.5,"wind_kt":30,"pressure_mb":null},{"date":"19700814","time":"1200","status":"DB","lat":18,"lon":-38,"wind_kt":30,"pressure_mb":null},{"date":"19700814","time":"1800","status":"DB","lat":18,"lon":-39.5,"wind_kt":30,"pressure_mb":null},{"date":"19700815","time":"0000","status":"DB","lat":18,"lon":-41,"wind_kt":30,"pressure_mb":null},{"date":"19700815","time":"0600","status":"DB","lat":18,"lon":-42.5,"wind_kt":30,"pressure_mb":null},{"date":"19700815","time":"1200","status":"DB","lat":18,"lon":-44,"wind_kt":30,"pressure_mb":null},{"date":"19700815","time":"1800","status":"DB","lat":18,"lon":-46,"wind_kt":30,"pressure_mb":null},{"date":"19700816","time":"0000","status":"DB","lat":18,"lon":-48,"wind_kt":25,"pressure_mb":null},{"date":"19700816","time":"0600","status":"DB","lat":18,"lon":-50,"wind_kt":25,"pressure_mb":null},{"date":"19700816","time":"1200","status":"DB","lat":18.2,"lon":-52,"wind_kt":25,"pressure_mb":null},{"date":"19700816","time":"1800","status":"DB","lat":18.5,"lon":-53.5,"wind_kt":25,"pressure_mb":null},{"date":"19700817","time":"0000","status":"TD","lat":19,"lon":-55,"wind_kt":30,"pressure_mb":null},{"date":"19700817","time":"0600","status":"TD","lat":19.5,"lon":-56.5,"wind_kt":30,"pressure_mb":null},{"date":"19700817","time":"1200","status":"TD","lat":20,"lon":-58,"wind_kt":30,"pressure_mb":null},{"date":"19700817","time":"1800","status":"TD","lat":20.5,"lon":-59.5,"wind_kt":30,"pressure_mb":null},{"date":"19700818","time":"0000","status":"TD","lat":21,"lon":-61,"wind_kt":30,"pressure_mb":null},{"date":"19700818","time":"0600","status":"TD","lat":21.7,"lon":-62.7,"wind_kt":30,"pressure_mb":null},{"date":"19700818","time":"1200","status":"TD","lat":22.8,"lon":-64.3,"wind_kt":25,"pressure_mb":null},{"date":"19700818","time":"1800","status":"TD","lat":24.3,"lon":-65.6,"wind_kt":25,"pressure_mb":null}]}},{"type":"Feature","geometry":{"type":"LineString","coordinates":[[-18.5,14],[-19.5,14],[-20.5,14],[-21.5,14],[-22.5,14],[-23.7,14],[-25,14],[-26.5,14],[-28.1,14],[-30,13.9],[-32,13.8],[-33.9,13.7],[-35.7,13.5],[-37.5,13.3],[-39.5,13.2],[-41.5,13.4],[-43.7,13.7],[-46,13.9],[-48.2,14],[-50.4,14],[-52.6,14],[-54.7,14],[-56.5,14.3],[-58,15.3],[-59.5,16.7],[-61.3,18.2],[-63.3,19.5],[-65.3,20.5],[-67.5,21.5],[-70,22.5],[-72.2,23.8],[-74,25.5],[-75.5,27],[-76.8,27.9],[-77.9,28.6],[-78.5,29.3],[-78.7,30],[-78.7,31],[-78.5,32.2],[-77.8,33.5],[-76.7,34.7],[-76.6,34.8],[-75.5,35.6],[-75.2,35.8],[-72.5,37.5],[-69.3,39.3],[-64.3,41.3],[-58.5,42.5],[-54,44.5],[-52,46],[-50.5,47.5],[-49.5,48.2],[-48.6,48.5],[-47.8,48.2],[-47.5,47.5],[-48,46.7],[-48.5,46],[-48.2,45.4],[-47.1,45.2],[-45.9,45.4],[-44.5,46],[-43,46.7],[-40.5,47.7],[-38,48.6],[-35.3,49.2],[-32.5,49.2],[-30,48.5],[-28,47.5],[-26.4,46.5],[-25.1,46],[-24,45.7],[-23,45.5]]},"properties":{"id":"hur-al081970","event_type":"hurricane","name":null,"year":1970,"max_wind_kt":70,"min_pressure_mb":1002,"category":1,"preliminary":false,"start_date":"19700807","end_date":"19700824","track":[{"date":"19700807","time":"1200","status":"TD","lat":14,"lon":-18.5,"wind_kt":25,"pressure_mb":null},{"date":"19700807","time":"1800","status":"TD","lat":14,"lon":-19.5,"wind_kt":25,"pressure_mb":null},{"date":"19700808","time":"0000","status":"TD","lat":14,"lon":-20.5,"wind_kt":25,"pressure_mb":null},{"date":"19700808","time":"0600","status":"TD","lat":14,"lon":-21.5,"wind_kt":30,"pressure_mb":null},{"date":"19700808","time":"1200","status":"TD","lat":14,"lon":-22.5,"wind_kt":30,"pressure_mb":1006},{"date":"19700808","time":"1800","status":"TD","lat":14,"lon":-23.7,"wind_kt":30,"pressure_mb":null},{"date":"19700809","time":"0000","status":"TD","lat":14,"lon":-25,"wind_kt":30,"pressure_mb":null},{"date":"19700809","time":"0600","status":"TD","lat":14,"lon":-26.5,"wind_kt":30,"pressure_mb":null},{"date":"19700809","time":"1200","status":"TD","lat":14,"lon":-28.1,"wind_kt":30,"pressure_mb":null},{"date":"19700809","time":"1800","status":"TD","lat":13.9,"lon":-30,"wind_kt":30,"pressure_mb":null},{"date":"19700810","time":"0000","status":"TD","lat":13.8,"lon":-32,"wind_kt":30,"pressure_mb":null},{"date":"19700810","time":"0600","status":"TD","lat":13.7,"lon":-33.9,"wind_kt":30,"pressure_mb":null},{"date":"19700810","time":"1200","status":"TD","lat":13.5,"lon":-35.7,"wind_kt":30,"pressure_mb":null},{"date":"19700810","time":"1800","status":"TS","lat":13.3,"lon":-37.5,"wind_kt":35,"pressure_mb":null},{"date":"19700811","time":"0000","status":"TS","lat":13.2,"lon":-39.5,"wind_kt":35,"pressure_mb":null},{"date":"19700811","time":"0600","status":"TS","lat":13.4,"lon":-41.5,"wind_kt":35,"pressure_mb":null},{"date":"19700811","time":"1200","status":"TS","lat":13.7,"lon":-43.7,"wind_kt":40,"pressure_mb":null},{"date":"19700811","time":"1800","status":"TS","lat":13.9,"lon":-46,"wind_kt":40,"pressure_mb":null},{"date":"19700812","time":"0000","status":"TS","lat":14,"lon":-48.2,"wind_kt":35,"pressure_mb":null},{"date":"19700812","time":"0600","status":"TS","lat":14,"lon":-50.4,"wind_kt":35,"pressure_mb":null},{"date":"19700812","time":"1200","status":"TD","lat":14,"lon":-52.6,"wind_kt":30,"pressure_mb":1010},{"date":"19700812","time":"1800","status":"TD","lat":14,"lon":-54.7,"wind_kt":30,"pressure_mb":null},{"date":"19700813","time":"0000","status":"TS","lat":14.3,"lon":-56.5,"wind_kt":35,"pressure_mb":null},{"date":"19700813","time":"0600","status":"TS","lat":15.3,"lon":-58,"wind_kt":45,"pressure_mb":null},{"date":"19700813","time":"1200","status":"TS","lat":16.7,"lon":-59.5,"wind_kt":50,"pressure_mb":null},{"date":"19700813","time":"1800","status":"TS","lat":18.2,"lon":-61.3,"wind_kt":55,"pressure_mb":null},{"date":"19700814","time":"0000","status":"TS","lat":19.5,"lon":-63.3,"wind_kt":55,"pressure_mb":1003},{"date":"19700814","time":"0600","status":"TS","lat":20.5,"lon":-65.3,"wind_kt":45,"pressure_mb":null},{"date":"19700814","time":"1200","status":"TS","lat":21.5,"lon":-67.5,"wind_kt":40,"pressure_mb":null},{"date":"19700814","time":"1800","status":"DB","lat":22.5,"lon":-70,"wind_kt":40,"pressure_mb":null},{"date":"19700815","time":"0000","status":"DB","lat":23.8,"lon":-72.2,"wind_kt":35,"pressure_mb":null},{"date":"19700815","time":"0600","status":"DB","lat":25.5,"lon":-74,"wind_kt":30,"pressure_mb":null},{"date":"19700815","time":"1200","status":"TD","lat":27,"lon":-75.5,"wind_kt":30,"pressure_mb":1015},{"date":"19700815","time":"1800","status":"TD","lat":27.9,"lon":-76.8,"wind_kt":30,"pressure_mb":null},{"date":"19700816","time":"0000","status":"TD","lat":28.6,"lon":-77.9,"wind_kt":30,"pressure_mb":null},{"date":"19700816","time":"0600","status":"TS","lat":29.3,"lon":-78.5,"wind_kt":35,"pressure_mb":null},{"date":"19700816","time":"1200","status":"TS","lat":30,"lon":-78.7,"wind_kt":35,"pressure_mb":1011},{"date":"19700816","time":"1800","status":"TS","lat":31,"lon":-78.7,"wind_kt":35,"pressure_mb":null},{"date":"19700817","time":"0000","status":"TS","lat":32.2,"lon":-78.5,"wind_kt":40,"pressure_mb":null},{"date":"19700817","time":"0600","status":"TS","lat":33.5,"lon":-77.8,"wind_kt":45,"pressure_mb":null},{"date":"19700817","time":"1100","status":"TS","lat":34.7,"lon":-76.7,"wind_kt":50,"pressure_mb":1007},{"date":"19700817","time":"1200","status":"TS","lat":34.8,"lon":-76.6,"wind_kt":50,"pressure_mb":1007},{"date":"19700817","time":"1700","status":"TS","lat":35.6,"lon":-75.5,"wind_kt":55,"pressure_mb":null},{"date":"19700817","time":"1800","status":"TS","lat":35.8,"lon":-75.2,"wind_kt":55,"pressure_mb":1002},{"date":"19700818","time":"0000","status":"TS","lat":37.5,"lon":-72.5,"wind_kt":60,"pressure_mb":null},{"date":"19700818","time":"0600","status":"HU","lat":39.3,"lon":-69.3,"wind_kt":65,"pressure_mb":null},{"date":"19700818","time":"1200","status":"HU","lat":41.3,"lon":-64.3,"wind_kt":70,"pressure_mb":null},{"date":"19700818","time":"1800","status":"HU","lat":42.5,"lon":-58.5,"wind_kt":70,"pressure_mb":null},{"date":"19700819","time":"0000","status":"EX","lat":44.5,"lon":-54,"wind_kt":65,"pressure_mb":null},{"date":"19700819","time":"0600","status":"EX","lat":46,"lon":-52,"wind_kt":60,"pressure_mb":null},{"date":"19700819","time":"1200","status":"EX","lat":47.5,"lon":-50.5,"wind_kt":55,"pressure_mb":null},{"date":"19700819","time":"1800","status":"EX","lat":48.2,"lon":-49.5,"wind_kt":50,"pressure_mb":null},{"date":"19700820","time":"0000","status":"EX","lat":48.5,"lon":-48.6,"wind_kt":50,"pressure_mb":null},{"date":"19700820","time":"0600","status":"EX","lat":48.2,"lon":-47.8,"wind_kt":50,"pressure_mb":null},{"date":"19700820","time":"1200","status":"EX","lat":47.5,"lon":-47.5,"wind_kt":45,"pressure_mb":null},{"date":"19700820","time":"1800","status":"EX","lat":46.7,"lon":-48,"wind_kt":45,"pressure_mb":null},{"date":"19700821","time":"0000","status":"EX","lat":46,"lon":-48.5,"wind_kt":45,"pressure_mb":null},{"date":"19700821","time":"0600","status":"EX","lat":45.4,"lon":-48.2,"wind_kt":45,"pressure_mb":null},{"date":"19700821","time":"1200","status":"EX","lat":45.2,"lon":-47.1,"wind_kt":45,"pressure_mb":null},{"date":"19700821","time":"1800","status":"EX","lat":45.4,"lon":-45.9,"wind_kt":45,"pressure_mb":null},{"date":"19700822","time":"0000","status":"EX","lat":46,"lon":-44.5,"wind_kt":45,"pressure_mb":null},{"date":"19700822","time":"0600","status":"EX","lat":46.7,"lon":-43,"wind_kt":45,"pressure_mb":null},{"date":"19700822","time":"1200","status":"EX","lat":47.7,"lon":-40.5,"wind_kt":45,"pressure_mb":null},{"date":"19700822","time":"1800","status":"EX","lat":48.6,"lon":-38,"wind_kt":45,"pressure_mb":null},{"date":"19700823","time":"0000","status":"EX","lat":49.2,"lon":-35.3,"wind_kt":40,"pressure_mb":null},{"date":"19700823","time":"0600","status":"EX","lat":49.2,"lon":-32.5,"wind_kt":40,"pressure_mb":null},{"date":"19700823","time":"1200","status":"EX","lat":48.5,"lon":-30,"wind_kt":35,"pressure_mb":null},{"date":"19700823","time":"1800","status":"EX","lat":47.5,"lon":-28,"wind_kt":30,"pressure_mb":null},{"date":"19700824","time":"0000","status":"EX","lat":46.5,"lon":-26.4,"wind_kt":30,"pressure_mb":1007},{"date":"19700824","time":"0600","status":"EX","lat":46,"lon":-25.1,"wind_kt":30,"pressure_mb":null},{"date":"19700824","time":"1200","status":"EX","lat":45.7,"lon":-24,"wind_kt":25,"pressure_mb":null},{"date":"19700824","time":"1800","status":"EX","lat":45.5,"lon":-23,"wind_kt":25,"pressure_mb":null}]}},{"type":"Feature","geometry":{"type":"LineString","coordinates":[[-44.3,11.5],[-45.9,11.8],[-47.5,12.1],[-49.1,12.4],[-50.7,12.8],[-52.2,13.1],[-53.7,13.3],[-55.1,13.5],[-56.5,13.7],[-58,13.8],[-59.5,14.1],[-60.6,14.5],[-60.8,14.5],[-62,14.7],[-63.5,14.8],[-64.8,15],[-66,15.2],[-67.2,15.4]]},"properties":{"id":"hur-al091970","event_type":"hurricane","name":"DOROTHY","year":1970,"max_wind_kt":60,"min_pressure_mb":996,"category":0,"preliminary":false,"start_date":"19700818","end_date":"19700822","track":[{"date":"19700818","time":"0000","status":"TD","lat":11.5,"lon":-44.3,"wind_kt":25,"pressure_mb":null},{"date":"19700818","time":"0600","status":"TD","lat":11.8,"lon":-45.9,"wind_kt":25,"pressure_mb":null},{"date":"19700818","time":"1200","status":"TD","lat":12.1,"lon":-47.5,"wind_kt":30,"pressure_mb":null},{"date":"19700818","time":"1800","status":"TS","lat":12.4,"lon":-49.1,"wind_kt":35,"pressure_mb":null},{"date":"19700819","time":"0000","status":"TS","lat":12.8,"lon":-50.7,"wind_kt":40,"pressure_mb":null},{"date":"19700819","time":"0600","status":"TS","lat":13.1,"lon":-52.2,"wind_kt":45,"pressure_mb":null},{"date":"19700819","time":"1200","status":"TS","lat":13.3,"lon":-53.7,"wind_kt":50,"pressure_mb":1001},{"date":"19700819","time":"1800","status":"TS","lat":13.5,"lon":-55.1,"wind_kt":50,"pressure_mb":1005},{"date":"19700820","time":"0000","status":"TS","lat":13.7,"lon":-56.5,"wind_kt":50,"pressure_mb":1003},{"date":"19700820","time":"0600","status":"TS","lat":13.8,"lon":-58,"wind_kt":60,"pressure_mb":996},{"date":"19700820","time":"1200","status":"TS","lat":14.1,"lon":-59.5,"wind_kt":60,"pressure_mb":998},{"date":"19700820","time":"1800","status":"TS","lat":14.5,"lon":-60.6,"wind_kt":60,"pressure_mb":null},{"date":"19700820","time":"1900","status":"TS","lat":14.5,"lon":-60.8,"wind_kt":60,"pressure_mb":null},{"date":"19700821","time":"0000","status":"TS","lat":14.7,"lon":-62,"wind_kt":55,"pressure_mb":1002},{"date":"19700821","time":"0600","status":"TS","lat":14.8,"lon":-63.5,"wind_kt":50,"pressure_mb":null},{"date":"19700821","time":"1200","status":"TS","lat":15,"lon":-64.8,"wind_kt":40,"pressure_mb":1006},{"date":"19700821","time":"1800","status":"TS","lat":15.2,"lon":-66,"wind_kt":40,"pressure_mb":1005},{"date":"19700822","time":"0000","status":"TS","lat":15.4,"lon":-67.2,"wind_kt":35,"pressure_mb":1007}]}},{"type":"Feature","geometry":{"type":"LineString","coordinates":[[-44,17.4],[-44.3,18.1],[-44.5,18.8],[-44.6,19.4],[-44.6,20],[-44.3,20.5],[-44,20.9],[-43.7,21.3],[-43.5,21.8],[-43.6,22.3],[-43.9,22.8],[-44.2,22.9],[-44.6,22.7],[-45,22.3],[-45.5,22],[-46.1,21.8],[-46.7,21.6],[-47.3,21.4],[-47.9,21.2],[-48.5,21],[-49.1,20.8],[-49.8,20.6],[-50.6,20.4],[-51.5,20.1],[-52.6,19.8],[-53.8,19.6],[-54.8,19.5],[-55.8,19.5],[-56.8,19.5],[-57.8,19.5],[-59,19.5],[-60.2,19.5],[-61.3,19.5],[-62.3,19.6],[-63.4,19.7],[-64.5,19.8],[-65.6,20],[-66.7,20.2],[-67.8,20.4],[-69,20.6],[-70.2,20.8]]},"properties":{"id":"hur-al101970","event_type":"hurricane","name":null,"year":1970,"max_wind_kt":40,"min_pressure_mb":1006,"category":0,"preliminary":false,"start_date":"19700903","end_date":"19700913","track":[{"date":"19700903","time":"1200","status":"TD","lat":17.4,"lon":-44,"wind_kt":25,"pressure_mb":null},{"date":"19700903","time":"1800","status":"TD","lat":18.1,"lon":-44.3,"wind_kt":25,"pressure_mb":null},{"date":"19700904","time":"0000","status":"TD","lat":18.8,"lon":-44.5,"wind_kt":25,"pressure_mb":null},{"date":"19700904","time":"0600","status":"TD","lat":19.4,"lon":-44.6,"wind_kt":25,"pressure_mb":null},{"date":"19700904","time":"1200","status":"TD","lat":20,"lon":-44.6,"wind_kt":30,"pressure_mb":null},{"date":"19700904","time":"1800","status":"TD","lat":20.5,"lon":-44.3,"wind_kt":30,"pressure_mb":null},{"date":"19700905","time":"0000","status":"TS","lat":20.9,"lon":-44,"wind_kt":35,"pressure_mb":1006},{"date":"19700905","time":"0600","status":"TS","lat":21.3,"lon":-43.7,"wind_kt":40,"pressure_mb":null},{"date":"19700905","time":"1200","status":"TS","lat":21.8,"lon":-43.5,"wind_kt":40,"pressure_mb":null},{"date":"19700905","time":"1800","status":"TS","lat":22.3,"lon":-43.6,"wind_kt":40,"pressure_mb":null},{"date":"19700906","time":"0000","status":"TS","lat":22.8,"lon":-43.9,"wind_kt":35,"pressure_mb":null},{"date":"19700906","time":"0600","status":"TS","lat":22.9,"lon":-44.2,"wind_kt":35,"pressure_mb":null},{"date":"19700906","time":"1200","status":"TS","lat":22.7,"lon":-44.6,"wind_kt":35,"pressure_mb":null},{"date":"19700906","time":"1800","status":"TS","lat":22.3,"lon":-45,"wind_kt":35,"pressure_mb":null},{"date":"19700907","time":"0000","status":"TD","lat":22,"lon":-45.5,"wind_kt":30,"pressure_mb":null},{"date":"19700907","time":"0600","status":"TD","lat":21.8,"lon":-46.1,"wind_kt":30,"pressure_mb":null},{"date":"19700907","time":"1200","status":"TD","lat":21.6,"lon":-46.7,"wind_kt":30,"pressure_mb":null},{"date":"19700907","time":"1800","status":"TD","lat":21.4,"lon":-47.3,"wind_kt":30,"pressure_mb":null},{"date":"19700908","time":"0000","status":"TD","lat":21.2,"lon":-47.9,"wind_kt":25,"pressure_mb":null},{"date":"19700908","time":"0600","status":"TD","lat":21,"lon":-48.5,"wind_kt":25,"pressure_mb":null},{"date":"19700908","time":"1200","status":"TD","lat":20.8,"lon":-49.1,"wind_kt":25,"pressure_mb":null},{"date":"19700908","time":"1800","status":"TD","lat":20.6,"lon":-49.8,"wind_kt":25,"pressure_mb":null},{"date":"19700909","time":"0000","status":"TD","lat":20.4,"lon":-50.6,"wind_kt":25,"pressure_mb":null},{"date":"19700909","time":"0600","status":"TD","lat":20.1,"lon":-51.5,"wind_kt":25,"pressure_mb":null},{"date":"19700909","time":"1200","status":"TD","lat":19.8,"lon":-52.6,"wind_kt":25,"pressure_mb":null},{"date":"19700909","time":"1800","status":"TD","lat":19.6,"lon":-53.8,"wind_kt":25,"pressure_mb":null},{"date":"19700910","time":"0000","status":"TD","lat":19.5,"lon":-54.8,"wind_kt":25,"pressure_mb":null},{"date":"19700910","time":"0600","status":"TD","lat":19.5,"lon":-55.8,"wind_kt":25,"pressure_mb":null},{"date":"19700910","time":"1200","status":"TD","lat":19.5,"lon":-56.8,"wind_kt":25,"pressure_mb":null},{"date":"19700910","time":"1800","status":"TD","lat":19.5,"lon":-57.8,"wind_kt":25,"pressure_mb":null},{"date":"19700911","time":"0000","status":"TD","lat":19.5,"lon":-59,"wind_kt":25,"pressure_mb":null},{"date":"19700911","time":"0600","status":"TD","lat":19.5,"lon":-60.2,"wind_kt":25,"pressure_mb":null},{"date":"19700911","time":"1200","status":"TD","lat":19.5,"lon":-61.3,"wind_kt":25,"pressure_mb":null},{"date":"19700911","time":"1800","status":"TD","lat":19.6,"lon":-62.3,"wind_kt":25,"pressure_mb":null},{"date":"19700912","time":"0000","status":"TD","lat":19.7,"lon":-63.4,"wind_kt":25,"pressure_mb":null},{"date":"19700912","time":"0600","status":"TD","lat":19.8,"lon":-64.5,"wind_kt":30,"pressure_mb":null},{"date":"19700912","time":"1200","status":"TD","lat":20,"lon":-65.6,"wind_kt":30,"pressure_mb":null},{"date":"19700912","time":"1800","status":"TD","lat":20.2,"lon":-66.7,"wind_kt":30,"pressure_mb":null},{"date":"19700913","time":"0000","status":"TD","lat":20.4,"lon":-67.8,"wind_kt":30,"pressure_mb":null},{"date":"19700913","time":"0600","status":"TD","lat":20.6,"lon":-69,"wind_kt":30,"pressure_mb":null},{"date":"19700913","time":"1200","status":"TD","lat":20.8,"lon":-70.2,"wind_kt":30,"pressure_mb":null}]}},{"type":"Feature","geometry":{"type":"LineString","coordinates":[[-18,15],[-19.2,15.2],[-20.5,15.5],[-22,15.7],[-23.5,16],[-24.8,16.2],[-26,16.5],[-27,16.7],[-28,17],[-29,17.5]]},"properties":{"id":"hur-al111970","event_type":"hurricane","name":null,"year":1970,"max_wind_kt":25,"min_pressure_mb":null,"category":-1,"preliminary":false,"start_date":"19700905","end_date":"19700907","track":[{"date":"19700905","time":"1200","status":"TD","lat":15,"lon":-18,"wind_kt":20,"pressure_mb":null},{"date":"19700905","time":"1800","status":"TD","lat":15.2,"lon":-19.2,"wind_kt":25,"pressure_mb":null},{"date":"19700906","time":"0000","status":"TD","lat":15.5,"lon":-20.5,"wind_kt":25,"pressure_mb":null},{"date":"19700906","time":"0600","status":"TD","lat":15.7,"lon":-22,"wind_kt":25,"pressure_mb":null},{"date":"19700906","time":"1200","status":"TD","lat":16,"lon":-23.5,"wind_kt":25,"pressure_mb":null},{"date":"19700906","time":"1800","status":"TD","lat":16.2,"lon":-24.8,"wind_kt":25,"pressure_mb":null},{"date":"19700907","time":"0000","status":"TD","lat":16.5,"lon":-26,"wind_kt":25,"pressure_mb":null},{"date":"19700907","time":"0600","status":"TD","lat":16.7,"lon":-27,"wind_kt":25,"pressure_mb":null},{"date":"19700907","time":"1200","status":"TD","lat":17,"lon":-28,"wind_kt":20,"pressure_mb":null},{"date":"19700907","time":"1800","status":"TD","lat":17.5,"lon":-29,"wind_kt":20,"pressure_mb":null}]}},{"type":"Feature","geometry":{"type":"LineString","coordinates":[[-82.8,15.8],[-83.1,16.2],[-83.5,16.6],[-84.2,17],[-84.9,17.6],[-85.5,18.4],[-86.1,19.2],[-86.8,20],[-87.3,20.5],[-87.6,20.8],[-89,22],[-90.8,23],[-92.6,23.6],[-94.2,23.9],[-95.5,24],[-96.5,23.9],[-97.4,23.8],[-97.7,23.9],[-98,23.9],[-98.7,24.2],[-99.3,24.6],[-100,25]]},"properties":{"id":"hur-al121970","event_type":"hurricane","name":"ELLA","year":1970,"max_wind_kt":110,"min_pressure_mb":962,"category":3,"preliminary":false,"start_date":"19700908","end_date":"19700913","track":[{"date":"19700908","time":"1200","status":"TD","lat":15.8,"lon":-82.8,"wind_kt":25,"pressure_mb":1009},{"date":"19700908","time":"1800","status":"TD","lat":16.2,"lon":-83.1,"wind_kt":25,"pressure_mb":1009},{"date":"19700909","time":"0000","status":"TD","lat":16.6,"lon":-83.5,"wind_kt":25,"pressure_mb":1008},{"date":"19700909","time":"0600","status":"TD","lat":17,"lon":-84.2,"wind_kt":25,"pressure_mb":1007},{"date":"19700909","time":"1200","status":"TD","lat":17.6,"lon":-84.9,"wind_kt":25,"pressure_mb":1007},{"date":"19700909","time":"1800","status":"TD","lat":18.4,"lon":-85.5,"wind_kt":30,"pressure_mb":null},{"date":"19700910","time":"0000","status":"TS","lat":19.2,"lon":-86.1,"wind_kt":35,"pressure_mb":1005},{"date":"19700910","time":"0600","status":"TS","lat":20,"lon":-86.8,"wind_kt":40,"pressure_mb":null},{"date":"19700910","time":"0930","status":"TS","lat":20.5,"lon":-87.3,"wind_kt":40,"pressure_mb":null},{"date":"19700910","time":"1200","status":"TS","lat":20.8,"lon":-87.6,"wind_kt":35,"pressure_mb":1004},{"date":"19700910","time":"1800","status":"TS","lat":22,"lon":-89,"wind_kt":50,"pressure_mb":997},{"date":"19700911","time":"0000","status":"HU","lat":23,"lon":-90.8,"wind_kt":65,"pressure_mb":993},{"date":"19700911","time":"0600","status":"HU","lat":23.6,"lon":-92.6,"wind_kt":65,"pressure_mb":994},{"date":"19700911","time":"1200","status":"HU","lat":23.9,"lon":-94.2,"wind_kt":70,"pressure_mb":null},{"date":"19700911","time":"1800","status":"HU","lat":24,"lon":-95.5,"wind_kt":75,"pressure_mb":984},{"date":"19700912","time":"0000","status":"HU","lat":23.9,"lon":-96.5,"wind_kt":85,"pressure_mb":973},{"date":"19700912","time":"0600","status":"HU","lat":23.8,"lon":-97.4,"wind_kt":100,"pressure_mb":967},{"date":"19700912","time":"1000","status":"HU","lat":23.9,"lon":-97.7,"wind_kt":110,"pressure_mb":962},{"date":"19700912","time":"1200","status":"HU","lat":23.9,"lon":-98,"wind_kt":80,"pressure_mb":null},{"date":"19700912","time":"1800","status":"TS","lat":24.2,"lon":-98.7,"wind_kt":55,"pressure_mb":null},{"date":"19700913","time":"0000","status":"TS","lat":24.6,"lon":-99.3,"wind_kt":35,"pressure_mb":null},{"date":"19700913","time":"0600","status":"TD","lat":25,"lon":-100,"wind_kt":25,"pressure_mb":null}]}},{"type":"Feature","geometry":{"type":"LineString","coordinates":[[-77.5,25.4],[-77.7,25.4],[-78,25.4],[-78.3,25.3],[-78.5,25.3],[-79.1,25.2],[-80,25],[-81,24.8],[-82,24.4],[-83,24.2],[-84.1,24.5],[-85.3,25.4],[-86.6,26.4],[-88.4,27.2],[-90.2,28],[-92.2,28.7],[-94,29.3],[-94.5,29.5],[-95.5,29.9],[-96.4,30.6],[-97,31.4],[-97.5,32.2],[-97.6,33],[-97.2,33.6],[-96.5,34.2],[-95.7,34.7],[-94.5,35],[-93.3,35.2],[-92.3,35.3],[-91.3,35.5],[-90.4,35.5],[-89.8,35.8],[-89.2,36.2]]},"properties":{"id":"hur-al131970","event_type":"hurricane","name":"FELICE","year":1970,"max_wind_kt":60,"min_pressure_mb":990,"category":0,"preliminary":false,"start_date":"19700912","end_date":"19700919","track":[{"date":"19700912","time":"0000","status":"TD","lat":25.4,"lon":-77.5,"wind_kt":25,"pressure_mb":null},{"date":"19700912","time":"0600","status":"TD","lat":25.4,"lon":-77.7,"wind_kt":25,"pressure_mb":null},{"date":"19700912","time":"1200","status":"TD","lat":25.4,"lon":-78,"wind_kt":25,"pressure_mb":null},{"date":"19700912","time":"1800","status":"TD","lat":25.3,"lon":-78.3,"wind_kt":25,"pressure_mb":null},{"date":"19700913","time":"0000","status":"TD","lat":25.3,"lon":-78.5,"wind_kt":25,"pressure_mb":null},{"date":"19700913","time":"0600","status":"TD","lat":25.2,"lon":-79.1,"wind_kt":25,"pressure_mb":null},{"date":"19700913","time":"1200","status":"TD","lat":25,"lon":-80,"wind_kt":25,"pressure_mb":null},{"date":"19700913","time":"1800","status":"TD","lat":24.8,"lon":-81,"wind_kt":30,"pressure_mb":null},{"date":"19700914","time":"0000","status":"TD","lat":24.4,"lon":-82,"wind_kt":30,"pressure_mb":1011},{"date":"19700914","time":"0600","status":"TD","lat":24.2,"lon":-83,"wind_kt":30,"pressure_mb":1010},{"date":"19700914","time":"1200","status":"TD","lat":24.5,"lon":-84.1,"wind_kt":30,"pressure_mb":null},{"date":"19700914","time":"1800","status":"TS","lat":25.4,"lon":-85.3,"wind_kt":35,"pressure_mb":1008},{"date":"19700915","time":"0000","status":"TS","lat":26.4,"lon":-86.6,"wind_kt":45,"pressure_mb":1005},{"date":"19700915","time":"0600","status":"TS","lat":27.2,"lon":-88.4,"wind_kt":50,"pressure_mb":1000},{"date":"19700915","time":"1200","status":"TS","lat":28,"lon":-90.2,"wind_kt":55,"pressure_mb":998},{"date":"19700915","time":"1800","status":"TS","lat":28.7,"lon":-92.2,"wind_kt":60,"pressure_mb":990},{"date":"19700916","time":"0000","status":"TS","lat":29.3,"lon":-94,"wind_kt":60,"pressure_mb":994},{"date":"19700916","time":"0200","status":"TS","lat":29.5,"lon":-94.5,"wind_kt":60,"pressure_mb":994},{"date":"19700916","time":"0600","status":"TS","lat":29.9,"lon":-95.5,"wind_kt":40,"pressure_mb":null},{"date":"19700916","time":"1200","status":"TD","lat":30.6,"lon":-96.4,"wind_kt":30,"pressure_mb":null},{"date":"19700916","time":"1800","status":"TD","lat":31.4,"lon":-97,"wind_kt":30,"pressure_mb":1003},{"date":"19700917","time":"0000","status":"TD","lat":32.2,"lon":-97.5,"wind_kt":30,"pressure_mb":1001},{"date":"19700917","time":"0600","status":"TD","lat":33,"lon":-97.6,"wind_kt":25,"pressure_mb":null},{"date":"19700917","time":"1200","status":"TD","lat":33.6,"lon":-97.2,"wind_kt":25,"pressure_mb":null},{"date":"19700917","time":"1800","status":"TD","lat":34.2,"lon":-96.5,"wind_kt":30,"pressure_mb":null},{"date":"19700918","time":"0000","status":"TD","lat":34.7,"lon":-95.7,"wind_kt":30,"pressure_mb":null},{"date":"19700918","time":"0600","status":"EX","lat":35,"lon":-94.5,"wind_kt":25,"pressure_mb":null},{"date":"19700918","time":"1200","status":"EX","lat":35.2,"lon":-93.3,"wind_kt":25,"pressure_mb":null},{"date":"19700918","time":"1800","status":"EX","lat":35.3,"lon":-92.3,"wind_kt":20,"pressure_mb":null},{"date":"19700919","time":"0000","status":"EX","lat":35.5,"lon":-91.3,"wind_kt":20,"pressure_mb":null},{"date":"19700919","time":"0600","status":"EX","lat":35.5,"lon":-90.4,"wind_kt":15,"pressure_mb":null},{"date":"19700919","time":"1200","status":"EX","lat":35.8,"lon":-89.8,"wind_kt":15,"pressure_mb":null},{"date":"19700919","time":"1800","status":"EX","lat":36.2,"lon":-89.2,"wind_kt":15,"pressure_mb":null}]}},{"type":"Feature","geometry":{"type":"LineString","coordinates":[[-21,15.5],[-21.3,16],[-21.7,16.5],[-22.1,17],[-22.5,17.5],[-23.3,18.3],[-24.2,19.2],[-25.1,20.1],[-26,21],[-27,21.7],[-28,22.5],[-29,23.3],[-30,24],[-31,24.8]]},"properties":{"id":"hur-al141970","event_type":"hurricane","name":null,"year":1970,"max_wind_kt":25,"min_pressure_mb":null,"category":-1,"preliminary":false,"start_date":"19700922","end_date":"19700925","track":[{"date":"19700922","time":"1200","status":"TD","lat":15.5,"lon":-21,"wind_kt":20,"pressure_mb":null},{"date":"19700922","time":"1800","status":"TD","lat":16,"lon":-21.3,"wind_kt":25,"pressure_mb":null},{"date":"19700923","time":"0000","status":"TD","lat":16.5,"lon":-21.7,"wind_kt":25,"pressure_mb":null},{"date":"19700923","time":"0600","status":"TD","lat":17,"lon":-22.1,"wind_kt":25,"pressure_mb":null},{"date":"19700923","time":"1200","status":"TD","lat":17.5,"lon":-22.5,"wind_kt":25,"pressure_mb":null},{"date":"19700923","time":"1800","status":"TD","lat":18.3,"lon":-23.3,"wind_kt":25,"pressure_mb":null},{"date":"19700924","time":"0000","status":"TD","lat":19.2,"lon":-24.2,"wind_kt":25,"pressure_mb":null},{"date":"19700924","time":"0600","status":"TD","lat":20.1,"lon":-25.1,"wind_kt":25,"pressure_mb":null},{"date":"19700924","time":"1200","status":"TD","lat":21,"lon":-26,"wind_kt":25,"pressure_mb":null},{"date":"19700924","time":"1800","status":"TD","lat":21.7,"lon":-27,"wind_kt":25,"pressure_mb":null},{"date":"19700925","time":"0000","status":"TD","lat":22.5,"lon":-28,"wind_kt":25,"pressure_mb":null},{"date":"19700925","time":"0600","status":"LO","lat":23.3,"lon":-29,"wind_kt":25,"pressure_mb":null},{"date":"19700925","time":"1200","status":"LO","lat":24,"lon":-30,"wind_kt":20,"pressure_mb":null},{"date":"19700925","time":"1800","status":"LO","lat":24.8,"lon":-31,"wind_kt":20,"pressure_mb":null}]}},{"type":"Feature","geometry":{"type":"LineString","coordinates":[[-54.5,15],[-55.7,14.6],[-56.8,14.2],[-57.9,13.9],[-58.9,13.8],[-59.6,13.8],[-60,13.9],[-60.2,14],[-60.8,13.7],[-61.5,13.4],[-62.2,13.2],[-62.9,13.3],[-63.7,13.6],[-64.6,13.7],[-65.4,13.7],[-66.2,13.7],[-67,13.7],[-67.8,13.8],[-68.5,14],[-69,14.2],[-69.4,14.5],[-69.7,14.9],[-69.9,15.3],[-70,15.6],[-70,15.8],[-70.2,15.7],[-70.1,15.6],[-70,15.3],[-70.5,15.4],[-70.8,16.1],[-70.9,16.9],[-70.8,17.8],[-70.6,18.8],[-70.2,19.7],[-69.4,20.5],[-68.4,21.2],[-67.3,22],[-66.1,23],[-64.8,24.1],[-63.2,25.3],[-61.6,26.5],[-60.1,27.4],[-57.7,27.5],[-55,27.5],[-52,27.4],[-49.2,27.3],[-46.5,27.2],[-44,27.2],[-41.5,27.4],[-39.2,27.8],[-37,28.3],[-35,28.8],[-33,29.4],[-31,30.2],[-28.8,31.3],[-26.6,32.6],[-25.1,33.5],[-23.9,34.1],[-22.9,34.5],[-22.1,34.9],[-21.4,35.2],[-20.7,35.6],[-20.3,36],[-20,36.5],[-20.2,36.7],[-21.2,37],[-22.7,37.1],[-24.3,36.7],[-25.8,36.2],[-27.5,35.8],[-29.2,35.5],[-30.7,35.4],[-32.1,35.4],[-33.3,35.6],[-34.3,36],[-35.1,36.5],[-35.9,37.2],[-36.7,38],[-37.4,38.8],[-38,39.8],[-38.5,40.7],[-38.8,41.7],[-39,42.8],[-38.8,44.3],[-38,46.5],[-36,49.5],[-33.5,52.5],[-31,55.5]]},"properties":{"id":"hur-al151970","event_type":"hurricane","name":null,"year":1970,"max_wind_kt":75,"min_pressure_mb":989,"category":1,"preliminary":false,"start_date":"19700930","end_date":"19701022","track":[{"date":"19700930","time":"1200","status":"TS","lat":15,"lon":-54.5,"wind_kt":40,"pressure_mb":1001},{"date":"19700930","time":"1800","status":"TS","lat":14.6,"lon":-55.7,"wind_kt":40,"pressure_mb":1001},{"date":"19701001","time":"0000","status":"TS","lat":14.2,"lon":-56.8,"wind_kt":35,"pressure_mb":1004},{"date":"19701001","time":"0600","status":"TS","lat":13.9,"lon":-57.9,"wind_kt":35,"pressure_mb":1002},{"date":"19701001","time":"1200","status":"TS","lat":13.8,"lon":-58.9,"wind_kt":35,"pressure_mb":null},{"date":"19701001","time":"1800","status":"TS","lat":13.8,"lon":-59.6,"wind_kt":35,"pressure_mb":1004},{"date":"19701002","time":"0000","status":"TS","lat":13.9,"lon":-60,"wind_kt":40,"pressure_mb":1000},{"date":"19701002","time":"0600","status":"TS","lat":14,"lon":-60.2,"wind_kt":40,"pressure_mb":999},{"date":"19701002","time":"1200","status":"TS","lat":13.7,"lon":-60.8,"wind_kt":40,"pressure_mb":999},{"date":"19701002","time":"1800","status":"TS","lat":13.4,"lon":-61.5,"wind_kt":40,"pressure_mb":null},{"date":"19701003","time":"0000","status":"TS","lat":13.2,"lon":-62.2,"wind_kt":35,"pressure_mb":null},{"date":"19701003","time":"0600","status":"TS","lat":13.3,"lon":-62.9,"wind_kt":35,"pressure_mb":1005},{"date":"19701003","time":"1200","status":"TS","lat":13.6,"lon":-63.7,"wind_kt":35,"pressure_mb":1003},{"date":"19701003","time":"1800","status":"TS","lat":13.7,"lon":-64.6,"wind_kt":35,"pressure_mb":1004},{"date":"19701004","time":"0000","status":"DB","lat":13.7,"lon":-65.4,"wind_kt":30,"pressure_mb":null},{"date":"19701004","time":"0600","status":"DB","lat":13.7,"lon":-66.2,"wind_kt":30,"pressure_mb":null},{"date":"19701004","time":"1200","status":"DB","lat":13.7,"lon":-67,"wind_kt":30,"pressure_mb":null},{"date":"19701004","time":"1800","status":"DB","lat":13.8,"lon":-67.8,"wind_kt":30,"pressure_mb":null},{"date":"19701005","time":"0000","status":"TD","lat":14,"lon":-68.5,"wind_kt":30,"pressure_mb":null},{"date":"19701005","time":"0600","status":"TD","lat":14.2,"lon":-69,"wind_kt":30,"pressure_mb":null},{"date":"19701005","time":"1200","status":"TS","lat":14.5,"lon":-69.4,"wind_kt":35,"pressure_mb":null},{"date":"19701005","time":"1800","status":"TS","lat":14.9,"lon":-69.7,"wind_kt":35,"pressure_mb":1004},{"date":"19701006","time":"0000","status":"TS","lat":15.3,"lon":-69.9,"wind_kt":35,"pressure_mb":1004},{"date":"19701006","time":"0600","status":"TS","lat":15.6,"lon":-70,"wind_kt":35,"pressure_mb":null},{"date":"19701006","time":"1200","status":"TS","lat":15.8,"lon":-70,"wind_kt":35,"pressure_mb":1005},{"date":"19701006","time":"1800","status":"TS","lat":15.7,"lon":-70.2,"wind_kt":35,"pressure_mb":1004},{"date":"19701007","time":"0000","status":"TS","lat":15.6,"lon":-70.1,"wind_kt":35,"pressure_mb":1000},{"date":"19701007","time":"0600","status":"TS","lat":15.3,"lon":-70,"wind_kt":35,"pressure_mb":1002},{"date":"19701007","time":"1200","status":"TD","lat":15.4,"lon":-70.5,"wind_kt":30,"pressure_mb":1003},{"date":"19701007","time":"1800","status":"TD","lat":16.1,"lon":-70.8,"wind_kt":30,"pressure_mb":1004},{"date":"19701008","time":"0000","status":"TD","lat":16.9,"lon":-70.9,"wind_kt":30,"pressure_mb":1004},{"date":"19701008","time":"0600","status":"TD","lat":17.8,"lon":-70.8,"wind_kt":30,"pressure_mb":null},{"date":"19701008","time":"1200","status":"TD","lat":18.8,"lon":-70.6,"wind_kt":25,"pressure_mb":null},{"date":"19701008","time":"1800","status":"TD","lat":19.7,"lon":-70.2,"wind_kt":25,"pressure_mb":null},{"date":"19701009","time":"0000","status":"TD","lat":20.5,"lon":-69.4,"wind_kt":25,"pressure_mb":null},{"date":"19701009","time":"0600","status":"TD","lat":21.2,"lon":-68.4,"wind_kt":25,"pressure_mb":null},{"date":"19701009","time":"1200","status":"TD","lat":22,"lon":-67.3,"wind_kt":30,"pressure_mb":null},{"date":"19701009","time":"1800","status":"TD","lat":23,"lon":-66.1,"wind_kt":30,"pressure_mb":null},{"date":"19701010","time":"0000","status":"TD","lat":24.1,"lon":-64.8,"wind_kt":30,"pressure_mb":null},{"date":"19701010","time":"0600","status":"TS","lat":25.3,"lon":-63.2,"wind_kt":35,"pressure_mb":null},{"date":"19701010","time":"1200","status":"TS","lat":26.5,"lon":-61.6,"wind_kt":40,"pressure_mb":1000},{"date":"19701010","time":"1800","status":"TS","lat":27.4,"lon":-60.1,"wind_kt":40,"pressure_mb":null},{"date":"19701011","time":"0000","status":"TS","lat":27.5,"lon":-57.7,"wind_kt":40,"pressure_mb":null},{"date":"19701011","time":"0600","status":"DB","lat":27.5,"lon":-55,"wind_kt":35,"pressure_mb":null},{"date":"19701011","time":"1200","status":"DB","lat":27.4,"lon":-52,"wind_kt":30,"pressure_mb":null},{"date":"19701011","time":"1800","status":"DB","lat":27.3,"lon":-49.2,"wind_kt":30,"pressure_mb":null},{"date":"19701012","time":"0000","status":"DB","lat":27.2,"lon":-46.5,"wind_kt":30,"pressure_mb":null},{"date":"19701012","time":"0600","status":"DB","lat":27.2,"lon":-44,"wind_kt":30,"pressure_mb":null},{"date":"19701012","time":"1200","status":"DB","lat":27.4,"lon":-41.5,"wind_kt":30,"pressure_mb":null},{"date":"19701012","time":"1800","status":"EX","lat":27.8,"lon":-39.2,"wind_kt":30,"pressure_mb":null},{"date":"19701013","time":"0000","status":"EX","lat":28.3,"lon":-37,"wind_kt":30,"pressure_mb":null},{"date":"19701013","time":"0600","status":"EX","lat":28.8,"lon":-35,"wind_kt":35,"pressure_mb":null},{"date":"19701013","time":"1200","status":"EX","lat":29.4,"lon":-33,"wind_kt":35,"pressure_mb":null},{"date":"19701013","time":"1800","status":"EX","lat":30.2,"lon":-31,"wind_kt":35,"pressure_mb":null},{"date":"19701014","time":"0000","status":"EX","lat":31.3,"lon":-28.8,"wind_kt":35,"pressure_mb":null},{"date":"19701014","time":"0600","status":"EX","lat":32.6,"lon":-26.6,"wind_kt":35,"pressure_mb":null},{"date":"19701014","time":"1200","status":"EX","lat":33.5,"lon":-25.1,"wind_kt":40,"pressure_mb":null},{"date":"19701014","time":"1800","status":"EX","lat":34.1,"lon":-23.9,"wind_kt":40,"pressure_mb":null},{"date":"19701015","time":"0000","status":"EX","lat":34.5,"lon":-22.9,"wind_kt":40,"pressure_mb":null},{"date":"19701015","time":"0600","status":"EX","lat":34.9,"lon":-22.1,"wind_kt":40,"pressure_mb":null},{"date":"19701015","time":"1200","status":"SS","lat":35.2,"lon":-21.4,"wind_kt":45,"pressure_mb":null},{"date":"19701015","time":"1800","status":"SS","lat":35.6,"lon":-20.7,"wind_kt":45,"pressure_mb":997},{"date":"19701016","time":"0000","status":"SS","lat":36,"lon":-20.3,"wind_kt":45,"pressure_mb":998},{"date":"19701016","time":"0600","status":"SS","lat":36.5,"lon":-20,"wind_kt":45,"pressure_mb":null},{"date":"19701016","time":"1200","status":"SS","lat":36.7,"lon":-20.2,"wind_kt":45,"pressure_mb":997},{"date":"19701016","time":"1800","status":"SS","lat":37,"lon":-21.2,"wind_kt":50,"pressure_mb":null},{"date":"19701017","time":"0000","status":"TS","lat":37.1,"lon":-22.7,"wind_kt":60,"pressure_mb":992},{"date":"19701017","time":"0600","status":"HU","lat":36.7,"lon":-24.3,"wind_kt":65,"pressure_mb":989},{"date":"19701017","time":"1200","status":"HU","lat":36.2,"lon":-25.8,"wind_kt":65,"pressure_mb":null},{"date":"19701017","time":"1800","status":"HU","lat":35.8,"lon":-27.5,"wind_kt":70,"pressure_mb":null},{"date":"19701018","time":"0000","status":"HU","lat":35.5,"lon":-29.2,"wind_kt":70,"pressure_mb":null},{"date":"19701018","time":"0600","status":"HU","lat":35.4,"lon":-30.7,"wind_kt":70,"pressure_mb":null},{"date":"19701018","time":"1200","status":"HU","lat":35.4,"lon":-32.1,"wind_kt":75,"pressure_mb":null},{"date":"19701018","time":"1800","status":"HU","lat":35.6,"lon":-33.3,"wind_kt":75,"pressure_mb":null},{"date":"19701019","time":"0000","status":"HU","lat":36,"lon":-34.3,"wind_kt":75,"pressure_mb":null},{"date":"19701019","time":"0600","status":"HU","lat":36.5,"lon":-35.1,"wind_kt":75,"pressure_mb":null},{"date":"19701019","time":"1200","status":"HU","lat":37.2,"lon":-35.9,"wind_kt":75,"pressure_mb":null},{"date":"19701019","time":"1800","status":"HU","lat":38,"lon":-36.7,"wind_kt":75,"pressure_mb":null},{"date":"19701020","time":"0000","status":"HU","lat":38.8,"lon":-37.4,"wind_kt":70,"pressure_mb":null},{"date":"19701020","time":"0600","status":"HU","lat":39.8,"lon":-38,"wind_kt":65,"pressure_mb":null},{"date":"19701020","time":"1200","status":"TS","lat":40.7,"lon":-38.5,"wind_kt":60,"pressure_mb":null},{"date":"19701020","time":"1800","status":"TS","lat":41.7,"lon":-38.8,"wind_kt":55,"pressure_mb":null},{"date":"19701021","time":"0000","status":"EX","lat":42.8,"lon":-39,"wind_kt":50,"pressure_mb":null},{"date":"19701021","time":"0600","status":"EX","lat":44.3,"lon":-38.8,"wind_kt":50,"pressure_mb":null},{"date":"19701021","time":"1200","status":"EX","lat":46.5,"lon":-38,"wind_kt":50,"pressure_mb":null},{"date":"19701021","time":"1800","status":"EX","lat":49.5,"lon":-36,"wind_kt":45,"pressure_mb":null},{"date":"19701022","time":"0000","status":"EX","lat":52.5,"lon":-33.5,"wind_kt":40,"pressure_mb":null},{"date":"19701022","time":"0600","status":"EX","lat":55.5,"lon":-31,"wind_kt":40,"pressure_mb":null}]}},{"type":"Feature","geometry":{"type":"LineString","coordinates":[[-75.4,22.2],[-76.2,22.7],[-77.2,23.3],[-78.2,23.8],[-79.7,24.1],[-81.3,24.4],[-82.8,24.7],[-83.5,24.9],[-83.9,25],[-84.2,24.9],[-84.4,24.8],[-84.5,24.6],[-84.8,24.4],[-85.1,24.2],[-85.4,24.1],[-85.7,24],[-86,23.8],[-86.3,23.5],[-86.7,23.1],[-87.2,22.6],[-87.8,22.2],[-88.4,21.9],[-89,21.7],[-89.5,21.7],[-90.1,21.6],[-90.9,21.6],[-91.7,21.4],[-92.5,21.2],[-93.2,21.2],[-93.9,21.2],[-94.7,21.4],[-95.7,21.7],[-96.9,22.1],[-98.2,22.5]]},"properties":{"id":"hur-al161970","event_type":"hurricane","name":"GRETA","year":1970,"max_wind_kt":40,"min_pressure_mb":1003,"category":0,"preliminary":false,"start_date":"19700926","end_date":"19701004","track":[{"date":"19700926","time":"1200","status":"TS","lat":22.2,"lon":-75.4,"wind_kt":35,"pressure_mb":null},{"date":"19700926","time":"1800","status":"TS","lat":22.7,"lon":-76.2,"wind_kt":40,"pressure_mb":1005},{"date":"19700927","time":"0000","status":"TS","lat":23.3,"lon":-77.2,"wind_kt":40,"pressure_mb":1007},{"date":"19700927","time":"0600","status":"TS","lat":23.8,"lon":-78.2,"wind_kt":40,"pressure_mb":1006},{"date":"19700927","time":"1200","status":"TS","lat":24.1,"lon":-79.7,"wind_kt":40,"pressure_mb":1005},{"date":"19700927","time":"1800","status":"TS","lat":24.4,"lon":-81.3,"wind_kt":35,"pressure_mb":1007},{"date":"19700928","time":"0000","status":"TD","lat":24.7,"lon":-82.8,"wind_kt":30,"pressure_mb":1006},{"date":"19700928","time":"0600","status":"TD","lat":24.9,"lon":-83.5,"wind_kt":30,"pressure_mb":1006},{"date":"19700928","time":"1200","status":"TD","lat":25,"lon":-83.9,"wind_kt":30,"pressure_mb":1006},{"date":"19700928","time":"1800","status":"TD","lat":24.9,"lon":-84.2,"wind_kt":30,"pressure_mb":1007},{"date":"19700929","time":"0000","status":"TD","lat":24.8,"lon":-84.4,"wind_kt":30,"pressure_mb":1006},{"date":"19700929","time":"0600","status":"TD","lat":24.6,"lon":-84.5,"wind_kt":30,"pressure_mb":1007},{"date":"19700929","time":"1200","status":"TD","lat":24.4,"lon":-84.8,"wind_kt":30,"pressure_mb":null},{"date":"19700929","time":"1800","status":"TD","lat":24.2,"lon":-85.1,"wind_kt":30,"pressure_mb":null},{"date":"19700930","time":"0000","status":"TD","lat":24.1,"lon":-85.4,"wind_kt":30,"pressure_mb":null},{"date":"19700930","time":"0600","status":"TD","lat":24,"lon":-85.7,"wind_kt":30,"pressure_mb":null},{"date":"19700930","time":"1200","status":"TD","lat":23.8,"lon":-86,"wind_kt":30,"pressure_mb":null},{"date":"19700930","time":"1800","status":"TD","lat":23.5,"lon":-86.3,"wind_kt":30,"pressure_mb":1006},{"date":"19701001","time":"0000","status":"TD","lat":23.1,"lon":-86.7,"wind_kt":30,"pressure_mb":1004},{"date":"19701001","time":"0600","status":"TD","lat":22.6,"lon":-87.2,"wind_kt":30,"pressure_mb":null},{"date":"19701001","time":"1200","status":"TD","lat":22.2,"lon":-87.8,"wind_kt":30,"pressure_mb":1004},{"date":"19701001","time":"1800","status":"TD","lat":21.9,"lon":-88.4,"wind_kt":30,"pressure_mb":null},{"date":"19701002","time":"0000","status":"TD","lat":21.7,"lon":-89,"wind_kt":30,"pressure_mb":1003},{"date":"19701002","time":"0600","status":"TD","lat":21.7,"lon":-89.5,"wind_kt":30,"pressure_mb":null},{"date":"19701002","time":"1200","status":"TD","lat":21.6,"lon":-90.1,"wind_kt":30,"pressure_mb":1005},{"date":"19701002","time":"1800","status":"TD","lat":21.6,"lon":-90.9,"wind_kt":30,"pressure_mb":1005},{"date":"19701003","time":"0000","status":"TD","lat":21.4,"lon":-91.7,"wind_kt":30,"pressure_mb":null},{"date":"19701003","time":"0600","status":"TD","lat":21.2,"lon":-92.5,"wind_kt":30,"pressure_mb":null},{"date":"19701003","time":"1200","status":"TD","lat":21.2,"lon":-93.2,"wind_kt":25,"pressure_mb":null},{"date":"19701003","time":"1800","status":"TD","lat":21.2,"lon":-93.9,"wind_kt":25,"pressure_mb":null},{"date":"19701004","time":"0000","status":"TD","lat":21.4,"lon":-94.7,"wind_kt":25,"pressure_mb":null},{"date":"19701004","time":"0600","status":"TD","lat":21.7,"lon":-95.7,"wind_kt":25,"pressure_mb":null},{"date":"19701004","time":"1200","status":"TD","lat":22.1,"lon":-96.9,"wind_kt":25,"pressure_mb":1009},{"date":"19701004","time":"1800","status":"TD","lat":22.5,"lon":-98.2,"wind_kt":25,"pressure_mb":null}]}},{"type":"Feature","geometry":{"type":"LineString","coordinates":[[-68.5,24.5],[-67.9,25],[-67,25.5],[-65.5,25.9],[-64.2,26.3],[-63.6,26.7],[-63.8,27],[-65,27],[-66.3,27],[-67,27.2],[-67.3,27.5],[-67.4,27.8],[-67.4,28.3],[-67.4,29.1],[-67.1,30],[-66.6,30.7],[-66,31.5],[-64.7,32.5],[-63.4,34],[-62,36.4],[-60.5,39],[-59,42]]},"properties":{"id":"hur-al181970","event_type":"hurricane","name":null,"year":1970,"max_wind_kt":85,"min_pressure_mb":974,"category":2,"preliminary":false,"start_date":"19701012","end_date":"19701017","track":[{"date":"19701012","time":"1200","status":"SD","lat":24.5,"lon":-68.5,"wind_kt":30,"pressure_mb":1003},{"date":"19701012","time":"1800","status":"SS","lat":25,"lon":-67.9,"wind_kt":35,"pressure_mb":null},{"date":"19701013","time":"0000","status":"SS","lat":25.5,"lon":-67,"wind_kt":35,"pressure_mb":null},{"date":"19701013","time":"0600","status":"SS","lat":25.9,"lon":-65.5,"wind_kt":35,"pressure_mb":null},{"date":"19701013","time":"1200","status":"SS","lat":26.3,"lon":-64.2,"wind_kt":35,"pressure_mb":1002},{"date":"19701013","time":"1800","status":"SS","lat":26.7,"lon":-63.6,"wind_kt":35,"pressure_mb":null},{"date":"19701014","time":"0000","status":"SS","lat":27,"lon":-63.8,"wind_kt":40,"pressure_mb":1001},{"date":"19701014","time":"0600","status":"SS","lat":27,"lon":-65,"wind_kt":45,"pressure_mb":null},{"date":"19701014","time":"1200","status":"SS","lat":27,"lon":-66.3,"wind_kt":50,"pressure_mb":1001},{"date":"19701014","time":"1800","status":"SS","lat":27.2,"lon":-67,"wind_kt":55,"pressure_mb":999},{"date":"19701015","time":"0000","status":"TS","lat":27.5,"lon":-67.3,"wind_kt":55,"pressure_mb":997},{"date":"19701015","time":"0600","status":"TS","lat":27.8,"lon":-67.4,"wind_kt":55,"pressure_mb":null},{"date":"19701015","time":"1200","status":"TS","lat":28.3,"lon":-67.4,"wind_kt":55,"pressure_mb":995},{"date":"19701015","time":"1800","status":"TS","lat":29.1,"lon":-67.4,"wind_kt":55,"pressure_mb":994},{"date":"19701016","time":"0000","status":"TS","lat":30,"lon":-67.1,"wind_kt":60,"pressure_mb":991},{"date":"19701016","time":"0600","status":"TS","lat":30.7,"lon":-66.6,"wind_kt":60,"pressure_mb":994},{"date":"19701016","time":"1200","status":"HU","lat":31.5,"lon":-66,"wind_kt":65,"pressure_mb":989},{"date":"19701016","time":"1800","status":"HU","lat":32.5,"lon":-64.7,"wind_kt":75,"pressure_mb":982},{"date":"19701017","time":"0000","status":"HU","lat":34,"lon":-63.4,"wind_kt":75,"pressure_mb":983},{"date":"19701017","time":"0600","status":"HU","lat":36.4,"lon":-62,"wind_kt":85,"pressure_mb":974},{"date":"19701017","time":"1200","status":"HU","lat":39,"lon":-60.5,"wind_kt":85,"pressure_mb":975},{"date":"19701017","time":"1800","status":"HU","lat":42,"lon":-59,"wind_kt":70,"pressure_mb":null}]}},{"type":"Feature","geometry":{"type":"LineString","coordinates":[[-48,34],[-47.8,34.3],[-47.4,34.6],[-46.8,34.8],[-46,34.9],[-45.5,35],[-45,35.3],[-44.5,35.8],[-44.1,36.3],[-43.7,36.4],[-43.2,36.4],[-42.8,36.2],[-42.3,36.4],[-42.1,36.8],[-41.8,37],[-41.7,36.7],[-41.5,36.2],[-41.3,35.6],[-41,35],[-40.7,34.5],[-40.2,34],[-39.4,34.1],[-38.5,34.8],[-37.6,35.5],[-37,36],[-36.5,36.5],[-35.9,37],[-35.1,37.7],[-33.9,38.7],[-32.5,39.9],[-31.1,41.1],[-29,42.8],[-25.3,45.7],[-21,49]]},"properties":{"id":"hur-al191970","event_type":"hurricane","name":null,"year":1970,"max_wind_kt":85,"min_pressure_mb":995,"category":2,"preliminary":false,"start_date":"19701020","end_date":"19701028","track":[{"date":"19701020","time":"1200","status":"EX","lat":34,"lon":-48,"wind_kt":35,"pressure_mb":1013},{"date":"19701020","time":"1800","status":"EX","lat":34.3,"lon":-47.8,"wind_kt":40,"pressure_mb":null},{"date":"19701021","time":"0000","status":"EX","lat":34.6,"lon":-47.4,"wind_kt":40,"pressure_mb":null},{"date":"19701021","time":"0600","status":"EX","lat":34.8,"lon":-46.8,"wind_kt":45,"pressure_mb":null},{"date":"19701021","time":"1200","status":"EX","lat":34.9,"lon":-46,"wind_kt":45,"pressure_mb":null},{"date":"19701021","time":"1800","status":"EX","lat":35,"lon":-45.5,"wind_kt":50,"pressure_mb":null},{"date":"19701022","time":"0000","status":"EX","lat":35.3,"lon":-45,"wind_kt":50,"pressure_mb":null},{"date":"19701022","time":"0600","status":"EX","lat":35.8,"lon":-44.5,"wind_kt":50,"pressure_mb":null},{"date":"19701022","time":"1200","status":"EX","lat":36.3,"lon":-44.1,"wind_kt":50,"pressure_mb":null},{"date":"19701022","time":"1800","status":"EX","lat":36.4,"lon":-43.7,"wind_kt":50,"pressure_mb":null},{"date":"19701023","time":"0000","status":"SS","lat":36.4,"lon":-43.2,"wind_kt":50,"pressure_mb":997},{"date":"19701023","time":"0600","status":"SS","lat":36.2,"lon":-42.8,"wind_kt":55,"pressure_mb":995},{"date":"19701023","time":"1200","status":"SS","lat":36.4,"lon":-42.3,"wind_kt":55,"pressure_mb":null},{"date":"19701023","time":"1800","status":"SS","lat":36.8,"lon":-42.1,"wind_kt":55,"pressure_mb":null},{"date":"19701024","time":"0000","status":"SS","lat":37,"lon":-41.8,"wind_kt":50,"pressure_mb":null},{"date":"19701024","time":"0600","status":"SS","lat":36.7,"lon":-41.7,"wind_kt":50,"pressure_mb":null},{"date":"19701024","time":"1200","status":"SS","lat":36.2,"lon":-41.5,"wind_kt":50,"pressure_mb":null},{"date":"19701024","time":"1800","status":"SS","lat":35.6,"lon":-41.3,"wind_kt":55,"pressure_mb":null},{"date":"19701025","time":"0000","status":"TS","lat":35,"lon":-41,"wind_kt":60,"pressure_mb":null},{"date":"19701025","time":"0600","status":"HU","lat":34.5,"lon":-40.7,"wind_kt":65,"pressure_mb":null},{"date":"19701025","time":"1200","status":"HU","lat":34,"lon":-40.2,"wind_kt":70,"pressure_mb":null},{"date":"19701025","time":"1800","status":"HU","lat":34.1,"lon":-39.4,"wind_kt":75,"pressure_mb":null},{"date":"19701026","time":"0000","status":"HU","lat":34.8,"lon":-38.5,"wind_kt":80,"pressure_mb":null},{"date":"19701026","time":"0600","status":"HU","lat":35.5,"lon":-37.6,"wind_kt":85,"pressure_mb":null},{"date":"19701026","time":"1200","status":"HU","lat":36,"lon":-37,"wind_kt":85,"pressure_mb":null},{"date":"19701026","time":"1800","status":"HU","lat":36.5,"lon":-36.5,"wind_kt":85,"pressure_mb":null},{"date":"19701027","time":"0000","status":"HU","lat":37,"lon":-35.9,"wind_kt":85,"pressure_mb":null},{"date":"19701027","time":"0600","status":"HU","lat":37.7,"lon":-35.1,"wind_kt":80,"pressure_mb":null},{"date":"19701027","time":"1200","status":"HU","lat":38.7,"lon":-33.9,"wind_kt":75,"pressure_mb":null},{"date":"19701027","time":"1800","status":"HU","lat":39.9,"lon":-32.5,"wind_kt":70,"pressure_mb":null},{"date":"19701028","time":"0000","status":"HU","lat":41.1,"lon":-31.1,"wind_kt":65,"pressure_mb":null},{"date":"19701028","time":"0600","status":"TS","lat":42.8,"lon":-29,"wind_kt":60,"pressure_mb":null},{"date":"19701028","time":"1200","status":"TS","lat":45.7,"lon":-25.3,"wind_kt":55,"pressure_mb":null},{"date":"19701028","time":"1800","status":"TS","lat":49,"lon":-21,"wind_kt":50,"pressure_mb":null}]}},{"type":"Feature","geometry":{"type":"LineString","coordinates":[[-96.6,25.7],[-97.2,26.8],[-97.5,28],[-97.4,29.8],[-97,32]]},"properties":{"id":"hur-al201970","event_type":"hurricane","name":null,"year":1970,"max_wind_kt":30,"min_pressure_mb":1008,"category":-1,"preliminary":false,"start_date":"19700901","end_date":"19700902","track":[{"date":"19700901","time":"1200","status":"TD","lat":25.7,"lon":-96.6,"wind_kt":25,"pressure_mb":null},{"date":"19700901","time":"1800","status":"TD","lat":26.8,"lon":-97.2,"wind_kt":30,"pressure_mb":null},{"date":"19700902","time":"0000","status":"TD","lat":28,"lon":-97.5,"wind_kt":25,"pressure_mb":1008},{"date":"19700902","time":"0600","status":"TD","lat":29.8,"lon":-97.4,"wind_kt":20,"pressure_mb":null},{"date":"19700902","time":"1200","status":"TD","lat":32,"lon":-97,"wind_kt":20,"pressure_mb":null}]}},{"type":"Feature","geometry":{"type":"LineString","coordinates":[[-55.3,26.8],[-56.1,26.9],[-57,27],[-57.9,26.9],[-58.5,26.7],[-58.9,26.6],[-59.4,26.5],[-59.8,26.5],[-60,26.5],[-60.2,26.5],[-60.4,26.5],[-60.6,26.6],[-60.8,26.7],[-61,26.9]]},"properties":{"id":"hur-al211970","event_type":"hurricane","name":null,"year":1970,"max_wind_kt":40,"min_pressure_mb":null,"category":0,"preliminary":false,"start_date":"19700919","end_date":"19700923","track":[{"date":"19700919","time":"1800","status":"TD","lat":26.8,"lon":-55.3,"wind_kt":25,"pressure_mb":null},{"date":"19700920","time":"0000","status":"TD","lat":26.9,"lon":-56.1,"wind_kt":25,"pressure_mb":null},{"date":"19700920","time":"0600","status":"TD","lat":27,"lon":-57,"wind_kt":30,"pressure_mb":null},{"date":"19700920","time":"1200","status":"TD","lat":26.9,"lon":-57.9,"wind_kt":30,"pressure_mb":null},{"date":"19700920","time":"1800","status":"TS","lat":26.7,"lon":-58.5,"wind_kt":35,"pressure_mb":null},{"date":"19700921","time":"0000","status":"TS","lat":26.6,"lon":-58.9,"wind_kt":40,"pressure_mb":null},{"date":"19700921","time":"0600","status":"TS","lat":26.5,"lon":-59.4,"wind_kt":40,"pressure_mb":null},{"date":"19700921","time":"1200","status":"TS","lat":26.5,"lon":-59.8,"wind_kt":40,"pressure_mb":null},{"date":"19700921","time":"1800","status":"TS","lat":26.5,"lon":-60,"wind_kt":35,"pressure_mb":null},{"date":"19700922","time":"0000","status":"TS","lat":26.5,"lon":-60.2,"wind_kt":35,"pressure_mb":null},{"date":"19700922","time":"0600","status":"TD","lat":26.5,"lon":-60.4,"wind_kt":30,"pressure_mb":null},{"date":"19700922","time":"1200","status":"TD","lat":26.6,"lon":-60.6,"wind_kt":30,"pressure_mb":null},{"date":"19700922","time":"1800","status":"TD","lat":26.7,"lon":-60.8,"wind_kt":25,"pressure_mb":null},{"date":"19700923","time":"0000","status":"TD","lat":26.9,"lon":-61,"wind_kt":25,"pressure_mb":null}]}},{"type":"Feature","geometry":{"type":"LineString","coordinates":[[-82,13],[-82,13.4],[-82,13.8],[-82,14.2],[-82.1,14.6],[-82.3,15],[-82.7,15.4],[-83.1,15.8],[-83.3,16.2],[-83.4,16.6],[-83,17]]},"properties":{"id":"hur-al221970","event_type":"hurricane","name":null,"year":1970,"max_wind_kt":30,"min_pressure_mb":1004,"category":-1,"preliminary":false,"start_date":"19701113","end_date":"19701115","track":[{"date":"19701113","time":"0000","status":"TD","lat":13,"lon":-82,"wind_kt":25,"pressure_mb":null},{"date":"19701113","time":"0600","status":"TD","lat":13.4,"lon":-82,"wind_kt":25,"pressure_mb":null},{"date":"19701113","time":"1200","status":"TD","lat":13.8,"lon":-82,"wind_kt":30,"pressure_mb":1005},{"date":"19701113","time":"1800","status":"TD","lat":14.2,"lon":-82,"wind_kt":30,"pressure_mb":1004},{"date":"19701114","time":"0000","status":"TD","lat":14.6,"lon":-82.1,"wind_kt":30,"pressure_mb":1004},{"date":"19701114","time":"0600","status":"TD","lat":15,"lon":-82.3,"wind_kt":30,"pressure_mb":null},{"date":"19701114","time":"1200","status":"TD","lat":15.4,"lon":-82.7,"wind_kt":30,"pressure_mb":null},{"date":"19701114","time":"1800","status":"TD","lat":15.8,"lon":-83.1,"wind_kt":30,"pressure_mb":1005},{"date":"19701115","time":"0000","status":"TD","lat":16.2,"lon":-83.3,"wind_kt":25,"pressure_mb":null},{"date":"19701115","time":"0600","status":"TD","lat":16.6,"lon":-83.4,"wind_kt":25,"pressure_mb":null},{"date":"19701115","time":"1200","status":"TD","lat":17,"lon":-83,"wind_kt":25,"pressure_mb":null}]}},{"type":"Feature","geometry":{"type":"LineString","coordinates":[[-60,35],[-59.5,35.5],[-59,36.1],[-58.8,36.6],[-59.1,36.8],[-59.7,36.3],[-60.3,35.3],[-60.5,33.8],[-60.5,32.1],[-60.4,30.5],[-60.2,29.1],[-59.7,28.3],[-58.8,28],[-57.3,28.2],[-55.6,29.2],[-54.3,30.6],[-53.6,31.9],[-53,33.1],[-52,34.1],[-50,35.1],[-48.2,36],[-46.6,37.2],[-45,39.1],[-43,41],[-40,43.4],[-37,46.1],[-34,49],[-31.3,52.5],[-30,56],[-29.5,58.5],[-29,60],[-28.3,61],[-27,61.6],[-24.5,61.9],[-20,62],[-15,62.2],[-9.5,62.8],[-4,63.5],[1.5,64.5],[5.5,65.5],[8,66.4],[10,67.3]]},"properties":{"id":"hur-al231970","event_type":"hurricane","name":null,"year":1970,"max_wind_kt":60,"min_pressure_mb":987,"category":0,"preliminary":false,"start_date":"19701126","end_date":"19701206","track":[{"date":"19701126","time":"0000","status":"EX","lat":35,"lon":-60,"wind_kt":60,"pressure_mb":null},{"date":"19701126","time":"0600","status":"EX","lat":35.5,"lon":-59.5,"wind_kt":60,"pressure_mb":null},{"date":"19701126","time":"1200","status":"EX","lat":36.1,"lon":-59,"wind_kt":60,"pressure_mb":null},{"date":"19701126","time":"1800","status":"EX","lat":36.6,"lon":-58.8,"wind_kt":60,"pressure_mb":null},{"date":"19701127","time":"0000","status":"EX","lat":36.8,"lon":-59.1,"wind_kt":60,"pressure_mb":null},{"date":"19701127","time":"0600","status":"EX","lat":36.3,"lon":-59.7,"wind_kt":60,"pressure_mb":null},{"date":"19701127","time":"1200","status":"EX","lat":35.3,"lon":-60.3,"wind_kt":60,"pressure_mb":null},{"date":"19701127","time":"1800","status":"EX","lat":33.8,"lon":-60.5,"wind_kt":60,"pressure_mb":null},{"date":"19701128","time":"0000","status":"SS","lat":32.1,"lon":-60.5,"wind_kt":55,"pressure_mb":null},{"date":"19701128","time":"0600","status":"SS","lat":30.5,"lon":-60.4,"wind_kt":55,"pressure_mb":null},{"date":"19701128","time":"1200","status":"SS","lat":29.1,"lon":-60.2,"wind_kt":50,"pressure_mb":null},{"date":"19701128","time":"1800","status":"SS","lat":28.3,"lon":-59.7,"wind_kt":50,"pressure_mb":null},{"date":"19701129","time":"0000","status":"SS","lat":28,"lon":-58.8,"wind_kt":50,"pressure_mb":null},{"date":"19701129","time":"0600","status":"SS","lat":28.2,"lon":-57.3,"wind_kt":50,"pressure_mb":null},{"date":"19701129","time":"1200","status":"SS","lat":29.2,"lon":-55.6,"wind_kt":50,"pressure_mb":null},{"date":"19701129","time":"1800","status":"SS","lat":30.6,"lon":-54.3,"wind_kt":50,"pressure_mb":987},{"date":"19701130","time":"0000","status":"SS","lat":31.9,"lon":-53.6,"wind_kt":45,"pressure_mb":null},{"date":"19701130","time":"0600","status":"SS","lat":33.1,"lon":-53,"wind_kt":45,"pressure_mb":null},{"date":"19701130","time":"1200","status":"TS","lat":34.1,"lon":-52,"wind_kt":45,"pressure_mb":null},{"date":"19701130","time":"1800","status":"TS","lat":35.1,"lon":-50,"wind_kt":50,"pressure_mb":null},{"date":"19701201","time":"0000","status":"TS","lat":36,"lon":-48.2,"wind_kt":50,"pressure_mb":null},{"date":"19701201","time":"0600","status":"TS","lat":37.2,"lon":-46.6,"wind_kt":55,"pressure_mb":null},{"date":"19701201","time":"1200","status":"TS","lat":39.1,"lon":-45,"wind_kt":55,"pressure_mb":null},{"date":"19701201","time":"1800","status":"EX","lat":41,"lon":-43,"wind_kt":55,"pressure_mb":null},{"date":"19701202","time":"0000","status":"EX","lat":43.4,"lon":-40,"wind_kt":55,"pressure_mb":null},{"date":"19701202","time":"0600","status":"EX","lat":46.1,"lon":-37,"wind_kt":55,"pressure_mb":null},{"date":"19701202","time":"1200","status":"EX","lat":49,"lon":-34,"wind_kt":55,"pressure_mb":null},{"date":"19701202","time":"1800","status":"EX","lat":52.5,"lon":-31.3,"wind_kt":55,"pressure_mb":null},{"date":"19701203","time":"0000","status":"EX","lat":56,"lon":-30,"wind_kt":60,"pressure_mb":null},{"date":"19701203","time":"0600","status":"EX","lat":58.5,"lon":-29.5,"wind_kt":60,"pressure_mb":null},{"date":"19701203","time":"1200","status":"EX","lat":60,"lon":-29,"wind_kt":60,"pressure_mb":null},{"date":"19701203","time":"1800","status":"EX","lat":61,"lon":-28.3,"wind_kt":60,"pressure_mb":null},{"date":"19701204","time":"0000","status":"EX","lat":61.6,"lon":-27,"wind_kt":60,"pressure_mb":null},{"date":"19701204","time":"0600","status":"EX","lat":61.9,"lon":-24.5,"wind_kt":60,"pressure_mb":null},{"date":"19701204","time":"1200","status":"EX","lat":62,"lon":-20,"wind_kt":60,"pressure_mb":null},{"date":"19701204","time":"1800","status":"EX","lat":62.2,"lon":-15,"wind_kt":60,"pressure_mb":null},{"date":"19701205","time":"0000","status":"EX","lat":62.8,"lon":-9.5,"wind_kt":60,"pressure_mb":null},{"date":"19701205","time":"0600","status":"EX","lat":63.5,"lon":-4,"wind_kt":60,"pressure_mb":null},{"date":"19701205","time":"1200","status":"EX","lat":64.5,"lon":1.5,"wind_kt":60,"pressure_mb":null},{"date":"19701205","time":"1800","status":"EX","lat":65.5,"lon":5.5,"wind_kt":60,"pressure_mb":null},{"date":"19701206","time":"0000","status":"EX","lat":66.4,"lon":8,"wind_kt":55,"pressure_mb":null},{"date":"19701206","time":"0600","status":"EX","lat":67.3,"lon":10,"wind_kt":50,"pressure_mb":null}]}},{"type":"Feature","geometry":{"type":"LineString","coordinates":[[-75.5,33.5],[-75.2,34],[-74.8,34.5],[-74.3,35.2],[-73.7,35.9],[-72.9,36.7],[-71.8,37.6],[-70.1,38.5],[-68.3,39.6],[-65.9,40.7],[-63,41.8],[-59.5,43.1],[-56.3,44.7],[-53,46.5],[-49.6,47.6]]},"properties":{"id":"hur-al011971","event_type":"hurricane","name":"ARLENE","year":1971,"max_wind_kt":55,"min_pressure_mb":1000,"category":0,"preliminary":false,"start_date":"19710704","end_date":"19710708","track":[{"date":"19710704","time":"1200","status":"TD","lat":33.5,"lon":-75.5,"wind_kt":25,"pressure_mb":null},{"date":"19710704","time":"1800","status":"TD","lat":34,"lon":-75.2,"wind_kt":25,"pressure_mb":null},{"date":"19710705","time":"0000","status":"TD","lat":34.5,"lon":-74.8,"wind_kt":25,"pressure_mb":null},{"date":"19710705","time":"0600","status":"TD","lat":35.2,"lon":-74.3,"wind_kt":30,"pressure_mb":null},{"date":"19710705","time":"1200","status":"TD","lat":35.9,"lon":-73.7,"wind_kt":30,"pressure_mb":null},{"date":"19710705","time":"1800","status":"TS","lat":36.7,"lon":-72.9,"wind_kt":45,"pressure_mb":1001},{"date":"19710706","time":"0000","status":"TS","lat":37.6,"lon":-71.8,"wind_kt":45,"pressure_mb":null},{"date":"19710706","time":"0600","status":"TS","lat":38.5,"lon":-70.1,"wind_kt":45,"pressure_mb":null},{"date":"19710706","time":"1200","status":"TS","lat":39.6,"lon":-68.3,"wind_kt":50,"pressure_mb":1003},{"date":"19710706","time":"1800","status":"TS","lat":40.7,"lon":-65.9,"wind_kt":55,"pressure_mb":1000},{"date":"19710707","time":"0000","status":"TS","lat":41.8,"lon":-63,"wind_kt":50,"pressure_mb":1000},{"date":"19710707","time":"0600","status":"TS","lat":43.1,"lon":-59.5,"wind_kt":45,"pressure_mb":1002},{"date":"19710707","time":"1200","status":"TS","lat":44.7,"lon":-56.3,"wind_kt":45,"pressure_mb":null},{"date":"19710707","time":"1800","status":"EX","lat":46.5,"lon":-53,"wind_kt":45,"pressure_mb":null},{"date":"19710708","time":"0000","status":"EX","lat":47.6,"lon":-49.6,"wind_kt":35,"pressure_mb":null}]}},{"type":"Feature","geometry":{"type":"LineString","coordinates":[[-92,29],[-93,29.4],[-94,29.8],[-95,30.2],[-96,30.5]]},"properties":{"id":"hur-al021971","event_type":"hurricane","name":null,"year":1971,"max_wind_kt":25,"min_pressure_mb":null,"category":-1,"preliminary":false,"start_date":"19710707","end_date":"19710708","track":[{"date":"19710707","time":"1200","status":"TD","lat":29,"lon":-92,"wind_kt":20,"pressure_mb":null},{"date":"19710707","time":"1800","status":"TD","lat":29.4,"lon":-93,"wind_kt":25,"pressure_mb":null},{"date":"19710708","time":"0000","status":"TD","lat":29.8,"lon":-94,"wind_kt":25,"pressure_mb":null},{"date":"19710708","time":"0600","status":"TD","lat":30.2,"lon":-95,"wind_kt":25,"pressure_mb":null},{"date":"19710708","time":"1200","status":"TD","lat":30.5,"lon":-96,"wind_kt":null,"pressure_mb":null}]}},{"type":"Feature","geometry":{"type":"LineString","coordinates":[[-97,27],[-97.5,27],[-98,27],[-98.5,27],[-99,27]]},"properties":{"id":"hur-al031971","event_type":"hurricane","name":null,"year":1971,"max_wind_kt":25,"min_pressure_mb":null,"category":-1,"preliminary":false,"start_date":"19710710","end_date":"19710711","track":[{"date":"19710710","time":"1200","status":"TD","lat":27,"lon":-97,"wind_kt":20,"pressure_mb":null},{"date":"19710710","time":"1800","status":"TD","lat":27,"lon":-97.5,"wind_kt":25,"pressure_mb":null},{"date":"19710711","time":"0000","status":"TD","lat":27,"lon":-98,"wind_kt":25,"pressure_mb":null},{"date":"19710711","time":"0600","status":"TD","lat":27,"lon":-98.5,"wind_kt":25,"pressure_mb":null},{"date":"19710711","time":"1200","status":"TD","lat":27,"lon":-99,"wind_kt":null,"pressure_mb":null}]}},{"type":"Feature","geometry":{"type":"LineString","coordinates":[[-63.5,31],[-64,31.5],[-64.5,32],[-64.9,32.6],[-65,33.5],[-64.6,34.6],[-63.5,36],[-61.8,37.7],[-60,39.5],[-58.5,40.5],[-56,41.5],[-52.6,43.4],[-49,46],[-46,50],[-45,53],[-43.8,55.7],[-43,58]]},"properties":{"id":"hur-al041971","event_type":"hurricane","name":null,"year":1971,"max_wind_kt":75,"min_pressure_mb":974,"category":1,"preliminary":false,"start_date":"19710803","end_date":"19710807","track":[{"date":"19710803","time":"1200","status":"TD","lat":31,"lon":-63.5,"wind_kt":15,"pressure_mb":null},{"date":"19710803","time":"1800","status":"TD","lat":31.5,"lon":-64,"wind_kt":15,"pressure_mb":null},{"date":"19710804","time":"0000","status":"TD","lat":32,"lon":-64.5,"wind_kt":15,"pressure_mb":null},{"date":"19710804","time":"0600","status":"TD","lat":32.6,"lon":-64.9,"wind_kt":15,"pressure_mb":null},{"date":"19710804","time":"1200","status":"TD","lat":33.5,"lon":-65,"wind_kt":15,"pressure_mb":1015},{"date":"19710804","time":"1800","status":"TD","lat":34.6,"lon":-64.6,"wind_kt":15,"pressure_mb":null},{"date":"19710805","time":"0000","status":"TD","lat":36,"lon":-63.5,"wind_kt":20,"pressure_mb":1013},{"date":"19710805","time":"0600","status":"TD","lat":37.7,"lon":-61.8,"wind_kt":25,"pressure_mb":null},{"date":"19710805","time":"1200","status":"TD","lat":39.5,"lon":-60,"wind_kt":30,"pressure_mb":null},{"date":"19710805","time":"1800","status":"TS","lat":40.5,"lon":-58.5,"wind_kt":40,"pressure_mb":1000},{"date":"19710806","time":"0000","status":"TS","lat":41.5,"lon":-56,"wind_kt":50,"pressure_mb":null},{"date":"19710806","time":"0600","status":"TS","lat":43.4,"lon":-52.6,"wind_kt":60,"pressure_mb":null},{"date":"19710806","time":"1200","status":"HU","lat":46,"lon":-49,"wind_kt":75,"pressure_mb":974},{"date":"19710806","time":"1800","status":"HU","lat":50,"lon":-46,"wind_kt":70,"pressure_mb":null},{"date":"19710807","time":"0000","status":"HU","lat":53,"lon":-45,"wind_kt":70,"pressure_mb":null},{"date":"19710807","time":"0600","status":"HU","lat":55.7,"lon":-43.8,"wind_kt":70,"pressure_mb":null},{"date":"19710807","time":"1200","status":"HU","lat":58,"lon":-43,"wind_kt":70,"pressure_mb":976}]}},{"type":"Feature","geometry":{"type":"LineString","coordinates":[[-84.5,25.5],[-84.8,25.8],[-85.2,26.2],[-85.6,26.6],[-86,27],[-86.5,27.2],[-87,27.5],[-87.5,27.8],[-88,28],[-88.6,28.6],[-89.2,29.2],[-89.8,29.8],[-90.5,30.5]]},"properties":{"id":"hur-al051971","event_type":"hurricane","name":null,"year":1971,"max_wind_kt":25,"min_pressure_mb":null,"category":-1,"preliminary":false,"start_date":"19710806","end_date":"19710809","track":[{"date":"19710806","time":"1200","status":"TD","lat":25.5,"lon":-84.5,"wind_kt":20,"pressure_mb":null},{"date":"19710806","time":"1800","status":"TD","lat":25.8,"lon":-84.8,"wind_kt":25,"pressure_mb":null},{"date":"19710807","time":"0000","status":"TD","lat":26.2,"lon":-85.2,"wind_kt":25,"pressure_mb":null},{"date":"19710807","time":"0600","status":"TD","lat":26.6,"lon":-85.6,"wind_kt":25,"pressure_mb":null},{"date":"19710807","time":"1200","status":"TD","lat":27,"lon":-86,"wind_kt":25,"pressure_mb":null},{"date":"19710807","time":"1800","status":"TD","lat":27.2,"lon":-86.5,"wind_kt":25,"pressure_mb":null},{"date":"19710808","time":"0000","status":"TD","lat":27.5,"lon":-87,"wind_kt":25,"pressure_mb":null},{"date":"19710808","time":"0600","status":"TD","lat":27.8,"lon":-87.5,"wind_kt":25,"pressure_mb":null},{"date":"19710808","time":"1200","status":"TD","lat":28,"lon":-88,"wind_kt":25,"pressure_mb":null},{"date":"19710808","time":"1800","status":"TD","lat":28.6,"lon":-88.6,"wind_kt":25,"pressure_mb":null},{"date":"19710809","time":"0000","status":"TD","lat":29.2,"lon":-89.2,"wind_kt":25,"pressure_mb":null},{"date":"19710809","time":"0600","status":"TD","lat":29.8,"lon":-89.8,"wind_kt":25,"pressure_mb":null},{"date":"19710809","time":"1200","status":"TD","lat":30.5,"lon":-90.5,"wind_kt":null,"pressure_mb":null}]}},{"type":"Feature","geometry":{"type":"LineString","coordinates":[[-79.9,26.7],[-79.3,26.8],[-78.5,27.4],[-78.3,28],[-78.1,28.8],[-77.7,29.7],[-77.2,30.7],[-76.7,31.5],[-76.3,32.3],[-76,32.7],[-75.3,33.2],[-74.7,33.3],[-74.1,33.5],[-73.5,33.7],[-73.1,33.9],[-72.7,34.2],[-72.3,34.4],[-71,35.8],[-69.9,37.2],[-68.5,38.4],[-67.2,39.7],[-65.8,40.8],[-64.5,42],[-63.3,43.2],[-62.5,44],[-61.5,45.3],[-60.2,46.7],[-59,48.3],[-57.7,49.5]]},"properties":{"id":"hur-al061971","event_type":"hurricane","name":"BETH","year":1971,"max_wind_kt":75,"min_pressure_mb":977,"category":1,"preliminary":false,"start_date":"19710810","end_date":"19710817","track":[{"date":"19710810","time":"1200","status":"TD","lat":26.7,"lon":-79.9,"wind_kt":20,"pressure_mb":null},{"date":"19710810","time":"1800","status":"TD","lat":26.8,"lon":-79.3,"wind_kt":20,"pressure_mb":1013},{"date":"19710811","time":"0000","status":"TD","lat":27.4,"lon":-78.5,"wind_kt":20,"pressure_mb":null},{"date":"19710811","time":"0600","status":"TD","lat":28,"lon":-78.3,"wind_kt":25,"pressure_mb":null},{"date":"19710811","time":"1200","status":"TD","lat":28.8,"lon":-78.1,"wind_kt":25,"pressure_mb":null},{"date":"19710811","time":"1800","status":"TD","lat":29.7,"lon":-77.7,"wind_kt":30,"pressure_mb":1010},{"date":"19710812","time":"0000","status":"TD","lat":30.7,"lon":-77.2,"wind_kt":30,"pressure_mb":null},{"date":"19710812","time":"0600","status":"TD","lat":31.5,"lon":-76.7,"wind_kt":30,"pressure_mb":null},{"date":"19710812","time":"1200","status":"TD","lat":32.3,"lon":-76.3,"wind_kt":30,"pressure_mb":null},{"date":"19710812","time":"1800","status":"TD","lat":32.7,"lon":-76,"wind_kt":30,"pressure_mb":null},{"date":"19710813","time":"0000","status":"TD","lat":33.2,"lon":-75.3,"wind_kt":30,"pressure_mb":null},{"date":"19710813","time":"0600","status":"TD","lat":33.3,"lon":-74.7,"wind_kt":30,"pressure_mb":1007},{"date":"19710813","time":"1200","status":"TD","lat":33.5,"lon":-74.1,"wind_kt":30,"pressure_mb":null},{"date":"19710813","time":"1800","status":"TD","lat":33.7,"lon":-73.5,"wind_kt":30,"pressure_mb":null},{"date":"19710814","time":"0000","status":"TD","lat":33.9,"lon":-73.1,"wind_kt":30,"pressure_mb":1004},{"date":"19710814","time":"0600","status":"TD","lat":34.2,"lon":-72.7,"wind_kt":30,"pressure_mb":null},{"date":"19710814","time":"1200","status":"TS","lat":34.4,"lon":-72.3,"wind_kt":45,"pressure_mb":995},{"date":"19710814","time":"1800","status":"TS","lat":35.8,"lon":-71,"wind_kt":55,"pressure_mb":null},{"date":"19710815","time":"0000","status":"HU","lat":37.2,"lon":-69.9,"wind_kt":70,"pressure_mb":990},{"date":"19710815","time":"0600","status":"HU","lat":38.4,"lon":-68.5,"wind_kt":70,"pressure_mb":982},{"date":"19710815","time":"1200","status":"HU","lat":39.7,"lon":-67.2,"wind_kt":75,"pressure_mb":977},{"date":"19710815","time":"1800","status":"HU","lat":40.8,"lon":-65.8,"wind_kt":75,"pressure_mb":null},{"date":"19710816","time":"0000","status":"HU","lat":42,"lon":-64.5,"wind_kt":65,"pressure_mb":978},{"date":"19710816","time":"0600","status":"HU","lat":43.2,"lon":-63.3,"wind_kt":65,"pressure_mb":979},{"date":"19710816","time":"1200","status":"HU","lat":44,"lon":-62.5,"wind_kt":65,"pressure_mb":984},{"date":"19710816","time":"1800","status":"HU","lat":45.3,"lon":-61.5,"wind_kt":65,"pressure_mb":null},{"date":"19710817","time":"0000","status":"EX","lat":46.7,"lon":-60.2,"wind_kt":60,"pressure_mb":998},{"date":"19710817","time":"0600","status":"EX","lat":48.3,"lon":-59,"wind_kt":50,"pressure_mb":998},{"date":"19710817","time":"1200","status":"EX","lat":49.5,"lon":-57.7,"wind_kt":45,"pressure_mb":998}]}},{"type":"Feature","geometry":{"type":"LineString","coordinates":[[-83.5,26],[-83.1,26.2],[-82.7,26.5],[-82.3,26.8],[-82,27],[-81.2,27.3],[-81.7,27.5],[-81.6,27.8],[-81.5,28],[-81.8,28.1],[-82.2,28.2],[-82.6,28.3],[-83,28.5],[-83.2,28.9],[-83.5,29.2],[-83.8,29.6],[-84,30]]},"properties":{"id":"hur-al071971","event_type":"hurricane","name":null,"year":1971,"max_wind_kt":25,"min_pressure_mb":null,"category":-1,"preliminary":false,"start_date":"19710812","end_date":"19710816","track":[{"date":"19710812","time":"1200","status":"TD","lat":26,"lon":-83.5,"wind_kt":20,"pressure_mb":null},{"date":"19710812","time":"1800","status":"TD","lat":26.2,"lon":-83.1,"wind_kt":25,"pressure_mb":null},{"date":"19710813","time":"0000","status":"TD","lat":26.5,"lon":-82.7,"wind_kt":25,"pressure_mb":null},{"date":"19710813","time":"0600","status":"TD","lat":26.8,"lon":-82.3,"wind_kt":25,"pressure_mb":null},{"date":"19710813","time":"1200","status":"TD","lat":27,"lon":-82,"wind_kt":20,"pressure_mb":null},{"date":"19710813","time":"1800","status":"TD","lat":27.3,"lon":-81.2,"wind_kt":20,"pressure_mb":null},{"date":"19710814","time":"0000","status":"TD","lat":27.5,"lon":-81.7,"wind_kt":20,"pressure_mb":null},{"date":"19710814","time":"0600","status":"TD","lat":27.8,"lon":-81.6,"wind_kt":20,"pressure_mb":null},{"date":"19710814","time":"1200","status":"TD","lat":28,"lon":-81.5,"wind_kt":20,"pressure_mb":null},{"date":"19710814","time":"1800","status":"TD","lat":28.1,"lon":-81.8,"wind_kt":20,"pressure_mb":null},{"date":"19710815","time":"0000","status":"TD","lat":28.2,"lon":-82.2,"wind_kt":20,"pressure_mb":null},{"date":"19710815","time":"0600","status":"TD","lat":28.3,"lon":-82.6,"wind_kt":25,"pressure_mb":null},{"date":"19710815","time":"1200","status":"TD","lat":28.5,"lon":-83,"wind_kt":25,"pressure_mb":null},{"date":"19710815","time":"1800","status":"TD","lat":28.9,"lon":-83.2,"wind_kt":25,"pressure_mb":null},{"date":"19710816","time":"0000","status":"TD","lat":29.2,"lon":-83.5,"wind_kt":25,"pressure_mb":null},{"date":"19710816","time":"0600","status":"TD","lat":29.6,"lon":-83.8,"wind_kt":25,"pressure_mb":null},{"date":"19710816","time":"1200","status":"TD","lat":30,"lon":-84,"wind_kt":null,"pressure_mb":null}]}},{"type":"Feature","geometry":{"type":"LineString","coordinates":[[-52.5,13],[-55,13.2],[-57,13.5],[-59,13.8],[-60.7,14],[-62,14.2],[-63.5,14.3],[-65,14.8],[-66.5,15],[-67.7,15.4],[-69.5,16],[-71.5,16],[-73.5,15.5],[-75,15],[-76,14.8],[-77,14.8],[-78,15],[-79,15.2],[-80,15.6],[-81,16],[-82,16.5],[-83,17],[-84,17.4],[-85,17.8],[-86,17.9],[-86.8,18],[-87.5,18],[-88,18],[-88.5,18]]},"properties":{"id":"hur-al081971","event_type":"hurricane","name":"CHLOE","year":1971,"max_wind_kt":55,"min_pressure_mb":1004,"category":0,"preliminary":false,"start_date":"19710818","end_date":"19710825","track":[{"date":"19710818","time":"1200","status":"TD","lat":13,"lon":-52.5,"wind_kt":30,"pressure_mb":1007},{"date":"19710818","time":"1800","status":"TD","lat":13.2,"lon":-55,"wind_kt":30,"pressure_mb":null},{"date":"19710819","time":"0000","status":"TD","lat":13.5,"lon":-57,"wind_kt":30,"pressure_mb":null},{"date":"19710819","time":"0600","status":"TD","lat":13.8,"lon":-59,"wind_kt":30,"pressure_mb":null},{"date":"19710819","time":"1200","status":"TD","lat":14,"lon":-60.7,"wind_kt":30,"pressure_mb":null},{"date":"19710819","time":"1800","status":"TD","lat":14.2,"lon":-62,"wind_kt":30,"pressure_mb":null},{"date":"19710820","time":"0000","status":"TS","lat":14.3,"lon":-63.5,"wind_kt":35,"pressure_mb":1004},{"date":"19710820","time":"0600","status":"TS","lat":14.8,"lon":-65,"wind_kt":45,"pressure_mb":null},{"date":"19710820","time":"1200","status":"TS","lat":15,"lon":-66.5,"wind_kt":50,"pressure_mb":null},{"date":"19710820","time":"1800","status":"TS","lat":15.4,"lon":-67.7,"wind_kt":55,"pressure_mb":null},{"date":"19710821","time":"0000","status":"TS","lat":16,"lon":-69.5,"wind_kt":50,"pressure_mb":null},{"date":"19710821","time":"0600","status":"TS","lat":16,"lon":-71.5,"wind_kt":40,"pressure_mb":null},{"date":"19710821","time":"1200","status":"TD","lat":15.5,"lon":-73.5,"wind_kt":30,"pressure_mb":1007},{"date":"19710821","time":"1800","status":"TD","lat":15,"lon":-75,"wind_kt":30,"pressure_mb":null},{"date":"19710822","time":"0000","status":"TD","lat":14.8,"lon":-76,"wind_kt":25,"pressure_mb":null},{"date":"19710822","time":"0600","status":"TD","lat":14.8,"lon":-77,"wind_kt":25,"pressure_mb":null},{"date":"19710822","time":"1200","status":"TD","lat":15,"lon":-78,"wind_kt":25,"pressure_mb":null},{"date":"19710822","time":"1800","status":"TD","lat":15.2,"lon":-79,"wind_kt":25,"pressure_mb":null},{"date":"19710823","time":"0000","status":"TD","lat":15.6,"lon":-80,"wind_kt":25,"pressure_mb":null},{"date":"19710823","time":"0600","status":"TD","lat":16,"lon":-81,"wind_kt":25,"pressure_mb":null},{"date":"19710823","time":"1200","status":"TD","lat":16.5,"lon":-82,"wind_kt":25,"pressure_mb":null},{"date":"19710823","time":"1800","status":"TD","lat":17,"lon":-83,"wind_kt":25,"pressure_mb":null},{"date":"19710824","time":"0000","status":"TD","lat":17.4,"lon":-84,"wind_kt":25,"pressure_mb":1007},{"date":"19710824","time":"0600","status":"TD","lat":17.8,"lon":-85,"wind_kt":25,"pressure_mb":null},{"date":"19710824","time":"1200","status":"TD","lat":17.9,"lon":-86,"wind_kt":25,"pressure_mb":null},{"date":"19710824","time":"1800","status":"TD","lat":18,"lon":-86.8,"wind_kt":25,"pressure_mb":null},{"date":"19710825","time":"0000","status":"TD","lat":18,"lon":-87.5,"wind_kt":25,"pressure_mb":null},{"date":"19710825","time":"0600","status":"TD","lat":18,"lon":-88,"wind_kt":25,"pressure_mb":null},{"date":"19710825","time":"1200","status":"TD","lat":18,"lon":-88.5,"wind_kt":25,"pressure_mb":null}]}},{"type":"Feature","geometry":{"type":"LineString","coordinates":[[-47,11.5],[-48,11.6],[-49,11.7],[-50,11.8],[-51,12],[-52.2,12.2],[-53.4,12.8],[-54.8,13.2],[-56,14],[-57.5,14.8],[-59,15.7],[-60.8,16.5],[-62.4,17.3],[-64,18],[-65.4,18.6],[-66.9,19.2],[-68.3,19.8],[-69.8,20.4],[-71,21],[-72.2,21.8],[-73.2,22.5],[-74.2,23.2],[-75.1,24.2],[-75.6,25.4],[-76.4,26.8],[-77,28.2],[-77.2,29.2],[-77.2,31],[-77.2,32.8],[-76.8,34.8],[-76.5,36.5],[-75.3,38.5],[-73.7,41.2],[-71.8,43.8],[-70,46],[-68,48]]},"properties":{"id":"hur-al091971","event_type":"hurricane","name":"DORIA","year":1971,"max_wind_kt":55,"min_pressure_mb":989,"category":0,"preliminary":false,"start_date":"19710820","end_date":"19710829","track":[{"date":"19710820","time":"1200","status":"TD","lat":11.5,"lon":-47,"wind_kt":25,"pressure_mb":null},{"date":"19710820","time":"1800","status":"TD","lat":11.6,"lon":-48,"wind_kt":30,"pressure_mb":null},{"date":"19710821","time":"0000","status":"TD","lat":11.7,"lon":-49,"wind_kt":30,"pressure_mb":null},{"date":"19710821","time":"0600","status":"TD","lat":11.8,"lon":-50,"wind_kt":30,"pressure_mb":null},{"date":"19710821","time":"1200","status":"TD","lat":12,"lon":-51,"wind_kt":30,"pressure_mb":null},{"date":"19710821","time":"1800","status":"TD","lat":12.2,"lon":-52.2,"wind_kt":30,"pressure_mb":null},{"date":"19710822","time":"0000","status":"TD","lat":12.8,"lon":-53.4,"wind_kt":30,"pressure_mb":null},{"date":"19710822","time":"0600","status":"TD","lat":13.2,"lon":-54.8,"wind_kt":30,"pressure_mb":null},{"date":"19710822","time":"1200","status":"TD","lat":14,"lon":-56,"wind_kt":25,"pressure_mb":null},{"date":"19710822","time":"1800","status":"TD","lat":14.8,"lon":-57.5,"wind_kt":25,"pressure_mb":null},{"date":"19710823","time":"0000","status":"TD","lat":15.7,"lon":-59,"wind_kt":25,"pressure_mb":null},{"date":"19710823","time":"0600","status":"TD","lat":16.5,"lon":-60.8,"wind_kt":25,"pressure_mb":null},{"date":"19710823","time":"1200","status":"TD","lat":17.3,"lon":-62.4,"wind_kt":25,"pressure_mb":null},{"date":"19710823","time":"1800","status":"TD","lat":18,"lon":-64,"wind_kt":25,"pressure_mb":null},{"date":"19710824","time":"0000","status":"TD","lat":18.6,"lon":-65.4,"wind_kt":25,"pressure_mb":null},{"date":"19710824","time":"0600","status":"TD","lat":19.2,"lon":-66.9,"wind_kt":25,"pressure_mb":null},{"date":"19710824","time":"1200","status":"TD","lat":19.8,"lon":-68.3,"wind_kt":30,"pressure_mb":null},{"date":"19710824","time":"1800","status":"TD","lat":20.4,"lon":-69.8,"wind_kt":30,"pressure_mb":null},{"date":"19710825","time":"0000","status":"TD","lat":21,"lon":-71,"wind_kt":30,"pressure_mb":null},{"date":"19710825","time":"0600","status":"TD","lat":21.8,"lon":-72.2,"wind_kt":30,"pressure_mb":null},{"date":"19710825","time":"1200","status":"TD","lat":22.5,"lon":-73.2,"wind_kt":30,"pressure_mb":null},{"date":"19710825","time":"1800","status":"TD","lat":23.2,"lon":-74.2,"wind_kt":30,"pressure_mb":null},{"date":"19710826","time":"0000","status":"TD","lat":24.2,"lon":-75.1,"wind_kt":25,"pressure_mb":null},{"date":"19710826","time":"0600","status":"TD","lat":25.4,"lon":-75.6,"wind_kt":25,"pressure_mb":null},{"date":"19710826","time":"1200","status":"TD","lat":26.8,"lon":-76.4,"wind_kt":30,"pressure_mb":null},{"date":"19710826","time":"1800","status":"TD","lat":28.2,"lon":-77,"wind_kt":30,"pressure_mb":1008},{"date":"19710827","time":"0000","status":"TS","lat":29.2,"lon":-77.2,"wind_kt":40,"pressure_mb":1006},{"date":"19710827","time":"0600","status":"TS","lat":31,"lon":-77.2,"wind_kt":45,"pressure_mb":999},{"date":"19710827","time":"1200","status":"TS","lat":32.8,"lon":-77.2,"wind_kt":50,"pressure_mb":998},{"date":"19710827","time":"1800","status":"TS","lat":34.8,"lon":-76.8,"wind_kt":55,"pressure_mb":989},{"date":"19710828","time":"0000","status":"TS","lat":36.5,"lon":-76.5,"wind_kt":55,"pressure_mb":null},{"date":"19710828","time":"0600","status":"TS","lat":38.5,"lon":-75.3,"wind_kt":50,"pressure_mb":993},{"date":"19710828","time":"1200","status":"TS","lat":41.2,"lon":-73.7,"wind_kt":45,"pressure_mb":997},{"date":"19710828","time":"1800","status":"TS","lat":43.8,"lon":-71.8,"wind_kt":45,"pressure_mb":null},{"date":"19710829","time":"0000","status":"EX","lat":46,"lon":-70,"wind_kt":35,"pressure_mb":null},{"date":"19710829","time":"0600","status":"EX","lat":48,"lon":-68,"wind_kt":35,"pressure_mb":null}]}},{"type":"Feature","geometry":{"type":"LineString","coordinates":[[-73,24],[-74.1,24.2],[-75.2,24.5],[-76.4,24.8],[-77.5,25],[-78.6,25.2],[-79.7,25.5],[-80.9,25.8],[-82,26],[-83.5,26.2],[-85,26.5],[-86.5,26.8],[-88,27],[-88.7,27.7],[-89.5,28.5],[-90.2,29.2],[-91,30]]},"properties":{"id":"hur-al101971","event_type":"hurricane","name":null,"year":1971,"max_wind_kt":25,"min_pressure_mb":null,"category":-1,"preliminary":false,"start_date":"19710828","end_date":"19710901","track":[{"date":"19710828","time":"1200","status":"TD","lat":24,"lon":-73,"wind_kt":20,"pressure_mb":null},{"date":"19710828","time":"1800","status":"TD","lat":24.2,"lon":-74.1,"wind_kt":25,"pressure_mb":null},{"date":"19710829","time":"0000","status":"TD","lat":24.5,"lon":-75.2,"wind_kt":25,"pressure_mb":null},{"date":"19710829","time":"0600","status":"TD","lat":24.8,"lon":-76.4,"wind_kt":25,"pressure_mb":null},{"date":"19710829","time":"1200","status":"TD","lat":25,"lon":-77.5,"wind_kt":25,"pressure_mb":null},{"date":"19710829","time":"1800","status":"TD","lat":25.2,"lon":-78.6,"wind_kt":25,"pressure_mb":null},{"date":"19710830","time":"0000","status":"TD","lat":25.5,"lon":-79.7,"wind_kt":25,"pressure_mb":null},{"date":"19710830","time":"0600","status":"TD","lat":25.8,"lon":-80.9,"wind_kt":25,"pressure_mb":null},{"date":"19710830","time":"1200","status":"TD","lat":26,"lon":-82,"wind_kt":20,"pressure_mb":null},{"date":"19710830","time":"1800","status":"TD","lat":26.2,"lon":-83.5,"wind_kt":20,"pressure_mb":null},{"date":"19710831","time":"0000","status":"TD","lat":26.5,"lon":-85,"wind_kt":25,"pressure_mb":null},{"date":"19710831","time":"0600","status":"TD","lat":26.8,"lon":-86.5,"wind_kt":25,"pressure_mb":null},{"date":"19710831","time":"1200","status":"TD","lat":27,"lon":-88,"wind_kt":25,"pressure_mb":null},{"date":"19710831","time":"1800","status":"TD","lat":27.7,"lon":-88.7,"wind_kt":25,"pressure_mb":null},{"date":"19710901","time":"0000","status":"TD","lat":28.5,"lon":-89.5,"wind_kt":25,"pressure_mb":null},{"date":"19710901","time":"0600","status":"TD","lat":29.2,"lon":-90.2,"wind_kt":25,"pressure_mb":null},{"date":"19710901","time":"1200","status":"TD","lat":30,"lon":-91,"wind_kt":null,"pressure_mb":null}]}},{"type":"Feature","geometry":{"type":"LineString","coordinates":[[-87.5,27.5],[-87.7,27.7],[-88,28],[-88.6,28.2],[-89,28.6],[-89.3,29],[-89.5,29.5],[-89.6,30.1],[-89.8,30.7],[-89.9,30.6],[-90,30.3],[-90.3,29.9],[-90.5,29.5],[-91,29],[-91.3,28.6],[-91.6,28.1],[-92,27.7],[-92.3,27.3],[-92.6,26.9],[-92.8,26.6],[-93.1,26.4],[-93.4,26.3],[-93.7,26.4],[-94,26.7],[-94.3,27.1],[-94.5,27.5],[-94.8,28],[-95.3,28.5],[-96,28.5],[-96.5,28.3],[-96.9,28],[-97.3,27.7],[-97.6,27.5],[-98,27.3],[-98.4,27.1],[-98.8,27.1],[-99.2,27],[-99.7,26.9],[-100.3,26.9]]},"properties":{"id":"hur-al111971","event_type":"hurricane","name":"FERN","year":1971,"max_wind_kt":80,"min_pressure_mb":978,"category":1,"preliminary":false,"start_date":"19710903","end_date":"19710913","track":[{"date":"19710903","time":"1200","status":"TD","lat":27.5,"lon":-87.5,"wind_kt":25,"pressure_mb":null},{"date":"19710903","time":"1800","status":"TD","lat":27.7,"lon":-87.7,"wind_kt":25,"pressure_mb":null},{"date":"19710904","time":"0000","status":"TD","lat":28,"lon":-88,"wind_kt":25,"pressure_mb":null},{"date":"19710904","time":"0600","status":"TD","lat":28.2,"lon":-88.6,"wind_kt":25,"pressure_mb":null},{"date":"19710904","time":"1200","status":"TD","lat":28.6,"lon":-89,"wind_kt":25,"pressure_mb":null},{"date":"19710904","time":"1800","status":"TD","lat":29,"lon":-89.3,"wind_kt":25,"pressure_mb":null},{"date":"19710905","time":"0000","status":"TD","lat":29.5,"lon":-89.5,"wind_kt":25,"pressure_mb":null},{"date":"19710905","time":"0600","status":"TD","lat":30.1,"lon":-89.6,"wind_kt":25,"pressure_mb":null},{"date":"19710905","time":"1200","status":"TD","lat":30.7,"lon":-89.8,"wind_kt":25,"pressure_mb":null},{"date":"19710905","time":"1800","status":"TD","lat":30.6,"lon":-89.9,"wind_kt":25,"pressure_mb":null},{"date":"19710906","time":"0000","status":"TD","lat":30.3,"lon":-90,"wind_kt":25,"pressure_mb":null},{"date":"19710906","time":"0600","status":"TD","lat":29.9,"lon":-90.3,"wind_kt":25,"pressure_mb":null},{"date":"19710906","time":"1200","status":"TD","lat":29.5,"lon":-90.5,"wind_kt":25,"pressure_mb":null},{"date":"19710906","time":"1800","status":"TD","lat":29,"lon":-91,"wind_kt":25,"pressure_mb":null},{"date":"19710907","time":"0000","status":"TD","lat":28.6,"lon":-91.3,"wind_kt":25,"pressure_mb":null},{"date":"19710907","time":"0600","status":"TD","lat":28.1,"lon":-91.6,"wind_kt":25,"pressure_mb":null},{"date":"19710907","time":"1200","status":"TD","lat":27.7,"lon":-92,"wind_kt":30,"pressure_mb":null},{"date":"19710907","time":"1800","status":"TD","lat":27.3,"lon":-92.3,"wind_kt":30,"pressure_mb":null},{"date":"19710908","time":"0000","status":"TS","lat":26.9,"lon":-92.6,"wind_kt":40,"pressure_mb":1000},{"date":"19710908","time":"0600","status":"TS","lat":26.6,"lon":-92.8,"wind_kt":45,"pressure_mb":1000},{"date":"19710908","time":"1200","status":"TS","lat":26.4,"lon":-93.1,"wind_kt":50,"pressure_mb":1000},{"date":"19710908","time":"1800","status":"TS","lat":26.3,"lon":-93.4,"wind_kt":55,"pressure_mb":995},{"date":"19710909","time":"0000","status":"HU","lat":26.4,"lon":-93.7,"wind_kt":65,"pressure_mb":987},{"date":"19710909","time":"0600","status":"HU","lat":26.7,"lon":-94,"wind_kt":80,"pressure_mb":993},{"date":"19710909","time":"1200","status":"HU","lat":27.1,"lon":-94.3,"wind_kt":80,"pressure_mb":992},{"date":"19710909","time":"1800","status":"HU","lat":27.5,"lon":-94.5,"wind_kt":75,"pressure_mb":992},{"date":"19710910","time":"0000","status":"HU","lat":28,"lon":-94.8,"wind_kt":70,"pressure_mb":988},{"date":"19710910","time":"0600","status":"HU","lat":28.5,"lon":-95.3,"wind_kt":65,"pressure_mb":988},{"date":"19710910","time":"1200","status":"TS","lat":28.5,"lon":-96,"wind_kt":60,"pressure_mb":979},{"date":"19710910","time":"1800","status":"TS","lat":28.3,"lon":-96.5,"wind_kt":60,"pressure_mb":979},{"date":"19710911","time":"0000","status":"TS","lat":28,"lon":-96.9,"wind_kt":55,"pressure_mb":988},{"date":"19710911","time":"0600","status":"TS","lat":27.7,"lon":-97.3,"wind_kt":55,"pressure_mb":983},{"date":"19710911","time":"1200","status":"TS","lat":27.5,"lon":-97.6,"wind_kt":45,"pressure_mb":978},{"date":"19710911","time":"1800","status":"TS","lat":27.3,"lon":-98,"wind_kt":40,"pressure_mb":null},{"date":"19710912","time":"0000","status":"TS","lat":27.1,"lon":-98.4,"wind_kt":35,"pressure_mb":null},{"date":"19710912","time":"0600","status":"TS","lat":27.1,"lon":-98.8,"wind_kt":35,"pressure_mb":null},{"date":"19710912","time":"1200","status":"TS","lat":27,"lon":-99.2,"wind_kt":35,"pressure_mb":null},{"date":"19710912","time":"1800","status":"TD","lat":26.9,"lon":-99.7,"wind_kt":30,"pressure_mb":null},{"date":"19710913","time":"0000","status":"TD","lat":26.9,"lon":-100.3,"wind_kt":25,"pressure_mb":null}]}},{"type":"Feature","geometry":{"type":"LineString","coordinates":[[-17.5,13.5],[-18.5,13.5],[-19.5,13.5],[-20,13.5],[-21,13.5],[-21.6,13.6],[-22.3,13.7],[-24.1,13.8],[-25.5,14],[-26.9,14.4],[-28.3,14.8],[-29.6,15.1],[-31,15.5],[-32.2,15.8],[-33.5,16.2],[-33.5,16.6],[-36,17],[-37.2,17],[-38.5,17],[-39.7,17],[-41,17],[-42.5,17]]},"properties":{"id":"hur-al121971","event_type":"hurricane","name":null,"year":1971,"max_wind_kt":30,"min_pressure_mb":null,"category":-1,"preliminary":false,"start_date":"19710903","end_date":"19710908","track":[{"date":"19710903","time":"1200","status":"TD","lat":13.5,"lon":-17.5,"wind_kt":20,"pressure_mb":null},{"date":"19710903","time":"1800","status":"TD","lat":13.5,"lon":-18.5,"wind_kt":20,"pressure_mb":null},{"date":"19710904","time":"0000","status":"TD","lat":13.5,"lon":-19.5,"wind_kt":25,"pressure_mb":null},{"date":"19710904","time":"0600","status":"TD","lat":13.5,"lon":-20,"wind_kt":25,"pressure_mb":null},{"date":"19710904","time":"1200","status":"TD","lat":13.5,"lon":-21,"wind_kt":30,"pressure_mb":null},{"date":"19710904","time":"1800","status":"TD","lat":13.6,"lon":-21.6,"wind_kt":30,"pressure_mb":null},{"date":"19710905","time":"0000","status":"TD","lat":13.7,"lon":-22.3,"wind_kt":30,"pressure_mb":null},{"date":"19710905","time":"0600","status":"TD","lat":13.8,"lon":-24.1,"wind_kt":30,"pressure_mb":null},{"date":"19710905","time":"1200","status":"TD","lat":14,"lon":-25.5,"wind_kt":30,"pressure_mb":null},{"date":"19710905","time":"1800","status":"TD","lat":14.4,"lon":-26.9,"wind_kt":30,"pressure_mb":null},{"date":"19710906","time":"0000","status":"TD","lat":14.8,"lon":-28.3,"wind_kt":30,"pressure_mb":null},{"date":"19710906","time":"0600","status":"TD","lat":15.1,"lon":-29.6,"wind_kt":30,"pressure_mb":null},{"date":"19710906","time":"1200","status":"TD","lat":15.5,"lon":-31,"wind_kt":25,"pressure_mb":null},{"date":"19710906","time":"1800","status":"TD","lat":15.8,"lon":-32.2,"wind_kt":25,"pressure_mb":null},{"date":"19710907","time":"0000","status":"TD","lat":16.2,"lon":-33.5,"wind_kt":25,"pressure_mb":null},{"date":"19710907","time":"0600","status":"TD","lat":16.6,"lon":-33.5,"wind_kt":25,"pressure_mb":null},{"date":"19710907","time":"1200","status":"TD","lat":17,"lon":-36,"wind_kt":25,"pressure_mb":null},{"date":"19710907","time":"1800","status":"TD","lat":17,"lon":-37.2,"wind_kt":25,"pressure_mb":null},{"date":"19710908","time":"0000","status":"TD","lat":17,"lon":-38.5,"wind_kt":20,"pressure_mb":null},{"date":"19710908","time":"0600","status":"TD","lat":17,"lon":-39.7,"wind_kt":20,"pressure_mb":null},{"date":"19710908","time":"1200","status":"TD","lat":17,"lon":-41,"wind_kt":20,"pressure_mb":null},{"date":"19710908","time":"1800","status":"TD","lat":17,"lon":-42.5,"wind_kt":20,"pressure_mb":null}]}},{"type":"Feature","geometry":{"type":"LineString","coordinates":[[-58,11.4],[-59.4,11.6],[-61.1,11.8],[-62.8,12],[-64.4,12.2],[-66,12.3],[-67.7,12.5],[-69.1,12.7],[-70.9,12.9],[-72.3,13],[-73.8,13.2],[-75.3,13.6],[-77.2,13.8],[-78.8,14],[-80.5,14.2],[-81.9,14.4],[-83.2,14.8],[-84.1,15.2],[-84.9,15.5],[-85.8,15.9],[-86.9,16.5],[-87.8,17.3],[-88.4,18.1],[-89.2,18.6],[-89.9,19.3],[-90.5,19.8],[-91.4,20.7],[-92.2,21.5],[-92.9,21.9],[-93.3,22.1],[-94.2,22.3],[-95.1,22.9],[-96.1,23.1],[-96.9,23.3],[-97.6,23.4],[-97.8,23.7],[-97.8,23.9],[-97.6,24.2],[-97.2,24.7],[-96.8,25.3],[-96.2,26.2],[-95.4,27.3],[-94.6,28.4],[-93.1,29.5],[-91.6,30.5],[-89.9,31.8],[-89,32.3],[-87.8,32.9],[-87,33.3],[-85.8,33.7],[-84.7,34]]},"properties":{"id":"hur-al131971","event_type":"hurricane","name":"EDITH","year":1971,"max_wind_kt":140,"min_pressure_mb":943,"category":5,"preliminary":false,"start_date":"19710905","end_date":"19710918","track":[{"date":"19710905","time":"1800","status":"TD","lat":11.4,"lon":-58,"wind_kt":25,"pressure_mb":1010},{"date":"19710906","time":"0000","status":"TD","lat":11.6,"lon":-59.4,"wind_kt":30,"pressure_mb":null},{"date":"19710906","time":"0600","status":"TD","lat":11.8,"lon":-61.1,"wind_kt":30,"pressure_mb":null},{"date":"19710906","time":"1200","status":"TD","lat":12,"lon":-62.8,"wind_kt":30,"pressure_mb":null},{"date":"19710906","time":"1800","status":"TD","lat":12.2,"lon":-64.4,"wind_kt":25,"pressure_mb":null},{"date":"19710907","time":"0000","status":"TD","lat":12.3,"lon":-66,"wind_kt":25,"pressure_mb":null},{"date":"19710907","time":"0600","status":"TD","lat":12.5,"lon":-67.7,"wind_kt":25,"pressure_mb":null},{"date":"19710907","time":"1200","status":"TS","lat":12.7,"lon":-69.1,"wind_kt":35,"pressure_mb":1006},{"date":"19710907","time":"1800","status":"TS","lat":12.9,"lon":-70.9,"wind_kt":45,"pressure_mb":995},{"date":"19710908","time":"0000","status":"TS","lat":13,"lon":-72.3,"wind_kt":60,"pressure_mb":null},{"date":"19710908","time":"0600","status":"HU","lat":13.2,"lon":-73.8,"wind_kt":65,"pressure_mb":993},{"date":"19710908","time":"1200","status":"HU","lat":13.6,"lon":-75.3,"wind_kt":65,"pressure_mb":null},{"date":"19710908","time":"1800","status":"HU","lat":13.8,"lon":-77.2,"wind_kt":75,"pressure_mb":982},{"date":"19710909","time":"0000","status":"HU","lat":14,"lon":-78.8,"wind_kt":90,"pressure_mb":null},{"date":"19710909","time":"0600","status":"HU","lat":14.2,"lon":-80.5,"wind_kt":105,"pressure_mb":null},{"date":"19710909","time":"1200","status":"HU","lat":14.4,"lon":-81.9,"wind_kt":120,"pressure_mb":960},{"date":"19710909","time":"1800","status":"HU","lat":14.8,"lon":-83.2,"wind_kt":140,"pressure_mb":943},{"date":"19710910","time":"0000","status":"HU","lat":15.2,"lon":-84.1,"wind_kt":100,"pressure_mb":null},{"date":"19710910","time":"0600","status":"HU","lat":15.5,"lon":-84.9,"wind_kt":80,"pressure_mb":null},{"date":"19710910","time":"1200","status":"HU","lat":15.9,"lon":-85.8,"wind_kt":70,"pressure_mb":null},{"date":"19710910","time":"1800","status":"HU","lat":16.5,"lon":-86.9,"wind_kt":65,"pressure_mb":null},{"date":"19710911","time":"0000","status":"TS","lat":17.3,"lon":-87.8,"wind_kt":60,"pressure_mb":null},{"date":"19710911","time":"0600","status":"TS","lat":18.1,"lon":-88.4,"wind_kt":60,"pressure_mb":null},{"date":"19710911","time":"1200","status":"TS","lat":18.6,"lon":-89.2,"wind_kt":45,"pressure_mb":null},{"date":"19710911","time":"1800","status":"TS","lat":19.3,"lon":-89.9,"wind_kt":35,"pressure_mb":null},{"date":"19710912","time":"0000","status":"TS","lat":19.8,"lon":-90.5,"wind_kt":35,"pressure_mb":1000},{"date":"19710912","time":"0600","status":"TS","lat":20.7,"lon":-91.4,"wind_kt":35,"pressure_mb":1001},{"date":"19710912","time":"1200","status":"TS","lat":21.5,"lon":-92.2,"wind_kt":35,"pressure_mb":1000},{"date":"19710912","time":"1800","status":"TS","lat":21.9,"lon":-92.9,"wind_kt":35,"pressure_mb":1000},{"date":"19710913","time":"0000","status":"TS","lat":22.1,"lon":-93.3,"wind_kt":35,"pressure_mb":null},{"date":"19710913","time":"0600","status":"TS","lat":22.3,"lon":-94.2,"wind_kt":45,"pressure_mb":998},{"date":"19710913","time":"1200","status":"TS","lat":22.9,"lon":-95.1,"wind_kt":40,"pressure_mb":null},{"date":"19710913","time":"1800","status":"TS","lat":23.1,"lon":-96.1,"wind_kt":40,"pressure_mb":null},{"date":"19710914","time":"0000","status":"TS","lat":23.3,"lon":-96.9,"wind_kt":45,"pressure_mb":null},{"date":"19710914","time":"0600","status":"TS","lat":23.4,"lon":-97.6,"wind_kt":45,"pressure_mb":null},{"date":"19710914","time":"1200","status":"TS","lat":23.7,"lon":-97.8,"wind_kt":45,"pressure_mb":null},{"date":"19710914","time":"1800","status":"TS","lat":23.9,"lon":-97.8,"wind_kt":45,"pressure_mb":992},{"date":"19710915","time":"0000","status":"TS","lat":24.2,"lon":-97.6,"wind_kt":45,"pressure_mb":989},{"date":"19710915","time":"0600","status":"TS","lat":24.7,"lon":-97.2,"wind_kt":45,"pressure_mb":null},{"date":"19710915","time":"1200","status":"TS","lat":25.3,"lon":-96.8,"wind_kt":50,"pressure_mb":984},{"date":"19710915","time":"1800","status":"HU","lat":26.2,"lon":-96.2,"wind_kt":65,"pressure_mb":982},{"date":"19710916","time":"0000","status":"HU","lat":27.3,"lon":-95.4,"wind_kt":70,"pressure_mb":979},{"date":"19710916","time":"0600","status":"HU","lat":28.4,"lon":-94.6,"wind_kt":80,"pressure_mb":977},{"date":"19710916","time":"1200","status":"HU","lat":29.5,"lon":-93.1,"wind_kt":85,"pressure_mb":978},{"date":"19710916","time":"1800","status":"TS","lat":30.5,"lon":-91.6,"wind_kt":60,"pressure_mb":null},{"date":"19710917","time":"0000","status":"TS","lat":31.8,"lon":-89.9,"wind_kt":40,"pressure_mb":null},{"date":"19710917","time":"0600","status":"TD","lat":32.3,"lon":-89,"wind_kt":30,"pressure_mb":null},{"date":"19710917","time":"1200","status":"TD","lat":32.9,"lon":-87.8,"wind_kt":25,"pressure_mb":null},{"date":"19710917","time":"1800","status":"TD","lat":33.3,"lon":-87,"wind_kt":25,"pressure_mb":null},{"date":"19710918","time":"0000","status":"TD","lat":33.7,"lon":-85.8,"wind_kt":25,"pressure_mb":null},{"date":"19710918","time":"0600","status":"TD","lat":34,"lon":-84.7,"wind_kt":25,"pressure_mb":null}]}},{"type":"Feature","geometry":{"type":"LineString","coordinates":[[-71.5,25.5],[-71.2,25.2],[-71,25],[-70.8,24.8],[-70.5,24.6],[-70.3,24.4],[-69.9,24.3],[-69.3,24.7],[-68.8,25.2],[-68.5,25.5],[-68.2,25.9],[-68,26.3],[-67.9,26.6],[-67.7,26.8],[-67.6,27],[-67.4,27.3],[-67,27.6],[-66.6,27.7],[-66.1,27.7],[-65.5,27.7],[-65,27.7],[-64.2,27.8],[-63.3,27.9],[-62.4,28.3],[-61.6,28.9],[-60.7,29.6],[-59.9,30.3],[-59,31.1],[-58.2,31.7],[-57.2,32.3],[-56.1,32.7],[-54.9,33],[-53.3,33.3],[-52.7,33.6],[-50.1,33.7],[-48.3,33.3],[-48.4,33],[-48.7,32.9],[-49.1,32.8],[-49.4,32.7],[-49.6,32.7],[-49.8,32.7],[-50.1,32.7],[-50.5,32.7],[-51,32.7],[-51.5,32.7],[-51.9,32.7],[-52.2,32.6],[-52.4,32.5],[-52.6,32.3],[-52.8,32.1],[-52.8,31.8],[-52.6,31.4],[-52.2,31],[-51.7,31],[-51.6,31.2],[-51.7,31.4],[-51.8,31.6],[-52,31.7],[-52.4,31.8],[-53,31.7],[-53.5,31.6],[-54.2,31.5],[-55.2,31.4],[-56.5,31.3],[-57.8,31.3],[-59.2,31.2],[-60.3,31.1],[-61.5,31],[-62.8,30.9],[-64,30.8],[-65.1,30.5],[-66.2,30.1],[-67.1,30],[-67.5,30],[-67.8,29.9],[-68.2,29.8],[-68.4,29.6],[-68.5,29.4],[-68.6,29.2],[-68.8,28.8],[-69,28.4],[-69.3,28.2],[-69.7,28],[-70.2,27.9],[-70.4,28],[-70.6,28.2],[-70.9,28.4],[-71,28.7],[-71.1,29.1],[-71.3,29.5],[-71.7,30],[-72.2,30.5],[-72.8,31],[-73.5,31.6],[-74.4,32.3],[-75,32.9],[-75.5,33.5],[-76,34],[-76.5,34.5],[-77,34.7],[-77.5,34.8],[-78,34.9],[-78.2,35.2],[-78.3,35.6],[-78.2,36.2],[-78.1,36.8],[-77.7,37.2],[-76.8,37.3],[-75.9,37.2],[-75,37],[-74.1,36.7],[-73.3,36.4],[-72.7,36.1],[-72,35.9],[-71.3,35.8],[-70.6,35.7],[-69.9,35.7]]},"properties":{"id":"hur-al141971","event_type":"hurricane","name":"GINGER","year":1971,"max_wind_kt":95,"min_pressure_mb":959,"category":2,"preliminary":false,"start_date":"19710906","end_date":"19711005","track":[{"date":"19710906","time":"0000","status":"TD","lat":25.5,"lon":-71.5,"wind_kt":25,"pressure_mb":null},{"date":"19710906","time":"0600","status":"TD","lat":25.2,"lon":-71.2,"wind_kt":25,"pressure_mb":null},{"date":"19710906","time":"1200","status":"TD","lat":25,"lon":-71,"wind_kt":25,"pressure_mb":null},{"date":"19710906","time":"1800","status":"TD","lat":24.8,"lon":-70.8,"wind_kt":25,"pressure_mb":null},{"date":"19710907","time":"0000","status":"TD","lat":24.6,"lon":-70.5,"wind_kt":25,"pressure_mb":null},{"date":"19710907","time":"0600","status":"TD","lat":24.4,"lon":-70.3,"wind_kt":25,"pressure_mb":null},{"date":"19710907","time":"1200","status":"TD","lat":24.3,"lon":-69.9,"wind_kt":25,"pressure_mb":null},{"date":"19710907","time":"1800","status":"TD","lat":24.7,"lon":-69.3,"wind_kt":25,"pressure_mb":null},{"date":"19710908","time":"0000","status":"TD","lat":25.2,"lon":-68.8,"wind_kt":25,"pressure_mb":null},{"date":"19710908","time":"0600","status":"TD","lat":25.5,"lon":-68.5,"wind_kt":25,"pressure_mb":null},{"date":"19710908","time":"1200","status":"TD","lat":25.9,"lon":-68.2,"wind_kt":25,"pressure_mb":null},{"date":"19710908","time":"1800","status":"TD","lat":26.3,"lon":-68,"wind_kt":25,"pressure_mb":null},{"date":"19710909","time":"0000","status":"TD","lat":26.6,"lon":-67.9,"wind_kt":25,"pressure_mb":null},{"date":"19710909","time":"0600","status":"TD","lat":26.8,"lon":-67.7,"wind_kt":25,"pressure_mb":null},{"date":"19710909","time":"1200","status":"TD","lat":27,"lon":-67.6,"wind_kt":25,"pressure_mb":1008},{"date":"19710909","time":"1800","status":"TD","lat":27.3,"lon":-67.4,"wind_kt":30,"pressure_mb":null},{"date":"19710910","time":"0000","status":"TD","lat":27.6,"lon":-67,"wind_kt":30,"pressure_mb":null},{"date":"19710910","time":"0600","status":"TD","lat":27.7,"lon":-66.6,"wind_kt":30,"pressure_mb":null},{"date":"19710910","time":"1200","status":"TS","lat":27.7,"lon":-66.1,"wind_kt":40,"pressure_mb":1003},{"date":"19710910","time":"1800","status":"TS","lat":27.7,"lon":-65.5,"wind_kt":45,"pressure_mb":null},{"date":"19710911","time":"0000","status":"TS","lat":27.7,"lon":-65,"wind_kt":50,"pressure_mb":null},{"date":"19710911","time":"0600","status":"TS","lat":27.8,"lon":-64.2,"wind_kt":55,"pressure_mb":null},{"date":"19710911","time":"1200","status":"HU","lat":27.9,"lon":-63.3,"wind_kt":65,"pressure_mb":991},{"date":"19710911","time":"1800","status":"HU","lat":28.3,"lon":-62.4,"wind_kt":65,"pressure_mb":null},{"date":"19710912","time":"0000","status":"HU","lat":28.9,"lon":-61.6,"wind_kt":70,"pressure_mb":null},{"date":"19710912","time":"0600","status":"HU","lat":29.6,"lon":-60.7,"wind_kt":75,"pressure_mb":null},{"date":"19710912","time":"1200","status":"HU","lat":30.3,"lon":-59.9,"wind_kt":75,"pressure_mb":985},{"date":"19710912","time":"1800","status":"HU","lat":31.1,"lon":-59,"wind_kt":80,"pressure_mb":null},{"date":"19710913","time":"0000","status":"HU","lat":31.7,"lon":-58.2,"wind_kt":80,"pressure_mb":null},{"date":"19710913","time":"0600","status":"HU","lat":32.3,"lon":-57.2,"wind_kt":85,"pressure_mb":null},{"date":"19710913","time":"1200","status":"HU","lat":32.7,"lon":-56.1,"wind_kt":85,"pressure_mb":null},{"date":"19710913","time":"1800","status":"HU","lat":33,"lon":-54.9,"wind_kt":90,"pressure_mb":959},{"date":"19710914","time":"0000","status":"HU","lat":33.3,"lon":-53.3,"wind_kt":95,"pressure_mb":null},{"date":"19710914","time":"0600","status":"HU","lat":33.6,"lon":-52.7,"wind_kt":90,"pressure_mb":null},{"date":"19710914","time":"1200","status":"HU","lat":33.7,"lon":-50.1,"wind_kt":85,"pressure_mb":null},{"date":"19710914","time":"1800","status":"HU","lat":33.3,"lon":-48.3,"wind_kt":80,"pressure_mb":964},{"date":"19710915","time":"0000","status":"HU","lat":33,"lon":-48.4,"wind_kt":75,"pressure_mb":null},{"date":"19710915","time":"0600","status":"HU","lat":32.9,"lon":-48.7,"wind_kt":75,"pressure_mb":null},{"date":"19710915","time":"1200","status":"HU","lat":32.8,"lon":-49.1,"wind_kt":70,"pressure_mb":981},{"date":"19710915","time":"1800","status":"HU","lat":32.7,"lon":-49.4,"wind_kt":70,"pressure_mb":null},{"date":"19710916","time":"0000","status":"HU","lat":32.7,"lon":-49.6,"wind_kt":70,"pressure_mb":null},{"date":"19710916","time":"0600","status":"HU","lat":32.7,"lon":-49.8,"wind_kt":70,"pressure_mb":null},{"date":"19710916","time":"1200","status":"HU","lat":32.7,"lon":-50.1,"wind_kt":65,"pressure_mb":987},{"date":"19710916","time":"1800","status":"HU","lat":32.7,"lon":-50.5,"wind_kt":65,"pressure_mb":null},{"date":"19710917","time":"0000","status":"HU","lat":32.7,"lon":-51,"wind_kt":65,"pressure_mb":987},{"date":"19710917","time":"0600","status":"HU","lat":32.7,"lon":-51.5,"wind_kt":65,"pressure_mb":null},{"date":"19710917","time":"1200","status":"HU","lat":32.7,"lon":-51.9,"wind_kt":65,"pressure_mb":992},{"date":"19710917","time":"1800","status":"HU","lat":32.6,"lon":-52.2,"wind_kt":65,"pressure_mb":null},{"date":"19710918","time":"0000","status":"HU","lat":32.5,"lon":-52.4,"wind_kt":65,"pressure_mb":null},{"date":"19710918","time":"0600","status":"HU","lat":32.3,"lon":-52.6,"wind_kt":65,"pressure_mb":null},{"date":"19710918","time":"1200","status":"HU","lat":32.1,"lon":-52.8,"wind_kt":65,"pressure_mb":null},{"date":"19710918","time":"1800","status":"HU","lat":31.8,"lon":-52.8,"wind_kt":65,"pressure_mb":null},{"date":"19710919","time":"0000","status":"HU","lat":31.4,"lon":-52.6,"wind_kt":65,"pressure_mb":null},{"date":"19710919","time":"0600","status":"HU","lat":31,"lon":-52.2,"wind_kt":65,"pressure_mb":null},{"date":"19710919","time":"1200","status":"HU","lat":31,"lon":-51.7,"wind_kt":65,"pressure_mb":987},{"date":"19710919","time":"1800","status":"HU","lat":31.2,"lon":-51.6,"wind_kt":65,"pressure_mb":null},{"date":"19710920","time":"0000","status":"HU","lat":31.4,"lon":-51.7,"wind_kt":65,"pressure_mb":null},{"date":"19710920","time":"0600","status":"HU","lat":31.6,"lon":-51.8,"wind_kt":65,"pressure_mb":null},{"date":"19710920","time":"1200","status":"HU","lat":31.7,"lon":-52,"wind_kt":65,"pressure_mb":null},{"date":"19710920","time":"1800","status":"HU","lat":31.8,"lon":-52.4,"wind_kt":65,"pressure_mb":null},{"date":"19710921","time":"0000","status":"HU","lat":31.7,"lon":-53,"wind_kt":65,"pressure_mb":null},{"date":"19710921","time":"0600","status":"HU","lat":31.6,"lon":-53.5,"wind_kt":65,"pressure_mb":null},{"date":"19710921","time":"1200","status":"HU","lat":31.5,"lon":-54.2,"wind_kt":65,"pressure_mb":993},{"date":"19710921","time":"1800","status":"HU","lat":31.4,"lon":-55.2,"wind_kt":65,"pressure_mb":null},{"date":"19710922","time":"0000","status":"HU","lat":31.3,"lon":-56.5,"wind_kt":65,"pressure_mb":994},{"date":"19710922","time":"0600","status":"HU","lat":31.3,"lon":-57.8,"wind_kt":65,"pressure_mb":995},{"date":"19710922","time":"1200","status":"HU","lat":31.2,"lon":-59.2,"wind_kt":65,"pressure_mb":995},{"date":"19710922","time":"1800","status":"HU","lat":31.1,"lon":-60.3,"wind_kt":80,"pressure_mb":994},{"date":"19710923","time":"0000","status":"HU","lat":31,"lon":-61.5,"wind_kt":80,"pressure_mb":993},{"date":"19710923","time":"0600","status":"HU","lat":30.9,"lon":-62.8,"wind_kt":80,"pressure_mb":993},{"date":"19710923","time":"1200","status":"HU","lat":30.8,"lon":-64,"wind_kt":75,"pressure_mb":994},{"date":"19710923","time":"1800","status":"HU","lat":30.5,"lon":-65.1,"wind_kt":75,"pressure_mb":992},{"date":"19710924","time":"0000","status":"HU","lat":30.1,"lon":-66.2,"wind_kt":75,"pressure_mb":988},{"date":"19710924","time":"0600","status":"HU","lat":30,"lon":-67.1,"wind_kt":75,"pressure_mb":986},{"date":"19710924","time":"1200","status":"HU","lat":30,"lon":-67.5,"wind_kt":70,"pressure_mb":993},{"date":"19710924","time":"1800","status":"HU","lat":29.9,"lon":-67.8,"wind_kt":70,"pressure_mb":988},{"date":"19710925","time":"0000","status":"HU","lat":29.8,"lon":-68.2,"wind_kt":70,"pressure_mb":980},{"date":"19710925","time":"0600","status":"HU","lat":29.6,"lon":-68.4,"wind_kt":70,"pressure_mb":981},{"date":"19710925","time":"1200","status":"HU","lat":29.4,"lon":-68.5,"wind_kt":75,"pressure_mb":984},{"date":"19710925","time":"1800","status":"HU","lat":29.2,"lon":-68.6,"wind_kt":75,"pressure_mb":980},{"date":"19710926","time":"0000","status":"HU","lat":28.8,"lon":-68.8,"wind_kt":75,"pressure_mb":976},{"date":"19710926","time":"0600","status":"HU","lat":28.4,"lon":-69,"wind_kt":70,"pressure_mb":976},{"date":"19710926","time":"1200","status":"HU","lat":28.2,"lon":-69.3,"wind_kt":65,"pressure_mb":982},{"date":"19710926","time":"1800","status":"HU","lat":28,"lon":-69.7,"wind_kt":70,"pressure_mb":983},{"date":"19710927","time":"0000","status":"HU","lat":27.9,"lon":-70.2,"wind_kt":70,"pressure_mb":980},{"date":"19710927","time":"0600","status":"HU","lat":28,"lon":-70.4,"wind_kt":75,"pressure_mb":978},{"date":"19710927","time":"1200","status":"HU","lat":28.2,"lon":-70.6,"wind_kt":80,"pressure_mb":975},{"date":"19710927","time":"1800","status":"HU","lat":28.4,"lon":-70.9,"wind_kt":80,"pressure_mb":969},{"date":"19710928","time":"0000","status":"HU","lat":28.7,"lon":-71,"wind_kt":80,"pressure_mb":969},{"date":"19710928","time":"0600","status":"HU","lat":29.1,"lon":-71.1,"wind_kt":80,"pressure_mb":976},{"date":"19710928","time":"1200","status":"HU","lat":29.5,"lon":-71.3,"wind_kt":80,"pressure_mb":981},{"date":"19710928","time":"1800","status":"HU","lat":30,"lon":-71.7,"wind_kt":85,"pressure_mb":980},{"date":"19710929","time":"0000","status":"HU","lat":30.5,"lon":-72.2,"wind_kt":85,"pressure_mb":985},{"date":"19710929","time":"0600","status":"HU","lat":31,"lon":-72.8,"wind_kt":90,"pressure_mb":982},{"date":"19710929","time":"1200","status":"HU","lat":31.6,"lon":-73.5,"wind_kt":90,"pressure_mb":983},{"date":"19710929","time":"1800","status":"HU","lat":32.3,"lon":-74.4,"wind_kt":90,"pressure_mb":985},{"date":"19710930","time":"0000","status":"HU","lat":32.9,"lon":-75,"wind_kt":85,"pressure_mb":988},{"date":"19710930","time":"0600","status":"HU","lat":33.5,"lon":-75.5,"wind_kt":80,"pressure_mb":985},{"date":"19710930","time":"1200","status":"HU","lat":34,"lon":-76,"wind_kt":75,"pressure_mb":985},{"date":"19710930","time":"1800","status":"HU","lat":34.5,"lon":-76.5,"wind_kt":65,"pressure_mb":984},{"date":"19711001","time":"0000","status":"TS","lat":34.7,"lon":-77,"wind_kt":60,"pressure_mb":991},{"date":"19711001","time":"0600","status":"TS","lat":34.8,"lon":-77.5,"wind_kt":55,"pressure_mb":997},{"date":"19711001","time":"1200","status":"TS","lat":34.9,"lon":-78,"wind_kt":45,"pressure_mb":1000},{"date":"19711001","time":"1800","status":"TD","lat":35.2,"lon":-78.2,"wind_kt":30,"pressure_mb":1004},{"date":"19711002","time":"0000","status":"TD","lat":35.6,"lon":-78.3,"wind_kt":30,"pressure_mb":null},{"date":"19711002","time":"0600","status":"TD","lat":36.2,"lon":-78.2,"wind_kt":30,"pressure_mb":null},{"date":"19711002","time":"1200","status":"TD","lat":36.8,"lon":-78.1,"wind_kt":30,"pressure_mb":null},{"date":"19711002","time":"1800","status":"TD","lat":37.2,"lon":-77.7,"wind_kt":30,"pressure_mb":null},{"date":"19711003","time":"0000","status":"TD","lat":37.3,"lon":-76.8,"wind_kt":30,"pressure_mb":null},{"date":"19711003","time":"0600","status":"EX","lat":37.2,"lon":-75.9,"wind_kt":30,"pressure_mb":1008},{"date":"19711003","time":"1200","status":"EX","lat":37,"lon":-75,"wind_kt":30,"pressure_mb":null},{"date":"19711003","time":"1800","status":"EX","lat":36.7,"lon":-74.1,"wind_kt":30,"pressure_mb":null},{"date":"19711004","time":"0000","status":"EX","lat":36.4,"lon":-73.3,"wind_kt":30,"pressure_mb":null},{"date":"19711004","time":"0600","status":"EX","lat":36.1,"lon":-72.7,"wind_kt":30,"pressure_mb":null},{"date":"19711004","time":"1200","status":"EX","lat":35.9,"lon":-72,"wind_kt":25,"pressure_mb":null},{"date":"19711004","time":"1800","status":"EX","lat":35.8,"lon":-71.3,"wind_kt":25,"pressure_mb":null},{"date":"19711005","time":"0000","status":"EX","lat":35.7,"lon":-70.6,"wind_kt":25,"pressure_mb":null},{"date":"19711005","time":"0600","status":"EX","lat":35.7,"lon":-69.9,"wind_kt":25,"pressure_mb":null}]}},{"type":"Feature","geometry":{"type":"LineString","coordinates":[[-73.5,28.5],[-73.2,29.2],[-73,30],[-73.2,30.7],[-73.5,31.5],[-75.6,31.8],[-75.7,32.1],[-76.8,32.5],[-78,33],[-78.7,32.9],[-79.5,32.8],[-80.2,32.7],[-81,32.5]]},"properties":{"id":"hur-al151971","event_type":"hurricane","name":null,"year":1971,"max_wind_kt":25,"min_pressure_mb":null,"category":-1,"preliminary":false,"start_date":"19710908","end_date":"19710911","track":[{"date":"19710908","time":"1200","status":"TD","lat":28.5,"lon":-73.5,"wind_kt":20,"pressure_mb":null},{"date":"19710908","time":"1800","status":"TD","lat":29.2,"lon":-73.2,"wind_kt":20,"pressure_mb":null},{"date":"19710909","time":"0000","status":"TD","lat":30,"lon":-73,"wind_kt":25,"pressure_mb":null},{"date":"19710909","time":"0600","status":"TD","lat":30.7,"lon":-73.2,"wind_kt":25,"pressure_mb":null},{"date":"19710909","time":"1200","status":"TD","lat":31.5,"lon":-73.5,"wind_kt":25,"pressure_mb":null},{"date":"19710909","time":"1800","status":"TD","lat":31.8,"lon":-75.6,"wind_kt":25,"pressure_mb":null},{"date":"19710910","time":"0000","status":"TD","lat":32.1,"lon":-75.7,"wind_kt":25,"pressure_mb":null},{"date":"19710910","time":"0600","status":"TD","lat":32.5,"lon":-76.8,"wind_kt":25,"pressure_mb":null},{"date":"19710910","time":"1200","status":"TD","lat":33,"lon":-78,"wind_kt":25,"pressure_mb":null},{"date":"19710910","time":"1800","status":"TD","lat":32.9,"lon":-78.7,"wind_kt":20,"pressure_mb":null},{"date":"19710911","time":"0000","status":"TD","lat":32.8,"lon":-79.5,"wind_kt":20,"pressure_mb":null},{"date":"19710911","time":"0600","status":"TD","lat":32.7,"lon":-80.2,"wind_kt":20,"pressure_mb":null},{"date":"19710911","time":"1200","status":"TD","lat":32.5,"lon":-81,"wind_kt":null,"pressure_mb":null}]}},{"type":"Feature","geometry":{"type":"LineString","coordinates":[[-16,16],[-18,16],[-20,16],[-22,16],[-24,16],[-25.4,16],[-26.8,16],[-28.1,16],[-29.5,16],[-31,16.2],[-32.5,16.5],[-33,16.7],[-35.5,17],[-37.4,17.3],[-39.2,17.7],[-41.1,18.1],[-43,18.5]]},"properties":{"id":"hur-al161971","event_type":"hurricane","name":null,"year":1971,"max_wind_kt":30,"min_pressure_mb":null,"category":-1,"preliminary":false,"start_date":"19710910","end_date":"19710914","track":[{"date":"19710910","time":"1200","status":"TD","lat":16,"lon":-16,"wind_kt":20,"pressure_mb":null},{"date":"19710910","time":"1800","status":"TD","lat":16,"lon":-18,"wind_kt":20,"pressure_mb":null},{"date":"19710911","time":"0000","status":"TD","lat":16,"lon":-20,"wind_kt":25,"pressure_mb":null},{"date":"19710911","time":"0600","status":"TD","lat":16,"lon":-22,"wind_kt":25,"pressure_mb":null},{"date":"19710911","time":"1200","status":"TD","lat":16,"lon":-24,"wind_kt":25,"pressure_mb":null},{"date":"19710911","time":"1800","status":"TD","lat":16,"lon":-25.4,"wind_kt":25,"pressure_mb":null},{"date":"19710912","time":"0000","status":"TD","lat":16,"lon":-26.8,"wind_kt":30,"pressure_mb":null},{"date":"19710912","time":"0600","status":"TD","lat":16,"lon":-28.1,"wind_kt":30,"pressure_mb":null},{"date":"19710912","time":"1200","status":"TD","lat":16,"lon":-29.5,"wind_kt":30,"pressure_mb":null},{"date":"19710912","time":"1800","status":"TD","lat":16.2,"lon":-31,"wind_kt":30,"pressure_mb":null},{"date":"19710913","time":"0000","status":"TD","lat":16.5,"lon":-32.5,"wind_kt":30,"pressure_mb":null},{"date":"19710913","time":"0600","status":"TD","lat":16.7,"lon":-33,"wind_kt":25,"pressure_mb":null},{"date":"19710913","time":"1200","status":"TD","lat":17,"lon":-35.5,"wind_kt":25,"pressure_mb":null},{"date":"19710913","time":"1800","status":"TD","lat":17.3,"lon":-37.4,"wind_kt":25,"pressure_mb":null},{"date":"19710914","time":"0000","status":"TD","lat":17.7,"lon":-39.2,"wind_kt":25,"pressure_mb":null},{"date":"19710914","time":"0600","status":"TD","lat":18.1,"lon":-41.1,"wind_kt":20,"pressure_mb":null},{"date":"19710914","time":"1200","status":"TD","lat":18.5,"lon":-43,"wind_kt":20,"pressure_mb":null}]}},{"type":"Feature","geometry":{"type":"LineString","coordinates":[[-72,27.1],[-72.3,27.2],[-72.8,27.5],[-73.3,27.9],[-73.8,28.6],[-74,29.2],[-73.9,30],[-73.5,30.8],[-72.8,31.7],[-72,32.7],[-71.3,33.8],[-70.3,35.3],[-69.9,37.1],[-69.3,39.4],[-68.8,41.6],[-68.7,43.7],[-69,45.5]]},"properties":{"id":"hur-al171971","event_type":"hurricane","name":"HEIDI","year":1971,"max_wind_kt":55,"min_pressure_mb":996,"category":0,"preliminary":false,"start_date":"19710911","end_date":"19710915","track":[{"date":"19710911","time":"0000","status":"TD","lat":27.1,"lon":-72,"wind_kt":30,"pressure_mb":null},{"date":"19710911","time":"0600","status":"TD","lat":27.2,"lon":-72.3,"wind_kt":30,"pressure_mb":null},{"date":"19710911","time":"1200","status":"TD","lat":27.5,"lon":-72.8,"wind_kt":30,"pressure_mb":null},{"date":"19710911","time":"1800","status":"TD","lat":27.9,"lon":-73.3,"wind_kt":30,"pressure_mb":null},{"date":"19710912","time":"0000","status":"TD","lat":28.6,"lon":-73.8,"wind_kt":30,"pressure_mb":1006},{"date":"19710912","time":"0600","status":"TS","lat":29.2,"lon":-74,"wind_kt":40,"pressure_mb":null},{"date":"19710912","time":"1200","status":"TS","lat":30,"lon":-73.9,"wind_kt":45,"pressure_mb":1001},{"date":"19710912","time":"1800","status":"TS","lat":30.8,"lon":-73.5,"wind_kt":45,"pressure_mb":998},{"date":"19710913","time":"0000","status":"TS","lat":31.7,"lon":-72.8,"wind_kt":45,"pressure_mb":null},{"date":"19710913","time":"0600","status":"TS","lat":32.7,"lon":-72,"wind_kt":45,"pressure_mb":null},{"date":"19710913","time":"1200","status":"TS","lat":33.8,"lon":-71.3,"wind_kt":45,"pressure_mb":998},{"date":"19710913","time":"1800","status":"TS","lat":35.3,"lon":-70.3,"wind_kt":50,"pressure_mb":996},{"date":"19710914","time":"0000","status":"TS","lat":37.1,"lon":-69.9,"wind_kt":55,"pressure_mb":null},{"date":"19710914","time":"0600","status":"TS","lat":39.4,"lon":-69.3,"wind_kt":50,"pressure_mb":null},{"date":"19710914","time":"1200","status":"TS","lat":41.6,"lon":-68.8,"wind_kt":50,"pressure_mb":null},{"date":"19710914","time":"1800","status":"TS","lat":43.7,"lon":-68.7,"wind_kt":40,"pressure_mb":998},{"date":"19710915","time":"0000","status":"TD","lat":45.5,"lon":-69,"wind_kt":25,"pressure_mb":1002}]}},{"type":"Feature","geometry":{"type":"LineString","coordinates":[[-48.5,11],[-50.3,11.3],[-52.2,11.8],[-53.8,12.1],[-55,12.5],[-56.5,12.5],[-57.8,12.5],[-59,12.5],[-59.8,12.3],[-60.3,12.2],[-60.8,12.1],[-61.4,12],[-62.1,11.9],[-63,11.7],[-64,11.5],[-65,11.4],[-66.2,11.5],[-67.5,11.9],[-69,12.2],[-70.5,12.5],[-71.7,12.6],[-73,12.5],[-74.5,12.4],[-76,12.3],[-77.5,12.1],[-79,12],[-80.5,11.7],[-81.5,11.5],[-82.3,11.4],[-82.9,11.3],[-83.5,11.4],[-84.3,11.5],[-85,11.7],[-85.8,11.9],[-86.5,12.2],[-87.2,12.3],[-87.9,12.5]]},"properties":{"id":"hur-al181971","event_type":"hurricane","name":"IRENE","year":1971,"max_wind_kt":70,"min_pressure_mb":989,"category":1,"preliminary":false,"start_date":"19710911","end_date":"19710920","track":[{"date":"19710911","time":"1800","status":"TD","lat":11,"lon":-48.5,"wind_kt":25,"pressure_mb":1009},{"date":"19710912","time":"0000","status":"TD","lat":11.3,"lon":-50.3,"wind_kt":25,"pressure_mb":null},{"date":"19710912","time":"0600","status":"TD","lat":11.8,"lon":-52.2,"wind_kt":25,"pressure_mb":null},{"date":"19710912","time":"1200","status":"TD","lat":12.1,"lon":-53.8,"wind_kt":25,"pressure_mb":1009},{"date":"19710912","time":"1800","status":"TD","lat":12.5,"lon":-55,"wind_kt":25,"pressure_mb":null},{"date":"19710913","time":"0000","status":"TD","lat":12.5,"lon":-56.5,"wind_kt":25,"pressure_mb":null},{"date":"19710913","time":"0600","status":"TD","lat":12.5,"lon":-57.8,"wind_kt":25,"pressure_mb":null},{"date":"19710913","time":"1200","status":"TD","lat":12.5,"lon":-59,"wind_kt":25,"pressure_mb":null},{"date":"19710913","time":"1800","status":"TD","lat":12.3,"lon":-59.8,"wind_kt":25,"pressure_mb":null},{"date":"19710914","time":"0000","status":"TD","lat":12.2,"lon":-60.3,"wind_kt":25,"pressure_mb":null},{"date":"19710914","time":"0600","status":"TD","lat":12.1,"lon":-60.8,"wind_kt":25,"pressure_mb":null},{"date":"19710914","time":"1200","status":"TD","lat":12,"lon":-61.4,"wind_kt":25,"pressure_mb":1007},{"date":"19710914","time":"1800","status":"TD","lat":11.9,"lon":-62.1,"wind_kt":25,"pressure_mb":null},{"date":"19710915","time":"0000","status":"TD","lat":11.7,"lon":-63,"wind_kt":30,"pressure_mb":null},{"date":"19710915","time":"0600","status":"TD","lat":11.5,"lon":-64,"wind_kt":30,"pressure_mb":null},{"date":"19710915","time":"1200","status":"TD","lat":11.4,"lon":-65,"wind_kt":30,"pressure_mb":null},{"date":"19710915","time":"1800","status":"TD","lat":11.5,"lon":-66.2,"wind_kt":30,"pressure_mb":null},{"date":"19710916","time":"0000","status":"TD","lat":11.9,"lon":-67.5,"wind_kt":30,"pressure_mb":null},{"date":"19710916","time":"0600","status":"TD","lat":12.2,"lon":-69,"wind_kt":30,"pressure_mb":null},{"date":"19710916","time":"1200","status":"TD","lat":12.5,"lon":-70.5,"wind_kt":30,"pressure_mb":null},{"date":"19710916","time":"1800","status":"TD","lat":12.6,"lon":-71.7,"wind_kt":30,"pressure_mb":null},{"date":"19710917","time":"0000","status":"TS","lat":12.5,"lon":-73,"wind_kt":35,"pressure_mb":null},{"date":"19710917","time":"0600","status":"TS","lat":12.4,"lon":-74.5,"wind_kt":35,"pressure_mb":null},{"date":"19710917","time":"1200","status":"TS","lat":12.3,"lon":-76,"wind_kt":40,"pressure_mb":1005},{"date":"19710917","time":"1800","status":"TS","lat":12.1,"lon":-77.5,"wind_kt":45,"pressure_mb":null},{"date":"19710918","time":"0000","status":"TS","lat":12,"lon":-79,"wind_kt":50,"pressure_mb":null},{"date":"19710918","time":"0600","status":"TS","lat":11.7,"lon":-80.5,"wind_kt":55,"pressure_mb":1002},{"date":"19710918","time":"1200","status":"TS","lat":11.5,"lon":-81.5,"wind_kt":60,"pressure_mb":null},{"date":"19710918","time":"1800","status":"HU","lat":11.4,"lon":-82.3,"wind_kt":70,"pressure_mb":993},{"date":"19710919","time":"0000","status":"HU","lat":11.3,"lon":-82.9,"wind_kt":65,"pressure_mb":989},{"date":"19710919","time":"0600","status":"HU","lat":11.4,"lon":-83.5,"wind_kt":65,"pressure_mb":null},{"date":"19710919","time":"1200","status":"TS","lat":11.5,"lon":-84.3,"wind_kt":60,"pressure_mb":null},{"date":"19710919","time":"1800","status":"TS","lat":11.7,"lon":-85,"wind_kt":50,"pressure_mb":null},{"date":"19710920","time":"0000","status":"TD","lat":11.9,"lon":-85.8,"wind_kt":30,"pressure_mb":null},{"date":"19710920","time":"0600","status":"TD","lat":12.2,"lon":-86.5,"wind_kt":30,"pressure_mb":null},{"date":"19710920","time":"1200","status":"TS","lat":12.3,"lon":-87.2,"wind_kt":35,"pressure_mb":null},{"date":"19710920","time":"1800","status":"TS","lat":12.5,"lon":-87.9,"wind_kt":35,"pressure_mb":null}]}},{"type":"Feature","geometry":{"type":"LineString","coordinates":[[-38.8,11.5],[-40.9,11.6],[-42.7,11.7],[-44.3,11.8],[-45.8,12],[-47.2,12.4],[-48.5,13.1],[-49.9,13.7],[-51.2,14.4],[-52.6,15],[-53.9,15.8],[-55.2,16.3],[-57,17.1],[-58.6,18.1],[-60,19.4]]},"properties":{"id":"hur-al191971","event_type":"hurricane","name":"JANICE","year":1971,"max_wind_kt":55,"min_pressure_mb":1005,"category":0,"preliminary":false,"start_date":"19710921","end_date":"19710924","track":[{"date":"19710921","time":"0600","status":"TD","lat":11.5,"lon":-38.8,"wind_kt":25,"pressure_mb":null},{"date":"19710921","time":"1200","status":"TD","lat":11.6,"lon":-40.9,"wind_kt":25,"pressure_mb":null},{"date":"19710921","time":"1800","status":"TD","lat":11.7,"lon":-42.7,"wind_kt":30,"pressure_mb":null},{"date":"19710922","time":"0000","status":"TD","lat":11.8,"lon":-44.3,"wind_kt":30,"pressure_mb":null},{"date":"19710922","time":"0600","status":"TS","lat":12,"lon":-45.8,"wind_kt":40,"pressure_mb":null},{"date":"19710922","time":"1200","status":"TS","lat":12.4,"lon":-47.2,"wind_kt":40,"pressure_mb":1009},{"date":"19710922","time":"1800","status":"TS","lat":13.1,"lon":-48.5,"wind_kt":55,"pressure_mb":1005},{"date":"19710923","time":"0000","status":"TS","lat":13.7,"lon":-49.9,"wind_kt":55,"pressure_mb":null},{"date":"19710923","time":"0600","status":"TS","lat":14.4,"lon":-51.2,"wind_kt":50,"pressure_mb":null},{"date":"19710923","time":"1200","status":"TS","lat":15,"lon":-52.6,"wind_kt":50,"pressure_mb":null},{"date":"19710923","time":"1800","status":"TS","lat":15.8,"lon":-53.9,"wind_kt":45,"pressure_mb":null},{"date":"19710924","time":"0000","status":"TS","lat":16.3,"lon":-55.2,"wind_kt":45,"pressure_mb":null},{"date":"19710924","time":"0600","status":"TS","lat":17.1,"lon":-57,"wind_kt":35,"pressure_mb":1006},{"date":"19710924","time":"1200","status":"TD","lat":18.1,"lon":-58.6,"wind_kt":30,"pressure_mb":null},{"date":"19710924","time":"1800","status":"TD","lat":19.4,"lon":-60,"wind_kt":30,"pressure_mb":null}]}},{"type":"Feature","geometry":{"type":"LineString","coordinates":[[-84.5,17.5],[-85,17.7],[-85.5,18],[-86,18.2],[-86.5,18.5],[-87,18.7],[-87.5,19],[-88,19.3],[-88.5,19.5],[-89.1,19.8],[-89.7,20.2],[-90.3,20.6],[-91,21],[-90.5,21.5],[-90,22],[-89.5,22.5],[-89,23],[-88,23.3],[-87,23.7],[-86,24.1],[-85,24.5],[-84.8,24.7],[-84.5,25],[-84.2,25.3],[-84,25.5],[-84.1,26],[-84.1,26.5],[-84.3,27],[-84.5,27.5],[-84.6,28.1],[-84.7,28.7],[-84.8,29.3],[-85,30]]},"properties":{"id":"hur-al201971","event_type":"hurricane","name":null,"year":1971,"max_wind_kt":25,"min_pressure_mb":null,"category":-1,"preliminary":false,"start_date":"19711006","end_date":"19711014","track":[{"date":"19711006","time":"1200","status":"TD","lat":17.5,"lon":-84.5,"wind_kt":20,"pressure_mb":null},{"date":"19711006","time":"1800","status":"TD","lat":17.7,"lon":-85,"wind_kt":25,"pressure_mb":null},{"date":"19711007","time":"0000","status":"TD","lat":18,"lon":-85.5,"wind_kt":25,"pressure_mb":null},{"date":"19711007","time":"0600","status":"TD","lat":18.2,"lon":-86,"wind_kt":25,"pressure_mb":null},{"date":"19711007","time":"1200","status":"TD","lat":18.5,"lon":-86.5,"wind_kt":25,"pressure_mb":null},{"date":"19711007","time":"1800","status":"TD","lat":18.7,"lon":-87,"wind_kt":25,"pressure_mb":null},{"date":"19711008","time":"0000","status":"TD","lat":19,"lon":-87.5,"wind_kt":20,"pressure_mb":null},{"date":"19711008","time":"0600","status":"TD","lat":19.3,"lon":-88,"wind_kt":20,"pressure_mb":null},{"date":"19711008","time":"1200","status":"TD","lat":19.5,"lon":-88.5,"wind_kt":20,"pressure_mb":null},{"date":"19711008","time":"1800","status":"TD","lat":19.8,"lon":-89.1,"wind_kt":20,"pressure_mb":null},{"date":"19711009","time":"0000","status":"TD","lat":20.2,"lon":-89.7,"wind_kt":20,"pressure_mb":null},{"date":"19711009","time":"0600","status":"TD","lat":20.6,"lon":-90.3,"wind_kt":20,"pressure_mb":null},{"date":"19711009","time":"1200","status":"TD","lat":21,"lon":-91,"wind_kt":20,"pressure_mb":null},{"date":"19711009","time":"1800","status":"TD","lat":21.5,"lon":-90.5,"wind_kt":25,"pressure_mb":null},{"date":"19711010","time":"0000","status":"TD","lat":22,"lon":-90,"wind_kt":25,"pressure_mb":null},{"date":"19711010","time":"0600","status":"TD","lat":22.5,"lon":-89.5,"wind_kt":25,"pressure_mb":null},{"date":"19711010","time":"1200","status":"TD","lat":23,"lon":-89,"wind_kt":25,"pressure_mb":null},{"date":"19711010","time":"1800","status":"TD","lat":23.3,"lon":-88,"wind_kt":25,"pressure_mb":null},{"date":"19711011","time":"0000","status":"TD","lat":23.7,"lon":-87,"wind_kt":25,"pressure_mb":null},{"date":"19711011","time":"0600","status":"TD","lat":24.1,"lon":-86,"wind_kt":25,"pressure_mb":null},{"date":"19711011","time":"1200","status":"TD","lat":24.5,"lon":-85,"wind_kt":25,"pressure_mb":null},{"date":"19711011","time":"1800","status":"TD","lat":24.7,"lon":-84.8,"wind_kt":25,"pressure_mb":null},{"date":"19711012","time":"0000","status":"TD","lat":25,"lon":-84.5,"wind_kt":25,"pressure_mb":null},{"date":"19711012","time":"0600","status":"TD","lat":25.3,"lon":-84.2,"wind_kt":25,"pressure_mb":null},{"date":"19711012","time":"1200","status":"TD","lat":25.5,"lon":-84,"wind_kt":25,"pressure_mb":null},{"date":"19711012","time":"1800","status":"TD","lat":26,"lon":-84.1,"wind_kt":25,"pressure_mb":null},{"date":"19711013","time":"0000","status":"TD","lat":26.5,"lon":-84.1,"wind_kt":25,"pressure_mb":null},{"date":"19711013","time":"0600","status":"TD","lat":27,"lon":-84.3,"wind_kt":25,"pressure_mb":null},{"date":"19711013","time":"1200","status":"TD","lat":27.5,"lon":-84.5,"wind_kt":25,"pressure_mb":null},{"date":"19711013","time":"1800","status":"TD","lat":28.1,"lon":-84.6,"wind_kt":25,"pressure_mb":null},{"date":"19711014","time":"0000","status":"TD","lat":28.7,"lon":-84.7,"wind_kt":25,"pressure_mb":null},{"date":"19711014","time":"0600","status":"TD","lat":29.3,"lon":-84.8,"wind_kt":25,"pressure_mb":null},{"date":"19711014","time":"1200","status":"TD","lat":30,"lon":-85,"wind_kt":null,"pressure_mb":null}]}},{"type":"Feature","geometry":{"type":"LineString","coordinates":[[-58.5,25],[-58,26],[-57.6,27],[-57.3,28],[-57.1,29.1],[-56.8,30],[-56.3,31.1],[-54.7,32.5],[-52.8,33.5],[-49.8,34.8],[-47.1,35.4],[-42.9,36.4],[-38.3,36.7],[-34.6,37],[-30.8,38.2],[-28.9,40.5]]},"properties":{"id":"hur-al211971","event_type":"hurricane","name":"KRISTY","year":1971,"max_wind_kt":45,"min_pressure_mb":992,"category":0,"preliminary":false,"start_date":"19711018","end_date":"19711021","track":[{"date":"19711018","time":"0000","status":"TD","lat":25,"lon":-58.5,"wind_kt":25,"pressure_mb":null},{"date":"19711018","time":"0600","status":"TD","lat":26,"lon":-58,"wind_kt":25,"pressure_mb":null},{"date":"19711018","time":"1200","status":"TD","lat":27,"lon":-57.6,"wind_kt":25,"pressure_mb":null},{"date":"19711018","time":"1800","status":"TD","lat":28,"lon":-57.3,"wind_kt":25,"pressure_mb":1009},{"date":"19711019","time":"0000","status":"TD","lat":29.1,"lon":-57.1,"wind_kt":25,"pressure_mb":1009},{"date":"19711019","time":"0600","status":"TD","lat":30,"lon":-56.8,"wind_kt":25,"pressure_mb":null},{"date":"19711019","time":"1200","status":"TD","lat":31.1,"lon":-56.3,"wind_kt":25,"pressure_mb":null},{"date":"19711019","time":"1800","status":"TD","lat":32.5,"lon":-54.7,"wind_kt":30,"pressure_mb":1009},{"date":"19711020","time":"0000","status":"TS","lat":33.5,"lon":-52.8,"wind_kt":35,"pressure_mb":null},{"date":"19711020","time":"0600","status":"TS","lat":34.8,"lon":-49.8,"wind_kt":35,"pressure_mb":null},{"date":"19711020","time":"1200","status":"TS","lat":35.4,"lon":-47.1,"wind_kt":45,"pressure_mb":997},{"date":"19711020","time":"1800","status":"TS","lat":36.4,"lon":-42.9,"wind_kt":45,"pressure_mb":992},{"date":"19711021","time":"0000","status":"TS","lat":36.7,"lon":-38.3,"wind_kt":40,"pressure_mb":null},{"date":"19711021","time":"0600","status":"EX","lat":37,"lon":-34.6,"wind_kt":40,"pressure_mb":null},{"date":"19711021","time":"1200","status":"EX","lat":38.2,"lon":-30.8,"wind_kt":40,"pressure_mb":null},{"date":"19711021","time":"1800","status":"EX","lat":40.5,"lon":-28.9,"wind_kt":40,"pressure_mb":null}]}},{"type":"Feature","geometry":{"type":"LineString","coordinates":[[-78.5,12],[-78.8,12.3],[-79,12.7],[-79.6,13.3],[-80,13.8],[-80.6,14.5],[-81.3,15.2],[-82,16],[-82.5,16.6],[-83.2,17.4],[-83.6,18.2],[-83.8,19],[-84,19.8],[-84.1,20.4],[-84,21],[-83.8,21.4],[-83.5,21.7],[-83.4,21.4],[-83.3,21.1],[-83.5,20.5],[-83.9,20.1],[-84.2,19.9],[-84.4,19.7],[-84.7,19.8],[-85,19.9],[-85.2,19.9],[-85.5,19.7],[-85.5,19.4],[-85.5,19.1],[-85.7,18.6],[-86.1,18.2],[-86.5,17.9],[-87.2,17.6],[-87.7,17.2],[-88.2,16.7],[-88.6,16.3],[-89,16],[-89.4,15.7],[-90,15.3]]},"properties":{"id":"hur-al221971","event_type":"hurricane","name":"LAURA","year":1971,"max_wind_kt":60,"min_pressure_mb":994,"category":0,"preliminary":false,"start_date":"19711112","end_date":"19711122","track":[{"date":"19711112","time":"1200","status":"TD","lat":12,"lon":-78.5,"wind_kt":25,"pressure_mb":null},{"date":"19711112","time":"1800","status":"TD","lat":12.3,"lon":-78.8,"wind_kt":30,"pressure_mb":null},{"date":"19711113","time":"0000","status":"TD","lat":12.7,"lon":-79,"wind_kt":30,"pressure_mb":null},{"date":"19711113","time":"0600","status":"TD","lat":13.3,"lon":-79.6,"wind_kt":30,"pressure_mb":null},{"date":"19711113","time":"1200","status":"TD","lat":13.8,"lon":-80,"wind_kt":30,"pressure_mb":null},{"date":"19711113","time":"1800","status":"TD","lat":14.5,"lon":-80.6,"wind_kt":30,"pressure_mb":null},{"date":"19711114","time":"0000","status":"TD","lat":15.2,"lon":-81.3,"wind_kt":30,"pressure_mb":null},{"date":"19711114","time":"0600","status":"TD","lat":16,"lon":-82,"wind_kt":30,"pressure_mb":null},{"date":"19711114","time":"1200","status":"TS","lat":16.6,"lon":-82.5,"wind_kt":35,"pressure_mb":1004},{"date":"19711114","time":"1800","status":"TS","lat":17.4,"lon":-83.2,"wind_kt":40,"pressure_mb":null},{"date":"19711115","time":"0000","status":"TS","lat":18.2,"lon":-83.6,"wind_kt":40,"pressure_mb":null},{"date":"19711115","time":"0600","status":"TS","lat":19,"lon":-83.8,"wind_kt":45,"pressure_mb":null},{"date":"19711115","time":"1200","status":"TS","lat":19.8,"lon":-84,"wind_kt":55,"pressure_mb":null},{"date":"19711115","time":"1800","status":"TS","lat":20.4,"lon":-84.1,"wind_kt":60,"pressure_mb":null},{"date":"19711116","time":"0000","status":"TS","lat":21,"lon":-84,"wind_kt":60,"pressure_mb":998},{"date":"19711116","time":"0600","status":"TS","lat":21.4,"lon":-83.8,"wind_kt":60,"pressure_mb":null},{"date":"19711116","time":"1200","status":"TS","lat":21.7,"lon":-83.5,"wind_kt":60,"pressure_mb":null},{"date":"19711116","time":"1800","status":"TS","lat":21.4,"lon":-83.4,"wind_kt":60,"pressure_mb":null},{"date":"19711117","time":"0000","status":"TS","lat":21.1,"lon":-83.3,"wind_kt":60,"pressure_mb":995},{"date":"19711117","time":"0600","status":"TS","lat":20.5,"lon":-83.5,"wind_kt":60,"pressure_mb":null},{"date":"19711117","time":"1200","status":"TS","lat":20.1,"lon":-83.9,"wind_kt":60,"pressure_mb":994},{"date":"19711117","time":"1800","status":"TS","lat":19.9,"lon":-84.2,"wind_kt":60,"pressure_mb":996},{"date":"19711118","time":"0000","status":"TS","lat":19.7,"lon":-84.4,"wind_kt":55,"pressure_mb":null},{"date":"19711118","time":"0600","status":"TS","lat":19.8,"lon":-84.7,"wind_kt":50,"pressure_mb":1000},{"date":"19711118","time":"1200","status":"TS","lat":19.9,"lon":-85,"wind_kt":50,"pressure_mb":null},{"date":"19711118","time":"1800","status":"TS","lat":19.9,"lon":-85.2,"wind_kt":50,"pressure_mb":1001},{"date":"19711119","time":"0000","status":"TS","lat":19.7,"lon":-85.5,"wind_kt":50,"pressure_mb":1003},{"date":"19711119","time":"0600","status":"TS","lat":19.4,"lon":-85.5,"wind_kt":45,"pressure_mb":null},{"date":"19711119","time":"1200","status":"TS","lat":19.1,"lon":-85.5,"wind_kt":45,"pressure_mb":null},{"date":"19711119","time":"1800","status":"TS","lat":18.6,"lon":-85.7,"wind_kt":45,"pressure_mb":1000},{"date":"19711120","time":"0000","status":"TS","lat":18.2,"lon":-86.1,"wind_kt":40,"pressure_mb":null},{"date":"19711120","time":"0600","status":"TS","lat":17.9,"lon":-86.5,"wind_kt":50,"pressure_mb":1000},{"date":"19711120","time":"1200","status":"TS","lat":17.6,"lon":-87.2,"wind_kt":55,"pressure_mb":1000},{"date":"19711120","time":"1800","status":"TS","lat":17.2,"lon":-87.7,"wind_kt":60,"pressure_mb":997},{"date":"19711121","time":"0000","status":"TS","lat":16.7,"lon":-88.2,"wind_kt":60,"pressure_mb":997},{"date":"19711121","time":"0600","status":"TS","lat":16.3,"lon":-88.6,"wind_kt":60,"pressure_mb":null},{"date":"19711121","time":"1200","status":"TS","lat":16,"lon":-89,"wind_kt":60,"pressure_mb":null},{"date":"19711121","time":"1800","status":"TS","lat":15.7,"lon":-89.4,"wind_kt":60,"pressure_mb":null},{"date":"19711122","time":"0000","status":"TD","lat":15.3,"lon":-90,"wind_kt":30,"pressure_mb":null}]}},{"type":"Feature","geometry":{"type":"LineString","coordinates":[[-78.2,31.2],[-77,31.7],[-76.6,32.2],[-76.2,32.9],[-75.7,33.5],[-75.4,34],[-75.1,34.3],[-74.6,34.4],[-74.1,34.2],[-73.5,34],[-74.6,32.5],[-75.7,31.6],[-75.9,31.4],[-76.2,31.2],[-77.1,30.8],[-78.4,30.6],[-80.1,30.8],[-81.7,31],[-83,30.5],[-84,29.8],[-84.7,29.2],[-85,28.8],[-85.2,28.4],[-85.5,27.8]]},"properties":{"id":"hur-al011972","event_type":"hurricane","name":"ALPHA","year":1972,"max_wind_kt":60,"min_pressure_mb":991,"category":0,"preliminary":false,"start_date":"19720523","end_date":"19720529","track":[{"date":"19720523","time":"1800","status":"SD","lat":31.2,"lon":-78.2,"wind_kt":25,"pressure_mb":1004},{"date":"19720524","time":"0000","status":"SD","lat":31.7,"lon":-77,"wind_kt":30,"pressure_mb":null},{"date":"19720524","time":"0600","status":"SD","lat":32.2,"lon":-76.6,"wind_kt":30,"pressure_mb":1003},{"date":"19720524","time":"1200","status":"SD","lat":32.9,"lon":-76.2,"wind_kt":30,"pressure_mb":null},{"date":"19720524","time":"1800","status":"SD","lat":33.5,"lon":-75.7,"wind_kt":30,"pressure_mb":null},{"date":"19720525","time":"0000","status":"SD","lat":34,"lon":-75.4,"wind_kt":30,"pressure_mb":1004},{"date":"19720525","time":"0600","status":"SD","lat":34.3,"lon":-75.1,"wind_kt":30,"pressure_mb":null},{"date":"19720525","time":"1200","status":"SD","lat":34.4,"lon":-74.6,"wind_kt":30,"pressure_mb":null},{"date":"19720525","time":"1800","status":"SD","lat":34.2,"lon":-74.1,"wind_kt":30,"pressure_mb":null},{"date":"19720526","time":"0000","status":"SS","lat":34,"lon":-73.5,"wind_kt":45,"pressure_mb":null},{"date":"19720526","time":"0600","status":"SS","lat":32.5,"lon":-74.6,"wind_kt":50,"pressure_mb":null},{"date":"19720526","time":"1200","status":"SS","lat":31.6,"lon":-75.7,"wind_kt":60,"pressure_mb":1001},{"date":"19720526","time":"1800","status":"SS","lat":31.4,"lon":-75.9,"wind_kt":55,"pressure_mb":null},{"date":"19720527","time":"0000","status":"SS","lat":31.2,"lon":-76.2,"wind_kt":50,"pressure_mb":null},{"date":"19720527","time":"0600","status":"SS","lat":30.8,"lon":-77.1,"wind_kt":45,"pressure_mb":null},{"date":"19720527","time":"1200","status":"SS","lat":30.6,"lon":-78.4,"wind_kt":55,"pressure_mb":null},{"date":"19720527","time":"1800","status":"SS","lat":30.8,"lon":-80.1,"wind_kt":50,"pressure_mb":991},{"date":"19720528","time":"0000","status":"SD","lat":31,"lon":-81.7,"wind_kt":30,"pressure_mb":null},{"date":"19720528","time":"0600","status":"SD","lat":30.5,"lon":-83,"wind_kt":30,"pressure_mb":1011},{"date":"19720528","time":"1200","status":"SD","lat":29.8,"lon":-84,"wind_kt":30,"pressure_mb":1012},{"date":"19720528","time":"1800","status":"SD","lat":29.2,"lon":-84.7,"wind_kt":30,"pressure_mb":1013},{"date":"19720529","time":"0000","status":"SD","lat":28.8,"lon":-85,"wind_kt":25,"pressure_mb":null},{"date":"19720529","time":"0600","status":"SD","lat":28.4,"lon":-85.2,"wind_kt":25,"pressure_mb":null},{"date":"19720529","time":"1200","status":"SD","lat":27.8,"lon":-85.5,"wind_kt":25,"pressure_mb":1013}]}},{"type":"Feature","geometry":{"type":"LineString","coordinates":[[-89,20],[-88.7,20],[-88.4,20],[-88.1,20],[-87.8,20],[-87.4,20],[-87,20],[-86.6,20],[-86.2,20],[-85.8,20.2],[-85.5,20.5],[-85.3,20.9],[-85.2,21.4],[-85.3,21.9],[-85.4,22.4],[-85.5,23],[-85.6,23.8],[-85.7,24.8],[-85.7,26],[-85.7,27.2],[-85.7,28.5],[-85.6,29.6],[-85.2,30.5],[-84.7,31.4],[-83.8,32.2],[-82.8,32.9],[-81.7,33.5],[-80.2,33.8],[-79,34.4],[-77.6,35.2],[-75.7,35.8],[-74.3,36.9],[-73.1,38.2],[-73.4,40.2],[-74.5,41.7]]},"properties":{"id":"hur-al021972","event_type":"hurricane","name":"AGNES","year":1972,"max_wind_kt":75,"min_pressure_mb":977,"category":1,"preliminary":false,"start_date":"19720614","end_date":"19720623","track":[{"date":"19720614","time":"1200","status":"TD","lat":20,"lon":-89,"wind_kt":25,"pressure_mb":null},{"date":"19720614","time":"1800","status":"TD","lat":20,"lon":-88.7,"wind_kt":25,"pressure_mb":null},{"date":"19720615","time":"0000","status":"TD","lat":20,"lon":-88.4,"wind_kt":25,"pressure_mb":null},{"date":"19720615","time":"0600","status":"TD","lat":20,"lon":-88.1,"wind_kt":25,"pressure_mb":null},{"date":"19720615","time":"1200","status":"TD","lat":20,"lon":-87.8,"wind_kt":25,"pressure_mb":null},{"date":"19720615","time":"1800","status":"TD","lat":20,"lon":-87.4,"wind_kt":30,"pressure_mb":null},{"date":"19720616","time":"0000","status":"TD","lat":20,"lon":-87,"wind_kt":30,"pressure_mb":1001},{"date":"19720616","time":"0600","status":"TD","lat":20,"lon":-86.6,"wind_kt":30,"pressure_mb":null},{"date":"19720616","time":"1200","status":"TS","lat":20,"lon":-86.2,"wind_kt":40,"pressure_mb":998},{"date":"19720616","time":"1800","status":"TS","lat":20.2,"lon":-85.8,"wind_kt":45,"pressure_mb":null},{"date":"19720617","time":"0000","status":"TS","lat":20.5,"lon":-85.5,"wind_kt":50,"pressure_mb":null},{"date":"19720617","time":"0600","status":"TS","lat":20.9,"lon":-85.3,"wind_kt":50,"pressure_mb":null},{"date":"19720617","time":"1200","status":"TS","lat":21.4,"lon":-85.2,"wind_kt":50,"pressure_mb":null},{"date":"19720617","time":"1800","status":"TS","lat":21.9,"lon":-85.3,"wind_kt":55,"pressure_mb":null},{"date":"19720618","time":"0000","status":"TS","lat":22.4,"lon":-85.4,"wind_kt":60,"pressure_mb":null},{"date":"19720618","time":"0600","status":"TS","lat":23,"lon":-85.5,"wind_kt":60,"pressure_mb":null},{"date":"19720618","time":"1200","status":"HU","lat":23.8,"lon":-85.6,"wind_kt":65,"pressure_mb":986},{"date":"19720618","time":"1800","status":"HU","lat":24.8,"lon":-85.7,"wind_kt":65,"pressure_mb":983},{"date":"19720619","time":"0000","status":"HU","lat":26,"lon":-85.7,"wind_kt":75,"pressure_mb":982},{"date":"19720619","time":"0600","status":"HU","lat":27.2,"lon":-85.7,"wind_kt":75,"pressure_mb":978},{"date":"19720619","time":"1200","status":"HU","lat":28.5,"lon":-85.7,"wind_kt":75,"pressure_mb":978},{"date":"19720619","time":"1800","status":"HU","lat":29.6,"lon":-85.6,"wind_kt":65,"pressure_mb":983},{"date":"19720620","time":"0000","status":"TS","lat":30.5,"lon":-85.2,"wind_kt":45,"pressure_mb":null},{"date":"19720620","time":"0600","status":"TD","lat":31.4,"lon":-84.7,"wind_kt":30,"pressure_mb":990},{"date":"19720620","time":"1200","status":"TD","lat":32.2,"lon":-83.8,"wind_kt":30,"pressure_mb":null},{"date":"19720620","time":"1800","status":"TD","lat":32.9,"lon":-82.8,"wind_kt":30,"pressure_mb":992},{"date":"19720621","time":"0000","status":"TD","lat":33.5,"lon":-81.7,"wind_kt":30,"pressure_mb":992},{"date":"19720621","time":"0600","status":"TD","lat":33.8,"lon":-80.2,"wind_kt":30,"pressure_mb":null},{"date":"19720621","time":"1200","status":"TD","lat":34.4,"lon":-79,"wind_kt":30,"pressure_mb":990},{"date":"19720621","time":"1800","status":"TS","lat":35.2,"lon":-77.6,"wind_kt":40,"pressure_mb":988},{"date":"19720622","time":"0000","status":"TS","lat":35.8,"lon":-75.7,"wind_kt":45,"pressure_mb":null},{"date":"19720622","time":"0600","status":"TS","lat":36.9,"lon":-74.3,"wind_kt":50,"pressure_mb":null},{"date":"19720622","time":"1200","status":"TS","lat":38.2,"lon":-73.1,"wind_kt":60,"pressure_mb":977},{"date":"19720622","time":"1800","status":"TS","lat":40.2,"lon":-73.4,"wind_kt":55,"pressure_mb":980},{"date":"19720623","time":"0000","status":"TS","lat":41.7,"lon":-74.5,"wind_kt":45,"pressure_mb":null}]}},{"type":"Feature","geometry":{"type":"LineString","coordinates":[[-69,27.5],[-68.5,28],[-68,28.5],[-67.5,29.2],[-67,29.8],[-66.5,30.4],[-66,31],[-65.5,31.5]]},"properties":{"id":"hur-al031972","event_type":"hurricane","name":null,"year":1972,"max_wind_kt":25,"min_pressure_mb":null,"category":-1,"preliminary":false,"start_date":"19720619","end_date":"19720620","track":[{"date":"19720619","time":"0000","status":"TD","lat":27.5,"lon":-69,"wind_kt":20,"pressure_mb":null},{"date":"19720619","time":"0600","status":"TD","lat":28,"lon":-68.5,"wind_kt":25,"pressure_mb":null},{"date":"19720619","time":"1200","status":"TD","lat":28.5,"lon":-68,"wind_kt":25,"pressure_mb":null},{"date":"19720619","time":"1800","status":"TD","lat":29.2,"lon":-67.5,"wind_kt":25,"pressure_mb":null},{"date":"19720620","time":"0000","status":"TD","lat":29.8,"lon":-67,"wind_kt":25,"pressure_mb":null},{"date":"19720620","time":"0600","status":"TD","lat":30.4,"lon":-66.5,"wind_kt":25,"pressure_mb":null},{"date":"19720620","time":"1200","status":"TD","lat":31,"lon":-66,"wind_kt":20,"pressure_mb":null},{"date":"19720620","time":"1800","status":"TD","lat":31.5,"lon":-65.5,"wind_kt":20,"pressure_mb":null}]}},{"type":"Feature","geometry":{"type":"LineString","coordinates":[[-78.5,27],[-78.5,28.1],[-78.5,29.2],[-78.5,30.3],[-78.5,31.5],[-78.4,32.1],[-78.3,32.7],[-78.2,33.3],[-78,34],[-77.5,34.8]]},"properties":{"id":"hur-al041972","event_type":"hurricane","name":null,"year":1972,"max_wind_kt":25,"min_pressure_mb":null,"category":-1,"preliminary":false,"start_date":"19720710","end_date":"19720712","track":[{"date":"19720710","time":"1200","status":"TD","lat":27,"lon":-78.5,"wind_kt":20,"pressure_mb":null},{"date":"19720710","time":"1800","status":"TD","lat":28.1,"lon":-78.5,"wind_kt":25,"pressure_mb":null},{"date":"19720711","time":"0000","status":"TD","lat":29.2,"lon":-78.5,"wind_kt":25,"pressure_mb":null},{"date":"19720711","time":"0600","status":"TD","lat":30.3,"lon":-78.5,"wind_kt":25,"pressure_mb":null},{"date":"19720711","time":"1200","status":"TD","lat":31.5,"lon":-78.5,"wind_kt":25,"pressure_mb":null},{"date":"19720711","time":"1800","status":"TD","lat":32.1,"lon":-78.4,"wind_kt":25,"pressure_mb":null},{"date":"19720712","time":"0000","status":"TD","lat":32.7,"lon":-78.3,"wind_kt":25,"pressure_mb":null},{"date":"19720712","time":"0600","status":"TD","lat":33.3,"lon":-78.2,"wind_kt":25,"pressure_mb":null},{"date":"19720712","time":"1200","status":"TD","lat":34,"lon":-78,"wind_kt":25,"pressure_mb":null},{"date":"19720712","time":"1800","status":"TD","lat":34.8,"lon":-77.5,"wind_kt":null,"pressure_mb":null}]}},{"type":"Feature","geometry":{"type":"LineString","coordinates":[[-38.5,37],[-39.1,37.4],[-39.7,37.8],[-40.3,38.1],[-41,38.5],[-41.5,38.5],[-42,38.5],[-42.5,38.5],[-43,38.5],[-43.1,38.2],[-43.2,38],[-43.3,37.7],[-43.5,37.5],[-41.8,37.8],[-40.2,38.2],[-38.6,38.6],[-37,39],[-35.5,39.5]]},"properties":{"id":"hur-al051972","event_type":"hurricane","name":null,"year":1972,"max_wind_kt":25,"min_pressure_mb":null,"category":-1,"preliminary":false,"start_date":"19720716","end_date":"19720720","track":[{"date":"19720716","time":"1200","status":"TD","lat":37,"lon":-38.5,"wind_kt":20,"pressure_mb":null},{"date":"19720716","time":"1800","status":"TD","lat":37.4,"lon":-39.1,"wind_kt":20,"pressure_mb":null},{"date":"19720717","time":"0000","status":"TD","lat":37.8,"lon":-39.7,"wind_kt":25,"pressure_mb":null},{"date":"19720717","time":"0600","status":"TD","lat":38.1,"lon":-40.3,"wind_kt":25,"pressure_mb":null},{"date":"19720717","time":"1200","status":"TD","lat":38.5,"lon":-41,"wind_kt":25,"pressure_mb":null},{"date":"19720717","time":"1800","status":"TD","lat":38.5,"lon":-41.5,"wind_kt":25,"pressure_mb":null},{"date":"19720718","time":"0000","status":"TD","lat":38.5,"lon":-42,"wind_kt":25,"pressure_mb":null},{"date":"19720718","time":"0600","status":"TD","lat":38.5,"lon":-42.5,"wind_kt":25,"pressure_mb":null},{"date":"19720718","time":"1200","status":"TD","lat":38.5,"lon":-43,"wind_kt":20,"pressure_mb":null},{"date":"19720718","time":"1800","status":"TD","lat":38.2,"lon":-43.1,"wind_kt":20,"pressure_mb":null},{"date":"19720719","time":"0000","status":"TD","lat":38,"lon":-43.2,"wind_kt":20,"pressure_mb":null},{"date":"19720719","time":"0600","status":"TD","lat":37.7,"lon":-43.3,"wind_kt":20,"pressure_mb":null},{"date":"19720719","time":"1200","status":"TD","lat":37.5,"lon":-43.5,"wind_kt":20,"pressure_mb":null},{"date":"19720719","time":"1800","status":"TD","lat":37.8,"lon":-41.8,"wind_kt":25,"pressure_mb":null},{"date":"19720720","time":"0000","status":"TD","lat":38.2,"lon":-40.2,"wind_kt":25,"pressure_mb":null},{"date":"19720720","time":"0600","status":"TD","lat":38.6,"lon":-38.6,"wind_kt":25,"pressure_mb":null},{"date":"19720720","time":"1200","status":"TD","lat":39,"lon":-37,"wind_kt":25,"pressure_mb":null},{"date":"19720720","time":"1800","status":"TD","lat":39.5,"lon":-35.5,"wind_kt":20,"pressure_mb":null}]}},{"type":"Feature","geometry":{"type":"LineString","coordinates":[[-57,29],[-57.9,28.4],[-58.8,27.8],[-59.6,27.2],[-60.5,26.5],[-61.6,25.7],[-62.7,25],[-63.9,24.3],[-65,23.5],[-66,23.6],[-67,23.7],[-68,23.8],[-69,24]]},"properties":{"id":"hur-al061972","event_type":"hurricane","name":null,"year":1972,"max_wind_kt":25,"min_pressure_mb":null,"category":-1,"preliminary":false,"start_date":"19720731","end_date":"19720803","track":[{"date":"19720731","time":"1200","status":"TD","lat":29,"lon":-57,"wind_kt":20,"pressure_mb":null},{"date":"19720731","time":"1800","status":"TD","lat":28.4,"lon":-57.9,"wind_kt":20,"pressure_mb":null},{"date":"19720801","time":"0000","status":"TD","lat":27.8,"lon":-58.8,"wind_kt":20,"pressure_mb":null},{"date":"19720801","time":"0600","status":"TD","lat":27.2,"lon":-59.6,"wind_kt":20,"pressure_mb":null},{"date":"19720801","time":"1200","status":"TD","lat":26.5,"lon":-60.5,"wind_kt":25,"pressure_mb":null},{"date":"19720801","time":"1800","status":"TD","lat":25.7,"lon":-61.6,"wind_kt":25,"pressure_mb":null},{"date":"19720802","time":"0000","status":"TD","lat":25,"lon":-62.7,"wind_kt":25,"pressure_mb":null},{"date":"19720802","time":"0600","status":"TD","lat":24.3,"lon":-63.9,"wind_kt":25,"pressure_mb":null},{"date":"19720802","time":"1200","status":"TD","lat":23.5,"lon":-65,"wind_kt":25,"pressure_mb":null},{"date":"19720802","time":"1800","status":"TD","lat":23.6,"lon":-66,"wind_kt":25,"pressure_mb":null},{"date":"19720803","time":"0000","status":"TD","lat":23.7,"lon":-67,"wind_kt":25,"pressure_mb":null},{"date":"19720803","time":"0600","status":"TD","lat":23.8,"lon":-68,"wind_kt":20,"pressure_mb":null},{"date":"19720803","time":"1200","status":"TD","lat":24,"lon":-69,"wind_kt":20,"pressure_mb":null}]}},{"type":"Feature","geometry":{"type":"LineString","coordinates":[[-15,15],[-17.2,14.8],[-19.5,14.5],[-21.7,14.2],[-24,14],[-26.1,14],[-28.2,14],[-30.4,14],[-32.5,14],[-35,14]]},"properties":{"id":"hur-al071972","event_type":"hurricane","name":null,"year":1972,"max_wind_kt":25,"min_pressure_mb":null,"category":-1,"preliminary":false,"start_date":"19720805","end_date":"19720807","track":[{"date":"19720805","time":"1200","status":"TD","lat":15,"lon":-15,"wind_kt":null,"pressure_mb":null},{"date":"19720805","time":"1800","status":"TD","lat":14.8,"lon":-17.2,"wind_kt":20,"pressure_mb":null},{"date":"19720806","time":"0000","status":"TD","lat":14.5,"lon":-19.5,"wind_kt":25,"pressure_mb":null},{"date":"19720806","time":"0600","status":"TD","lat":14.2,"lon":-21.7,"wind_kt":25,"pressure_mb":null},{"date":"19720806","time":"1200","status":"TD","lat":14,"lon":-24,"wind_kt":25,"pressure_mb":null},{"date":"19720806","time":"1800","status":"TD","lat":14,"lon":-26.1,"wind_kt":25,"pressure_mb":null},{"date":"19720807","time":"0000","status":"TD","lat":14,"lon":-28.2,"wind_kt":25,"pressure_mb":null},{"date":"19720807","time":"0600","status":"TD","lat":14,"lon":-30.4,"wind_kt":25,"pressure_mb":null},{"date":"19720807","time":"1200","status":"TD","lat":14,"lon":-32.5,"wind_kt":25,"pressure_mb":null},{"date":"19720807","time":"1800","status":"TD","lat":14,"lon":-35,"wind_kt":20,"pressure_mb":null}]}},{"type":"Feature","geometry":{"type":"LineString","coordinates":[[-77,32],[-76.8,32],[-76.5,32.1],[-76.2,32.1],[-76,32.2],[-75.6,32.2],[-75.3,32.3],[-74.9,32.4],[-74.5,32.5],[-74.1,32.7],[-73.7,32.8],[-73.4,32.9],[-73,33]]},"properties":{"id":"hur-al081972","event_type":"hurricane","name":null,"year":1972,"max_wind_kt":25,"min_pressure_mb":null,"category":-1,"preliminary":false,"start_date":"19720812","end_date":"19720815","track":[{"date":"19720812","time":"1200","status":"TD","lat":32,"lon":-77,"wind_kt":20,"pressure_mb":null},{"date":"19720812","time":"1800","status":"TD","lat":32,"lon":-76.8,"wind_kt":20,"pressure_mb":null},{"date":"19720813","time":"0000","status":"TD","lat":32.1,"lon":-76.5,"wind_kt":25,"pressure_mb":null},{"date":"19720813","time":"0600","status":"TD","lat":32.1,"lon":-76.2,"wind_kt":25,"pressure_mb":null},{"date":"19720813","time":"1200","status":"TD","lat":32.2,"lon":-76,"wind_kt":25,"pressure_mb":null},{"date":"19720813","time":"1800","status":"TD","lat":32.2,"lon":-75.6,"wind_kt":25,"pressure_mb":null},{"date":"19720814","time":"0000","status":"TD","lat":32.3,"lon":-75.3,"wind_kt":25,"pressure_mb":null},{"date":"19720814","time":"0600","status":"TD","lat":32.4,"lon":-74.9,"wind_kt":25,"pressure_mb":null},{"date":"19720814","time":"1200","status":"TD","lat":32.5,"lon":-74.5,"wind_kt":25,"pressure_mb":null},{"date":"19720814","time":"1800","status":"TD","lat":32.7,"lon":-74.1,"wind_kt":25,"pressure_mb":null},{"date":"19720815","time":"0000","status":"TD","lat":32.8,"lon":-73.7,"wind_kt":20,"pressure_mb":null},{"date":"19720815","time":"0600","status":"TD","lat":32.9,"lon":-73.4,"wind_kt":20,"pressure_mb":null},{"date":"19720815","time":"1200","status":"TD","lat":33,"lon":-73,"wind_kt":20,"pressure_mb":null}]}},{"type":"Feature","geometry":{"type":"LineString","coordinates":[[-17,14],[-18.4,14.2],[-19.8,14.5],[-21.1,14.7],[-22.5,15],[-23.7,15],[-25,15],[-26.2,15],[-27.5,15]]},"properties":{"id":"hur-al091972","event_type":"hurricane","name":null,"year":1972,"max_wind_kt":25,"min_pressure_mb":null,"category":-1,"preliminary":false,"start_date":"19720816","end_date":"19720818","track":[{"date":"19720816","time":"1200","status":"TD","lat":14,"lon":-17,"wind_kt":20,"pressure_mb":null},{"date":"19720816","time":"1800","status":"TD","lat":14.2,"lon":-18.4,"wind_kt":20,"pressure_mb":null},{"date":"19720817","time":"0000","status":"TD","lat":14.5,"lon":-19.8,"wind_kt":25,"pressure_mb":null},{"date":"19720817","time":"0600","status":"TD","lat":14.7,"lon":-21.1,"wind_kt":25,"pressure_mb":null},{"date":"19720817","time":"1200","status":"TD","lat":15,"lon":-22.5,"wind_kt":25,"pressure_mb":null},{"date":"19720817","time":"1800","status":"TD","lat":15,"lon":-23.7,"wind_kt":25,"pressure_mb":null},{"date":"19720818","time":"0000","status":"TD","lat":15,"lon":-25,"wind_kt":25,"pressure_mb":null},{"date":"19720818","time":"0600","status":"TD","lat":15,"lon":-26.2,"wind_kt":20,"pressure_mb":null},{"date":"19720818","time":"1200","status":"TD","lat":15,"lon":-27.5,"wind_kt":20,"pressure_mb":null}]}},{"type":"Feature","geometry":{"type":"LineString","coordinates":[[-64,36.5],[-62.5,37],[-61,37.5],[-59.5,37.5],[-58,37.5],[-56.8,37.3],[-56.2,37.2],[-55.5,37.2],[-54.8,37.2],[-54.3,37.3],[-53.8,37.3],[-53.5,37.3],[-53.3,37.3],[-53.1,37.2],[-52.9,37.4],[-52.7,37.7],[-52.4,38],[-52,38.3],[-51,38.5],[-49,38.5],[-46.6,38.8],[-44.6,40],[-42.6,40.5],[-40.7,40.9],[-39.9,41.1],[-37,41.2],[-35.7,41],[-34.6,41.2],[-33.4,41.6],[-32.5,41.7],[-32.2,41.6],[-32.1,41.5],[-32.2,41.2],[-32.6,40.9],[-34,40.6],[-35.4,40.7],[-36.8,41.1],[-37.8,41.9],[-38,42.9],[-38.1,44],[-37.9,45.1],[-37.9,46.2]]},"properties":{"id":"hur-al101972","event_type":"hurricane","name":"BETTY","year":1972,"max_wind_kt":90,"min_pressure_mb":976,"category":2,"preliminary":false,"start_date":"19720822","end_date":"19720901","track":[{"date":"19720822","time":"1200","status":"SD","lat":36.5,"lon":-64,"wind_kt":30,"pressure_mb":null},{"date":"19720822","time":"1800","status":"SD","lat":37,"lon":-62.5,"wind_kt":30,"pressure_mb":null},{"date":"19720823","time":"0000","status":"SD","lat":37.5,"lon":-61,"wind_kt":30,"pressure_mb":null},{"date":"19720823","time":"0600","status":"SD","lat":37.5,"lon":-59.5,"wind_kt":30,"pressure_mb":null},{"date":"19720823","time":"1200","status":"SD","lat":37.5,"lon":-58,"wind_kt":30,"pressure_mb":null},{"date":"19720823","time":"1800","status":"SD","lat":37.3,"lon":-56.8,"wind_kt":30,"pressure_mb":null},{"date":"19720824","time":"0000","status":"SS","lat":37.2,"lon":-56.2,"wind_kt":35,"pressure_mb":null},{"date":"19720824","time":"0600","status":"SS","lat":37.2,"lon":-55.5,"wind_kt":35,"pressure_mb":null},{"date":"19720824","time":"1200","status":"SS","lat":37.2,"lon":-54.8,"wind_kt":35,"pressure_mb":null},{"date":"19720824","time":"1800","status":"SS","lat":37.3,"lon":-54.3,"wind_kt":35,"pressure_mb":null},{"date":"19720825","time":"0000","status":"SS","lat":37.3,"lon":-53.8,"wind_kt":35,"pressure_mb":null},{"date":"19720825","time":"0600","status":"SS","lat":37.3,"lon":-53.5,"wind_kt":40,"pressure_mb":null},{"date":"19720825","time":"1200","status":"SS","lat":37.3,"lon":-53.3,"wind_kt":45,"pressure_mb":997},{"date":"19720825","time":"1800","status":"SS","lat":37.2,"lon":-53.1,"wind_kt":45,"pressure_mb":1002},{"date":"19720826","time":"0000","status":"SS","lat":37.4,"lon":-52.9,"wind_kt":55,"pressure_mb":992},{"date":"19720826","time":"0600","status":"SS","lat":37.7,"lon":-52.7,"wind_kt":55,"pressure_mb":null},{"date":"19720826","time":"1200","status":"SS","lat":38,"lon":-52.4,"wind_kt":55,"pressure_mb":998},{"date":"19720826","time":"1800","status":"SS","lat":38.3,"lon":-52,"wind_kt":55,"pressure_mb":998},{"date":"19720827","time":"0000","status":"SS","lat":38.5,"lon":-51,"wind_kt":60,"pressure_mb":null},{"date":"19720827","time":"0600","status":"SS","lat":38.5,"lon":-49,"wind_kt":60,"pressure_mb":null},{"date":"19720827","time":"1200","status":"HU","lat":38.8,"lon":-46.6,"wind_kt":80,"pressure_mb":987},{"date":"19720827","time":"1800","status":"HU","lat":40,"lon":-44.6,"wind_kt":85,"pressure_mb":null},{"date":"19720828","time":"0000","status":"HU","lat":40.5,"lon":-42.6,"wind_kt":90,"pressure_mb":976},{"date":"19720828","time":"0600","status":"HU","lat":40.9,"lon":-40.7,"wind_kt":85,"pressure_mb":null},{"date":"19720828","time":"1200","status":"HU","lat":41.1,"lon":-39.9,"wind_kt":85,"pressure_mb":977},{"date":"19720828","time":"1800","status":"HU","lat":41.2,"lon":-37,"wind_kt":85,"pressure_mb":978},{"date":"19720829","time":"0000","status":"HU","lat":41,"lon":-35.7,"wind_kt":85,"pressure_mb":981},{"date":"19720829","time":"0600","status":"HU","lat":41.2,"lon":-34.6,"wind_kt":85,"pressure_mb":982},{"date":"19720829","time":"1200","status":"HU","lat":41.6,"lon":-33.4,"wind_kt":85,"pressure_mb":986},{"date":"19720829","time":"1800","status":"HU","lat":41.7,"lon":-32.5,"wind_kt":80,"pressure_mb":989},{"date":"19720830","time":"0000","status":"HU","lat":41.6,"lon":-32.2,"wind_kt":75,"pressure_mb":989},{"date":"19720830","time":"0600","status":"HU","lat":41.5,"lon":-32.1,"wind_kt":75,"pressure_mb":989},{"date":"19720830","time":"1200","status":"HU","lat":41.2,"lon":-32.2,"wind_kt":70,"pressure_mb":996},{"date":"19720830","time":"1800","status":"HU","lat":40.9,"lon":-32.6,"wind_kt":65,"pressure_mb":999},{"date":"19720831","time":"0000","status":"TS","lat":40.6,"lon":-34,"wind_kt":55,"pressure_mb":1002},{"date":"19720831","time":"0600","status":"TS","lat":40.7,"lon":-35.4,"wind_kt":45,"pressure_mb":1006},{"date":"19720831","time":"1200","status":"TS","lat":41.1,"lon":-36.8,"wind_kt":40,"pressure_mb":1006},{"date":"19720831","time":"1800","status":"TS","lat":41.9,"lon":-37.8,"wind_kt":40,"pressure_mb":1008},{"date":"19720901","time":"0000","status":"TS","lat":42.9,"lon":-38,"wind_kt":35,"pressure_mb":null},{"date":"19720901","time":"0600","status":"TS","lat":44,"lon":-38.1,"wind_kt":40,"pressure_mb":null},{"date":"19720901","time":"1200","status":"TS","lat":45.1,"lon":-37.9,"wind_kt":45,"pressure_mb":999},{"date":"19720901","time":"1800","status":"TS","lat":46.2,"lon":-37.9,"wind_kt":50,"pressure_mb":null}]}},{"type":"Feature","geometry":{"type":"LineString","coordinates":[[-78.5,29],[-77.2,29.8],[-76,30.5],[-75,31],[-74,31.5],[-73,32],[-72,32.5],[-71.2,33],[-70.5,33.5],[-69.7,33.8],[-69.3,34.3],[-69,34.5],[-69,35],[-69,35.2],[-69.2,35.5],[-70.1,36.2],[-70.9,36.9],[-71,37.4],[-71.2,37.9],[-71.1,38.8],[-70.8,39.7],[-70.2,40.6],[-69.5,41.5],[-68.5,42.8],[-67.5,44.8],[-66.5,45.7],[-65.5,46.5],[-64.5,46.8],[-63,47]]},"properties":{"id":"hur-al111972","event_type":"hurricane","name":"CARRIE","year":1972,"max_wind_kt":60,"min_pressure_mb":992,"category":0,"preliminary":false,"start_date":"19720829","end_date":"19720905","track":[{"date":"19720829","time":"1200","status":"TD","lat":29,"lon":-78.5,"wind_kt":30,"pressure_mb":1012},{"date":"19720829","time":"1800","status":"TD","lat":29.8,"lon":-77.2,"wind_kt":30,"pressure_mb":null},{"date":"19720830","time":"0000","status":"TD","lat":30.5,"lon":-76,"wind_kt":30,"pressure_mb":null},{"date":"19720830","time":"0600","status":"TD","lat":31,"lon":-75,"wind_kt":30,"pressure_mb":null},{"date":"19720830","time":"1200","status":"TD","lat":31.5,"lon":-74,"wind_kt":30,"pressure_mb":null},{"date":"19720830","time":"1800","status":"TD","lat":32,"lon":-73,"wind_kt":30,"pressure_mb":null},{"date":"19720831","time":"0000","status":"TS","lat":32.5,"lon":-72,"wind_kt":35,"pressure_mb":null},{"date":"19720831","time":"0600","status":"TS","lat":33,"lon":-71.2,"wind_kt":40,"pressure_mb":null},{"date":"19720831","time":"1200","status":"TS","lat":33.5,"lon":-70.5,"wind_kt":45,"pressure_mb":null},{"date":"19720831","time":"1800","status":"TS","lat":33.8,"lon":-69.7,"wind_kt":50,"pressure_mb":1002},{"date":"19720901","time":"0000","status":"TS","lat":34.3,"lon":-69.3,"wind_kt":50,"pressure_mb":null},{"date":"19720901","time":"0600","status":"TS","lat":34.5,"lon":-69,"wind_kt":50,"pressure_mb":null},{"date":"19720901","time":"1200","status":"TS","lat":35,"lon":-69,"wind_kt":50,"pressure_mb":null},{"date":"19720901","time":"1800","status":"TS","lat":35.2,"lon":-69,"wind_kt":45,"pressure_mb":null},{"date":"19720902","time":"0000","status":"TS","lat":35.5,"lon":-69.2,"wind_kt":40,"pressure_mb":null},{"date":"19720902","time":"0600","status":"TS","lat":36.2,"lon":-70.1,"wind_kt":35,"pressure_mb":null},{"date":"19720902","time":"1200","status":"TS","lat":36.9,"lon":-70.9,"wind_kt":40,"pressure_mb":1007},{"date":"19720902","time":"1800","status":"TS","lat":37.4,"lon":-71,"wind_kt":40,"pressure_mb":null},{"date":"19720903","time":"0000","status":"TS","lat":37.9,"lon":-71.2,"wind_kt":45,"pressure_mb":1002},{"date":"19720903","time":"0600","status":"TS","lat":38.8,"lon":-71.1,"wind_kt":50,"pressure_mb":null},{"date":"19720903","time":"1200","status":"TS","lat":39.7,"lon":-70.8,"wind_kt":55,"pressure_mb":null},{"date":"19720903","time":"1800","status":"TS","lat":40.6,"lon":-70.2,"wind_kt":60,"pressure_mb":993},{"date":"19720904","time":"0000","status":"EX","lat":41.5,"lon":-69.5,"wind_kt":55,"pressure_mb":992},{"date":"19720904","time":"0600","status":"EX","lat":42.8,"lon":-68.5,"wind_kt":50,"pressure_mb":null},{"date":"19720904","time":"1200","status":"EX","lat":44.8,"lon":-67.5,"wind_kt":50,"pressure_mb":null},{"date":"19720904","time":"1800","status":"EX","lat":45.7,"lon":-66.5,"wind_kt":45,"pressure_mb":null},{"date":"19720905","time":"0000","status":"EX","lat":46.5,"lon":-65.5,"wind_kt":40,"pressure_mb":1005},{"date":"19720905","time":"0600","status":"EX","lat":46.8,"lon":-64.5,"wind_kt":40,"pressure_mb":null},{"date":"19720905","time":"1200","status":"EX","lat":47,"lon":-63,"wind_kt":40,"pressure_mb":null}]}},{"type":"Feature","geometry":{"type":"LineString","coordinates":[[-51.5,30.5],[-50.6,30.8],[-49.7,31.2],[-48.8,31.6],[-48,32],[-46.8,32.5],[-45.5,33],[-44.3,33.5],[-43,34]]},"properties":{"id":"hur-al121972","event_type":"hurricane","name":null,"year":1972,"max_wind_kt":25,"min_pressure_mb":null,"category":-1,"preliminary":false,"start_date":"19720903","end_date":"19720905","track":[{"date":"19720903","time":"1200","status":"TD","lat":30.5,"lon":-51.5,"wind_kt":20,"pressure_mb":null},{"date":"19720903","time":"1800","status":"TD","lat":30.8,"lon":-50.6,"wind_kt":25,"pressure_mb":null},{"date":"19720904","time":"0000","status":"TD","lat":31.2,"lon":-49.7,"wind_kt":25,"pressure_mb":null},{"date":"19720904","time":"0600","status":"TD","lat":31.6,"lon":-48.8,"wind_kt":25,"pressure_mb":null},{"date":"19720904","time":"1200","status":"TD","lat":32,"lon":-48,"wind_kt":25,"pressure_mb":null},{"date":"19720904","time":"1800","status":"TD","lat":32.5,"lon":-46.8,"wind_kt":25,"pressure_mb":null},{"date":"19720905","time":"0000","status":"TD","lat":33,"lon":-45.5,"wind_kt":25,"pressure_mb":null},{"date":"19720905","time":"0600","status":"TD","lat":33.5,"lon":-44.3,"wind_kt":20,"pressure_mb":null},{"date":"19720905","time":"1200","status":"TD","lat":34,"lon":-43,"wind_kt":20,"pressure_mb":null}]}},{"type":"Feature","geometry":{"type":"LineString","coordinates":[[-79.4,23.8],[-80,24.3],[-80.4,24.9],[-80.5,25.6],[-79.9,26.2],[-79,26.8],[-77.9,27.3],[-76,28.2],[-74.4,29.2],[-72.8,30.2],[-71.2,32],[-70.4,33.8],[-70.8,35.2],[-71.5,36],[-72.4,36.4],[-73.5,36.6],[-74.2,36.1],[-74.5,35.6],[-74.2,35],[-73.9,34.8],[-73,34.1],[-72.2,33.4],[-71.9,32.9],[-71.8,32],[-72.1,31.2],[-73.1,30.7],[-74.1,30.2],[-75.1,30.1],[-76.2,30.1],[-77.1,30.2],[-78,30.7],[-78.8,31],[-79.7,30.8],[-80.6,30.8],[-81,31.1],[-81,31.7],[-80.6,31.9],[-80,32.4],[-79.5,32.8]]},"properties":{"id":"hur-al131972","event_type":"hurricane","name":"DAWN","year":1972,"max_wind_kt":70,"min_pressure_mb":997,"category":1,"preliminary":false,"start_date":"19720905","end_date":"19720914","track":[{"date":"19720905","time":"0000","status":"TD","lat":23.8,"lon":-79.4,"wind_kt":30,"pressure_mb":null},{"date":"19720905","time":"0600","status":"TD","lat":24.3,"lon":-80,"wind_kt":30,"pressure_mb":null},{"date":"19720905","time":"1200","status":"TD","lat":24.9,"lon":-80.4,"wind_kt":30,"pressure_mb":null},{"date":"19720905","time":"1800","status":"TD","lat":25.6,"lon":-80.5,"wind_kt":30,"pressure_mb":1007},{"date":"19720906","time":"0000","status":"TD","lat":26.2,"lon":-79.9,"wind_kt":30,"pressure_mb":null},{"date":"19720906","time":"0600","status":"TD","lat":26.8,"lon":-79,"wind_kt":30,"pressure_mb":null},{"date":"19720906","time":"1200","status":"TS","lat":27.3,"lon":-77.9,"wind_kt":40,"pressure_mb":null},{"date":"19720906","time":"1800","status":"TS","lat":28.2,"lon":-76,"wind_kt":50,"pressure_mb":1005},{"date":"19720907","time":"0000","status":"TS","lat":29.2,"lon":-74.4,"wind_kt":55,"pressure_mb":null},{"date":"19720907","time":"0600","status":"TS","lat":30.2,"lon":-72.8,"wind_kt":55,"pressure_mb":1001},{"date":"19720907","time":"1200","status":"TS","lat":32,"lon":-71.2,"wind_kt":60,"pressure_mb":null},{"date":"19720907","time":"1800","status":"HU","lat":33.8,"lon":-70.4,"wind_kt":65,"pressure_mb":null},{"date":"19720908","time":"0000","status":"HU","lat":35.2,"lon":-70.8,"wind_kt":70,"pressure_mb":998},{"date":"19720908","time":"0600","status":"HU","lat":36,"lon":-71.5,"wind_kt":70,"pressure_mb":null},{"date":"19720908","time":"1200","status":"HU","lat":36.4,"lon":-72.4,"wind_kt":70,"pressure_mb":997},{"date":"19720908","time":"1800","status":"HU","lat":36.6,"lon":-73.5,"wind_kt":65,"pressure_mb":null},{"date":"19720909","time":"0000","status":"TS","lat":36.1,"lon":-74.2,"wind_kt":60,"pressure_mb":1000},{"date":"19720909","time":"0600","status":"TS","lat":35.6,"lon":-74.5,"wind_kt":50,"pressure_mb":null},{"date":"19720909","time":"1200","status":"TS","lat":35,"lon":-74.2,"wind_kt":45,"pressure_mb":1005},{"date":"19720909","time":"1800","status":"TS","lat":34.8,"lon":-73.9,"wind_kt":45,"pressure_mb":null},{"date":"19720910","time":"0000","status":"TS","lat":34.1,"lon":-73,"wind_kt":45,"pressure_mb":null},{"date":"19720910","time":"0600","status":"TS","lat":33.4,"lon":-72.2,"wind_kt":45,"pressure_mb":null},{"date":"19720910","time":"1200","status":"TS","lat":32.9,"lon":-71.9,"wind_kt":45,"pressure_mb":null},{"date":"19720910","time":"1800","status":"TS","lat":32,"lon":-71.8,"wind_kt":45,"pressure_mb":null},{"date":"19720911","time":"0000","status":"TS","lat":31.2,"lon":-72.1,"wind_kt":45,"pressure_mb":null},{"date":"19720911","time":"0600","status":"TS","lat":30.7,"lon":-73.1,"wind_kt":40,"pressure_mb":1007},{"date":"19720911","time":"1200","status":"TS","lat":30.2,"lon":-74.1,"wind_kt":40,"pressure_mb":null},{"date":"19720911","time":"1800","status":"TS","lat":30.1,"lon":-75.1,"wind_kt":40,"pressure_mb":null},{"date":"19720912","time":"0000","status":"TS","lat":30.1,"lon":-76.2,"wind_kt":40,"pressure_mb":null},{"date":"19720912","time":"0600","status":"TS","lat":30.2,"lon":-77.1,"wind_kt":35,"pressure_mb":1014},{"date":"19720912","time":"1200","status":"TS","lat":30.7,"lon":-78,"wind_kt":35,"pressure_mb":null},{"date":"19720912","time":"1800","status":"TD","lat":31,"lon":-78.8,"wind_kt":30,"pressure_mb":null},{"date":"19720913","time":"0000","status":"TD","lat":30.8,"lon":-79.7,"wind_kt":30,"pressure_mb":null},{"date":"19720913","time":"0600","status":"TD","lat":30.8,"lon":-80.6,"wind_kt":30,"pressure_mb":null},{"date":"19720913","time":"1200","status":"TD","lat":31.1,"lon":-81,"wind_kt":30,"pressure_mb":null},{"date":"19720913","time":"1800","status":"TD","lat":31.7,"lon":-81,"wind_kt":30,"pressure_mb":null},{"date":"19720914","time":"0000","status":"TD","lat":31.9,"lon":-80.6,"wind_kt":30,"pressure_mb":null},{"date":"19720914","time":"0600","status":"TD","lat":32.4,"lon":-80,"wind_kt":30,"pressure_mb":null},{"date":"19720914","time":"1200","status":"TD","lat":32.8,"lon":-79.5,"wind_kt":30,"pressure_mb":null}]}},{"type":"Feature","geometry":{"type":"LineString","coordinates":[[-59.5,37.5],[-59.3,38.5],[-59,39.5],[-57.5,40],[-54.2,40.7],[-49.8,41.7],[-45.4,42.8],[-40,46],[-37,49.5],[-36,52],[-36,54]]},"properties":{"id":"hur-al141972","event_type":"hurricane","name":"CHARLIE","year":1972,"max_wind_kt":60,"min_pressure_mb":944,"category":0,"preliminary":false,"start_date":"19720919","end_date":"19720922","track":[{"date":"19720919","time":"1200","status":"SD","lat":37.5,"lon":-59.5,"wind_kt":25,"pressure_mb":null},{"date":"19720919","time":"1800","status":"SD","lat":38.5,"lon":-59.3,"wind_kt":30,"pressure_mb":1008},{"date":"19720920","time":"0000","status":"SS","lat":39.5,"lon":-59,"wind_kt":35,"pressure_mb":null},{"date":"19720920","time":"0600","status":"SS","lat":40,"lon":-57.5,"wind_kt":40,"pressure_mb":null},{"date":"19720920","time":"1200","status":"SS","lat":40.7,"lon":-54.2,"wind_kt":50,"pressure_mb":1001},{"date":"19720920","time":"1800","status":"SS","lat":41.7,"lon":-49.8,"wind_kt":50,"pressure_mb":null},{"date":"19720921","time":"0000","status":"SS","lat":42.8,"lon":-45.4,"wind_kt":55,"pressure_mb":null},{"date":"19720921","time":"0600","status":"EX","lat":46,"lon":-40,"wind_kt":60,"pressure_mb":992},{"date":"19720921","time":"1200","status":"EX","lat":49.5,"lon":-37,"wind_kt":60,"pressure_mb":null},{"date":"19720921","time":"1800","status":"EX","lat":52,"lon":-36,"wind_kt":60,"pressure_mb":944},{"date":"19720922","time":"0000","status":"EX","lat":54,"lon":-36,"wind_kt":60,"pressure_mb":null}]}},{"type":"Feature","geometry":{"type":"LineString","coordinates":[[-33,13],[-34,13],[-35,13],[-36,13],[-37,13],[-37.7,13.4],[-38.5,13.8],[-39.2,14.2],[-40,14.5],[-40.5,15],[-41,15.5],[-41.5,16],[-42,16.5],[-43.2,16.4],[-44.4,16.3],[-45.5,16.2],[-46.5,16]]},"properties":{"id":"hur-al151972","event_type":"hurricane","name":null,"year":1972,"max_wind_kt":25,"min_pressure_mb":null,"category":-1,"preliminary":false,"start_date":"19720920","end_date":"19720924","track":[{"date":"19720920","time":"1200","status":"TD","lat":13,"lon":-33,"wind_kt":20,"pressure_mb":null},{"date":"19720920","time":"1800","status":"TD","lat":13,"lon":-34,"wind_kt":25,"pressure_mb":null},{"date":"19720921","time":"0000","status":"TD","lat":13,"lon":-35,"wind_kt":25,"pressure_mb":null},{"date":"19720921","time":"0600","status":"TD","lat":13,"lon":-36,"wind_kt":25,"pressure_mb":null},{"date":"19720921","time":"1200","status":"TD","lat":13,"lon":-37,"wind_kt":25,"pressure_mb":null},{"date":"19720921","time":"1800","status":"TD","lat":13.4,"lon":-37.7,"wind_kt":25,"pressure_mb":null},{"date":"19720922","time":"0000","status":"TD","lat":13.8,"lon":-38.5,"wind_kt":25,"pressure_mb":null},{"date":"19720922","time":"0600","status":"TD","lat":14.2,"lon":-39.2,"wind_kt":25,"pressure_mb":null},{"date":"19720922","time":"1200","status":"TD","lat":14.5,"lon":-40,"wind_kt":25,"pressure_mb":null},{"date":"19720922","time":"1800","status":"TD","lat":15,"lon":-40.5,"wind_kt":25,"pressure_mb":null},{"date":"19720923","time":"0000","status":"TD","lat":15.5,"lon":-41,"wind_kt":25,"pressure_mb":null},{"date":"19720923","time":"0600","status":"TD","lat":16,"lon":-41.5,"wind_kt":25,"pressure_mb":null},{"date":"19720923","time":"1200","status":"TD","lat":16.5,"lon":-42,"wind_kt":20,"pressure_mb":null},{"date":"19720923","time":"1800","status":"TD","lat":16.4,"lon":-43.2,"wind_kt":20,"pressure_mb":null},{"date":"19720924","time":"0000","status":"TD","lat":16.3,"lon":-44.4,"wind_kt":20,"pressure_mb":null},{"date":"19720924","time":"0600","status":"TD","lat":16.2,"lon":-45.5,"wind_kt":20,"pressure_mb":null},{"date":"19720924","time":"1200","status":"TD","lat":16,"lon":-46.5,"wind_kt":20,"pressure_mb":null}]}},{"type":"Feature","geometry":{"type":"LineString","coordinates":[[-53.5,29.5],[-53.6,30.7],[-53.7,32],[-53.8,33.2],[-54,34.5],[-53.2,35.7],[-52.5,37],[-51.8,38.2],[-51,39.5]]},"properties":{"id":"hur-al161972","event_type":"hurricane","name":null,"year":1972,"max_wind_kt":25,"min_pressure_mb":null,"category":-1,"preliminary":false,"start_date":"19721001","end_date":"19721003","track":[{"date":"19721001","time":"1200","status":"TD","lat":29.5,"lon":-53.5,"wind_kt":20,"pressure_mb":null},{"date":"19721001","time":"1800","status":"TD","lat":30.7,"lon":-53.6,"wind_kt":25,"pressure_mb":null},{"date":"19721002","time":"0000","status":"TD","lat":32,"lon":-53.7,"wind_kt":25,"pressure_mb":null},{"date":"19721002","time":"0600","status":"TD","lat":33.2,"lon":-53.8,"wind_kt":25,"pressure_mb":null},{"date":"19721002","time":"1200","status":"TD","lat":34.5,"lon":-54,"wind_kt":25,"pressure_mb":null},{"date":"19721002","time":"1800","status":"TD","lat":35.7,"lon":-53.2,"wind_kt":25,"pressure_mb":null},{"date":"19721003","time":"0000","status":"TD","lat":37,"lon":-52.5,"wind_kt":25,"pressure_mb":null},{"date":"19721003","time":"0600","status":"TD","lat":38.2,"lon":-51.8,"wind_kt":20,"pressure_mb":null},{"date":"19721003","time":"1200","status":"TD","lat":39.5,"lon":-51,"wind_kt":20,"pressure_mb":null}]}},{"type":"Feature","geometry":{"type":"LineString","coordinates":[[-18,11.5],[-20,11.4],[-22,11.3],[-24,11.2],[-26,11],[-28,11],[-30,11],[-32,11],[-34,11],[-35.2,11.2],[-36.5,11.5],[-37.8,11.7],[-39,12],[-39.9,12.3],[-40.8,12.7],[-41.6,13.1],[-42.5,13.5],[-43.2,14],[-44,14.5],[-44.8,15],[-45.5,15.5],[-46.2,16],[-47,16.5],[-47.8,17],[-48.5,17.5],[-49.1,17.9],[-49.7,18.3],[-50.3,19.1],[-51,20],[-51.5,20.7],[-52,21.5],[-52.5,22.2],[-53,23],[-53.2,24.4],[-53.5,25.8],[-53.7,27.1],[-54,28.5],[-53.3,29.8],[-52.5,31.2],[-51.8,32.6],[-51,34]]},"properties":{"id":"hur-al171972","event_type":"hurricane","name":null,"year":1972,"max_wind_kt":30,"min_pressure_mb":null,"category":-1,"preliminary":false,"start_date":"19721005","end_date":"19721015","track":[{"date":"19721005","time":"1200","status":"TD","lat":11.5,"lon":-18,"wind_kt":20,"pressure_mb":null},{"date":"19721005","time":"1800","status":"TD","lat":11.4,"lon":-20,"wind_kt":25,"pressure_mb":null},{"date":"19721006","time":"0000","status":"TD","lat":11.3,"lon":-22,"wind_kt":25,"pressure_mb":null},{"date":"19721006","time":"0600","status":"TD","lat":11.2,"lon":-24,"wind_kt":25,"pressure_mb":null},{"date":"19721006","time":"1200","status":"TD","lat":11,"lon":-26,"wind_kt":30,"pressure_mb":null},{"date":"19721006","time":"1800","status":"TD","lat":11,"lon":-28,"wind_kt":30,"pressure_mb":null},{"date":"19721007","time":"0000","status":"TD","lat":11,"lon":-30,"wind_kt":30,"pressure_mb":null},{"date":"19721007","time":"0600","status":"TD","lat":11,"lon":-32,"wind_kt":30,"pressure_mb":null},{"date":"19721007","time":"1200","status":"TD","lat":11,"lon":-34,"wind_kt":30,"pressure_mb":null},{"date":"19721007","time":"1800","status":"TD","lat":11.2,"lon":-35.2,"wind_kt":30,"pressure_mb":null},{"date":"19721008","time":"0000","status":"TD","lat":11.5,"lon":-36.5,"wind_kt":30,"pressure_mb":null},{"date":"19721008","time":"0600","status":"TD","lat":11.7,"lon":-37.8,"wind_kt":30,"pressure_mb":null},{"date":"19721008","time":"1200","status":"TD","lat":12,"lon":-39,"wind_kt":30,"pressure_mb":null},{"date":"19721008","time":"1800","status":"TD","lat":12.3,"lon":-39.9,"wind_kt":30,"pressure_mb":null},{"date":"19721009","time":"0000","status":"TD","lat":12.7,"lon":-40.8,"wind_kt":30,"pressure_mb":null},{"date":"19721009","time":"0600","status":"TD","lat":13.1,"lon":-41.6,"wind_kt":30,"pressure_mb":null},{"date":"19721009","time":"1200","status":"TD","lat":13.5,"lon":-42.5,"wind_kt":30,"pressure_mb":null},{"date":"19721009","time":"1800","status":"TD","lat":14,"lon":-43.2,"wind_kt":30,"pressure_mb":null},{"date":"19721010","time":"0000","status":"TD","lat":14.5,"lon":-44,"wind_kt":30,"pressure_mb":null},{"date":"19721010","time":"0600","status":"TD","lat":15,"lon":-44.8,"wind_kt":30,"pressure_mb":null},{"date":"19721010","time":"1200","status":"TD","lat":15.5,"lon":-45.5,"wind_kt":30,"pressure_mb":null},{"date":"19721010","time":"1800","status":"TD","lat":16,"lon":-46.2,"wind_kt":30,"pressure_mb":null},{"date":"19721011","time":"0000","status":"TD","lat":16.5,"lon":-47,"wind_kt":30,"pressure_mb":null},{"date":"19721011","time":"0600","status":"TD","lat":17,"lon":-47.8,"wind_kt":30,"pressure_mb":null},{"date":"19721011","time":"1200","status":"TD","lat":17.5,"lon":-48.5,"wind_kt":30,"pressure_mb":null},{"date":"19721011","time":"1800","status":"TD","lat":17.9,"lon":-49.1,"wind_kt":30,"pressure_mb":null},{"date":"19721012","time":"0000","status":"TD","lat":18.3,"lon":-49.7,"wind_kt":30,"pressure_mb":null},{"date":"19721012","time":"0600","status":"TD","lat":19.1,"lon":-50.3,"wind_kt":30,"pressure_mb":null},{"date":"19721012","time":"1200","status":"TD","lat":20,"lon":-51,"wind_kt":30,"pressure_mb":null},{"date":"19721012","time":"1800","status":"TD","lat":20.7,"lon":-51.5,"wind_kt":30,"pressure_mb":null},{"date":"19721013","time":"0000","status":"TD","lat":21.5,"lon":-52,"wind_kt":30,"pressure_mb":null},{"date":"19721013","time":"0600","status":"TD","lat":22.2,"lon":-52.5,"wind_kt":30,"pressure_mb":null},{"date":"19721013","time":"1200","status":"TD","lat":23,"lon":-53,"wind_kt":30,"pressure_mb":null},{"date":"19721013","time":"1800","status":"TD","lat":24.4,"lon":-53.2,"wind_kt":30,"pressure_mb":null},{"date":"19721014","time":"0000","status":"TD","lat":25.8,"lon":-53.5,"wind_kt":30,"pressure_mb":null},{"date":"19721014","time":"0600","status":"TD","lat":27.1,"lon":-53.7,"wind_kt":30,"pressure_mb":null},{"date":"19721014","time":"1200","status":"TD","lat":28.5,"lon":-54,"wind_kt":30,"pressure_mb":null},{"date":"19721014","time":"1800","status":"TD","lat":29.8,"lon":-53.3,"wind_kt":30,"pressure_mb":null},{"date":"19721015","time":"0000","status":"TD","lat":31.2,"lon":-52.5,"wind_kt":25,"pressure_mb":null},{"date":"19721015","time":"0600","status":"TD","lat":32.6,"lon":-51.8,"wind_kt":25,"pressure_mb":null},{"date":"19721015","time":"1200","status":"TD","lat":34,"lon":-51,"wind_kt":20,"pressure_mb":null}]}},{"type":"Feature","geometry":{"type":"LineString","coordinates":[[-29,12],[-30,12],[-31,12],[-32,12],[-33,12],[-33.8,12.2],[-34.5,12.5],[-35.2,12.7],[-36,13],[-36.7,13.2],[-37.5,13.3],[-38.2,13.4],[-39,13.5],[-38.7,13.6],[-38.3,13.7],[-37.9,13.8],[-37.5,14]]},"properties":{"id":"hur-al181972","event_type":"hurricane","name":null,"year":1972,"max_wind_kt":25,"min_pressure_mb":null,"category":-1,"preliminary":false,"start_date":"19721016","end_date":"19721020","track":[{"date":"19721016","time":"1200","status":"TD","lat":12,"lon":-29,"wind_kt":20,"pressure_mb":null},{"date":"19721016","time":"1800","status":"TD","lat":12,"lon":-30,"wind_kt":25,"pressure_mb":null},{"date":"19721017","time":"0000","status":"TD","lat":12,"lon":-31,"wind_kt":25,"pressure_mb":null},{"date":"19721017","time":"0600","status":"TD","lat":12,"lon":-32,"wind_kt":25,"pressure_mb":null},{"date":"19721017","time":"1200","status":"TD","lat":12,"lon":-33,"wind_kt":25,"pressure_mb":null},{"date":"19721017","time":"1800","status":"TD","lat":12.2,"lon":-33.8,"wind_kt":25,"pressure_mb":null},{"date":"19721018","time":"0000","status":"TD","lat":12.5,"lon":-34.5,"wind_kt":25,"pressure_mb":null},{"date":"19721018","time":"0600","status":"TD","lat":12.7,"lon":-35.2,"wind_kt":25,"pressure_mb":null},{"date":"19721018","time":"1200","status":"TD","lat":13,"lon":-36,"wind_kt":25,"pressure_mb":null},{"date":"19721018","time":"1800","status":"TD","lat":13.2,"lon":-36.7,"wind_kt":25,"pressure_mb":null},{"date":"19721019","time":"0000","status":"TD","lat":13.3,"lon":-37.5,"wind_kt":25,"pressure_mb":null},{"date":"19721019","time":"0600","status":"TD","lat":13.4,"lon":-38.2,"wind_kt":25,"pressure_mb":null},{"date":"19721019","time":"1200","status":"TD","lat":13.5,"lon":-39,"wind_kt":25,"pressure_mb":null},{"date":"19721019","time":"1800","status":"TD","lat":13.6,"lon":-38.7,"wind_kt":25,"pressure_mb":null},{"date":"19721020","time":"0000","status":"TD","lat":13.7,"lon":-38.3,"wind_kt":20,"pressure_mb":null},{"date":"19721020","time":"0600","status":"TD","lat":13.8,"lon":-37.9,"wind_kt":20,"pressure_mb":null},{"date":"19721020","time":"1200","status":"TD","lat":14,"lon":-37.5,"wind_kt":20,"pressure_mb":null}]}},{"type":"Feature","geometry":{"type":"LineString","coordinates":[[-47.5,35],[-48,34.7],[-48.3,34.4],[-48.6,34.2],[-48.9,33.8],[-49.2,33.5],[-49.8,32.7],[-50,32],[-50.1,31],[-49.7,30],[-48.6,29.8],[-47.6,29.7],[-46.9,29.8],[-46.3,30.1],[-45.6,30.2],[-45,30.3],[-44,30.3],[-43,30.3],[-42.5,30.3],[-42.1,30.3],[-42,30.7],[-42,31],[-42.1,31.2],[-42.1,31.3],[-42.5,32.5]]},"properties":{"id":"hur-al191972","event_type":"hurricane","name":"DELTA","year":1972,"max_wind_kt":40,"min_pressure_mb":1001,"category":0,"preliminary":false,"start_date":"19721101","end_date":"19721107","track":[{"date":"19721101","time":"1800","status":"SD","lat":35,"lon":-47.5,"wind_kt":25,"pressure_mb":1013},{"date":"19721102","time":"0000","status":"SS","lat":34.7,"lon":-48,"wind_kt":35,"pressure_mb":null},{"date":"19721102","time":"0600","status":"SS","lat":34.4,"lon":-48.3,"wind_kt":35,"pressure_mb":null},{"date":"19721102","time":"1200","status":"SS","lat":34.2,"lon":-48.6,"wind_kt":40,"pressure_mb":1003},{"date":"19721102","time":"1800","status":"SS","lat":33.8,"lon":-48.9,"wind_kt":40,"pressure_mb":null},{"date":"19721103","time":"0000","status":"SS","lat":33.5,"lon":-49.2,"wind_kt":40,"pressure_mb":1001},{"date":"19721103","time":"0600","status":"SS","lat":32.7,"lon":-49.8,"wind_kt":40,"pressure_mb":null},{"date":"19721103","time":"1200","status":"SS","lat":32,"lon":-50,"wind_kt":40,"pressure_mb":1003},{"date":"19721103","time":"1800","status":"SS","lat":31,"lon":-50.1,"wind_kt":40,"pressure_mb":null},{"date":"19721104","time":"0000","status":"SS","lat":30,"lon":-49.7,"wind_kt":40,"pressure_mb":1003},{"date":"19721104","time":"0600","status":"SS","lat":29.8,"lon":-48.6,"wind_kt":40,"pressure_mb":null},{"date":"19721104","time":"1200","status":"SS","lat":29.7,"lon":-47.6,"wind_kt":35,"pressure_mb":1005},{"date":"19721104","time":"1800","status":"SS","lat":29.8,"lon":-46.9,"wind_kt":35,"pressure_mb":null},{"date":"19721105","time":"0000","status":"SD","lat":30.1,"lon":-46.3,"wind_kt":30,"pressure_mb":1006},{"date":"19721105","time":"0600","status":"SD","lat":30.2,"lon":-45.6,"wind_kt":30,"pressure_mb":null},{"date":"19721105","time":"1200","status":"SD","lat":30.3,"lon":-45,"wind_kt":30,"pressure_mb":1008},{"date":"19721105","time":"1800","status":"SD","lat":30.3,"lon":-44,"wind_kt":30,"pressure_mb":null},{"date":"19721106","time":"0000","status":"SD","lat":30.3,"lon":-43,"wind_kt":25,"pressure_mb":1008},{"date":"19721106","time":"0600","status":"SD","lat":30.3,"lon":-42.5,"wind_kt":25,"pressure_mb":null},{"date":"19721106","time":"1200","status":"SD","lat":30.3,"lon":-42.1,"wind_kt":25,"pressure_mb":1010},{"date":"19721106","time":"1800","status":"SD","lat":30.7,"lon":-42,"wind_kt":25,"pressure_mb":null},{"date":"19721107","time":"0000","status":"SD","lat":31,"lon":-42,"wind_kt":25,"pressure_mb":1011},{"date":"19721107","time":"0600","status":"SD","lat":31.2,"lon":-42.1,"wind_kt":25,"pressure_mb":null},{"date":"19721107","time":"1200","status":"SD","lat":31.3,"lon":-42.1,"wind_kt":25,"pressure_mb":1011},{"date":"19721107","time":"1800","status":"SD","lat":32.5,"lon":-42.5,"wind_kt":25,"pressure_mb":null}]}},{"type":"Feature","geometry":{"type":"LineString","coordinates":[[-65,24],[-65,24.5],[-65,25],[-65,25.5],[-65,26.5],[-64.2,26.5],[-63.5,27],[-62.8,27.5],[-62,28],[-60.7,27.6],[-59.3,27.2],[-57.9,26.9],[-56.5,26.5]]},"properties":{"id":"hur-al011973","event_type":"hurricane","name":null,"year":1973,"max_wind_kt":25,"min_pressure_mb":null,"category":-1,"preliminary":false,"start_date":"19730418","end_date":"19730421","track":[{"date":"19730418","time":"1200","status":"TD","lat":24,"lon":-65,"wind_kt":20,"pressure_mb":null},{"date":"19730418","time":"1800","status":"TD","lat":24.5,"lon":-65,"wind_kt":20,"pressure_mb":null},{"date":"19730419","time":"0000","status":"TD","lat":25,"lon":-65,"wind_kt":20,"pressure_mb":null},{"date":"19730419","time":"0600","status":"TD","lat":25.5,"lon":-65,"wind_kt":25,"pressure_mb":null},{"date":"19730419","time":"1200","status":"TD","lat":26.5,"lon":-65,"wind_kt":25,"pressure_mb":null},{"date":"19730419","time":"1800","status":"TD","lat":26.5,"lon":-64.2,"wind_kt":25,"pressure_mb":null},{"date":"19730420","time":"0000","status":"TD","lat":27,"lon":-63.5,"wind_kt":25,"pressure_mb":null},{"date":"19730420","time":"0600","status":"TD","lat":27.5,"lon":-62.8,"wind_kt":25,"pressure_mb":null},{"date":"19730420","time":"1200","status":"TD","lat":28,"lon":-62,"wind_kt":25,"pressure_mb":null},{"date":"19730420","time":"1800","status":"TD","lat":27.6,"lon":-60.7,"wind_kt":20,"pressure_mb":null},{"date":"19730421","time":"0000","status":"TD","lat":27.2,"lon":-59.3,"wind_kt":20,"pressure_mb":null},{"date":"19730421","time":"0600","status":"TD","lat":26.9,"lon":-57.9,"wind_kt":20,"pressure_mb":null},{"date":"19730421","time":"1200","status":"TD","lat":26.5,"lon":-56.5,"wind_kt":20,"pressure_mb":null}]}},{"type":"Feature","geometry":{"type":"LineString","coordinates":[[-62.5,25],[-61.6,25.6],[-60.8,26.2],[-59.9,26.8],[-59,27.5],[-57.7,27.8],[-56.5,28.2],[-55.3,28.6],[-54,29],[-52.2,29.2],[-50.5,29.5],[-48.8,29.7],[-47,30]]},"properties":{"id":"hur-al021973","event_type":"hurricane","name":null,"year":1973,"max_wind_kt":25,"min_pressure_mb":null,"category":-1,"preliminary":false,"start_date":"19730502","end_date":"19730505","track":[{"date":"19730502","time":"1200","status":"TD","lat":25,"lon":-62.5,"wind_kt":20,"pressure_mb":null},{"date":"19730502","time":"1800","status":"TD","lat":25.6,"lon":-61.6,"wind_kt":20,"pressure_mb":null},{"date":"19730503","time":"0000","status":"TD","lat":26.2,"lon":-60.8,"wind_kt":25,"pressure_mb":null},{"date":"19730503","time":"0600","status":"TD","lat":26.8,"lon":-59.9,"wind_kt":25,"pressure_mb":null},{"date":"19730503","time":"1200","status":"TD","lat":27.5,"lon":-59,"wind_kt":25,"pressure_mb":null},{"date":"19730503","time":"1800","status":"TD","lat":27.8,"lon":-57.7,"wind_kt":25,"pressure_mb":null},{"date":"19730504","time":"0000","status":"TD","lat":28.2,"lon":-56.5,"wind_kt":25,"pressure_mb":null},{"date":"19730504","time":"0600","status":"TD","lat":28.6,"lon":-55.3,"wind_kt":25,"pressure_mb":null},{"date":"19730504","time":"1200","status":"TD","lat":29,"lon":-54,"wind_kt":25,"pressure_mb":null},{"date":"19730504","time":"1800","status":"TD","lat":29.2,"lon":-52.2,"wind_kt":25,"pressure_mb":null},{"date":"19730505","time":"0000","status":"TD","lat":29.5,"lon":-50.5,"wind_kt":20,"pressure_mb":null},{"date":"19730505","time":"0600","status":"TD","lat":29.7,"lon":-48.8,"wind_kt":20,"pressure_mb":null},{"date":"19730505","time":"1200","status":"TD","lat":30,"lon":-47,"wind_kt":20,"pressure_mb":null}]}},{"type":"Feature","geometry":{"type":"LineString","coordinates":[[-79.5,30],[-79.2,30.4],[-79,30.8],[-78.7,31.1],[-78.5,31.5],[-78.2,31.8],[-78,32.2],[-77.8,32.6],[-77.5,33]]},"properties":{"id":"hur-al031973","event_type":"hurricane","name":null,"year":1973,"max_wind_kt":25,"min_pressure_mb":null,"category":-1,"preliminary":false,"start_date":"19730624","end_date":"19730626","track":[{"date":"19730624","time":"1200","status":"TD","lat":30,"lon":-79.5,"wind_kt":20,"pressure_mb":null},{"date":"19730624","time":"1800","status":"TD","lat":30.4,"lon":-79.2,"wind_kt":25,"pressure_mb":null},{"date":"19730625","time":"0000","status":"TD","lat":30.8,"lon":-79,"wind_kt":25,"pressure_mb":null},{"date":"19730625","time":"0600","status":"TD","lat":31.1,"lon":-78.7,"wind_kt":25,"pressure_mb":null},{"date":"19730625","time":"1200","status":"TD","lat":31.5,"lon":-78.5,"wind_kt":25,"pressure_mb":null},{"date":"19730625","time":"1800","status":"TD","lat":31.8,"lon":-78.2,"wind_kt":25,"pressure_mb":null},{"date":"19730626","time":"0000","status":"TD","lat":32.2,"lon":-78,"wind_kt":25,"pressure_mb":null},{"date":"19730626","time":"0600","status":"TD","lat":32.6,"lon":-77.8,"wind_kt":20,"pressure_mb":null},{"date":"19730626","time":"1200","status":"TD","lat":33,"lon":-77.5,"wind_kt":20,"pressure_mb":null}]}},{"type":"Feature","geometry":{"type":"LineString","coordinates":[[-67.8,26],[-67.5,26.3],[-67.2,26.5],[-66.8,26.8],[-66.4,27.4],[-66,27.8],[-65.6,28.8],[-65.5,29.8],[-65.4,30.6],[-65.3,31.4],[-65.1,32.3],[-65.1,33.1],[-65.1,34],[-64.9,34.9],[-64.7,35.8],[-64.3,36.9],[-63.9,38.3],[-62.9,40.3],[-61.6,42.5],[-60,45],[-58.8,48.3],[-56.5,52]]},"properties":{"id":"hur-al041973","event_type":"hurricane","name":"ALICE","year":1973,"max_wind_kt":80,"min_pressure_mb":986,"category":1,"preliminary":false,"start_date":"19730701","end_date":"19730707","track":[{"date":"19730701","time":"1800","status":"TD","lat":26,"lon":-67.8,"wind_kt":30,"pressure_mb":1006},{"date":"19730702","time":"0000","status":"TD","lat":26.3,"lon":-67.5,"wind_kt":30,"pressure_mb":1006},{"date":"19730702","time":"0600","status":"TD","lat":26.5,"lon":-67.2,"wind_kt":30,"pressure_mb":null},{"date":"19730702","time":"1200","status":"TD","lat":26.8,"lon":-66.8,"wind_kt":30,"pressure_mb":null},{"date":"19730702","time":"1800","status":"TD","lat":27.4,"lon":-66.4,"wind_kt":30,"pressure_mb":1005},{"date":"19730703","time":"0000","status":"TS","lat":27.8,"lon":-66,"wind_kt":40,"pressure_mb":null},{"date":"19730703","time":"0600","status":"TS","lat":28.8,"lon":-65.6,"wind_kt":50,"pressure_mb":null},{"date":"19730703","time":"1200","status":"TS","lat":29.8,"lon":-65.5,"wind_kt":60,"pressure_mb":1000},{"date":"19730703","time":"1800","status":"HU","lat":30.6,"lon":-65.4,"wind_kt":65,"pressure_mb":null},{"date":"19730704","time":"0000","status":"HU","lat":31.4,"lon":-65.3,"wind_kt":65,"pressure_mb":null},{"date":"19730704","time":"0600","status":"HU","lat":32.3,"lon":-65.1,"wind_kt":70,"pressure_mb":986},{"date":"19730704","time":"1200","status":"HU","lat":33.1,"lon":-65.1,"wind_kt":80,"pressure_mb":990},{"date":"19730704","time":"1800","status":"HU","lat":34,"lon":-65.1,"wind_kt":80,"pressure_mb":null},{"date":"19730705","time":"0000","status":"HU","lat":34.9,"lon":-64.9,"wind_kt":70,"pressure_mb":null},{"date":"19730705","time":"0600","status":"HU","lat":35.8,"lon":-64.7,"wind_kt":65,"pressure_mb":null},{"date":"19730705","time":"1200","status":"HU","lat":36.9,"lon":-64.3,"wind_kt":65,"pressure_mb":null},{"date":"19730705","time":"1800","status":"HU","lat":38.3,"lon":-63.9,"wind_kt":65,"pressure_mb":null},{"date":"19730706","time":"0000","status":"HU","lat":40.3,"lon":-62.9,"wind_kt":65,"pressure_mb":995},{"date":"19730706","time":"0600","status":"TS","lat":42.5,"lon":-61.6,"wind_kt":60,"pressure_mb":null},{"date":"19730706","time":"1200","status":"TS","lat":45,"lon":-60,"wind_kt":60,"pressure_mb":991},{"date":"19730706","time":"1800","status":"TS","lat":48.3,"lon":-58.8,"wind_kt":50,"pressure_mb":null},{"date":"19730707","time":"0000","status":"TS","lat":52,"lon":-56.5,"wind_kt":45,"pressure_mb":null}]}},{"type":"Feature","geometry":{"type":"LineString","coordinates":[[-34,10.5],[-35.6,10.7],[-37.2,10.8],[-38.8,10.9],[-40.5,11],[-41.8,11],[-43,11],[-44.2,11],[-45.5,11]]},"properties":{"id":"hur-al051973","event_type":"hurricane","name":null,"year":1973,"max_wind_kt":25,"min_pressure_mb":null,"category":-1,"preliminary":false,"start_date":"19730719","end_date":"19730721","track":[{"date":"19730719","time":"1200","status":"TD","lat":10.5,"lon":-34,"wind_kt":20,"pressure_mb":null},{"date":"19730719","time":"1800","status":"TD","lat":10.7,"lon":-35.6,"wind_kt":25,"pressure_mb":null},{"date":"19730720","time":"0000","status":"TD","lat":10.8,"lon":-37.2,"wind_kt":25,"pressure_mb":null},{"date":"19730720","time":"0600","status":"TD","lat":10.9,"lon":-38.8,"wind_kt":25,"pressure_mb":null},{"date":"19730720","time":"1200","status":"TD","lat":11,"lon":-40.5,"wind_kt":25,"pressure_mb":null},{"date":"19730720","time":"1800","status":"TD","lat":11,"lon":-41.8,"wind_kt":25,"pressure_mb":null},{"date":"19730721","time":"0000","status":"TD","lat":11,"lon":-43,"wind_kt":25,"pressure_mb":null},{"date":"19730721","time":"0600","status":"TD","lat":11,"lon":-44.2,"wind_kt":25,"pressure_mb":null},{"date":"19730721","time":"1200","status":"TD","lat":11,"lon":-45.5,"wind_kt":20,"pressure_mb":null}]}},{"type":"Feature","geometry":{"type":"LineString","coordinates":[[-74.1,32.6],[-73.3,33.8],[-72.5,35],[-71.7,36.3],[-70.8,37.5],[-70.2,38.5],[-69.7,39.6],[-69.4,40.5],[-69.1,41.5],[-68.8,42.7],[-68,44]]},"properties":{"id":"hur-al061973","event_type":"hurricane","name":"ALFA","year":1973,"max_wind_kt":40,"min_pressure_mb":1005,"category":0,"preliminary":false,"start_date":"19730730","end_date":"19730802","track":[{"date":"19730730","time":"1200","status":"SD","lat":32.6,"lon":-74.1,"wind_kt":25,"pressure_mb":1013},{"date":"19730730","time":"1800","status":"SD","lat":33.8,"lon":-73.3,"wind_kt":30,"pressure_mb":null},{"date":"19730731","time":"0000","status":"SS","lat":35,"lon":-72.5,"wind_kt":35,"pressure_mb":null},{"date":"19730731","time":"0600","status":"SS","lat":36.3,"lon":-71.7,"wind_kt":35,"pressure_mb":null},{"date":"19730731","time":"1200","status":"SS","lat":37.5,"lon":-70.8,"wind_kt":40,"pressure_mb":null},{"date":"19730731","time":"1800","status":"SS","lat":38.5,"lon":-70.2,"wind_kt":35,"pressure_mb":1005},{"date":"19730801","time":"0000","status":"SS","lat":39.6,"lon":-69.7,"wind_kt":35,"pressure_mb":1006},{"date":"19730801","time":"0600","status":"SD","lat":40.5,"lon":-69.4,"wind_kt":30,"pressure_mb":null},{"date":"19730801","time":"1200","status":"SD","lat":41.5,"lon":-69.1,"wind_kt":25,"pressure_mb":1007},{"date":"19730801","time":"1800","status":"SD","lat":42.7,"lon":-68.8,"wind_kt":25,"pressure_mb":1008},{"date":"19730802","time":"0000","status":"SD","lat":44,"lon":-68,"wind_kt":25,"pressure_mb":1010}]}},{"type":"Feature","geometry":{"type":"LineString","coordinates":[[-20,13],[-22,13.2],[-24,13.5],[-26,13.7],[-28,14],[-30.7,13.5],[-33.5,13],[-36.2,12.5],[-39,12]]},"properties":{"id":"hur-al071973","event_type":"hurricane","name":null,"year":1973,"max_wind_kt":30,"min_pressure_mb":null,"category":-1,"preliminary":false,"start_date":"19730809","end_date":"19730811","track":[{"date":"19730809","time":"1200","status":"TD","lat":13,"lon":-20,"wind_kt":20,"pressure_mb":null},{"date":"19730809","time":"1800","status":"TD","lat":13.2,"lon":-22,"wind_kt":25,"pressure_mb":null},{"date":"19730810","time":"0000","status":"TD","lat":13.5,"lon":-24,"wind_kt":25,"pressure_mb":null},{"date":"19730810","time":"0600","status":"TD","lat":13.7,"lon":-26,"wind_kt":30,"pressure_mb":null},{"date":"19730810","time":"1200","status":"TD","lat":14,"lon":-28,"wind_kt":30,"pressure_mb":null},{"date":"19730810","time":"1800","status":"TD","lat":13.5,"lon":-30.7,"wind_kt":25,"pressure_mb":null},{"date":"19730811","time":"0000","status":"TD","lat":13,"lon":-33.5,"wind_kt":25,"pressure_mb":null},{"date":"19730811","time":"0600","status":"TD","lat":12.5,"lon":-36.2,"wind_kt":25,"pressure_mb":null},{"date":"19730811","time":"1200","status":"TD","lat":12,"lon":-39,"wind_kt":20,"pressure_mb":null}]}},{"type":"Feature","geometry":{"type":"LineString","coordinates":[[-83.7,20.5],[-84.8,21],[-86,21.2],[-86.9,21.3],[-87.6,21.3],[-88.3,21.2],[-89,21.2],[-89.6,21.1],[-90.5,20.7],[-91.2,20.3],[-91.7,19.8],[-91.9,19.4],[-92.1,19],[-92.3,18.4],[-92.1,17.6],[-91.5,17.2]]},"properties":{"id":"hur-al081973","event_type":"hurricane","name":"BRENDA","year":1973,"max_wind_kt":80,"min_pressure_mb":977,"category":1,"preliminary":false,"start_date":"19730818","end_date":"19730822","track":[{"date":"19730818","time":"0600","status":"TD","lat":20.5,"lon":-83.7,"wind_kt":30,"pressure_mb":null},{"date":"19730818","time":"1200","status":"TD","lat":21,"lon":-84.8,"wind_kt":30,"pressure_mb":1007},{"date":"19730818","time":"1800","status":"TS","lat":21.2,"lon":-86,"wind_kt":35,"pressure_mb":null},{"date":"19730819","time":"0000","status":"TS","lat":21.3,"lon":-86.9,"wind_kt":50,"pressure_mb":992},{"date":"19730819","time":"0600","status":"TS","lat":21.3,"lon":-87.6,"wind_kt":55,"pressure_mb":null},{"date":"19730819","time":"1200","status":"TS","lat":21.2,"lon":-88.3,"wind_kt":55,"pressure_mb":null},{"date":"19730819","time":"1800","status":"TS","lat":21.2,"lon":-89,"wind_kt":50,"pressure_mb":null},{"date":"19730820","time":"0000","status":"TS","lat":21.1,"lon":-89.6,"wind_kt":45,"pressure_mb":996},{"date":"19730820","time":"0600","status":"TS","lat":20.7,"lon":-90.5,"wind_kt":45,"pressure_mb":null},{"date":"19730820","time":"1200","status":"TS","lat":20.3,"lon":-91.2,"wind_kt":45,"pressure_mb":null},{"date":"19730820","time":"1800","status":"HU","lat":19.8,"lon":-91.7,"wind_kt":65,"pressure_mb":null},{"date":"19730821","time":"0000","status":"HU","lat":19.4,"lon":-91.9,"wind_kt":70,"pressure_mb":977},{"date":"19730821","time":"0600","status":"HU","lat":19,"lon":-92.1,"wind_kt":80,"pressure_mb":null},{"date":"19730821","time":"1200","status":"TS","lat":18.4,"lon":-92.3,"wind_kt":60,"pressure_mb":null},{"date":"19730821","time":"1800","status":"TS","lat":17.6,"lon":-92.1,"wind_kt":40,"pressure_mb":null},{"date":"19730822","time":"0000","status":"TD","lat":17.2,"lon":-91.5,"wind_kt":30,"pressure_mb":null}]}},{"type":"Feature","geometry":{"type":"LineString","coordinates":[[-14,11],[-15.2,10.9],[-16.4,10.8],[-17.7,10.7],[-19,10.5],[-20.5,10.5],[-22,10.5],[-23,10.5],[-24,10.5],[-25.5,10.5],[-27,10.5],[-28.5,10.5],[-30,10.5],[-31.8,10.4],[-33.5,10.3],[-35.3,10.3],[-37,10.2],[-38.4,10.2],[-39.8,10.1],[-40.8,10.1],[-41.8,10],[-43,10.4],[-44.3,10.8],[-45.3,11.2],[-46.4,11.8],[-47.8,12.5],[-49.2,13.2],[-50.7,13.7],[-52.3,14.3],[-53.3,14.5],[-54.4,14.7],[-55.5,14.9],[-56.8,15.2],[-57.7,15.3],[-58.6,15.6],[-59.5,16],[-60.3,16.4],[-61.6,16.8],[-62.7,17.1],[-63.8,17.7],[-65,18.4],[-66.2,19]]},"properties":{"id":"hur-al091973","event_type":"hurricane","name":"CHRISTINE","year":1973,"max_wind_kt":60,"min_pressure_mb":996,"category":0,"preliminary":false,"start_date":"19730825","end_date":"19730904","track":[{"date":"19730825","time":"1200","status":"TD","lat":11,"lon":-14,"wind_kt":30,"pressure_mb":null},{"date":"19730825","time":"1800","status":"TD","lat":10.9,"lon":-15.2,"wind_kt":30,"pressure_mb":null},{"date":"19730826","time":"0000","status":"TD","lat":10.8,"lon":-16.4,"wind_kt":30,"pressure_mb":null},{"date":"19730826","time":"0600","status":"TD","lat":10.7,"lon":-17.7,"wind_kt":30,"pressure_mb":null},{"date":"19730826","time":"1200","status":"TD","lat":10.5,"lon":-19,"wind_kt":30,"pressure_mb":null},{"date":"19730826","time":"1800","status":"TD","lat":10.5,"lon":-20.5,"wind_kt":30,"pressure_mb":null},{"date":"19730827","time":"0000","status":"TD","lat":10.5,"lon":-22,"wind_kt":30,"pressure_mb":null},{"date":"19730827","time":"0600","status":"TD","lat":10.5,"lon":-23,"wind_kt":30,"pressure_mb":null},{"date":"19730827","time":"1200","status":"TD","lat":10.5,"lon":-24,"wind_kt":30,"pressure_mb":null},{"date":"19730827","time":"1800","status":"TD","lat":10.5,"lon":-25.5,"wind_kt":30,"pressure_mb":null},{"date":"19730828","time":"0000","status":"TD","lat":10.5,"lon":-27,"wind_kt":30,"pressure_mb":null},{"date":"19730828","time":"0600","status":"TD","lat":10.5,"lon":-28.5,"wind_kt":30,"pressure_mb":null},{"date":"19730828","time":"1200","status":"TS","lat":10.5,"lon":-30,"wind_kt":40,"pressure_mb":null},{"date":"19730828","time":"1800","status":"TS","lat":10.4,"lon":-31.8,"wind_kt":40,"pressure_mb":null},{"date":"19730829","time":"0000","status":"TS","lat":10.3,"lon":-33.5,"wind_kt":40,"pressure_mb":null},{"date":"19730829","time":"0600","status":"TS","lat":10.3,"lon":-35.3,"wind_kt":40,"pressure_mb":null},{"date":"19730829","time":"1200","status":"TS","lat":10.2,"lon":-37,"wind_kt":40,"pressure_mb":null},{"date":"19730829","time":"1800","status":"TS","lat":10.2,"lon":-38.4,"wind_kt":40,"pressure_mb":null},{"date":"19730830","time":"0000","status":"TS","lat":10.1,"lon":-39.8,"wind_kt":40,"pressure_mb":null},{"date":"19730830","time":"0600","status":"TS","lat":10.1,"lon":-40.8,"wind_kt":40,"pressure_mb":null},{"date":"19730830","time":"1200","status":"TS","lat":10,"lon":-41.8,"wind_kt":45,"pressure_mb":null},{"date":"19730830","time":"1800","status":"TS","lat":10.4,"lon":-43,"wind_kt":45,"pressure_mb":null},{"date":"19730831","time":"0000","status":"TS","lat":10.8,"lon":-44.3,"wind_kt":45,"pressure_mb":1007},{"date":"19730831","time":"0600","status":"TS","lat":11.2,"lon":-45.3,"wind_kt":50,"pressure_mb":null},{"date":"19730831","time":"1200","status":"TS","lat":11.8,"lon":-46.4,"wind_kt":50,"pressure_mb":null},{"date":"19730831","time":"1800","status":"TS","lat":12.5,"lon":-47.8,"wind_kt":50,"pressure_mb":1003},{"date":"19730901","time":"0000","status":"TS","lat":13.2,"lon":-49.2,"wind_kt":50,"pressure_mb":null},{"date":"19730901","time":"0600","status":"TS","lat":13.7,"lon":-50.7,"wind_kt":50,"pressure_mb":null},{"date":"19730901","time":"1200","status":"TS","lat":14.3,"lon":-52.3,"wind_kt":50,"pressure_mb":1002},{"date":"19730901","time":"1800","status":"TS","lat":14.5,"lon":-53.3,"wind_kt":50,"pressure_mb":null},{"date":"19730902","time":"0000","status":"TS","lat":14.7,"lon":-54.4,"wind_kt":55,"pressure_mb":999},{"date":"19730902","time":"0600","status":"TS","lat":14.9,"lon":-55.5,"wind_kt":60,"pressure_mb":996},{"date":"19730902","time":"1200","status":"TS","lat":15.2,"lon":-56.8,"wind_kt":60,"pressure_mb":null},{"date":"19730902","time":"1800","status":"TS","lat":15.3,"lon":-57.7,"wind_kt":55,"pressure_mb":null},{"date":"19730903","time":"0000","status":"TS","lat":15.6,"lon":-58.6,"wind_kt":55,"pressure_mb":1004},{"date":"19730903","time":"0600","status":"TS","lat":16,"lon":-59.5,"wind_kt":55,"pressure_mb":null},{"date":"19730903","time":"1200","status":"TS","lat":16.4,"lon":-60.3,"wind_kt":50,"pressure_mb":1008},{"date":"19730903","time":"1800","status":"TD","lat":16.8,"lon":-61.6,"wind_kt":30,"pressure_mb":null},{"date":"19730904","time":"0000","status":"TD","lat":17.1,"lon":-62.7,"wind_kt":30,"pressure_mb":1011},{"date":"19730904","time":"0600","status":"TD","lat":17.7,"lon":-63.8,"wind_kt":30,"pressure_mb":null},{"date":"19730904","time":"1200","status":"TD","lat":18.4,"lon":-65,"wind_kt":30,"pressure_mb":null},{"date":"19730904","time":"1800","status":"TD","lat":19,"lon":-66.2,"wind_kt":30,"pressure_mb":null}]}},{"type":"Feature","geometry":{"type":"LineString","coordinates":[[-86.5,20.5],[-86.8,21.3],[-87,21.9],[-87.1,22.5],[-87.4,23.1],[-88,24],[-88.9,25],[-89.9,25.9],[-91,26.5],[-92.4,27],[-93,26.9],[-93.1,27.5],[-94,28.4],[-94.9,29],[-95.8,28.9],[-96,28.1],[-95.5,28],[-95.2,28],[-95.6,29],[-96.3,29.8],[-98.1,30.3],[-100.2,30.2],[-101.7,29.2]]},"properties":{"id":"hur-al101973","event_type":"hurricane","name":"DELIA","year":1973,"max_wind_kt":60,"min_pressure_mb":986,"category":0,"preliminary":false,"start_date":"19730901","end_date":"19730907","track":[{"date":"19730901","time":"1800","status":"TD","lat":20.5,"lon":-86.5,"wind_kt":30,"pressure_mb":1008},{"date":"19730902","time":"0000","status":"TD","lat":21.3,"lon":-86.8,"wind_kt":30,"pressure_mb":null},{"date":"19730902","time":"0600","status":"TD","lat":21.9,"lon":-87,"wind_kt":30,"pressure_mb":null},{"date":"19730902","time":"1200","status":"TD","lat":22.5,"lon":-87.1,"wind_kt":30,"pressure_mb":null},{"date":"19730902","time":"1800","status":"TD","lat":23.1,"lon":-87.4,"wind_kt":30,"pressure_mb":null},{"date":"19730903","time":"0000","status":"TS","lat":24,"lon":-88,"wind_kt":40,"pressure_mb":1000},{"date":"19730903","time":"0600","status":"TS","lat":25,"lon":-88.9,"wind_kt":50,"pressure_mb":null},{"date":"19730903","time":"1200","status":"TS","lat":25.9,"lon":-89.9,"wind_kt":60,"pressure_mb":997},{"date":"19730903","time":"1800","status":"TS","lat":26.5,"lon":-91,"wind_kt":60,"pressure_mb":994},{"date":"19730904","time":"0000","status":"TS","lat":27,"lon":-92.4,"wind_kt":60,"pressure_mb":null},{"date":"19730904","time":"0600","status":"TS","lat":26.9,"lon":-93,"wind_kt":60,"pressure_mb":null},{"date":"19730904","time":"1200","status":"TS","lat":27.5,"lon":-93.1,"wind_kt":60,"pressure_mb":993},{"date":"19730904","time":"1800","status":"TS","lat":28.4,"lon":-94,"wind_kt":60,"pressure_mb":986},{"date":"19730905","time":"0000","status":"TS","lat":29,"lon":-94.9,"wind_kt":55,"pressure_mb":null},{"date":"19730905","time":"0600","status":"TS","lat":28.9,"lon":-95.8,"wind_kt":50,"pressure_mb":null},{"date":"19730905","time":"1200","status":"TS","lat":28.1,"lon":-96,"wind_kt":45,"pressure_mb":988},{"date":"19730905","time":"1800","status":"TS","lat":28,"lon":-95.5,"wind_kt":40,"pressure_mb":null},{"date":"19730906","time":"0000","status":"TS","lat":28,"lon":-95.2,"wind_kt":45,"pressure_mb":null},{"date":"19730906","time":"0600","status":"TS","lat":29,"lon":-95.6,"wind_kt":40,"pressure_mb":null},{"date":"19730906","time":"1200","status":"TS","lat":29.8,"lon":-96.3,"wind_kt":35,"pressure_mb":null},{"date":"19730906","time":"1800","status":"TD","lat":30.3,"lon":-98.1,"wind_kt":30,"pressure_mb":null},{"date":"19730907","time":"0000","status":"TD","lat":30.2,"lon":-100.2,"wind_kt":30,"pressure_mb":null},{"date":"19730907","time":"0600","status":"TD","lat":29.2,"lon":-101.7,"wind_kt":30,"pressure_mb":null}]}},{"type":"Feature","geometry":{"type":"LineString","coordinates":[[-86,18],[-86.4,18.6],[-86.8,19.3],[-87.1,19.9],[-87.5,20.5],[-88.7,21.6],[-89,22.7],[-89.7,23.9],[-90.5,25],[-90.5,25.7],[-90.5,26.5],[-90.5,27.2],[-90.5,28],[-90.8,28],[-91.2,28],[-91.6,28],[-92,28],[-93,28],[-94,28],[-95,28],[-96,28],[-95.7,28.5],[-95.5,29],[-95.2,29.5],[-95,30]]},"properties":{"id":"hur-al111973","event_type":"hurricane","name":null,"year":1973,"max_wind_kt":30,"min_pressure_mb":null,"category":-1,"preliminary":false,"start_date":"19730906","end_date":"19730912","track":[{"date":"19730906","time":"1200","status":"TD","lat":18,"lon":-86,"wind_kt":20,"pressure_mb":null},{"date":"19730906","time":"1800","status":"TD","lat":18.6,"lon":-86.4,"wind_kt":25,"pressure_mb":null},{"date":"19730907","time":"0000","status":"TD","lat":19.3,"lon":-86.8,"wind_kt":25,"pressure_mb":null},{"date":"19730907","time":"0600","status":"TD","lat":19.9,"lon":-87.1,"wind_kt":25,"pressure_mb":null},{"date":"19730907","time":"1200","status":"TD","lat":20.5,"lon":-87.5,"wind_kt":25,"pressure_mb":null},{"date":"19730907","time":"1800","status":"TD","lat":21.6,"lon":-88.7,"wind_kt":25,"pressure_mb":null},{"date":"19730908","time":"0000","status":"TD","lat":22.7,"lon":-89,"wind_kt":25,"pressure_mb":null},{"date":"19730908","time":"0600","status":"TD","lat":23.9,"lon":-89.7,"wind_kt":30,"pressure_mb":null},{"date":"19730908","time":"1200","status":"TD","lat":25,"lon":-90.5,"wind_kt":30,"pressure_mb":null},{"date":"19730908","time":"1800","status":"TD","lat":25.7,"lon":-90.5,"wind_kt":30,"pressure_mb":null},{"date":"19730909","time":"0000","status":"TD","lat":26.5,"lon":-90.5,"wind_kt":30,"pressure_mb":null},{"date":"19730909","time":"0600","status":"TD","lat":27.2,"lon":-90.5,"wind_kt":null,"pressure_mb":null},{"date":"19730909","time":"1200","status":"TD","lat":28,"lon":-90.5,"wind_kt":null,"pressure_mb":null},{"date":"19730909","time":"1800","status":"TD","lat":28,"lon":-90.8,"wind_kt":30,"pressure_mb":null},{"date":"19730910","time":"0000","status":"TD","lat":28,"lon":-91.2,"wind_kt":30,"pressure_mb":null},{"date":"19730910","time":"0600","status":"TD","lat":28,"lon":-91.6,"wind_kt":30,"pressure_mb":null},{"date":"19730910","time":"1200","status":"TD","lat":28,"lon":-92,"wind_kt":30,"pressure_mb":null},{"date":"19730910","time":"1800","status":"TD","lat":28,"lon":-93,"wind_kt":30,"pressure_mb":null},{"date":"19730911","time":"0000","status":"TD","lat":28,"lon":-94,"wind_kt":30,"pressure_mb":null},{"date":"19730911","time":"0600","status":"TD","lat":28,"lon":-95,"wind_kt":30,"pressure_mb":null},{"date":"19730911","time":"1200","status":"TD","lat":28,"lon":-96,"wind_kt":30,"pressure_mb":null},{"date":"19730911","time":"1800","status":"TD","lat":28.5,"lon":-95.7,"wind_kt":30,"pressure_mb":null},{"date":"19730912","time":"0000","status":"TD","lat":29,"lon":-95.5,"wind_kt":30,"pressure_mb":null},{"date":"19730912","time":"0600","status":"TD","lat":29.5,"lon":-95.2,"wind_kt":30,"pressure_mb":null},{"date":"19730912","time":"1200","status":"TD","lat":30,"lon":-95,"wind_kt":null,"pressure_mb":null}]}},{"type":"Feature","geometry":{"type":"LineString","coordinates":[[-22.4,10.5],[-23.2,11.3],[-24.3,12.2],[-25,13.1],[-25.7,14],[-26.8,15.1],[-28.1,16.2],[-29.4,17.2],[-30.7,18.2],[-32.2,19.2],[-33.8,20.2],[-35.3,21.1],[-36.8,22.6],[-38.3,24.5],[-39.8,25.3],[-41.7,26],[-43.5,26.5],[-45.2,26.7],[-47,26.9],[-48.7,27.1],[-50.1,27.1],[-51.5,27.2],[-52.4,27.8],[-53,28.7],[-53.5,29.6],[-53.9,30.7],[-54,32],[-53.9,33.3],[-53.4,34.6],[-52.5,36],[-50.9,37.5],[-48.5,39.5],[-45.2,42.1],[-41.5,44.7],[-37,48.6],[-31.6,52.3],[-25,55.5]]},"properties":{"id":"hur-al121973","event_type":"hurricane","name":"ELLEN","year":1973,"max_wind_kt":100,"min_pressure_mb":962,"category":3,"preliminary":false,"start_date":"19730914","end_date":"19730923","track":[{"date":"19730914","time":"1200","status":"TD","lat":10.5,"lon":-22.4,"wind_kt":30,"pressure_mb":null},{"date":"19730914","time":"1800","status":"TD","lat":11.3,"lon":-23.2,"wind_kt":30,"pressure_mb":null},{"date":"19730915","time":"0000","status":"TD","lat":12.2,"lon":-24.3,"wind_kt":30,"pressure_mb":null},{"date":"19730915","time":"0600","status":"TD","lat":13.1,"lon":-25,"wind_kt":30,"pressure_mb":null},{"date":"19730915","time":"1200","status":"TS","lat":14,"lon":-25.7,"wind_kt":40,"pressure_mb":1003},{"date":"19730915","time":"1800","status":"TS","lat":15.1,"lon":-26.8,"wind_kt":40,"pressure_mb":null},{"date":"19730916","time":"0000","status":"TS","lat":16.2,"lon":-28.1,"wind_kt":40,"pressure_mb":null},{"date":"19730916","time":"0600","status":"TS","lat":17.2,"lon":-29.4,"wind_kt":40,"pressure_mb":null},{"date":"19730916","time":"1200","status":"TS","lat":18.2,"lon":-30.7,"wind_kt":40,"pressure_mb":null},{"date":"19730916","time":"1800","status":"TS","lat":19.2,"lon":-32.2,"wind_kt":40,"pressure_mb":null},{"date":"19730917","time":"0000","status":"TS","lat":20.2,"lon":-33.8,"wind_kt":45,"pressure_mb":null},{"date":"19730917","time":"0600","status":"TS","lat":21.1,"lon":-35.3,"wind_kt":45,"pressure_mb":null},{"date":"19730917","time":"1200","status":"TS","lat":22.6,"lon":-36.8,"wind_kt":50,"pressure_mb":1008},{"date":"19730917","time":"1800","status":"TS","lat":24.5,"lon":-38.3,"wind_kt":50,"pressure_mb":null},{"date":"19730918","time":"0000","status":"TS","lat":25.3,"lon":-39.8,"wind_kt":50,"pressure_mb":null},{"date":"19730918","time":"0600","status":"TS","lat":26,"lon":-41.7,"wind_kt":50,"pressure_mb":null},{"date":"19730918","time":"1200","status":"TS","lat":26.5,"lon":-43.5,"wind_kt":55,"pressure_mb":997},{"date":"19730918","time":"1800","status":"TS","lat":26.7,"lon":-45.2,"wind_kt":60,"pressure_mb":995},{"date":"19730919","time":"0000","status":"HU","lat":26.9,"lon":-47,"wind_kt":65,"pressure_mb":null},{"date":"19730919","time":"0600","status":"HU","lat":27.1,"lon":-48.7,"wind_kt":65,"pressure_mb":null},{"date":"19730919","time":"1200","status":"HU","lat":27.1,"lon":-50.1,"wind_kt":70,"pressure_mb":null},{"date":"19730919","time":"1800","status":"HU","lat":27.2,"lon":-51.5,"wind_kt":75,"pressure_mb":985},{"date":"19730920","time":"0000","status":"HU","lat":27.8,"lon":-52.4,"wind_kt":75,"pressure_mb":null},{"date":"19730920","time":"0600","status":"HU","lat":28.7,"lon":-53,"wind_kt":75,"pressure_mb":null},{"date":"19730920","time":"1200","status":"HU","lat":29.6,"lon":-53.5,"wind_kt":80,"pressure_mb":984},{"date":"19730920","time":"1800","status":"HU","lat":30.7,"lon":-53.9,"wind_kt":80,"pressure_mb":981},{"date":"19730921","time":"0000","status":"HU","lat":32,"lon":-54,"wind_kt":80,"pressure_mb":977},{"date":"19730921","time":"0600","status":"HU","lat":33.3,"lon":-53.9,"wind_kt":80,"pressure_mb":null},{"date":"19730921","time":"1200","status":"HU","lat":34.6,"lon":-53.4,"wind_kt":80,"pressure_mb":null},{"date":"19730921","time":"1800","status":"HU","lat":36,"lon":-52.5,"wind_kt":90,"pressure_mb":962},{"date":"19730922","time":"0000","status":"HU","lat":37.5,"lon":-50.9,"wind_kt":90,"pressure_mb":null},{"date":"19730922","time":"0600","status":"HU","lat":39.5,"lon":-48.5,"wind_kt":95,"pressure_mb":null},{"date":"19730922","time":"1200","status":"HU","lat":42.1,"lon":-45.2,"wind_kt":100,"pressure_mb":null},{"date":"19730922","time":"1800","status":"EX","lat":44.7,"lon":-41.5,"wind_kt":95,"pressure_mb":980},{"date":"19730923","time":"0000","status":"EX","lat":48.6,"lon":-37,"wind_kt":80,"pressure_mb":null},{"date":"19730923","time":"0600","status":"EX","lat":52.3,"lon":-31.6,"wind_kt":60,"pressure_mb":null},{"date":"19730923","time":"1200","status":"EX","lat":55.5,"lon":-25,"wind_kt":50,"pressure_mb":null}]}},{"type":"Feature","geometry":{"type":"LineString","coordinates":[[-77.5,28.5],[-77.8,28.8],[-78,29.2],[-78.3,29.6],[-78.5,30],[-79.6,29.8],[-80.7,29.7],[-81.8,29.6],[-83,29.5]]},"properties":{"id":"hur-al131973","event_type":"hurricane","name":null,"year":1973,"max_wind_kt":25,"min_pressure_mb":null,"category":-1,"preliminary":false,"start_date":"19730924","end_date":"19730926","track":[{"date":"19730924","time":"1200","status":"TD","lat":28.5,"lon":-77.5,"wind_kt":20,"pressure_mb":null},{"date":"19730924","time":"1800","status":"TD","lat":28.8,"lon":-77.8,"wind_kt":25,"pressure_mb":null},{"date":"19730925","time":"0000","status":"TD","lat":29.2,"lon":-78,"wind_kt":25,"pressure_mb":null},{"date":"19730925","time":"0600","status":"TD","lat":29.6,"lon":-78.3,"wind_kt":25,"pressure_mb":null},{"date":"19730925","time":"1200","status":"TD","lat":30,"lon":-78.5,"wind_kt":25,"pressure_mb":null},{"date":"19730925","time":"1800","status":"TD","lat":29.8,"lon":-79.6,"wind_kt":25,"pressure_mb":null},{"date":"19730926","time":"0000","status":"TD","lat":29.7,"lon":-80.7,"wind_kt":25,"pressure_mb":null},{"date":"19730926","time":"0600","status":"TD","lat":29.6,"lon":-81.8,"wind_kt":25,"pressure_mb":null},{"date":"19730926","time":"1200","status":"TD","lat":29.5,"lon":-83,"wind_kt":null,"pressure_mb":null}]}},{"type":"Feature","geometry":{"type":"LineString","coordinates":[[-65.8,30],[-63.9,30.3],[-62.3,30.7],[-60.2,31],[-57.8,31.5],[-55.2,31.9],[-51.7,32.5],[-48.1,33.1],[-44.9,33.8],[-41.9,35.1],[-38.3,36.8],[-34.5,38.7],[-30.2,40.7],[-25.8,42.7],[-21.5,45.4],[-16.4,47.2],[-13,48],[-10.2,48.2],[-8,48.2],[-6.5,47.9]]},"properties":{"id":"hur-al141973","event_type":"hurricane","name":"FRAN","year":1973,"max_wind_kt":70,"min_pressure_mb":978,"category":1,"preliminary":false,"start_date":"19731008","end_date":"19731013","track":[{"date":"19731008","time":"1800","status":"SD","lat":30,"lon":-65.8,"wind_kt":30,"pressure_mb":1008},{"date":"19731009","time":"0000","status":"SD","lat":30.3,"lon":-63.9,"wind_kt":30,"pressure_mb":null},{"date":"19731009","time":"0600","status":"SS","lat":30.7,"lon":-62.3,"wind_kt":40,"pressure_mb":null},{"date":"19731009","time":"1200","status":"SS","lat":31,"lon":-60.2,"wind_kt":45,"pressure_mb":1005},{"date":"19731009","time":"1800","status":"SS","lat":31.5,"lon":-57.8,"wind_kt":55,"pressure_mb":1003},{"date":"19731010","time":"0000","status":"HU","lat":31.9,"lon":-55.2,"wind_kt":65,"pressure_mb":998},{"date":"19731010","time":"0600","status":"HU","lat":32.5,"lon":-51.7,"wind_kt":65,"pressure_mb":null},{"date":"19731010","time":"1200","status":"HU","lat":33.1,"lon":-48.1,"wind_kt":65,"pressure_mb":null},{"date":"19731010","time":"1800","status":"HU","lat":33.8,"lon":-44.9,"wind_kt":65,"pressure_mb":996},{"date":"19731011","time":"0000","status":"HU","lat":35.1,"lon":-41.9,"wind_kt":65,"pressure_mb":993},{"date":"19731011","time":"0600","status":"HU","lat":36.8,"lon":-38.3,"wind_kt":70,"pressure_mb":null},{"date":"19731011","time":"1200","status":"HU","lat":38.7,"lon":-34.5,"wind_kt":70,"pressure_mb":null},{"date":"19731011","time":"1800","status":"HU","lat":40.7,"lon":-30.2,"wind_kt":70,"pressure_mb":null},{"date":"19731012","time":"0000","status":"HU","lat":42.7,"lon":-25.8,"wind_kt":70,"pressure_mb":993},{"date":"19731012","time":"0600","status":"HU","lat":45.4,"lon":-21.5,"wind_kt":65,"pressure_mb":983},{"date":"19731012","time":"1200","status":"HU","lat":47.2,"lon":-16.4,"wind_kt":65,"pressure_mb":978},{"date":"19731012","time":"1800","status":"HU","lat":48,"lon":-13,"wind_kt":65,"pressure_mb":null},{"date":"19731013","time":"0000","status":"EX","lat":48.2,"lon":-10.2,"wind_kt":65,"pressure_mb":null},{"date":"19731013","time":"0600","status":"EX","lat":48.2,"lon":-8,"wind_kt":65,"pressure_mb":null},{"date":"19731013","time":"1200","status":"EX","lat":47.9,"lon":-6.5,"wind_kt":65,"pressure_mb":null}]}},{"type":"Feature","geometry":{"type":"LineString","coordinates":[[-70.5,24],[-68.5,24.9],[-66.5,25.8],[-64.5,26.6],[-62.5,27.5],[-60.3,28.5],[-58,29.5],[-55.8,30.5],[-53.5,31.5]]},"properties":{"id":"hur-al151973","event_type":"hurricane","name":null,"year":1973,"max_wind_kt":25,"min_pressure_mb":null,"category":-1,"preliminary":false,"start_date":"19731010","end_date":"19731012","track":[{"date":"19731010","time":"1200","status":"TD","lat":24,"lon":-70.5,"wind_kt":20,"pressure_mb":null},{"date":"19731010","time":"1800","status":"TD","lat":24.9,"lon":-68.5,"wind_kt":25,"pressure_mb":null},{"date":"19731011","time":"0000","status":"TD","lat":25.8,"lon":-66.5,"wind_kt":25,"pressure_mb":null},{"date":"19731011","time":"0600","status":"TD","lat":26.6,"lon":-64.5,"wind_kt":25,"pressure_mb":null},{"date":"19731011","time":"1200","status":"TD","lat":27.5,"lon":-62.5,"wind_kt":25,"pressure_mb":null},{"date":"19731011","time":"1800","status":"TD","lat":28.5,"lon":-60.3,"wind_kt":25,"pressure_mb":null},{"date":"19731012","time":"0000","status":"TD","lat":29.5,"lon":-58,"wind_kt":25,"pressure_mb":null},{"date":"19731012","time":"0600","status":"TD","lat":30.5,"lon":-55.8,"wind_kt":20,"pressure_mb":null},{"date":"19731012","time":"1200","status":"TD","lat":31.5,"lon":-53.5,"wind_kt":20,"pressure_mb":null}]}},{"type":"Feature","geometry":{"type":"LineString","coordinates":[[-82,16.3],[-81.9,16.9],[-81.8,17.6],[-81.6,18.1],[-81.1,18.4],[-80.7,18.8],[-80.3,19.1],[-79.9,19.5],[-79.7,20.1],[-79.6,20.7],[-79.3,21.3],[-79,22],[-78.9,22.6],[-78.5,23],[-78,23.3],[-77.5,23.6],[-76.8,24],[-76.3,24.4],[-76,24.8],[-75.9,25.1],[-75.8,25.3],[-75.8,25.4],[-75.8,25.5],[-75.7,25.6],[-75.6,25.6],[-75.7,25.6],[-75.7,25.6],[-75.7,25.6],[-75.7,25.6],[-75.7,25.6],[-75.3,25.7],[-74.5,26],[-72.6,27.2],[-71.7,28.6],[-71.4,29.9],[-71.2,30.8],[-71,31.7],[-70.9,32.5],[-70.8,33.2],[-70.4,34.1],[-69.8,34.8],[-69,35.5],[-67.8,36.2],[-65.9,36.9],[-63.2,38.8],[-60.8,41.2],[-58.6,43.7],[-55.2,45.4],[-51.5,47.5],[-48.1,51.2],[-44.9,54.9],[-42.7,57.5],[-41.2,59.6],[-40.6,60.8],[-40.5,61.4],[-40.4,61.8]]},"properties":{"id":"hur-al161973","event_type":"hurricane","name":"GILDA","year":1973,"max_wind_kt":60,"min_pressure_mb":968,"category":0,"preliminary":false,"start_date":"19731016","end_date":"19731030","track":[{"date":"19731016","time":"0600","status":"TD","lat":16.3,"lon":-82,"wind_kt":30,"pressure_mb":1008},{"date":"19731016","time":"1200","status":"TD","lat":16.9,"lon":-81.9,"wind_kt":30,"pressure_mb":null},{"date":"19731016","time":"1800","status":"TD","lat":17.6,"lon":-81.8,"wind_kt":30,"pressure_mb":null},{"date":"19731017","time":"0000","status":"TD","lat":18.1,"lon":-81.6,"wind_kt":30,"pressure_mb":null},{"date":"19731017","time":"0600","status":"TD","lat":18.4,"lon":-81.1,"wind_kt":30,"pressure_mb":1005},{"date":"19731017","time":"1200","status":"TD","lat":18.8,"lon":-80.7,"wind_kt":30,"pressure_mb":null},{"date":"19731017","time":"1800","status":"TD","lat":19.1,"lon":-80.3,"wind_kt":30,"pressure_mb":1002},{"date":"19731018","time":"0000","status":"TS","lat":19.5,"lon":-79.9,"wind_kt":40,"pressure_mb":996},{"date":"19731018","time":"0600","status":"TS","lat":20.1,"lon":-79.7,"wind_kt":45,"pressure_mb":null},{"date":"19731018","time":"1200","status":"TS","lat":20.7,"lon":-79.6,"wind_kt":50,"pressure_mb":null},{"date":"19731018","time":"1800","status":"TS","lat":21.3,"lon":-79.3,"wind_kt":60,"pressure_mb":null},{"date":"19731019","time":"0000","status":"TS","lat":22,"lon":-79,"wind_kt":50,"pressure_mb":995},{"date":"19731019","time":"0600","status":"TS","lat":22.6,"lon":-78.9,"wind_kt":50,"pressure_mb":null},{"date":"19731019","time":"1200","status":"TS","lat":23,"lon":-78.5,"wind_kt":50,"pressure_mb":null},{"date":"19731019","time":"1800","status":"TS","lat":23.3,"lon":-78,"wind_kt":50,"pressure_mb":null},{"date":"19731020","time":"0000","status":"TS","lat":23.6,"lon":-77.5,"wind_kt":50,"pressure_mb":994},{"date":"19731020","time":"0600","status":"TS","lat":24,"lon":-76.8,"wind_kt":50,"pressure_mb":null},{"date":"19731020","time":"1200","status":"TS","lat":24.4,"lon":-76.3,"wind_kt":50,"pressure_mb":null},{"date":"19731020","time":"1800","status":"TS","lat":24.8,"lon":-76,"wind_kt":50,"pressure_mb":null},{"date":"19731021","time":"0000","status":"TS","lat":25.1,"lon":-75.9,"wind_kt":45,"pressure_mb":995},{"date":"19731021","time":"0600","status":"TS","lat":25.3,"lon":-75.8,"wind_kt":45,"pressure_mb":null},{"date":"19731021","time":"1200","status":"TS","lat":25.4,"lon":-75.8,"wind_kt":45,"pressure_mb":null},{"date":"19731021","time":"1800","status":"TS","lat":25.5,"lon":-75.8,"wind_kt":35,"pressure_mb":1000},{"date":"19731022","time":"0000","status":"TS","lat":25.6,"lon":-75.7,"wind_kt":35,"pressure_mb":null},{"date":"19731022","time":"0600","status":"TS","lat":25.6,"lon":-75.6,"wind_kt":45,"pressure_mb":null},{"date":"19731022","time":"1200","status":"TS","lat":25.6,"lon":-75.7,"wind_kt":40,"pressure_mb":null},{"date":"19731022","time":"1800","status":"TD","lat":25.6,"lon":-75.7,"wind_kt":30,"pressure_mb":1003},{"date":"19731023","time":"0000","status":"TD","lat":25.6,"lon":-75.7,"wind_kt":30,"pressure_mb":null},{"date":"19731023","time":"0600","status":"TD","lat":25.6,"lon":-75.7,"wind_kt":30,"pressure_mb":null},{"date":"19731023","time":"1200","status":"TD","lat":25.6,"lon":-75.7,"wind_kt":30,"pressure_mb":null},{"date":"19731023","time":"1800","status":"TD","lat":25.7,"lon":-75.3,"wind_kt":30,"pressure_mb":1004},{"date":"19731024","time":"0000","status":"TD","lat":26,"lon":-74.5,"wind_kt":30,"pressure_mb":null},{"date":"19731024","time":"0600","status":"TD","lat":27.2,"lon":-72.6,"wind_kt":30,"pressure_mb":null},{"date":"19731024","time":"1200","status":"SS","lat":28.6,"lon":-71.7,"wind_kt":35,"pressure_mb":1001},{"date":"19731024","time":"1800","status":"SS","lat":29.9,"lon":-71.4,"wind_kt":40,"pressure_mb":null},{"date":"19731025","time":"0000","status":"SS","lat":30.8,"lon":-71.2,"wind_kt":45,"pressure_mb":996},{"date":"19731025","time":"0600","status":"SS","lat":31.7,"lon":-71,"wind_kt":50,"pressure_mb":null},{"date":"19731025","time":"1200","status":"SS","lat":32.5,"lon":-70.9,"wind_kt":60,"pressure_mb":null},{"date":"19731025","time":"1800","status":"SS","lat":33.2,"lon":-70.8,"wind_kt":60,"pressure_mb":null},{"date":"19731026","time":"0000","status":"SS","lat":34.1,"lon":-70.4,"wind_kt":60,"pressure_mb":985},{"date":"19731026","time":"0600","status":"SS","lat":34.8,"lon":-69.8,"wind_kt":60,"pressure_mb":null},{"date":"19731026","time":"1200","status":"SS","lat":35.5,"lon":-69,"wind_kt":60,"pressure_mb":null},{"date":"19731026","time":"1800","status":"SS","lat":36.2,"lon":-67.8,"wind_kt":60,"pressure_mb":null},{"date":"19731027","time":"0000","status":"SS","lat":36.9,"lon":-65.9,"wind_kt":55,"pressure_mb":984},{"date":"19731027","time":"0600","status":"SS","lat":38.8,"lon":-63.2,"wind_kt":55,"pressure_mb":null},{"date":"19731027","time":"1200","status":"SS","lat":41.2,"lon":-60.8,"wind_kt":55,"pressure_mb":null},{"date":"19731027","time":"1800","status":"EX","lat":43.7,"lon":-58.6,"wind_kt":55,"pressure_mb":980},{"date":"19731028","time":"0000","status":"EX","lat":45.4,"lon":-55.2,"wind_kt":55,"pressure_mb":null},{"date":"19731028","time":"0600","status":"EX","lat":47.5,"lon":-51.5,"wind_kt":55,"pressure_mb":968},{"date":"19731028","time":"1200","status":"EX","lat":51.2,"lon":-48.1,"wind_kt":55,"pressure_mb":null},{"date":"19731028","time":"1800","status":"EX","lat":54.9,"lon":-44.9,"wind_kt":50,"pressure_mb":null},{"date":"19731029","time":"0000","status":"EX","lat":57.5,"lon":-42.7,"wind_kt":45,"pressure_mb":null},{"date":"19731029","time":"0600","status":"EX","lat":59.6,"lon":-41.2,"wind_kt":40,"pressure_mb":null},{"date":"19731029","time":"1200","status":"EX","lat":60.8,"lon":-40.6,"wind_kt":40,"pressure_mb":970},{"date":"19731029","time":"1800","status":"EX","lat":61.4,"lon":-40.5,"wind_kt":35,"pressure_mb":null},{"date":"19731030","time":"0000","status":"EX","lat":61.8,"lon":-40.4,"wind_kt":30,"pressure_mb":null}]}},{"type":"Feature","geometry":{"type":"LineString","coordinates":[[-80,10],[-80.8,10.7],[-81.5,10.2],[-82.2,10.3],[-83,10.5],[-84,10.8]]},"properties":{"id":"hur-al171973","event_type":"hurricane","name":null,"year":1973,"max_wind_kt":30,"min_pressure_mb":null,"category":-1,"preliminary":false,"start_date":"19731117","end_date":"19731118","track":[{"date":"19731117","time":"1200","status":"TD","lat":10,"lon":-80,"wind_kt":20,"pressure_mb":null},{"date":"19731117","time":"1800","status":"TD","lat":10.7,"lon":-80.8,"wind_kt":25,"pressure_mb":null},{"date":"19731118","time":"0000","status":"TD","lat":10.2,"lon":-81.5,"wind_kt":30,"pressure_mb":null},{"date":"19731118","time":"0600","status":"TD","lat":10.3,"lon":-82.2,"wind_kt":30,"pressure_mb":null},{"date":"19731118","time":"1200","status":"TD","lat":10.5,"lon":-83,"wind_kt":30,"pressure_mb":null},{"date":"19731118","time":"1800","status":"TD","lat":10.8,"lon":-84,"wind_kt":null,"pressure_mb":null}]}},{"type":"Feature","geometry":{"type":"LineString","coordinates":[[-95,19],[-94.4,19.6],[-93.8,20.2],[-93.2,20.9],[-92.5,21.5],[-91.9,21.7],[-91.3,21.8],[-90.6,21.9],[-90,22],[-89.7,22.2],[-89.5,22.5],[-89.3,22.8],[-89,23],[-88.6,23.2],[-88.2,23.3],[-87.9,23.4],[-87.5,23.5]]},"properties":{"id":"hur-al011974","event_type":"hurricane","name":null,"year":1974,"max_wind_kt":25,"min_pressure_mb":null,"category":-1,"preliminary":false,"start_date":"19740622","end_date":"19740626","track":[{"date":"19740622","time":"1200","status":"TD","lat":19,"lon":-95,"wind_kt":20,"pressure_mb":null},{"date":"19740622","time":"1800","status":"TD","lat":19.6,"lon":-94.4,"wind_kt":20,"pressure_mb":null},{"date":"19740623","time":"0000","status":"TD","lat":20.2,"lon":-93.8,"wind_kt":25,"pressure_mb":null},{"date":"19740623","time":"0600","status":"TD","lat":20.9,"lon":-93.2,"wind_kt":25,"pressure_mb":null},{"date":"19740623","time":"1200","status":"TD","lat":21.5,"lon":-92.5,"wind_kt":25,"pressure_mb":null},{"date":"19740623","time":"1800","status":"TD","lat":21.7,"lon":-91.9,"wind_kt":25,"pressure_mb":null},{"date":"19740624","time":"0000","status":"TD","lat":21.8,"lon":-91.3,"wind_kt":25,"pressure_mb":null},{"date":"19740624","time":"0600","status":"TD","lat":21.9,"lon":-90.6,"wind_kt":25,"pressure_mb":null},{"date":"19740624","time":"1200","status":"TD","lat":22,"lon":-90,"wind_kt":25,"pressure_mb":null},{"date":"19740624","time":"1800","status":"TD","lat":22.2,"lon":-89.7,"wind_kt":25,"pressure_mb":null},{"date":"19740625","time":"0000","status":"TD","lat":22.5,"lon":-89.5,"wind_kt":25,"pressure_mb":null},{"date":"19740625","time":"0600","status":"TD","lat":22.8,"lon":-89.3,"wind_kt":25,"pressure_mb":null},{"date":"19740625","time":"1200","status":"TD","lat":23,"lon":-89,"wind_kt":20,"pressure_mb":null},{"date":"19740625","time":"1800","status":"TD","lat":23.2,"lon":-88.6,"wind_kt":20,"pressure_mb":null},{"date":"19740626","time":"0000","status":"TD","lat":23.3,"lon":-88.2,"wind_kt":20,"pressure_mb":null},{"date":"19740626","time":"0600","status":"TD","lat":23.4,"lon":-87.9,"wind_kt":20,"pressure_mb":null},{"date":"19740626","time":"1200","status":"TD","lat":23.5,"lon":-87.5,"wind_kt":20,"pressure_mb":null}]}},{"type":"Feature","geometry":{"type":"LineString","coordinates":[[-88,24],[-86.2,25.4],[-83.2,27.5],[-81.5,28.8],[-78.7,31],[-75.5,33.5]]},"properties":{"id":"hur-al021974","event_type":"hurricane","name":null,"year":1974,"max_wind_kt":55,"min_pressure_mb":1000,"category":0,"preliminary":false,"start_date":"19740624","end_date":"19740626","track":[{"date":"19740624","time":"1800","status":"SD","lat":24,"lon":-88,"wind_kt":30,"pressure_mb":null},{"date":"19740625","time":"0000","status":"SS","lat":25.4,"lon":-86.2,"wind_kt":40,"pressure_mb":null},{"date":"19740625","time":"0600","status":"SS","lat":27.5,"lon":-83.2,"wind_kt":45,"pressure_mb":null},{"date":"19740625","time":"1200","status":"SS","lat":28.8,"lon":-81.5,"wind_kt":55,"pressure_mb":1000},{"date":"19740625","time":"1800","status":"SS","lat":31,"lon":-78.7,"wind_kt":55,"pressure_mb":null},{"date":"19740626","time":"0000","status":"EX","lat":33.5,"lon":-75.5,"wind_kt":35,"pressure_mb":1004}]}},{"type":"Feature","geometry":{"type":"LineString","coordinates":[[-21,18],[-22.7,18],[-24.5,18],[-26.3,18],[-28,18],[-30,18],[-32,18],[-34,18],[-36,18]]},"properties":{"id":"hur-al031974","event_type":"hurricane","name":null,"year":1974,"max_wind_kt":30,"min_pressure_mb":null,"category":-1,"preliminary":false,"start_date":"19740630","end_date":"19740702","track":[{"date":"19740630","time":"1200","status":"TD","lat":18,"lon":-21,"wind_kt":null,"pressure_mb":null},{"date":"19740630","time":"1800","status":"TD","lat":18,"lon":-22.7,"wind_kt":25,"pressure_mb":null},{"date":"19740701","time":"0000","status":"TD","lat":18,"lon":-24.5,"wind_kt":25,"pressure_mb":null},{"date":"19740701","time":"0600","status":"TD","lat":18,"lon":-26.3,"wind_kt":30,"pressure_mb":null},{"date":"19740701","time":"1200","status":"TD","lat":18,"lon":-28,"wind_kt":30,"pressure_mb":null},{"date":"19740701","time":"1800","status":"TD","lat":18,"lon":-30,"wind_kt":30,"pressure_mb":null},{"date":"19740702","time":"0000","status":"TD","lat":18,"lon":-32,"wind_kt":25,"pressure_mb":null},{"date":"19740702","time":"0600","status":"TD","lat":18,"lon":-34,"wind_kt":25,"pressure_mb":null},{"date":"19740702","time":"1200","status":"TD","lat":18,"lon":-36,"wind_kt":20,"pressure_mb":null}]}},{"type":"Feature","geometry":{"type":"LineString","coordinates":[[-87,28.5],[-87.3,28.2],[-87.7,28],[-88.1,27.7],[-88.5,27.5],[-89.2,27.3],[-89.8,27],[-90.4,26.8],[-91,26.5],[-91.6,26.2],[-92.2,26],[-92.8,25.7],[-93.5,25.5],[-93.7,26.2],[-93.8,27],[-93.9,27.8],[-94,28.5],[-94.5,29.5]]},"properties":{"id":"hur-al041974","event_type":"hurricane","name":null,"year":1974,"max_wind_kt":30,"min_pressure_mb":null,"category":-1,"preliminary":false,"start_date":"19740713","end_date":"19740717","track":[{"date":"19740713","time":"1200","status":"TD","lat":28.5,"lon":-87,"wind_kt":20,"pressure_mb":null},{"date":"19740713","time":"1800","status":"TD","lat":28.2,"lon":-87.3,"wind_kt":20,"pressure_mb":null},{"date":"19740714","time":"0000","status":"TD","lat":28,"lon":-87.7,"wind_kt":25,"pressure_mb":null},{"date":"19740714","time":"0600","status":"TD","lat":27.7,"lon":-88.1,"wind_kt":25,"pressure_mb":null},{"date":"19740714","time":"1200","status":"TD","lat":27.5,"lon":-88.5,"wind_kt":25,"pressure_mb":null},{"date":"19740714","time":"1800","status":"TD","lat":27.3,"lon":-89.2,"wind_kt":25,"pressure_mb":null},{"date":"19740715","time":"0000","status":"TD","lat":27,"lon":-89.8,"wind_kt":25,"pressure_mb":null},{"date":"19740715","time":"0600","status":"TD","lat":26.8,"lon":-90.4,"wind_kt":25,"pressure_mb":null},{"date":"19740715","time":"1200","status":"TD","lat":26.5,"lon":-91,"wind_kt":30,"pressure_mb":null},{"date":"19740715","time":"1800","status":"TD","lat":26.2,"lon":-91.6,"wind_kt":30,"pressure_mb":null},{"date":"19740716","time":"0000","status":"TD","lat":26,"lon":-92.2,"wind_kt":30,"pressure_mb":null},{"date":"19740716","time":"0600","status":"TD","lat":25.7,"lon":-92.8,"wind_kt":30,"pressure_mb":null},{"date":"19740716","time":"1200","status":"TD","lat":25.5,"lon":-93.5,"wind_kt":30,"pressure_mb":null},{"date":"19740716","time":"1800","status":"TD","lat":26.2,"lon":-93.7,"wind_kt":30,"pressure_mb":null},{"date":"19740717","time":"0000","status":"TD","lat":27,"lon":-93.8,"wind_kt":30,"pressure_mb":null},{"date":"19740717","time":"0600","status":"TD","lat":27.8,"lon":-93.9,"wind_kt":30,"pressure_mb":null},{"date":"19740717","time":"1200","status":"TD","lat":28.5,"lon":-94,"wind_kt":25,"pressure_mb":null},{"date":"19740717","time":"1800","status":"TD","lat":29.5,"lon":-94.5,"wind_kt":null,"pressure_mb":null}]}},{"type":"Feature","geometry":{"type":"LineString","coordinates":[[-75,29],[-74.5,30.2],[-73.8,31.2],[-72.9,32],[-71.8,32.9],[-70.6,33.9],[-68.8,35],[-66.2,36.1],[-63.5,37.2],[-60.9,38.1],[-58.4,39],[-55,39.9],[-52.4,40.7],[-51.5,41.6],[-50.8,42.5],[-49.9,43.6],[-49,45],[-48,46.7],[-47,48.8]]},"properties":{"id":"hur-al051974","event_type":"hurricane","name":null,"year":1974,"max_wind_kt":45,"min_pressure_mb":1006,"category":0,"preliminary":false,"start_date":"19740716","end_date":"19740720","track":[{"date":"19740716","time":"0000","status":"SD","lat":29,"lon":-75,"wind_kt":25,"pressure_mb":null},{"date":"19740716","time":"0600","status":"SD","lat":30.2,"lon":-74.5,"wind_kt":30,"pressure_mb":null},{"date":"19740716","time":"1200","status":"SD","lat":31.2,"lon":-73.8,"wind_kt":30,"pressure_mb":null},{"date":"19740716","time":"1800","status":"SD","lat":32,"lon":-72.9,"wind_kt":30,"pressure_mb":null},{"date":"19740717","time":"0000","status":"SD","lat":32.9,"lon":-71.8,"wind_kt":30,"pressure_mb":null},{"date":"19740717","time":"0600","status":"SD","lat":33.9,"lon":-70.6,"wind_kt":30,"pressure_mb":null},{"date":"19740717","time":"1200","status":"SS","lat":35,"lon":-68.8,"wind_kt":35,"pressure_mb":null},{"date":"19740717","time":"1800","status":"SS","lat":36.1,"lon":-66.2,"wind_kt":35,"pressure_mb":null},{"date":"19740718","time":"0000","status":"SS","lat":37.2,"lon":-63.5,"wind_kt":40,"pressure_mb":null},{"date":"19740718","time":"0600","status":"SS","lat":38.1,"lon":-60.9,"wind_kt":40,"pressure_mb":null},{"date":"19740718","time":"1200","status":"SS","lat":39,"lon":-58.4,"wind_kt":45,"pressure_mb":1006},{"date":"19740718","time":"1800","status":"SS","lat":39.9,"lon":-55,"wind_kt":45,"pressure_mb":null},{"date":"19740719","time":"0000","status":"SS","lat":40.7,"lon":-52.4,"wind_kt":45,"pressure_mb":null},{"date":"19740719","time":"0600","status":"SS","lat":41.6,"lon":-51.5,"wind_kt":45,"pressure_mb":null},{"date":"19740719","time":"1200","status":"SS","lat":42.5,"lon":-50.8,"wind_kt":45,"pressure_mb":null},{"date":"19740719","time":"1800","status":"SS","lat":43.6,"lon":-49.9,"wind_kt":40,"pressure_mb":null},{"date":"19740720","time":"0000","status":"EX","lat":45,"lon":-49,"wind_kt":40,"pressure_mb":null},{"date":"19740720","time":"0600","status":"EX","lat":46.7,"lon":-48,"wind_kt":40,"pressure_mb":null},{"date":"19740720","time":"1200","status":"EX","lat":48.8,"lon":-47,"wind_kt":35,"pressure_mb":null}]}},{"type":"Feature","geometry":{"type":"LineString","coordinates":[[-70,38],[-69.6,37.1],[-69,36.4],[-68,35.7],[-67,35.5],[-66,35.9],[-65.4,36.5],[-65.3,36.7],[-65.4,37],[-65.5,37.5],[-65.5,38],[-65.5,38.5],[-65.5,39],[-64.9,39.5],[-64,40],[-64,40.7],[-64,41.5],[-62.6,42.4],[-60,43.5]]},"properties":{"id":"hur-al061974","event_type":"hurricane","name":null,"year":1974,"max_wind_kt":50,"min_pressure_mb":992,"category":0,"preliminary":false,"start_date":"19740810","end_date":"19740815","track":[{"date":"19740810","time":"1200","status":"SS","lat":38,"lon":-70,"wind_kt":35,"pressure_mb":1012},{"date":"19740810","time":"1800","status":"SS","lat":37.1,"lon":-69.6,"wind_kt":35,"pressure_mb":null},{"date":"19740811","time":"0000","status":"SS","lat":36.4,"lon":-69,"wind_kt":35,"pressure_mb":null},{"date":"19740811","time":"0600","status":"SS","lat":35.7,"lon":-68,"wind_kt":35,"pressure_mb":null},{"date":"19740811","time":"1200","status":"SS","lat":35.5,"lon":-67,"wind_kt":40,"pressure_mb":null},{"date":"19740811","time":"1800","status":"SS","lat":35.9,"lon":-66,"wind_kt":40,"pressure_mb":null},{"date":"19740812","time":"0000","status":"SS","lat":36.5,"lon":-65.4,"wind_kt":40,"pressure_mb":null},{"date":"19740812","time":"0600","status":"SS","lat":36.7,"lon":-65.3,"wind_kt":40,"pressure_mb":null},{"date":"19740812","time":"1200","status":"SS","lat":37,"lon":-65.4,"wind_kt":40,"pressure_mb":1007},{"date":"19740812","time":"1800","status":"SS","lat":37.5,"lon":-65.5,"wind_kt":40,"pressure_mb":null},{"date":"19740813","time":"0000","status":"SS","lat":38,"lon":-65.5,"wind_kt":40,"pressure_mb":null},{"date":"19740813","time":"0600","status":"SS","lat":38.5,"lon":-65.5,"wind_kt":40,"pressure_mb":null},{"date":"19740813","time":"1200","status":"SS","lat":39,"lon":-65.5,"wind_kt":40,"pressure_mb":1003},{"date":"19740813","time":"1800","status":"SS","lat":39.5,"lon":-64.9,"wind_kt":40,"pressure_mb":null},{"date":"19740814","time":"0000","status":"SS","lat":40,"lon":-64,"wind_kt":45,"pressure_mb":null},{"date":"19740814","time":"0600","status":"SS","lat":40.7,"lon":-64,"wind_kt":45,"pressure_mb":null},{"date":"19740814","time":"1200","status":"SS","lat":41.5,"lon":-64,"wind_kt":50,"pressure_mb":992},{"date":"19740814","time":"1800","status":"SS","lat":42.4,"lon":-62.6,"wind_kt":50,"pressure_mb":null},{"date":"19740815","time":"0000","status":"SS","lat":43.5,"lon":-60,"wind_kt":45,"pressure_mb":null}]}},{"type":"Feature","geometry":{"type":"LineString","coordinates":[[-43,10.5],[-45.3,10.4],[-47.5,10.3],[-49.8,10.2],[-52,10.1],[-54,10],[-56.5,10.1],[-58.5,10.1],[-60.5,10.2],[-63,10.3],[-65.5,10.4],[-67.5,10.5],[-70,10.5]]},"properties":{"id":"hur-al071974","event_type":"hurricane","name":"ALMA","year":1974,"max_wind_kt":55,"min_pressure_mb":1007,"category":0,"preliminary":false,"start_date":"19740812","end_date":"19740815","track":[{"date":"19740812","time":"1200","status":"TD","lat":10.5,"lon":-43,"wind_kt":25,"pressure_mb":1010},{"date":"19740812","time":"1800","status":"TD","lat":10.4,"lon":-45.3,"wind_kt":25,"pressure_mb":null},{"date":"19740813","time":"0000","status":"TD","lat":10.3,"lon":-47.5,"wind_kt":25,"pressure_mb":null},{"date":"19740813","time":"0600","status":"TD","lat":10.2,"lon":-49.8,"wind_kt":30,"pressure_mb":null},{"date":"19740813","time":"1200","status":"TS","lat":10.1,"lon":-52,"wind_kt":35,"pressure_mb":null},{"date":"19740813","time":"1800","status":"TS","lat":10,"lon":-54,"wind_kt":55,"pressure_mb":1007},{"date":"19740814","time":"0000","status":"TS","lat":10.1,"lon":-56.5,"wind_kt":50,"pressure_mb":null},{"date":"19740814","time":"0600","status":"TS","lat":10.1,"lon":-58.5,"wind_kt":45,"pressure_mb":null},{"date":"19740814","time":"1200","status":"TS","lat":10.2,"lon":-60.5,"wind_kt":40,"pressure_mb":null},{"date":"19740814","time":"1800","status":"TS","lat":10.3,"lon":-63,"wind_kt":35,"pressure_mb":null},{"date":"19740815","time":"0000","status":"TS","lat":10.4,"lon":-65.5,"wind_kt":35,"pressure_mb":null},{"date":"19740815","time":"0600","status":"TS","lat":10.5,"lon":-67.5,"wind_kt":35,"pressure_mb":null},{"date":"19740815","time":"1200","status":"TS","lat":10.5,"lon":-70,"wind_kt":35,"pressure_mb":null}]}},{"type":"Feature","geometry":{"type":"LineString","coordinates":[[-85.5,24],[-86.8,24.5],[-88.2,25],[-89.6,25.5],[-91,26],[-92.1,26.9],[-93.2,27.8],[-94.4,28.6],[-95.5,29.5]]},"properties":{"id":"hur-al081974","event_type":"hurricane","name":null,"year":1974,"max_wind_kt":30,"min_pressure_mb":null,"category":-1,"preliminary":false,"start_date":"19740824","end_date":"19740826","track":[{"date":"19740824","time":"1200","status":"TD","lat":24,"lon":-85.5,"wind_kt":20,"pressure_mb":null},{"date":"19740824","time":"1800","status":"TD","lat":24.5,"lon":-86.8,"wind_kt":25,"pressure_mb":null},{"date":"19740825","time":"0000","status":"TD","lat":25,"lon":-88.2,"wind_kt":25,"pressure_mb":null},{"date":"19740825","time":"0600","status":"TD","lat":25.5,"lon":-89.6,"wind_kt":30,"pressure_mb":null},{"date":"19740825","time":"1200","status":"TD","lat":26,"lon":-91,"wind_kt":30,"pressure_mb":null},{"date":"19740825","time":"1800","status":"TD","lat":26.9,"lon":-92.1,"wind_kt":30,"pressure_mb":null},{"date":"19740826","time":"0000","status":"TD","lat":27.8,"lon":-93.2,"wind_kt":30,"pressure_mb":null},{"date":"19740826","time":"0600","status":"TD","lat":28.6,"lon":-94.4,"wind_kt":25,"pressure_mb":null},{"date":"19740826","time":"1200","status":"TD","lat":29.5,"lon":-95.5,"wind_kt":null,"pressure_mb":null}]}},{"type":"Feature","geometry":{"type":"LineString","coordinates":[[-69,27],[-69.3,27.4],[-69.5,28],[-69.7,29],[-69.8,30],[-69.8,30.8],[-69.5,31.5],[-69,32.1],[-68.5,32.7],[-67.8,33.7],[-67.2,34.5],[-66.1,35.3],[-65,36],[-63.9,36.5],[-62.8,37],[-61.8,37.3],[-61,38],[-60.2,38.5],[-59.2,39.3],[-58,40],[-56,40.3],[-54.5,41],[-52.7,41.7],[-50.4,42.1],[-47.8,42.7],[-44.5,43],[-40.8,43.1],[-36,43]]},"properties":{"id":"hur-al091974","event_type":"hurricane","name":"BECKY","year":1974,"max_wind_kt":100,"min_pressure_mb":977,"category":3,"preliminary":false,"start_date":"19740826","end_date":"19740902","track":[{"date":"19740826","time":"1200","status":"TD","lat":27,"lon":-69,"wind_kt":25,"pressure_mb":null},{"date":"19740826","time":"1800","status":"TD","lat":27.4,"lon":-69.3,"wind_kt":30,"pressure_mb":null},{"date":"19740827","time":"0000","status":"TD","lat":28,"lon":-69.5,"wind_kt":30,"pressure_mb":null},{"date":"19740827","time":"0600","status":"TD","lat":29,"lon":-69.7,"wind_kt":30,"pressure_mb":null},{"date":"19740827","time":"1200","status":"TD","lat":30,"lon":-69.8,"wind_kt":30,"pressure_mb":null},{"date":"19740827","time":"1800","status":"TD","lat":30.8,"lon":-69.8,"wind_kt":30,"pressure_mb":null},{"date":"19740828","time":"0000","status":"TD","lat":31.5,"lon":-69.5,"wind_kt":30,"pressure_mb":1010},{"date":"19740828","time":"0600","status":"TS","lat":32.1,"lon":-69,"wind_kt":35,"pressure_mb":null},{"date":"19740828","time":"1200","status":"TS","lat":32.7,"lon":-68.5,"wind_kt":50,"pressure_mb":1003},{"date":"19740828","time":"1800","status":"HU","lat":33.7,"lon":-67.8,"wind_kt":65,"pressure_mb":1000},{"date":"19740829","time":"0000","status":"HU","lat":34.5,"lon":-67.2,"wind_kt":65,"pressure_mb":992},{"date":"19740829","time":"0600","status":"HU","lat":35.3,"lon":-66.1,"wind_kt":80,"pressure_mb":null},{"date":"19740829","time":"1200","status":"HU","lat":36,"lon":-65,"wind_kt":85,"pressure_mb":987},{"date":"19740829","time":"1800","status":"HU","lat":36.5,"lon":-63.9,"wind_kt":90,"pressure_mb":null},{"date":"19740830","time":"0000","status":"HU","lat":37,"lon":-62.8,"wind_kt":95,"pressure_mb":null},{"date":"19740830","time":"0600","status":"HU","lat":37.3,"lon":-61.8,"wind_kt":100,"pressure_mb":null},{"date":"19740830","time":"1200","status":"HU","lat":38,"lon":-61,"wind_kt":100,"pressure_mb":977},{"date":"19740830","time":"1800","status":"HU","lat":38.5,"lon":-60.2,"wind_kt":100,"pressure_mb":null},{"date":"19740831","time":"0000","status":"HU","lat":39.3,"lon":-59.2,"wind_kt":100,"pressure_mb":null},{"date":"19740831","time":"0600","status":"HU","lat":40,"lon":-58,"wind_kt":100,"pressure_mb":null},{"date":"19740831","time":"1200","status":"HU","lat":40.3,"lon":-56,"wind_kt":100,"pressure_mb":null},{"date":"19740831","time":"1800","status":"HU","lat":41,"lon":-54.5,"wind_kt":95,"pressure_mb":null},{"date":"19740901","time":"0000","status":"HU","lat":41.7,"lon":-52.7,"wind_kt":90,"pressure_mb":null},{"date":"19740901","time":"0600","status":"HU","lat":42.1,"lon":-50.4,"wind_kt":85,"pressure_mb":null},{"date":"19740901","time":"1200","status":"HU","lat":42.7,"lon":-47.8,"wind_kt":80,"pressure_mb":null},{"date":"19740901","time":"1800","status":"HU","lat":43,"lon":-44.5,"wind_kt":70,"pressure_mb":null},{"date":"19740902","time":"0000","status":"TS","lat":43.1,"lon":-40.8,"wind_kt":60,"pressure_mb":null},{"date":"19740902","time":"0600","status":"TS","lat":43,"lon":-36,"wind_kt":40,"pressure_mb":null}]}},{"type":"Feature","geometry":{"type":"LineString","coordinates":[[-55.8,16.8],[-58,16.4],[-60.3,16.5],[-62.7,16.6],[-65,16.8],[-67.4,17],[-69.9,17],[-72.2,17],[-74.2,17],[-76,17],[-77.9,17.2],[-79.8,17.3],[-81.5,17.5],[-83.2,17.7],[-84.7,17.8],[-85.9,18],[-86.8,18.4],[-87.9,18.6],[-88.8,18.8],[-89.3,19.1],[-89.7,19.3],[-90.2,19.6],[-90.4,19.9],[-90.7,20],[-90.8,20.1],[-91,20.3],[-91,20.5],[-90.9,20.7],[-90.9,20.9],[-90.8,21.2],[-90.7,21.5],[-90.5,21.9],[-90.5,22.4],[-90.4,22.9],[-90.4,23.7],[-90.3,24.6],[-90.3,25.7],[-90.3,26.8],[-90.4,27.8],[-90.8,28.7],[-91.3,29.4],[-92.1,30],[-92.6,30.5],[-93.6,30.8],[-94.4,30.9],[-95.1,31],[-95.6,31.1],[-96.3,31.2],[-96.7,31.3]]},"properties":{"id":"hur-al101974","event_type":"hurricane","name":"CARMEN","year":1974,"max_wind_kt":130,"min_pressure_mb":928,"category":4,"preliminary":false,"start_date":"19740829","end_date":"19740910","track":[{"date":"19740829","time":"0600","status":"TD","lat":16.8,"lon":-55.8,"wind_kt":30,"pressure_mb":1011},{"date":"19740829","time":"1200","status":"TD","lat":16.4,"lon":-58,"wind_kt":30,"pressure_mb":null},{"date":"19740829","time":"1800","status":"TD","lat":16.5,"lon":-60.3,"wind_kt":30,"pressure_mb":null},{"date":"19740830","time":"0000","status":"TD","lat":16.6,"lon":-62.7,"wind_kt":30,"pressure_mb":null},{"date":"19740830","time":"0600","status":"TD","lat":16.8,"lon":-65,"wind_kt":30,"pressure_mb":null},{"date":"19740830","time":"1200","status":"TS","lat":17,"lon":-67.4,"wind_kt":35,"pressure_mb":null},{"date":"19740830","time":"1800","status":"TS","lat":17,"lon":-69.9,"wind_kt":40,"pressure_mb":1001},{"date":"19740831","time":"0000","status":"TS","lat":17,"lon":-72.2,"wind_kt":45,"pressure_mb":null},{"date":"19740831","time":"0600","status":"TS","lat":17,"lon":-74.2,"wind_kt":50,"pressure_mb":null},{"date":"19740831","time":"1200","status":"HU","lat":17,"lon":-76,"wind_kt":65,"pressure_mb":988},{"date":"19740831","time":"1800","status":"HU","lat":17.2,"lon":-77.9,"wind_kt":75,"pressure_mb":null},{"date":"19740901","time":"0000","status":"HU","lat":17.3,"lon":-79.8,"wind_kt":80,"pressure_mb":null},{"date":"19740901","time":"0600","status":"HU","lat":17.5,"lon":-81.5,"wind_kt":85,"pressure_mb":972},{"date":"19740901","time":"1200","status":"HU","lat":17.7,"lon":-83.2,"wind_kt":105,"pressure_mb":960},{"date":"19740901","time":"1800","status":"HU","lat":17.8,"lon":-84.7,"wind_kt":115,"pressure_mb":null},{"date":"19740902","time":"0000","status":"HU","lat":18,"lon":-85.9,"wind_kt":125,"pressure_mb":933},{"date":"19740902","time":"0600","status":"HU","lat":18.4,"lon":-86.8,"wind_kt":130,"pressure_mb":928},{"date":"19740902","time":"1200","status":"HU","lat":18.6,"lon":-87.9,"wind_kt":120,"pressure_mb":956},{"date":"19740902","time":"1800","status":"HU","lat":18.8,"lon":-88.8,"wind_kt":90,"pressure_mb":null},{"date":"19740903","time":"0000","status":"TS","lat":19.1,"lon":-89.3,"wind_kt":60,"pressure_mb":null},{"date":"19740903","time":"0600","status":"TS","lat":19.3,"lon":-89.7,"wind_kt":60,"pressure_mb":null},{"date":"19740903","time":"1200","status":"TS","lat":19.6,"lon":-90.2,"wind_kt":60,"pressure_mb":null},{"date":"19740903","time":"1800","status":"TS","lat":19.9,"lon":-90.4,"wind_kt":60,"pressure_mb":1000},{"date":"19740904","time":"0000","status":"TS","lat":20,"lon":-90.7,"wind_kt":55,"pressure_mb":null},{"date":"19740904","time":"0600","status":"TS","lat":20.1,"lon":-90.8,"wind_kt":50,"pressure_mb":null},{"date":"19740904","time":"1200","status":"TS","lat":20.3,"lon":-91,"wind_kt":50,"pressure_mb":null},{"date":"19740904","time":"1800","status":"TS","lat":20.5,"lon":-91,"wind_kt":55,"pressure_mb":995},{"date":"19740905","time":"0000","status":"TS","lat":20.7,"lon":-90.9,"wind_kt":50,"pressure_mb":null},{"date":"19740905","time":"0600","status":"TS","lat":20.9,"lon":-90.9,"wind_kt":55,"pressure_mb":null},{"date":"19740905","time":"1200","status":"HU","lat":21.2,"lon":-90.8,"wind_kt":65,"pressure_mb":985},{"date":"19740905","time":"1800","status":"HU","lat":21.5,"lon":-90.7,"wind_kt":65,"pressure_mb":null},{"date":"19740906","time":"0000","status":"HU","lat":21.9,"lon":-90.5,"wind_kt":65,"pressure_mb":983},{"date":"19740906","time":"0600","status":"HU","lat":22.4,"lon":-90.5,"wind_kt":70,"pressure_mb":971},{"date":"19740906","time":"1200","status":"HU","lat":22.9,"lon":-90.4,"wind_kt":80,"pressure_mb":969},{"date":"19740906","time":"1800","status":"HU","lat":23.7,"lon":-90.4,"wind_kt":95,"pressure_mb":null},{"date":"19740907","time":"0000","status":"HU","lat":24.6,"lon":-90.3,"wind_kt":100,"pressure_mb":967},{"date":"19740907","time":"0600","status":"HU","lat":25.7,"lon":-90.3,"wind_kt":105,"pressure_mb":null},{"date":"19740907","time":"1200","status":"HU","lat":26.8,"lon":-90.3,"wind_kt":110,"pressure_mb":950},{"date":"19740907","time":"1800","status":"HU","lat":27.8,"lon":-90.4,"wind_kt":115,"pressure_mb":944},{"date":"19740908","time":"0000","status":"HU","lat":28.7,"lon":-90.8,"wind_kt":130,"pressure_mb":937},{"date":"19740908","time":"0600","status":"HU","lat":29.4,"lon":-91.3,"wind_kt":105,"pressure_mb":null},{"date":"19740908","time":"1200","status":"HU","lat":30,"lon":-92.1,"wind_kt":75,"pressure_mb":null},{"date":"19740908","time":"1800","status":"TS","lat":30.5,"lon":-92.6,"wind_kt":45,"pressure_mb":null},{"date":"19740909","time":"0000","status":"TD","lat":30.8,"lon":-93.6,"wind_kt":30,"pressure_mb":null},{"date":"19740909","time":"0600","status":"TD","lat":30.9,"lon":-94.4,"wind_kt":25,"pressure_mb":null},{"date":"19740909","time":"1200","status":"TD","lat":31,"lon":-95.1,"wind_kt":25,"pressure_mb":null},{"date":"19740909","time":"1800","status":"TD","lat":31.1,"lon":-95.6,"wind_kt":25,"pressure_mb":null},{"date":"19740910","time":"0000","status":"TD","lat":31.2,"lon":-96.3,"wind_kt":25,"pressure_mb":null},{"date":"19740910","time":"0600","status":"TD","lat":31.3,"lon":-96.7,"wind_kt":25,"pressure_mb":null}]}},{"type":"Feature","geometry":{"type":"LineString","coordinates":[[-19,10],[-21.2,10.1],[-23.2,10.2],[-25.4,10.3],[-27.5,10.5],[-29.4,10.7],[-31.3,11],[-33.1,11.3],[-35,11.5],[-37.1,11.8],[-39.2,12.2],[-41.5,12.6],[-43.5,13],[-45.5,13.5],[-47.5,14],[-49.5,14.5],[-51.5,15],[-52.6,15.5],[-53.8,16],[-54.9,16.5],[-56,17],[-57,17.2],[-58,17.5],[-59,17.8],[-60,18],[-60.9,18.2],[-61.8,18.5],[-62.6,18.8],[-63.5,19],[-64.7,19.4],[-66,19.8],[-67.3,20.1],[-68.5,20.5],[-69.3,20.6],[-70.2,20.7],[-71.6,20.8],[-73,21]]},"properties":{"id":"hur-al111974","event_type":"hurricane","name":null,"year":1974,"max_wind_kt":30,"min_pressure_mb":null,"category":-1,"preliminary":false,"start_date":"19740902","end_date":"19740911","track":[{"date":"19740902","time":"1200","status":"TD","lat":10,"lon":-19,"wind_kt":20,"pressure_mb":null},{"date":"19740902","time":"1800","status":"TD","lat":10.1,"lon":-21.2,"wind_kt":25,"pressure_mb":null},{"date":"19740903","time":"0000","status":"TD","lat":10.2,"lon":-23.2,"wind_kt":25,"pressure_mb":null},{"date":"19740903","time":"0600","status":"TD","lat":10.3,"lon":-25.4,"wind_kt":25,"pressure_mb":null},{"date":"19740903","time":"1200","status":"TD","lat":10.5,"lon":-27.5,"wind_kt":30,"pressure_mb":null},{"date":"19740903","time":"1800","status":"TD","lat":10.7,"lon":-29.4,"wind_kt":30,"pressure_mb":null},{"date":"19740904","time":"0000","status":"TD","lat":11,"lon":-31.3,"wind_kt":30,"pressure_mb":null},{"date":"19740904","time":"0600","status":"TD","lat":11.3,"lon":-33.1,"wind_kt":30,"pressure_mb":null},{"date":"19740904","time":"1200","status":"TD","lat":11.5,"lon":-35,"wind_kt":30,"pressure_mb":null},{"date":"19740904","time":"1800","status":"TD","lat":11.8,"lon":-37.1,"wind_kt":30,"pressure_mb":null},{"date":"19740905","time":"0000","status":"TD","lat":12.2,"lon":-39.2,"wind_kt":30,"pressure_mb":null},{"date":"19740905","time":"0600","status":"TD","lat":12.6,"lon":-41.5,"wind_kt":30,"pressure_mb":null},{"date":"19740905","time":"1200","status":"TD","lat":13,"lon":-43.5,"wind_kt":30,"pressure_mb":null},{"date":"19740905","time":"1800","status":"TD","lat":13.5,"lon":-45.5,"wind_kt":30,"pressure_mb":null},{"date":"19740906","time":"0000","status":"TD","lat":14,"lon":-47.5,"wind_kt":30,"pressure_mb":null},{"date":"19740906","time":"0600","status":"TD","lat":14.5,"lon":-49.5,"wind_kt":30,"pressure_mb":null},{"date":"19740906","time":"1200","status":"TD","lat":15,"lon":-51.5,"wind_kt":30,"pressure_mb":null},{"date":"19740906","time":"1800","status":"TD","lat":15.5,"lon":-52.6,"wind_kt":30,"pressure_mb":null},{"date":"19740907","time":"0000","status":"TD","lat":16,"lon":-53.8,"wind_kt":30,"pressure_mb":null},{"date":"19740907","time":"0600","status":"TD","lat":16.5,"lon":-54.9,"wind_kt":30,"pressure_mb":null},{"date":"19740907","time":"1200","status":"TD","lat":17,"lon":-56,"wind_kt":30,"pressure_mb":null},{"date":"19740907","time":"1800","status":"TD","lat":17.2,"lon":-57,"wind_kt":30,"pressure_mb":null},{"date":"19740908","time":"0000","status":"TD","lat":17.5,"lon":-58,"wind_kt":30,"pressure_mb":null},{"date":"19740908","time":"0600","status":"TD","lat":17.8,"lon":-59,"wind_kt":30,"pressure_mb":null},{"date":"19740908","time":"1200","status":"TD","lat":18,"lon":-60,"wind_kt":30,"pressure_mb":null},{"date":"19740908","time":"1800","status":"TD","lat":18.2,"lon":-60.9,"wind_kt":30,"pressure_mb":null},{"date":"19740909","time":"0000","status":"TD","lat":18.5,"lon":-61.8,"wind_kt":30,"pressure_mb":null},{"date":"19740909","time":"0600","status":"TD","lat":18.8,"lon":-62.6,"wind_kt":30,"pressure_mb":null},{"date":"19740909","time":"1200","status":"TD","lat":19,"lon":-63.5,"wind_kt":30,"pressure_mb":null},{"date":"19740909","time":"1800","status":"TD","lat":19.4,"lon":-64.7,"wind_kt":30,"pressure_mb":null},{"date":"19740910","time":"0000","status":"TD","lat":19.8,"lon":-66,"wind_kt":30,"pressure_mb":null},{"date":"19740910","time":"0600","status":"TD","lat":20.1,"lon":-67.3,"wind_kt":25,"pressure_mb":null},{"date":"19740910","time":"1200","status":"TD","lat":20.5,"lon":-68.5,"wind_kt":25,"pressure_mb":null},{"date":"19740910","time":"1800","status":"TD","lat":20.6,"lon":-69.3,"wind_kt":25,"pressure_mb":null},{"date":"19740911","time":"0000","status":"TD","lat":20.7,"lon":-70.2,"wind_kt":25,"pressure_mb":null},{"date":"19740911","time":"0600","status":"TD","lat":20.8,"lon":-71.6,"wind_kt":20,"pressure_mb":null},{"date":"19740911","time":"1200","status":"TD","lat":21,"lon":-73,"wind_kt":20,"pressure_mb":null}]}},{"type":"Feature","geometry":{"type":"LineString","coordinates":[[-67.9,27.2],[-69,27.7],[-70.1,28.3],[-71.1,29.1],[-72,30.2],[-72.6,31.8],[-72.6,33.6],[-72.1,35.5],[-70.6,37.8],[-67.5,40.8],[-63.8,43],[-60.3,44.2]]},"properties":{"id":"hur-al121974","event_type":"hurricane","name":"DOLLY","year":1974,"max_wind_kt":45,"min_pressure_mb":1004,"category":0,"preliminary":false,"start_date":"19740902","end_date":"19740905","track":[{"date":"19740902","time":"1800","status":"TD","lat":27.2,"lon":-67.9,"wind_kt":30,"pressure_mb":null},{"date":"19740903","time":"0000","status":"TD","lat":27.7,"lon":-69,"wind_kt":30,"pressure_mb":null},{"date":"19740903","time":"0600","status":"TD","lat":28.3,"lon":-70.1,"wind_kt":30,"pressure_mb":null},{"date":"19740903","time":"1200","status":"TD","lat":29.1,"lon":-71.1,"wind_kt":30,"pressure_mb":null},{"date":"19740903","time":"1800","status":"TS","lat":30.2,"lon":-72,"wind_kt":45,"pressure_mb":1005},{"date":"19740904","time":"0000","status":"TS","lat":31.8,"lon":-72.6,"wind_kt":45,"pressure_mb":null},{"date":"19740904","time":"0600","status":"TS","lat":33.6,"lon":-72.6,"wind_kt":45,"pressure_mb":null},{"date":"19740904","time":"1200","status":"TS","lat":35.5,"lon":-72.1,"wind_kt":45,"pressure_mb":null},{"date":"19740904","time":"1800","status":"TS","lat":37.8,"lon":-70.6,"wind_kt":40,"pressure_mb":null},{"date":"19740905","time":"0000","status":"TS","lat":40.8,"lon":-67.5,"wind_kt":40,"pressure_mb":null},{"date":"19740905","time":"0600","status":"TS","lat":43,"lon":-63.8,"wind_kt":40,"pressure_mb":null},{"date":"19740905","time":"1200","status":"EX","lat":44.2,"lon":-60.3,"wind_kt":35,"pressure_mb":1004}]}},{"type":"Feature","geometry":{"type":"LineString","coordinates":[[-50.5,14.7],[-52.2,14.8],[-53.7,15.2],[-55,15.5],[-56.1,16.1],[-57.2,16.8],[-58.1,17.7],[-58.6,18.5],[-59.4,19.1],[-60.5,19.5],[-61.8,20.1],[-63.3,21.1],[-65.3,23.1],[-66.7,24.5],[-67.7,25.2],[-68.2,25.9],[-69.2,27],[-70.2,28.1],[-71.2,29.7],[-71.8,30.8],[-72.1,32.3],[-71.3,33.8],[-70,34.4],[-69.3,34.8],[-68.2,35.1],[-66.7,35.4],[-65.3,35.4],[-64.5,35.5],[-63.6,35.6],[-62.7,35.7],[-61.9,36.3],[-61.2,37],[-60.1,38.7],[-58.3,39.6],[-55.9,39.8],[-53.1,40.5],[-50.3,41.4],[-48,42]]},"properties":{"id":"hur-al131974","event_type":"hurricane","name":"ELAINE","year":1974,"max_wind_kt":60,"min_pressure_mb":1001,"category":0,"preliminary":false,"start_date":"19740904","end_date":"19740914","track":[{"date":"19740904","time":"1800","status":"TD","lat":14.7,"lon":-50.5,"wind_kt":25,"pressure_mb":null},{"date":"19740905","time":"0000","status":"TD","lat":14.8,"lon":-52.2,"wind_kt":25,"pressure_mb":1012},{"date":"19740905","time":"0600","status":"TD","lat":15.2,"lon":-53.7,"wind_kt":25,"pressure_mb":null},{"date":"19740905","time":"1200","status":"TD","lat":15.5,"lon":-55,"wind_kt":25,"pressure_mb":null},{"date":"19740905","time":"1800","status":"TD","lat":16.1,"lon":-56.1,"wind_kt":25,"pressure_mb":1010},{"date":"19740906","time":"0000","status":"TD","lat":16.8,"lon":-57.2,"wind_kt":30,"pressure_mb":null},{"date":"19740906","time":"0600","status":"TD","lat":17.7,"lon":-58.1,"wind_kt":30,"pressure_mb":null},{"date":"19740906","time":"1200","status":"TD","lat":18.5,"lon":-58.6,"wind_kt":30,"pressure_mb":null},{"date":"19740906","time":"1800","status":"TD","lat":19.1,"lon":-59.4,"wind_kt":30,"pressure_mb":null},{"date":"19740907","time":"0000","status":"TD","lat":19.5,"lon":-60.5,"wind_kt":30,"pressure_mb":null},{"date":"19740907","time":"0600","status":"TD","lat":20.1,"lon":-61.8,"wind_kt":30,"pressure_mb":null},{"date":"19740907","time":"1200","status":"TD","lat":21.1,"lon":-63.3,"wind_kt":30,"pressure_mb":null},{"date":"19740907","time":"1800","status":"TD","lat":23.1,"lon":-65.3,"wind_kt":30,"pressure_mb":null},{"date":"19740908","time":"0000","status":"TD","lat":24.5,"lon":-66.7,"wind_kt":30,"pressure_mb":null},{"date":"19740908","time":"0600","status":"TD","lat":25.2,"lon":-67.7,"wind_kt":30,"pressure_mb":null},{"date":"19740908","time":"1200","status":"TD","lat":25.9,"lon":-68.2,"wind_kt":30,"pressure_mb":null},{"date":"19740908","time":"1800","status":"TD","lat":27,"lon":-69.2,"wind_kt":30,"pressure_mb":1012},{"date":"19740909","time":"0000","status":"TD","lat":28.1,"lon":-70.2,"wind_kt":30,"pressure_mb":1008},{"date":"19740909","time":"0600","status":"TD","lat":29.7,"lon":-71.2,"wind_kt":30,"pressure_mb":null},{"date":"19740909","time":"1200","status":"TD","lat":30.8,"lon":-71.8,"wind_kt":30,"pressure_mb":null},{"date":"19740909","time":"1800","status":"TS","lat":32.3,"lon":-72.1,"wind_kt":35,"pressure_mb":1010},{"date":"19740910","time":"0000","status":"TS","lat":33.8,"lon":-71.3,"wind_kt":45,"pressure_mb":1005},{"date":"19740910","time":"0600","status":"TS","lat":34.4,"lon":-70,"wind_kt":55,"pressure_mb":null},{"date":"19740910","time":"1200","status":"TS","lat":34.8,"lon":-69.3,"wind_kt":60,"pressure_mb":1001},{"date":"19740910","time":"1800","status":"TS","lat":35.1,"lon":-68.2,"wind_kt":60,"pressure_mb":null},{"date":"19740911","time":"0000","status":"TS","lat":35.4,"lon":-66.7,"wind_kt":55,"pressure_mb":1006},{"date":"19740911","time":"0600","status":"TS","lat":35.4,"lon":-65.3,"wind_kt":50,"pressure_mb":null},{"date":"19740911","time":"1200","status":"TS","lat":35.5,"lon":-64.5,"wind_kt":50,"pressure_mb":null},{"date":"19740911","time":"1800","status":"TS","lat":35.6,"lon":-63.6,"wind_kt":50,"pressure_mb":null},{"date":"19740912","time":"0000","status":"TS","lat":35.7,"lon":-62.7,"wind_kt":50,"pressure_mb":1004},{"date":"19740912","time":"0600","status":"TS","lat":36.3,"lon":-61.9,"wind_kt":45,"pressure_mb":null},{"date":"19740912","time":"1200","status":"TS","lat":37,"lon":-61.2,"wind_kt":45,"pressure_mb":null},{"date":"19740912","time":"1800","status":"TS","lat":38.7,"lon":-60.1,"wind_kt":45,"pressure_mb":1008},{"date":"19740913","time":"0000","status":"TS","lat":39.6,"lon":-58.3,"wind_kt":45,"pressure_mb":null},{"date":"19740913","time":"0600","status":"TS","lat":39.8,"lon":-55.9,"wind_kt":45,"pressure_mb":null},{"date":"19740913","time":"1200","status":"TS","lat":40.5,"lon":-53.1,"wind_kt":45,"pressure_mb":null},{"date":"19740913","time":"1800","status":"TS","lat":41.4,"lon":-50.3,"wind_kt":40,"pressure_mb":null},{"date":"19740914","time":"0000","status":"EX","lat":42,"lon":-48,"wind_kt":40,"pressure_mb":null}]}},{"type":"Feature","geometry":{"type":"LineString","coordinates":[[-65,15.3],[-66.5,15.7],[-68,16],[-69.5,16.3],[-71,16.5],[-72.5,16.8],[-74,17],[-75.5,17],[-77,17],[-77.8,17],[-78.7,17],[-79.5,16.9],[-80.2,16.6],[-81,16.4],[-81.7,16.3],[-82.4,16.3],[-83.5,16.3],[-84.7,16.3],[-85.7,16.2],[-86.6,16.1],[-87.5,16.1],[-88.2,16.3],[-89.2,16.7],[-90.5,16.8],[-92,16.9],[-93.5,17],[-95,17.2],[-97.1,17.5],[-99,17.5],[-99.8,17.6],[-101,17.5],[-102.5,17.7],[-104.3,17.7]]},"properties":{"id":"hur-al141974","event_type":"hurricane","name":"FIFI","year":1974,"max_wind_kt":95,"min_pressure_mb":971,"category":2,"preliminary":false,"start_date":"19740914","end_date":"19740922","track":[{"date":"19740914","time":"1200","status":"TD","lat":15.3,"lon":-65,"wind_kt":30,"pressure_mb":null},{"date":"19740914","time":"1800","status":"TD","lat":15.7,"lon":-66.5,"wind_kt":30,"pressure_mb":null},{"date":"19740915","time":"0000","status":"TD","lat":16,"lon":-68,"wind_kt":30,"pressure_mb":null},{"date":"19740915","time":"0600","status":"TD","lat":16.3,"lon":-69.5,"wind_kt":30,"pressure_mb":null},{"date":"19740915","time":"1200","status":"TD","lat":16.5,"lon":-71,"wind_kt":30,"pressure_mb":null},{"date":"19740915","time":"1800","status":"TD","lat":16.8,"lon":-72.5,"wind_kt":30,"pressure_mb":null},{"date":"19740916","time":"0000","status":"TD","lat":17,"lon":-74,"wind_kt":30,"pressure_mb":null},{"date":"19740916","time":"0600","status":"TD","lat":17,"lon":-75.5,"wind_kt":30,"pressure_mb":null},{"date":"19740916","time":"1200","status":"TD","lat":17,"lon":-77,"wind_kt":30,"pressure_mb":null},{"date":"19740916","time":"1800","status":"TS","lat":17,"lon":-77.8,"wind_kt":35,"pressure_mb":1005},{"date":"19740917","time":"0000","status":"TS","lat":17,"lon":-78.7,"wind_kt":50,"pressure_mb":null},{"date":"19740917","time":"0600","status":"TS","lat":16.9,"lon":-79.5,"wind_kt":60,"pressure_mb":993},{"date":"19740917","time":"1200","status":"HU","lat":16.6,"lon":-80.2,"wind_kt":70,"pressure_mb":null},{"date":"19740917","time":"1800","status":"HU","lat":16.4,"lon":-81,"wind_kt":75,"pressure_mb":null},{"date":"19740918","time":"0000","status":"HU","lat":16.3,"lon":-81.7,"wind_kt":80,"pressure_mb":null},{"date":"19740918","time":"0600","status":"HU","lat":16.3,"lon":-82.4,"wind_kt":85,"pressure_mb":977},{"date":"19740918","time":"1200","status":"HU","lat":16.3,"lon":-83.5,"wind_kt":90,"pressure_mb":null},{"date":"19740918","time":"1800","status":"HU","lat":16.3,"lon":-84.7,"wind_kt":95,"pressure_mb":null},{"date":"19740919","time":"0000","status":"HU","lat":16.2,"lon":-85.7,"wind_kt":95,"pressure_mb":null},{"date":"19740919","time":"0600","status":"HU","lat":16.1,"lon":-86.6,"wind_kt":95,"pressure_mb":null},{"date":"19740919","time":"1200","status":"HU","lat":16.1,"lon":-87.5,"wind_kt":95,"pressure_mb":971},{"date":"19740919","time":"1800","status":"HU","lat":16.3,"lon":-88.2,"wind_kt":90,"pressure_mb":null},{"date":"19740920","time":"0000","status":"TS","lat":16.7,"lon":-89.2,"wind_kt":60,"pressure_mb":null},{"date":"19740920","time":"0600","status":"TS","lat":16.8,"lon":-90.5,"wind_kt":60,"pressure_mb":null},{"date":"19740920","time":"1200","status":"TS","lat":16.9,"lon":-92,"wind_kt":45,"pressure_mb":null},{"date":"19740920","time":"1800","status":"TD","lat":17,"lon":-93.5,"wind_kt":30,"pressure_mb":null},{"date":"19740921","time":"0000","status":"TD","lat":17.2,"lon":-95,"wind_kt":30,"pressure_mb":null},{"date":"19740921","time":"0600","status":"TD","lat":17.5,"lon":-97.1,"wind_kt":30,"pressure_mb":null},{"date":"19740921","time":"1200","status":"TD","lat":17.5,"lon":-99,"wind_kt":30,"pressure_mb":null},{"date":"19740921","time":"1800","status":"TD","lat":17.6,"lon":-99.8,"wind_kt":30,"pressure_mb":null},{"date":"19740922","time":"0000","status":"TS","lat":17.5,"lon":-101,"wind_kt":35,"pressure_mb":null},{"date":"19740922","time":"0600","status":"TS","lat":17.7,"lon":-102.5,"wind_kt":35,"pressure_mb":null},{"date":"19740922","time":"1200","status":"TS","lat":17.7,"lon":-104.3,"wind_kt":35,"pressure_mb":null}]}},{"type":"Feature","geometry":{"type":"LineString","coordinates":[[-58,28],[-59.1,28.6],[-60.2,29.3],[-61.3,29.9],[-62.5,30.5],[-62.7,31.3],[-63,32.2],[-63.2,33.1],[-63.5,34],[-63.5,34]]},"properties":{"id":"hur-al151974","event_type":"hurricane","name":null,"year":1974,"max_wind_kt":25,"min_pressure_mb":null,"category":-1,"preliminary":false,"start_date":"19740918","end_date":"19740920","track":[{"date":"19740918","time":"1200","status":"TD","lat":28,"lon":-58,"wind_kt":20,"pressure_mb":null},{"date":"19740918","time":"1800","status":"TD","lat":28.6,"lon":-59.1,"wind_kt":25,"pressure_mb":null},{"date":"19740919","time":"0000","status":"TD","lat":29.3,"lon":-60.2,"wind_kt":25,"pressure_mb":null},{"date":"19740919","time":"0600","status":"TD","lat":29.9,"lon":-61.3,"wind_kt":25,"pressure_mb":null},{"date":"19740919","time":"1200","status":"TD","lat":30.5,"lon":-62.5,"wind_kt":25,"pressure_mb":null},{"date":"19740919","time":"1800","status":"TD","lat":31.3,"lon":-62.7,"wind_kt":25,"pressure_mb":null},{"date":"19740920","time":"0000","status":"TD","lat":32.2,"lon":-63,"wind_kt":25,"pressure_mb":null},{"date":"19740920","time":"0600","status":"TD","lat":33.1,"lon":-63.2,"wind_kt":20,"pressure_mb":null},{"date":"19740920","time":"1200","status":"TD","lat":34,"lon":-63.5,"wind_kt":20,"pressure_mb":null},{"date":"19740920","time":"1800","status":"TD","lat":34,"lon":-63.5,"wind_kt":20,"pressure_mb":null}]}},{"type":"Feature","geometry":{"type":"LineString","coordinates":[[-84,18],[-84.6,18.8],[-85.2,19.5],[-85.8,20.2],[-86.5,21],[-87.3,21.6],[-88,22.3],[-88.7,22.9],[-89.5,23.5],[-89,24.2],[-88.5,25],[-88,25.7],[-87.5,26.5],[-86.4,27.1],[-85.3,27.8],[-84.1,28.4],[-83,29]]},"properties":{"id":"hur-al161974","event_type":"hurricane","name":null,"year":1974,"max_wind_kt":30,"min_pressure_mb":null,"category":-1,"preliminary":false,"start_date":"19740923","end_date":"19740927","track":[{"date":"19740923","time":"1200","status":"TD","lat":18,"lon":-84,"wind_kt":20,"pressure_mb":null},{"date":"19740923","time":"1800","status":"TD","lat":18.8,"lon":-84.6,"wind_kt":25,"pressure_mb":null},{"date":"19740924","time":"0000","status":"TD","lat":19.5,"lon":-85.2,"wind_kt":30,"pressure_mb":null},{"date":"19740924","time":"0600","status":"TD","lat":20.2,"lon":-85.8,"wind_kt":30,"pressure_mb":null},{"date":"19740924","time":"1200","status":"TD","lat":21,"lon":-86.5,"wind_kt":30,"pressure_mb":null},{"date":"19740924","time":"1800","status":"TD","lat":21.6,"lon":-87.3,"wind_kt":30,"pressure_mb":null},{"date":"19740925","time":"0000","status":"TD","lat":22.3,"lon":-88,"wind_kt":30,"pressure_mb":null},{"date":"19740925","time":"0600","status":"TD","lat":22.9,"lon":-88.7,"wind_kt":30,"pressure_mb":null},{"date":"19740925","time":"1200","status":"TD","lat":23.5,"lon":-89.5,"wind_kt":30,"pressure_mb":null},{"date":"19740925","time":"1800","status":"TD","lat":24.2,"lon":-89,"wind_kt":30,"pressure_mb":null},{"date":"19740926","time":"0000","status":"TD","lat":25,"lon":-88.5,"wind_kt":30,"pressure_mb":null},{"date":"19740926","time":"0600","status":"TD","lat":25.7,"lon":-88,"wind_kt":30,"pressure_mb":null},{"date":"19740926","time":"1200","status":"TD","lat":26.5,"lon":-87.5,"wind_kt":25,"pressure_mb":null},{"date":"19740926","time":"1800","status":"TD","lat":27.1,"lon":-86.4,"wind_kt":25,"pressure_mb":null},{"date":"19740927","time":"0000","status":"TD","lat":27.8,"lon":-85.3,"wind_kt":25,"pressure_mb":null},{"date":"19740927","time":"0600","status":"TD","lat":28.4,"lon":-84.1,"wind_kt":25,"pressure_mb":null},{"date":"19740927","time":"1200","status":"TD","lat":29,"lon":-83,"wind_kt":null,"pressure_mb":null}]}},{"type":"Feature","geometry":{"type":"LineString","coordinates":[[-45.1,10.7],[-46.5,10.7],[-47.9,10.7],[-49,10.6],[-50.2,10.6],[-51.8,10.8],[-53,11],[-54,11.2],[-55,11.4],[-55.4,11.5],[-56,11.7],[-56.4,11.3],[-56.6,11],[-56.5,11.5],[-57.1,11.9],[-57.7,12],[-58.3,12.1],[-58.9,12.2],[-59.8,12.4],[-60.5,12.5],[-61.5,12.6],[-62.4,12.7],[-63.2,12.7],[-64.1,12.8],[-65,12.8],[-66,12.9],[-67,13]]},"properties":{"id":"hur-al171974","event_type":"hurricane","name":"GERTRUDE","year":1974,"max_wind_kt":65,"min_pressure_mb":999,"category":1,"preliminary":false,"start_date":"19740927","end_date":"19741004","track":[{"date":"19740927","time":"1200","status":"TD","lat":10.7,"lon":-45.1,"wind_kt":30,"pressure_mb":null},{"date":"19740927","time":"1800","status":"TD","lat":10.7,"lon":-46.5,"wind_kt":30,"pressure_mb":null},{"date":"19740928","time":"0000","status":"TD","lat":10.7,"lon":-47.9,"wind_kt":30,"pressure_mb":null},{"date":"19740928","time":"0600","status":"TD","lat":10.6,"lon":-49,"wind_kt":30,"pressure_mb":null},{"date":"19740928","time":"1200","status":"TD","lat":10.6,"lon":-50.2,"wind_kt":30,"pressure_mb":null},{"date":"19740928","time":"1800","status":"TS","lat":10.8,"lon":-51.8,"wind_kt":45,"pressure_mb":1004},{"date":"19740929","time":"0000","status":"HU","lat":11,"lon":-53,"wind_kt":65,"pressure_mb":999},{"date":"19740929","time":"0600","status":"HU","lat":11.2,"lon":-54,"wind_kt":65,"pressure_mb":null},{"date":"19740929","time":"1200","status":"HU","lat":11.4,"lon":-55,"wind_kt":65,"pressure_mb":1000},{"date":"19740929","time":"1800","status":"HU","lat":11.5,"lon":-55.4,"wind_kt":65,"pressure_mb":1001},{"date":"19740930","time":"0000","status":"HU","lat":11.7,"lon":-56,"wind_kt":65,"pressure_mb":1004},{"date":"19740930","time":"0600","status":"HU","lat":11.3,"lon":-56.4,"wind_kt":65,"pressure_mb":1005},{"date":"19740930","time":"1200","status":"HU","lat":11,"lon":-56.6,"wind_kt":65,"pressure_mb":null},{"date":"19740930","time":"1800","status":"TS","lat":11.5,"lon":-56.5,"wind_kt":45,"pressure_mb":1008},{"date":"19741001","time":"0000","status":"TS","lat":11.9,"lon":-57.1,"wind_kt":45,"pressure_mb":null},{"date":"19741001","time":"0600","status":"TS","lat":12,"lon":-57.7,"wind_kt":45,"pressure_mb":null},{"date":"19741001","time":"1200","status":"TS","lat":12.1,"lon":-58.3,"wind_kt":45,"pressure_mb":1009},{"date":"19741001","time":"1800","status":"TS","lat":12.2,"lon":-58.9,"wind_kt":40,"pressure_mb":null},{"date":"19741002","time":"0000","status":"TS","lat":12.4,"lon":-59.8,"wind_kt":40,"pressure_mb":null},{"date":"19741002","time":"0600","status":"TS","lat":12.5,"lon":-60.5,"wind_kt":35,"pressure_mb":null},{"date":"19741002","time":"1200","status":"TD","lat":12.6,"lon":-61.5,"wind_kt":30,"pressure_mb":null},{"date":"19741002","time":"1800","status":"TD","lat":12.7,"lon":-62.4,"wind_kt":30,"pressure_mb":null},{"date":"19741003","time":"0000","status":"TD","lat":12.7,"lon":-63.2,"wind_kt":30,"pressure_mb":null},{"date":"19741003","time":"0600","status":"TD","lat":12.8,"lon":-64.1,"wind_kt":30,"pressure_mb":null},{"date":"19741003","time":"1200","status":"TD","lat":12.8,"lon":-65,"wind_kt":30,"pressure_mb":null},{"date":"19741003","time":"1800","status":"TD","lat":12.9,"lon":-66,"wind_kt":30,"pressure_mb":null},{"date":"19741004","time":"0000","status":"TD","lat":13,"lon":-67,"wind_kt":30,"pressure_mb":null}]}},{"type":"Feature","geometry":{"type":"LineString","coordinates":[[-75.2,21],[-75.3,21.2],[-75.4,21.4],[-75.5,21.6],[-75.6,21.8],[-75.8,22],[-76.1,22.4],[-76.5,23.1],[-77,23.8],[-77.8,24.4],[-78.7,25],[-79.3,25.8],[-79.8,26.8],[-80,28],[-79.7,29.3],[-78.8,30.7],[-77,32],[-74.5,33.1],[-71.2,34.2],[-67.4,35.5],[-63,37]]},"properties":{"id":"hur-al181974","event_type":"hurricane","name":null,"year":1974,"max_wind_kt":45,"min_pressure_mb":1006,"category":0,"preliminary":false,"start_date":"19741004","end_date":"19741009","track":[{"date":"19741004","time":"0000","status":"TD","lat":21,"lon":-75.2,"wind_kt":30,"pressure_mb":1009},{"date":"19741004","time":"0600","status":"TD","lat":21.2,"lon":-75.3,"wind_kt":30,"pressure_mb":null},{"date":"19741004","time":"1200","status":"TD","lat":21.4,"lon":-75.4,"wind_kt":30,"pressure_mb":null},{"date":"19741004","time":"1800","status":"TD","lat":21.6,"lon":-75.5,"wind_kt":30,"pressure_mb":null},{"date":"19741005","time":"0000","status":"TD","lat":21.8,"lon":-75.6,"wind_kt":30,"pressure_mb":1008},{"date":"19741005","time":"0600","status":"TD","lat":22,"lon":-75.8,"wind_kt":30,"pressure_mb":null},{"date":"19741005","time":"1200","status":"SD","lat":22.4,"lon":-76.1,"wind_kt":30,"pressure_mb":null},{"date":"19741005","time":"1800","status":"SD","lat":23.1,"lon":-76.5,"wind_kt":30,"pressure_mb":null},{"date":"19741006","time":"0000","status":"SS","lat":23.8,"lon":-77,"wind_kt":40,"pressure_mb":null},{"date":"19741006","time":"0600","status":"SS","lat":24.4,"lon":-77.8,"wind_kt":40,"pressure_mb":null},{"date":"19741006","time":"1200","status":"SS","lat":25,"lon":-78.7,"wind_kt":40,"pressure_mb":1006},{"date":"19741006","time":"1800","status":"SS","lat":25.8,"lon":-79.3,"wind_kt":40,"pressure_mb":null},{"date":"19741007","time":"0000","status":"SS","lat":26.8,"lon":-79.8,"wind_kt":45,"pressure_mb":null},{"date":"19741007","time":"0600","status":"SS","lat":28,"lon":-80,"wind_kt":40,"pressure_mb":null},{"date":"19741007","time":"1200","status":"SS","lat":29.3,"lon":-79.7,"wind_kt":40,"pressure_mb":null},{"date":"19741007","time":"1800","status":"SS","lat":30.7,"lon":-78.8,"wind_kt":40,"pressure_mb":null},{"date":"19741008","time":"0000","status":"SS","lat":32,"lon":-77,"wind_kt":35,"pressure_mb":1008},{"date":"19741008","time":"0600","status":"SS","lat":33.1,"lon":-74.5,"wind_kt":35,"pressure_mb":null},{"date":"19741008","time":"1200","status":"EX","lat":34.2,"lon":-71.2,"wind_kt":30,"pressure_mb":null},{"date":"19741008","time":"1800","status":"EX","lat":35.5,"lon":-67.4,"wind_kt":30,"pressure_mb":null},{"date":"19741009","time":"0000","status":"EX","lat":37,"lon":-63,"wind_kt":25,"pressure_mb":null}]}},{"type":"Feature","geometry":{"type":"LineString","coordinates":[[-59.5,23.5],[-59,24.6],[-58.5,25.7],[-58,26.9],[-57.5,28],[-56.6,29],[-55.7,30],[-54.8,31],[-54,32],[-52.5,32.5],[-51,33],[-49.5,33.5],[-48,34]]},"properties":{"id":"hur-al191974","event_type":"hurricane","name":null,"year":1974,"max_wind_kt":25,"min_pressure_mb":null,"category":-1,"preliminary":false,"start_date":"19741030","end_date":"19741102","track":[{"date":"19741030","time":"1200","status":"TD","lat":23.5,"lon":-59.5,"wind_kt":25,"pressure_mb":null},{"date":"19741030","time":"1800","status":"TD","lat":24.6,"lon":-59,"wind_kt":25,"pressure_mb":null},{"date":"19741031","time":"0000","status":"TD","lat":25.7,"lon":-58.5,"wind_kt":25,"pressure_mb":null},{"date":"19741031","time":"0600","status":"TD","lat":26.9,"lon":-58,"wind_kt":25,"pressure_mb":null},{"date":"19741031","time":"1200","status":"TD","lat":28,"lon":-57.5,"wind_kt":25,"pressure_mb":null},{"date":"19741031","time":"1800","status":"TD","lat":29,"lon":-56.6,"wind_kt":25,"pressure_mb":null},{"date":"19741101","time":"0000","status":"TD","lat":30,"lon":-55.7,"wind_kt":25,"pressure_mb":null},{"date":"19741101","time":"0600","status":"TD","lat":31,"lon":-54.8,"wind_kt":25,"pressure_mb":null},{"date":"19741101","time":"1200","status":"TD","lat":32,"lon":-54,"wind_kt":25,"pressure_mb":null},{"date":"19741101","time":"1800","status":"TD","lat":32.5,"lon":-52.5,"wind_kt":20,"pressure_mb":null},{"date":"19741102","time":"0000","status":"TD","lat":33,"lon":-51,"wind_kt":20,"pressure_mb":null},{"date":"19741102","time":"0600","status":"TD","lat":33.5,"lon":-49.5,"wind_kt":20,"pressure_mb":null},{"date":"19741102","time":"1200","status":"TD","lat":34,"lon":-48,"wind_kt":20,"pressure_mb":null}]}},{"type":"Feature","geometry":{"type":"LineString","coordinates":[[-69,21],[-69.1,21.4],[-69.2,21.8],[-69.3,22.2],[-69.5,22.5],[-69.7,22.8],[-69.8,23.2],[-69.9,23.6],[-70,24]]},"properties":{"id":"hur-al201974","event_type":"hurricane","name":null,"year":1974,"max_wind_kt":25,"min_pressure_mb":null,"category":-1,"preliminary":false,"start_date":"19741110","end_date":"19741112","track":[{"date":"19741110","time":"1200","status":"TD","lat":21,"lon":-69,"wind_kt":20,"pressure_mb":null},{"date":"19741110","time":"1800","status":"TD","lat":21.4,"lon":-69.1,"wind_kt":25,"pressure_mb":null},{"date":"19741111","time":"0000","status":"TD","lat":21.8,"lon":-69.2,"wind_kt":25,"pressure_mb":null},{"date":"19741111","time":"0600","status":"TD","lat":22.2,"lon":-69.3,"wind_kt":25,"pressure_mb":null},{"date":"19741111","time":"1200","status":"TD","lat":22.5,"lon":-69.5,"wind_kt":25,"pressure_mb":null},{"date":"19741111","time":"1800","status":"TD","lat":22.8,"lon":-69.7,"wind_kt":25,"pressure_mb":null},{"date":"19741112","time":"0000","status":"TD","lat":23.2,"lon":-69.8,"wind_kt":20,"pressure_mb":null},{"date":"19741112","time":"0600","status":"TD","lat":23.6,"lon":-69.9,"wind_kt":20,"pressure_mb":null},{"date":"19741112","time":"1200","status":"TD","lat":24,"lon":-70,"wind_kt":20,"pressure_mb":null}]}},{"type":"Feature","geometry":{"type":"LineString","coordinates":[[-52,32.5],[-52.6,32.6],[-53.2,32.7],[-53.2,32.8],[-54.5,33],[-55.1,33],[-55.7,33],[-56.3,33],[-57,33],[-57.4,32.6],[-57.8,32.2],[-58.1,31.9],[-58.5,31.5],[-57.8,32.5],[-57,33.5],[-56.3,34.5],[-55.5,35.5],[-55.8,36.7],[-56.2,37.8],[-56.6,38.9],[-57,40]]},"properties":{"id":"hur-al011975","event_type":"hurricane","name":null,"year":1975,"max_wind_kt":30,"min_pressure_mb":null,"category":-1,"preliminary":false,"start_date":"19750624","end_date":"19750629","track":[{"date":"19750624","time":"1200","status":"TD","lat":32.5,"lon":-52,"wind_kt":20,"pressure_mb":null},{"date":"19750624","time":"1800","status":"TD","lat":32.6,"lon":-52.6,"wind_kt":25,"pressure_mb":null},{"date":"19750625","time":"0000","status":"TD","lat":32.7,"lon":-53.2,"wind_kt":25,"pressure_mb":null},{"date":"19750625","time":"0600","status":"TD","lat":32.8,"lon":-53.2,"wind_kt":25,"pressure_mb":null},{"date":"19750625","time":"1200","status":"TD","lat":33,"lon":-54.5,"wind_kt":25,"pressure_mb":null},{"date":"19750625","time":"1800","status":"TD","lat":33,"lon":-55.1,"wind_kt":30,"pressure_mb":null},{"date":"19750626","time":"0000","status":"TD","lat":33,"lon":-55.7,"wind_kt":30,"pressure_mb":null},{"date":"19750626","time":"0600","status":"TD","lat":33,"lon":-56.3,"wind_kt":30,"pressure_mb":null},{"date":"19750626","time":"1200","status":"TD","lat":33,"lon":-57,"wind_kt":30,"pressure_mb":null},{"date":"19750626","time":"1800","status":"TD","lat":32.6,"lon":-57.4,"wind_kt":30,"pressure_mb":null},{"date":"19750627","time":"0000","status":"TD","lat":32.2,"lon":-57.8,"wind_kt":25,"pressure_mb":null},{"date":"19750627","time":"0600","status":"TD","lat":31.9,"lon":-58.1,"wind_kt":25,"pressure_mb":null},{"date":"19750627","time":"1200","status":"TD","lat":31.5,"lon":-58.5,"wind_kt":25,"pressure_mb":null},{"date":"19750627","time":"1800","status":"TD","lat":32.5,"lon":-57.8,"wind_kt":25,"pressure_mb":null},{"date":"19750628","time":"0000","status":"TD","lat":33.5,"lon":-57,"wind_kt":25,"pressure_mb":null},{"date":"19750628","time":"0600","status":"TD","lat":34.5,"lon":-56.3,"wind_kt":30,"pressure_mb":null},{"date":"19750628","time":"1200","status":"TD","lat":35.5,"lon":-55.5,"wind_kt":30,"pressure_mb":null},{"date":"19750628","time":"1800","status":"TD","lat":36.7,"lon":-55.8,"wind_kt":30,"pressure_mb":null},{"date":"19750629","time":"0000","status":"TD","lat":37.8,"lon":-56.2,"wind_kt":25,"pressure_mb":null},{"date":"19750629","time":"0600","status":"TD","lat":38.9,"lon":-56.6,"wind_kt":25,"pressure_mb":null},{"date":"19750629","time":"1200","status":"TD","lat":40,"lon":-57,"wind_kt":20,"pressure_mb":null}]}},{"type":"Feature","geometry":{"type":"LineString","coordinates":[[-79,27.5],[-79,28.5],[-79,29.5],[-79,30.5],[-78.8,31.5],[-78.7,32.4],[-78,33.3],[-77,34],[-75.8,34.4],[-74.8,34],[-73.8,33.8],[-72.8,33.8],[-71.6,34.3],[-70.8,35.6],[-70.5,35.9],[-70.2,36.2],[-69.8,36.2],[-69.4,36.2],[-68.3,36.2],[-67.2,36.7],[-66.7,37.4],[-65.9,37.3],[-65.1,37.3],[-64.1,37.3],[-62.8,37.7],[-61.2,38.2],[-59.6,39.3],[-58,40.5],[-54.8,42.5],[-51.6,44.5],[-48,47]]},"properties":{"id":"hur-al021975","event_type":"hurricane","name":"AMY","year":1975,"max_wind_kt":60,"min_pressure_mb":981,"category":0,"preliminary":false,"start_date":"19750627","end_date":"19750704","track":[{"date":"19750627","time":"0000","status":"TD","lat":27.5,"lon":-79,"wind_kt":25,"pressure_mb":1013},{"date":"19750627","time":"0600","status":"TD","lat":28.5,"lon":-79,"wind_kt":25,"pressure_mb":1013},{"date":"19750627","time":"1200","status":"TD","lat":29.5,"lon":-79,"wind_kt":25,"pressure_mb":1013},{"date":"19750627","time":"1800","status":"TD","lat":30.5,"lon":-79,"wind_kt":25,"pressure_mb":1013},{"date":"19750628","time":"0000","status":"TD","lat":31.5,"lon":-78.8,"wind_kt":25,"pressure_mb":1012},{"date":"19750628","time":"0600","status":"TD","lat":32.4,"lon":-78.7,"wind_kt":25,"pressure_mb":1012},{"date":"19750628","time":"1200","status":"TD","lat":33.3,"lon":-78,"wind_kt":25,"pressure_mb":1011},{"date":"19750628","time":"1800","status":"TD","lat":34,"lon":-77,"wind_kt":30,"pressure_mb":1006},{"date":"19750629","time":"0000","status":"TS","lat":34.4,"lon":-75.8,"wind_kt":35,"pressure_mb":1004},{"date":"19750629","time":"0600","status":"TS","lat":34,"lon":-74.8,"wind_kt":40,"pressure_mb":1002},{"date":"19750629","time":"1200","status":"TS","lat":33.8,"lon":-73.8,"wind_kt":45,"pressure_mb":1000},{"date":"19750629","time":"1800","status":"TS","lat":33.8,"lon":-72.8,"wind_kt":50,"pressure_mb":998},{"date":"19750630","time":"0000","status":"TS","lat":34.3,"lon":-71.6,"wind_kt":50,"pressure_mb":998},{"date":"19750630","time":"0600","status":"TS","lat":35.6,"lon":-70.8,"wind_kt":55,"pressure_mb":998},{"date":"19750630","time":"1200","status":"TS","lat":35.9,"lon":-70.5,"wind_kt":60,"pressure_mb":987},{"date":"19750630","time":"1800","status":"TS","lat":36.2,"lon":-70.2,"wind_kt":60,"pressure_mb":987},{"date":"19750701","time":"0000","status":"TS","lat":36.2,"lon":-69.8,"wind_kt":60,"pressure_mb":984},{"date":"19750701","time":"0600","status":"TS","lat":36.2,"lon":-69.4,"wind_kt":60,"pressure_mb":984},{"date":"19750701","time":"1200","status":"TS","lat":36.2,"lon":-68.3,"wind_kt":60,"pressure_mb":984},{"date":"19750701","time":"1800","status":"TS","lat":36.7,"lon":-67.2,"wind_kt":60,"pressure_mb":984},{"date":"19750702","time":"0000","status":"TS","lat":37.4,"lon":-66.7,"wind_kt":60,"pressure_mb":984},{"date":"19750702","time":"0600","status":"TS","lat":37.3,"lon":-65.9,"wind_kt":60,"pressure_mb":984},{"date":"19750702","time":"1200","status":"TS","lat":37.3,"lon":-65.1,"wind_kt":60,"pressure_mb":981},{"date":"19750702","time":"1800","status":"TS","lat":37.3,"lon":-64.1,"wind_kt":60,"pressure_mb":986},{"date":"19750703","time":"0000","status":"TS","lat":37.7,"lon":-62.8,"wind_kt":55,"pressure_mb":986},{"date":"19750703","time":"0600","status":"TS","lat":38.2,"lon":-61.2,"wind_kt":55,"pressure_mb":986},{"date":"19750703","time":"1200","status":"TS","lat":39.3,"lon":-59.6,"wind_kt":55,"pressure_mb":986},{"date":"19750703","time":"1800","status":"TS","lat":40.5,"lon":-58,"wind_kt":50,"pressure_mb":986},{"date":"19750704","time":"0000","status":"TS","lat":42.5,"lon":-54.8,"wind_kt":50,"pressure_mb":986},{"date":"19750704","time":"0600","status":"TS","lat":44.5,"lon":-51.6,"wind_kt":50,"pressure_mb":986},{"date":"19750704","time":"1200","status":"EX","lat":47,"lon":-48,"wind_kt":45,"pressure_mb":995}]}},{"type":"Feature","geometry":{"type":"LineString","coordinates":[[-73,30],[-71.9,31.1],[-70.8,32.2],[-69.6,33.3],[-68.5,34.5]]},"properties":{"id":"hur-al031975","event_type":"hurricane","name":null,"year":1975,"max_wind_kt":25,"min_pressure_mb":null,"category":-1,"preliminary":false,"start_date":"19750704","end_date":"19750705","track":[{"date":"19750704","time":"1200","status":"TD","lat":30,"lon":-73,"wind_kt":25,"pressure_mb":null},{"date":"19750704","time":"1800","status":"TD","lat":31.1,"lon":-71.9,"wind_kt":25,"pressure_mb":null},{"date":"19750705","time":"0000","status":"TD","lat":32.2,"lon":-70.8,"wind_kt":25,"pressure_mb":null},{"date":"19750705","time":"0600","status":"TD","lat":33.3,"lon":-69.6,"wind_kt":25,"pressure_mb":null},{"date":"19750705","time":"1200","status":"TD","lat":34.5,"lon":-68.5,"wind_kt":20,"pressure_mb":null}]}},{"type":"Feature","geometry":{"type":"LineString","coordinates":[[-68.4,26],[-69.5,26],[-70.5,26.1],[-71.5,26.5],[-72.5,27.2],[-73.6,28],[-74.3,28.9],[-74.9,29.9],[-75,31],[-74.6,32.2],[-73.5,33.4],[-72.2,34.2],[-71,35],[-70,35.9],[-69,36.9],[-68,37.9],[-67.2,39.3],[-66.4,41.2],[-65.2,44],[-62.4,47.2]]},"properties":{"id":"hur-al041975","event_type":"hurricane","name":"BLANCHE","year":1975,"max_wind_kt":75,"min_pressure_mb":980,"category":1,"preliminary":false,"start_date":"19750724","end_date":"19750728","track":[{"date":"19750724","time":"0000","status":"TD","lat":26,"lon":-68.4,"wind_kt":20,"pressure_mb":1014},{"date":"19750724","time":"0600","status":"TD","lat":26,"lon":-69.5,"wind_kt":20,"pressure_mb":1014},{"date":"19750724","time":"1200","status":"TD","lat":26.1,"lon":-70.5,"wind_kt":25,"pressure_mb":1014},{"date":"19750724","time":"1800","status":"TD","lat":26.5,"lon":-71.5,"wind_kt":30,"pressure_mb":1013},{"date":"19750725","time":"0000","status":"TD","lat":27.2,"lon":-72.5,"wind_kt":30,"pressure_mb":1012},{"date":"19750725","time":"0600","status":"TD","lat":28,"lon":-73.6,"wind_kt":30,"pressure_mb":1010},{"date":"19750725","time":"1200","status":"TD","lat":28.9,"lon":-74.3,"wind_kt":30,"pressure_mb":1007},{"date":"19750725","time":"1800","status":"TD","lat":29.9,"lon":-74.9,"wind_kt":30,"pressure_mb":1006},{"date":"19750726","time":"0000","status":"TD","lat":31,"lon":-75,"wind_kt":30,"pressure_mb":1005},{"date":"19750726","time":"0600","status":"TS","lat":32.2,"lon":-74.6,"wind_kt":35,"pressure_mb":1004},{"date":"19750726","time":"1200","status":"TS","lat":33.4,"lon":-73.5,"wind_kt":35,"pressure_mb":1003},{"date":"19750726","time":"1800","status":"TS","lat":34.2,"lon":-72.2,"wind_kt":50,"pressure_mb":998},{"date":"19750727","time":"0000","status":"TS","lat":35,"lon":-71,"wind_kt":60,"pressure_mb":992},{"date":"19750727","time":"0600","status":"HU","lat":35.9,"lon":-70,"wind_kt":65,"pressure_mb":987},{"date":"19750727","time":"1200","status":"HU","lat":36.9,"lon":-69,"wind_kt":70,"pressure_mb":984},{"date":"19750727","time":"1800","status":"HU","lat":37.9,"lon":-68,"wind_kt":75,"pressure_mb":981},{"date":"19750728","time":"0000","status":"HU","lat":39.3,"lon":-67.2,"wind_kt":75,"pressure_mb":980},{"date":"19750728","time":"0600","status":"HU","lat":41.2,"lon":-66.4,"wind_kt":70,"pressure_mb":980},{"date":"19750728","time":"1200","status":"EX","lat":44,"lon":-65.2,"wind_kt":60,"pressure_mb":988},{"date":"19750728","time":"1800","status":"EX","lat":47.2,"lon":-62.4,"wind_kt":60,"pressure_mb":992}]}},{"type":"Feature","geometry":{"type":"LineString","coordinates":[[-92.5,21],[-93,21],[-93.5,21.1],[-93.5,21.2],[-95.5,21.3],[-97,21.5],[-98.5,21.7]]},"properties":{"id":"hur-al051975","event_type":"hurricane","name":null,"year":1975,"max_wind_kt":25,"min_pressure_mb":null,"category":-1,"preliminary":false,"start_date":"19750725","end_date":"19750726","track":[{"date":"19750725","time":"0600","status":"TD","lat":21,"lon":-92.5,"wind_kt":20,"pressure_mb":null},{"date":"19750725","time":"1200","status":"TD","lat":21,"lon":-93,"wind_kt":25,"pressure_mb":null},{"date":"19750725","time":"1800","status":"TD","lat":21.1,"lon":-93.5,"wind_kt":25,"pressure_mb":null},{"date":"19750726","time":"0000","status":"TD","lat":21.2,"lon":-93.5,"wind_kt":25,"pressure_mb":null},{"date":"19750726","time":"0600","status":"TD","lat":21.3,"lon":-95.5,"wind_kt":25,"pressure_mb":null},{"date":"19750726","time":"1200","status":"TD","lat":21.5,"lon":-97,"wind_kt":25,"pressure_mb":null},{"date":"19750726","time":"1800","status":"TD","lat":21.7,"lon":-98.5,"wind_kt":null,"pressure_mb":null}]}},{"type":"Feature","geometry":{"type":"LineString","coordinates":[[-86,29],[-86.8,29.1],[-87.5,29.2],[-88.3,29.3],[-89,29.5],[-89.5,29.8],[-90,30.2],[-90.5,30.6],[-91,31]]},"properties":{"id":"hur-al061975","event_type":"hurricane","name":null,"year":1975,"max_wind_kt":30,"min_pressure_mb":null,"category":-1,"preliminary":false,"start_date":"19750728","end_date":"19750730","track":[{"date":"19750728","time":"1200","status":"TD","lat":29,"lon":-86,"wind_kt":20,"pressure_mb":null},{"date":"19750728","time":"1800","status":"TD","lat":29.1,"lon":-86.8,"wind_kt":25,"pressure_mb":null},{"date":"19750729","time":"0000","status":"TD","lat":29.2,"lon":-87.5,"wind_kt":30,"pressure_mb":null},{"date":"19750729","time":"0600","status":"TD","lat":29.3,"lon":-88.3,"wind_kt":30,"pressure_mb":null},{"date":"19750729","time":"1200","status":"TD","lat":29.5,"lon":-89,"wind_kt":30,"pressure_mb":null},{"date":"19750729","time":"1800","status":"TD","lat":29.8,"lon":-89.5,"wind_kt":25,"pressure_mb":null},{"date":"19750730","time":"0000","status":"TD","lat":30.2,"lon":-90,"wind_kt":25,"pressure_mb":null},{"date":"19750730","time":"0600","status":"TD","lat":30.6,"lon":-90.5,"wind_kt":25,"pressure_mb":null},{"date":"19750730","time":"1200","status":"TD","lat":31,"lon":-91,"wind_kt":null,"pressure_mb":null}]}},{"type":"Feature","geometry":{"type":"LineString","coordinates":[[-69.8,22.4],[-71.1,21.9],[-72.5,21.6],[-73.8,21.2],[-75.1,20.9],[-76.4,20.6],[-77.7,20.4],[-79,20.3],[-80.3,20.2],[-81.6,20.2],[-82.8,20.4],[-84,20.8],[-85.1,21.1],[-86.3,21.5],[-87.5,22],[-88.8,22.4],[-90.1,22.8],[-91,22.9],[-91.9,23],[-92.6,23.1],[-93.2,23.2],[-93.6,23.2],[-94.2,23.3],[-94.9,23.5],[-95.6,23.7],[-96.3,23.8],[-97,24],[-97.5,24.1],[-97.8,24.3],[-98,24.8],[-98.3,25.1],[-98.7,25.2],[-99,25.3]]},"properties":{"id":"hur-al071975","event_type":"hurricane","name":"CAROLINE","year":1975,"max_wind_kt":100,"min_pressure_mb":963,"category":3,"preliminary":false,"start_date":"19750824","end_date":"19750901","track":[{"date":"19750824","time":"1200","status":"TD","lat":22.4,"lon":-69.8,"wind_kt":25,"pressure_mb":1011},{"date":"19750824","time":"1800","status":"TD","lat":21.9,"lon":-71.1,"wind_kt":25,"pressure_mb":1011},{"date":"19750825","time":"0000","status":"TD","lat":21.6,"lon":-72.5,"wind_kt":25,"pressure_mb":1010},{"date":"19750825","time":"0600","status":"TD","lat":21.2,"lon":-73.8,"wind_kt":25,"pressure_mb":1010},{"date":"19750825","time":"1200","status":"TD","lat":20.9,"lon":-75.1,"wind_kt":25,"pressure_mb":1011},{"date":"19750825","time":"1800","status":"TD","lat":20.6,"lon":-76.4,"wind_kt":25,"pressure_mb":1011},{"date":"19750826","time":"0000","status":"TD","lat":20.4,"lon":-77.7,"wind_kt":25,"pressure_mb":1011},{"date":"19750826","time":"0600","status":"TD","lat":20.3,"lon":-79,"wind_kt":25,"pressure_mb":1011},{"date":"19750826","time":"1200","status":"TD","lat":20.2,"lon":-80.3,"wind_kt":25,"pressure_mb":1012},{"date":"19750826","time":"1800","status":"TD","lat":20.2,"lon":-81.6,"wind_kt":25,"pressure_mb":1012},{"date":"19750827","time":"0000","status":"TD","lat":20.4,"lon":-82.8,"wind_kt":25,"pressure_mb":1013},{"date":"19750827","time":"0600","status":"TD","lat":20.8,"lon":-84,"wind_kt":25,"pressure_mb":1013},{"date":"19750827","time":"1200","status":"TD","lat":21.1,"lon":-85.1,"wind_kt":25,"pressure_mb":1014},{"date":"19750827","time":"1800","status":"TD","lat":21.5,"lon":-86.3,"wind_kt":25,"pressure_mb":1014},{"date":"19750828","time":"0000","status":"TD","lat":22,"lon":-87.5,"wind_kt":25,"pressure_mb":1014},{"date":"19750828","time":"0600","status":"TD","lat":22.4,"lon":-88.8,"wind_kt":25,"pressure_mb":1014},{"date":"19750828","time":"1200","status":"TD","lat":22.8,"lon":-90.1,"wind_kt":25,"pressure_mb":1013},{"date":"19750828","time":"1800","status":"TD","lat":22.9,"lon":-91,"wind_kt":25,"pressure_mb":1010},{"date":"19750829","time":"0000","status":"TD","lat":23,"lon":-91.9,"wind_kt":30,"pressure_mb":1007},{"date":"19750829","time":"0600","status":"TS","lat":23.1,"lon":-92.6,"wind_kt":35,"pressure_mb":1003},{"date":"19750829","time":"1200","status":"TS","lat":23.2,"lon":-93.2,"wind_kt":40,"pressure_mb":999},{"date":"19750829","time":"1800","status":"TS","lat":23.2,"lon":-93.6,"wind_kt":50,"pressure_mb":994},{"date":"19750830","time":"0000","status":"HU","lat":23.3,"lon":-94.2,"wind_kt":65,"pressure_mb":990},{"date":"19750830","time":"0600","status":"HU","lat":23.5,"lon":-94.9,"wind_kt":65,"pressure_mb":990},{"date":"19750830","time":"1200","status":"HU","lat":23.7,"lon":-95.6,"wind_kt":65,"pressure_mb":989},{"date":"19750830","time":"1800","status":"HU","lat":23.8,"lon":-96.3,"wind_kt":70,"pressure_mb":987},{"date":"19750831","time":"0000","status":"HU","lat":24,"lon":-97,"wind_kt":100,"pressure_mb":973},{"date":"19750831","time":"0600","status":"HU","lat":24.1,"lon":-97.5,"wind_kt":100,"pressure_mb":963},{"date":"19750831","time":"1200","status":"HU","lat":24.3,"lon":-97.8,"wind_kt":90,"pressure_mb":963},{"date":"19750831","time":"1800","status":"TS","lat":24.8,"lon":-98,"wind_kt":55,"pressure_mb":993},{"date":"19750901","time":"0000","status":"TD","lat":25.1,"lon":-98.3,"wind_kt":30,"pressure_mb":1000},{"date":"19750901","time":"0600","status":"TD","lat":25.2,"lon":-98.7,"wind_kt":20,"pressure_mb":1002},{"date":"19750901","time":"1200","status":"TD","lat":25.3,"lon":-99,"wind_kt":20,"pressure_mb":1002}]}},{"type":"Feature","geometry":{"type":"LineString","coordinates":[[-46.3,33.3],[-47.5,33.6],[-48.1,34.5],[-48.5,34.7],[-48.9,34.9],[-49.1,35.2],[-48.9,35.3],[-48.5,35.3],[-48,35.3],[-47.1,35],[-46.3,34.9],[-45.7,34.8],[-45.2,34.7],[-44.9,34.6],[-44.6,34.5],[-44.2,34.6],[-44,34.9],[-44,35.4],[-44.4,35.8],[-44.5,36.4],[-44.3,37],[-44.2,37.7],[-43.8,38.4],[-43.6,39.7],[-43,41.1],[-42.5,42],[-42,42.8],[-41.4,43.2],[-40.7,43.5]]},"properties":{"id":"hur-al081975","event_type":"hurricane","name":"DORIS","year":1975,"max_wind_kt":95,"min_pressure_mb":965,"category":2,"preliminary":false,"start_date":"19750828","end_date":"19750904","track":[{"date":"19750828","time":"1200","status":"SS","lat":33.3,"lon":-46.3,"wind_kt":35,"pressure_mb":1005},{"date":"19750828","time":"1800","status":"SS","lat":33.6,"lon":-47.5,"wind_kt":40,"pressure_mb":1005},{"date":"19750829","time":"0000","status":"SS","lat":34.5,"lon":-48.1,"wind_kt":40,"pressure_mb":1005},{"date":"19750829","time":"0600","status":"SS","lat":34.7,"lon":-48.5,"wind_kt":45,"pressure_mb":1005},{"date":"19750829","time":"1200","status":"TS","lat":34.9,"lon":-48.9,"wind_kt":45,"pressure_mb":1005},{"date":"19750829","time":"1800","status":"TS","lat":35.2,"lon":-49.1,"wind_kt":50,"pressure_mb":1000},{"date":"19750830","time":"0000","status":"TS","lat":35.3,"lon":-48.9,"wind_kt":55,"pressure_mb":997},{"date":"19750830","time":"0600","status":"TS","lat":35.3,"lon":-48.5,"wind_kt":55,"pressure_mb":997},{"date":"19750830","time":"1200","status":"TS","lat":35.3,"lon":-48,"wind_kt":55,"pressure_mb":997},{"date":"19750830","time":"1800","status":"TS","lat":35,"lon":-47.1,"wind_kt":55,"pressure_mb":997},{"date":"19750831","time":"0000","status":"HU","lat":34.9,"lon":-46.3,"wind_kt":65,"pressure_mb":990},{"date":"19750831","time":"0600","status":"HU","lat":34.8,"lon":-45.7,"wind_kt":65,"pressure_mb":990},{"date":"19750831","time":"1200","status":"HU","lat":34.7,"lon":-45.2,"wind_kt":70,"pressure_mb":990},{"date":"19750831","time":"1800","status":"HU","lat":34.6,"lon":-44.9,"wind_kt":70,"pressure_mb":990},{"date":"19750901","time":"0000","status":"HU","lat":34.5,"lon":-44.6,"wind_kt":75,"pressure_mb":984},{"date":"19750901","time":"0600","status":"HU","lat":34.6,"lon":-44.2,"wind_kt":75,"pressure_mb":984},{"date":"19750901","time":"1200","status":"HU","lat":34.9,"lon":-44,"wind_kt":75,"pressure_mb":984},{"date":"19750901","time":"1800","status":"HU","lat":35.4,"lon":-44,"wind_kt":75,"pressure_mb":984},{"date":"19750902","time":"0000","status":"HU","lat":35.8,"lon":-44.4,"wind_kt":90,"pressure_mb":970},{"date":"19750902","time":"0600","status":"HU","lat":36.4,"lon":-44.5,"wind_kt":95,"pressure_mb":965},{"date":"19750902","time":"1200","status":"HU","lat":37,"lon":-44.3,"wind_kt":95,"pressure_mb":965},{"date":"19750902","time":"1800","status":"HU","lat":37.7,"lon":-44.2,"wind_kt":95,"pressure_mb":965},{"date":"19750903","time":"0000","status":"HU","lat":38.4,"lon":-43.8,"wind_kt":95,"pressure_mb":965},{"date":"19750903","time":"0600","status":"HU","lat":39.7,"lon":-43.6,"wind_kt":95,"pressure_mb":965},{"date":"19750903","time":"1200","status":"HU","lat":41.1,"lon":-43,"wind_kt":95,"pressure_mb":965},{"date":"19750903","time":"1800","status":"HU","lat":42,"lon":-42.5,"wind_kt":90,"pressure_mb":970},{"date":"19750904","time":"0000","status":"TS","lat":42.8,"lon":-42,"wind_kt":60,"pressure_mb":995},{"date":"19750904","time":"0600","status":"EX","lat":43.2,"lon":-41.4,"wind_kt":45,"pressure_mb":1005},{"date":"19750904","time":"1200","status":"EX","lat":43.5,"lon":-40.7,"wind_kt":45,"pressure_mb":1005}]}},{"type":"Feature","geometry":{"type":"LineString","coordinates":[[-24,13.5],[-25.2,13.8],[-26.5,14.2],[-27.8,14.6],[-29,15],[-30.2,15.4],[-31.5,15.8],[-32.8,16.2],[-34,16.5],[-35.5,16.7],[-37,16.8],[-38.5,16.9],[-40,17],[-41.5,16.9],[-43,16.7],[-44.5,16.6],[-46,16.5],[-47.6,16.2],[-49.8,16],[-51.6,15.7],[-53.5,15.5],[-54,15.5],[-56.5,15.5],[-58,15.5]]},"properties":{"id":"hur-al091975","event_type":"hurricane","name":null,"year":1975,"max_wind_kt":30,"min_pressure_mb":null,"category":-1,"preliminary":false,"start_date":"19750903","end_date":"19750909","track":[{"date":"19750903","time":"1200","status":"TD","lat":13.5,"lon":-24,"wind_kt":20,"pressure_mb":null},{"date":"19750903","time":"1800","status":"TD","lat":13.8,"lon":-25.2,"wind_kt":25,"pressure_mb":null},{"date":"19750904","time":"0000","status":"TD","lat":14.2,"lon":-26.5,"wind_kt":25,"pressure_mb":null},{"date":"19750904","time":"0600","status":"TD","lat":14.6,"lon":-27.8,"wind_kt":30,"pressure_mb":null},{"date":"19750904","time":"1200","status":"TD","lat":15,"lon":-29,"wind_kt":30,"pressure_mb":null},{"date":"19750904","time":"1800","status":"TD","lat":15.4,"lon":-30.2,"wind_kt":30,"pressure_mb":null},{"date":"19750905","time":"0000","status":"TD","lat":15.8,"lon":-31.5,"wind_kt":30,"pressure_mb":null},{"date":"19750905","time":"0600","status":"TD","lat":16.2,"lon":-32.8,"wind_kt":30,"pressure_mb":null},{"date":"19750905","time":"1200","status":"TD","lat":16.5,"lon":-34,"wind_kt":30,"pressure_mb":null},{"date":"19750905","time":"1800","status":"TD","lat":16.7,"lon":-35.5,"wind_kt":30,"pressure_mb":null},{"date":"19750906","time":"0000","status":"TD","lat":16.8,"lon":-37,"wind_kt":30,"pressure_mb":null},{"date":"19750906","time":"0600","status":"TD","lat":16.9,"lon":-38.5,"wind_kt":30,"pressure_mb":null},{"date":"19750906","time":"1200","status":"TD","lat":17,"lon":-40,"wind_kt":30,"pressure_mb":null},{"date":"19750906","time":"1800","status":"TD","lat":16.9,"lon":-41.5,"wind_kt":30,"pressure_mb":null},{"date":"19750907","time":"0000","status":"TD","lat":16.7,"lon":-43,"wind_kt":30,"pressure_mb":null},{"date":"19750907","time":"0600","status":"TD","lat":16.6,"lon":-44.5,"wind_kt":30,"pressure_mb":null},{"date":"19750907","time":"1200","status":"TD","lat":16.5,"lon":-46,"wind_kt":30,"pressure_mb":null},{"date":"19750907","time":"1800","status":"TD","lat":16.2,"lon":-47.6,"wind_kt":30,"pressure_mb":null},{"date":"19750908","time":"0000","status":"TD","lat":16,"lon":-49.8,"wind_kt":25,"pressure_mb":null},{"date":"19750908","time":"0600","status":"TD","lat":15.7,"lon":-51.6,"wind_kt":25,"pressure_mb":null},{"date":"19750908","time":"1200","status":"TD","lat":15.5,"lon":-53.5,"wind_kt":25,"pressure_mb":null},{"date":"19750908","time":"1800","status":"TD","lat":15.5,"lon":-54,"wind_kt":25,"pressure_mb":null},{"date":"19750909","time":"0000","status":"TD","lat":15.5,"lon":-56.5,"wind_kt":20,"pressure_mb":null},{"date":"19750909","time":"0600","status":"TD","lat":15.5,"lon":-58,"wind_kt":20,"pressure_mb":null}]}},{"type":"Feature","geometry":{"type":"LineString","coordinates":[[-17.5,11.5],[-18.5,11.5],[-19.5,11.5],[-20.5,11.5],[-21.5,11.5],[-22.4,11.6],[-23.3,11.7],[-24.1,11.8],[-25,12],[-25.8,12.1],[-26.5,12.2],[-27.2,12.3],[-28,12.5]]},"properties":{"id":"hur-al101975","event_type":"hurricane","name":null,"year":1975,"max_wind_kt":30,"min_pressure_mb":null,"category":-1,"preliminary":false,"start_date":"19750903","end_date":"19750906","track":[{"date":"19750903","time":"1200","status":"TD","lat":11.5,"lon":-17.5,"wind_kt":20,"pressure_mb":null},{"date":"19750903","time":"1800","status":"TD","lat":11.5,"lon":-18.5,"wind_kt":25,"pressure_mb":null},{"date":"19750904","time":"0000","status":"TD","lat":11.5,"lon":-19.5,"wind_kt":25,"pressure_mb":null},{"date":"19750904","time":"0600","status":"TD","lat":11.5,"lon":-20.5,"wind_kt":25,"pressure_mb":null},{"date":"19750904","time":"1200","status":"TD","lat":11.5,"lon":-21.5,"wind_kt":30,"pressure_mb":null},{"date":"19750904","time":"1800","status":"TD","lat":11.6,"lon":-22.4,"wind_kt":30,"pressure_mb":null},{"date":"19750905","time":"0000","status":"TD","lat":11.7,"lon":-23.3,"wind_kt":30,"pressure_mb":null},{"date":"19750905","time":"0600","status":"TD","lat":11.8,"lon":-24.1,"wind_kt":30,"pressure_mb":null},{"date":"19750905","time":"1200","status":"TD","lat":12,"lon":-25,"wind_kt":25,"pressure_mb":null},{"date":"19750905","time":"1800","status":"TD","lat":12.1,"lon":-25.8,"wind_kt":25,"pressure_mb":null},{"date":"19750906","time":"0000","status":"TD","lat":12.2,"lon":-26.5,"wind_kt":25,"pressure_mb":null},{"date":"19750906","time":"0600","status":"TD","lat":12.3,"lon":-27.2,"wind_kt":20,"pressure_mb":null},{"date":"19750906","time":"1200","status":"TD","lat":12.5,"lon":-28,"wind_kt":20,"pressure_mb":null}]}},{"type":"Feature","geometry":{"type":"LineString","coordinates":[[-95,21.5],[-95.4,21.5],[-95.8,21.6],[-96.4,21.7],[-97,21.8],[-98,22]]},"properties":{"id":"hur-al111975","event_type":"hurricane","name":null,"year":1975,"max_wind_kt":25,"min_pressure_mb":null,"category":-1,"preliminary":false,"start_date":"19750906","end_date":"19750907","track":[{"date":"19750906","time":"1200","status":"TD","lat":21.5,"lon":-95,"wind_kt":20,"pressure_mb":null},{"date":"19750906","time":"1800","status":"TD","lat":21.5,"lon":-95.4,"wind_kt":25,"pressure_mb":null},{"date":"19750907","time":"0000","status":"TD","lat":21.6,"lon":-95.8,"wind_kt":25,"pressure_mb":null},{"date":"19750907","time":"0600","status":"TD","lat":21.7,"lon":-96.4,"wind_kt":25,"pressure_mb":null},{"date":"19750907","time":"1200","status":"TD","lat":21.8,"lon":-97,"wind_kt":25,"pressure_mb":null},{"date":"19750907","time":"1800","status":"TD","lat":22,"lon":-98,"wind_kt":null,"pressure_mb":null}]}},{"type":"Feature","geometry":{"type":"LineString","coordinates":[[-62,32],[-61.6,32.1],[-61.2,32.2],[-61.3,32.3],[-60.5,32.5],[-60,32.4],[-59.5,32.3],[-58,32.2],[-58.5,36],[-56.9,36.8],[-55.2,37.5],[-53.8,38.2],[-52,39],[-54,40]]},"properties":{"id":"hur-al121975","event_type":"hurricane","name":null,"year":1975,"max_wind_kt":30,"min_pressure_mb":null,"category":-1,"preliminary":false,"start_date":"19750911","end_date":"19750914","track":[{"date":"19750911","time":"1200","status":"TD","lat":32,"lon":-62,"wind_kt":20,"pressure_mb":null},{"date":"19750911","time":"1800","status":"TD","lat":32.1,"lon":-61.6,"wind_kt":25,"pressure_mb":null},{"date":"19750912","time":"0000","status":"TD","lat":32.2,"lon":-61.2,"wind_kt":25,"pressure_mb":null},{"date":"19750912","time":"0600","status":"TD","lat":32.3,"lon":-61.3,"wind_kt":30,"pressure_mb":null},{"date":"19750912","time":"1200","status":"TD","lat":32.5,"lon":-60.5,"wind_kt":30,"pressure_mb":null},{"date":"19750912","time":"1800","status":"TD","lat":32.4,"lon":-60,"wind_kt":30,"pressure_mb":null},{"date":"19750913","time":"0000","status":"TD","lat":32.3,"lon":-59.5,"wind_kt":30,"pressure_mb":null},{"date":"19750913","time":"0600","status":"TD","lat":32.2,"lon":-58,"wind_kt":30,"pressure_mb":null},{"date":"19750913","time":"1200","status":"TD","lat":36,"lon":-58.5,"wind_kt":30,"pressure_mb":null},{"date":"19750913","time":"1800","status":"TD","lat":36.8,"lon":-56.9,"wind_kt":30,"pressure_mb":null},{"date":"19750914","time":"0000","status":"TD","lat":37.5,"lon":-55.2,"wind_kt":30,"pressure_mb":null},{"date":"19750914","time":"0600","status":"TD","lat":38.2,"lon":-53.8,"wind_kt":25,"pressure_mb":null},{"date":"19750914","time":"1200","status":"TD","lat":39,"lon":-52,"wind_kt":25,"pressure_mb":null},{"date":"19750914","time":"1800","status":"TD","lat":40,"lon":-54,"wind_kt":20,"pressure_mb":null}]}},{"type":"Feature","geometry":{"type":"LineString","coordinates":[[-54.1,17.5],[-55.2,17.6],[-56.3,17.7],[-57.3,17.8],[-58.3,17.9],[-59.4,18],[-60.5,18.1],[-61.7,18.3],[-62.8,18.5],[-63.8,18.8],[-64.8,18.9],[-65.6,19],[-66.7,19.2],[-67.5,19.4],[-68.4,19.5],[-69.2,19.6],[-70.2,19.7],[-71.2,19.7],[-72.2,19.8],[-73.3,19.9],[-74.5,19.9],[-75.7,19.9],[-77,20],[-78.2,20],[-79.1,19.9],[-79.8,19.9],[-81,19.8],[-82.2,19.8],[-83.4,19.8],[-84.6,19.9],[-85.5,20],[-86.4,20.2],[-87.1,20.8],[-87.8,21.4],[-88.5,22.4],[-88.9,23.6],[-89.4,24.8],[-89.5,25.8],[-89.4,26.5],[-88.5,27.3],[-87.3,28.4],[-86.3,30.2],[-85.7,33],[-84.3,35.5],[-83.5,36.5],[-82.5,37],[-81.5,37.5]]},"properties":{"id":"hur-al131975","event_type":"hurricane","name":"ELOISE","year":1975,"max_wind_kt":110,"min_pressure_mb":955,"category":3,"preliminary":false,"start_date":"19750913","end_date":"19750924","track":[{"date":"19750913","time":"0600","status":"TD","lat":17.5,"lon":-54.1,"wind_kt":25,"pressure_mb":null},{"date":"19750913","time":"1200","status":"TD","lat":17.6,"lon":-55.2,"wind_kt":25,"pressure_mb":1009},{"date":"19750913","time":"1800","status":"TD","lat":17.7,"lon":-56.3,"wind_kt":25,"pressure_mb":1009},{"date":"19750914","time":"0000","status":"TD","lat":17.8,"lon":-57.3,"wind_kt":25,"pressure_mb":1009},{"date":"19750914","time":"0600","status":"TD","lat":17.9,"lon":-58.3,"wind_kt":25,"pressure_mb":1009},{"date":"19750914","time":"1200","status":"TD","lat":18,"lon":-59.4,"wind_kt":25,"pressure_mb":1009},{"date":"19750914","time":"1800","status":"TD","lat":18.1,"lon":-60.5,"wind_kt":25,"pressure_mb":1009},{"date":"19750915","time":"0000","status":"TD","lat":18.3,"lon":-61.7,"wind_kt":25,"pressure_mb":1009},{"date":"19750915","time":"0600","status":"TD","lat":18.5,"lon":-62.8,"wind_kt":25,"pressure_mb":1009},{"date":"19750915","time":"1200","status":"TD","lat":18.8,"lon":-63.8,"wind_kt":30,"pressure_mb":1007},{"date":"19750915","time":"1800","status":"TD","lat":18.9,"lon":-64.8,"wind_kt":30,"pressure_mb":1007},{"date":"19750916","time":"0000","status":"TS","lat":19,"lon":-65.6,"wind_kt":35,"pressure_mb":1007},{"date":"19750916","time":"0600","status":"TS","lat":19.2,"lon":-66.7,"wind_kt":45,"pressure_mb":1007},{"date":"19750916","time":"1200","status":"TS","lat":19.4,"lon":-67.5,"wind_kt":55,"pressure_mb":1002},{"date":"19750916","time":"1800","status":"HU","lat":19.5,"lon":-68.4,"wind_kt":65,"pressure_mb":1002},{"date":"19750917","time":"0000","status":"HU","lat":19.6,"lon":-69.2,"wind_kt":65,"pressure_mb":997},{"date":"19750917","time":"0600","status":"TS","lat":19.7,"lon":-70.2,"wind_kt":60,"pressure_mb":1000},{"date":"19750917","time":"1200","status":"TS","lat":19.7,"lon":-71.2,"wind_kt":55,"pressure_mb":1000},{"date":"19750917","time":"1800","status":"TS","lat":19.8,"lon":-72.2,"wind_kt":50,"pressure_mb":1000},{"date":"19750918","time":"0000","status":"TS","lat":19.9,"lon":-73.3,"wind_kt":45,"pressure_mb":1000},{"date":"19750918","time":"0600","status":"TS","lat":19.9,"lon":-74.5,"wind_kt":45,"pressure_mb":1000},{"date":"19750918","time":"1200","status":"TS","lat":19.9,"lon":-75.7,"wind_kt":40,"pressure_mb":1000},{"date":"19750918","time":"1800","status":"TS","lat":20,"lon":-77,"wind_kt":40,"pressure_mb":1000},{"date":"19750919","time":"0000","status":"TS","lat":20,"lon":-78.2,"wind_kt":35,"pressure_mb":1000},{"date":"19750919","time":"0600","status":"TS","lat":19.9,"lon":-79.1,"wind_kt":35,"pressure_mb":1000},{"date":"19750919","time":"1200","status":"TS","lat":19.9,"lon":-79.8,"wind_kt":35,"pressure_mb":1000},{"date":"19750919","time":"1800","status":"TS","lat":19.8,"lon":-81,"wind_kt":35,"pressure_mb":1000},{"date":"19750920","time":"0000","status":"TS","lat":19.8,"lon":-82.2,"wind_kt":35,"pressure_mb":1000},{"date":"19750920","time":"0600","status":"TS","lat":19.8,"lon":-83.4,"wind_kt":35,"pressure_mb":1000},{"date":"19750920","time":"1200","status":"TS","lat":19.9,"lon":-84.6,"wind_kt":35,"pressure_mb":1006},{"date":"19750920","time":"1800","status":"TS","lat":20,"lon":-85.5,"wind_kt":35,"pressure_mb":1006},{"date":"19750921","time":"0000","status":"TS","lat":20.2,"lon":-86.4,"wind_kt":40,"pressure_mb":1001},{"date":"19750921","time":"0600","status":"TS","lat":20.8,"lon":-87.1,"wind_kt":45,"pressure_mb":1001},{"date":"19750921","time":"1200","status":"TS","lat":21.4,"lon":-87.8,"wind_kt":50,"pressure_mb":1001},{"date":"19750921","time":"1800","status":"TS","lat":22.4,"lon":-88.5,"wind_kt":55,"pressure_mb":995},{"date":"19750922","time":"0000","status":"TS","lat":23.6,"lon":-88.9,"wind_kt":60,"pressure_mb":995},{"date":"19750922","time":"0600","status":"HU","lat":24.8,"lon":-89.4,"wind_kt":65,"pressure_mb":993},{"date":"19750922","time":"1200","status":"HU","lat":25.8,"lon":-89.5,"wind_kt":75,"pressure_mb":986},{"date":"19750922","time":"1800","status":"HU","lat":26.5,"lon":-89.4,"wind_kt":85,"pressure_mb":980},{"date":"19750923","time":"0000","status":"HU","lat":27.3,"lon":-88.5,"wind_kt":95,"pressure_mb":968},{"date":"19750923","time":"0600","status":"HU","lat":28.4,"lon":-87.3,"wind_kt":105,"pressure_mb":958},{"date":"19750923","time":"1200","status":"HU","lat":30.2,"lon":-86.3,"wind_kt":110,"pressure_mb":955},{"date":"19750923","time":"1800","status":"TS","lat":33,"lon":-85.7,"wind_kt":55,"pressure_mb":982},{"date":"19750924","time":"0000","status":"TD","lat":35.5,"lon":-84.3,"wind_kt":30,"pressure_mb":999},{"date":"19750924","time":"0600","status":"EX","lat":36.5,"lon":-83.5,"wind_kt":20,"pressure_mb":1004},{"date":"19750924","time":"1200","status":"EX","lat":37,"lon":-82.5,"wind_kt":20,"pressure_mb":1004},{"date":"19750924","time":"1800","status":"EX","lat":37.5,"lon":-81.5,"wind_kt":20,"pressure_mb":1004}]}},{"type":"Feature","geometry":{"type":"LineString","coordinates":[[-33.5,17.5],[-34.4,17.8],[-35.3,18.3],[-36.4,19],[-37.6,19.6],[-39,20],[-40.2,20.4],[-41.3,20.5],[-42.7,20.5],[-44,20.3],[-45.3,20.2],[-46.2,20.3],[-47,20.3],[-47.8,20.3],[-48.5,20.4],[-49.3,20.5],[-50,20.5],[-50.8,20.4],[-51.5,20.4],[-52.2,20.4],[-53.4,20.3],[-54.6,20.4],[-55.8,20.6],[-56.5,20.8],[-57.1,21.5],[-57,22.4],[-56.9,23],[-57.2,23.8],[-58.1,24.2],[-58.8,24.8],[-59.4,25.5],[-60,26.5],[-60.9,27.9],[-62,29.6],[-63.1,31],[-64.2,32.7],[-65.2,34.4],[-65.7,36.1],[-65,37.4],[-63.7,38.4],[-60.5,39.8],[-57.1,41],[-52,42.3],[-46,42.8],[-40,42.9],[-34,43]]},"properties":{"id":"hur-al141975","event_type":"hurricane","name":"FAYE","year":1975,"max_wind_kt":90,"min_pressure_mb":977,"category":2,"preliminary":false,"start_date":"19750918","end_date":"19750929","track":[{"date":"19750918","time":"0600","status":"TD","lat":17.5,"lon":-33.5,"wind_kt":25,"pressure_mb":null},{"date":"19750918","time":"1200","status":"TD","lat":17.8,"lon":-34.4,"wind_kt":25,"pressure_mb":null},{"date":"19750918","time":"1800","status":"TD","lat":18.3,"lon":-35.3,"wind_kt":25,"pressure_mb":null},{"date":"19750919","time":"0000","status":"TD","lat":19,"lon":-36.4,"wind_kt":25,"pressure_mb":null},{"date":"19750919","time":"0600","status":"TD","lat":19.6,"lon":-37.6,"wind_kt":30,"pressure_mb":null},{"date":"19750919","time":"1200","status":"TS","lat":20,"lon":-39,"wind_kt":35,"pressure_mb":null},{"date":"19750919","time":"1800","status":"TS","lat":20.4,"lon":-40.2,"wind_kt":40,"pressure_mb":null},{"date":"19750920","time":"0000","status":"TS","lat":20.5,"lon":-41.3,"wind_kt":40,"pressure_mb":null},{"date":"19750920","time":"0600","status":"TS","lat":20.5,"lon":-42.7,"wind_kt":40,"pressure_mb":null},{"date":"19750920","time":"1200","status":"TS","lat":20.3,"lon":-44,"wind_kt":40,"pressure_mb":null},{"date":"19750920","time":"1800","status":"TS","lat":20.2,"lon":-45.3,"wind_kt":40,"pressure_mb":null},{"date":"19750921","time":"0000","status":"TS","lat":20.3,"lon":-46.2,"wind_kt":40,"pressure_mb":null},{"date":"19750921","time":"0600","status":"TS","lat":20.3,"lon":-47,"wind_kt":40,"pressure_mb":null},{"date":"19750921","time":"1200","status":"TS","lat":20.3,"lon":-47.8,"wind_kt":40,"pressure_mb":null},{"date":"19750921","time":"1800","status":"TS","lat":20.4,"lon":-48.5,"wind_kt":35,"pressure_mb":null},{"date":"19750922","time":"0000","status":"TS","lat":20.5,"lon":-49.3,"wind_kt":35,"pressure_mb":null},{"date":"19750922","time":"0600","status":"TS","lat":20.5,"lon":-50,"wind_kt":35,"pressure_mb":null},{"date":"19750922","time":"1200","status":"TS","lat":20.4,"lon":-50.8,"wind_kt":35,"pressure_mb":null},{"date":"19750922","time":"1800","status":"TS","lat":20.4,"lon":-51.5,"wind_kt":35,"pressure_mb":null},{"date":"19750923","time":"0000","status":"TS","lat":20.4,"lon":-52.2,"wind_kt":35,"pressure_mb":null},{"date":"19750923","time":"0600","status":"TS","lat":20.3,"lon":-53.4,"wind_kt":35,"pressure_mb":null},{"date":"19750923","time":"1200","status":"TD","lat":20.4,"lon":-54.6,"wind_kt":30,"pressure_mb":null},{"date":"19750923","time":"1800","status":"TD","lat":20.6,"lon":-55.8,"wind_kt":30,"pressure_mb":null},{"date":"19750924","time":"0000","status":"TD","lat":20.8,"lon":-56.5,"wind_kt":30,"pressure_mb":null},{"date":"19750924","time":"0600","status":"TD","lat":21.5,"lon":-57.1,"wind_kt":25,"pressure_mb":null},{"date":"19750924","time":"1200","status":"TD","lat":22.4,"lon":-57,"wind_kt":25,"pressure_mb":null},{"date":"19750924","time":"1800","status":"TD","lat":23,"lon":-56.9,"wind_kt":25,"pressure_mb":1005},{"date":"19750925","time":"0000","status":"TD","lat":23.8,"lon":-57.2,"wind_kt":30,"pressure_mb":1005},{"date":"19750925","time":"0600","status":"TS","lat":24.2,"lon":-58.1,"wind_kt":35,"pressure_mb":1005},{"date":"19750925","time":"1200","status":"TS","lat":24.8,"lon":-58.8,"wind_kt":45,"pressure_mb":999},{"date":"19750925","time":"1800","status":"TS","lat":25.5,"lon":-59.4,"wind_kt":60,"pressure_mb":993},{"date":"19750926","time":"0000","status":"HU","lat":26.5,"lon":-60,"wind_kt":65,"pressure_mb":990},{"date":"19750926","time":"0600","status":"HU","lat":27.9,"lon":-60.9,"wind_kt":70,"pressure_mb":988},{"date":"19750926","time":"1200","status":"HU","lat":29.6,"lon":-62,"wind_kt":75,"pressure_mb":985},{"date":"19750926","time":"1800","status":"HU","lat":31,"lon":-63.1,"wind_kt":85,"pressure_mb":985},{"date":"19750927","time":"0000","status":"HU","lat":32.7,"lon":-64.2,"wind_kt":90,"pressure_mb":985},{"date":"19750927","time":"0600","status":"HU","lat":34.4,"lon":-65.2,"wind_kt":90,"pressure_mb":979},{"date":"19750927","time":"1200","status":"HU","lat":36.1,"lon":-65.7,"wind_kt":90,"pressure_mb":982},{"date":"19750927","time":"1800","status":"HU","lat":37.4,"lon":-65,"wind_kt":90,"pressure_mb":985},{"date":"19750928","time":"0000","status":"HU","lat":38.4,"lon":-63.7,"wind_kt":85,"pressure_mb":985},{"date":"19750928","time":"0600","status":"HU","lat":39.8,"lon":-60.5,"wind_kt":80,"pressure_mb":985},{"date":"19750928","time":"1200","status":"HU","lat":41,"lon":-57.1,"wind_kt":75,"pressure_mb":979},{"date":"19750928","time":"1800","status":"HU","lat":42.3,"lon":-52,"wind_kt":75,"pressure_mb":977},{"date":"19750929","time":"0000","status":"HU","lat":42.8,"lon":-46,"wind_kt":70,"pressure_mb":977},{"date":"19750929","time":"0600","status":"HU","lat":42.9,"lon":-40,"wind_kt":65,"pressure_mb":977},{"date":"19750929","time":"1200","status":"EX","lat":43,"lon":-34,"wind_kt":60,"pressure_mb":null}]}},{"type":"Feature","geometry":{"type":"LineString","coordinates":[[-34.8,10.3],[-35.8,10.6],[-36.7,11],[-37.4,11.4],[-38.2,11.7],[-38.8,12.1],[-39.6,12.4],[-40,12.9],[-40.4,13.5],[-41,14.2],[-42,14.8],[-43,15.4],[-44,15.8],[-45,16.2],[-46.1,16.4],[-47.7,16.6],[-49.3,16.8],[-50.7,17.1],[-52.2,17.6],[-53.7,18.2],[-55.1,18.8],[-56.4,19.4],[-57.4,19.6],[-58.2,19.8],[-59.3,20.3],[-60.3,21.2],[-61.4,22.1],[-62.6,23],[-63.9,23.6],[-65.2,24.1],[-66.5,24.6],[-67.9,25.1],[-69.3,25.6],[-70.6,26.1],[-71.7,26.8],[-72.4,27.9],[-73,29.4],[-73,31],[-72.1,32.9],[-69.8,35.3],[-67,37.8],[-62.6,40.8],[-57,43.7],[-50.6,46.6],[-45.5,50.5],[-40,55]]},"properties":{"id":"hur-al151975","event_type":"hurricane","name":"GLADYS","year":1975,"max_wind_kt":120,"min_pressure_mb":939,"category":4,"preliminary":false,"start_date":"19750922","end_date":"19751004","track":[{"date":"19750922","time":"1800","status":"TD","lat":10.3,"lon":-34.8,"wind_kt":25,"pressure_mb":1012},{"date":"19750923","time":"0000","status":"TD","lat":10.6,"lon":-35.8,"wind_kt":25,"pressure_mb":1012},{"date":"19750923","time":"0600","status":"TD","lat":11,"lon":-36.7,"wind_kt":25,"pressure_mb":1012},{"date":"19750923","time":"1200","status":"TD","lat":11.4,"lon":-37.4,"wind_kt":25,"pressure_mb":1012},{"date":"19750923","time":"1800","status":"TD","lat":11.7,"lon":-38.2,"wind_kt":30,"pressure_mb":1010},{"date":"19750924","time":"0000","status":"TD","lat":12.1,"lon":-38.8,"wind_kt":30,"pressure_mb":1010},{"date":"19750924","time":"0600","status":"TD","lat":12.4,"lon":-39.6,"wind_kt":30,"pressure_mb":1010},{"date":"19750924","time":"1200","status":"TD","lat":12.9,"lon":-40,"wind_kt":30,"pressure_mb":1010},{"date":"19750924","time":"1800","status":"TS","lat":13.5,"lon":-40.4,"wind_kt":35,"pressure_mb":1005},{"date":"19750925","time":"0000","status":"TS","lat":14.2,"lon":-41,"wind_kt":40,"pressure_mb":1005},{"date":"19750925","time":"0600","status":"TS","lat":14.8,"lon":-42,"wind_kt":50,"pressure_mb":1000},{"date":"19750925","time":"1200","status":"TS","lat":15.4,"lon":-43,"wind_kt":60,"pressure_mb":1000},{"date":"19750925","time":"1800","status":"HU","lat":15.8,"lon":-44,"wind_kt":65,"pressure_mb":990},{"date":"19750926","time":"0000","status":"HU","lat":16.2,"lon":-45,"wind_kt":65,"pressure_mb":990},{"date":"19750926","time":"0600","status":"HU","lat":16.4,"lon":-46.1,"wind_kt":65,"pressure_mb":990},{"date":"19750926","time":"1200","status":"HU","lat":16.6,"lon":-47.7,"wind_kt":65,"pressure_mb":990},{"date":"19750926","time":"1800","status":"HU","lat":16.8,"lon":-49.3,"wind_kt":65,"pressure_mb":990},{"date":"19750927","time":"0000","status":"HU","lat":17.1,"lon":-50.7,"wind_kt":65,"pressure_mb":990},{"date":"19750927","time":"0600","status":"HU","lat":17.6,"lon":-52.2,"wind_kt":65,"pressure_mb":990},{"date":"19750927","time":"1200","status":"HU","lat":18.2,"lon":-53.7,"wind_kt":65,"pressure_mb":990},{"date":"19750927","time":"1800","status":"HU","lat":18.8,"lon":-55.1,"wind_kt":65,"pressure_mb":990},{"date":"19750928","time":"0000","status":"HU","lat":19.4,"lon":-56.4,"wind_kt":65,"pressure_mb":992},{"date":"19750928","time":"0600","status":"HU","lat":19.6,"lon":-57.4,"wind_kt":65,"pressure_mb":992},{"date":"19750928","time":"1200","status":"HU","lat":19.8,"lon":-58.2,"wind_kt":65,"pressure_mb":1000},{"date":"19750928","time":"1800","status":"HU","lat":20.3,"lon":-59.3,"wind_kt":65,"pressure_mb":998},{"date":"19750929","time":"0000","status":"HU","lat":21.2,"lon":-60.3,"wind_kt":65,"pressure_mb":995},{"date":"19750929","time":"0600","status":"HU","lat":22.1,"lon":-61.4,"wind_kt":70,"pressure_mb":990},{"date":"19750929","time":"1200","status":"HU","lat":23,"lon":-62.6,"wind_kt":70,"pressure_mb":990},{"date":"19750929","time":"1800","status":"HU","lat":23.6,"lon":-63.9,"wind_kt":75,"pressure_mb":985},{"date":"19750930","time":"0000","status":"HU","lat":24.1,"lon":-65.2,"wind_kt":80,"pressure_mb":975},{"date":"19750930","time":"0600","status":"HU","lat":24.6,"lon":-66.5,"wind_kt":80,"pressure_mb":975},{"date":"19750930","time":"1200","status":"HU","lat":25.1,"lon":-67.9,"wind_kt":80,"pressure_mb":975},{"date":"19750930","time":"1800","status":"HU","lat":25.6,"lon":-69.3,"wind_kt":80,"pressure_mb":975},{"date":"19751001","time":"0000","status":"HU","lat":26.1,"lon":-70.6,"wind_kt":80,"pressure_mb":975},{"date":"19751001","time":"0600","status":"HU","lat":26.8,"lon":-71.7,"wind_kt":80,"pressure_mb":975},{"date":"19751001","time":"1200","status":"HU","lat":27.9,"lon":-72.4,"wind_kt":80,"pressure_mb":975},{"date":"19751001","time":"1800","status":"HU","lat":29.4,"lon":-73,"wind_kt":90,"pressure_mb":969},{"date":"19751002","time":"0000","status":"HU","lat":31,"lon":-73,"wind_kt":100,"pressure_mb":954},{"date":"19751002","time":"0600","status":"HU","lat":32.9,"lon":-72.1,"wind_kt":110,"pressure_mb":942},{"date":"19751002","time":"1200","status":"HU","lat":35.3,"lon":-69.8,"wind_kt":120,"pressure_mb":939},{"date":"19751002","time":"1800","status":"HU","lat":37.8,"lon":-67,"wind_kt":120,"pressure_mb":939},{"date":"19751003","time":"0000","status":"HU","lat":40.8,"lon":-62.6,"wind_kt":110,"pressure_mb":950},{"date":"19751003","time":"0600","status":"HU","lat":43.7,"lon":-57,"wind_kt":85,"pressure_mb":960},{"date":"19751003","time":"1200","status":"HU","lat":46.6,"lon":-50.6,"wind_kt":85,"pressure_mb":960},{"date":"19751003","time":"1800","status":"EX","lat":50.5,"lon":-45.5,"wind_kt":75,"pressure_mb":975},{"date":"19751004","time":"0000","status":"EX","lat":55,"lon":-40,"wind_kt":65,"pressure_mb":980}]}},{"type":"Feature","geometry":{"type":"LineString","coordinates":[[-84,19],[-84.2,19],[-84.5,18.9],[-84.8,18.8],[-85,18.8],[-85.4,18.6],[-85.8,18.4],[-86.1,18.2],[-86.5,18],[-86.8,18],[-87,18],[-87.2,18],[-87.5,18],[-87.8,18],[-88,18],[-88.2,18],[-88.5,18]]},"properties":{"id":"hur-al161975","event_type":"hurricane","name":null,"year":1975,"max_wind_kt":25,"min_pressure_mb":null,"category":-1,"preliminary":false,"start_date":"19750925","end_date":"19750929","track":[{"date":"19750925","time":"1200","status":"TD","lat":19,"lon":-84,"wind_kt":20,"pressure_mb":null},{"date":"19750925","time":"1800","status":"TD","lat":19,"lon":-84.2,"wind_kt":25,"pressure_mb":null},{"date":"19750926","time":"0000","status":"TD","lat":18.9,"lon":-84.5,"wind_kt":25,"pressure_mb":null},{"date":"19750926","time":"0600","status":"TD","lat":18.8,"lon":-84.8,"wind_kt":25,"pressure_mb":null},{"date":"19750926","time":"1200","status":"TD","lat":18.8,"lon":-85,"wind_kt":25,"pressure_mb":null},{"date":"19750926","time":"1800","status":"TD","lat":18.6,"lon":-85.4,"wind_kt":25,"pressure_mb":null},{"date":"19750927","time":"0000","status":"TD","lat":18.4,"lon":-85.8,"wind_kt":25,"pressure_mb":null},{"date":"19750927","time":"0600","status":"TD","lat":18.2,"lon":-86.1,"wind_kt":25,"pressure_mb":null},{"date":"19750927","time":"1200","status":"TD","lat":18,"lon":-86.5,"wind_kt":25,"pressure_mb":null},{"date":"19750927","time":"1800","status":"TD","lat":18,"lon":-86.8,"wind_kt":25,"pressure_mb":null},{"date":"19750928","time":"0000","status":"TD","lat":18,"lon":-87,"wind_kt":25,"pressure_mb":null},{"date":"19750928","time":"0600","status":"TD","lat":18,"lon":-87.2,"wind_kt":25,"pressure_mb":null},{"date":"19750928","time":"1200","status":"TD","lat":18,"lon":-87.5,"wind_kt":25,"pressure_mb":null},{"date":"19750928","time":"1800","status":"TD","lat":18,"lon":-87.8,"wind_kt":25,"pressure_mb":null},{"date":"19750929","time":"0000","status":"TD","lat":18,"lon":-88,"wind_kt":25,"pressure_mb":null},{"date":"19750929","time":"0600","status":"TD","lat":18,"lon":-88.2,"wind_kt":20,"pressure_mb":null},{"date":"19750929","time":"1200","status":"TD","lat":18,"lon":-88.5,"wind_kt":null,"pressure_mb":null}]}},{"type":"Feature","geometry":{"type":"LineString","coordinates":[[-33,28],[-34.2,28.9],[-35.5,29.8],[-36.8,30.7],[-38,31.5],[-37.6,32.1],[-37.2,32.8],[-36.8,33.4],[-36.5,34]]},"properties":{"id":"hur-al171975","event_type":"hurricane","name":null,"year":1975,"max_wind_kt":25,"min_pressure_mb":null,"category":-1,"preliminary":false,"start_date":"19751003","end_date":"19751005","track":[{"date":"19751003","time":"1200","status":"TD","lat":28,"lon":-33,"wind_kt":20,"pressure_mb":null},{"date":"19751003","time":"1800","status":"TD","lat":28.9,"lon":-34.2,"wind_kt":25,"pressure_mb":null},{"date":"19751004","time":"0000","status":"TD","lat":29.8,"lon":-35.5,"wind_kt":25,"pressure_mb":null},{"date":"19751004","time":"0600","status":"TD","lat":30.7,"lon":-36.8,"wind_kt":25,"pressure_mb":null},{"date":"19751004","time":"1200","status":"TD","lat":31.5,"lon":-38,"wind_kt":25,"pressure_mb":null},{"date":"19751004","time":"1800","status":"TD","lat":32.1,"lon":-37.6,"wind_kt":25,"pressure_mb":null},{"date":"19751005","time":"0000","status":"TD","lat":32.8,"lon":-37.2,"wind_kt":25,"pressure_mb":null},{"date":"19751005","time":"0600","status":"TD","lat":33.4,"lon":-36.8,"wind_kt":25,"pressure_mb":null},{"date":"19751005","time":"1200","status":"TD","lat":34,"lon":-36.5,"wind_kt":20,"pressure_mb":null}]}},{"type":"Feature","geometry":{"type":"LineString","coordinates":[[-92,21],[-92.5,21.6],[-93,22.2],[-93.5,22.8],[-94,23.5],[-93.8,24.4],[-93.5,25.3],[-93.2,26.2],[-93,27],[-92.4,27.8],[-91.5,28.5],[-90.7,29.2],[-90,30]]},"properties":{"id":"hur-al181975","event_type":"hurricane","name":null,"year":1975,"max_wind_kt":30,"min_pressure_mb":null,"category":-1,"preliminary":false,"start_date":"19751014","end_date":"19751017","track":[{"date":"19751014","time":"1200","status":"TD","lat":21,"lon":-92,"wind_kt":20,"pressure_mb":null},{"date":"19751014","time":"1800","status":"TD","lat":21.6,"lon":-92.5,"wind_kt":25,"pressure_mb":null},{"date":"19751015","time":"0000","status":"TD","lat":22.2,"lon":-93,"wind_kt":25,"pressure_mb":null},{"date":"19751015","time":"0600","status":"TD","lat":22.8,"lon":-93.5,"wind_kt":30,"pressure_mb":null},{"date":"19751015","time":"1200","status":"TD","lat":23.5,"lon":-94,"wind_kt":30,"pressure_mb":null},{"date":"19751015","time":"1800","status":"TD","lat":24.4,"lon":-93.8,"wind_kt":30,"pressure_mb":null},{"date":"19751016","time":"0000","status":"TD","lat":25.3,"lon":-93.5,"wind_kt":30,"pressure_mb":null},{"date":"19751016","time":"0600","status":"TD","lat":26.2,"lon":-93.2,"wind_kt":30,"pressure_mb":null},{"date":"19751016","time":"1200","status":"TD","lat":27,"lon":-93,"wind_kt":30,"pressure_mb":null},{"date":"19751016","time":"1800","status":"TD","lat":27.8,"lon":-92.4,"wind_kt":30,"pressure_mb":null},{"date":"19751017","time":"0000","status":"TD","lat":28.5,"lon":-91.5,"wind_kt":25,"pressure_mb":null},{"date":"19751017","time":"0600","status":"TD","lat":29.2,"lon":-90.7,"wind_kt":25,"pressure_mb":null},{"date":"19751017","time":"1200","status":"TD","lat":30,"lon":-90,"wind_kt":null,"pressure_mb":null}]}},{"type":"Feature","geometry":{"type":"LineString","coordinates":[[-79.3,29.1],[-79,28.8],[-79.4,29.4],[-79.7,30],[-79.8,30.2],[-79.9,30.5],[-80.1,30.9],[-79.6,31.8],[-78.7,32.5],[-77.5,33.5],[-75.5,34.5],[-73.8,35.7],[-72.6,36.4],[-71.4,36.9]]},"properties":{"id":"hur-al191975","event_type":"hurricane","name":"HALLIE","year":1975,"max_wind_kt":45,"min_pressure_mb":1002,"category":0,"preliminary":false,"start_date":"19751024","end_date":"19751028","track":[{"date":"19751024","time":"1800","status":"SD","lat":29.1,"lon":-79.3,"wind_kt":30,"pressure_mb":1006},{"date":"19751025","time":"0000","status":"SD","lat":28.8,"lon":-79,"wind_kt":30,"pressure_mb":1006},{"date":"19751025","time":"0600","status":"SD","lat":29.4,"lon":-79.4,"wind_kt":30,"pressure_mb":1006},{"date":"19751025","time":"1200","status":"SD","lat":30,"lon":-79.7,"wind_kt":30,"pressure_mb":1006},{"date":"19751025","time":"1800","status":"SD","lat":30.2,"lon":-79.8,"wind_kt":30,"pressure_mb":1006},{"date":"19751026","time":"0000","status":"SD","lat":30.5,"lon":-79.9,"wind_kt":30,"pressure_mb":1006},{"date":"19751026","time":"0600","status":"TD","lat":30.9,"lon":-80.1,"wind_kt":30,"pressure_mb":1006},{"date":"19751026","time":"1200","status":"TD","lat":31.8,"lon":-79.6,"wind_kt":30,"pressure_mb":1005},{"date":"19751026","time":"1800","status":"TS","lat":32.5,"lon":-78.7,"wind_kt":35,"pressure_mb":1003},{"date":"19751027","time":"0000","status":"TS","lat":33.5,"lon":-77.5,"wind_kt":45,"pressure_mb":1002},{"date":"19751027","time":"0600","status":"TS","lat":34.5,"lon":-75.5,"wind_kt":45,"pressure_mb":1002},{"date":"19751027","time":"1200","status":"TS","lat":35.7,"lon":-73.8,"wind_kt":45,"pressure_mb":1004},{"date":"19751027","time":"1800","status":"EX","lat":36.4,"lon":-72.6,"wind_kt":40,"pressure_mb":1006},{"date":"19751028","time":"0000","status":"EX","lat":36.9,"lon":-71.4,"wind_kt":35,"pressure_mb":1008}]}},{"type":"Feature","geometry":{"type":"LineString","coordinates":[[-81,13],[-82.5,13.6],[-82.5,14.3],[-83.2,14.9],[-84,15.5],[-84.9,15.7],[-85,15.8],[-86.6,15.9],[-87.5,16],[-88.5,16]]},"properties":{"id":"hur-al201975","event_type":"hurricane","name":null,"year":1975,"max_wind_kt":25,"min_pressure_mb":null,"category":-1,"preliminary":false,"start_date":"19751027","end_date":"19751029","track":[{"date":"19751027","time":"1200","status":"TD","lat":13,"lon":-81,"wind_kt":20,"pressure_mb":null},{"date":"19751027","time":"1800","status":"TD","lat":13.6,"lon":-82.5,"wind_kt":25,"pressure_mb":null},{"date":"19751028","time":"0000","status":"TD","lat":14.3,"lon":-82.5,"wind_kt":25,"pressure_mb":null},{"date":"19751028","time":"0600","status":"TD","lat":14.9,"lon":-83.2,"wind_kt":25,"pressure_mb":null},{"date":"19751028","time":"1200","status":"TD","lat":15.5,"lon":-84,"wind_kt":25,"pressure_mb":null},{"date":"19751028","time":"1800","status":"TD","lat":15.7,"lon":-84.9,"wind_kt":25,"pressure_mb":null},{"date":"19751029","time":"0000","status":"TD","lat":15.8,"lon":-85,"wind_kt":25,"pressure_mb":null},{"date":"19751029","time":"0600","status":"TD","lat":15.9,"lon":-86.6,"wind_kt":25,"pressure_mb":null},{"date":"19751029","time":"1200","status":"TD","lat":16,"lon":-87.5,"wind_kt":25,"pressure_mb":null},{"date":"19751029","time":"1800","status":"TD","lat":16,"lon":-88.5,"wind_kt":null,"pressure_mb":null}]}},{"type":"Feature","geometry":{"type":"LineString","coordinates":[[-85,16.5],[-85.2,17],[-85.8,17.5],[-86.2,18],[-86.5,18.5],[-86.7,19.6],[-86.8,20.8],[-86.9,21.4],[-87,23],[-87.9,23.2],[-88.8,23.5],[-89.6,23.8],[-90.5,24],[-91,23.2],[-91.5,22.5],[-91.2,21.7],[-91,21],[-90.5,20.3]]},"properties":{"id":"hur-al211975","event_type":"hurricane","name":null,"year":1975,"max_wind_kt":30,"min_pressure_mb":null,"category":-1,"preliminary":false,"start_date":"19751108","end_date":"19751112","track":[{"date":"19751108","time":"1200","status":"TD","lat":16.5,"lon":-85,"wind_kt":25,"pressure_mb":null},{"date":"19751108","time":"1800","status":"TD","lat":17,"lon":-85.2,"wind_kt":25,"pressure_mb":null},{"date":"19751109","time":"0000","status":"TD","lat":17.5,"lon":-85.8,"wind_kt":30,"pressure_mb":null},{"date":"19751109","time":"0600","status":"TD","lat":18,"lon":-86.2,"wind_kt":30,"pressure_mb":null},{"date":"19751109","time":"1200","status":"TD","lat":18.5,"lon":-86.5,"wind_kt":30,"pressure_mb":null},{"date":"19751109","time":"1800","status":"TD","lat":19.6,"lon":-86.7,"wind_kt":30,"pressure_mb":null},{"date":"19751110","time":"0000","status":"TD","lat":20.8,"lon":-86.8,"wind_kt":30,"pressure_mb":null},{"date":"19751110","time":"0600","status":"TD","lat":21.4,"lon":-86.9,"wind_kt":30,"pressure_mb":null},{"date":"19751110","time":"1200","status":"TD","lat":23,"lon":-87,"wind_kt":30,"pressure_mb":null},{"date":"19751110","time":"1800","status":"TD","lat":23.2,"lon":-87.9,"wind_kt":30,"pressure_mb":null},{"date":"19751111","time":"0000","status":"TD","lat":23.5,"lon":-88.8,"wind_kt":30,"pressure_mb":null},{"date":"19751111","time":"0600","status":"TD","lat":23.8,"lon":-89.6,"wind_kt":30,"pressure_mb":null},{"date":"19751111","time":"1200","status":"TD","lat":24,"lon":-90.5,"wind_kt":25,"pressure_mb":null},{"date":"19751111","time":"1800","status":"TD","lat":23.2,"lon":-91,"wind_kt":25,"pressure_mb":null},{"date":"19751112","time":"0000","status":"TD","lat":22.5,"lon":-91.5,"wind_kt":25,"pressure_mb":null},{"date":"19751112","time":"0600","status":"TD","lat":21.7,"lon":-91.2,"wind_kt":20,"pressure_mb":null},{"date":"19751112","time":"1200","status":"TD","lat":21,"lon":-91,"wind_kt":20,"pressure_mb":null},{"date":"19751112","time":"1800","status":"TD","lat":20.3,"lon":-90.5,"wind_kt":null,"pressure_mb":null}]}},{"type":"Feature","geometry":{"type":"LineString","coordinates":[[-52,25],[-51.1,26.2],[-50.2,26.5],[-49.4,27.2],[-48.5,28],[-48.9,28.5],[-48.8,29],[-48.9,29.5],[-49,30]]},"properties":{"id":"hur-al221975","event_type":"hurricane","name":null,"year":1975,"max_wind_kt":25,"min_pressure_mb":null,"category":-1,"preliminary":false,"start_date":"19751129","end_date":"19751201","track":[{"date":"19751129","time":"1200","status":"TD","lat":25,"lon":-52,"wind_kt":20,"pressure_mb":null},{"date":"19751129","time":"1800","status":"TD","lat":26.2,"lon":-51.1,"wind_kt":25,"pressure_mb":null},{"date":"19751130","time":"0000","status":"TD","lat":26.5,"lon":-50.2,"wind_kt":25,"pressure_mb":null},{"date":"19751130","time":"0600","status":"TD","lat":27.2,"lon":-49.4,"wind_kt":25,"pressure_mb":null},{"date":"19751130","time":"1200","status":"TD","lat":28,"lon":-48.5,"wind_kt":25,"pressure_mb":null},{"date":"19751130","time":"1800","status":"TD","lat":28.5,"lon":-48.9,"wind_kt":25,"pressure_mb":null},{"date":"19751201","time":"0000","status":"TD","lat":29,"lon":-48.8,"wind_kt":25,"pressure_mb":null},{"date":"19751201","time":"0600","status":"TD","lat":29.5,"lon":-48.9,"wind_kt":20,"pressure_mb":null},{"date":"19751201","time":"1200","status":"TD","lat":30,"lon":-49,"wind_kt":20,"pressure_mb":null}]}},{"type":"Feature","geometry":{"type":"LineString","coordinates":[[-42.9,41.6],[-43,41.1],[-43.1,40.4],[-43.2,39.6],[-43.4,38.3],[-43.7,36.5],[-44,34.5],[-43.7,32.5],[-42.9,30.5],[-41.9,28.7],[-40.5,27.4],[-38.2,26.9],[-36,27],[-35,27.5],[-34.6,28.5],[-34.4,30.2],[-34.5,32.5]]},"properties":{"id":"hur-al231975","event_type":"hurricane","name":null,"year":1975,"max_wind_kt":60,"min_pressure_mb":985,"category":0,"preliminary":false,"start_date":"19751209","end_date":"19751213","track":[{"date":"19751209","time":"1200","status":"SS","lat":41.6,"lon":-42.9,"wind_kt":35,"pressure_mb":997},{"date":"19751209","time":"1800","status":"SS","lat":41.1,"lon":-43,"wind_kt":40,"pressure_mb":null},{"date":"19751210","time":"0000","status":"SS","lat":40.4,"lon":-43.1,"wind_kt":45,"pressure_mb":null},{"date":"19751210","time":"0600","status":"SS","lat":39.6,"lon":-43.2,"wind_kt":55,"pressure_mb":null},{"date":"19751210","time":"1200","status":"SS","lat":38.3,"lon":-43.4,"wind_kt":60,"pressure_mb":992},{"date":"19751210","time":"1800","status":"SS","lat":36.5,"lon":-43.7,"wind_kt":55,"pressure_mb":null},{"date":"19751211","time":"0000","status":"SS","lat":34.5,"lon":-44,"wind_kt":50,"pressure_mb":null},{"date":"19751211","time":"0600","status":"SS","lat":32.5,"lon":-43.7,"wind_kt":45,"pressure_mb":null},{"date":"19751211","time":"1200","status":"SS","lat":30.5,"lon":-42.9,"wind_kt":40,"pressure_mb":null},{"date":"19751211","time":"1800","status":"SS","lat":28.7,"lon":-41.9,"wind_kt":40,"pressure_mb":985},{"date":"19751212","time":"0000","status":"SS","lat":27.4,"lon":-40.5,"wind_kt":35,"pressure_mb":null},{"date":"19751212","time":"0600","status":"SS","lat":26.9,"lon":-38.2,"wind_kt":35,"pressure_mb":null},{"date":"19751212","time":"1200","status":"SD","lat":27,"lon":-36,"wind_kt":30,"pressure_mb":1000},{"date":"19751212","time":"1800","status":"SD","lat":27.5,"lon":-35,"wind_kt":30,"pressure_mb":null},{"date":"19751213","time":"0000","status":"SD","lat":28.5,"lon":-34.6,"wind_kt":30,"pressure_mb":1005},{"date":"19751213","time":"0600","status":"SD","lat":30.2,"lon":-34.4,"wind_kt":30,"pressure_mb":null},{"date":"19751213","time":"1200","status":"SD","lat":32.5,"lon":-34.5,"wind_kt":25,"pressure_mb":1008}]}},{"type":"Feature","geometry":{"type":"LineString","coordinates":[[-89,24],[-89.6,24.8],[-90,25.4],[-90.5,26],[-90.8,27],[-90.5,26.5],[-89,26.3],[-88,27],[-86,28.5],[-84,29.8],[-82,31],[-80,31.8],[-78,32.8],[-76,33.5],[-74,34],[-72,34.8],[-69.5,35.5],[-67,36]]},"properties":{"id":"hur-al011976","event_type":"hurricane","name":null,"year":1976,"max_wind_kt":45,"min_pressure_mb":994,"category":0,"preliminary":false,"start_date":"19760521","end_date":"19760525","track":[{"date":"19760521","time":"1200","status":"SD","lat":24,"lon":-89,"wind_kt":20,"pressure_mb":1010},{"date":"19760521","time":"1800","status":"SD","lat":24.8,"lon":-89.6,"wind_kt":20,"pressure_mb":1009},{"date":"19760522","time":"0000","status":"SD","lat":25.4,"lon":-90,"wind_kt":25,"pressure_mb":1006},{"date":"19760522","time":"0600","status":"SD","lat":26,"lon":-90.5,"wind_kt":25,"pressure_mb":1005},{"date":"19760522","time":"1200","status":"SD","lat":27,"lon":-90.8,"wind_kt":30,"pressure_mb":1004},{"date":"19760522","time":"1800","status":"SD","lat":26.5,"lon":-90.5,"wind_kt":30,"pressure_mb":1002},{"date":"19760523","time":"0000","status":"SS","lat":26.3,"lon":-89,"wind_kt":35,"pressure_mb":1001},{"date":"19760523","time":"0600","status":"SS","lat":27,"lon":-88,"wind_kt":35,"pressure_mb":999},{"date":"19760523","time":"1200","status":"SS","lat":28.5,"lon":-86,"wind_kt":40,"pressure_mb":998},{"date":"19760523","time":"1800","status":"SS","lat":29.8,"lon":-84,"wind_kt":40,"pressure_mb":998},{"date":"19760524","time":"0000","status":"SS","lat":31,"lon":-82,"wind_kt":40,"pressure_mb":998},{"date":"19760524","time":"0600","status":"SS","lat":31.8,"lon":-80,"wind_kt":40,"pressure_mb":998},{"date":"19760524","time":"1200","status":"SS","lat":32.8,"lon":-78,"wind_kt":45,"pressure_mb":996},{"date":"19760524","time":"1800","status":"SS","lat":33.5,"lon":-76,"wind_kt":45,"pressure_mb":994},{"date":"19760525","time":"0000","status":"SS","lat":34,"lon":-74,"wind_kt":45,"pressure_mb":994},{"date":"19760525","time":"0600","status":"SS","lat":34.8,"lon":-72,"wind_kt":45,"pressure_mb":996},{"date":"19760525","time":"1200","status":"SS","lat":35.5,"lon":-69.5,"wind_kt":40,"pressure_mb":998},{"date":"19760525","time":"1800","status":"SS","lat":36,"lon":-67,"wind_kt":40,"pressure_mb":998}]}},{"type":"Feature","geometry":{"type":"LineString","coordinates":[[-79,26.8],[-78.5,28],[-78.1,29.2],[-77.7,30.5],[-77.4,31.8],[-77,33],[-75.2,34.5],[-73.3,36],[-71.4,37.5],[-69.5,39]]},"properties":{"id":"hur-al021976","event_type":"hurricane","name":null,"year":1976,"max_wind_kt":30,"min_pressure_mb":null,"category":-1,"preliminary":false,"start_date":"19760607","end_date":"19760609","track":[{"date":"19760607","time":"0600","status":"TD","lat":26.8,"lon":-79,"wind_kt":20,"pressure_mb":null},{"date":"19760607","time":"1200","status":"TD","lat":28,"lon":-78.5,"wind_kt":25,"pressure_mb":null},{"date":"19760607","time":"1800","status":"TD","lat":29.2,"lon":-78.1,"wind_kt":30,"pressure_mb":null},{"date":"19760608","time":"0000","status":"TD","lat":30.5,"lon":-77.7,"wind_kt":30,"pressure_mb":null},{"date":"19760608","time":"0600","status":"TD","lat":31.8,"lon":-77.4,"wind_kt":30,"pressure_mb":null},{"date":"19760608","time":"1200","status":"TD","lat":33,"lon":-77,"wind_kt":30,"pressure_mb":null},{"date":"19760608","time":"1800","status":"TD","lat":34.5,"lon":-75.2,"wind_kt":30,"pressure_mb":null},{"date":"19760609","time":"0000","status":"TD","lat":36,"lon":-73.3,"wind_kt":30,"pressure_mb":null},{"date":"19760609","time":"0600","status":"TD","lat":37.5,"lon":-71.4,"wind_kt":25,"pressure_mb":null},{"date":"19760609","time":"1200","status":"TD","lat":39,"lon":-69.5,"wind_kt":20,"pressure_mb":null}]}},{"type":"Feature","geometry":{"type":"LineString","coordinates":[[-81,26.5],[-78.5,28.2],[-76.2,30],[-73.8,31.8],[-71.5,33.5],[-69.2,35.2]]},"properties":{"id":"hur-al031976","event_type":"hurricane","name":null,"year":1976,"max_wind_kt":30,"min_pressure_mb":null,"category":-1,"preliminary":false,"start_date":"19760611","end_date":"19760612","track":[{"date":"19760611","time":"1200","status":"TD","lat":26.5,"lon":-81,"wind_kt":20,"pressure_mb":null},{"date":"19760611","time":"1800","status":"TD","lat":28.2,"lon":-78.5,"wind_kt":25,"pressure_mb":null},{"date":"19760612","time":"0000","status":"TD","lat":30,"lon":-76.2,"wind_kt":30,"pressure_mb":null},{"date":"19760612","time":"0600","status":"TD","lat":31.8,"lon":-73.8,"wind_kt":30,"pressure_mb":null},{"date":"19760612","time":"1200","status":"TD","lat":33.5,"lon":-71.5,"wind_kt":25,"pressure_mb":null},{"date":"19760612","time":"1800","status":"TD","lat":35.2,"lon":-69.2,"wind_kt":20,"pressure_mb":null}]}},{"type":"Feature","geometry":{"type":"LineString","coordinates":[[-72,31],[-72.1,31.5],[-72.3,32],[-72.4,32.5],[-72.5,33],[-72.2,33.3],[-71.8,33.5],[-71.4,33.7],[-71,34]]},"properties":{"id":"hur-al041976","event_type":"hurricane","name":null,"year":1976,"max_wind_kt":25,"min_pressure_mb":null,"category":-1,"preliminary":false,"start_date":"19760720","end_date":"19760722","track":[{"date":"19760720","time":"1200","status":"TD","lat":31,"lon":-72,"wind_kt":20,"pressure_mb":null},{"date":"19760720","time":"1800","status":"TD","lat":31.5,"lon":-72.1,"wind_kt":25,"pressure_mb":null},{"date":"19760721","time":"0000","status":"TD","lat":32,"lon":-72.3,"wind_kt":25,"pressure_mb":null},{"date":"19760721","time":"0600","status":"TD","lat":32.5,"lon":-72.4,"wind_kt":25,"pressure_mb":null},{"date":"19760721","time":"1200","status":"TD","lat":33,"lon":-72.5,"wind_kt":25,"pressure_mb":null},{"date":"19760721","time":"1800","status":"TD","lat":33.3,"lon":-72.2,"wind_kt":25,"pressure_mb":null},{"date":"19760722","time":"0000","status":"TD","lat":33.5,"lon":-71.8,"wind_kt":25,"pressure_mb":null},{"date":"19760722","time":"0600","status":"TD","lat":33.7,"lon":-71.4,"wind_kt":20,"pressure_mb":null},{"date":"19760722","time":"1200","status":"TD","lat":34,"lon":-71,"wind_kt":20,"pressure_mb":null}]}},{"type":"Feature","geometry":{"type":"LineString","coordinates":[[-24,10.5],[-25.5,10.4],[-27,10.3],[-28.5,10.2],[-30.8,10],[-32,10.5]]},"properties":{"id":"hur-al051976","event_type":"hurricane","name":null,"year":1976,"max_wind_kt":25,"min_pressure_mb":null,"category":-1,"preliminary":false,"start_date":"19760723","end_date":"19760724","track":[{"date":"19760723","time":"1200","status":"TD","lat":10.5,"lon":-24,"wind_kt":20,"pressure_mb":null},{"date":"19760723","time":"1800","status":"TD","lat":10.4,"lon":-25.5,"wind_kt":25,"pressure_mb":null},{"date":"19760724","time":"0000","status":"TD","lat":10.3,"lon":-27,"wind_kt":25,"pressure_mb":null},{"date":"19760724","time":"0600","status":"TD","lat":10.2,"lon":-28.5,"wind_kt":25,"pressure_mb":null},{"date":"19760724","time":"1200","status":"TD","lat":10,"lon":-30.8,"wind_kt":25,"pressure_mb":null},{"date":"19760724","time":"1800","status":"TD","lat":10.5,"lon":-32,"wind_kt":20,"pressure_mb":null}]}},{"type":"Feature","geometry":{"type":"LineString","coordinates":[[-52.3,28],[-51.3,28],[-50.3,28],[-49.3,28],[-48.1,28],[-45.6,28.3],[-42,29.8],[-39.9,30.1],[-37.7,30.5],[-35.7,31.3],[-33.6,31.9],[-31.5,32.5],[-29.4,33.2],[-27.1,33.9],[-24.9,35],[-23.2,36.3],[-21.8,37.8],[-20.9,39.2],[-20.3,40.6],[-20.5,42.1],[-21,42.7],[-21.9,42.8],[-22.8,42.7],[-23.7,42.5],[-24.9,41.9],[-25.9,41.2],[-26.7,40.4],[-27.5,39.5],[-28.1,38.5],[-28.1,38],[-27.7,37.5],[-27.3,37.4],[-26.7,37.4],[-26.3,37.5],[-25.6,37.6],[-25.1,37.9],[-24.6,38.2]]},"properties":{"id":"hur-al061976","event_type":"hurricane","name":"ANNA","year":1976,"max_wind_kt":45,"min_pressure_mb":999,"category":0,"preliminary":false,"start_date":"19760728","end_date":"19760806","track":[{"date":"19760728","time":"1800","status":"SD","lat":28,"lon":-52.3,"wind_kt":20,"pressure_mb":1015},{"date":"19760729","time":"0000","status":"SD","lat":28,"lon":-51.3,"wind_kt":20,"pressure_mb":null},{"date":"19760729","time":"0600","status":"SD","lat":28,"lon":-50.3,"wind_kt":20,"pressure_mb":null},{"date":"19760729","time":"1200","status":"SD","lat":28,"lon":-49.3,"wind_kt":25,"pressure_mb":1012},{"date":"19760729","time":"1800","status":"SD","lat":28,"lon":-48.1,"wind_kt":25,"pressure_mb":null},{"date":"19760730","time":"0000","status":"SD","lat":28.3,"lon":-45.6,"wind_kt":30,"pressure_mb":1005},{"date":"19760730","time":"0600","status":"SS","lat":29.8,"lon":-42,"wind_kt":35,"pressure_mb":999},{"date":"19760730","time":"1200","status":"SS","lat":30.1,"lon":-39.9,"wind_kt":40,"pressure_mb":null},{"date":"19760730","time":"1800","status":"TS","lat":30.5,"lon":-37.7,"wind_kt":40,"pressure_mb":null},{"date":"19760731","time":"0000","status":"TS","lat":31.3,"lon":-35.7,"wind_kt":40,"pressure_mb":null},{"date":"19760731","time":"0600","status":"TS","lat":31.9,"lon":-33.6,"wind_kt":40,"pressure_mb":null},{"date":"19760731","time":"1200","status":"TS","lat":32.5,"lon":-31.5,"wind_kt":40,"pressure_mb":null},{"date":"19760731","time":"1800","status":"TS","lat":33.2,"lon":-29.4,"wind_kt":40,"pressure_mb":null},{"date":"19760801","time":"0000","status":"TS","lat":33.9,"lon":-27.1,"wind_kt":35,"pressure_mb":null},{"date":"19760801","time":"0600","status":"TS","lat":35,"lon":-24.9,"wind_kt":35,"pressure_mb":null},{"date":"19760801","time":"1200","status":"EX","lat":36.3,"lon":-23.2,"wind_kt":35,"pressure_mb":null},{"date":"19760801","time":"1800","status":"EX","lat":37.8,"lon":-21.8,"wind_kt":35,"pressure_mb":null},{"date":"19760802","time":"0000","status":"EX","lat":39.2,"lon":-20.9,"wind_kt":35,"pressure_mb":null},{"date":"19760802","time":"0600","status":"EX","lat":40.6,"lon":-20.3,"wind_kt":40,"pressure_mb":null},{"date":"19760802","time":"1200","status":"EX","lat":42.1,"lon":-20.5,"wind_kt":45,"pressure_mb":null},{"date":"19760802","time":"1800","status":"EX","lat":42.7,"lon":-21,"wind_kt":40,"pressure_mb":1004},{"date":"19760803","time":"0000","status":"EX","lat":42.8,"lon":-21.9,"wind_kt":35,"pressure_mb":null},{"date":"19760803","time":"0600","status":"EX","lat":42.7,"lon":-22.8,"wind_kt":35,"pressure_mb":null},{"date":"19760803","time":"1200","status":"EX","lat":42.5,"lon":-23.7,"wind_kt":30,"pressure_mb":1006},{"date":"19760803","time":"1800","status":"EX","lat":41.9,"lon":-24.9,"wind_kt":30,"pressure_mb":null},{"date":"19760804","time":"0000","status":"EX","lat":41.2,"lon":-25.9,"wind_kt":30,"pressure_mb":null},{"date":"19760804","time":"0600","status":"EX","lat":40.4,"lon":-26.7,"wind_kt":30,"pressure_mb":null},{"date":"19760804","time":"1200","status":"EX","lat":39.5,"lon":-27.5,"wind_kt":30,"pressure_mb":1008},{"date":"19760804","time":"1800","status":"EX","lat":38.5,"lon":-28.1,"wind_kt":30,"pressure_mb":null},{"date":"19760805","time":"0000","status":"EX","lat":38,"lon":-28.1,"wind_kt":30,"pressure_mb":null},{"date":"19760805","time":"0600","status":"EX","lat":37.5,"lon":-27.7,"wind_kt":30,"pressure_mb":null},{"date":"19760805","time":"1200","status":"EX","lat":37.4,"lon":-27.3,"wind_kt":25,"pressure_mb":1012},{"date":"19760805","time":"1800","status":"EX","lat":37.4,"lon":-26.7,"wind_kt":25,"pressure_mb":null},{"date":"19760806","time":"0000","status":"EX","lat":37.5,"lon":-26.3,"wind_kt":25,"pressure_mb":null},{"date":"19760806","time":"0600","status":"EX","lat":37.6,"lon":-25.6,"wind_kt":25,"pressure_mb":null},{"date":"19760806","time":"1200","status":"EX","lat":37.9,"lon":-25.1,"wind_kt":25,"pressure_mb":1015},{"date":"19760806","time":"1800","status":"EX","lat":38.2,"lon":-24.6,"wind_kt":25,"pressure_mb":null}]}},{"type":"Feature","geometry":{"type":"LineString","coordinates":[[-72.8,26],[-73,26.3],[-73.4,26],[-73.2,25.6],[-73.2,26],[-73.7,26.2],[-74.2,26.6],[-74.6,26.9],[-75.1,27.4],[-75.1,28.1],[-75.3,29.5],[-75.3,30.9],[-75.2,32.5],[-74.7,34.4],[-74.2,36.6],[-73.8,38.8],[-73.2,41],[-72.4,42.6]]},"properties":{"id":"hur-al071976","event_type":"hurricane","name":"BELLE","year":1976,"max_wind_kt":105,"min_pressure_mb":957,"category":3,"preliminary":false,"start_date":"19760806","end_date":"19760810","track":[{"date":"19760806","time":"0600","status":"TD","lat":26,"lon":-72.8,"wind_kt":25,"pressure_mb":1012},{"date":"19760806","time":"1200","status":"TD","lat":26.3,"lon":-73,"wind_kt":25,"pressure_mb":1012},{"date":"19760806","time":"1800","status":"TD","lat":26,"lon":-73.4,"wind_kt":30,"pressure_mb":1009},{"date":"19760807","time":"0000","status":"TS","lat":25.6,"lon":-73.2,"wind_kt":40,"pressure_mb":1005},{"date":"19760807","time":"0600","status":"TS","lat":26,"lon":-73.2,"wind_kt":45,"pressure_mb":1000},{"date":"19760807","time":"1200","status":"TS","lat":26.2,"lon":-73.7,"wind_kt":55,"pressure_mb":993},{"date":"19760807","time":"1800","status":"HU","lat":26.6,"lon":-74.2,"wind_kt":70,"pressure_mb":985},{"date":"19760808","time":"0000","status":"HU","lat":26.9,"lon":-74.6,"wind_kt":80,"pressure_mb":972},{"date":"19760808","time":"0600","status":"HU","lat":27.4,"lon":-75.1,"wind_kt":90,"pressure_mb":962},{"date":"19760808","time":"1200","status":"HU","lat":28.1,"lon":-75.1,"wind_kt":95,"pressure_mb":959},{"date":"19760808","time":"1800","status":"HU","lat":29.5,"lon":-75.3,"wind_kt":100,"pressure_mb":958},{"date":"19760809","time":"0000","status":"HU","lat":30.9,"lon":-75.3,"wind_kt":105,"pressure_mb":957},{"date":"19760809","time":"0600","status":"HU","lat":32.5,"lon":-75.2,"wind_kt":105,"pressure_mb":959},{"date":"19760809","time":"1200","status":"HU","lat":34.4,"lon":-74.7,"wind_kt":95,"pressure_mb":963},{"date":"19760809","time":"1800","status":"HU","lat":36.6,"lon":-74.2,"wind_kt":90,"pressure_mb":970},{"date":"19760810","time":"0000","status":"HU","lat":38.8,"lon":-73.8,"wind_kt":80,"pressure_mb":977},{"date":"19760810","time":"0600","status":"TS","lat":41,"lon":-73.2,"wind_kt":60,"pressure_mb":983},{"date":"19760810","time":"1200","status":"TS","lat":42.6,"lon":-72.4,"wind_kt":35,"pressure_mb":992}]}},{"type":"Feature","geometry":{"type":"LineString","coordinates":[[-84,26],[-83.3,25.3],[-82.7,24.7],[-82.5,24.5],[-82.2,24.6],[-82,24.8],[-81.7,25],[-80.1,26.6],[-80,28.2],[-80,29.6],[-80,30.6],[-80,32],[-80,33],[-80,33.3],[-80,33.5]]},"properties":{"id":"hur-al081976","event_type":"hurricane","name":"DOTTIE","year":1976,"max_wind_kt":45,"min_pressure_mb":996,"category":0,"preliminary":false,"start_date":"19760818","end_date":"19760821","track":[{"date":"19760818","time":"0000","status":"TD","lat":26,"lon":-84,"wind_kt":20,"pressure_mb":1010},{"date":"19760818","time":"0600","status":"TD","lat":25.3,"lon":-83.3,"wind_kt":20,"pressure_mb":null},{"date":"19760818","time":"1200","status":"TD","lat":24.7,"lon":-82.7,"wind_kt":20,"pressure_mb":1009},{"date":"19760818","time":"1800","status":"TD","lat":24.5,"lon":-82.5,"wind_kt":20,"pressure_mb":null},{"date":"19760819","time":"0000","status":"TD","lat":24.6,"lon":-82.2,"wind_kt":25,"pressure_mb":null},{"date":"19760819","time":"0600","status":"TD","lat":24.8,"lon":-82,"wind_kt":30,"pressure_mb":1003},{"date":"19760819","time":"1200","status":"TS","lat":25,"lon":-81.7,"wind_kt":35,"pressure_mb":null},{"date":"19760819","time":"1800","status":"TS","lat":26.6,"lon":-80.1,"wind_kt":35,"pressure_mb":1006},{"date":"19760820","time":"0000","status":"TS","lat":28.2,"lon":-80,"wind_kt":40,"pressure_mb":null},{"date":"19760820","time":"0600","status":"TS","lat":29.6,"lon":-80,"wind_kt":45,"pressure_mb":996},{"date":"19760820","time":"1200","status":"TS","lat":30.6,"lon":-80,"wind_kt":40,"pressure_mb":999},{"date":"19760820","time":"1800","status":"TS","lat":32,"lon":-80,"wind_kt":35,"pressure_mb":1005},{"date":"19760821","time":"0000","status":"TS","lat":33,"lon":-80,"wind_kt":35,"pressure_mb":1005},{"date":"19760821","time":"0600","status":"TD","lat":33.3,"lon":-80,"wind_kt":25,"pressure_mb":1010},{"date":"19760821","time":"1200","status":"TD","lat":33.5,"lon":-80,"wind_kt":20,"pressure_mb":1015}]}},{"type":"Feature","geometry":{"type":"LineString","coordinates":[[-68.2,31.7],[-67.5,33.4],[-66.4,35.2],[-65.7,36.7],[-65,37.7],[-64,38.2],[-63.7,38.8],[-63.3,39.7],[-62,40.2],[-61,40.8],[-59.8,41.1],[-59.3,41.2],[-59,41],[-58.7,40.5],[-58.2,40.3],[-57.8,40.8],[-57,41],[-56.4,41.3],[-55.5,41.7],[-54.3,42.4],[-53.2,43.1],[-51.2,44.4],[-48.7,45.9],[-45.5,47.3],[-42.8,49.9]]},"properties":{"id":"hur-al091976","event_type":"hurricane","name":"CANDICE","year":1976,"max_wind_kt":80,"min_pressure_mb":964,"category":1,"preliminary":false,"start_date":"19760818","end_date":"19760824","track":[{"date":"19760818","time":"1200","status":"TD","lat":31.7,"lon":-68.2,"wind_kt":30,"pressure_mb":1007},{"date":"19760818","time":"1800","status":"TS","lat":33.4,"lon":-67.5,"wind_kt":35,"pressure_mb":1003},{"date":"19760819","time":"0000","status":"TS","lat":35.2,"lon":-66.4,"wind_kt":40,"pressure_mb":996},{"date":"19760819","time":"0600","status":"TS","lat":36.7,"lon":-65.7,"wind_kt":40,"pressure_mb":null},{"date":"19760819","time":"1200","status":"TS","lat":37.7,"lon":-65,"wind_kt":40,"pressure_mb":null},{"date":"19760819","time":"1800","status":"TS","lat":38.2,"lon":-64,"wind_kt":40,"pressure_mb":999},{"date":"19760820","time":"0000","status":"TS","lat":38.8,"lon":-63.7,"wind_kt":35,"pressure_mb":1005},{"date":"19760820","time":"0600","status":"TS","lat":39.7,"lon":-63.3,"wind_kt":35,"pressure_mb":1005},{"date":"19760820","time":"1200","status":"TS","lat":40.2,"lon":-62,"wind_kt":35,"pressure_mb":null},{"date":"19760820","time":"1800","status":"TS","lat":40.8,"lon":-61,"wind_kt":40,"pressure_mb":997},{"date":"19760821","time":"0000","status":"TS","lat":41.1,"lon":-59.8,"wind_kt":40,"pressure_mb":null},{"date":"19760821","time":"0600","status":"HU","lat":41.2,"lon":-59.3,"wind_kt":65,"pressure_mb":993},{"date":"19760821","time":"1200","status":"HU","lat":41,"lon":-59,"wind_kt":65,"pressure_mb":989},{"date":"19760821","time":"1800","status":"HU","lat":40.5,"lon":-58.7,"wind_kt":65,"pressure_mb":null},{"date":"19760822","time":"0000","status":"HU","lat":40.3,"lon":-58.2,"wind_kt":65,"pressure_mb":null},{"date":"19760822","time":"0600","status":"HU","lat":40.8,"lon":-57.8,"wind_kt":70,"pressure_mb":null},{"date":"19760822","time":"1200","status":"HU","lat":41,"lon":-57,"wind_kt":70,"pressure_mb":null},{"date":"19760822","time":"1800","status":"HU","lat":41.3,"lon":-56.4,"wind_kt":80,"pressure_mb":964},{"date":"19760823","time":"0000","status":"HU","lat":41.7,"lon":-55.5,"wind_kt":80,"pressure_mb":null},{"date":"19760823","time":"0600","status":"HU","lat":42.4,"lon":-54.3,"wind_kt":80,"pressure_mb":null},{"date":"19760823","time":"1200","status":"HU","lat":43.1,"lon":-53.2,"wind_kt":80,"pressure_mb":null},{"date":"19760823","time":"1800","status":"HU","lat":44.4,"lon":-51.2,"wind_kt":80,"pressure_mb":971},{"date":"19760824","time":"0000","status":"HU","lat":45.9,"lon":-48.7,"wind_kt":80,"pressure_mb":null},{"date":"19760824","time":"0600","status":"HU","lat":47.3,"lon":-45.5,"wind_kt":65,"pressure_mb":null},{"date":"19760824","time":"1200","status":"HU","lat":49.9,"lon":-42.8,"wind_kt":65,"pressure_mb":null}]}},{"type":"Feature","geometry":{"type":"LineString","coordinates":[[-48,14],[-49.3,14],[-50.6,14],[-51.8,14.1],[-52.8,14.4],[-53.5,14.8],[-54.2,15.2],[-55.2,15.8],[-56,16.2],[-57.2,17],[-58.6,17.8],[-60,18.6],[-61,19.4],[-62,20.2],[-63.2,21.3],[-64,22.7],[-64.5,23.8],[-64.8,24.5],[-64.2,25.3],[-63.4,26],[-62.1,26.5],[-60.4,26.6],[-59,26.8],[-57.8,27],[-56.2,27.2],[-54.8,27.7],[-53.6,28.9],[-53.4,29.8],[-53.7,30.9],[-54,31.8],[-55.2,32.5],[-56,33],[-56.6,33.5],[-57.2,34],[-57.4,34.4],[-57.4,34.8],[-56.8,35],[-55.5,35],[-54.5,35],[-53.3,35],[-52,34.9],[-50.5,34.9],[-48.7,34.9],[-46.8,34.9],[-44.9,35.1],[-42.8,35.2],[-40.5,35.5],[-38.5,35.4],[-36.6,35.1],[-34.8,34.8],[-33.2,34],[-32,33.6],[-30.5,33.6],[-29.4,34.2],[-28.7,35.2],[-28.3,36.2],[-28,37.2],[-27.2,38],[-26.8,38.8],[-25.8,39.6],[-25,40.5],[-24,41]]},"properties":{"id":"hur-al101976","event_type":"hurricane","name":"EMMY","year":1976,"max_wind_kt":90,"min_pressure_mb":974,"category":2,"preliminary":false,"start_date":"19760820","end_date":"19760904","track":[{"date":"19760820","time":"1200","status":"TD","lat":14,"lon":-48,"wind_kt":20,"pressure_mb":1012},{"date":"19760820","time":"1800","status":"TD","lat":14,"lon":-49.3,"wind_kt":20,"pressure_mb":null},{"date":"19760821","time":"0000","status":"TD","lat":14,"lon":-50.6,"wind_kt":20,"pressure_mb":null},{"date":"19760821","time":"0600","status":"TD","lat":14.1,"lon":-51.8,"wind_kt":20,"pressure_mb":null},{"date":"19760821","time":"1200","status":"TD","lat":14.4,"lon":-52.8,"wind_kt":25,"pressure_mb":1012},{"date":"19760821","time":"1800","status":"TD","lat":14.8,"lon":-53.5,"wind_kt":25,"pressure_mb":null},{"date":"19760822","time":"0000","status":"TD","lat":15.2,"lon":-54.2,"wind_kt":25,"pressure_mb":1010},{"date":"19760822","time":"0600","status":"TD","lat":15.8,"lon":-55.2,"wind_kt":30,"pressure_mb":1009},{"date":"19760822","time":"1200","status":"TS","lat":16.2,"lon":-56,"wind_kt":35,"pressure_mb":1006},{"date":"19760822","time":"1800","status":"TS","lat":17,"lon":-57.2,"wind_kt":40,"pressure_mb":1004},{"date":"19760823","time":"0000","status":"TS","lat":17.8,"lon":-58.6,"wind_kt":45,"pressure_mb":null},{"date":"19760823","time":"0600","status":"TS","lat":18.6,"lon":-60,"wind_kt":50,"pressure_mb":997},{"date":"19760823","time":"1200","status":"TS","lat":19.4,"lon":-61,"wind_kt":55,"pressure_mb":null},{"date":"19760823","time":"1800","status":"TS","lat":20.2,"lon":-62,"wind_kt":55,"pressure_mb":996},{"date":"19760824","time":"0000","status":"TS","lat":21.3,"lon":-63.2,"wind_kt":55,"pressure_mb":998},{"date":"19760824","time":"0600","status":"TS","lat":22.7,"lon":-64,"wind_kt":55,"pressure_mb":999},{"date":"19760824","time":"1200","status":"TS","lat":23.8,"lon":-64.5,"wind_kt":55,"pressure_mb":999},{"date":"19760824","time":"1800","status":"TS","lat":24.5,"lon":-64.8,"wind_kt":60,"pressure_mb":995},{"date":"19760825","time":"0000","status":"TS","lat":25.3,"lon":-64.2,"wind_kt":60,"pressure_mb":null},{"date":"19760825","time":"0600","status":"TS","lat":26,"lon":-63.4,"wind_kt":60,"pressure_mb":991},{"date":"19760825","time":"1200","status":"HU","lat":26.5,"lon":-62.1,"wind_kt":65,"pressure_mb":990},{"date":"19760825","time":"1800","status":"HU","lat":26.6,"lon":-60.4,"wind_kt":65,"pressure_mb":991},{"date":"19760826","time":"0000","status":"HU","lat":26.8,"lon":-59,"wind_kt":70,"pressure_mb":988},{"date":"19760826","time":"0600","status":"HU","lat":27,"lon":-57.8,"wind_kt":75,"pressure_mb":984},{"date":"19760826","time":"1200","status":"HU","lat":27.2,"lon":-56.2,"wind_kt":80,"pressure_mb":980},{"date":"19760826","time":"1800","status":"HU","lat":27.7,"lon":-54.8,"wind_kt":85,"pressure_mb":976},{"date":"19760827","time":"0000","status":"HU","lat":28.9,"lon":-53.6,"wind_kt":85,"pressure_mb":null},{"date":"19760827","time":"0600","status":"HU","lat":29.8,"lon":-53.4,"wind_kt":85,"pressure_mb":null},{"date":"19760827","time":"1200","status":"HU","lat":30.9,"lon":-53.7,"wind_kt":85,"pressure_mb":975},{"date":"19760827","time":"1800","status":"HU","lat":31.8,"lon":-54,"wind_kt":85,"pressure_mb":null},{"date":"19760828","time":"0000","status":"HU","lat":32.5,"lon":-55.2,"wind_kt":85,"pressure_mb":null},{"date":"19760828","time":"0600","status":"HU","lat":33,"lon":-56,"wind_kt":85,"pressure_mb":null},{"date":"19760828","time":"1200","status":"HU","lat":33.5,"lon":-56.6,"wind_kt":85,"pressure_mb":975},{"date":"19760828","time":"1800","status":"HU","lat":34,"lon":-57.2,"wind_kt":85,"pressure_mb":null},{"date":"19760829","time":"0000","status":"HU","lat":34.4,"lon":-57.4,"wind_kt":85,"pressure_mb":null},{"date":"19760829","time":"0600","status":"HU","lat":34.8,"lon":-57.4,"wind_kt":85,"pressure_mb":null},{"date":"19760829","time":"1200","status":"HU","lat":35,"lon":-56.8,"wind_kt":90,"pressure_mb":974},{"date":"19760829","time":"1800","status":"HU","lat":35,"lon":-55.5,"wind_kt":90,"pressure_mb":null},{"date":"19760830","time":"0000","status":"HU","lat":35,"lon":-54.5,"wind_kt":90,"pressure_mb":null},{"date":"19760830","time":"0600","status":"HU","lat":35,"lon":-53.3,"wind_kt":90,"pressure_mb":null},{"date":"19760830","time":"1200","status":"HU","lat":34.9,"lon":-52,"wind_kt":90,"pressure_mb":975},{"date":"19760830","time":"1800","status":"HU","lat":34.9,"lon":-50.5,"wind_kt":90,"pressure_mb":null},{"date":"19760831","time":"0000","status":"HU","lat":34.9,"lon":-48.7,"wind_kt":90,"pressure_mb":null},{"date":"19760831","time":"0600","status":"HU","lat":34.9,"lon":-46.8,"wind_kt":90,"pressure_mb":null},{"date":"19760831","time":"1200","status":"HU","lat":35.1,"lon":-44.9,"wind_kt":85,"pressure_mb":977},{"date":"19760831","time":"1800","status":"HU","lat":35.2,"lon":-42.8,"wind_kt":85,"pressure_mb":null},{"date":"19760901","time":"0000","status":"HU","lat":35.5,"lon":-40.5,"wind_kt":85,"pressure_mb":null},{"date":"19760901","time":"0600","status":"HU","lat":35.4,"lon":-38.5,"wind_kt":85,"pressure_mb":null},{"date":"19760901","time":"1200","status":"HU","lat":35.1,"lon":-36.6,"wind_kt":80,"pressure_mb":975},{"date":"19760901","time":"1800","status":"HU","lat":34.8,"lon":-34.8,"wind_kt":80,"pressure_mb":null},{"date":"19760902","time":"0000","status":"HU","lat":34,"lon":-33.2,"wind_kt":80,"pressure_mb":null},{"date":"19760902","time":"0600","status":"HU","lat":33.6,"lon":-32,"wind_kt":80,"pressure_mb":null},{"date":"19760902","time":"1200","status":"HU","lat":33.6,"lon":-30.5,"wind_kt":80,"pressure_mb":null},{"date":"19760902","time":"1800","status":"HU","lat":34.2,"lon":-29.4,"wind_kt":80,"pressure_mb":null},{"date":"19760903","time":"0000","status":"HU","lat":35.2,"lon":-28.7,"wind_kt":75,"pressure_mb":980},{"date":"19760903","time":"0600","status":"HU","lat":36.2,"lon":-28.3,"wind_kt":75,"pressure_mb":null},{"date":"19760903","time":"1200","status":"HU","lat":37.2,"lon":-28,"wind_kt":75,"pressure_mb":null},{"date":"19760903","time":"1800","status":"HU","lat":38,"lon":-27.2,"wind_kt":70,"pressure_mb":984},{"date":"19760904","time":"0000","status":"HU","lat":38.8,"lon":-26.8,"wind_kt":65,"pressure_mb":988},{"date":"19760904","time":"0600","status":"HU","lat":39.6,"lon":-25.8,"wind_kt":65,"pressure_mb":994},{"date":"19760904","time":"1200","status":"EX","lat":40.5,"lon":-25,"wind_kt":50,"pressure_mb":998},{"date":"19760904","time":"1800","status":"EX","lat":41,"lon":-24,"wind_kt":30,"pressure_mb":1002}]}},{"type":"Feature","geometry":{"type":"LineString","coordinates":[[-37.5,12.5],[-39,13],[-40.5,13.5],[-42.1,13.8],[-43.7,14.3],[-45.3,14.7],[-46.8,15.4],[-48.4,16.1],[-49.6,16.6],[-50.5,17.5],[-51.6,18.3],[-52.3,18.9],[-53.3,19.4],[-54.2,20.2],[-54.9,21],[-55.1,22],[-55.2,23.1],[-55.2,24.2],[-54.9,25.3],[-54.3,26.3],[-53.7,27.2],[-52.6,27.8],[-51.3,28.2],[-50.1,28.2],[-48.7,28.3],[-47.1,28.5],[-45.1,28.9],[-42.9,29],[-40.8,29.7],[-39,30.6],[-37.2,32],[-35.6,33.4],[-34.1,34.9],[-32.5,36.4],[-30.8,37.8],[-29.3,39.4],[-28,41],[-27.2,42.1],[-27.1,43.5],[-28.6,42.8],[-28.2,42],[-27.6,41.9],[-27,41.8],[-26.3,41.7],[-25.7,41.6]]},"properties":{"id":"hur-al111976","event_type":"hurricane","name":"FRANCES","year":1976,"max_wind_kt":100,"min_pressure_mb":963,"category":3,"preliminary":false,"start_date":"19760827","end_date":"19760907","track":[{"date":"19760827","time":"1200","status":"TD","lat":12.5,"lon":-37.5,"wind_kt":25,"pressure_mb":1009},{"date":"19760827","time":"1800","status":"TD","lat":13,"lon":-39,"wind_kt":25,"pressure_mb":null},{"date":"19760828","time":"0000","status":"TD","lat":13.5,"lon":-40.5,"wind_kt":25,"pressure_mb":null},{"date":"19760828","time":"0600","status":"TD","lat":13.8,"lon":-42.1,"wind_kt":25,"pressure_mb":null},{"date":"19760828","time":"1200","status":"TD","lat":14.3,"lon":-43.7,"wind_kt":30,"pressure_mb":null},{"date":"19760828","time":"1800","status":"TS","lat":14.7,"lon":-45.3,"wind_kt":50,"pressure_mb":1002},{"date":"19760829","time":"0000","status":"TS","lat":15.4,"lon":-46.8,"wind_kt":50,"pressure_mb":null},{"date":"19760829","time":"0600","status":"TS","lat":16.1,"lon":-48.4,"wind_kt":50,"pressure_mb":null},{"date":"19760829","time":"1200","status":"TS","lat":16.6,"lon":-49.6,"wind_kt":50,"pressure_mb":998},{"date":"19760829","time":"1800","status":"TS","lat":17.5,"lon":-50.5,"wind_kt":60,"pressure_mb":994},{"date":"19760830","time":"0000","status":"HU","lat":18.3,"lon":-51.6,"wind_kt":65,"pressure_mb":991},{"date":"19760830","time":"0600","status":"HU","lat":18.9,"lon":-52.3,"wind_kt":65,"pressure_mb":null},{"date":"19760830","time":"1200","status":"HU","lat":19.4,"lon":-53.3,"wind_kt":65,"pressure_mb":null},{"date":"19760830","time":"1800","status":"HU","lat":20.2,"lon":-54.2,"wind_kt":65,"pressure_mb":987},{"date":"19760831","time":"0000","status":"HU","lat":21,"lon":-54.9,"wind_kt":65,"pressure_mb":980},{"date":"19760831","time":"0600","status":"HU","lat":22,"lon":-55.1,"wind_kt":65,"pressure_mb":null},{"date":"19760831","time":"1200","status":"HU","lat":23.1,"lon":-55.2,"wind_kt":75,"pressure_mb":975},{"date":"19760831","time":"1800","status":"HU","lat":24.2,"lon":-55.2,"wind_kt":75,"pressure_mb":null},{"date":"19760901","time":"0000","status":"HU","lat":25.3,"lon":-54.9,"wind_kt":90,"pressure_mb":968},{"date":"19760901","time":"0600","status":"HU","lat":26.3,"lon":-54.3,"wind_kt":100,"pressure_mb":963},{"date":"19760901","time":"1200","status":"HU","lat":27.2,"lon":-53.7,"wind_kt":95,"pressure_mb":966},{"date":"19760901","time":"1800","status":"HU","lat":27.8,"lon":-52.6,"wind_kt":95,"pressure_mb":null},{"date":"19760902","time":"0000","status":"HU","lat":28.2,"lon":-51.3,"wind_kt":95,"pressure_mb":null},{"date":"19760902","time":"0600","status":"HU","lat":28.2,"lon":-50.1,"wind_kt":95,"pressure_mb":null},{"date":"19760902","time":"1200","status":"HU","lat":28.3,"lon":-48.7,"wind_kt":95,"pressure_mb":null},{"date":"19760902","time":"1800","status":"HU","lat":28.5,"lon":-47.1,"wind_kt":85,"pressure_mb":null},{"date":"19760903","time":"0000","status":"HU","lat":28.9,"lon":-45.1,"wind_kt":75,"pressure_mb":null},{"date":"19760903","time":"0600","status":"HU","lat":29,"lon":-42.9,"wind_kt":65,"pressure_mb":null},{"date":"19760903","time":"1200","status":"HU","lat":29.7,"lon":-40.8,"wind_kt":65,"pressure_mb":null},{"date":"19760903","time":"1800","status":"HU","lat":30.6,"lon":-39,"wind_kt":65,"pressure_mb":null},{"date":"19760904","time":"0000","status":"HU","lat":32,"lon":-37.2,"wind_kt":65,"pressure_mb":992},{"date":"19760904","time":"0600","status":"HU","lat":33.4,"lon":-35.6,"wind_kt":65,"pressure_mb":null},{"date":"19760904","time":"1200","status":"EX","lat":34.9,"lon":-34.1,"wind_kt":55,"pressure_mb":992},{"date":"19760904","time":"1800","status":"EX","lat":36.4,"lon":-32.5,"wind_kt":55,"pressure_mb":null},{"date":"19760905","time":"0000","status":"EX","lat":37.8,"lon":-30.8,"wind_kt":55,"pressure_mb":null},{"date":"19760905","time":"0600","status":"EX","lat":39.4,"lon":-29.3,"wind_kt":55,"pressure_mb":null},{"date":"19760905","time":"1200","status":"EX","lat":41,"lon":-28,"wind_kt":55,"pressure_mb":null},{"date":"19760905","time":"1800","status":"EX","lat":42.1,"lon":-27.2,"wind_kt":55,"pressure_mb":null},{"date":"19760906","time":"0000","status":"EX","lat":43.5,"lon":-27.1,"wind_kt":55,"pressure_mb":null},{"date":"19760906","time":"0600","status":"EX","lat":42.8,"lon":-28.6,"wind_kt":55,"pressure_mb":null},{"date":"19760906","time":"1200","status":"EX","lat":42,"lon":-28.2,"wind_kt":55,"pressure_mb":null},{"date":"19760906","time":"1800","status":"EX","lat":41.9,"lon":-27.6,"wind_kt":45,"pressure_mb":998},{"date":"19760907","time":"0000","status":"EX","lat":41.8,"lon":-27,"wind_kt":45,"pressure_mb":null},{"date":"19760907","time":"0600","status":"EX","lat":41.7,"lon":-26.3,"wind_kt":45,"pressure_mb":null},{"date":"19760907","time":"1200","status":"EX","lat":41.6,"lon":-25.7,"wind_kt":45,"pressure_mb":null}]}},{"type":"Feature","geometry":{"type":"LineString","coordinates":[[-77,32],[-76.5,32.4],[-76,32.8],[-75.5,33.1],[-75,33.5],[-74.1,33.7],[-73.3,34],[-72.4,34.3],[-71.5,34.5]]},"properties":{"id":"hur-al121976","event_type":"hurricane","name":null,"year":1976,"max_wind_kt":25,"min_pressure_mb":null,"category":-1,"preliminary":false,"start_date":"19760904","end_date":"19760906","track":[{"date":"19760904","time":"1200","status":"TD","lat":32,"lon":-77,"wind_kt":20,"pressure_mb":null},{"date":"19760904","time":"1800","status":"TD","lat":32.4,"lon":-76.5,"wind_kt":25,"pressure_mb":null},{"date":"19760905","time":"0000","status":"TD","lat":32.8,"lon":-76,"wind_kt":25,"pressure_mb":null},{"date":"19760905","time":"0600","status":"TD","lat":33.1,"lon":-75.5,"wind_kt":25,"pressure_mb":null},{"date":"19760905","time":"1200","status":"TD","lat":33.5,"lon":-75,"wind_kt":25,"pressure_mb":null},{"date":"19760905","time":"1800","status":"TD","lat":33.7,"lon":-74.1,"wind_kt":25,"pressure_mb":null},{"date":"19760906","time":"0000","status":"TD","lat":34,"lon":-73.3,"wind_kt":25,"pressure_mb":null},{"date":"19760906","time":"0600","status":"TD","lat":34.3,"lon":-72.4,"wind_kt":20,"pressure_mb":null},{"date":"19760906","time":"1200","status":"TD","lat":34.5,"lon":-71.5,"wind_kt":20,"pressure_mb":null}]}},{"type":"Feature","geometry":{"type":"LineString","coordinates":[[-85,26.5],[-85.4,26.9],[-85.8,27.3],[-86.1,27.6],[-86.5,28],[-87.2,28],[-87.8,28],[-88.4,28],[-89,28]]},"properties":{"id":"hur-al131976","event_type":"hurricane","name":null,"year":1976,"max_wind_kt":25,"min_pressure_mb":null,"category":-1,"preliminary":false,"start_date":"19760905","end_date":"19760907","track":[{"date":"19760905","time":"1200","status":"TD","lat":26.5,"lon":-85,"wind_kt":20,"pressure_mb":null},{"date":"19760905","time":"1800","status":"TD","lat":26.9,"lon":-85.4,"wind_kt":25,"pressure_mb":null},{"date":"19760906","time":"0000","status":"TD","lat":27.3,"lon":-85.8,"wind_kt":25,"pressure_mb":null},{"date":"19760906","time":"0600","status":"TD","lat":27.6,"lon":-86.1,"wind_kt":25,"pressure_mb":null},{"date":"19760906","time":"1200","status":"TD","lat":28,"lon":-86.5,"wind_kt":25,"pressure_mb":null},{"date":"19760906","time":"1800","status":"TD","lat":28,"lon":-87.2,"wind_kt":25,"pressure_mb":null},{"date":"19760907","time":"0000","status":"TD","lat":28,"lon":-87.8,"wind_kt":25,"pressure_mb":null},{"date":"19760907","time":"0600","status":"TD","lat":28,"lon":-88.4,"wind_kt":20,"pressure_mb":null},{"date":"19760907","time":"1200","status":"TD","lat":28,"lon":-89,"wind_kt":20,"pressure_mb":null}]}},{"type":"Feature","geometry":{"type":"LineString","coordinates":[[-81.5,28],[-81.5,28.7],[-81.5,29.5],[-81.5,30.2],[-81.2,31],[-81,31.6],[-80.8,32.2],[-80.4,33],[-80,33.8],[-79.5,34.6],[-79,35],[-78.9,35.5],[-78.8,36],[-78.4,36.5],[-78,37]]},"properties":{"id":"hur-al141976","event_type":"hurricane","name":null,"year":1976,"max_wind_kt":40,"min_pressure_mb":1011,"category":0,"preliminary":false,"start_date":"19760913","end_date":"19760917","track":[{"date":"19760913","time":"1200","status":"SD","lat":28,"lon":-81.5,"wind_kt":15,"pressure_mb":1017},{"date":"19760913","time":"1800","status":"SD","lat":28.7,"lon":-81.5,"wind_kt":15,"pressure_mb":1016},{"date":"19760914","time":"0000","status":"SD","lat":29.5,"lon":-81.5,"wind_kt":20,"pressure_mb":1015},{"date":"19760914","time":"0600","status":"SD","lat":30.2,"lon":-81.5,"wind_kt":25,"pressure_mb":1014},{"date":"19760914","time":"1200","status":"SS","lat":31,"lon":-81.2,"wind_kt":35,"pressure_mb":1013},{"date":"19760914","time":"1800","status":"SS","lat":31.6,"lon":-81,"wind_kt":35,"pressure_mb":1012},{"date":"19760915","time":"0000","status":"SS","lat":32.2,"lon":-80.8,"wind_kt":40,"pressure_mb":1011},{"date":"19760915","time":"0600","status":"SS","lat":33,"lon":-80.4,"wind_kt":35,"pressure_mb":1011},{"date":"19760915","time":"1200","status":"SS","lat":33.8,"lon":-80,"wind_kt":35,"pressure_mb":1011},{"date":"19760915","time":"1800","status":"SD","lat":34.6,"lon":-79.5,"wind_kt":30,"pressure_mb":1012},{"date":"19760916","time":"0000","status":"SD","lat":35,"lon":-79,"wind_kt":30,"pressure_mb":1012},{"date":"19760916","time":"0600","status":"SD","lat":35.5,"lon":-78.9,"wind_kt":25,"pressure_mb":1012},{"date":"19760916","time":"1200","status":"SD","lat":36,"lon":-78.8,"wind_kt":20,"pressure_mb":1013},{"date":"19760916","time":"1800","status":"SD","lat":36.5,"lon":-78.4,"wind_kt":15,"pressure_mb":1013},{"date":"19760917","time":"0000","status":"SD","lat":37,"lon":-78,"wind_kt":15,"pressure_mb":1014}]}},{"type":"Feature","geometry":{"type":"LineString","coordinates":[[-28,13.5],[-29.2,14.1],[-30.5,14.8],[-31.7,15.4],[-33,16],[-34.3,16.7],[-35.2,17.3],[-36.4,17.9],[-37.5,18.5],[-39.4,19.2],[-41.3,19.8],[-43.2,20.4],[-45,21],[-45.3,21.1],[-45.7,21.2],[-46.1,21.3],[-46.5,21.5],[-46.6,21.6],[-46.7,21.7],[-46.8,21.8],[-47,22],[-46.7,22.7],[-46.5,23.5],[-46.2,24.2],[-46,25],[-45.5,25.5],[-45,26],[-44.5,26.5],[-44,27]]},"properties":{"id":"hur-al151976","event_type":"hurricane","name":null,"year":1976,"max_wind_kt":30,"min_pressure_mb":null,"category":-1,"preliminary":false,"start_date":"19760920","end_date":"19760927","track":[{"date":"19760920","time":"1200","status":"TD","lat":13.5,"lon":-28,"wind_kt":20,"pressure_mb":null},{"date":"19760920","time":"1800","status":"TD","lat":14.1,"lon":-29.2,"wind_kt":25,"pressure_mb":null},{"date":"19760921","time":"0000","status":"TD","lat":14.8,"lon":-30.5,"wind_kt":25,"pressure_mb":null},{"date":"19760921","time":"0600","status":"TD","lat":15.4,"lon":-31.7,"wind_kt":30,"pressure_mb":null},{"date":"19760921","time":"1200","status":"TD","lat":16,"lon":-33,"wind_kt":30,"pressure_mb":null},{"date":"19760921","time":"1800","status":"TD","lat":16.7,"lon":-34.3,"wind_kt":30,"pressure_mb":null},{"date":"19760922","time":"0000","status":"TD","lat":17.3,"lon":-35.2,"wind_kt":30,"pressure_mb":null},{"date":"19760922","time":"0600","status":"TD","lat":17.9,"lon":-36.4,"wind_kt":30,"pressure_mb":null},{"date":"19760922","time":"1200","status":"TD","lat":18.5,"lon":-37.5,"wind_kt":30,"pressure_mb":null},{"date":"19760922","time":"1800","status":"TD","lat":19.2,"lon":-39.4,"wind_kt":30,"pressure_mb":null},{"date":"19760923","time":"0000","status":"TD","lat":19.8,"lon":-41.3,"wind_kt":30,"pressure_mb":null},{"date":"19760923","time":"0600","status":"TD","lat":20.4,"lon":-43.2,"wind_kt":30,"pressure_mb":null},{"date":"19760923","time":"1200","status":"TD","lat":21,"lon":-45,"wind_kt":30,"pressure_mb":null},{"date":"19760923","time":"1800","status":"TD","lat":21.1,"lon":-45.3,"wind_kt":30,"pressure_mb":null},{"date":"19760924","time":"0000","status":"TD","lat":21.2,"lon":-45.7,"wind_kt":30,"pressure_mb":null},{"date":"19760924","time":"0600","status":"TD","lat":21.3,"lon":-46.1,"wind_kt":30,"pressure_mb":null},{"date":"19760924","time":"1200","status":"TD","lat":21.5,"lon":-46.5,"wind_kt":30,"pressure_mb":null},{"date":"19760924","time":"1800","status":"TD","lat":21.6,"lon":-46.6,"wind_kt":30,"pressure_mb":null},{"date":"19760925","time":"0000","status":"TD","lat":21.7,"lon":-46.7,"wind_kt":30,"pressure_mb":null},{"date":"19760925","time":"0600","status":"TD","lat":21.8,"lon":-46.8,"wind_kt":30,"pressure_mb":null},{"date":"19760925","time":"1200","status":"TD","lat":22,"lon":-47,"wind_kt":30,"pressure_mb":null},{"date":"19760925","time":"1800","status":"TD","lat":22.7,"lon":-46.7,"wind_kt":30,"pressure_mb":null},{"date":"19760926","time":"0000","status":"TD","lat":23.5,"lon":-46.5,"wind_kt":25,"pressure_mb":null},{"date":"19760926","time":"0600","status":"TD","lat":24.2,"lon":-46.2,"wind_kt":25,"pressure_mb":null},{"date":"19760926","time":"1200","status":"TD","lat":25,"lon":-46,"wind_kt":25,"pressure_mb":null},{"date":"19760926","time":"1800","status":"TD","lat":25.5,"lon":-45.5,"wind_kt":25,"pressure_mb":null},{"date":"19760927","time":"0000","status":"TD","lat":26,"lon":-45,"wind_kt":25,"pressure_mb":null},{"date":"19760927","time":"0600","status":"TD","lat":26.5,"lon":-44.5,"wind_kt":20,"pressure_mb":null},{"date":"19760927","time":"1200","status":"TD","lat":27,"lon":-44,"wind_kt":20,"pressure_mb":null}]}},{"type":"Feature","geometry":{"type":"LineString","coordinates":[[-91,25.5],[-90.8,25.8],[-90.7,26.2],[-90.6,26.6],[-90.5,27],[-90.2,27.6],[-89.8,28.3],[-89.4,28.9],[-89,29.5],[-88.5,31]]},"properties":{"id":"hur-al161976","event_type":"hurricane","name":null,"year":1976,"max_wind_kt":25,"min_pressure_mb":null,"category":-1,"preliminary":false,"start_date":"19760922","end_date":"19760924","track":[{"date":"19760922","time":"1200","status":"TD","lat":25.5,"lon":-91,"wind_kt":20,"pressure_mb":null},{"date":"19760922","time":"1800","status":"TD","lat":25.8,"lon":-90.8,"wind_kt":25,"pressure_mb":null},{"date":"19760923","time":"0000","status":"TD","lat":26.2,"lon":-90.7,"wind_kt":25,"pressure_mb":null},{"date":"19760923","time":"0600","status":"TD","lat":26.6,"lon":-90.6,"wind_kt":25,"pressure_mb":null},{"date":"19760923","time":"1200","status":"TD","lat":27,"lon":-90.5,"wind_kt":25,"pressure_mb":null},{"date":"19760923","time":"1800","status":"TD","lat":27.6,"lon":-90.2,"wind_kt":25,"pressure_mb":null},{"date":"19760924","time":"0000","status":"TD","lat":28.3,"lon":-89.8,"wind_kt":25,"pressure_mb":null},{"date":"19760924","time":"0600","status":"TD","lat":28.9,"lon":-89.4,"wind_kt":25,"pressure_mb":null},{"date":"19760924","time":"1200","status":"TD","lat":29.5,"lon":-89,"wind_kt":20,"pressure_mb":null},{"date":"19760924","time":"1800","status":"TD","lat":31,"lon":-88.5,"wind_kt":null,"pressure_mb":null}]}},{"type":"Feature","geometry":{"type":"LineString","coordinates":[[-58,23],[-58.1,23.7],[-58.2,24.3],[-58.1,24.9],[-58,25.7],[-58,26.3],[-58,27],[-58.2,27.5],[-58.6,27.8],[-59,28.2],[-59.5,28.6],[-59.8,29.1],[-60.2,29.7],[-60.3,30.2],[-60.2,31.1],[-59.8,32.2],[-58.8,33.1],[-57.5,34],[-56.1,34.7],[-54.8,35.3],[-53.7,35.7],[-52.6,36.1],[-51.7,36.4],[-50.8,36.6],[-49.9,36.8],[-49,36.9],[-48.3,36.8],[-47.6,36.4],[-46.9,36.2],[-45.8,35.8],[-44.6,35.7],[-43,36],[-41.4,36.5],[-38.7,37.4],[-35,39]]},"properties":{"id":"hur-al171976","event_type":"hurricane","name":"GLORIA","year":1976,"max_wind_kt":90,"min_pressure_mb":970,"category":2,"preliminary":false,"start_date":"19760926","end_date":"19761005","track":[{"date":"19760926","time":"1200","status":"TD","lat":23,"lon":-58,"wind_kt":20,"pressure_mb":1009},{"date":"19760926","time":"1800","status":"TD","lat":23.7,"lon":-58.1,"wind_kt":20,"pressure_mb":1007},{"date":"19760927","time":"0000","status":"TD","lat":24.3,"lon":-58.2,"wind_kt":25,"pressure_mb":1005},{"date":"19760927","time":"0600","status":"TD","lat":24.9,"lon":-58.1,"wind_kt":30,"pressure_mb":1001},{"date":"19760927","time":"1200","status":"TS","lat":25.7,"lon":-58,"wind_kt":35,"pressure_mb":997},{"date":"19760927","time":"1800","status":"TS","lat":26.3,"lon":-58,"wind_kt":45,"pressure_mb":994},{"date":"19760928","time":"0000","status":"TS","lat":27,"lon":-58,"wind_kt":55,"pressure_mb":993},{"date":"19760928","time":"0600","status":"TS","lat":27.5,"lon":-58.2,"wind_kt":60,"pressure_mb":992},{"date":"19760928","time":"1200","status":"TS","lat":27.8,"lon":-58.6,"wind_kt":60,"pressure_mb":992},{"date":"19760928","time":"1800","status":"TS","lat":28.2,"lon":-59,"wind_kt":60,"pressure_mb":991},{"date":"19760929","time":"0000","status":"TS","lat":28.6,"lon":-59.5,"wind_kt":60,"pressure_mb":988},{"date":"19760929","time":"0600","status":"HU","lat":29.1,"lon":-59.8,"wind_kt":65,"pressure_mb":984},{"date":"19760929","time":"1200","status":"HU","lat":29.7,"lon":-60.2,"wind_kt":65,"pressure_mb":979},{"date":"19760929","time":"1800","status":"HU","lat":30.2,"lon":-60.3,"wind_kt":70,"pressure_mb":973},{"date":"19760930","time":"0000","status":"HU","lat":31.1,"lon":-60.2,"wind_kt":80,"pressure_mb":970},{"date":"19760930","time":"0600","status":"HU","lat":32.2,"lon":-59.8,"wind_kt":85,"pressure_mb":971},{"date":"19760930","time":"1200","status":"HU","lat":33.1,"lon":-58.8,"wind_kt":90,"pressure_mb":977},{"date":"19760930","time":"1800","status":"HU","lat":34,"lon":-57.5,"wind_kt":90,"pressure_mb":981},{"date":"19761001","time":"0000","status":"HU","lat":34.7,"lon":-56.1,"wind_kt":90,"pressure_mb":985},{"date":"19761001","time":"0600","status":"HU","lat":35.3,"lon":-54.8,"wind_kt":85,"pressure_mb":988},{"date":"19761001","time":"1200","status":"HU","lat":35.7,"lon":-53.7,"wind_kt":80,"pressure_mb":990},{"date":"19761001","time":"1800","status":"HU","lat":36.1,"lon":-52.6,"wind_kt":75,"pressure_mb":992},{"date":"19761002","time":"0000","status":"HU","lat":36.4,"lon":-51.7,"wind_kt":70,"pressure_mb":993},{"date":"19761002","time":"0600","status":"TS","lat":36.6,"lon":-50.8,"wind_kt":60,"pressure_mb":994},{"date":"19761002","time":"1200","status":"TS","lat":36.8,"lon":-49.9,"wind_kt":60,"pressure_mb":995},{"date":"19761002","time":"1800","status":"TS","lat":36.9,"lon":-49,"wind_kt":55,"pressure_mb":996},{"date":"19761003","time":"0000","status":"TS","lat":36.8,"lon":-48.3,"wind_kt":50,"pressure_mb":997},{"date":"19761003","time":"0600","status":"TS","lat":36.4,"lon":-47.6,"wind_kt":45,"pressure_mb":998},{"date":"19761003","time":"1200","status":"TS","lat":36.2,"lon":-46.9,"wind_kt":40,"pressure_mb":999},{"date":"19761003","time":"1800","status":"TS","lat":35.8,"lon":-45.8,"wind_kt":40,"pressure_mb":1001},{"date":"19761004","time":"0000","status":"TS","lat":35.7,"lon":-44.6,"wind_kt":35,"pressure_mb":1002},{"date":"19761004","time":"0600","status":"TD","lat":36,"lon":-43,"wind_kt":30,"pressure_mb":1003},{"date":"19761004","time":"1200","status":"TD","lat":36.5,"lon":-41.4,"wind_kt":30,"pressure_mb":1005},{"date":"19761004","time":"1800","status":"TD","lat":37.4,"lon":-38.7,"wind_kt":30,"pressure_mb":1006},{"date":"19761005","time":"0000","status":"EX","lat":39,"lon":-35,"wind_kt":30,"pressure_mb":1008}]}},{"type":"Feature","geometry":{"type":"LineString","coordinates":[[-35,12],[-36.3,12],[-37.5,12],[-38.8,12],[-40,12],[-39,12.2],[-38,12.5],[-37,12.8],[-36,13]]},"properties":{"id":"hur-al181976","event_type":"hurricane","name":null,"year":1976,"max_wind_kt":30,"min_pressure_mb":null,"category":-1,"preliminary":false,"start_date":"19760926","end_date":"19760928","track":[{"date":"19760926","time":"1200","status":"TD","lat":12,"lon":-35,"wind_kt":20,"pressure_mb":null},{"date":"19760926","time":"1800","status":"TD","lat":12,"lon":-36.3,"wind_kt":25,"pressure_mb":null},{"date":"19760927","time":"0000","status":"TD","lat":12,"lon":-37.5,"wind_kt":25,"pressure_mb":null},{"date":"19760927","time":"0600","status":"TD","lat":12,"lon":-38.8,"wind_kt":30,"pressure_mb":null},{"date":"19760927","time":"1200","status":"TD","lat":12,"lon":-40,"wind_kt":30,"pressure_mb":null},{"date":"19760927","time":"1800","status":"TD","lat":12.2,"lon":-39,"wind_kt":30,"pressure_mb":null},{"date":"19760928","time":"0000","status":"TD","lat":12.5,"lon":-38,"wind_kt":30,"pressure_mb":null},{"date":"19760928","time":"0600","status":"TD","lat":12.8,"lon":-37,"wind_kt":25,"pressure_mb":null},{"date":"19760928","time":"1200","status":"TD","lat":13,"lon":-36,"wind_kt":20,"pressure_mb":null}]}},{"type":"Feature","geometry":{"type":"LineString","coordinates":[[-39,15],[-40.8,15.5],[-42.5,16],[-44.2,16.5],[-46,17],[-47.2,17.3],[-48.5,17.7],[-49.7,18.1],[-51,18.5],[-52,17.8],[-53,17],[-55,16.2],[-57,15.5],[-58.2,14.9],[-59.5,14.2],[-60.7,13.6],[-62,13],[-63,13.2],[-64,13.3],[-65,13.4],[-66,13.5],[-66.7,13.6],[-67.5,13.7],[-68.2,13.8],[-69,14],[-69.3,14.3],[-69.7,14.7],[-70.1,15.1],[-70.5,15.5],[-70.6,15.8],[-70.7,16.2],[-70.9,16.6],[-71,17],[-71,17.7],[-71,18.5],[-71,19.2],[-71,20]]},"properties":{"id":"hur-al191976","event_type":"hurricane","name":null,"year":1976,"max_wind_kt":30,"min_pressure_mb":null,"category":-1,"preliminary":false,"start_date":"19761003","end_date":"19761012","track":[{"date":"19761003","time":"1200","status":"TD","lat":15,"lon":-39,"wind_kt":20,"pressure_mb":null},{"date":"19761003","time":"1800","status":"TD","lat":15.5,"lon":-40.8,"wind_kt":25,"pressure_mb":null},{"date":"19761004","time":"0000","status":"TD","lat":16,"lon":-42.5,"wind_kt":25,"pressure_mb":null},{"date":"19761004","time":"0600","status":"TD","lat":16.5,"lon":-44.2,"wind_kt":25,"pressure_mb":null},{"date":"19761004","time":"1200","status":"TD","lat":17,"lon":-46,"wind_kt":30,"pressure_mb":null},{"date":"19761004","time":"1800","status":"TD","lat":17.3,"lon":-47.2,"wind_kt":30,"pressure_mb":null},{"date":"19761005","time":"0000","status":"TD","lat":17.7,"lon":-48.5,"wind_kt":30,"pressure_mb":null},{"date":"19761005","time":"0600","status":"TD","lat":18.1,"lon":-49.7,"wind_kt":30,"pressure_mb":null},{"date":"19761005","time":"1200","status":"TD","lat":18.5,"lon":-51,"wind_kt":30,"pressure_mb":null},{"date":"19761005","time":"1800","status":"TD","lat":17.8,"lon":-52,"wind_kt":25,"pressure_mb":null},{"date":"19761006","time":"0000","status":"TD","lat":17,"lon":-53,"wind_kt":25,"pressure_mb":null},{"date":"19761006","time":"0600","status":"TD","lat":16.2,"lon":-55,"wind_kt":25,"pressure_mb":null},{"date":"19761006","time":"1200","status":"TD","lat":15.5,"lon":-57,"wind_kt":25,"pressure_mb":null},{"date":"19761006","time":"1800","status":"TD","lat":14.9,"lon":-58.2,"wind_kt":25,"pressure_mb":null},{"date":"19761007","time":"0000","status":"TD","lat":14.2,"lon":-59.5,"wind_kt":25,"pressure_mb":null},{"date":"19761007","time":"0600","status":"TD","lat":13.6,"lon":-60.7,"wind_kt":25,"pressure_mb":null},{"date":"19761007","time":"1200","status":"TD","lat":13,"lon":-62,"wind_kt":25,"pressure_mb":null},{"date":"19761007","time":"1800","status":"TD","lat":13.2,"lon":-63,"wind_kt":25,"pressure_mb":null},{"date":"19761008","time":"0000","status":"TD","lat":13.3,"lon":-64,"wind_kt":25,"pressure_mb":null},{"date":"19761008","time":"0600","status":"TD","lat":13.4,"lon":-65,"wind_kt":25,"pressure_mb":null},{"date":"19761008","time":"1200","status":"TD","lat":13.5,"lon":-66,"wind_kt":30,"pressure_mb":null},{"date":"19761008","time":"1800","status":"TD","lat":13.6,"lon":-66.7,"wind_kt":30,"pressure_mb":null},{"date":"19761009","time":"0000","status":"TD","lat":13.7,"lon":-67.5,"wind_kt":30,"pressure_mb":null},{"date":"19761009","time":"0600","status":"TD","lat":13.8,"lon":-68.2,"wind_kt":30,"pressure_mb":null},{"date":"19761009","time":"1200","status":"TD","lat":14,"lon":-69,"wind_kt":30,"pressure_mb":null},{"date":"19761009","time":"1800","status":"TD","lat":14.3,"lon":-69.3,"wind_kt":30,"pressure_mb":null},{"date":"19761010","time":"0000","status":"TD","lat":14.7,"lon":-69.7,"wind_kt":30,"pressure_mb":null},{"date":"19761010","time":"0600","status":"TD","lat":15.1,"lon":-70.1,"wind_kt":30,"pressure_mb":null},{"date":"19761010","time":"1200","status":"TD","lat":15.5,"lon":-70.5,"wind_kt":30,"pressure_mb":null},{"date":"19761010","time":"1800","status":"TD","lat":15.8,"lon":-70.6,"wind_kt":30,"pressure_mb":null},{"date":"19761011","time":"0000","status":"TD","lat":16.2,"lon":-70.7,"wind_kt":30,"pressure_mb":null},{"date":"19761011","time":"0600","status":"TD","lat":16.6,"lon":-70.9,"wind_kt":25,"pressure_mb":null},{"date":"19761011","time":"1200","status":"TD","lat":17,"lon":-71,"wind_kt":25,"pressure_mb":null},{"date":"19761011","time":"1800","status":"TD","lat":17.7,"lon":-71,"wind_kt":25,"pressure_mb":null},{"date":"19761012","time":"0000","status":"TD","lat":18.5,"lon":-71,"wind_kt":25,"pressure_mb":null},{"date":"19761012","time":"0600","status":"TD","lat":19.2,"lon":-71,"wind_kt":null,"pressure_mb":null},{"date":"19761012","time":"1200","status":"TD","lat":20,"lon":-71,"wind_kt":15,"pressure_mb":null}]}},{"type":"Feature","geometry":{"type":"LineString","coordinates":[[-46,20],[-46.2,20.5],[-46.5,21],[-46.8,21.5],[-47,22],[-47.5,22.7],[-48,22.5],[-48.5,22.7],[-49,23],[-48.5,23.7],[-48,24.5],[-47.5,25.2],[-47,26]]},"properties":{"id":"hur-al201976","event_type":"hurricane","name":null,"year":1976,"max_wind_kt":30,"min_pressure_mb":null,"category":-1,"preliminary":false,"start_date":"19761012","end_date":"19761015","track":[{"date":"19761012","time":"1200","status":"TD","lat":20,"lon":-46,"wind_kt":20,"pressure_mb":null},{"date":"19761012","time":"1800","status":"TD","lat":20.5,"lon":-46.2,"wind_kt":25,"pressure_mb":null},{"date":"19761013","time":"0000","status":"TD","lat":21,"lon":-46.5,"wind_kt":25,"pressure_mb":null},{"date":"19761013","time":"0600","status":"TD","lat":21.5,"lon":-46.8,"wind_kt":25,"pressure_mb":null},{"date":"19761013","time":"1200","status":"TD","lat":22,"lon":-47,"wind_kt":25,"pressure_mb":null},{"date":"19761013","time":"1800","status":"TD","lat":22.7,"lon":-47.5,"wind_kt":25,"pressure_mb":null},{"date":"19761014","time":"0000","status":"TD","lat":22.5,"lon":-48,"wind_kt":25,"pressure_mb":null},{"date":"19761014","time":"0600","status":"TD","lat":22.7,"lon":-48.5,"wind_kt":30,"pressure_mb":null},{"date":"19761014","time":"1200","status":"TD","lat":23,"lon":-49,"wind_kt":30,"pressure_mb":null},{"date":"19761014","time":"1800","status":"TD","lat":23.7,"lon":-48.5,"wind_kt":30,"pressure_mb":null},{"date":"19761015","time":"0000","status":"TD","lat":24.5,"lon":-48,"wind_kt":25,"pressure_mb":null},{"date":"19761015","time":"0600","status":"TD","lat":25.2,"lon":-47.5,"wind_kt":25,"pressure_mb":null},{"date":"19761015","time":"1200","status":"TD","lat":26,"lon":-47,"wind_kt":20,"pressure_mb":null}]}},{"type":"Feature","geometry":{"type":"LineString","coordinates":[[-55.8,19.1],[-56.4,19.8],[-56.7,20.9],[-57,22],[-58,22.5],[-58.3,23.3],[-58.2,24.2],[-58.1,24.9],[-57.8,25.8],[-57.5,27.2],[-56.7,28.7],[-55.7,30.4],[-54,31.7],[-53,32.2],[-52.1,32.3],[-51.3,32.5],[-50.3,32.6],[-50.1,33.2],[-50,33.9],[-49.5,34.6],[-48,35.6],[-45.9,37.1],[-43.5,38.8],[-39.5,42.1],[-35,44.8],[-30,46.5]]},"properties":{"id":"hur-al211976","event_type":"hurricane","name":"HOLLY","year":1976,"max_wind_kt":65,"min_pressure_mb":990,"category":1,"preliminary":false,"start_date":"19761022","end_date":"19761029","track":[{"date":"19761022","time":"1800","status":"TD","lat":19.1,"lon":-55.8,"wind_kt":25,"pressure_mb":1006},{"date":"19761023","time":"0000","status":"TD","lat":19.8,"lon":-56.4,"wind_kt":25,"pressure_mb":null},{"date":"19761023","time":"0600","status":"TD","lat":20.9,"lon":-56.7,"wind_kt":25,"pressure_mb":null},{"date":"19761023","time":"1200","status":"TD","lat":22,"lon":-57,"wind_kt":25,"pressure_mb":null},{"date":"19761023","time":"1800","status":"TS","lat":22.5,"lon":-58,"wind_kt":35,"pressure_mb":1002},{"date":"19761024","time":"0000","status":"TS","lat":23.3,"lon":-58.3,"wind_kt":35,"pressure_mb":null},{"date":"19761024","time":"0600","status":"TS","lat":24.2,"lon":-58.2,"wind_kt":45,"pressure_mb":995},{"date":"19761024","time":"1200","status":"HU","lat":24.9,"lon":-58.1,"wind_kt":65,"pressure_mb":990},{"date":"19761024","time":"1800","status":"HU","lat":25.8,"lon":-57.8,"wind_kt":65,"pressure_mb":null},{"date":"19761025","time":"0000","status":"HU","lat":27.2,"lon":-57.5,"wind_kt":65,"pressure_mb":995},{"date":"19761025","time":"0600","status":"HU","lat":28.7,"lon":-56.7,"wind_kt":65,"pressure_mb":null},{"date":"19761025","time":"1200","status":"TS","lat":30.4,"lon":-55.7,"wind_kt":50,"pressure_mb":1000},{"date":"19761025","time":"1800","status":"TS","lat":31.7,"lon":-54,"wind_kt":50,"pressure_mb":null},{"date":"19761026","time":"0000","status":"TS","lat":32.2,"lon":-53,"wind_kt":50,"pressure_mb":null},{"date":"19761026","time":"0600","status":"TS","lat":32.3,"lon":-52.1,"wind_kt":50,"pressure_mb":null},{"date":"19761026","time":"1200","status":"TS","lat":32.5,"lon":-51.3,"wind_kt":40,"pressure_mb":null},{"date":"19761026","time":"1800","status":"TS","lat":32.6,"lon":-50.3,"wind_kt":40,"pressure_mb":null},{"date":"19761027","time":"0000","status":"TS","lat":33.2,"lon":-50.1,"wind_kt":40,"pressure_mb":null},{"date":"19761027","time":"0600","status":"TS","lat":33.9,"lon":-50,"wind_kt":40,"pressure_mb":null},{"date":"19761027","time":"1200","status":"TS","lat":34.6,"lon":-49.5,"wind_kt":40,"pressure_mb":null},{"date":"19761027","time":"1800","status":"TS","lat":35.6,"lon":-48,"wind_kt":40,"pressure_mb":null},{"date":"19761028","time":"0000","status":"TS","lat":37.1,"lon":-45.9,"wind_kt":40,"pressure_mb":null},{"date":"19761028","time":"0600","status":"TS","lat":38.8,"lon":-43.5,"wind_kt":35,"pressure_mb":null},{"date":"19761028","time":"1200","status":"TS","lat":42.1,"lon":-39.5,"wind_kt":35,"pressure_mb":null},{"date":"19761028","time":"1800","status":"EX","lat":44.8,"lon":-35,"wind_kt":35,"pressure_mb":null},{"date":"19761029","time":"0000","status":"EX","lat":46.5,"lon":-30,"wind_kt":35,"pressure_mb":1000}]}},{"type":"Feature","geometry":{"type":"LineString","coordinates":[[-94.5,25],[-94.8,26],[-95.2,27],[-95.6,28],[-96,29],[-96.4,30]]},"properties":{"id":"hur-al011977","event_type":"hurricane","name":null,"year":1977,"max_wind_kt":25,"min_pressure_mb":null,"category":-1,"preliminary":false,"start_date":"19770613","end_date":"19770614","track":[{"date":"19770613","time":"1200","status":"TD","lat":25,"lon":-94.5,"wind_kt":20,"pressure_mb":null},{"date":"19770613","time":"1800","status":"TD","lat":26,"lon":-94.8,"wind_kt":25,"pressure_mb":null},{"date":"19770614","time":"0000","status":"TD","lat":27,"lon":-95.2,"wind_kt":25,"pressure_mb":null},{"date":"19770614","time":"0600","status":"TD","lat":28,"lon":-95.6,"wind_kt":25,"pressure_mb":null},{"date":"19770614","time":"1200","status":"TD","lat":29,"lon":-96,"wind_kt":25,"pressure_mb":null},{"date":"19770614","time":"1800","status":"TD","lat":30,"lon":-96.4,"wind_kt":null,"pressure_mb":null}]}},{"type":"Feature","geometry":{"type":"LineString","coordinates":[[-86.8,25.8],[-87,27],[-87.2,28.3],[-87.5,29.5],[-87.8,30.7],[-88,32]]},"properties":{"id":"hur-al021977","event_type":"hurricane","name":null,"year":1977,"max_wind_kt":30,"min_pressure_mb":null,"category":-1,"preliminary":false,"start_date":"19770718","end_date":"19770719","track":[{"date":"19770718","time":"0600","status":"TD","lat":25.8,"lon":-86.8,"wind_kt":20,"pressure_mb":null},{"date":"19770718","time":"1200","status":"TD","lat":27,"lon":-87,"wind_kt":25,"pressure_mb":null},{"date":"19770718","time":"1800","status":"TD","lat":28.3,"lon":-87.2,"wind_kt":30,"pressure_mb":null},{"date":"19770719","time":"0000","status":"TD","lat":29.5,"lon":-87.5,"wind_kt":30,"pressure_mb":null},{"date":"19770719","time":"0600","status":"TD","lat":30.7,"lon":-87.8,"wind_kt":25,"pressure_mb":null},{"date":"19770719","time":"1200","status":"TD","lat":32,"lon":-88,"wind_kt":null,"pressure_mb":null}]}},{"type":"Feature","geometry":{"type":"LineString","coordinates":[[-84,25.5],[-84.8,25.4],[-85.5,25.3],[-86.2,25.1],[-87,25]]},"properties":{"id":"hur-al031977","event_type":"hurricane","name":null,"year":1977,"max_wind_kt":25,"min_pressure_mb":null,"category":-1,"preliminary":false,"start_date":"19770725","end_date":"19770726","track":[{"date":"19770725","time":"1200","status":"TD","lat":25.5,"lon":-84,"wind_kt":20,"pressure_mb":null},{"date":"19770725","time":"1800","status":"TD","lat":25.4,"lon":-84.8,"wind_kt":25,"pressure_mb":null},{"date":"19770726","time":"0000","status":"TD","lat":25.3,"lon":-85.5,"wind_kt":25,"pressure_mb":null},{"date":"19770726","time":"0600","status":"TD","lat":25.1,"lon":-86.2,"wind_kt":25,"pressure_mb":null},{"date":"19770726","time":"1200","status":"TD","lat":25,"lon":-87,"wind_kt":20,"pressure_mb":null}]}},{"type":"Feature","geometry":{"type":"LineString","coordinates":[[-17.5,11.5],[-19.5,11.5],[-21.5,11.5],[-23.5,11.5],[-25.5,11.5],[-27.1,11.6],[-28.7,11.7],[-30.3,11.8],[-32,12],[-33.5,12.4],[-35,12.8],[-36.5,13.2],[-38,13.5]]},"properties":{"id":"hur-al041977","event_type":"hurricane","name":null,"year":1977,"max_wind_kt":30,"min_pressure_mb":null,"category":-1,"preliminary":false,"start_date":"19770801","end_date":"19770804","track":[{"date":"19770801","time":"1200","status":"TD","lat":11.5,"lon":-17.5,"wind_kt":20,"pressure_mb":null},{"date":"19770801","time":"1800","status":"TD","lat":11.5,"lon":-19.5,"wind_kt":25,"pressure_mb":null},{"date":"19770802","time":"0000","status":"TD","lat":11.5,"lon":-21.5,"wind_kt":25,"pressure_mb":null},{"date":"19770802","time":"0600","status":"TD","lat":11.5,"lon":-23.5,"wind_kt":30,"pressure_mb":null},{"date":"19770802","time":"1200","status":"TD","lat":11.5,"lon":-25.5,"wind_kt":30,"pressure_mb":null},{"date":"19770802","time":"1800","status":"TD","lat":11.6,"lon":-27.1,"wind_kt":30,"pressure_mb":null},{"date":"19770803","time":"0000","status":"TD","lat":11.7,"lon":-28.7,"wind_kt":30,"pressure_mb":null},{"date":"19770803","time":"0600","status":"TD","lat":11.8,"lon":-30.3,"wind_kt":30,"pressure_mb":null},{"date":"19770803","time":"1200","status":"TD","lat":12,"lon":-32,"wind_kt":30,"pressure_mb":null},{"date":"19770803","time":"1800","status":"TD","lat":12.4,"lon":-33.5,"wind_kt":30,"pressure_mb":null},{"date":"19770804","time":"0000","status":"TD","lat":12.8,"lon":-35,"wind_kt":25,"pressure_mb":null},{"date":"19770804","time":"0600","status":"TD","lat":13.2,"lon":-36.5,"wind_kt":25,"pressure_mb":null},{"date":"19770804","time":"1200","status":"TD","lat":13.5,"lon":-38,"wind_kt":20,"pressure_mb":null}]}},{"type":"Feature","geometry":{"type":"LineString","coordinates":[[-88.4,26.9],[-88.9,27],[-89.4,26.9],[-89.8,26.8],[-90.3,26.7],[-90.6,26.5],[-91,26.4],[-91.4,26.3],[-91.8,26.2],[-92.3,26.1],[-92.8,25.9],[-93.7,25.8],[-94.7,25.5],[-95.5,25.2],[-96.2,24.6],[-97.1,24.2],[-98,23.7],[-99.2,23.1],[-101,22.5],[-103,22]]},"properties":{"id":"hur-al051977","event_type":"hurricane","name":"ANITA","year":1977,"max_wind_kt":150,"min_pressure_mb":926,"category":5,"preliminary":false,"start_date":"19770829","end_date":"19770903","track":[{"date":"19770829","time":"1200","status":"TD","lat":26.9,"lon":-88.4,"wind_kt":20,"pressure_mb":1012},{"date":"19770829","time":"1800","status":"TD","lat":27,"lon":-88.9,"wind_kt":25,"pressure_mb":1010},{"date":"19770830","time":"0000","status":"TD","lat":26.9,"lon":-89.4,"wind_kt":30,"pressure_mb":1009},{"date":"19770830","time":"0600","status":"TS","lat":26.8,"lon":-89.8,"wind_kt":40,"pressure_mb":1006},{"date":"19770830","time":"1200","status":"TS","lat":26.7,"lon":-90.3,"wind_kt":50,"pressure_mb":1003},{"date":"19770830","time":"1800","status":"HU","lat":26.5,"lon":-90.6,"wind_kt":65,"pressure_mb":997},{"date":"19770831","time":"0000","status":"HU","lat":26.4,"lon":-91,"wind_kt":70,"pressure_mb":991},{"date":"19770831","time":"0600","status":"HU","lat":26.3,"lon":-91.4,"wind_kt":75,"pressure_mb":988},{"date":"19770831","time":"1200","status":"HU","lat":26.2,"lon":-91.8,"wind_kt":75,"pressure_mb":986},{"date":"19770831","time":"1800","status":"HU","lat":26.1,"lon":-92.3,"wind_kt":80,"pressure_mb":985},{"date":"19770901","time":"0000","status":"HU","lat":25.9,"lon":-92.8,"wind_kt":80,"pressure_mb":979},{"date":"19770901","time":"0600","status":"HU","lat":25.8,"lon":-93.7,"wind_kt":85,"pressure_mb":972},{"date":"19770901","time":"1200","status":"HU","lat":25.5,"lon":-94.7,"wind_kt":90,"pressure_mb":963},{"date":"19770901","time":"1800","status":"HU","lat":25.2,"lon":-95.5,"wind_kt":110,"pressure_mb":945},{"date":"19770902","time":"0000","status":"HU","lat":24.6,"lon":-96.2,"wind_kt":140,"pressure_mb":931},{"date":"19770902","time":"0600","status":"HU","lat":24.2,"lon":-97.1,"wind_kt":150,"pressure_mb":926},{"date":"19770902","time":"1200","status":"HU","lat":23.7,"lon":-98,"wind_kt":120,"pressure_mb":940},{"date":"19770902","time":"1800","status":"HU","lat":23.1,"lon":-99.2,"wind_kt":70,"pressure_mb":978},{"date":"19770903","time":"0000","status":"TS","lat":22.5,"lon":-101,"wind_kt":40,"pressure_mb":998},{"date":"19770903","time":"0600","status":"TD","lat":22,"lon":-103,"wind_kt":25,"pressure_mb":1011}]}},{"type":"Feature","geometry":{"type":"LineString","coordinates":[[-86.3,26.8],[-87.3,27.4],[-88.5,27.6],[-89.7,27.4],[-90.5,26.6],[-91.7,26.8],[-91.7,27.5],[-91.6,28],[-91.4,28.7],[-91.2,29.5],[-91.6,29.8],[-91.3,30.2],[-90.7,30.6],[-90,31.1],[-89.4,31.7],[-88.8,32.4],[-88,33.2],[-87.1,33.8],[-85.8,34.3],[-84.8,34.5],[-83.9,34.6],[-82.6,34.7],[-81.3,34.8],[-80.2,34.8]]},"properties":{"id":"hur-al061977","event_type":"hurricane","name":"BABE","year":1977,"max_wind_kt":65,"min_pressure_mb":995,"category":1,"preliminary":false,"start_date":"19770903","end_date":"19770909","track":[{"date":"19770903","time":"0600","status":"SD","lat":26.8,"lon":-86.3,"wind_kt":25,"pressure_mb":1007},{"date":"19770903","time":"1200","status":"SD","lat":27.4,"lon":-87.3,"wind_kt":30,"pressure_mb":null},{"date":"19770903","time":"1800","status":"SS","lat":27.6,"lon":-88.5,"wind_kt":35,"pressure_mb":1005},{"date":"19770904","time":"0000","status":"SS","lat":27.4,"lon":-89.7,"wind_kt":35,"pressure_mb":null},{"date":"19770904","time":"0600","status":"SS","lat":26.6,"lon":-90.5,"wind_kt":40,"pressure_mb":null},{"date":"19770904","time":"1200","status":"SS","lat":26.8,"lon":-91.7,"wind_kt":45,"pressure_mb":1003},{"date":"19770904","time":"1800","status":"TS","lat":27.5,"lon":-91.7,"wind_kt":50,"pressure_mb":1000},{"date":"19770905","time":"0000","status":"TS","lat":28,"lon":-91.6,"wind_kt":60,"pressure_mb":null},{"date":"19770905","time":"0600","status":"HU","lat":28.7,"lon":-91.4,"wind_kt":65,"pressure_mb":995},{"date":"19770905","time":"1200","status":"HU","lat":29.5,"lon":-91.2,"wind_kt":65,"pressure_mb":null},{"date":"19770905","time":"1800","status":"TS","lat":29.8,"lon":-91.6,"wind_kt":50,"pressure_mb":1000},{"date":"19770906","time":"0000","status":"TD","lat":30.2,"lon":-91.3,"wind_kt":30,"pressure_mb":null},{"date":"19770906","time":"0600","status":"TD","lat":30.6,"lon":-90.7,"wind_kt":30,"pressure_mb":null},{"date":"19770906","time":"1200","status":"TD","lat":31.1,"lon":-90,"wind_kt":30,"pressure_mb":null},{"date":"19770906","time":"1800","status":"TD","lat":31.7,"lon":-89.4,"wind_kt":25,"pressure_mb":1004},{"date":"19770907","time":"0000","status":"TD","lat":32.4,"lon":-88.8,"wind_kt":25,"pressure_mb":null},{"date":"19770907","time":"0600","status":"TD","lat":33.2,"lon":-88,"wind_kt":25,"pressure_mb":null},{"date":"19770907","time":"1200","status":"TD","lat":33.8,"lon":-87.1,"wind_kt":25,"pressure_mb":1008},{"date":"19770907","time":"1800","status":"TD","lat":34.3,"lon":-85.8,"wind_kt":25,"pressure_mb":null},{"date":"19770908","time":"0000","status":"TD","lat":34.5,"lon":-84.8,"wind_kt":25,"pressure_mb":1010},{"date":"19770908","time":"0600","status":"TD","lat":34.6,"lon":-83.9,"wind_kt":25,"pressure_mb":null},{"date":"19770908","time":"1200","status":"TD","lat":34.7,"lon":-82.6,"wind_kt":25,"pressure_mb":null},{"date":"19770908","time":"1800","status":"TD","lat":34.8,"lon":-81.3,"wind_kt":25,"pressure_mb":null},{"date":"19770909","time":"0000","status":"TD","lat":34.8,"lon":-80.2,"wind_kt":25,"pressure_mb":1012}]}},{"type":"Feature","geometry":{"type":"LineString","coordinates":[[-80,32.8],[-79,33.2],[-78.2,33.6],[-77.6,33.8],[-77,34],[-76.4,34.2],[-75.8,34.4],[-75,34.6],[-74.3,34.7],[-73,34.9],[-71.7,35.1],[-69.7,35.3],[-67.7,35.5],[-66.2,35.6],[-64.6,35.5],[-63.5,34.8],[-62.8,34],[-62.8,33.4],[-63.2,32.8],[-63.6,32.8],[-63.8,33],[-63.7,33.5],[-63.2,34.2],[-62.5,34.8],[-61.5,36],[-59.8,38],[-57.5,40.5]]},"properties":{"id":"hur-al071977","event_type":"hurricane","name":"CLARA","year":1977,"max_wind_kt":65,"min_pressure_mb":993,"category":1,"preliminary":false,"start_date":"19770905","end_date":"19770912","track":[{"date":"19770905","time":"1200","status":"TD","lat":32.8,"lon":-80,"wind_kt":20,"pressure_mb":1015},{"date":"19770905","time":"1800","status":"TD","lat":33.2,"lon":-79,"wind_kt":20,"pressure_mb":1014},{"date":"19770906","time":"0000","status":"TD","lat":33.6,"lon":-78.2,"wind_kt":20,"pressure_mb":1013},{"date":"19770906","time":"0600","status":"TD","lat":33.8,"lon":-77.6,"wind_kt":25,"pressure_mb":1012},{"date":"19770906","time":"1200","status":"TD","lat":34,"lon":-77,"wind_kt":25,"pressure_mb":1011},{"date":"19770906","time":"1800","status":"TD","lat":34.2,"lon":-76.4,"wind_kt":25,"pressure_mb":1010},{"date":"19770907","time":"0000","status":"TD","lat":34.4,"lon":-75.8,"wind_kt":30,"pressure_mb":1010},{"date":"19770907","time":"0600","status":"TD","lat":34.6,"lon":-75,"wind_kt":30,"pressure_mb":1010},{"date":"19770907","time":"1200","status":"TD","lat":34.7,"lon":-74.3,"wind_kt":30,"pressure_mb":1010},{"date":"19770907","time":"1800","status":"TD","lat":34.9,"lon":-73,"wind_kt":30,"pressure_mb":1010},{"date":"19770908","time":"0000","status":"TS","lat":35.1,"lon":-71.7,"wind_kt":35,"pressure_mb":1006},{"date":"19770908","time":"0600","status":"TS","lat":35.3,"lon":-69.7,"wind_kt":45,"pressure_mb":1001},{"date":"19770908","time":"1200","status":"HU","lat":35.5,"lon":-67.7,"wind_kt":65,"pressure_mb":993},{"date":"19770908","time":"1800","status":"HU","lat":35.6,"lon":-66.2,"wind_kt":65,"pressure_mb":994},{"date":"19770909","time":"0000","status":"HU","lat":35.5,"lon":-64.6,"wind_kt":65,"pressure_mb":998},{"date":"19770909","time":"0600","status":"TS","lat":34.8,"lon":-63.5,"wind_kt":60,"pressure_mb":1000},{"date":"19770909","time":"1200","status":"TS","lat":34,"lon":-62.8,"wind_kt":55,"pressure_mb":999},{"date":"19770909","time":"1800","status":"TS","lat":33.4,"lon":-62.8,"wind_kt":50,"pressure_mb":1001},{"date":"19770910","time":"0000","status":"TS","lat":32.8,"lon":-63.2,"wind_kt":45,"pressure_mb":1000},{"date":"19770910","time":"0600","status":"TS","lat":32.8,"lon":-63.6,"wind_kt":40,"pressure_mb":1000},{"date":"19770910","time":"1200","status":"TS","lat":33,"lon":-63.8,"wind_kt":45,"pressure_mb":1001},{"date":"19770910","time":"1800","status":"TS","lat":33.5,"lon":-63.7,"wind_kt":45,"pressure_mb":1001},{"date":"19770911","time":"0000","status":"TS","lat":34.2,"lon":-63.2,"wind_kt":45,"pressure_mb":1002},{"date":"19770911","time":"0600","status":"TS","lat":34.8,"lon":-62.5,"wind_kt":45,"pressure_mb":1002},{"date":"19770911","time":"1200","status":"EX","lat":36,"lon":-61.5,"wind_kt":45,"pressure_mb":1001},{"date":"19770911","time":"1800","status":"EX","lat":38,"lon":-59.8,"wind_kt":45,"pressure_mb":1001},{"date":"19770912","time":"0000","status":"EX","lat":40.5,"lon":-57.5,"wind_kt":45,"pressure_mb":1001}]}},{"type":"Feature","geometry":{"type":"LineString","coordinates":[[-35.5,10],[-36.7,10],[-38,10],[-39.2,10],[-40.5,10],[-41.7,10],[-42.8,10],[-43.9,10],[-45,10]]},"properties":{"id":"hur-al081977","event_type":"hurricane","name":null,"year":1977,"max_wind_kt":25,"min_pressure_mb":null,"category":-1,"preliminary":false,"start_date":"19770917","end_date":"19770919","track":[{"date":"19770917","time":"1200","status":"TD","lat":10,"lon":-35.5,"wind_kt":20,"pressure_mb":null},{"date":"19770917","time":"1800","status":"TD","lat":10,"lon":-36.7,"wind_kt":25,"pressure_mb":null},{"date":"19770918","time":"0000","status":"TD","lat":10,"lon":-38,"wind_kt":25,"pressure_mb":null},{"date":"19770918","time":"0600","status":"TD","lat":10,"lon":-39.2,"wind_kt":25,"pressure_mb":null},{"date":"19770918","time":"1200","status":"TD","lat":10,"lon":-40.5,"wind_kt":25,"pressure_mb":null},{"date":"19770918","time":"1800","status":"TD","lat":10,"lon":-41.7,"wind_kt":25,"pressure_mb":null},{"date":"19770919","time":"0000","status":"TD","lat":10,"lon":-42.8,"wind_kt":25,"pressure_mb":null},{"date":"19770919","time":"0600","status":"TD","lat":10,"lon":-43.9,"wind_kt":20,"pressure_mb":null},{"date":"19770919","time":"1200","status":"TD","lat":10,"lon":-45,"wind_kt":20,"pressure_mb":null}]}},{"type":"Feature","geometry":{"type":"LineString","coordinates":[[-95,20],[-95.8,20.5],[-96.5,21],[-97.2,21.5],[-98,22]]},"properties":{"id":"hur-al091977","event_type":"hurricane","name":null,"year":1977,"max_wind_kt":25,"min_pressure_mb":null,"category":-1,"preliminary":false,"start_date":"19770922","end_date":"19770923","track":[{"date":"19770922","time":"1200","status":"TD","lat":20,"lon":-95,"wind_kt":20,"pressure_mb":null},{"date":"19770922","time":"1800","status":"TD","lat":20.5,"lon":-95.8,"wind_kt":25,"pressure_mb":null},{"date":"19770923","time":"0000","status":"TD","lat":21,"lon":-96.5,"wind_kt":25,"pressure_mb":null},{"date":"19770923","time":"0600","status":"TD","lat":21.5,"lon":-97.2,"wind_kt":25,"pressure_mb":null},{"date":"19770923","time":"1200","status":"TD","lat":22,"lon":-98,"wind_kt":null,"pressure_mb":null}]}},{"type":"Feature","geometry":{"type":"LineString","coordinates":[[-71.5,28.5],[-69.8,29.5],[-67.9,30.2],[-65.8,30.9],[-63.6,31.9],[-61.8,33.2],[-60.8,34.4],[-59.7,35.5],[-58.8,37],[-57,38.3],[-55.5,40],[-54,42],[-53,44.5],[-51,47],[-48.5,49.5]]},"properties":{"id":"hur-al101977","event_type":"hurricane","name":"DOROTHY","year":1977,"max_wind_kt":75,"min_pressure_mb":980,"category":1,"preliminary":false,"start_date":"19770926","end_date":"19770930","track":[{"date":"19770926","time":"1800","status":"TD","lat":28.5,"lon":-71.5,"wind_kt":20,"pressure_mb":1010},{"date":"19770927","time":"0000","status":"TD","lat":29.5,"lon":-69.8,"wind_kt":20,"pressure_mb":1009},{"date":"19770927","time":"0600","status":"TD","lat":30.2,"lon":-67.9,"wind_kt":30,"pressure_mb":1005},{"date":"19770927","time":"1200","status":"TS","lat":30.9,"lon":-65.8,"wind_kt":40,"pressure_mb":1002},{"date":"19770927","time":"1800","status":"TS","lat":31.9,"lon":-63.6,"wind_kt":45,"pressure_mb":1000},{"date":"19770928","time":"0000","status":"TS","lat":33.2,"lon":-61.8,"wind_kt":50,"pressure_mb":996},{"date":"19770928","time":"0600","status":"TS","lat":34.4,"lon":-60.8,"wind_kt":60,"pressure_mb":992},{"date":"19770928","time":"1200","status":"HU","lat":35.5,"lon":-59.7,"wind_kt":65,"pressure_mb":988},{"date":"19770928","time":"1800","status":"HU","lat":37,"lon":-58.8,"wind_kt":70,"pressure_mb":984},{"date":"19770929","time":"0000","status":"HU","lat":38.3,"lon":-57,"wind_kt":75,"pressure_mb":980},{"date":"19770929","time":"0600","status":"HU","lat":40,"lon":-55.5,"wind_kt":70,"pressure_mb":984},{"date":"19770929","time":"1200","status":"HU","lat":42,"lon":-54,"wind_kt":65,"pressure_mb":988},{"date":"19770929","time":"1800","status":"EX","lat":44.5,"lon":-53,"wind_kt":60,"pressure_mb":990},{"date":"19770930","time":"0000","status":"EX","lat":47,"lon":-51,"wind_kt":50,"pressure_mb":995},{"date":"19770930","time":"0600","status":"EX","lat":49.5,"lon":-48.5,"wind_kt":45,"pressure_mb":1000}]}},{"type":"Feature","geometry":{"type":"LineString","coordinates":[[-46,10],[-47.2,10.3],[-48.5,10.5],[-49.8,10.7],[-51,11],[-52.2,11.3],[-53.5,11.5],[-54.8,11.8],[-56,12]]},"properties":{"id":"hur-al111977","event_type":"hurricane","name":null,"year":1977,"max_wind_kt":30,"min_pressure_mb":null,"category":-1,"preliminary":false,"start_date":"19771001","end_date":"19771003","track":[{"date":"19771001","time":"1200","status":"TD","lat":10,"lon":-46,"wind_kt":20,"pressure_mb":null},{"date":"19771001","time":"1800","status":"TD","lat":10.3,"lon":-47.2,"wind_kt":25,"pressure_mb":null},{"date":"19771002","time":"0000","status":"TD","lat":10.5,"lon":-48.5,"wind_kt":25,"pressure_mb":null},{"date":"19771002","time":"0600","status":"TD","lat":10.7,"lon":-49.8,"wind_kt":25,"pressure_mb":null},{"date":"19771002","time":"1200","status":"TD","lat":11,"lon":-51,"wind_kt":30,"pressure_mb":null},{"date":"19771002","time":"1800","status":"TD","lat":11.3,"lon":-52.2,"wind_kt":30,"pressure_mb":null},{"date":"19771003","time":"0000","status":"TD","lat":11.5,"lon":-53.5,"wind_kt":25,"pressure_mb":null},{"date":"19771003","time":"0600","status":"TD","lat":11.8,"lon":-54.8,"wind_kt":25,"pressure_mb":null},{"date":"19771003","time":"1200","status":"TD","lat":12,"lon":-56,"wind_kt":20,"pressure_mb":null}]}},{"type":"Feature","geometry":{"type":"LineString","coordinates":[[-43,27.5],[-43.2,27.8],[-43.2,28.2],[-43.3,28.6],[-43.5,29],[-44.8,29.5],[-46.2,30],[-47.6,30.5],[-49,31]]},"properties":{"id":"hur-al121977","event_type":"hurricane","name":null,"year":1977,"max_wind_kt":30,"min_pressure_mb":null,"category":-1,"preliminary":false,"start_date":"19771003","end_date":"19771005","track":[{"date":"19771003","time":"1200","status":"TD","lat":27.5,"lon":-43,"wind_kt":20,"pressure_mb":null},{"date":"19771003","time":"1800","status":"TD","lat":27.8,"lon":-43.2,"wind_kt":25,"pressure_mb":null},{"date":"19771004","time":"0000","status":"TD","lat":28.2,"lon":-43.2,"wind_kt":25,"pressure_mb":null},{"date":"19771004","time":"0600","status":"TD","lat":28.6,"lon":-43.3,"wind_kt":30,"pressure_mb":null},{"date":"19771004","time":"1200","status":"TD","lat":29,"lon":-43.5,"wind_kt":30,"pressure_mb":null},{"date":"19771004","time":"1800","status":"TD","lat":29.5,"lon":-44.8,"wind_kt":30,"pressure_mb":null},{"date":"19771005","time":"0000","status":"TD","lat":30,"lon":-46.2,"wind_kt":25,"pressure_mb":null},{"date":"19771005","time":"0600","status":"TD","lat":30.5,"lon":-47.6,"wind_kt":25,"pressure_mb":null},{"date":"19771005","time":"1200","status":"TD","lat":31,"lon":-49,"wind_kt":20,"pressure_mb":null}]}},{"type":"Feature","geometry":{"type":"LineString","coordinates":[[-62.9,26.9],[-64,29],[-64.9,30.9],[-64.9,33],[-64.4,35.9],[-63.3,39.2],[-61.5,42.4],[-60.1,45.5],[-59.2,47.4],[-58.3,49.1]]},"properties":{"id":"hur-al131977","event_type":"hurricane","name":"EVELYN","year":1977,"max_wind_kt":70,"min_pressure_mb":994,"category":1,"preliminary":false,"start_date":"19771013","end_date":"19771016","track":[{"date":"19771013","time":"1800","status":"TD","lat":26.9,"lon":-62.9,"wind_kt":30,"pressure_mb":1010},{"date":"19771014","time":"0000","status":"TD","lat":29,"lon":-64,"wind_kt":30,"pressure_mb":1008},{"date":"19771014","time":"0600","status":"TS","lat":30.9,"lon":-64.9,"wind_kt":35,"pressure_mb":1005},{"date":"19771014","time":"1200","status":"TS","lat":33,"lon":-64.9,"wind_kt":40,"pressure_mb":1002},{"date":"19771014","time":"1800","status":"TS","lat":35.9,"lon":-64.4,"wind_kt":50,"pressure_mb":999},{"date":"19771015","time":"0000","status":"HU","lat":39.2,"lon":-63.3,"wind_kt":65,"pressure_mb":994},{"date":"19771015","time":"0600","status":"HU","lat":42.4,"lon":-61.5,"wind_kt":70,"pressure_mb":996},{"date":"19771015","time":"1200","status":"HU","lat":45.5,"lon":-60.1,"wind_kt":70,"pressure_mb":998},{"date":"19771015","time":"1800","status":"HU","lat":47.4,"lon":-59.2,"wind_kt":70,"pressure_mb":999},{"date":"19771016","time":"0000","status":"EX","lat":49.1,"lon":-58.3,"wind_kt":45,"pressure_mb":1000}]}},{"type":"Feature","geometry":{"type":"LineString","coordinates":[[-83.2,17.3],[-83.4,17.3],[-83.6,17.3],[-83.9,17.2],[-84.4,17.2],[-85,17.3],[-85.8,17.4],[-86.6,17.5],[-87.4,17.6],[-88.3,17.6]]},"properties":{"id":"hur-al141977","event_type":"hurricane","name":"FRIEDA","year":1977,"max_wind_kt":50,"min_pressure_mb":1005,"category":0,"preliminary":false,"start_date":"19771016","end_date":"19771019","track":[{"date":"19771016","time":"1800","status":"TD","lat":17.3,"lon":-83.2,"wind_kt":25,"pressure_mb":1011},{"date":"19771017","time":"0000","status":"TD","lat":17.3,"lon":-83.4,"wind_kt":30,"pressure_mb":1010},{"date":"19771017","time":"0600","status":"TD","lat":17.3,"lon":-83.6,"wind_kt":30,"pressure_mb":1009},{"date":"19771017","time":"1200","status":"TS","lat":17.2,"lon":-83.9,"wind_kt":40,"pressure_mb":1008},{"date":"19771017","time":"1800","status":"TS","lat":17.2,"lon":-84.4,"wind_kt":45,"pressure_mb":1007},{"date":"19771018","time":"0000","status":"TS","lat":17.3,"lon":-85,"wind_kt":50,"pressure_mb":1006},{"date":"19771018","time":"0600","status":"TS","lat":17.4,"lon":-85.8,"wind_kt":40,"pressure_mb":1005},{"date":"19771018","time":"1200","status":"TD","lat":17.5,"lon":-86.6,"wind_kt":30,"pressure_mb":1006},{"date":"19771018","time":"1800","status":"TD","lat":17.6,"lon":-87.4,"wind_kt":25,"pressure_mb":1008},{"date":"19771019","time":"0000","status":"TD","lat":17.6,"lon":-88.3,"wind_kt":20,"pressure_mb":1010}]}},{"type":"Feature","geometry":{"type":"LineString","coordinates":[[-95.5,25.5],[-94.2,26.5],[-92.8,27.5],[-91.4,28.5],[-90,29.5],[-88.6,30.5]]},"properties":{"id":"hur-al151977","event_type":"hurricane","name":null,"year":1977,"max_wind_kt":30,"min_pressure_mb":null,"category":-1,"preliminary":false,"start_date":"19771024","end_date":"19771025","track":[{"date":"19771024","time":"1200","status":"TD","lat":25.5,"lon":-95.5,"wind_kt":20,"pressure_mb":null},{"date":"19771024","time":"1800","status":"TD","lat":26.5,"lon":-94.2,"wind_kt":25,"pressure_mb":null},{"date":"19771025","time":"0000","status":"TD","lat":27.5,"lon":-92.8,"wind_kt":30,"pressure_mb":null},{"date":"19771025","time":"0600","status":"TD","lat":28.5,"lon":-91.4,"wind_kt":30,"pressure_mb":null},{"date":"19771025","time":"1200","status":"TD","lat":29.5,"lon":-90,"wind_kt":25,"pressure_mb":null},{"date":"19771025","time":"1800","status":"TD","lat":30.5,"lon":-88.6,"wind_kt":null,"pressure_mb":null}]}},{"type":"Feature","geometry":{"type":"LineString","coordinates":[[-44,22],[-45,22.5],[-46,23],[-46.7,23.3],[-47.6,23.5],[-48.3,23.8],[-49.5,24],[-50.5,23.9],[-52,23.3],[-53.5,22.9],[-54.8,22.8],[-56,22.7],[-57.3,22.6],[-58.8,22.4],[-59.8,22],[-60.8,21.7],[-61.8,21.4],[-62.9,21],[-64,21]]},"properties":{"id":"hur-al011978","event_type":"hurricane","name":null,"year":1978,"max_wind_kt":40,"min_pressure_mb":1002,"category":0,"preliminary":false,"start_date":"19780118","end_date":"19780123","track":[{"date":"19780118","time":"1200","status":"SD","lat":22,"lon":-44,"wind_kt":25,"pressure_mb":1013},{"date":"19780118","time":"1800","status":"SD","lat":22.5,"lon":-45,"wind_kt":25,"pressure_mb":null},{"date":"19780119","time":"0000","status":"SD","lat":23,"lon":-46,"wind_kt":30,"pressure_mb":null},{"date":"19780119","time":"0600","status":"SD","lat":23.3,"lon":-46.7,"wind_kt":30,"pressure_mb":null},{"date":"19780119","time":"1200","status":"SS","lat":23.5,"lon":-47.6,"wind_kt":35,"pressure_mb":1008},{"date":"19780119","time":"1800","status":"SS","lat":23.8,"lon":-48.3,"wind_kt":35,"pressure_mb":null},{"date":"19780120","time":"0000","status":"SS","lat":24,"lon":-49.5,"wind_kt":35,"pressure_mb":1005},{"date":"19780120","time":"0600","status":"SS","lat":23.9,"lon":-50.5,"wind_kt":35,"pressure_mb":null},{"date":"19780120","time":"1200","status":"SS","lat":23.3,"lon":-52,"wind_kt":40,"pressure_mb":1002},{"date":"19780120","time":"1800","status":"SS","lat":22.9,"lon":-53.5,"wind_kt":40,"pressure_mb":null},{"date":"19780121","time":"0000","status":"SS","lat":22.8,"lon":-54.8,"wind_kt":40,"pressure_mb":null},{"date":"19780121","time":"0600","status":"SS","lat":22.7,"lon":-56,"wind_kt":40,"pressure_mb":null},{"date":"19780121","time":"1200","status":"SS","lat":22.6,"lon":-57.3,"wind_kt":40,"pressure_mb":null},{"date":"19780121","time":"1800","status":"SS","lat":22.4,"lon":-58.8,"wind_kt":40,"pressure_mb":1003},{"date":"19780122","time":"0000","status":"SS","lat":22,"lon":-59.8,"wind_kt":35,"pressure_mb":null},{"date":"19780122","time":"0600","status":"SS","lat":21.7,"lon":-60.8,"wind_kt":35,"pressure_mb":null},{"date":"19780122","time":"1200","status":"SD","lat":21.4,"lon":-61.8,"wind_kt":30,"pressure_mb":null},{"date":"19780122","time":"1800","status":"SD","lat":21,"lon":-62.9,"wind_kt":25,"pressure_mb":1010},{"date":"19780123","time":"0000","status":"SD","lat":21,"lon":-64,"wind_kt":25,"pressure_mb":null}]}},{"type":"Feature","geometry":{"type":"LineString","coordinates":[[-86.5,25.2],[-85.8,25.6],[-85,26],[-84.5,26.2],[-84,26.4],[-83.5,26.6]]},"properties":{"id":"hur-al021978","event_type":"hurricane","name":null,"year":1978,"max_wind_kt":25,"min_pressure_mb":null,"category":-1,"preliminary":false,"start_date":"19780621","end_date":"19780622","track":[{"date":"19780621","time":"1200","status":"TD","lat":25.2,"lon":-86.5,"wind_kt":20,"pressure_mb":null},{"date":"19780621","time":"1800","status":"TD","lat":25.6,"lon":-85.8,"wind_kt":25,"pressure_mb":null},{"date":"19780622","time":"0000","status":"TD","lat":26,"lon":-85,"wind_kt":25,"pressure_mb":null},{"date":"19780622","time":"0600","status":"TD","lat":26.2,"lon":-84.5,"wind_kt":25,"pressure_mb":null},{"date":"19780622","time":"1200","status":"TD","lat":26.4,"lon":-84,"wind_kt":20,"pressure_mb":null},{"date":"19780622","time":"1800","status":"TD","lat":26.6,"lon":-83.5,"wind_kt":null,"pressure_mb":null}]}},{"type":"Feature","geometry":{"type":"LineString","coordinates":[[-27.5,15.5],[-29.7,15.5],[-32,15.5],[-34,15.5],[-36,15.5],[-38,15.5],[-40,15.5],[-42,15],[-44,14.5]]},"properties":{"id":"hur-al031978","event_type":"hurricane","name":null,"year":1978,"max_wind_kt":30,"min_pressure_mb":null,"category":-1,"preliminary":false,"start_date":"19780710","end_date":"19780712","track":[{"date":"19780710","time":"1200","status":"TD","lat":15.5,"lon":-27.5,"wind_kt":20,"pressure_mb":null},{"date":"19780710","time":"1800","status":"TD","lat":15.5,"lon":-29.7,"wind_kt":25,"pressure_mb":null},{"date":"19780711","time":"0000","status":"TD","lat":15.5,"lon":-32,"wind_kt":25,"pressure_mb":null},{"date":"19780711","time":"0600","status":"TD","lat":15.5,"lon":-34,"wind_kt":30,"pressure_mb":null},{"date":"19780711","time":"1200","status":"TD","lat":15.5,"lon":-36,"wind_kt":30,"pressure_mb":null},{"date":"19780711","time":"1800","status":"TD","lat":15.5,"lon":-38,"wind_kt":30,"pressure_mb":null},{"date":"19780712","time":"0000","status":"TD","lat":15.5,"lon":-40,"wind_kt":25,"pressure_mb":null},{"date":"19780712","time":"0600","status":"TD","lat":15,"lon":-42,"wind_kt":25,"pressure_mb":null},{"date":"19780712","time":"1200","status":"TD","lat":14.5,"lon":-44,"wind_kt":20,"pressure_mb":null}]}},{"type":"Feature","geometry":{"type":"LineString","coordinates":[[-97,25.7],[-97.4,26.4],[-97.8,27.2],[-98.2,28],[-98.7,28.6],[-99.2,29.3]]},"properties":{"id":"hur-al041978","event_type":"hurricane","name":"AMELIA","year":1978,"max_wind_kt":45,"min_pressure_mb":1005,"category":0,"preliminary":false,"start_date":"19780730","end_date":"19780801","track":[{"date":"19780730","time":"1800","status":"TD","lat":25.7,"lon":-97,"wind_kt":30,"pressure_mb":1006},{"date":"19780731","time":"0000","status":"TS","lat":26.4,"lon":-97.4,"wind_kt":45,"pressure_mb":1005},{"date":"19780731","time":"0600","status":"TS","lat":27.2,"lon":-97.8,"wind_kt":40,"pressure_mb":1007},{"date":"19780731","time":"1200","status":"TS","lat":28,"lon":-98.2,"wind_kt":35,"pressure_mb":1008},{"date":"19780731","time":"1800","status":"TD","lat":28.6,"lon":-98.7,"wind_kt":30,"pressure_mb":1010},{"date":"19780801","time":"0000","status":"TD","lat":29.3,"lon":-99.2,"wind_kt":25,"pressure_mb":1010}]}},{"type":"Feature","geometry":{"type":"LineString","coordinates":[[-90.4,25.3],[-91,25.1],[-91.8,24.8],[-92.5,24.5],[-93.3,24.2],[-94,23.9],[-95,23.3],[-95.7,22.8],[-96.2,22.2],[-96.6,21.6],[-96.8,21.1],[-96.9,20.4],[-97,20]]},"properties":{"id":"hur-al051978","event_type":"hurricane","name":"BESS","year":1978,"max_wind_kt":45,"min_pressure_mb":1005,"category":0,"preliminary":false,"start_date":"19780805","end_date":"19780808","track":[{"date":"19780805","time":"1200","status":"TD","lat":25.3,"lon":-90.4,"wind_kt":20,"pressure_mb":1012},{"date":"19780805","time":"1800","status":"TD","lat":25.1,"lon":-91,"wind_kt":20,"pressure_mb":1012},{"date":"19780806","time":"0000","status":"TD","lat":24.8,"lon":-91.8,"wind_kt":25,"pressure_mb":1011},{"date":"19780806","time":"0600","status":"TD","lat":24.5,"lon":-92.5,"wind_kt":30,"pressure_mb":1010},{"date":"19780806","time":"1200","status":"TD","lat":24.2,"lon":-93.3,"wind_kt":30,"pressure_mb":1009},{"date":"19780806","time":"1800","status":"TS","lat":23.9,"lon":-94,"wind_kt":35,"pressure_mb":1008},{"date":"19780807","time":"0000","status":"TS","lat":23.3,"lon":-95,"wind_kt":40,"pressure_mb":1007},{"date":"19780807","time":"0600","status":"TS","lat":22.8,"lon":-95.7,"wind_kt":40,"pressure_mb":1006},{"date":"19780807","time":"1200","status":"TS","lat":22.2,"lon":-96.2,"wind_kt":40,"pressure_mb":1005},{"date":"19780807","time":"1800","status":"TS","lat":21.6,"lon":-96.6,"wind_kt":45,"pressure_mb":1006},{"date":"19780808","time":"0000","status":"TS","lat":21.1,"lon":-96.8,"wind_kt":45,"pressure_mb":1007},{"date":"19780808","time":"0600","status":"TS","lat":20.4,"lon":-96.9,"wind_kt":40,"pressure_mb":1008},{"date":"19780808","time":"1200","status":"TD","lat":20,"lon":-97,"wind_kt":25,"pressure_mb":1010}]}},{"type":"Feature","geometry":{"type":"LineString","coordinates":[[-35,13],[-36.2,13.4],[-37.8,13.8],[-39.6,13.9],[-41.5,14],[-43.2,14],[-44.9,14],[-46.8,13.9],[-48.6,13.6],[-50.6,13.2],[-52.8,12.8],[-54.8,12.4],[-56.8,12.2],[-58.8,12.1],[-60.9,12],[-62.8,12],[-64.8,12.1],[-66.8,12.1],[-68.8,12.2]]},"properties":{"id":"hur-al061978","event_type":"hurricane","name":"CORA","year":1978,"max_wind_kt":80,"min_pressure_mb":980,"category":1,"preliminary":false,"start_date":"19780807","end_date":"19780812","track":[{"date":"19780807","time":"1200","status":"TD","lat":13,"lon":-35,"wind_kt":25,"pressure_mb":1010},{"date":"19780807","time":"1800","status":"TD","lat":13.4,"lon":-36.2,"wind_kt":25,"pressure_mb":1010},{"date":"19780808","time":"0000","status":"TD","lat":13.8,"lon":-37.8,"wind_kt":25,"pressure_mb":1009},{"date":"19780808","time":"0600","status":"TD","lat":13.9,"lon":-39.6,"wind_kt":30,"pressure_mb":1008},{"date":"19780808","time":"1200","status":"TS","lat":14,"lon":-41.5,"wind_kt":50,"pressure_mb":1003},{"date":"19780808","time":"1800","status":"HU","lat":14,"lon":-43.2,"wind_kt":65,"pressure_mb":990},{"date":"19780809","time":"0000","status":"HU","lat":14,"lon":-44.9,"wind_kt":80,"pressure_mb":980},{"date":"19780809","time":"0600","status":"HU","lat":13.9,"lon":-46.8,"wind_kt":80,"pressure_mb":980},{"date":"19780809","time":"1200","status":"HU","lat":13.6,"lon":-48.6,"wind_kt":70,"pressure_mb":988},{"date":"19780809","time":"1800","status":"HU","lat":13.2,"lon":-50.6,"wind_kt":65,"pressure_mb":998},{"date":"19780810","time":"0000","status":"TS","lat":12.8,"lon":-52.8,"wind_kt":60,"pressure_mb":1006},{"date":"19780810","time":"0600","status":"TS","lat":12.4,"lon":-54.8,"wind_kt":55,"pressure_mb":1007},{"date":"19780810","time":"1200","status":"TS","lat":12.2,"lon":-56.8,"wind_kt":55,"pressure_mb":1007},{"date":"19780810","time":"1800","status":"TS","lat":12.1,"lon":-58.8,"wind_kt":50,"pressure_mb":1008},{"date":"19780811","time":"0000","status":"TS","lat":12,"lon":-60.9,"wind_kt":45,"pressure_mb":1008},{"date":"19780811","time":"0600","status":"TS","lat":12,"lon":-62.8,"wind_kt":35,"pressure_mb":1008},{"date":"19780811","time":"1200","status":"TD","lat":12.1,"lon":-64.8,"wind_kt":30,"pressure_mb":1008},{"date":"19780811","time":"1800","status":"TD","lat":12.1,"lon":-66.8,"wind_kt":30,"pressure_mb":1009},{"date":"19780812","time":"0000","status":"TD","lat":12.2,"lon":-68.8,"wind_kt":30,"pressure_mb":1010}]}},{"type":"Feature","geometry":{"type":"LineString","coordinates":[[-52.5,13],[-54.5,13],[-56.5,13],[-58.5,13],[-60.5,13],[-62.5,13],[-64.5,13],[-66.3,13],[-68,13],[-70,13],[-72,13],[-74,12.9],[-76,12.8],[-77.5,12.7],[-79,12.5],[-80.7,12.3],[-82.5,12],[-84,11.8]]},"properties":{"id":"hur-al071978","event_type":"hurricane","name":null,"year":1978,"max_wind_kt":30,"min_pressure_mb":null,"category":-1,"preliminary":false,"start_date":"19780807","end_date":"19780811","track":[{"date":"19780807","time":"1200","status":"TD","lat":13,"lon":-52.5,"wind_kt":20,"pressure_mb":null},{"date":"19780807","time":"1800","status":"TD","lat":13,"lon":-54.5,"wind_kt":25,"pressure_mb":null},{"date":"19780808","time":"0000","status":"TD","lat":13,"lon":-56.5,"wind_kt":25,"pressure_mb":null},{"date":"19780808","time":"0600","status":"TD","lat":13,"lon":-58.5,"wind_kt":25,"pressure_mb":null},{"date":"19780808","time":"1200","status":"TD","lat":13,"lon":-60.5,"wind_kt":30,"pressure_mb":null},{"date":"19780808","time":"1800","status":"TD","lat":13,"lon":-62.5,"wind_kt":30,"pressure_mb":null},{"date":"19780809","time":"0000","status":"TD","lat":13,"lon":-64.5,"wind_kt":30,"pressure_mb":null},{"date":"19780809","time":"0600","status":"TD","lat":13,"lon":-66.3,"wind_kt":30,"pressure_mb":null},{"date":"19780809","time":"1200","status":"TD","lat":13,"lon":-68,"wind_kt":30,"pressure_mb":null},{"date":"19780809","time":"1800","status":"TD","lat":13,"lon":-70,"wind_kt":25,"pressure_mb":null},{"date":"19780810","time":"0000","status":"TD","lat":13,"lon":-72,"wind_kt":25,"pressure_mb":null},{"date":"19780810","time":"0600","status":"TD","lat":12.9,"lon":-74,"wind_kt":25,"pressure_mb":null},{"date":"19780810","time":"1200","status":"TD","lat":12.8,"lon":-76,"wind_kt":25,"pressure_mb":null},{"date":"19780810","time":"1800","status":"TD","lat":12.7,"lon":-77.5,"wind_kt":20,"pressure_mb":null},{"date":"19780811","time":"0000","status":"TD","lat":12.5,"lon":-79,"wind_kt":20,"pressure_mb":null},{"date":"19780811","time":"0600","status":"TD","lat":12.3,"lon":-80.7,"wind_kt":20,"pressure_mb":null},{"date":"19780811","time":"1200","status":"TD","lat":12,"lon":-82.5,"wind_kt":20,"pressure_mb":null},{"date":"19780811","time":"1800","status":"TD","lat":11.8,"lon":-84,"wind_kt":null,"pressure_mb":null}]}},{"type":"Feature","geometry":{"type":"LineString","coordinates":[[-90,26.5],[-90,27],[-89.9,27.6],[-89.7,28.2],[-89.5,28.8],[-89.2,29.4]]},"properties":{"id":"hur-al081978","event_type":"hurricane","name":null,"year":1978,"max_wind_kt":25,"min_pressure_mb":null,"category":-1,"preliminary":false,"start_date":"19780809","end_date":"19780810","track":[{"date":"19780809","time":"1200","status":"TD","lat":26.5,"lon":-90,"wind_kt":20,"pressure_mb":null},{"date":"19780809","time":"1800","status":"TD","lat":27,"lon":-90,"wind_kt":25,"pressure_mb":null},{"date":"19780810","time":"0000","status":"TD","lat":27.6,"lon":-89.9,"wind_kt":25,"pressure_mb":null},{"date":"19780810","time":"0600","status":"TD","lat":28.2,"lon":-89.7,"wind_kt":25,"pressure_mb":null},{"date":"19780810","time":"1200","status":"TD","lat":28.8,"lon":-89.5,"wind_kt":25,"pressure_mb":null},{"date":"19780810","time":"1800","status":"TD","lat":29.4,"lon":-89.2,"wind_kt":null,"pressure_mb":null}]}},{"type":"Feature","geometry":{"type":"LineString","coordinates":[[-88.4,23.4],[-89.5,24.2],[-90.4,24.4],[-91.4,24.5],[-92.3,24.6],[-93.1,25.1],[-93.8,25.8],[-94.3,26.8],[-94.3,27.8],[-94.1,28.7],[-93.6,29.6],[-93.3,30.7],[-93,32],[-92.7,34.2]]},"properties":{"id":"hur-al091978","event_type":"hurricane","name":"DEBRA","year":1978,"max_wind_kt":50,"min_pressure_mb":1000,"category":0,"preliminary":false,"start_date":"19780826","end_date":"19780829","track":[{"date":"19780826","time":"1200","status":"TD","lat":23.4,"lon":-88.4,"wind_kt":25,"pressure_mb":1010},{"date":"19780826","time":"1800","status":"TD","lat":24.2,"lon":-89.5,"wind_kt":25,"pressure_mb":null},{"date":"19780827","time":"0000","status":"TD","lat":24.4,"lon":-90.4,"wind_kt":25,"pressure_mb":null},{"date":"19780827","time":"0600","status":"TD","lat":24.5,"lon":-91.4,"wind_kt":25,"pressure_mb":1008},{"date":"19780827","time":"1200","status":"TD","lat":24.6,"lon":-92.3,"wind_kt":25,"pressure_mb":null},{"date":"19780827","time":"1800","status":"TD","lat":25.1,"lon":-93.1,"wind_kt":25,"pressure_mb":null},{"date":"19780828","time":"0000","status":"TD","lat":25.8,"lon":-93.8,"wind_kt":25,"pressure_mb":1006},{"date":"19780828","time":"0600","status":"TD","lat":26.8,"lon":-94.3,"wind_kt":25,"pressure_mb":null},{"date":"19780828","time":"1200","status":"TD","lat":27.8,"lon":-94.3,"wind_kt":30,"pressure_mb":null},{"date":"19780828","time":"1800","status":"TS","lat":28.7,"lon":-94.1,"wind_kt":40,"pressure_mb":1002},{"date":"19780829","time":"0000","status":"TS","lat":29.6,"lon":-93.6,"wind_kt":50,"pressure_mb":1000},{"date":"19780829","time":"0600","status":"TD","lat":30.7,"lon":-93.3,"wind_kt":30,"pressure_mb":null},{"date":"19780829","time":"1200","status":"TD","lat":32,"lon":-93,"wind_kt":30,"pressure_mb":1002},{"date":"19780829","time":"1800","status":"TD","lat":34.2,"lon":-92.7,"wind_kt":15,"pressure_mb":1005}]}},{"type":"Feature","geometry":{"type":"LineString","coordinates":[[-59.7,26.2],[-60.8,26.5],[-62,27],[-63.1,27.3],[-64.2,27.6],[-65.9,28.2],[-67.6,28.8],[-68.8,29.3],[-70,29.6],[-71.1,30.1],[-71.8,30.7],[-72.3,31.1],[-72.7,31.2],[-73.1,31.4],[-73.3,31.6],[-73,31.9],[-72.8,32.3],[-72.4,33],[-71.7,33.8],[-70.2,35],[-68.3,36.2],[-66,38],[-63,40],[-59.5,42.5],[-55,45],[-50.2,47.2],[-45,49]]},"properties":{"id":"hur-al101978","event_type":"hurricane","name":"ELLA","year":1978,"max_wind_kt":120,"min_pressure_mb":956,"category":4,"preliminary":false,"start_date":"19780830","end_date":"19780905","track":[{"date":"19780830","time":"0000","status":"TD","lat":26.2,"lon":-59.7,"wind_kt":20,"pressure_mb":1012},{"date":"19780830","time":"0600","status":"TD","lat":26.5,"lon":-60.8,"wind_kt":20,"pressure_mb":1011},{"date":"19780830","time":"1200","status":"TD","lat":27,"lon":-62,"wind_kt":30,"pressure_mb":1010},{"date":"19780830","time":"1800","status":"TS","lat":27.3,"lon":-63.1,"wind_kt":40,"pressure_mb":1005},{"date":"19780831","time":"0000","status":"TS","lat":27.6,"lon":-64.2,"wind_kt":50,"pressure_mb":1000},{"date":"19780831","time":"0600","status":"TS","lat":28.2,"lon":-65.9,"wind_kt":55,"pressure_mb":993},{"date":"19780831","time":"1200","status":"TS","lat":28.8,"lon":-67.6,"wind_kt":60,"pressure_mb":986},{"date":"19780831","time":"1800","status":"HU","lat":29.3,"lon":-68.8,"wind_kt":70,"pressure_mb":980},{"date":"19780901","time":"0000","status":"HU","lat":29.6,"lon":-70,"wind_kt":90,"pressure_mb":978},{"date":"19780901","time":"0600","status":"HU","lat":30.1,"lon":-71.1,"wind_kt":100,"pressure_mb":975},{"date":"19780901","time":"1200","status":"HU","lat":30.7,"lon":-71.8,"wind_kt":110,"pressure_mb":970},{"date":"19780901","time":"1800","status":"HU","lat":31.1,"lon":-72.3,"wind_kt":110,"pressure_mb":960},{"date":"19780902","time":"0000","status":"HU","lat":31.2,"lon":-72.7,"wind_kt":105,"pressure_mb":960},{"date":"19780902","time":"0600","status":"HU","lat":31.4,"lon":-73.1,"wind_kt":100,"pressure_mb":977},{"date":"19780902","time":"1200","status":"HU","lat":31.6,"lon":-73.3,"wind_kt":80,"pressure_mb":981},{"date":"19780902","time":"1800","status":"HU","lat":31.9,"lon":-73,"wind_kt":70,"pressure_mb":983},{"date":"19780903","time":"0000","status":"HU","lat":32.3,"lon":-72.8,"wind_kt":70,"pressure_mb":983},{"date":"19780903","time":"0600","status":"HU","lat":33,"lon":-72.4,"wind_kt":80,"pressure_mb":981},{"date":"19780903","time":"1200","status":"HU","lat":33.8,"lon":-71.7,"wind_kt":85,"pressure_mb":976},{"date":"19780903","time":"1800","status":"HU","lat":35,"lon":-70.2,"wind_kt":95,"pressure_mb":970},{"date":"19780904","time":"0000","status":"HU","lat":36.2,"lon":-68.3,"wind_kt":110,"pressure_mb":962},{"date":"19780904","time":"0600","status":"HU","lat":38,"lon":-66,"wind_kt":115,"pressure_mb":958},{"date":"19780904","time":"1200","status":"HU","lat":40,"lon":-63,"wind_kt":120,"pressure_mb":956},{"date":"19780904","time":"1800","status":"HU","lat":42.5,"lon":-59.5,"wind_kt":115,"pressure_mb":956},{"date":"19780905","time":"0000","status":"HU","lat":45,"lon":-55,"wind_kt":105,"pressure_mb":960},{"date":"19780905","time":"0600","status":"HU","lat":47.2,"lon":-50.2,"wind_kt":80,"pressure_mb":975},{"date":"19780905","time":"1200","status":"HU","lat":49,"lon":-45,"wind_kt":65,"pressure_mb":980}]}},{"type":"Feature","geometry":{"type":"LineString","coordinates":[[-91,27.8],[-90.3,27.8],[-89.6,27.9],[-88.9,27.9],[-88.2,28],[-87.6,28],[-87.1,28],[-86.6,28],[-86,28]]},"properties":{"id":"hur-al111978","event_type":"hurricane","name":null,"year":1978,"max_wind_kt":30,"min_pressure_mb":null,"category":-1,"preliminary":false,"start_date":"19780830","end_date":"19780901","track":[{"date":"19780830","time":"1200","status":"TD","lat":27.8,"lon":-91,"wind_kt":20,"pressure_mb":null},{"date":"19780830","time":"1800","status":"TD","lat":27.8,"lon":-90.3,"wind_kt":25,"pressure_mb":null},{"date":"19780831","time":"0000","status":"TD","lat":27.9,"lon":-89.6,"wind_kt":30,"pressure_mb":null},{"date":"19780831","time":"0600","status":"TD","lat":27.9,"lon":-88.9,"wind_kt":30,"pressure_mb":null},{"date":"19780831","time":"1200","status":"TD","lat":28,"lon":-88.2,"wind_kt":30,"pressure_mb":null},{"date":"19780831","time":"1800","status":"TD","lat":28,"lon":-87.6,"wind_kt":25,"pressure_mb":null},{"date":"19780901","time":"0000","status":"TD","lat":28,"lon":-87.1,"wind_kt":25,"pressure_mb":null},{"date":"19780901","time":"0600","status":"TD","lat":28,"lon":-86.6,"wind_kt":20,"pressure_mb":null},{"date":"19780901","time":"1200","status":"TD","lat":28,"lon":-86,"wind_kt":20,"pressure_mb":null}]}},{"type":"Feature","geometry":{"type":"LineString","coordinates":[[-16,14],[-17.1,13.9],[-18.2,13.7],[-19.3,13.6],[-20.5,13.5],[-22.1,13.5],[-23.7,13.4],[-25.3,13.3],[-27,13.2],[-28.1,13.4],[-29.3,13.6],[-30.9,13.8],[-32.5,14],[-33.3,14.6],[-34.2,15.2],[-35.1,15.8],[-36,16.5],[-37,17.3],[-38,18.2],[-39,19.1],[-40,20],[-40.5,21],[-41,22],[-41.5,23],[-42,24],[-42,25.1],[-42,26.2],[-42,27.3],[-42,28.5],[-41.3,29.8],[-40.5,31],[-39.7,32.3],[-39,37.5]]},"properties":{"id":"hur-al121978","event_type":"hurricane","name":null,"year":1978,"max_wind_kt":30,"min_pressure_mb":null,"category":-1,"preliminary":false,"start_date":"19780903","end_date":"19780911","track":[{"date":"19780903","time":"1200","status":"TD","lat":14,"lon":-16,"wind_kt":20,"pressure_mb":null},{"date":"19780903","time":"1800","status":"TD","lat":13.9,"lon":-17.1,"wind_kt":20,"pressure_mb":null},{"date":"19780904","time":"0000","status":"TD","lat":13.7,"lon":-18.2,"wind_kt":25,"pressure_mb":null},{"date":"19780904","time":"0600","status":"TD","lat":13.6,"lon":-19.3,"wind_kt":25,"pressure_mb":null},{"date":"19780904","time":"1200","status":"TD","lat":13.5,"lon":-20.5,"wind_kt":25,"pressure_mb":null},{"date":"19780904","time":"1800","status":"TD","lat":13.5,"lon":-22.1,"wind_kt":30,"pressure_mb":null},{"date":"19780905","time":"0000","status":"TD","lat":13.4,"lon":-23.7,"wind_kt":30,"pressure_mb":null},{"date":"19780905","time":"0600","status":"TD","lat":13.3,"lon":-25.3,"wind_kt":30,"pressure_mb":null},{"date":"19780905","time":"1200","status":"TD","lat":13.2,"lon":-27,"wind_kt":30,"pressure_mb":null},{"date":"19780905","time":"1800","status":"TD","lat":13.4,"lon":-28.1,"wind_kt":30,"pressure_mb":null},{"date":"19780906","time":"0000","status":"TD","lat":13.6,"lon":-29.3,"wind_kt":30,"pressure_mb":null},{"date":"19780906","time":"0600","status":"TD","lat":13.8,"lon":-30.9,"wind_kt":30,"pressure_mb":null},{"date":"19780906","time":"1200","status":"TD","lat":14,"lon":-32.5,"wind_kt":30,"pressure_mb":null},{"date":"19780906","time":"1800","status":"TD","lat":14.6,"lon":-33.3,"wind_kt":30,"pressure_mb":null},{"date":"19780907","time":"0000","status":"TD","lat":15.2,"lon":-34.2,"wind_kt":30,"pressure_mb":null},{"date":"19780907","time":"0600","status":"TD","lat":15.8,"lon":-35.1,"wind_kt":30,"pressure_mb":null},{"date":"19780907","time":"1200","status":"TD","lat":16.5,"lon":-36,"wind_kt":30,"pressure_mb":null},{"date":"19780907","time":"1800","status":"TD","lat":17.3,"lon":-37,"wind_kt":30,"pressure_mb":null},{"date":"19780908","time":"0000","status":"TD","lat":18.2,"lon":-38,"wind_kt":30,"pressure_mb":null},{"date":"19780908","time":"0600","status":"TD","lat":19.1,"lon":-39,"wind_kt":30,"pressure_mb":null},{"date":"19780908","time":"1200","status":"TD","lat":20,"lon":-40,"wind_kt":25,"pressure_mb":null},{"date":"19780908","time":"1800","status":"TD","lat":21,"lon":-40.5,"wind_kt":25,"pressure_mb":null},{"date":"19780909","time":"0000","status":"TD","lat":22,"lon":-41,"wind_kt":25,"pressure_mb":null},{"date":"19780909","time":"0600","status":"TD","lat":23,"lon":-41.5,"wind_kt":25,"pressure_mb":null},{"date":"19780909","time":"1200","status":"TD","lat":24,"lon":-42,"wind_kt":25,"pressure_mb":null},{"date":"19780909","time":"1800","status":"TD","lat":25.1,"lon":-42,"wind_kt":25,"pressure_mb":null},{"date":"19780910","time":"0000","status":"TD","lat":26.2,"lon":-42,"wind_kt":25,"pressure_mb":null},{"date":"19780910","time":"0600","status":"TD","lat":27.3,"lon":-42,"wind_kt":25,"pressure_mb":null},{"date":"19780910","time":"1200","status":"TD","lat":28.5,"lon":-42,"wind_kt":20,"pressure_mb":null},{"date":"19780910","time":"1800","status":"TD","lat":29.8,"lon":-41.3,"wind_kt":20,"pressure_mb":null},{"date":"19780911","time":"0000","status":"TD","lat":31,"lon":-40.5,"wind_kt":20,"pressure_mb":null},{"date":"19780911","time":"0600","status":"TD","lat":32.3,"lon":-39.7,"wind_kt":20,"pressure_mb":null},{"date":"19780911","time":"1200","status":"TD","lat":37.5,"lon":-39,"wind_kt":20,"pressure_mb":null}]}},{"type":"Feature","geometry":{"type":"LineString","coordinates":[[-39,12],[-40,13],[-41.2,14.2],[-42.9,15.5],[-44.8,16.7],[-46.4,17.8],[-47.9,18.9],[-49.5,20.3],[-51.2,21.2],[-53.2,22],[-55.1,22.1],[-56.8,21.8],[-58,21.7],[-59,21.8],[-60,22.2],[-61.2,22.3],[-62,22.6],[-62,23.5],[-61.1,24.3],[-60.5,25],[-59.9,25.7],[-59.2,26.4],[-58.3,27.2],[-57.3,27.7],[-56.1,28.2],[-54.8,28.6],[-53.4,28.7],[-52,29.1],[-50.5,29.2],[-49.1,29.9],[-47.5,30.7],[-45.7,31],[-44.7,31.3],[-44,31.4],[-43.5,31.6],[-43,31.7],[-42.9,31.8],[-43,32.1],[-43,32.6],[-43.1,33.6],[-43.1,34.6],[-42.9,35.9],[-41.9,37.4],[-40.6,39.3],[-38.5,40.9],[-35.9,43.1],[-32.8,45.7],[-29.4,47.7],[-24.3,49.8],[-19,51.5]]},"properties":{"id":"hur-al131978","event_type":"hurricane","name":"FLOSSIE","year":1978,"max_wind_kt":85,"min_pressure_mb":976,"category":2,"preliminary":false,"start_date":"19780904","end_date":"19780916","track":[{"date":"19780904","time":"0000","status":"TD","lat":12,"lon":-39,"wind_kt":25,"pressure_mb":1006},{"date":"19780904","time":"0600","status":"TD","lat":13,"lon":-40,"wind_kt":30,"pressure_mb":null},{"date":"19780904","time":"1200","status":"TS","lat":14.2,"lon":-41.2,"wind_kt":35,"pressure_mb":null},{"date":"19780904","time":"1800","status":"TS","lat":15.5,"lon":-42.9,"wind_kt":35,"pressure_mb":null},{"date":"19780905","time":"0000","status":"TS","lat":16.7,"lon":-44.8,"wind_kt":35,"pressure_mb":null},{"date":"19780905","time":"0600","status":"TS","lat":17.8,"lon":-46.4,"wind_kt":35,"pressure_mb":null},{"date":"19780905","time":"1200","status":"TS","lat":18.9,"lon":-47.9,"wind_kt":35,"pressure_mb":null},{"date":"19780905","time":"1800","status":"TS","lat":20.3,"lon":-49.5,"wind_kt":35,"pressure_mb":null},{"date":"19780906","time":"0000","status":"TS","lat":21.2,"lon":-51.2,"wind_kt":35,"pressure_mb":null},{"date":"19780906","time":"0600","status":"TS","lat":22,"lon":-53.2,"wind_kt":35,"pressure_mb":null},{"date":"19780906","time":"1200","status":"TS","lat":22.1,"lon":-55.1,"wind_kt":35,"pressure_mb":null},{"date":"19780906","time":"1800","status":"TS","lat":21.8,"lon":-56.8,"wind_kt":40,"pressure_mb":1003},{"date":"19780907","time":"0000","status":"TS","lat":21.7,"lon":-58,"wind_kt":40,"pressure_mb":null},{"date":"19780907","time":"0600","status":"TS","lat":21.8,"lon":-59,"wind_kt":40,"pressure_mb":null},{"date":"19780907","time":"1200","status":"TS","lat":22.2,"lon":-60,"wind_kt":40,"pressure_mb":1001},{"date":"19780907","time":"1800","status":"TS","lat":22.3,"lon":-61.2,"wind_kt":40,"pressure_mb":null},{"date":"19780908","time":"0000","status":"TS","lat":22.6,"lon":-62,"wind_kt":40,"pressure_mb":null},{"date":"19780908","time":"0600","status":"TS","lat":23.5,"lon":-62,"wind_kt":35,"pressure_mb":1005},{"date":"19780908","time":"1200","status":"TS","lat":24.3,"lon":-61.1,"wind_kt":35,"pressure_mb":null},{"date":"19780908","time":"1800","status":"TD","lat":25,"lon":-60.5,"wind_kt":30,"pressure_mb":1008},{"date":"19780909","time":"0000","status":"TD","lat":25.7,"lon":-59.9,"wind_kt":30,"pressure_mb":null},{"date":"19780909","time":"0600","status":"TD","lat":26.4,"lon":-59.2,"wind_kt":25,"pressure_mb":1010},{"date":"19780909","time":"1200","status":"TD","lat":27.2,"lon":-58.3,"wind_kt":25,"pressure_mb":null},{"date":"19780909","time":"1800","status":"TD","lat":27.7,"lon":-57.3,"wind_kt":25,"pressure_mb":null},{"date":"19780910","time":"0000","status":"TD","lat":28.2,"lon":-56.1,"wind_kt":25,"pressure_mb":null},{"date":"19780910","time":"0600","status":"TD","lat":28.6,"lon":-54.8,"wind_kt":30,"pressure_mb":1008},{"date":"19780910","time":"1200","status":"TD","lat":28.7,"lon":-53.4,"wind_kt":30,"pressure_mb":null},{"date":"19780910","time":"1800","status":"TD","lat":29.1,"lon":-52,"wind_kt":30,"pressure_mb":null},{"date":"19780911","time":"0000","status":"TS","lat":29.2,"lon":-50.5,"wind_kt":35,"pressure_mb":1005},{"date":"19780911","time":"0600","status":"TS","lat":29.9,"lon":-49.1,"wind_kt":45,"pressure_mb":1001},{"date":"19780911","time":"1200","status":"TS","lat":30.7,"lon":-47.5,"wind_kt":55,"pressure_mb":998},{"date":"19780911","time":"1800","status":"TS","lat":31,"lon":-45.7,"wind_kt":55,"pressure_mb":null},{"date":"19780912","time":"0000","status":"TS","lat":31.3,"lon":-44.7,"wind_kt":60,"pressure_mb":995},{"date":"19780912","time":"0600","status":"HU","lat":31.4,"lon":-44,"wind_kt":65,"pressure_mb":992},{"date":"19780912","time":"1200","status":"HU","lat":31.6,"lon":-43.5,"wind_kt":75,"pressure_mb":985},{"date":"19780912","time":"1800","status":"HU","lat":31.7,"lon":-43,"wind_kt":80,"pressure_mb":980},{"date":"19780913","time":"0000","status":"HU","lat":31.8,"lon":-42.9,"wind_kt":85,"pressure_mb":976},{"date":"19780913","time":"0600","status":"HU","lat":32.1,"lon":-43,"wind_kt":85,"pressure_mb":null},{"date":"19780913","time":"1200","status":"HU","lat":32.6,"lon":-43,"wind_kt":85,"pressure_mb":null},{"date":"19780913","time":"1800","status":"HU","lat":33.6,"lon":-43.1,"wind_kt":75,"pressure_mb":985},{"date":"19780914","time":"0000","status":"HU","lat":34.6,"lon":-43.1,"wind_kt":75,"pressure_mb":null},{"date":"19780914","time":"0600","status":"HU","lat":35.9,"lon":-42.9,"wind_kt":75,"pressure_mb":null},{"date":"19780914","time":"1200","status":"HU","lat":37.4,"lon":-41.9,"wind_kt":75,"pressure_mb":null},{"date":"19780914","time":"1800","status":"HU","lat":39.3,"lon":-40.6,"wind_kt":75,"pressure_mb":null},{"date":"19780915","time":"0000","status":"HU","lat":40.9,"lon":-38.5,"wind_kt":75,"pressure_mb":null},{"date":"19780915","time":"0600","status":"HU","lat":43.1,"lon":-35.9,"wind_kt":65,"pressure_mb":992},{"date":"19780915","time":"1200","status":"TS","lat":45.7,"lon":-32.8,"wind_kt":55,"pressure_mb":998},{"date":"19780915","time":"1800","status":"TS","lat":47.7,"lon":-29.4,"wind_kt":50,"pressure_mb":null},{"date":"19780916","time":"0000","status":"EX","lat":49.8,"lon":-24.3,"wind_kt":45,"pressure_mb":1000},{"date":"19780916","time":"0600","status":"EX","lat":51.5,"lon":-19,"wind_kt":45,"pressure_mb":null}]}},{"type":"Feature","geometry":{"type":"LineString","coordinates":[[-94,23],[-94.5,23.3],[-95,23.5],[-95.5,23.8],[-96,24],[-96.5,23.9],[-97,23.7],[-97.5,23.6],[-98,23.5],[-98.5,24]]},"properties":{"id":"hur-al141978","event_type":"hurricane","name":null,"year":1978,"max_wind_kt":30,"min_pressure_mb":null,"category":-1,"preliminary":false,"start_date":"19780908","end_date":"19780910","track":[{"date":"19780908","time":"1200","status":"TD","lat":23,"lon":-94,"wind_kt":20,"pressure_mb":null},{"date":"19780908","time":"1800","status":"TD","lat":23.3,"lon":-94.5,"wind_kt":25,"pressure_mb":null},{"date":"19780909","time":"0000","status":"TD","lat":23.5,"lon":-95,"wind_kt":25,"pressure_mb":null},{"date":"19780909","time":"0600","status":"TD","lat":23.8,"lon":-95.5,"wind_kt":30,"pressure_mb":null},{"date":"19780909","time":"1200","status":"TD","lat":24,"lon":-96,"wind_kt":30,"pressure_mb":null},{"date":"19780909","time":"1800","status":"TD","lat":23.9,"lon":-96.5,"wind_kt":30,"pressure_mb":null},{"date":"19780910","time":"0000","status":"TD","lat":23.7,"lon":-97,"wind_kt":30,"pressure_mb":null},{"date":"19780910","time":"0600","status":"TD","lat":23.6,"lon":-97.5,"wind_kt":25,"pressure_mb":null},{"date":"19780910","time":"1200","status":"TD","lat":23.5,"lon":-98,"wind_kt":20,"pressure_mb":null},{"date":"19780910","time":"1800","status":"TD","lat":24,"lon":-98.5,"wind_kt":null,"pressure_mb":null}]}},{"type":"Feature","geometry":{"type":"LineString","coordinates":[[-80,29.8],[-79.3,30.3],[-78.6,30.9],[-77.7,31.2],[-76.5,31.1],[-75.2,31.2],[-74.2,31.8],[-73.1,32.3],[-72.1,32.8],[-70.8,33],[-68.7,33.2],[-66.2,33.3],[-64.8,32.9],[-62.8,32],[-62.1,31.6],[-61.3,31.1],[-60.3,31],[-59.2,31],[-58.1,31.2],[-57.2,31.7],[-56,32.4],[-54.8,33],[-53.4,33.8],[-51.8,35],[-49.9,36],[-47.8,37],[-45.2,38],[-43,39.1],[-40.5,40.1],[-38.5,41.2],[-36.5,42.5],[-35,44],[-33,45.5],[-30,48.2],[-29.5,51.5],[-29.5,54],[-30,57],[-28,59.5],[-23,61]]},"properties":{"id":"hur-al151978","event_type":"hurricane","name":"HOPE","year":1978,"max_wind_kt":55,"min_pressure_mb":987,"category":0,"preliminary":false,"start_date":"19780912","end_date":"19780921","track":[{"date":"19780912","time":"0000","status":"SD","lat":29.8,"lon":-80,"wind_kt":25,"pressure_mb":1012},{"date":"19780912","time":"0600","status":"SD","lat":30.3,"lon":-79.3,"wind_kt":25,"pressure_mb":null},{"date":"19780912","time":"1200","status":"SD","lat":30.9,"lon":-78.6,"wind_kt":25,"pressure_mb":1010},{"date":"19780912","time":"1800","status":"SD","lat":31.2,"lon":-77.7,"wind_kt":25,"pressure_mb":null},{"date":"19780913","time":"0000","status":"SD","lat":31.1,"lon":-76.5,"wind_kt":25,"pressure_mb":1010},{"date":"19780913","time":"0600","status":"SD","lat":31.2,"lon":-75.2,"wind_kt":25,"pressure_mb":null},{"date":"19780913","time":"1200","status":"SD","lat":31.8,"lon":-74.2,"wind_kt":25,"pressure_mb":1009},{"date":"19780913","time":"1800","status":"SD","lat":32.3,"lon":-73.1,"wind_kt":25,"pressure_mb":null},{"date":"19780914","time":"0000","status":"SD","lat":32.8,"lon":-72.1,"wind_kt":25,"pressure_mb":1008},{"date":"19780914","time":"0600","status":"SD","lat":33,"lon":-70.8,"wind_kt":25,"pressure_mb":null},{"date":"19780914","time":"1200","status":"SD","lat":33.2,"lon":-68.7,"wind_kt":30,"pressure_mb":1009},{"date":"19780914","time":"1800","status":"SD","lat":33.3,"lon":-66.2,"wind_kt":30,"pressure_mb":null},{"date":"19780915","time":"0000","status":"SS","lat":32.9,"lon":-64.8,"wind_kt":35,"pressure_mb":1008},{"date":"19780915","time":"0600","status":"SS","lat":32,"lon":-62.8,"wind_kt":35,"pressure_mb":null},{"date":"19780915","time":"1200","status":"SS","lat":31.6,"lon":-62.1,"wind_kt":35,"pressure_mb":1005},{"date":"19780915","time":"1800","status":"SS","lat":31.1,"lon":-61.3,"wind_kt":35,"pressure_mb":null},{"date":"19780916","time":"0000","status":"SS","lat":31,"lon":-60.3,"wind_kt":35,"pressure_mb":1002},{"date":"19780916","time":"0600","status":"SS","lat":31,"lon":-59.2,"wind_kt":35,"pressure_mb":null},{"date":"19780916","time":"1200","status":"SS","lat":31.2,"lon":-58.1,"wind_kt":35,"pressure_mb":null},{"date":"19780916","time":"1800","status":"SS","lat":31.7,"lon":-57.2,"wind_kt":35,"pressure_mb":null},{"date":"19780917","time":"0000","status":"SS","lat":32.4,"lon":-56,"wind_kt":35,"pressure_mb":null},{"date":"19780917","time":"0600","status":"TS","lat":33,"lon":-54.8,"wind_kt":40,"pressure_mb":1000},{"date":"19780917","time":"1200","status":"TS","lat":33.8,"lon":-53.4,"wind_kt":40,"pressure_mb":null},{"date":"19780917","time":"1800","status":"TS","lat":35,"lon":-51.8,"wind_kt":45,"pressure_mb":998},{"date":"19780918","time":"0000","status":"TS","lat":36,"lon":-49.9,"wind_kt":50,"pressure_mb":null},{"date":"19780918","time":"0600","status":"TS","lat":37,"lon":-47.8,"wind_kt":50,"pressure_mb":995},{"date":"19780918","time":"1200","status":"TS","lat":38,"lon":-45.2,"wind_kt":50,"pressure_mb":null},{"date":"19780918","time":"1800","status":"TS","lat":39.1,"lon":-43,"wind_kt":55,"pressure_mb":990},{"date":"19780919","time":"0000","status":"TS","lat":40.1,"lon":-40.5,"wind_kt":55,"pressure_mb":null},{"date":"19780919","time":"0600","status":"TS","lat":41.2,"lon":-38.5,"wind_kt":55,"pressure_mb":null},{"date":"19780919","time":"1200","status":"TS","lat":42.5,"lon":-36.5,"wind_kt":55,"pressure_mb":987},{"date":"19780919","time":"1800","status":"TS","lat":44,"lon":-35,"wind_kt":55,"pressure_mb":null},{"date":"19780920","time":"0000","status":"TS","lat":45.5,"lon":-33,"wind_kt":55,"pressure_mb":990},{"date":"19780920","time":"0600","status":"TS","lat":48.2,"lon":-30,"wind_kt":50,"pressure_mb":null},{"date":"19780920","time":"1200","status":"TS","lat":51.5,"lon":-29.5,"wind_kt":50,"pressure_mb":null},{"date":"19780920","time":"1800","status":"TS","lat":54,"lon":-29.5,"wind_kt":50,"pressure_mb":null},{"date":"19780921","time":"0000","status":"TS","lat":57,"lon":-30,"wind_kt":50,"pressure_mb":995},{"date":"19780921","time":"0600","status":"TS","lat":59.5,"lon":-28,"wind_kt":45,"pressure_mb":null},{"date":"19780921","time":"1200","status":"EX","lat":61,"lon":-23,"wind_kt":45,"pressure_mb":null}]}},{"type":"Feature","geometry":{"type":"LineString","coordinates":[[-62.5,11],[-64.5,11.5],[-66,12],[-67.5,12.5],[-69,13],[-70.4,13.3],[-71.7,13.4],[-73.1,13.5],[-74.2,13.7],[-75.3,13.8],[-76.7,13.8],[-77.7,14],[-78.7,14.3],[-79.6,14.6],[-80.5,14.9],[-81.6,15.2],[-82.6,15.5],[-83.4,15.6],[-84.3,15.8],[-85.6,16.4],[-86.9,16.6],[-88.2,17],[-89.4,17],[-90.7,16.7],[-92,16],[-93,15.7]]},"properties":{"id":"hur-al161978","event_type":"hurricane","name":"GRETA","year":1978,"max_wind_kt":115,"min_pressure_mb":947,"category":4,"preliminary":false,"start_date":"19780913","end_date":"19780920","track":[{"date":"19780913","time":"1800","status":"TD","lat":11,"lon":-62.5,"wind_kt":25,"pressure_mb":null},{"date":"19780914","time":"0000","status":"TD","lat":11.5,"lon":-64.5,"wind_kt":25,"pressure_mb":null},{"date":"19780914","time":"0600","status":"TD","lat":12,"lon":-66,"wind_kt":30,"pressure_mb":null},{"date":"19780914","time":"1200","status":"TS","lat":12.5,"lon":-67.5,"wind_kt":35,"pressure_mb":null},{"date":"19780914","time":"1800","status":"TS","lat":13,"lon":-69,"wind_kt":35,"pressure_mb":1004},{"date":"19780915","time":"0000","status":"TS","lat":13.3,"lon":-70.4,"wind_kt":40,"pressure_mb":null},{"date":"19780915","time":"0600","status":"TS","lat":13.4,"lon":-71.7,"wind_kt":40,"pressure_mb":null},{"date":"19780915","time":"1200","status":"TS","lat":13.5,"lon":-73.1,"wind_kt":45,"pressure_mb":null},{"date":"19780915","time":"1800","status":"TS","lat":13.7,"lon":-74.2,"wind_kt":50,"pressure_mb":1000},{"date":"19780916","time":"0000","status":"TS","lat":13.8,"lon":-75.3,"wind_kt":55,"pressure_mb":995},{"date":"19780916","time":"0600","status":"TS","lat":13.8,"lon":-76.7,"wind_kt":60,"pressure_mb":null},{"date":"19780916","time":"1200","status":"HU","lat":14,"lon":-77.7,"wind_kt":70,"pressure_mb":989},{"date":"19780916","time":"1800","status":"HU","lat":14.3,"lon":-78.7,"wind_kt":75,"pressure_mb":null},{"date":"19780917","time":"0000","status":"HU","lat":14.6,"lon":-79.6,"wind_kt":80,"pressure_mb":982},{"date":"19780917","time":"0600","status":"HU","lat":14.9,"lon":-80.5,"wind_kt":85,"pressure_mb":null},{"date":"19780917","time":"1200","status":"HU","lat":15.2,"lon":-81.6,"wind_kt":90,"pressure_mb":974},{"date":"19780917","time":"1800","status":"HU","lat":15.5,"lon":-82.6,"wind_kt":95,"pressure_mb":968},{"date":"19780918","time":"0000","status":"HU","lat":15.6,"lon":-83.4,"wind_kt":110,"pressure_mb":952},{"date":"19780918","time":"0600","status":"HU","lat":15.8,"lon":-84.3,"wind_kt":115,"pressure_mb":947},{"date":"19780918","time":"1200","status":"HU","lat":16.4,"lon":-85.6,"wind_kt":105,"pressure_mb":957},{"date":"19780918","time":"1800","status":"HU","lat":16.6,"lon":-86.9,"wind_kt":100,"pressure_mb":964},{"date":"19780919","time":"0000","status":"HU","lat":17,"lon":-88.2,"wind_kt":95,"pressure_mb":964},{"date":"19780919","time":"0600","status":"TS","lat":17,"lon":-89.4,"wind_kt":50,"pressure_mb":null},{"date":"19780919","time":"1200","status":"TD","lat":16.7,"lon":-90.7,"wind_kt":30,"pressure_mb":null},{"date":"19780919","time":"1800","status":"TD","lat":16,"lon":-92,"wind_kt":30,"pressure_mb":null},{"date":"19780920","time":"0000","status":"TD","lat":15.7,"lon":-93,"wind_kt":30,"pressure_mb":null}]}},{"type":"Feature","geometry":{"type":"LineString","coordinates":[[-16,13],[-17.4,12.8],[-18.8,12.5],[-20.1,12.3],[-21.5,12],[-22.9,12],[-24.3,12],[-25.7,12],[-27,12],[-28.3,12.2],[-29.5,12.5],[-30.7,12.7],[-32,13],[-33.7,13.5],[-35.5,14],[-37.3,14.5],[-39,15],[-39.8,15.4],[-40.5,15.8],[-41.2,16.2],[-42,16.5],[-42.7,16.6],[-43.5,16.7],[-44.2,16.8],[-45,17],[-46,17.2],[-47,17.5],[-48,17.8],[-49,18],[-49.8,18.5],[-50.5,19],[-51.2,19.5],[-52,20],[-52.8,20.8],[-53.5,21.5],[-54.2,22.2],[-55,23],[-55.5,23.8],[-56,24.5],[-56.5,25.2],[-57,26],[-57,27.8],[-57,29.5],[-57,31.2],[-57,33]]},"properties":{"id":"hur-al171978","event_type":"hurricane","name":null,"year":1978,"max_wind_kt":30,"min_pressure_mb":null,"category":-1,"preliminary":false,"start_date":"19780918","end_date":"19780929","track":[{"date":"19780918","time":"1200","status":"TD","lat":13,"lon":-16,"wind_kt":20,"pressure_mb":null},{"date":"19780918","time":"1800","status":"TD","lat":12.8,"lon":-17.4,"wind_kt":20,"pressure_mb":null},{"date":"19780919","time":"0000","status":"TD","lat":12.5,"lon":-18.8,"wind_kt":25,"pressure_mb":null},{"date":"19780919","time":"0600","status":"TD","lat":12.3,"lon":-20.1,"wind_kt":25,"pressure_mb":null},{"date":"19780919","time":"1200","status":"TD","lat":12,"lon":-21.5,"wind_kt":30,"pressure_mb":null},{"date":"19780919","time":"1800","status":"TD","lat":12,"lon":-22.9,"wind_kt":30,"pressure_mb":null},{"date":"19780920","time":"0000","status":"TD","lat":12,"lon":-24.3,"wind_kt":30,"pressure_mb":null},{"date":"19780920","time":"0600","status":"TD","lat":12,"lon":-25.7,"wind_kt":30,"pressure_mb":null},{"date":"19780920","time":"1200","status":"TD","lat":12,"lon":-27,"wind_kt":30,"pressure_mb":null},{"date":"19780920","time":"1800","status":"TD","lat":12.2,"lon":-28.3,"wind_kt":30,"pressure_mb":null},{"date":"19780921","time":"0000","status":"TD","lat":12.5,"lon":-29.5,"wind_kt":30,"pressure_mb":null},{"date":"19780921","time":"0600","status":"TD","lat":12.7,"lon":-30.7,"wind_kt":30,"pressure_mb":null},{"date":"19780921","time":"1200","status":"TD","lat":13,"lon":-32,"wind_kt":30,"pressure_mb":null},{"date":"19780921","time":"1800","status":"TD","lat":13.5,"lon":-33.7,"wind_kt":30,"pressure_mb":null},{"date":"19780922","time":"0000","status":"TD","lat":14,"lon":-35.5,"wind_kt":30,"pressure_mb":null},{"date":"19780922","time":"0600","status":"TD","lat":14.5,"lon":-37.3,"wind_kt":30,"pressure_mb":null},{"date":"19780922","time":"1200","status":"TD","lat":15,"lon":-39,"wind_kt":30,"pressure_mb":null},{"date":"19780922","time":"1800","status":"TD","lat":15.4,"lon":-39.8,"wind_kt":30,"pressure_mb":null},{"date":"19780923","time":"0000","status":"TD","lat":15.8,"lon":-40.5,"wind_kt":30,"pressure_mb":null},{"date":"19780923","time":"0600","status":"TD","lat":16.2,"lon":-41.2,"wind_kt":30,"pressure_mb":null},{"date":"19780923","time":"1200","status":"TD","lat":16.5,"lon":-42,"wind_kt":30,"pressure_mb":null},{"date":"19780923","time":"1800","status":"TD","lat":16.6,"lon":-42.7,"wind_kt":30,"pressure_mb":null},{"date":"19780924","time":"0000","status":"TD","lat":16.7,"lon":-43.5,"wind_kt":30,"pressure_mb":null},{"date":"19780924","time":"0600","status":"TD","lat":16.8,"lon":-44.2,"wind_kt":30,"pressure_mb":null},{"date":"19780924","time":"1200","status":"TD","lat":17,"lon":-45,"wind_kt":30,"pressure_mb":null},{"date":"19780924","time":"1800","status":"TD","lat":17.2,"lon":-46,"wind_kt":30,"pressure_mb":null},{"date":"19780925","time":"0000","status":"TD","lat":17.5,"lon":-47,"wind_kt":30,"pressure_mb":null},{"date":"19780925","time":"0600","status":"TD","lat":17.8,"lon":-48,"wind_kt":30,"pressure_mb":null},{"date":"19780925","time":"1200","status":"TD","lat":18,"lon":-49,"wind_kt":30,"pressure_mb":null},{"date":"19780925","time":"1800","status":"TD","lat":18.5,"lon":-49.8,"wind_kt":30,"pressure_mb":null},{"date":"19780926","time":"0000","status":"TD","lat":19,"lon":-50.5,"wind_kt":30,"pressure_mb":null},{"date":"19780926","time":"0600","status":"TD","lat":19.5,"lon":-51.2,"wind_kt":30,"pressure_mb":null},{"date":"19780926","time":"1200","status":"TD","lat":20,"lon":-52,"wind_kt":30,"pressure_mb":null},{"date":"19780926","time":"1800","status":"TD","lat":20.8,"lon":-52.8,"wind_kt":30,"pressure_mb":null},{"date":"19780927","time":"0000","status":"TD","lat":21.5,"lon":-53.5,"wind_kt":30,"pressure_mb":null},{"date":"19780927","time":"0600","status":"TD","lat":22.2,"lon":-54.2,"wind_kt":30,"pressure_mb":null},{"date":"19780927","time":"1200","status":"TD","lat":23,"lon":-55,"wind_kt":30,"pressure_mb":null},{"date":"19780927","time":"1800","status":"TD","lat":23.8,"lon":-55.5,"wind_kt":25,"pressure_mb":null},{"date":"19780928","time":"0000","status":"TD","lat":24.5,"lon":-56,"wind_kt":25,"pressure_mb":null},{"date":"19780928","time":"0600","status":"TD","lat":25.2,"lon":-56.5,"wind_kt":25,"pressure_mb":null},{"date":"19780928","time":"1200","status":"TD","lat":26,"lon":-57,"wind_kt":25,"pressure_mb":null},{"date":"19780928","time":"1800","status":"TD","lat":27.8,"lon":-57,"wind_kt":25,"pressure_mb":null},{"date":"19780929","time":"0000","status":"TD","lat":29.5,"lon":-57,"wind_kt":20,"pressure_mb":null},{"date":"19780929","time":"0600","status":"TD","lat":31.2,"lon":-57,"wind_kt":20,"pressure_mb":null},{"date":"19780929","time":"1200","status":"TD","lat":33,"lon":-57,"wind_kt":20,"pressure_mb":null}]}},{"type":"Feature","geometry":{"type":"LineString","coordinates":[[-91,20],[-92,20.2],[-93,20.5],[-94,20.8],[-95,21],[-95.8,21.2],[-96.5,21.5],[-97.2,21.8],[-98,22]]},"properties":{"id":"hur-al181978","event_type":"hurricane","name":null,"year":1978,"max_wind_kt":30,"min_pressure_mb":null,"category":-1,"preliminary":false,"start_date":"19780921","end_date":"19780923","track":[{"date":"19780921","time":"1200","status":"TD","lat":20,"lon":-91,"wind_kt":20,"pressure_mb":null},{"date":"19780921","time":"1800","status":"TD","lat":20.2,"lon":-92,"wind_kt":25,"pressure_mb":null},{"date":"19780922","time":"0000","status":"TD","lat":20.5,"lon":-93,"wind_kt":25,"pressure_mb":null},{"date":"19780922","time":"0600","status":"TD","lat":20.8,"lon":-94,"wind_kt":30,"pressure_mb":null},{"date":"19780922","time":"1200","status":"TD","lat":21,"lon":-95,"wind_kt":30,"pressure_mb":null},{"date":"19780922","time":"1800","status":"TD","lat":21.2,"lon":-95.8,"wind_kt":30,"pressure_mb":null},{"date":"19780923","time":"0000","status":"TD","lat":21.5,"lon":-96.5,"wind_kt":30,"pressure_mb":null},{"date":"19780923","time":"0600","status":"TD","lat":21.8,"lon":-97.2,"wind_kt":25,"pressure_mb":null},{"date":"19780923","time":"1200","status":"TD","lat":22,"lon":-98,"wind_kt":null,"pressure_mb":null}]}},{"type":"Feature","geometry":{"type":"LineString","coordinates":[[-31.5,31.7],[-31.5,32],[-31.5,32.3],[-31.5,32.6],[-31.5,32.9],[-31.5,33.4],[-31.5,33.9],[-31.5,34.5],[-31.5,35.1],[-31.4,35.8],[-31.2,36.7],[-30.4,38.2],[-28.8,40],[-26.2,43]]},"properties":{"id":"hur-al191978","event_type":"hurricane","name":"IRMA","year":1978,"max_wind_kt":45,"min_pressure_mb":1001,"category":0,"preliminary":false,"start_date":"19781002","end_date":"19781005","track":[{"date":"19781002","time":"1200","status":"SD","lat":31.7,"lon":-31.5,"wind_kt":30,"pressure_mb":1010},{"date":"19781002","time":"1800","status":"SD","lat":32,"lon":-31.5,"wind_kt":30,"pressure_mb":1006},{"date":"19781003","time":"0000","status":"SD","lat":32.3,"lon":-31.5,"wind_kt":30,"pressure_mb":null},{"date":"19781003","time":"0600","status":"SD","lat":32.6,"lon":-31.5,"wind_kt":30,"pressure_mb":null},{"date":"19781003","time":"1200","status":"SD","lat":32.9,"lon":-31.5,"wind_kt":30,"pressure_mb":null},{"date":"19781003","time":"1800","status":"SD","lat":33.4,"lon":-31.5,"wind_kt":30,"pressure_mb":null},{"date":"19781004","time":"0000","status":"SD","lat":33.9,"lon":-31.5,"wind_kt":30,"pressure_mb":null},{"date":"19781004","time":"0600","status":"SD","lat":34.5,"lon":-31.5,"wind_kt":30,"pressure_mb":null},{"date":"19781004","time":"1200","status":"TS","lat":35.1,"lon":-31.5,"wind_kt":40,"pressure_mb":1004},{"date":"19781004","time":"1800","status":"TS","lat":35.8,"lon":-31.4,"wind_kt":45,"pressure_mb":1002},{"date":"19781005","time":"0000","status":"TS","lat":36.7,"lon":-31.2,"wind_kt":45,"pressure_mb":1001},{"date":"19781005","time":"0600","status":"TS","lat":38.2,"lon":-30.4,"wind_kt":40,"pressure_mb":1002},{"date":"19781005","time":"1200","status":"TS","lat":40,"lon":-28.8,"wind_kt":40,"pressure_mb":null},{"date":"19781005","time":"1800","status":"EX","lat":43,"lon":-26.2,"wind_kt":40,"pressure_mb":null}]}},{"type":"Feature","geometry":{"type":"LineString","coordinates":[[-55.6,18],[-56.6,18.3],[-57.7,18.6],[-58.7,18.8],[-59.8,19],[-60.9,19.3],[-62,19.7],[-63,19.9],[-64.2,20.3],[-65.4,20.9],[-67,21.7],[-68.8,22.8],[-70.1,24.3],[-70.9,26.2],[-71,28.3],[-69.9,30.2]]},"properties":{"id":"hur-al201978","event_type":"hurricane","name":"JULIET","year":1978,"max_wind_kt":45,"min_pressure_mb":1006,"category":0,"preliminary":false,"start_date":"19781007","end_date":"19781011","track":[{"date":"19781007","time":"1800","status":"TD","lat":18,"lon":-55.6,"wind_kt":25,"pressure_mb":1011},{"date":"19781008","time":"0000","status":"TD","lat":18.3,"lon":-56.6,"wind_kt":30,"pressure_mb":1010},{"date":"19781008","time":"0600","status":"TD","lat":18.6,"lon":-57.7,"wind_kt":30,"pressure_mb":1009},{"date":"19781008","time":"1200","status":"TS","lat":18.8,"lon":-58.7,"wind_kt":35,"pressure_mb":1008},{"date":"19781008","time":"1800","status":"TS","lat":19,"lon":-59.8,"wind_kt":40,"pressure_mb":1007},{"date":"19781009","time":"0000","status":"TS","lat":19.3,"lon":-60.9,"wind_kt":45,"pressure_mb":1006},{"date":"19781009","time":"0600","status":"TS","lat":19.7,"lon":-62,"wind_kt":45,"pressure_mb":1006},{"date":"19781009","time":"1200","status":"TS","lat":19.9,"lon":-63,"wind_kt":45,"pressure_mb":1006},{"date":"19781009","time":"1800","status":"TS","lat":20.3,"lon":-64.2,"wind_kt":45,"pressure_mb":1006},{"date":"19781010","time":"0000","status":"TS","lat":20.9,"lon":-65.4,"wind_kt":45,"pressure_mb":1006},{"date":"19781010","time":"0600","status":"TS","lat":21.7,"lon":-67,"wind_kt":45,"pressure_mb":1006},{"date":"19781010","time":"1200","status":"TS","lat":22.8,"lon":-68.8,"wind_kt":45,"pressure_mb":1006},{"date":"19781010","time":"1800","status":"TS","lat":24.3,"lon":-70.1,"wind_kt":45,"pressure_mb":1006},{"date":"19781011","time":"0000","status":"TS","lat":26.2,"lon":-70.9,"wind_kt":45,"pressure_mb":1006},{"date":"19781011","time":"0600","status":"TS","lat":28.3,"lon":-71,"wind_kt":40,"pressure_mb":1006},{"date":"19781011","time":"1200","status":"TS","lat":30.2,"lon":-69.9,"wind_kt":35,"pressure_mb":1006}]}},{"type":"Feature","geometry":{"type":"LineString","coordinates":[[-31,40.5],[-31.5,39.7],[-32,38.8],[-32.5,37.9],[-33,37],[-34,36.5],[-35,36],[-36,35.5],[-37,35],[-38,35.2],[-39,35.5],[-40,35.8],[-41,36],[-41,37],[-41,38],[-41,39],[-41,40],[-40.5,41]]},"properties":{"id":"hur-al211978","event_type":"hurricane","name":null,"year":1978,"max_wind_kt":30,"min_pressure_mb":null,"category":-1,"preliminary":false,"start_date":"19781013","end_date":"19781017","track":[{"date":"19781013","time":"1200","status":"TD","lat":40.5,"lon":-31,"wind_kt":20,"pressure_mb":null},{"date":"19781013","time":"1800","status":"TD","lat":39.7,"lon":-31.5,"wind_kt":20,"pressure_mb":null},{"date":"19781014","time":"0000","status":"TD","lat":38.8,"lon":-32,"wind_kt":20,"pressure_mb":null},{"date":"19781014","time":"0600","status":"TD","lat":37.9,"lon":-32.5,"wind_kt":20,"pressure_mb":null},{"date":"19781014","time":"1200","status":"TD","lat":37,"lon":-33,"wind_kt":20,"pressure_mb":null},{"date":"19781014","time":"1800","status":"TD","lat":36.5,"lon":-34,"wind_kt":20,"pressure_mb":null},{"date":"19781015","time":"0000","status":"TD","lat":36,"lon":-35,"wind_kt":25,"pressure_mb":null},{"date":"19781015","time":"0600","status":"TD","lat":35.5,"lon":-36,"wind_kt":25,"pressure_mb":null},{"date":"19781015","time":"1200","status":"TD","lat":35,"lon":-37,"wind_kt":30,"pressure_mb":null},{"date":"19781015","time":"1800","status":"TD","lat":35.2,"lon":-38,"wind_kt":30,"pressure_mb":null},{"date":"19781016","time":"0000","status":"TD","lat":35.5,"lon":-39,"wind_kt":30,"pressure_mb":null},{"date":"19781016","time":"0600","status":"TD","lat":35.8,"lon":-40,"wind_kt":30,"pressure_mb":null},{"date":"19781016","time":"1200","status":"TD","lat":36,"lon":-41,"wind_kt":30,"pressure_mb":null},{"date":"19781016","time":"1800","status":"TD","lat":37,"lon":-41,"wind_kt":30,"pressure_mb":null},{"date":"19781017","time":"0000","status":"TD","lat":38,"lon":-41,"wind_kt":30,"pressure_mb":null},{"date":"19781017","time":"0600","status":"TD","lat":39,"lon":-41,"wind_kt":25,"pressure_mb":null},{"date":"19781017","time":"1200","status":"TD","lat":40,"lon":-41,"wind_kt":25,"pressure_mb":null},{"date":"19781017","time":"1800","status":"TD","lat":41,"lon":-40.5,"wind_kt":20,"pressure_mb":null}]}},{"type":"Feature","geometry":{"type":"LineString","coordinates":[[-26,8],[-27,8],[-28,8],[-29,8],[-30,8],[-31.2,8],[-32.5,8],[-33.7,8],[-35,8],[-35.8,8.2],[-36.5,8.5],[-37.2,8.7],[-38,9]]},"properties":{"id":"hur-al221978","event_type":"hurricane","name":null,"year":1978,"max_wind_kt":25,"min_pressure_mb":null,"category":-1,"preliminary":false,"start_date":"19781026","end_date":"19781029","track":[{"date":"19781026","time":"1200","status":"TD","lat":8,"lon":-26,"wind_kt":20,"pressure_mb":null},{"date":"19781026","time":"1800","status":"TD","lat":8,"lon":-27,"wind_kt":20,"pressure_mb":null},{"date":"19781027","time":"0000","status":"TD","lat":8,"lon":-28,"wind_kt":25,"pressure_mb":null},{"date":"19781027","time":"0600","status":"TD","lat":8,"lon":-29,"wind_kt":25,"pressure_mb":null},{"date":"19781027","time":"1200","status":"TD","lat":8,"lon":-30,"wind_kt":25,"pressure_mb":null},{"date":"19781027","time":"1800","status":"TD","lat":8,"lon":-31.2,"wind_kt":25,"pressure_mb":null},{"date":"19781028","time":"0000","status":"TD","lat":8,"lon":-32.5,"wind_kt":25,"pressure_mb":null},{"date":"19781028","time":"0600","status":"TD","lat":8,"lon":-33.7,"wind_kt":25,"pressure_mb":null},{"date":"19781028","time":"1200","status":"TD","lat":8,"lon":-35,"wind_kt":25,"pressure_mb":null},{"date":"19781028","time":"1800","status":"TD","lat":8.2,"lon":-35.8,"wind_kt":20,"pressure_mb":null},{"date":"19781029","time":"0000","status":"TD","lat":8.5,"lon":-36.5,"wind_kt":20,"pressure_mb":null},{"date":"19781029","time":"0600","status":"TD","lat":8.7,"lon":-37.2,"wind_kt":20,"pressure_mb":null},{"date":"19781029","time":"1200","status":"TD","lat":9,"lon":-38,"wind_kt":20,"pressure_mb":null}]}},{"type":"Feature","geometry":{"type":"LineString","coordinates":[[-72.7,23.5],[-73.2,24.2],[-73.6,24.9],[-73.7,25.7],[-74.1,26.2],[-73.7,27.3],[-73.5,28.1],[-72.6,28.9],[-72.3,29.3],[-72,30],[-72.1,30.5],[-71.9,31.1],[-71.7,31.7],[-70.5,32.6],[-68.2,33.7],[-65.5,35.2],[-60.5,38],[-55.5,40.5],[-50,41],[-44,43.5],[-39.5,44.5],[-35,46],[-31,47.5],[-27,50]]},"properties":{"id":"hur-al231978","event_type":"hurricane","name":"KENDRA","year":1978,"max_wind_kt":70,"min_pressure_mb":990,"category":1,"preliminary":false,"start_date":"19781028","end_date":"19781103","track":[{"date":"19781028","time":"1800","status":"TD","lat":23.5,"lon":-72.7,"wind_kt":30,"pressure_mb":1008},{"date":"19781029","time":"0000","status":"TS","lat":24.2,"lon":-73.2,"wind_kt":40,"pressure_mb":1002},{"date":"19781029","time":"0600","status":"TS","lat":24.9,"lon":-73.6,"wind_kt":40,"pressure_mb":null},{"date":"19781029","time":"1200","status":"TS","lat":25.7,"lon":-73.7,"wind_kt":55,"pressure_mb":998},{"date":"19781029","time":"1800","status":"HU","lat":26.2,"lon":-74.1,"wind_kt":65,"pressure_mb":995},{"date":"19781030","time":"0000","status":"HU","lat":27.3,"lon":-73.7,"wind_kt":65,"pressure_mb":null},{"date":"19781030","time":"0600","status":"HU","lat":28.1,"lon":-73.5,"wind_kt":65,"pressure_mb":null},{"date":"19781030","time":"1200","status":"HU","lat":28.9,"lon":-72.6,"wind_kt":70,"pressure_mb":990},{"date":"19781030","time":"1800","status":"HU","lat":29.3,"lon":-72.3,"wind_kt":65,"pressure_mb":998},{"date":"19781031","time":"0000","status":"TS","lat":30,"lon":-72,"wind_kt":45,"pressure_mb":1006},{"date":"19781031","time":"0600","status":"TS","lat":30.5,"lon":-72.1,"wind_kt":45,"pressure_mb":null},{"date":"19781031","time":"1200","status":"TS","lat":31.1,"lon":-71.9,"wind_kt":45,"pressure_mb":null},{"date":"19781031","time":"1800","status":"TS","lat":31.7,"lon":-71.7,"wind_kt":45,"pressure_mb":null},{"date":"19781101","time":"0000","status":"TS","lat":32.6,"lon":-70.5,"wind_kt":45,"pressure_mb":null},{"date":"19781101","time":"0600","status":"EX","lat":33.7,"lon":-68.2,"wind_kt":30,"pressure_mb":1008},{"date":"19781101","time":"1200","status":"EX","lat":35.2,"lon":-65.5,"wind_kt":30,"pressure_mb":1006},{"date":"19781101","time":"1800","status":"EX","lat":38,"lon":-60.5,"wind_kt":40,"pressure_mb":1002},{"date":"19781102","time":"0000","status":"EX","lat":40.5,"lon":-55.5,"wind_kt":40,"pressure_mb":null},{"date":"19781102","time":"0600","status":"EX","lat":41,"lon":-50,"wind_kt":40,"pressure_mb":null},{"date":"19781102","time":"1200","status":"EX","lat":43.5,"lon":-44,"wind_kt":40,"pressure_mb":null},{"date":"19781102","time":"1800","status":"EX","lat":44.5,"lon":-39.5,"wind_kt":40,"pressure_mb":null},{"date":"19781103","time":"0000","status":"EX","lat":46,"lon":-35,"wind_kt":30,"pressure_mb":1004},{"date":"19781103","time":"0600","status":"EX","lat":47.5,"lon":-31,"wind_kt":30,"pressure_mb":null},{"date":"19781103","time":"1200","status":"EX","lat":50,"lon":-27,"wind_kt":30,"pressure_mb":null}]}},{"type":"Feature","geometry":{"type":"LineString","coordinates":[[-75,30],[-74.7,30.9],[-74.4,31.9],[-74.3,32.8],[-74.2,33.8],[-73.5,34.7],[-72.8,35],[-71.9,36.3],[-71,37]]},"properties":{"id":"hur-al241978","event_type":"hurricane","name":null,"year":1978,"max_wind_kt":25,"min_pressure_mb":null,"category":-1,"preliminary":false,"start_date":"19781103","end_date":"19781105","track":[{"date":"19781103","time":"1200","status":"TD","lat":30,"lon":-75,"wind_kt":20,"pressure_mb":null},{"date":"19781103","time":"1800","status":"TD","lat":30.9,"lon":-74.7,"wind_kt":25,"pressure_mb":null},{"date":"19781104","time":"0000","status":"TD","lat":31.9,"lon":-74.4,"wind_kt":25,"pressure_mb":null},{"date":"19781104","time":"0600","status":"TD","lat":32.8,"lon":-74.3,"wind_kt":25,"pressure_mb":null},{"date":"19781104","time":"1200","status":"TD","lat":33.8,"lon":-74.2,"wind_kt":25,"pressure_mb":null},{"date":"19781104","time":"1800","status":"TD","lat":34.7,"lon":-73.5,"wind_kt":25,"pressure_mb":null},{"date":"19781105","time":"0000","status":"TD","lat":35,"lon":-72.8,"wind_kt":25,"pressure_mb":null},{"date":"19781105","time":"0600","status":"TD","lat":36.3,"lon":-71.9,"wind_kt":20,"pressure_mb":null},{"date":"19781105","time":"1200","status":"TD","lat":37,"lon":-71,"wind_kt":20,"pressure_mb":null}]}},{"type":"Feature","geometry":{"type":"LineString","coordinates":[[-81.1,17.4],[-80.8,17.7],[-80.2,18.1],[-79.9,18.4],[-79.6,19],[-79.4,19.5],[-79.2,20],[-79.1,20.5],[-79,21],[-79,21.8],[-79,22.9],[-79,23.7],[-79,24.5],[-79,25.1],[-79,25.9],[-79.1,26.6],[-79.4,27.2],[-79.7,28.1],[-79.9,29.4],[-80,30.8],[-80,32],[-80.2,33.4]]},"properties":{"id":"hur-al011979","event_type":"hurricane","name":null,"year":1979,"max_wind_kt":30,"min_pressure_mb":null,"category":-1,"preliminary":false,"start_date":"19790611","end_date":"19790616","track":[{"date":"19790611","time":"1200","status":"TD","lat":17.4,"lon":-81.1,"wind_kt":20,"pressure_mb":null},{"date":"19790611","time":"1800","status":"TD","lat":17.7,"lon":-80.8,"wind_kt":25,"pressure_mb":null},{"date":"19790612","time":"0000","status":"TD","lat":18.1,"lon":-80.2,"wind_kt":25,"pressure_mb":null},{"date":"19790612","time":"0600","status":"TD","lat":18.4,"lon":-79.9,"wind_kt":25,"pressure_mb":null},{"date":"19790612","time":"1200","status":"TD","lat":19,"lon":-79.6,"wind_kt":25,"pressure_mb":null},{"date":"19790612","time":"1800","status":"TD","lat":19.5,"lon":-79.4,"wind_kt":30,"pressure_mb":null},{"date":"19790613","time":"0000","status":"TD","lat":20,"lon":-79.2,"wind_kt":30,"pressure_mb":null},{"date":"19790613","time":"0600","status":"TD","lat":20.5,"lon":-79.1,"wind_kt":30,"pressure_mb":null},{"date":"19790613","time":"1200","status":"TD","lat":21,"lon":-79,"wind_kt":25,"pressure_mb":null},{"date":"19790613","time":"1800","status":"TD","lat":21.8,"lon":-79,"wind_kt":25,"pressure_mb":null},{"date":"19790614","time":"0000","status":"TD","lat":22.9,"lon":-79,"wind_kt":25,"pressure_mb":null},{"date":"19790614","time":"0600","status":"TD","lat":23.7,"lon":-79,"wind_kt":25,"pressure_mb":null},{"date":"19790614","time":"1200","status":"TD","lat":24.5,"lon":-79,"wind_kt":30,"pressure_mb":null},{"date":"19790614","time":"1800","status":"TD","lat":25.1,"lon":-79,"wind_kt":30,"pressure_mb":null},{"date":"19790615","time":"0000","status":"TD","lat":25.9,"lon":-79,"wind_kt":30,"pressure_mb":null},{"date":"19790615","time":"0600","status":"TD","lat":26.6,"lon":-79.1,"wind_kt":30,"pressure_mb":null},{"date":"19790615","time":"1200","status":"TD","lat":27.2,"lon":-79.4,"wind_kt":30,"pressure_mb":null},{"date":"19790615","time":"1800","status":"TD","lat":28.1,"lon":-79.7,"wind_kt":30,"pressure_mb":null},{"date":"19790616","time":"0000","status":"TD","lat":29.4,"lon":-79.9,"wind_kt":30,"pressure_mb":null},{"date":"19790616","time":"0600","status":"TD","lat":30.8,"lon":-80,"wind_kt":30,"pressure_mb":null},{"date":"19790616","time":"1200","status":"TD","lat":32,"lon":-80,"wind_kt":30,"pressure_mb":null},{"date":"19790616","time":"1800","status":"TD","lat":33.4,"lon":-80.2,"wind_kt":null,"pressure_mb":null}]}},{"type":"Feature","geometry":{"type":"LineString","coordinates":[[-45,10],[-46,10.2],[-47,10.5],[-48.1,10.9],[-49.2,11.3],[-50.2,11.8],[-51.1,12.3],[-51.9,12.9],[-52.7,13.5],[-53.5,13.9],[-54.7,14.2],[-55.8,14.2],[-56.9,14.2],[-58.3,14.1],[-59.8,14.1],[-61.3,14],[-62.8,14],[-64.5,14],[-66.2,14]]},"properties":{"id":"hur-al021979","event_type":"hurricane","name":"ANA","year":1979,"max_wind_kt":50,"min_pressure_mb":1005,"category":0,"preliminary":false,"start_date":"19790619","end_date":"19790624","track":[{"date":"19790619","time":"1200","status":"TD","lat":10,"lon":-45,"wind_kt":25,"pressure_mb":1011},{"date":"19790619","time":"1800","status":"TD","lat":10.2,"lon":-46,"wind_kt":25,"pressure_mb":1011},{"date":"19790620","time":"0000","status":"TD","lat":10.5,"lon":-47,"wind_kt":25,"pressure_mb":1010},{"date":"19790620","time":"0600","status":"TD","lat":10.9,"lon":-48.1,"wind_kt":25,"pressure_mb":1010},{"date":"19790620","time":"1200","status":"TD","lat":11.3,"lon":-49.2,"wind_kt":25,"pressure_mb":1010},{"date":"19790620","time":"1800","status":"TD","lat":11.8,"lon":-50.2,"wind_kt":25,"pressure_mb":1009},{"date":"19790621","time":"0000","status":"TD","lat":12.3,"lon":-51.1,"wind_kt":30,"pressure_mb":1009},{"date":"19790621","time":"0600","status":"TD","lat":12.9,"lon":-51.9,"wind_kt":30,"pressure_mb":1008},{"date":"19790621","time":"1200","status":"TD","lat":13.5,"lon":-52.7,"wind_kt":30,"pressure_mb":1008},{"date":"19790621","time":"1800","status":"TD","lat":13.9,"lon":-53.5,"wind_kt":30,"pressure_mb":1007},{"date":"19790622","time":"0000","status":"TS","lat":14.2,"lon":-54.7,"wind_kt":35,"pressure_mb":1007},{"date":"19790622","time":"0600","status":"TS","lat":14.2,"lon":-55.8,"wind_kt":40,"pressure_mb":1005},{"date":"19790622","time":"1200","status":"TS","lat":14.2,"lon":-56.9,"wind_kt":50,"pressure_mb":1006},{"date":"19790622","time":"1800","status":"TS","lat":14.1,"lon":-58.3,"wind_kt":40,"pressure_mb":1008},{"date":"19790623","time":"0000","status":"TS","lat":14.1,"lon":-59.8,"wind_kt":35,"pressure_mb":1010},{"date":"19790623","time":"0600","status":"TD","lat":14,"lon":-61.3,"wind_kt":30,"pressure_mb":1012},{"date":"19790623","time":"1200","status":"TD","lat":14,"lon":-62.8,"wind_kt":25,"pressure_mb":1012},{"date":"19790623","time":"1800","status":"TD","lat":14,"lon":-64.5,"wind_kt":25,"pressure_mb":1012},{"date":"19790624","time":"0000","status":"TD","lat":14,"lon":-66.2,"wind_kt":25,"pressure_mb":1012}]}},{"type":"Feature","geometry":{"type":"LineString","coordinates":[[-70,20.4],[-70.3,21],[-70.8,21.8],[-71.1,22.3],[-71.2,23],[-71,23.9],[-71,24.7],[-70.8,25.4],[-70.4,26.1],[-70.1,27],[-69.9,28.1],[-69.7,29.2],[-69.2,30.1],[-68.1,31.7],[-67,33],[-65.5,34],[-64,35],[-62,36.2],[-59.9,37.8],[-57.8,39],[-55.2,40.2]]},"properties":{"id":"hur-al031979","event_type":"hurricane","name":null,"year":1979,"max_wind_kt":25,"min_pressure_mb":null,"category":-1,"preliminary":false,"start_date":"19790708","end_date":"19790713","track":[{"date":"19790708","time":"1200","status":"TD","lat":20.4,"lon":-70,"wind_kt":20,"pressure_mb":null},{"date":"19790708","time":"1800","status":"TD","lat":21,"lon":-70.3,"wind_kt":25,"pressure_mb":null},{"date":"19790709","time":"0000","status":"TD","lat":21.8,"lon":-70.8,"wind_kt":25,"pressure_mb":null},{"date":"19790709","time":"0600","status":"TD","lat":22.3,"lon":-71.1,"wind_kt":25,"pressure_mb":null},{"date":"19790709","time":"1200","status":"TD","lat":23,"lon":-71.2,"wind_kt":25,"pressure_mb":null},{"date":"19790709","time":"1800","status":"TD","lat":23.9,"lon":-71,"wind_kt":25,"pressure_mb":null},{"date":"19790710","time":"0000","status":"TD","lat":24.7,"lon":-71,"wind_kt":25,"pressure_mb":null},{"date":"19790710","time":"0600","status":"TD","lat":25.4,"lon":-70.8,"wind_kt":25,"pressure_mb":null},{"date":"19790710","time":"1200","status":"TD","lat":26.1,"lon":-70.4,"wind_kt":25,"pressure_mb":null},{"date":"19790710","time":"1800","status":"TD","lat":27,"lon":-70.1,"wind_kt":25,"pressure_mb":null},{"date":"19790711","time":"0000","status":"TD","lat":28.1,"lon":-69.9,"wind_kt":25,"pressure_mb":null},{"date":"19790711","time":"0600","status":"TD","lat":29.2,"lon":-69.7,"wind_kt":25,"pressure_mb":null},{"date":"19790711","time":"1200","status":"TD","lat":30.1,"lon":-69.2,"wind_kt":25,"pressure_mb":null},{"date":"19790711","time":"1800","status":"TD","lat":31.7,"lon":-68.1,"wind_kt":25,"pressure_mb":null},{"date":"19790712","time":"0000","status":"TD","lat":33,"lon":-67,"wind_kt":25,"pressure_mb":null},{"date":"19790712","time":"0600","status":"TD","lat":34,"lon":-65.5,"wind_kt":25,"pressure_mb":null},{"date":"19790712","time":"1200","status":"TD","lat":35,"lon":-64,"wind_kt":25,"pressure_mb":null},{"date":"19790712","time":"1800","status":"TD","lat":36.2,"lon":-62,"wind_kt":25,"pressure_mb":null},{"date":"19790713","time":"0000","status":"TD","lat":37.8,"lon":-59.9,"wind_kt":25,"pressure_mb":null},{"date":"19790713","time":"0600","status":"TD","lat":39,"lon":-57.8,"wind_kt":20,"pressure_mb":null},{"date":"19790713","time":"1200","status":"TD","lat":40.2,"lon":-55.2,"wind_kt":20,"pressure_mb":null}]}},{"type":"Feature","geometry":{"type":"LineString","coordinates":[[-96,22],[-95.3,22.5],[-94.6,23],[-93.8,23.5],[-93,24],[-92.3,25],[-91.6,26.2],[-91.1,27.8],[-90.6,29.1],[-90.2,31],[-89.9,32.5],[-89.7,34],[-89.1,35.9],[-87.8,37.2],[-86.5,38.5],[-85.3,38.8],[-84,39],[-82.7,39],[-81.3,39],[-80.1,38.7],[-78.8,38.3],[-77.7,37.9],[-76.5,37.5],[-76.3,36.8],[-76,36],[-76.3,35],[-76.5,34],[-75.8,33.5],[-75,33]]},"properties":{"id":"hur-al041979","event_type":"hurricane","name":"BOB","year":1979,"max_wind_kt":65,"min_pressure_mb":986,"category":1,"preliminary":false,"start_date":"19790709","end_date":"19790716","track":[{"date":"19790709","time":"1200","status":"TD","lat":22,"lon":-96,"wind_kt":20,"pressure_mb":1012},{"date":"19790709","time":"1800","status":"TD","lat":22.5,"lon":-95.3,"wind_kt":25,"pressure_mb":1010},{"date":"19790710","time":"0000","status":"TD","lat":23,"lon":-94.6,"wind_kt":30,"pressure_mb":1007},{"date":"19790710","time":"0600","status":"TS","lat":23.5,"lon":-93.8,"wind_kt":35,"pressure_mb":1004},{"date":"19790710","time":"1200","status":"TS","lat":24,"lon":-93,"wind_kt":50,"pressure_mb":998},{"date":"19790710","time":"1800","status":"TS","lat":25,"lon":-92.3,"wind_kt":55,"pressure_mb":996},{"date":"19790711","time":"0000","status":"HU","lat":26.2,"lon":-91.6,"wind_kt":65,"pressure_mb":988},{"date":"19790711","time":"0600","status":"HU","lat":27.8,"lon":-91.1,"wind_kt":65,"pressure_mb":991},{"date":"19790711","time":"1200","status":"HU","lat":29.1,"lon":-90.6,"wind_kt":65,"pressure_mb":986},{"date":"19790711","time":"1800","status":"TS","lat":31,"lon":-90.2,"wind_kt":40,"pressure_mb":992},{"date":"19790712","time":"0000","status":"TD","lat":32.5,"lon":-89.9,"wind_kt":30,"pressure_mb":998},{"date":"19790712","time":"0600","status":"TD","lat":34,"lon":-89.7,"wind_kt":25,"pressure_mb":1002},{"date":"19790712","time":"1200","status":"TD","lat":35.9,"lon":-89.1,"wind_kt":25,"pressure_mb":1004},{"date":"19790712","time":"1800","status":"TD","lat":37.2,"lon":-87.8,"wind_kt":25,"pressure_mb":1006},{"date":"19790713","time":"0000","status":"TD","lat":38.5,"lon":-86.5,"wind_kt":25,"pressure_mb":1006},{"date":"19790713","time":"0600","status":"TD","lat":38.8,"lon":-85.3,"wind_kt":25,"pressure_mb":1006},{"date":"19790713","time":"1200","status":"TD","lat":39,"lon":-84,"wind_kt":25,"pressure_mb":1007},{"date":"19790713","time":"1800","status":"TD","lat":39,"lon":-82.7,"wind_kt":25,"pressure_mb":1008},{"date":"19790714","time":"0000","status":"TD","lat":39,"lon":-81.3,"wind_kt":20,"pressure_mb":1009},{"date":"19790714","time":"0600","status":"TD","lat":38.7,"lon":-80.1,"wind_kt":20,"pressure_mb":1009},{"date":"19790714","time":"1200","status":"TD","lat":38.3,"lon":-78.8,"wind_kt":20,"pressure_mb":1010},{"date":"19790714","time":"1800","status":"TD","lat":37.9,"lon":-77.7,"wind_kt":20,"pressure_mb":1010},{"date":"19790715","time":"0000","status":"TD","lat":37.5,"lon":-76.5,"wind_kt":20,"pressure_mb":1011},{"date":"19790715","time":"0600","status":"TD","lat":36.8,"lon":-76.3,"wind_kt":20,"pressure_mb":1011},{"date":"19790715","time":"1200","status":"TD","lat":36,"lon":-76,"wind_kt":20,"pressure_mb":1012},{"date":"19790715","time":"1800","status":"TD","lat":35,"lon":-76.3,"wind_kt":20,"pressure_mb":1012},{"date":"19790716","time":"0000","status":"TD","lat":34,"lon":-76.5,"wind_kt":20,"pressure_mb":1013},{"date":"19790716","time":"0600","status":"TD","lat":33.5,"lon":-75.8,"wind_kt":20,"pressure_mb":1013},{"date":"19790716","time":"1200","status":"TD","lat":33,"lon":-75,"wind_kt":20,"pressure_mb":1014}]}},{"type":"Feature","geometry":{"type":"LineString","coordinates":[[-79.8,30],[-78.5,30.8],[-77.1,31.5],[-75.9,32],[-74.1,32.6],[-72.7,32.6],[-71.2,32.4],[-70,32.1],[-68.8,32],[-66.6,31.9],[-64.5,31.8],[-62.4,31.9],[-60.5,32],[-58.2,32.7]]},"properties":{"id":"hur-al051979","event_type":"hurricane","name":null,"year":1979,"max_wind_kt":30,"min_pressure_mb":null,"category":-1,"preliminary":false,"start_date":"19790710","end_date":"19790713","track":[{"date":"19790710","time":"1200","status":"TD","lat":30,"lon":-79.8,"wind_kt":20,"pressure_mb":null},{"date":"19790710","time":"1800","status":"TD","lat":30.8,"lon":-78.5,"wind_kt":20,"pressure_mb":null},{"date":"19790711","time":"0000","status":"TD","lat":31.5,"lon":-77.1,"wind_kt":25,"pressure_mb":null},{"date":"19790711","time":"0600","status":"TD","lat":32,"lon":-75.9,"wind_kt":25,"pressure_mb":null},{"date":"19790711","time":"1200","status":"TD","lat":32.6,"lon":-74.1,"wind_kt":30,"pressure_mb":null},{"date":"19790711","time":"1800","status":"TD","lat":32.6,"lon":-72.7,"wind_kt":30,"pressure_mb":null},{"date":"19790712","time":"0000","status":"TD","lat":32.4,"lon":-71.2,"wind_kt":30,"pressure_mb":null},{"date":"19790712","time":"0600","status":"TD","lat":32.1,"lon":-70,"wind_kt":30,"pressure_mb":null},{"date":"19790712","time":"1200","status":"TD","lat":32,"lon":-68.8,"wind_kt":30,"pressure_mb":null},{"date":"19790712","time":"1800","status":"TD","lat":31.9,"lon":-66.6,"wind_kt":30,"pressure_mb":null},{"date":"19790713","time":"0000","status":"TD","lat":31.8,"lon":-64.5,"wind_kt":30,"pressure_mb":null},{"date":"19790713","time":"0600","status":"TD","lat":31.9,"lon":-62.4,"wind_kt":30,"pressure_mb":null},{"date":"19790713","time":"1200","status":"TD","lat":32,"lon":-60.5,"wind_kt":25,"pressure_mb":null},{"date":"19790713","time":"1800","status":"TD","lat":32.7,"lon":-58.2,"wind_kt":20,"pressure_mb":null}]}},{"type":"Feature","geometry":{"type":"LineString","coordinates":[[-46.3,12.5],[-48.4,12.8],[-50.4,13.4],[-52.1,14.6],[-53.8,15.7],[-55.5,16.5],[-57.2,17],[-58.8,17.5],[-60.3,17.8],[-62.1,18],[-63.8,18.2],[-65.4,18.3],[-67,18.4],[-68.5,18.5],[-69.5,18.7],[-70.5,18.8],[-71.4,18.8],[-72.4,19],[-73.3,19],[-74.7,19.2],[-76.7,19.5],[-78.7,20],[-80.4,20.6],[-82.2,21.4],[-83.5,22.1],[-85,22.8],[-86.5,23.5],[-87.4,24],[-88.5,24.5],[-89.5,25],[-90.5,25.4],[-91.4,25.9],[-92.4,26.4],[-92.9,26.9],[-93.4,27.5],[-93.5,28.3],[-93.7,28.8],[-93.9,29.6],[-93.9,30.3],[-94.3,30.3],[-94.8,30.5],[-95.2,30.5],[-95.3,30.2],[-95.1,30.6],[-95.4,30.8],[-96.3,31.3],[-96.6,31.8],[-96.4,32.7],[-95.9,34],[-95.3,35.3],[-94.6,36.4],[-93.4,37.8],[-91,38.6],[-88,38.8],[-85.2,39],[-82.8,39],[-80.2,39]]},"properties":{"id":"hur-al061979","event_type":"hurricane","name":"CLAUDETTE","year":1979,"max_wind_kt":45,"min_pressure_mb":997,"category":0,"preliminary":false,"start_date":"19790715","end_date":"19790729","track":[{"date":"19790715","time":"1200","status":"TD","lat":12.5,"lon":-46.3,"wind_kt":20,"pressure_mb":1014},{"date":"19790715","time":"1800","status":"TD","lat":12.8,"lon":-48.4,"wind_kt":20,"pressure_mb":1014},{"date":"19790716","time":"0000","status":"TD","lat":13.4,"lon":-50.4,"wind_kt":25,"pressure_mb":1012},{"date":"19790716","time":"0600","status":"TD","lat":14.6,"lon":-52.1,"wind_kt":25,"pressure_mb":1012},{"date":"19790716","time":"1200","status":"TD","lat":15.7,"lon":-53.8,"wind_kt":30,"pressure_mb":1011},{"date":"19790716","time":"1800","status":"TD","lat":16.5,"lon":-55.5,"wind_kt":30,"pressure_mb":1011},{"date":"19790717","time":"0000","status":"TD","lat":17,"lon":-57.2,"wind_kt":30,"pressure_mb":1011},{"date":"19790717","time":"0600","status":"TD","lat":17.5,"lon":-58.8,"wind_kt":30,"pressure_mb":1011},{"date":"19790717","time":"1200","status":"TS","lat":17.8,"lon":-60.3,"wind_kt":35,"pressure_mb":1011},{"date":"19790717","time":"1800","status":"TS","lat":18,"lon":-62.1,"wind_kt":40,"pressure_mb":1010},{"date":"19790718","time":"0000","status":"TS","lat":18.2,"lon":-63.8,"wind_kt":35,"pressure_mb":1010},{"date":"19790718","time":"0600","status":"TD","lat":18.3,"lon":-65.4,"wind_kt":30,"pressure_mb":1011},{"date":"19790718","time":"1200","status":"TD","lat":18.4,"lon":-67,"wind_kt":30,"pressure_mb":1011},{"date":"19790718","time":"1800","status":"TD","lat":18.5,"lon":-68.5,"wind_kt":25,"pressure_mb":1012},{"date":"19790719","time":"0000","status":"TD","lat":18.7,"lon":-69.5,"wind_kt":20,"pressure_mb":1012},{"date":"19790719","time":"0600","status":"TD","lat":18.8,"lon":-70.5,"wind_kt":20,"pressure_mb":1012},{"date":"19790719","time":"1200","status":"TD","lat":18.8,"lon":-71.4,"wind_kt":20,"pressure_mb":1012},{"date":"19790719","time":"1800","status":"TD","lat":19,"lon":-72.4,"wind_kt":20,"pressure_mb":1012},{"date":"19790720","time":"0000","status":"TD","lat":19,"lon":-73.3,"wind_kt":20,"pressure_mb":1013},{"date":"19790720","time":"0600","status":"TD","lat":19.2,"lon":-74.7,"wind_kt":20,"pressure_mb":1013},{"date":"19790720","time":"1200","status":"TD","lat":19.5,"lon":-76.7,"wind_kt":20,"pressure_mb":1013},{"date":"19790720","time":"1800","status":"TD","lat":20,"lon":-78.7,"wind_kt":20,"pressure_mb":1013},{"date":"19790721","time":"0000","status":"TD","lat":20.6,"lon":-80.4,"wind_kt":20,"pressure_mb":1013},{"date":"19790721","time":"0600","status":"TD","lat":21.4,"lon":-82.2,"wind_kt":25,"pressure_mb":1013},{"date":"19790721","time":"1200","status":"TD","lat":22.1,"lon":-83.5,"wind_kt":30,"pressure_mb":1012},{"date":"19790721","time":"1800","status":"TD","lat":22.8,"lon":-85,"wind_kt":30,"pressure_mb":1010},{"date":"19790722","time":"0000","status":"TD","lat":23.5,"lon":-86.5,"wind_kt":30,"pressure_mb":1007},{"date":"19790722","time":"0600","status":"TD","lat":24,"lon":-87.4,"wind_kt":30,"pressure_mb":1007},{"date":"19790722","time":"1200","status":"TD","lat":24.5,"lon":-88.5,"wind_kt":30,"pressure_mb":1007},{"date":"19790722","time":"1800","status":"TD","lat":25,"lon":-89.5,"wind_kt":30,"pressure_mb":1006},{"date":"19790723","time":"0000","status":"TD","lat":25.4,"lon":-90.5,"wind_kt":30,"pressure_mb":1005},{"date":"19790723","time":"0600","status":"TD","lat":25.9,"lon":-91.4,"wind_kt":30,"pressure_mb":1004},{"date":"19790723","time":"1200","status":"TS","lat":26.4,"lon":-92.4,"wind_kt":35,"pressure_mb":1003},{"date":"19790723","time":"1800","status":"TS","lat":26.9,"lon":-92.9,"wind_kt":35,"pressure_mb":1003},{"date":"19790724","time":"0000","status":"TS","lat":27.5,"lon":-93.4,"wind_kt":35,"pressure_mb":1003},{"date":"19790724","time":"0600","status":"TS","lat":28.3,"lon":-93.5,"wind_kt":40,"pressure_mb":1003},{"date":"19790724","time":"1200","status":"TS","lat":28.8,"lon":-93.7,"wind_kt":45,"pressure_mb":1002},{"date":"19790724","time":"1800","status":"TS","lat":29.6,"lon":-93.9,"wind_kt":45,"pressure_mb":1000},{"date":"19790725","time":"0000","status":"TS","lat":30.3,"lon":-93.9,"wind_kt":40,"pressure_mb":997},{"date":"19790725","time":"0600","status":"TS","lat":30.3,"lon":-94.3,"wind_kt":35,"pressure_mb":998},{"date":"19790725","time":"1200","status":"TD","lat":30.5,"lon":-94.8,"wind_kt":30,"pressure_mb":1000},{"date":"19790725","time":"1800","status":"TD","lat":30.5,"lon":-95.2,"wind_kt":30,"pressure_mb":1001},{"date":"19790726","time":"0000","status":"TD","lat":30.2,"lon":-95.3,"wind_kt":30,"pressure_mb":1001},{"date":"19790726","time":"0600","status":"TD","lat":30.6,"lon":-95.1,"wind_kt":30,"pressure_mb":1002},{"date":"19790726","time":"1200","status":"TD","lat":30.8,"lon":-95.4,"wind_kt":25,"pressure_mb":1003},{"date":"19790726","time":"1800","status":"TD","lat":31.3,"lon":-96.3,"wind_kt":25,"pressure_mb":1004},{"date":"19790727","time":"0000","status":"TD","lat":31.8,"lon":-96.6,"wind_kt":20,"pressure_mb":1004},{"date":"19790727","time":"0600","status":"TD","lat":32.7,"lon":-96.4,"wind_kt":20,"pressure_mb":1006},{"date":"19790727","time":"1200","status":"TD","lat":34,"lon":-95.9,"wind_kt":15,"pressure_mb":1007},{"date":"19790727","time":"1800","status":"TD","lat":35.3,"lon":-95.3,"wind_kt":15,"pressure_mb":1007},{"date":"19790728","time":"0000","status":"TD","lat":36.4,"lon":-94.6,"wind_kt":15,"pressure_mb":1007},{"date":"19790728","time":"0600","status":"TD","lat":37.8,"lon":-93.4,"wind_kt":15,"pressure_mb":1008},{"date":"19790728","time":"1200","status":"TD","lat":38.6,"lon":-91,"wind_kt":15,"pressure_mb":1009},{"date":"19790728","time":"1800","status":"TD","lat":38.8,"lon":-88,"wind_kt":15,"pressure_mb":1009},{"date":"19790729","time":"0000","status":"TD","lat":39,"lon":-85.2,"wind_kt":15,"pressure_mb":1010},{"date":"19790729","time":"0600","status":"TD","lat":39,"lon":-82.8,"wind_kt":15,"pressure_mb":1011},{"date":"19790729","time":"1200","status":"TD","lat":39,"lon":-80.2,"wind_kt":15,"pressure_mb":1011}]}},{"type":"Feature","geometry":{"type":"LineString","coordinates":[[-35.5,17],[-37.2,17.4],[-39,17.8],[-40.5,18],[-42.1,18.2],[-43.9,18.9],[-45.5,19.5],[-47,20.3],[-48.9,21],[-50,22],[-51,23.2],[-51.5,24.5],[-52,26],[-52.5,26.5]]},"properties":{"id":"hur-al071979","event_type":"hurricane","name":null,"year":1979,"max_wind_kt":30,"min_pressure_mb":null,"category":-1,"preliminary":false,"start_date":"19790723","end_date":"19790726","track":[{"date":"19790723","time":"1200","status":"TD","lat":17,"lon":-35.5,"wind_kt":20,"pressure_mb":null},{"date":"19790723","time":"1800","status":"TD","lat":17.4,"lon":-37.2,"wind_kt":20,"pressure_mb":null},{"date":"19790724","time":"0000","status":"TD","lat":17.8,"lon":-39,"wind_kt":25,"pressure_mb":null},{"date":"19790724","time":"0600","status":"TD","lat":18,"lon":-40.5,"wind_kt":25,"pressure_mb":null},{"date":"19790724","time":"1200","status":"TD","lat":18.2,"lon":-42.1,"wind_kt":30,"pressure_mb":null},{"date":"19790724","time":"1800","status":"TD","lat":18.9,"lon":-43.9,"wind_kt":30,"pressure_mb":null},{"date":"19790725","time":"0000","status":"TD","lat":19.5,"lon":-45.5,"wind_kt":30,"pressure_mb":null},{"date":"19790725","time":"0600","status":"TD","lat":20.3,"lon":-47,"wind_kt":30,"pressure_mb":null},{"date":"19790725","time":"1200","status":"TD","lat":21,"lon":-48.9,"wind_kt":30,"pressure_mb":null},{"date":"19790725","time":"1800","status":"TD","lat":22,"lon":-50,"wind_kt":30,"pressure_mb":null},{"date":"19790726","time":"0000","status":"TD","lat":23.2,"lon":-51,"wind_kt":25,"pressure_mb":null},{"date":"19790726","time":"0600","status":"TD","lat":24.5,"lon":-51.5,"wind_kt":25,"pressure_mb":null},{"date":"19790726","time":"1200","status":"TD","lat":26,"lon":-52,"wind_kt":25,"pressure_mb":null},{"date":"19790726","time":"1800","status":"TD","lat":26.5,"lon":-52.5,"wind_kt":20,"pressure_mb":null}]}},{"type":"Feature","geometry":{"type":"LineString","coordinates":[[-54,17],[-56.3,17.6],[-58.6,18.3],[-60.6,19.4],[-62.3,20.7],[-63.5,21.9],[-64.8,23],[-65.5,24.4],[-66.6,25.9],[-67,27],[-67.5,28],[-68,29.1],[-68.1,30.2],[-68.5,32],[-68.5,33.5],[-68.5,35],[-68.4,36.6],[-67.5,38.5],[-66.5,40.5],[-65,42],[-63.8,43.8],[-60,46],[-55.5,47.5],[-50.6,48.2],[-45,48.5]]},"properties":{"id":"hur-al081979","event_type":"hurricane","name":null,"year":1979,"max_wind_kt":30,"min_pressure_mb":null,"category":-1,"preliminary":false,"start_date":"19790731","end_date":"19790806","track":[{"date":"19790731","time":"1200","status":"TD","lat":17,"lon":-54,"wind_kt":25,"pressure_mb":null},{"date":"19790731","time":"1800","status":"TD","lat":17.6,"lon":-56.3,"wind_kt":25,"pressure_mb":null},{"date":"19790801","time":"0000","status":"TD","lat":18.3,"lon":-58.6,"wind_kt":25,"pressure_mb":null},{"date":"19790801","time":"0600","status":"TD","lat":19.4,"lon":-60.6,"wind_kt":25,"pressure_mb":null},{"date":"19790801","time":"1200","status":"TD","lat":20.7,"lon":-62.3,"wind_kt":30,"pressure_mb":null},{"date":"19790801","time":"1800","status":"TD","lat":21.9,"lon":-63.5,"wind_kt":30,"pressure_mb":null},{"date":"19790802","time":"0000","status":"TD","lat":23,"lon":-64.8,"wind_kt":30,"pressure_mb":null},{"date":"19790802","time":"0600","status":"TD","lat":24.4,"lon":-65.5,"wind_kt":30,"pressure_mb":null},{"date":"19790802","time":"1200","status":"TD","lat":25.9,"lon":-66.6,"wind_kt":30,"pressure_mb":null},{"date":"19790802","time":"1800","status":"TD","lat":27,"lon":-67,"wind_kt":30,"pressure_mb":null},{"date":"19790803","time":"0000","status":"TD","lat":28,"lon":-67.5,"wind_kt":30,"pressure_mb":null},{"date":"19790803","time":"0600","status":"TD","lat":29.1,"lon":-68,"wind_kt":30,"pressure_mb":null},{"date":"19790803","time":"1200","status":"TD","lat":30.2,"lon":-68.1,"wind_kt":30,"pressure_mb":null},{"date":"19790803","time":"1800","status":"TD","lat":32,"lon":-68.5,"wind_kt":30,"pressure_mb":null},{"date":"19790804","time":"0000","status":"TD","lat":33.5,"lon":-68.5,"wind_kt":30,"pressure_mb":null},{"date":"19790804","time":"0600","status":"TD","lat":35,"lon":-68.5,"wind_kt":30,"pressure_mb":null},{"date":"19790804","time":"1200","status":"TD","lat":36.6,"lon":-68.4,"wind_kt":30,"pressure_mb":null},{"date":"19790804","time":"1800","status":"TD","lat":38.5,"lon":-67.5,"wind_kt":30,"pressure_mb":null},{"date":"19790805","time":"0000","status":"TD","lat":40.5,"lon":-66.5,"wind_kt":30,"pressure_mb":null},{"date":"19790805","time":"0600","status":"TD","lat":42,"lon":-65,"wind_kt":30,"pressure_mb":null},{"date":"19790805","time":"1200","status":"TD","lat":43.8,"lon":-63.8,"wind_kt":30,"pressure_mb":null},{"date":"19790805","time":"1800","status":"TD","lat":46,"lon":-60,"wind_kt":25,"pressure_mb":null},{"date":"19790806","time":"0000","status":"TD","lat":47.5,"lon":-55.5,"wind_kt":25,"pressure_mb":null},{"date":"19790806","time":"0600","status":"TD","lat":48.2,"lon":-50.6,"wind_kt":25,"pressure_mb":null},{"date":"19790806","time":"1200","status":"TD","lat":48.5,"lon":-45,"wind_kt":20,"pressure_mb":null}]}},{"type":"Feature","geometry":{"type":"LineString","coordinates":[[-36.1,11.7],[-38.2,11.7],[-40.3,11.7],[-42.2,11.6],[-44,11.6],[-45.5,11.6],[-47,11.7],[-48.5,11.8],[-50,11.8],[-51.5,11.9],[-52.9,12.2],[-54.4,12.5],[-55.7,12.8],[-56.9,13.2],[-58,13.7],[-59.2,14.2],[-60.3,14.8],[-61.6,15.3],[-62.8,15.6],[-64.2,16],[-65.2,16.3],[-66.2,16.6],[-67.3,16.8],[-68.3,17],[-69.1,17.2],[-69.7,17.9],[-70.4,18.8],[-72,19.3],[-73.7,19.7],[-74.6,20.6],[-75.2,21.3],[-75.5,21.9],[-76.3,23],[-77.4,23.9],[-78.2,24.6],[-79.1,25.3],[-79.6,26.3],[-80.2,27.2],[-80.5,28],[-80.8,29.1],[-80.9,30.2],[-81.2,31.5],[-81.1,32.5],[-80.9,33.5],[-80.6,34.9],[-80.1,36.2],[-79.5,37.6],[-78.5,39.2],[-76.3,41.5],[-73.7,43.3],[-70,45],[-66,46.5],[-61.5,47.5],[-57,50],[-52.5,52.5]]},"properties":{"id":"hur-al091979","event_type":"hurricane","name":"DAVID","year":1979,"max_wind_kt":150,"min_pressure_mb":924,"category":5,"preliminary":false,"start_date":"19790825","end_date":"19790908","track":[{"date":"19790825","time":"1200","status":"TD","lat":11.7,"lon":-36.1,"wind_kt":25,"pressure_mb":1008},{"date":"19790825","time":"1800","status":"TD","lat":11.7,"lon":-38.2,"wind_kt":25,"pressure_mb":1007},{"date":"19790826","time":"0000","status":"TD","lat":11.7,"lon":-40.3,"wind_kt":30,"pressure_mb":1006},{"date":"19790826","time":"0600","status":"TS","lat":11.6,"lon":-42.2,"wind_kt":35,"pressure_mb":1005},{"date":"19790826","time":"1200","status":"TS","lat":11.6,"lon":-44,"wind_kt":40,"pressure_mb":1003},{"date":"19790826","time":"1800","status":"TS","lat":11.6,"lon":-45.5,"wind_kt":45,"pressure_mb":998},{"date":"19790827","time":"0000","status":"TS","lat":11.7,"lon":-47,"wind_kt":55,"pressure_mb":990},{"date":"19790827","time":"0600","status":"HU","lat":11.8,"lon":-48.5,"wind_kt":65,"pressure_mb":980},{"date":"19790827","time":"1200","status":"HU","lat":11.8,"lon":-50,"wind_kt":80,"pressure_mb":966},{"date":"19790827","time":"1800","status":"HU","lat":11.9,"lon":-51.5,"wind_kt":95,"pressure_mb":954},{"date":"19790828","time":"0000","status":"HU","lat":12.2,"lon":-52.9,"wind_kt":115,"pressure_mb":947},{"date":"19790828","time":"0600","status":"HU","lat":12.5,"lon":-54.4,"wind_kt":125,"pressure_mb":941},{"date":"19790828","time":"1200","status":"HU","lat":12.8,"lon":-55.7,"wind_kt":130,"pressure_mb":938},{"date":"19790828","time":"1800","status":"HU","lat":13.2,"lon":-56.9,"wind_kt":125,"pressure_mb":941},{"date":"19790829","time":"0000","status":"HU","lat":13.7,"lon":-58,"wind_kt":120,"pressure_mb":944},{"date":"19790829","time":"0600","status":"HU","lat":14.2,"lon":-59.2,"wind_kt":120,"pressure_mb":942},{"date":"19790829","time":"1200","status":"HU","lat":14.8,"lon":-60.3,"wind_kt":125,"pressure_mb":938},{"date":"19790829","time":"1800","status":"HU","lat":15.3,"lon":-61.6,"wind_kt":125,"pressure_mb":933},{"date":"19790830","time":"0000","status":"HU","lat":15.6,"lon":-62.8,"wind_kt":130,"pressure_mb":929},{"date":"19790830","time":"0600","status":"HU","lat":16,"lon":-64.2,"wind_kt":140,"pressure_mb":925},{"date":"19790830","time":"1200","status":"HU","lat":16.3,"lon":-65.2,"wind_kt":145,"pressure_mb":924},{"date":"19790830","time":"1800","status":"HU","lat":16.6,"lon":-66.2,"wind_kt":150,"pressure_mb":924},{"date":"19790831","time":"0000","status":"HU","lat":16.8,"lon":-67.3,"wind_kt":145,"pressure_mb":927},{"date":"19790831","time":"0600","status":"HU","lat":17,"lon":-68.3,"wind_kt":145,"pressure_mb":928},{"date":"19790831","time":"1200","status":"HU","lat":17.2,"lon":-69.1,"wind_kt":145,"pressure_mb":927},{"date":"19790831","time":"1800","status":"HU","lat":17.9,"lon":-69.7,"wind_kt":150,"pressure_mb":926},{"date":"19790901","time":"0000","status":"HU","lat":18.8,"lon":-70.4,"wind_kt":130,"pressure_mb":953},{"date":"19790901","time":"0600","status":"HU","lat":19.3,"lon":-72,"wind_kt":100,"pressure_mb":978},{"date":"19790901","time":"1200","status":"HU","lat":19.7,"lon":-73.7,"wind_kt":65,"pressure_mb":1002},{"date":"19790901","time":"1800","status":"TS","lat":20.6,"lon":-74.6,"wind_kt":60,"pressure_mb":1002},{"date":"19790902","time":"0000","status":"HU","lat":21.3,"lon":-75.2,"wind_kt":65,"pressure_mb":997},{"date":"19790902","time":"0600","status":"HU","lat":21.9,"lon":-75.5,"wind_kt":70,"pressure_mb":990},{"date":"19790902","time":"1200","status":"HU","lat":23,"lon":-76.3,"wind_kt":70,"pressure_mb":984},{"date":"19790902","time":"1800","status":"HU","lat":23.9,"lon":-77.4,"wind_kt":75,"pressure_mb":979},{"date":"19790903","time":"0000","status":"HU","lat":24.6,"lon":-78.2,"wind_kt":80,"pressure_mb":976},{"date":"19790903","time":"0600","status":"HU","lat":25.3,"lon":-79.1,"wind_kt":80,"pressure_mb":974},{"date":"19790903","time":"1200","status":"HU","lat":26.3,"lon":-79.6,"wind_kt":85,"pressure_mb":973},{"date":"19790903","time":"1800","status":"HU","lat":27.2,"lon":-80.2,"wind_kt":85,"pressure_mb":972},{"date":"19790904","time":"0000","status":"HU","lat":28,"lon":-80.5,"wind_kt":85,"pressure_mb":971},{"date":"19790904","time":"0600","status":"HU","lat":29.1,"lon":-80.8,"wind_kt":85,"pressure_mb":970},{"date":"19790904","time":"1200","status":"HU","lat":30.2,"lon":-80.9,"wind_kt":85,"pressure_mb":970},{"date":"19790904","time":"1800","status":"HU","lat":31.5,"lon":-81.2,"wind_kt":80,"pressure_mb":970},{"date":"19790905","time":"0000","status":"HU","lat":32.5,"lon":-81.1,"wind_kt":65,"pressure_mb":972},{"date":"19790905","time":"0600","status":"TS","lat":33.5,"lon":-80.9,"wind_kt":55,"pressure_mb":976},{"date":"19790905","time":"1200","status":"TS","lat":34.9,"lon":-80.6,"wind_kt":45,"pressure_mb":980},{"date":"19790905","time":"1800","status":"TS","lat":36.2,"lon":-80.1,"wind_kt":40,"pressure_mb":984},{"date":"19790906","time":"0000","status":"TS","lat":37.6,"lon":-79.5,"wind_kt":40,"pressure_mb":987},{"date":"19790906","time":"0600","status":"TS","lat":39.2,"lon":-78.5,"wind_kt":40,"pressure_mb":989},{"date":"19790906","time":"1200","status":"TS","lat":41.5,"lon":-76.3,"wind_kt":40,"pressure_mb":991},{"date":"19790906","time":"1800","status":"EX","lat":43.3,"lon":-73.7,"wind_kt":40,"pressure_mb":992},{"date":"19790907","time":"0000","status":"EX","lat":45,"lon":-70,"wind_kt":45,"pressure_mb":991},{"date":"19790907","time":"0600","status":"EX","lat":46.5,"lon":-66,"wind_kt":50,"pressure_mb":988},{"date":"19790907","time":"1200","status":"EX","lat":47.5,"lon":-61.5,"wind_kt":50,"pressure_mb":987},{"date":"19790907","time":"1800","status":"EX","lat":50,"lon":-57,"wind_kt":55,"pressure_mb":986},{"date":"19790908","time":"0000","status":"EX","lat":52.5,"lon":-52.5,"wind_kt":60,"pressure_mb":985}]}},{"type":"Feature","geometry":{"type":"LineString","coordinates":[[-94.5,18],[-95,19],[-95.2,19.4],[-96,20],[-96,20.8],[-96,21.8],[-96,22.7],[-96,23.4],[-96.1,24.2],[-96.6,24.9],[-97.1,24.7],[-98.5,24],[-99,23.8]]},"properties":{"id":"hur-al101979","event_type":"hurricane","name":null,"year":1979,"max_wind_kt":30,"min_pressure_mb":null,"category":-1,"preliminary":false,"start_date":"19790825","end_date":"19790828","track":[{"date":"19790825","time":"1200","status":"TD","lat":18,"lon":-94.5,"wind_kt":20,"pressure_mb":null},{"date":"19790825","time":"1800","status":"TD","lat":19,"lon":-95,"wind_kt":25,"pressure_mb":null},{"date":"19790826","time":"0000","status":"TD","lat":19.4,"lon":-95.2,"wind_kt":25,"pressure_mb":null},{"date":"19790826","time":"0600","status":"TD","lat":20,"lon":-96,"wind_kt":30,"pressure_mb":null},{"date":"19790826","time":"1200","status":"TD","lat":20.8,"lon":-96,"wind_kt":30,"pressure_mb":null},{"date":"19790826","time":"1800","status":"TD","lat":21.8,"lon":-96,"wind_kt":30,"pressure_mb":null},{"date":"19790827","time":"0000","status":"TD","lat":22.7,"lon":-96,"wind_kt":30,"pressure_mb":null},{"date":"19790827","time":"0600","status":"TD","lat":23.4,"lon":-96,"wind_kt":30,"pressure_mb":null},{"date":"19790827","time":"1200","status":"TD","lat":24.2,"lon":-96.1,"wind_kt":30,"pressure_mb":null},{"date":"19790827","time":"1800","status":"TD","lat":24.9,"lon":-96.6,"wind_kt":25,"pressure_mb":null},{"date":"19790828","time":"0000","status":"TD","lat":24.7,"lon":-97.1,"wind_kt":25,"pressure_mb":null},{"date":"19790828","time":"0600","status":"TD","lat":24,"lon":-98.5,"wind_kt":25,"pressure_mb":null},{"date":"19790828","time":"1200","status":"TD","lat":23.8,"lon":-99,"wind_kt":null,"pressure_mb":null}]}},{"type":"Feature","geometry":{"type":"LineString","coordinates":[[-25.5,11],[-28,11.1],[-30.5,11.2],[-32.5,11.3],[-34.2,11.4],[-36,11.5],[-37.8,11.6],[-39.7,11.7],[-41.6,11.8],[-43.5,11.9],[-45.1,12],[-47,12.5],[-48.7,12.9],[-50.4,13.3],[-52.3,13.8],[-54.1,14.3],[-55.5,14.9],[-57.2,15.5],[-58.8,16.3],[-59.8,16.7],[-60.8,17.1],[-61.8,17.5],[-62.8,17.8],[-63.8,18],[-64.8,18.1],[-65.8,18.1],[-66.8,18.1],[-67.8,18],[-68.7,17.5],[-69.2,17.4],[-69.6,17.8],[-69.9,18.5],[-70.7,19.4],[-71.8,19.9],[-73,20],[-74.5,20.1],[-75.8,20.3],[-77,20.6],[-78,20.9],[-78.7,21.1],[-79.3,21.3],[-79.8,21.5],[-80.5,21.6],[-81,21.7],[-81.5,21.8],[-82,21.9],[-82.5,22],[-83,22.4],[-83.3,22.7],[-83.6,22.8],[-83.8,23],[-84,23.3],[-84.4,23.8],[-84.8,24.4],[-85.2,25],[-85.8,25.7],[-86.4,26.5],[-87,27.4],[-87.7,28.4],[-88,29.7],[-88.5,30.8],[-88.7,32.2],[-88,34],[-87,35.2],[-84.5,37],[-81,39.5],[-76,42.5],[-68,48]]},"properties":{"id":"hur-al111979","event_type":"hurricane","name":"FREDERIC","year":1979,"max_wind_kt":115,"min_pressure_mb":943,"category":4,"preliminary":false,"start_date":"19790829","end_date":"19790915","track":[{"date":"19790829","time":"0600","status":"TD","lat":11,"lon":-25.5,"wind_kt":25,"pressure_mb":1009},{"date":"19790829","time":"1200","status":"TD","lat":11.1,"lon":-28,"wind_kt":30,"pressure_mb":1009},{"date":"19790829","time":"1800","status":"TD","lat":11.2,"lon":-30.5,"wind_kt":30,"pressure_mb":1008},{"date":"19790830","time":"0000","status":"TD","lat":11.3,"lon":-32.5,"wind_kt":30,"pressure_mb":1007},{"date":"19790830","time":"0600","status":"TD","lat":11.4,"lon":-34.2,"wind_kt":30,"pressure_mb":1006},{"date":"19790830","time":"1200","status":"TS","lat":11.5,"lon":-36,"wind_kt":35,"pressure_mb":1005},{"date":"19790830","time":"1800","status":"TS","lat":11.6,"lon":-37.8,"wind_kt":40,"pressure_mb":1003},{"date":"19790831","time":"0000","status":"TS","lat":11.7,"lon":-39.7,"wind_kt":45,"pressure_mb":1000},{"date":"19790831","time":"0600","status":"TS","lat":11.8,"lon":-41.6,"wind_kt":50,"pressure_mb":997},{"date":"19790831","time":"1200","status":"TS","lat":11.9,"lon":-43.5,"wind_kt":55,"pressure_mb":994},{"date":"19790831","time":"1800","status":"TS","lat":12,"lon":-45.1,"wind_kt":55,"pressure_mb":991},{"date":"19790901","time":"0000","status":"TS","lat":12.5,"lon":-47,"wind_kt":60,"pressure_mb":988},{"date":"19790901","time":"0600","status":"HU","lat":12.9,"lon":-48.7,"wind_kt":65,"pressure_mb":987},{"date":"19790901","time":"1200","status":"HU","lat":13.3,"lon":-50.4,"wind_kt":65,"pressure_mb":988},{"date":"19790901","time":"1800","status":"HU","lat":13.8,"lon":-52.3,"wind_kt":65,"pressure_mb":990},{"date":"19790902","time":"0000","status":"TS","lat":14.3,"lon":-54.1,"wind_kt":60,"pressure_mb":992},{"date":"19790902","time":"0600","status":"TS","lat":14.9,"lon":-55.5,"wind_kt":60,"pressure_mb":994},{"date":"19790902","time":"1200","status":"TS","lat":15.5,"lon":-57.2,"wind_kt":60,"pressure_mb":996},{"date":"19790902","time":"1800","status":"TS","lat":16.3,"lon":-58.8,"wind_kt":55,"pressure_mb":999},{"date":"19790903","time":"0000","status":"TS","lat":16.7,"lon":-59.8,"wind_kt":55,"pressure_mb":1002},{"date":"19790903","time":"0600","status":"TS","lat":17.1,"lon":-60.8,"wind_kt":55,"pressure_mb":1000},{"date":"19790903","time":"1200","status":"TS","lat":17.5,"lon":-61.8,"wind_kt":50,"pressure_mb":999},{"date":"19790903","time":"1800","status":"TS","lat":17.8,"lon":-62.8,"wind_kt":50,"pressure_mb":1000},{"date":"19790904","time":"0000","status":"TS","lat":18,"lon":-63.8,"wind_kt":50,"pressure_mb":1002},{"date":"19790904","time":"0600","status":"TS","lat":18.1,"lon":-64.8,"wind_kt":45,"pressure_mb":1003},{"date":"19790904","time":"1200","status":"TS","lat":18.1,"lon":-65.8,"wind_kt":45,"pressure_mb":1004},{"date":"19790904","time":"1800","status":"TS","lat":18.1,"lon":-66.8,"wind_kt":45,"pressure_mb":1005},{"date":"19790905","time":"0000","status":"TS","lat":18,"lon":-67.8,"wind_kt":45,"pressure_mb":1006},{"date":"19790905","time":"0600","status":"TS","lat":17.5,"lon":-68.7,"wind_kt":45,"pressure_mb":1007},{"date":"19790905","time":"1200","status":"TS","lat":17.4,"lon":-69.2,"wind_kt":40,"pressure_mb":1008},{"date":"19790905","time":"1800","status":"TS","lat":17.8,"lon":-69.6,"wind_kt":40,"pressure_mb":1007},{"date":"19790906","time":"0000","status":"TS","lat":18.5,"lon":-69.9,"wind_kt":40,"pressure_mb":1005},{"date":"19790906","time":"0600","status":"TS","lat":19.4,"lon":-70.7,"wind_kt":35,"pressure_mb":1005},{"date":"19790906","time":"1200","status":"TS","lat":19.9,"lon":-71.8,"wind_kt":35,"pressure_mb":1006},{"date":"19790906","time":"1800","status":"TD","lat":20,"lon":-73,"wind_kt":30,"pressure_mb":1006},{"date":"19790907","time":"0000","status":"TD","lat":20.1,"lon":-74.5,"wind_kt":30,"pressure_mb":1006},{"date":"19790907","time":"0600","status":"TD","lat":20.3,"lon":-75.8,"wind_kt":25,"pressure_mb":1006},{"date":"19790907","time":"1200","status":"TD","lat":20.6,"lon":-77,"wind_kt":25,"pressure_mb":1005},{"date":"19790907","time":"1800","status":"TD","lat":20.9,"lon":-78,"wind_kt":25,"pressure_mb":1004},{"date":"19790908","time":"0000","status":"TD","lat":21.1,"lon":-78.7,"wind_kt":30,"pressure_mb":1003},{"date":"19790908","time":"0600","status":"TD","lat":21.3,"lon":-79.3,"wind_kt":30,"pressure_mb":1003},{"date":"19790908","time":"1200","status":"TD","lat":21.5,"lon":-79.8,"wind_kt":30,"pressure_mb":1002},{"date":"19790908","time":"1800","status":"TD","lat":21.6,"lon":-80.5,"wind_kt":30,"pressure_mb":1002},{"date":"19790909","time":"0000","status":"TS","lat":21.7,"lon":-81,"wind_kt":35,"pressure_mb":1001},{"date":"19790909","time":"0600","status":"TS","lat":21.8,"lon":-81.5,"wind_kt":40,"pressure_mb":1000},{"date":"19790909","time":"1200","status":"TS","lat":21.9,"lon":-82,"wind_kt":45,"pressure_mb":999},{"date":"19790909","time":"1800","status":"TS","lat":22,"lon":-82.5,"wind_kt":50,"pressure_mb":997},{"date":"19790910","time":"0000","status":"TS","lat":22.4,"lon":-83,"wind_kt":55,"pressure_mb":995},{"date":"19790910","time":"0600","status":"TS","lat":22.7,"lon":-83.3,"wind_kt":60,"pressure_mb":992},{"date":"19790910","time":"1200","status":"HU","lat":22.8,"lon":-83.6,"wind_kt":65,"pressure_mb":990},{"date":"19790910","time":"1800","status":"HU","lat":23,"lon":-83.8,"wind_kt":70,"pressure_mb":987},{"date":"19790911","time":"0000","status":"HU","lat":23.3,"lon":-84,"wind_kt":75,"pressure_mb":985},{"date":"19790911","time":"0600","status":"HU","lat":23.8,"lon":-84.4,"wind_kt":80,"pressure_mb":983},{"date":"19790911","time":"1200","status":"HU","lat":24.4,"lon":-84.8,"wind_kt":85,"pressure_mb":980},{"date":"19790911","time":"1800","status":"HU","lat":25,"lon":-85.2,"wind_kt":95,"pressure_mb":968},{"date":"19790912","time":"0000","status":"HU","lat":25.7,"lon":-85.8,"wind_kt":100,"pressure_mb":960},{"date":"19790912","time":"0600","status":"HU","lat":26.5,"lon":-86.4,"wind_kt":110,"pressure_mb":952},{"date":"19790912","time":"1200","status":"HU","lat":27.4,"lon":-87,"wind_kt":115,"pressure_mb":943},{"date":"19790912","time":"1800","status":"HU","lat":28.4,"lon":-87.7,"wind_kt":115,"pressure_mb":950},{"date":"19790913","time":"0000","status":"HU","lat":29.7,"lon":-88,"wind_kt":115,"pressure_mb":946},{"date":"19790913","time":"0600","status":"HU","lat":30.8,"lon":-88.5,"wind_kt":95,"pressure_mb":955},{"date":"19790913","time":"1200","status":"HU","lat":32.2,"lon":-88.7,"wind_kt":65,"pressure_mb":975},{"date":"19790913","time":"1800","status":"TS","lat":34,"lon":-88,"wind_kt":45,"pressure_mb":985},{"date":"19790914","time":"0000","status":"TS","lat":35.2,"lon":-87,"wind_kt":40,"pressure_mb":990},{"date":"19790914","time":"0600","status":"TS","lat":37,"lon":-84.5,"wind_kt":35,"pressure_mb":996},{"date":"19790914","time":"1200","status":"TS","lat":39.5,"lon":-81,"wind_kt":35,"pressure_mb":997},{"date":"19790914","time":"1800","status":"EX","lat":42.5,"lon":-76,"wind_kt":30,"pressure_mb":998},{"date":"19790915","time":"0000","status":"EX","lat":48,"lon":-68,"wind_kt":30,"pressure_mb":988}]}},{"type":"Feature","geometry":{"type":"LineString","coordinates":[[-89.1,25.5],[-89.9,26],[-90.7,26.4],[-91.8,26.8],[-93,26.5],[-93.8,26.8],[-94.2,27],[-94.7,27.3],[-95.1,27.6],[-95.5,27.9],[-95.8,28.5],[-95.8,29],[-95.8,29.6]]},"properties":{"id":"hur-al121979","event_type":"hurricane","name":"ELENA","year":1979,"max_wind_kt":35,"min_pressure_mb":1004,"category":0,"preliminary":false,"start_date":"19790830","end_date":"19790902","track":[{"date":"19790830","time":"0000","status":"TD","lat":25.5,"lon":-89.1,"wind_kt":25,"pressure_mb":1008},{"date":"19790830","time":"0600","status":"TD","lat":26,"lon":-89.9,"wind_kt":25,"pressure_mb":1008},{"date":"19790830","time":"1200","status":"TD","lat":26.4,"lon":-90.7,"wind_kt":30,"pressure_mb":1007},{"date":"19790830","time":"1800","status":"TS","lat":26.8,"lon":-91.8,"wind_kt":35,"pressure_mb":1006},{"date":"19790831","time":"0000","status":"TS","lat":26.5,"lon":-93,"wind_kt":35,"pressure_mb":1004},{"date":"19790831","time":"0600","status":"TS","lat":26.8,"lon":-93.8,"wind_kt":35,"pressure_mb":1006},{"date":"19790831","time":"1200","status":"TS","lat":27,"lon":-94.2,"wind_kt":35,"pressure_mb":1008},{"date":"19790831","time":"1800","status":"TS","lat":27.3,"lon":-94.7,"wind_kt":35,"pressure_mb":1008},{"date":"19790901","time":"0000","status":"TS","lat":27.6,"lon":-95.1,"wind_kt":35,"pressure_mb":1008},{"date":"19790901","time":"0600","status":"TS","lat":27.9,"lon":-95.5,"wind_kt":35,"pressure_mb":1008},{"date":"19790901","time":"1200","status":"TS","lat":28.5,"lon":-95.8,"wind_kt":35,"pressure_mb":1008},{"date":"19790901","time":"1800","status":"TD","lat":29,"lon":-95.8,"wind_kt":30,"pressure_mb":1008},{"date":"19790902","time":"0000","status":"TD","lat":29.6,"lon":-95.8,"wind_kt":25,"pressure_mb":1008}]}},{"type":"Feature","geometry":{"type":"LineString","coordinates":[[-22,19.9],[-23,20.4],[-23.6,20.8],[-26,21.2],[-27.3,22],[-28.7,22.2],[-30,23],[-31.8,23.3],[-33.2,23.9],[-34.9,24.9],[-36.5,26],[-37.8,27.2],[-39,28.7],[-39.5,30.1],[-39.8,31.5],[-39.5,32.9],[-39,34],[-38.5,35.3],[-37.9,36.7],[-37,37.8],[-36,39]]},"properties":{"id":"hur-al131979","event_type":"hurricane","name":null,"year":1979,"max_wind_kt":30,"min_pressure_mb":null,"category":-1,"preliminary":false,"start_date":"19790901","end_date":"19790906","track":[{"date":"19790901","time":"1200","status":"TD","lat":19.9,"lon":-22,"wind_kt":20,"pressure_mb":null},{"date":"19790901","time":"1800","status":"TD","lat":20.4,"lon":-23,"wind_kt":25,"pressure_mb":null},{"date":"19790902","time":"0000","status":"TD","lat":20.8,"lon":-23.6,"wind_kt":25,"pressure_mb":null},{"date":"19790902","time":"0600","status":"TD","lat":21.2,"lon":-26,"wind_kt":30,"pressure_mb":null},{"date":"19790902","time":"1200","status":"TD","lat":22,"lon":-27.3,"wind_kt":30,"pressure_mb":null},{"date":"19790902","time":"1800","status":"TD","lat":22.2,"lon":-28.7,"wind_kt":30,"pressure_mb":null},{"date":"19790903","time":"0000","status":"TD","lat":23,"lon":-30,"wind_kt":30,"pressure_mb":null},{"date":"19790903","time":"0600","status":"TD","lat":23.3,"lon":-31.8,"wind_kt":30,"pressure_mb":null},{"date":"19790903","time":"1200","status":"TD","lat":23.9,"lon":-33.2,"wind_kt":30,"pressure_mb":null},{"date":"19790903","time":"1800","status":"TD","lat":24.9,"lon":-34.9,"wind_kt":30,"pressure_mb":null},{"date":"19790904","time":"0000","status":"TD","lat":26,"lon":-36.5,"wind_kt":30,"pressure_mb":null},{"date":"19790904","time":"0600","status":"TD","lat":27.2,"lon":-37.8,"wind_kt":30,"pressure_mb":null},{"date":"19790904","time":"1200","status":"TD","lat":28.7,"lon":-39,"wind_kt":30,"pressure_mb":null},{"date":"19790904","time":"1800","status":"TD","lat":30.1,"lon":-39.5,"wind_kt":30,"pressure_mb":null},{"date":"19790905","time":"0000","status":"TD","lat":31.5,"lon":-39.8,"wind_kt":25,"pressure_mb":null},{"date":"19790905","time":"0600","status":"TD","lat":32.9,"lon":-39.5,"wind_kt":25,"pressure_mb":null},{"date":"19790905","time":"1200","status":"TD","lat":34,"lon":-39,"wind_kt":25,"pressure_mb":null},{"date":"19790905","time":"1800","status":"TD","lat":35.3,"lon":-38.5,"wind_kt":25,"pressure_mb":null},{"date":"19790906","time":"0000","status":"TD","lat":36.7,"lon":-37.9,"wind_kt":25,"pressure_mb":null},{"date":"19790906","time":"0600","status":"TD","lat":37.8,"lon":-37,"wind_kt":20,"pressure_mb":null},{"date":"19790906","time":"1200","status":"TD","lat":39,"lon":-36,"wind_kt":20,"pressure_mb":null}]}},{"type":"Feature","geometry":{"type":"LineString","coordinates":[[-21,15.5],[-22.5,16.5],[-24,17.5],[-25.5,18.5],[-27,19],[-28.8,19.8],[-30.3,20.5],[-32,21.2],[-33.8,22],[-35.5,22.5],[-36.8,23.2],[-37.2,24.4],[-38,25.6],[-38.7,26.4],[-39.2,27],[-40,27.5],[-40.3,28],[-41,28.6],[-41.7,29.3],[-42.5,29.9],[-43.2,30.4],[-44,31],[-45,31.5],[-45.8,31.2],[-46.8,31],[-47,31.1],[-47.4,31.3],[-47.9,31.4],[-48.1,31.6],[-48.4,31.8],[-48.6,32.2],[-48.6,32.4],[-48.3,32.8],[-47.8,33.2],[-47,33.9],[-46,34.5],[-45,35],[-43.8,36],[-41.5,37],[-39.5,38.5],[-37.8,40.2],[-35.8,42],[-34,43.4],[-32,45]]},"properties":{"id":"hur-al141979","event_type":"hurricane","name":"GLORIA","year":1979,"max_wind_kt":85,"min_pressure_mb":975,"category":2,"preliminary":false,"start_date":"19790904","end_date":"19790915","track":[{"date":"19790904","time":"1200","status":"TD","lat":15.5,"lon":-21,"wind_kt":25,"pressure_mb":1005},{"date":"19790904","time":"1800","status":"TD","lat":16.5,"lon":-22.5,"wind_kt":25,"pressure_mb":1004},{"date":"19790905","time":"0000","status":"TD","lat":17.5,"lon":-24,"wind_kt":25,"pressure_mb":1003},{"date":"19790905","time":"0600","status":"TD","lat":18.5,"lon":-25.5,"wind_kt":25,"pressure_mb":1002},{"date":"19790905","time":"1200","status":"TD","lat":19,"lon":-27,"wind_kt":30,"pressure_mb":1002},{"date":"19790905","time":"1800","status":"TD","lat":19.8,"lon":-28.8,"wind_kt":30,"pressure_mb":1002},{"date":"19790906","time":"0000","status":"TD","lat":20.5,"lon":-30.3,"wind_kt":30,"pressure_mb":1001},{"date":"19790906","time":"0600","status":"TD","lat":21.2,"lon":-32,"wind_kt":30,"pressure_mb":1001},{"date":"19790906","time":"1200","status":"TS","lat":22,"lon":-33.8,"wind_kt":35,"pressure_mb":1000},{"date":"19790906","time":"1800","status":"TS","lat":22.5,"lon":-35.5,"wind_kt":45,"pressure_mb":998},{"date":"19790907","time":"0000","status":"TS","lat":23.2,"lon":-36.8,"wind_kt":55,"pressure_mb":995},{"date":"19790907","time":"0600","status":"HU","lat":24.4,"lon":-37.2,"wind_kt":65,"pressure_mb":992},{"date":"19790907","time":"1200","status":"HU","lat":25.6,"lon":-38,"wind_kt":65,"pressure_mb":990},{"date":"19790907","time":"1800","status":"HU","lat":26.4,"lon":-38.7,"wind_kt":70,"pressure_mb":988},{"date":"19790908","time":"0000","status":"HU","lat":27,"lon":-39.2,"wind_kt":75,"pressure_mb":985},{"date":"19790908","time":"0600","status":"HU","lat":27.5,"lon":-40,"wind_kt":75,"pressure_mb":985},{"date":"19790908","time":"1200","status":"HU","lat":28,"lon":-40.3,"wind_kt":75,"pressure_mb":985},{"date":"19790908","time":"1800","status":"HU","lat":28.6,"lon":-41,"wind_kt":75,"pressure_mb":985},{"date":"19790909","time":"0000","status":"HU","lat":29.3,"lon":-41.7,"wind_kt":75,"pressure_mb":985},{"date":"19790909","time":"0600","status":"HU","lat":29.9,"lon":-42.5,"wind_kt":75,"pressure_mb":985},{"date":"19790909","time":"1200","status":"HU","lat":30.4,"lon":-43.2,"wind_kt":75,"pressure_mb":985},{"date":"19790909","time":"1800","status":"HU","lat":31,"lon":-44,"wind_kt":70,"pressure_mb":987},{"date":"19790910","time":"0000","status":"HU","lat":31.5,"lon":-45,"wind_kt":70,"pressure_mb":989},{"date":"19790910","time":"0600","status":"HU","lat":31.2,"lon":-45.8,"wind_kt":65,"pressure_mb":991},{"date":"19790910","time":"1200","status":"HU","lat":31,"lon":-46.8,"wind_kt":65,"pressure_mb":993},{"date":"19790910","time":"1800","status":"TS","lat":31.1,"lon":-47,"wind_kt":60,"pressure_mb":994},{"date":"19790911","time":"0000","status":"TS","lat":31.3,"lon":-47.4,"wind_kt":55,"pressure_mb":995},{"date":"19790911","time":"0600","status":"TS","lat":31.4,"lon":-47.9,"wind_kt":55,"pressure_mb":995},{"date":"19790911","time":"1200","status":"TS","lat":31.6,"lon":-48.1,"wind_kt":60,"pressure_mb":994},{"date":"19790911","time":"1800","status":"HU","lat":31.8,"lon":-48.4,"wind_kt":65,"pressure_mb":992},{"date":"19790912","time":"0000","status":"HU","lat":32.2,"lon":-48.6,"wind_kt":70,"pressure_mb":988},{"date":"19790912","time":"0600","status":"HU","lat":32.4,"lon":-48.6,"wind_kt":75,"pressure_mb":985},{"date":"19790912","time":"1200","status":"HU","lat":32.8,"lon":-48.3,"wind_kt":80,"pressure_mb":980},{"date":"19790912","time":"1800","status":"HU","lat":33.2,"lon":-47.8,"wind_kt":85,"pressure_mb":975},{"date":"19790913","time":"0000","status":"HU","lat":33.9,"lon":-47,"wind_kt":85,"pressure_mb":975},{"date":"19790913","time":"0600","status":"HU","lat":34.5,"lon":-46,"wind_kt":85,"pressure_mb":976},{"date":"19790913","time":"1200","status":"HU","lat":35,"lon":-45,"wind_kt":85,"pressure_mb":977},{"date":"19790913","time":"1800","status":"HU","lat":36,"lon":-43.8,"wind_kt":80,"pressure_mb":978},{"date":"19790914","time":"0000","status":"HU","lat":37,"lon":-41.5,"wind_kt":80,"pressure_mb":979},{"date":"19790914","time":"0600","status":"HU","lat":38.5,"lon":-39.5,"wind_kt":75,"pressure_mb":980},{"date":"19790914","time":"1200","status":"HU","lat":40.2,"lon":-37.8,"wind_kt":75,"pressure_mb":985},{"date":"19790914","time":"1800","status":"HU","lat":42,"lon":-35.8,"wind_kt":70,"pressure_mb":988},{"date":"19790915","time":"0000","status":"HU","lat":43.4,"lon":-34,"wind_kt":65,"pressure_mb":992},{"date":"19790915","time":"0600","status":"EX","lat":45,"lon":-32,"wind_kt":60,"pressure_mb":994}]}},{"type":"Feature","geometry":{"type":"LineString","coordinates":[[-86.8,20.3],[-86.9,21.5],[-87.4,22.5],[-88.5,22.5],[-89.7,22.5],[-91,22.5],[-92.2,22.1],[-93.1,21.3],[-93.6,20.2],[-94,20.2],[-94.3,20.4],[-94.6,20.8],[-95,20.9],[-95.4,21],[-95.7,21.2],[-95.7,21.6],[-95.7,21.5],[-95.6,21.3],[-95.5,21.1],[-95.3,21.1],[-94.9,21.1],[-94.5,21.1],[-94.2,21.2],[-93.7,21.2],[-93.4,21.4],[-93.1,21.7],[-92.7,22],[-92.3,22.3],[-92.1,22.6],[-91.7,23],[-91.5,23.3],[-91,23.8],[-90.5,24.3],[-90.1,24.8],[-89.6,25.3],[-88.8,25.4],[-88,25.6],[-87.3,26],[-86.7,26.4]]},"properties":{"id":"hur-al151979","event_type":"hurricane","name":"HENRI","year":1979,"max_wind_kt":75,"min_pressure_mb":983,"category":1,"preliminary":false,"start_date":"19790915","end_date":"19790924","track":[{"date":"19790915","time":"0000","status":"TD","lat":20.3,"lon":-86.8,"wind_kt":25,"pressure_mb":1003},{"date":"19790915","time":"0600","status":"TD","lat":21.5,"lon":-86.9,"wind_kt":25,"pressure_mb":1003},{"date":"19790915","time":"1200","status":"TD","lat":22.5,"lon":-87.4,"wind_kt":30,"pressure_mb":1003},{"date":"19790915","time":"1800","status":"TD","lat":22.5,"lon":-88.5,"wind_kt":30,"pressure_mb":1003},{"date":"19790916","time":"0000","status":"TD","lat":22.5,"lon":-89.7,"wind_kt":30,"pressure_mb":1003},{"date":"19790916","time":"0600","status":"TD","lat":22.5,"lon":-91,"wind_kt":30,"pressure_mb":1002},{"date":"19790916","time":"1200","status":"TS","lat":22.1,"lon":-92.2,"wind_kt":35,"pressure_mb":1001},{"date":"19790916","time":"1800","status":"TS","lat":21.3,"lon":-93.1,"wind_kt":45,"pressure_mb":999},{"date":"19790917","time":"0000","status":"TS","lat":20.2,"lon":-93.6,"wind_kt":55,"pressure_mb":995},{"date":"19790917","time":"0600","status":"HU","lat":20.2,"lon":-94,"wind_kt":65,"pressure_mb":990},{"date":"19790917","time":"1200","status":"HU","lat":20.4,"lon":-94.3,"wind_kt":75,"pressure_mb":983},{"date":"19790917","time":"1800","status":"HU","lat":20.8,"lon":-94.6,"wind_kt":70,"pressure_mb":984},{"date":"19790918","time":"0000","status":"HU","lat":20.9,"lon":-95,"wind_kt":65,"pressure_mb":992},{"date":"19790918","time":"0600","status":"TS","lat":21,"lon":-95.4,"wind_kt":60,"pressure_mb":997},{"date":"19790918","time":"1200","status":"TS","lat":21.2,"lon":-95.7,"wind_kt":50,"pressure_mb":1000},{"date":"19790918","time":"1800","status":"TS","lat":21.6,"lon":-95.7,"wind_kt":40,"pressure_mb":1000},{"date":"19790919","time":"0000","status":"TS","lat":21.5,"lon":-95.7,"wind_kt":40,"pressure_mb":1000},{"date":"19790919","time":"0600","status":"TS","lat":21.3,"lon":-95.6,"wind_kt":35,"pressure_mb":1001},{"date":"19790919","time":"1200","status":"TS","lat":21.1,"lon":-95.5,"wind_kt":35,"pressure_mb":1003},{"date":"19790919","time":"1800","status":"TD","lat":21.1,"lon":-95.3,"wind_kt":30,"pressure_mb":1005},{"date":"19790920","time":"0000","status":"TD","lat":21.1,"lon":-94.9,"wind_kt":30,"pressure_mb":1005},{"date":"19790920","time":"0600","status":"TD","lat":21.1,"lon":-94.5,"wind_kt":30,"pressure_mb":1005},{"date":"19790920","time":"1200","status":"TD","lat":21.2,"lon":-94.2,"wind_kt":30,"pressure_mb":1006},{"date":"19790920","time":"1800","status":"TD","lat":21.2,"lon":-93.7,"wind_kt":30,"pressure_mb":1006},{"date":"19790921","time":"0000","status":"TD","lat":21.4,"lon":-93.4,"wind_kt":30,"pressure_mb":1006},{"date":"19790921","time":"0600","status":"TD","lat":21.7,"lon":-93.1,"wind_kt":30,"pressure_mb":1007},{"date":"19790921","time":"1200","status":"TD","lat":22,"lon":-92.7,"wind_kt":30,"pressure_mb":1008},{"date":"19790921","time":"1800","status":"TD","lat":22.3,"lon":-92.3,"wind_kt":30,"pressure_mb":1009},{"date":"19790922","time":"0000","status":"TD","lat":22.6,"lon":-92.1,"wind_kt":25,"pressure_mb":1010},{"date":"19790922","time":"0600","status":"TD","lat":23,"lon":-91.7,"wind_kt":20,"pressure_mb":1011},{"date":"19790922","time":"1200","status":"TD","lat":23.3,"lon":-91.5,"wind_kt":20,"pressure_mb":1011},{"date":"19790922","time":"1800","status":"TD","lat":23.8,"lon":-91,"wind_kt":20,"pressure_mb":1011},{"date":"19790923","time":"0000","status":"TD","lat":24.3,"lon":-90.5,"wind_kt":20,"pressure_mb":1011},{"date":"19790923","time":"0600","status":"TD","lat":24.8,"lon":-90.1,"wind_kt":20,"pressure_mb":1011},{"date":"19790923","time":"1200","status":"TD","lat":25.3,"lon":-89.6,"wind_kt":20,"pressure_mb":1011},{"date":"19790923","time":"1800","status":"TD","lat":25.4,"lon":-88.8,"wind_kt":20,"pressure_mb":1011},{"date":"19790924","time":"0000","status":"TD","lat":25.6,"lon":-88,"wind_kt":20,"pressure_mb":1011},{"date":"19790924","time":"0600","status":"TD","lat":26,"lon":-87.3,"wind_kt":20,"pressure_mb":1011},{"date":"19790924","time":"1200","status":"EX","lat":26.4,"lon":-86.7,"wind_kt":20,"pressure_mb":1011}]}},{"type":"Feature","geometry":{"type":"LineString","coordinates":[[-48.5,15.6],[-49.2,16.2],[-50,17],[-50.6,17.9],[-51,19],[-51.5,19.8],[-51.6,20.8],[-51.6,21.7],[-51.7,22.4],[-51.6,23],[-51.6,25.6],[-51.5,27],[-51.5,28.8],[-51.5,30.2],[-51.2,32.1],[-51,34],[-50.4,35.9],[-50,37.1],[-49,39],[-48.1,40.2],[-47,41.8]]},"properties":{"id":"hur-al161979","event_type":"hurricane","name":null,"year":1979,"max_wind_kt":30,"min_pressure_mb":null,"category":-1,"preliminary":false,"start_date":"19790916","end_date":"19790921","track":[{"date":"19790916","time":"1200","status":"TD","lat":15.6,"lon":-48.5,"wind_kt":20,"pressure_mb":null},{"date":"19790916","time":"1800","status":"TD","lat":16.2,"lon":-49.2,"wind_kt":20,"pressure_mb":null},{"date":"19790917","time":"0000","status":"TD","lat":17,"lon":-50,"wind_kt":25,"pressure_mb":null},{"date":"19790917","time":"0600","status":"TD","lat":17.9,"lon":-50.6,"wind_kt":25,"pressure_mb":null},{"date":"19790917","time":"1200","status":"TD","lat":19,"lon":-51,"wind_kt":25,"pressure_mb":null},{"date":"19790917","time":"1800","status":"TD","lat":19.8,"lon":-51.5,"wind_kt":25,"pressure_mb":null},{"date":"19790918","time":"0000","status":"TD","lat":20.8,"lon":-51.6,"wind_kt":25,"pressure_mb":null},{"date":"19790918","time":"0600","status":"TD","lat":21.7,"lon":-51.6,"wind_kt":30,"pressure_mb":null},{"date":"19790918","time":"1200","status":"TD","lat":22.4,"lon":-51.7,"wind_kt":30,"pressure_mb":null},{"date":"19790918","time":"1800","status":"TD","lat":23,"lon":-51.6,"wind_kt":30,"pressure_mb":null},{"date":"19790919","time":"0000","status":"TD","lat":25.6,"lon":-51.6,"wind_kt":30,"pressure_mb":null},{"date":"19790919","time":"0600","status":"TD","lat":27,"lon":-51.5,"wind_kt":30,"pressure_mb":null},{"date":"19790919","time":"1200","status":"TD","lat":28.8,"lon":-51.5,"wind_kt":30,"pressure_mb":null},{"date":"19790919","time":"1800","status":"TD","lat":30.2,"lon":-51.5,"wind_kt":30,"pressure_mb":null},{"date":"19790920","time":"0000","status":"TD","lat":32.1,"lon":-51.2,"wind_kt":30,"pressure_mb":null},{"date":"19790920","time":"0600","status":"TD","lat":34,"lon":-51,"wind_kt":30,"pressure_mb":null},{"date":"19790920","time":"1200","status":"TD","lat":35.9,"lon":-50.4,"wind_kt":25,"pressure_mb":null},{"date":"19790920","time":"1800","status":"TD","lat":37.1,"lon":-50,"wind_kt":25,"pressure_mb":null},{"date":"19790921","time":"0000","status":"TD","lat":39,"lon":-49,"wind_kt":25,"pressure_mb":null},{"date":"19790921","time":"0600","status":"TD","lat":40.2,"lon":-48.1,"wind_kt":25,"pressure_mb":null},{"date":"19790921","time":"1200","status":"TD","lat":41.8,"lon":-47,"wind_kt":20,"pressure_mb":null}]}},{"type":"Feature","geometry":{"type":"LineString","coordinates":[[-87.3,16.9],[-87.1,17.2],[-86.9,17.6],[-86.4,17.9],[-86,18],[-85.5,18.1],[-84.9,18.2],[-84.4,18.3],[-83.9,18.4],[-83.4,18.5],[-82.9,18.8],[-82.4,18.9],[-82.1,19.1],[-81.8,19.3],[-81.4,19.7],[-81.2,20],[-81.2,20.3],[-81.4,20.7],[-81.7,21],[-82.1,21.1],[-82.5,21.2],[-83,21.1],[-83.5,21],[-84,20.9],[-84.4,20.5],[-84.8,20.2],[-85.1,20],[-85.7,19.7],[-86.4,19.5],[-86.9,19.1],[-87.2,19],[-87.9,18.8],[-88.2,18.6]]},"properties":{"id":"hur-al171979","event_type":"hurricane","name":null,"year":1979,"max_wind_kt":30,"min_pressure_mb":null,"category":-1,"preliminary":false,"start_date":"19791012","end_date":"19791020","track":[{"date":"19791012","time":"1200","status":"TD","lat":16.9,"lon":-87.3,"wind_kt":20,"pressure_mb":null},{"date":"19791012","time":"1800","status":"TD","lat":17.2,"lon":-87.1,"wind_kt":20,"pressure_mb":null},{"date":"19791013","time":"0000","status":"TD","lat":17.6,"lon":-86.9,"wind_kt":25,"pressure_mb":null},{"date":"19791013","time":"0600","status":"TD","lat":17.9,"lon":-86.4,"wind_kt":25,"pressure_mb":null},{"date":"19791013","time":"1200","status":"TD","lat":18,"lon":-86,"wind_kt":25,"pressure_mb":null},{"date":"19791013","time":"1800","status":"TD","lat":18.1,"lon":-85.5,"wind_kt":30,"pressure_mb":null},{"date":"19791014","time":"0000","status":"TD","lat":18.2,"lon":-84.9,"wind_kt":30,"pressure_mb":null},{"date":"19791014","time":"0600","status":"TD","lat":18.3,"lon":-84.4,"wind_kt":30,"pressure_mb":null},{"date":"19791014","time":"1200","status":"TD","lat":18.4,"lon":-83.9,"wind_kt":30,"pressure_mb":null},{"date":"19791014","time":"1800","status":"TD","lat":18.5,"lon":-83.4,"wind_kt":30,"pressure_mb":null},{"date":"19791015","time":"0000","status":"TD","lat":18.8,"lon":-82.9,"wind_kt":30,"pressure_mb":null},{"date":"19791015","time":"0600","status":"TD","lat":18.9,"lon":-82.4,"wind_kt":30,"pressure_mb":null},{"date":"19791015","time":"1200","status":"TD","lat":19.1,"lon":-82.1,"wind_kt":30,"pressure_mb":null},{"date":"19791015","time":"1800","status":"TD","lat":19.3,"lon":-81.8,"wind_kt":30,"pressure_mb":null},{"date":"19791016","time":"0000","status":"TD","lat":19.7,"lon":-81.4,"wind_kt":30,"pressure_mb":null},{"date":"19791016","time":"0600","status":"TD","lat":20,"lon":-81.2,"wind_kt":30,"pressure_mb":null},{"date":"19791016","time":"1200","status":"TD","lat":20.3,"lon":-81.2,"wind_kt":30,"pressure_mb":null},{"date":"19791016","time":"1800","status":"TD","lat":20.7,"lon":-81.4,"wind_kt":30,"pressure_mb":null},{"date":"19791017","time":"0000","status":"TD","lat":21,"lon":-81.7,"wind_kt":30,"pressure_mb":null},{"date":"19791017","time":"0600","status":"TD","lat":21.1,"lon":-82.1,"wind_kt":30,"pressure_mb":null},{"date":"19791017","time":"1200","status":"TD","lat":21.2,"lon":-82.5,"wind_kt":30,"pressure_mb":null},{"date":"19791017","time":"1800","status":"TD","lat":21.1,"lon":-83,"wind_kt":30,"pressure_mb":null},{"date":"19791018","time":"0000","status":"TD","lat":21,"lon":-83.5,"wind_kt":25,"pressure_mb":null},{"date":"19791018","time":"0600","status":"TD","lat":20.9,"lon":-84,"wind_kt":25,"pressure_mb":null},{"date":"19791018","time":"1200","status":"TD","lat":20.5,"lon":-84.4,"wind_kt":25,"pressure_mb":null},{"date":"19791018","time":"1800","status":"TD","lat":20.2,"lon":-84.8,"wind_kt":25,"pressure_mb":null},{"date":"19791019","time":"0000","status":"TD","lat":20,"lon":-85.1,"wind_kt":25,"pressure_mb":null},{"date":"19791019","time":"0600","status":"TD","lat":19.7,"lon":-85.7,"wind_kt":25,"pressure_mb":null},{"date":"19791019","time":"1200","status":"TD","lat":19.5,"lon":-86.4,"wind_kt":25,"pressure_mb":null},{"date":"19791019","time":"1800","status":"TD","lat":19.1,"lon":-86.9,"wind_kt":25,"pressure_mb":null},{"date":"19791020","time":"0000","status":"TD","lat":19,"lon":-87.2,"wind_kt":20,"pressure_mb":null},{"date":"19791020","time":"0600","status":"TD","lat":18.8,"lon":-87.9,"wind_kt":20,"pressure_mb":null},{"date":"19791020","time":"1200","status":"TD","lat":18.6,"lon":-88.2,"wind_kt":null,"pressure_mb":null}]}},{"type":"Feature","geometry":{"type":"LineString","coordinates":[[-66,29],[-65.3,31],[-64.8,33],[-64,35],[-63,37.5],[-62,40.5],[-61,43.5],[-58.4,47.5],[-55,51]]},"properties":{"id":"hur-al181979","event_type":"hurricane","name":null,"year":1979,"max_wind_kt":65,"min_pressure_mb":980,"category":1,"preliminary":false,"start_date":"19791023","end_date":"19791025","track":[{"date":"19791023","time":"1200","status":"SD","lat":29,"lon":-66,"wind_kt":25,"pressure_mb":1007},{"date":"19791023","time":"1800","status":"SD","lat":31,"lon":-65.3,"wind_kt":25,"pressure_mb":1004},{"date":"19791024","time":"0000","status":"SD","lat":33,"lon":-64.8,"wind_kt":30,"pressure_mb":1000},{"date":"19791024","time":"0600","status":"SS","lat":35,"lon":-64,"wind_kt":40,"pressure_mb":996},{"date":"19791024","time":"1200","status":"SS","lat":37.5,"lon":-63,"wind_kt":50,"pressure_mb":990},{"date":"19791024","time":"1800","status":"SS","lat":40.5,"lon":-62,"wind_kt":65,"pressure_mb":985},{"date":"19791025","time":"0000","status":"SS","lat":43.5,"lon":-61,"wind_kt":60,"pressure_mb":980},{"date":"19791025","time":"0600","status":"SS","lat":47.5,"lon":-58.4,"wind_kt":50,"pressure_mb":982},{"date":"19791025","time":"1200","status":"SS","lat":51,"lon":-55,"wind_kt":45,"pressure_mb":987}]}},{"type":"Feature","geometry":{"type":"LineString","coordinates":[[-77,12],[-77.3,12.5],[-77.6,13.2],[-78,14],[-78.2,14.8],[-78.5,15.5],[-78.9,16.4],[-79.2,17.2],[-80,18],[-80.5,17.9],[-81,17.6],[-81.6,17.3],[-82,16.9],[-82.1,16.6],[-82.4,16.3],[-82.6,16],[-82.9,15.8],[-83,15.4],[-83.2,15],[-83.6,14.8],[-83.8,14.4]]},"properties":{"id":"hur-al191979","event_type":"hurricane","name":null,"year":1979,"max_wind_kt":30,"min_pressure_mb":null,"category":-1,"preliminary":false,"start_date":"19791024","end_date":"19791029","track":[{"date":"19791024","time":"1200","status":"TD","lat":12,"lon":-77,"wind_kt":20,"pressure_mb":null},{"date":"19791024","time":"1800","status":"TD","lat":12.5,"lon":-77.3,"wind_kt":25,"pressure_mb":null},{"date":"19791025","time":"0000","status":"TD","lat":13.2,"lon":-77.6,"wind_kt":25,"pressure_mb":null},{"date":"19791025","time":"0600","status":"TD","lat":14,"lon":-78,"wind_kt":25,"pressure_mb":null},{"date":"19791025","time":"1200","status":"TD","lat":14.8,"lon":-78.2,"wind_kt":30,"pressure_mb":null},{"date":"19791025","time":"1800","status":"TD","lat":15.5,"lon":-78.5,"wind_kt":30,"pressure_mb":null},{"date":"19791026","time":"0000","status":"TD","lat":16.4,"lon":-78.9,"wind_kt":30,"pressure_mb":null},{"date":"19791026","time":"0600","status":"TD","lat":17.2,"lon":-79.2,"wind_kt":30,"pressure_mb":null},{"date":"19791026","time":"1200","status":"TD","lat":18,"lon":-80,"wind_kt":30,"pressure_mb":null},{"date":"19791026","time":"1800","status":"TD","lat":17.9,"lon":-80.5,"wind_kt":25,"pressure_mb":null},{"date":"19791027","time":"0000","status":"TD","lat":17.6,"lon":-81,"wind_kt":25,"pressure_mb":null},{"date":"19791027","time":"0600","status":"TD","lat":17.3,"lon":-81.6,"wind_kt":25,"pressure_mb":null},{"date":"19791027","time":"1200","status":"TD","lat":16.9,"lon":-82,"wind_kt":25,"pressure_mb":null},{"date":"19791027","time":"1800","status":"TD","lat":16.6,"lon":-82.1,"wind_kt":25,"pressure_mb":null},{"date":"19791028","time":"0000","status":"TD","lat":16.3,"lon":-82.4,"wind_kt":25,"pressure_mb":null},{"date":"19791028","time":"0600","status":"TD","lat":16,"lon":-82.6,"wind_kt":25,"pressure_mb":null},{"date":"19791028","time":"1200","status":"TD","lat":15.8,"lon":-82.9,"wind_kt":25,"pressure_mb":null},{"date":"19791028","time":"1800","status":"TD","lat":15.4,"lon":-83,"wind_kt":25,"pressure_mb":null},{"date":"19791029","time":"0000","status":"TD","lat":15,"lon":-83.2,"wind_kt":20,"pressure_mb":null},{"date":"19791029","time":"0600","status":"TD","lat":14.8,"lon":-83.6,"wind_kt":20,"pressure_mb":null},{"date":"19791029","time":"1200","status":"TD","lat":14.4,"lon":-83.8,"wind_kt":null,"pressure_mb":null}]}},{"type":"Feature","geometry":{"type":"LineString","coordinates":[[-56.1,24.5],[-55.2,25.2],[-54.5,26],[-53.6,26.5],[-52.7,27.1],[-51.5,27.8],[-50.4,28.3],[-49.5,29],[-48.2,29.1],[-46.9,29.2],[-45.5,29.2]]},"properties":{"id":"hur-al201979","event_type":"hurricane","name":null,"year":1979,"max_wind_kt":30,"min_pressure_mb":null,"category":-1,"preliminary":false,"start_date":"19791107","end_date":"19791110","track":[{"date":"19791107","time":"1200","status":"TD","lat":24.5,"lon":-56.1,"wind_kt":20,"pressure_mb":null},{"date":"19791107","time":"1800","status":"TD","lat":25.2,"lon":-55.2,"wind_kt":25,"pressure_mb":null},{"date":"19791108","time":"0000","status":"TD","lat":26,"lon":-54.5,"wind_kt":25,"pressure_mb":null},{"date":"19791108","time":"0600","status":"TD","lat":26.5,"lon":-53.6,"wind_kt":25,"pressure_mb":null},{"date":"19791108","time":"1200","status":"TD","lat":27.1,"lon":-52.7,"wind_kt":30,"pressure_mb":null},{"date":"19791108","time":"1800","status":"TD","lat":27.8,"lon":-51.5,"wind_kt":30,"pressure_mb":null},{"date":"19791109","time":"0000","status":"TD","lat":28.3,"lon":-50.4,"wind_kt":30,"pressure_mb":null},{"date":"19791109","time":"0600","status":"TD","lat":29,"lon":-49.5,"wind_kt":30,"pressure_mb":null},{"date":"19791109","time":"1200","status":"TD","lat":29.1,"lon":-48.2,"wind_kt":30,"pressure_mb":null},{"date":"19791109","time":"1800","status":"TD","lat":29.2,"lon":-46.9,"wind_kt":25,"pressure_mb":null},{"date":"19791110","time":"0000","status":"TD","lat":29.2,"lon":-45.5,"wind_kt":20,"pressure_mb":null}]}}]}