{"type":"FeatureCollection","features":[{"type":"Feature","geometry":{"type":"LineString","coordinates":[[-84,18.8],[-84,19.7],[-83.7,20.7],[-83.3,21.8],[-82.8,23],[-82.2,24],[-82.2,24]]},"properties":{"id":"hur-al011990","event_type":"hurricane","name":null,"year":1990,"max_wind_kt":25,"min_pressure_mb":null,"category":-1,"preliminary":false,"start_date":"19900524","end_date":"19900526","track":[{"date":"19900524","time":"1800","status":"TD","lat":18.8,"lon":-84,"wind_kt":25,"pressure_mb":null,"radius_34kt_nm":null},{"date":"19900525","time":"0000","status":"TD","lat":19.7,"lon":-84,"wind_kt":25,"pressure_mb":null,"radius_34kt_nm":null},{"date":"19900525","time":"0600","status":"TD","lat":20.7,"lon":-83.7,"wind_kt":25,"pressure_mb":null,"radius_34kt_nm":null},{"date":"19900525","time":"1200","status":"TD","lat":21.8,"lon":-83.3,"wind_kt":25,"pressure_mb":null,"radius_34kt_nm":null},{"date":"19900525","time":"1800","status":"TD","lat":23,"lon":-82.8,"wind_kt":25,"pressure_mb":null,"radius_34kt_nm":null},{"date":"19900526","time":"0000","status":"TD","lat":24,"lon":-82.2,"wind_kt":25,"pressure_mb":null,"radius_34kt_nm":null},{"date":"19900526","time":"0600","status":"TD","lat":24,"lon":-82.2,"wind_kt":25,"pressure_mb":null,"radius_34kt_nm":null}]}},{"type":"Feature","geometry":{"type":"LineString","coordinates":[[-41.9,8.8],[-43.2,8.9],[-44.6,9.3],[-46.4,9.3],[-48.4,9.2],[-50.3,9.2],[-52.1,9.4],[-53.7,9.7],[-55.3,10.1],[-56.8,10.5],[-58.5,10.8],[-60,11.1],[-61.3,11.7],[-62.5,12.4],[-63.7,13.1],[-65,13.7],[-66.4,14.2],[-67.9,14.8],[-69.8,15.6],[-71.8,16.2],[-73.8,16.6],[-75.6,16.5]]},"properties":{"id":"hur-al021990","event_type":"hurricane","name":"ARTHUR","year":1990,"max_wind_kt":60,"min_pressure_mb":995,"category":0,"preliminary":false,"start_date":"19900722","end_date":"19900727","track":[{"date":"19900722","time":"0600","status":"TD","lat":8.8,"lon":-41.9,"wind_kt":25,"pressure_mb":1010,"radius_34kt_nm":null},{"date":"19900722","time":"1200","status":"TD","lat":8.9,"lon":-43.2,"wind_kt":25,"pressure_mb":1010,"radius_34kt_nm":null},{"date":"19900722","time":"1800","status":"TD","lat":9.3,"lon":-44.6,"wind_kt":25,"pressure_mb":1010,"radius_34kt_nm":null},{"date":"19900723","time":"0000","status":"TD","lat":9.3,"lon":-46.4,"wind_kt":25,"pressure_mb":1010,"radius_34kt_nm":null},{"date":"19900723","time":"0600","status":"TD","lat":9.2,"lon":-48.4,"wind_kt":25,"pressure_mb":1010,"radius_34kt_nm":null},{"date":"19900723","time":"1200","status":"TD","lat":9.2,"lon":-50.3,"wind_kt":25,"pressure_mb":1010,"radius_34kt_nm":null},{"date":"19900723","time":"1800","status":"TD","lat":9.4,"lon":-52.1,"wind_kt":25,"pressure_mb":1009,"radius_34kt_nm":null},{"date":"19900724","time":"0000","status":"TD","lat":9.7,"lon":-53.7,"wind_kt":30,"pressure_mb":1008,"radius_34kt_nm":null},{"date":"19900724","time":"0600","status":"TD","lat":10.1,"lon":-55.3,"wind_kt":30,"pressure_mb":1007,"radius_34kt_nm":null},{"date":"19900724","time":"1200","status":"TS","lat":10.5,"lon":-56.8,"wind_kt":35,"pressure_mb":1006,"radius_34kt_nm":null},{"date":"19900724","time":"1800","status":"TS","lat":10.8,"lon":-58.5,"wind_kt":35,"pressure_mb":1005,"radius_34kt_nm":null},{"date":"19900725","time":"0000","status":"TS","lat":11.1,"lon":-60,"wind_kt":40,"pressure_mb":1004,"radius_34kt_nm":null},{"date":"19900725","time":"0600","status":"TS","lat":11.7,"lon":-61.3,"wind_kt":45,"pressure_mb":1003,"radius_34kt_nm":null},{"date":"19900725","time":"1200","status":"TS","lat":12.4,"lon":-62.5,"wind_kt":50,"pressure_mb":1001,"radius_34kt_nm":null},{"date":"19900725","time":"1800","status":"TS","lat":13.1,"lon":-63.7,"wind_kt":60,"pressure_mb":995,"radius_34kt_nm":null},{"date":"19900726","time":"0000","status":"TS","lat":13.7,"lon":-65,"wind_kt":60,"pressure_mb":997,"radius_34kt_nm":null},{"date":"19900726","time":"0600","status":"TS","lat":14.2,"lon":-66.4,"wind_kt":50,"pressure_mb":1000,"radius_34kt_nm":null},{"date":"19900726","time":"1200","status":"TS","lat":14.8,"lon":-67.9,"wind_kt":45,"pressure_mb":1002,"radius_34kt_nm":null},{"date":"19900726","time":"1800","status":"TS","lat":15.6,"lon":-69.8,"wind_kt":40,"pressure_mb":1007,"radius_34kt_nm":null},{"date":"19900727","time":"0000","status":"TS","lat":16.2,"lon":-71.8,"wind_kt":35,"pressure_mb":1009,"radius_34kt_nm":null},{"date":"19900727","time":"0600","status":"TD","lat":16.6,"lon":-73.8,"wind_kt":30,"pressure_mb":1010,"radius_34kt_nm":null},{"date":"19900727","time":"1200","status":"TD","lat":16.5,"lon":-75.6,"wind_kt":30,"pressure_mb":1010,"radius_34kt_nm":null}]}},{"type":"Feature","geometry":{"type":"LineString","coordinates":[[-75,34],[-73.8,33.6],[-72.7,33],[-71.9,32.1],[-71.8,31.2],[-72.2,30.7],[-72.8,30.5],[-73.4,30.3],[-74,30.1],[-74.6,29.8],[-75.2,29.6],[-75.6,29.3],[-75.8,29.1],[-76,28.8],[-75.8,28.6],[-75.4,28.8],[-74.8,29.1],[-74.2,29.6],[-73.6,30.2],[-73,30.8],[-72.2,31.3],[-71.2,31.9],[-70.2,32.7],[-69.2,33.7],[-68.3,34.7],[-67.5,35.7],[-67,36.6],[-66.5,37.5],[-65.9,38.3],[-65.3,39],[-64.5,39.6],[-63.7,40.3],[-62.7,41.1],[-61.5,42.4],[-60.5,44.2],[-60,46],[-60,48.4]]},"properties":{"id":"hur-al031990","event_type":"hurricane","name":"BERTHA","year":1990,"max_wind_kt":70,"min_pressure_mb":973,"category":1,"preliminary":false,"start_date":"19900724","end_date":"19900802","track":[{"date":"19900724","time":"1200","status":"SD","lat":34,"lon":-75,"wind_kt":20,"pressure_mb":1012,"radius_34kt_nm":null},{"date":"19900724","time":"1800","status":"SD","lat":33.6,"lon":-73.8,"wind_kt":20,"pressure_mb":1013,"radius_34kt_nm":null},{"date":"19900725","time":"0000","status":"SD","lat":33,"lon":-72.7,"wind_kt":20,"pressure_mb":1013,"radius_34kt_nm":null},{"date":"19900725","time":"0600","status":"SD","lat":32.1,"lon":-71.9,"wind_kt":20,"pressure_mb":1013,"radius_34kt_nm":null},{"date":"19900725","time":"1200","status":"SD","lat":31.2,"lon":-71.8,"wind_kt":20,"pressure_mb":1012,"radius_34kt_nm":null},{"date":"19900725","time":"1800","status":"SD","lat":30.7,"lon":-72.2,"wind_kt":25,"pressure_mb":1011,"radius_34kt_nm":null},{"date":"19900726","time":"0000","status":"SD","lat":30.5,"lon":-72.8,"wind_kt":25,"pressure_mb":1010,"radius_34kt_nm":null},{"date":"19900726","time":"0600","status":"SD","lat":30.3,"lon":-73.4,"wind_kt":25,"pressure_mb":1010,"radius_34kt_nm":null},{"date":"19900726","time":"1200","status":"SD","lat":30.1,"lon":-74,"wind_kt":25,"pressure_mb":1010,"radius_34kt_nm":null},{"date":"19900726","time":"1800","status":"SD","lat":29.8,"lon":-74.6,"wind_kt":25,"pressure_mb":1010,"radius_34kt_nm":null},{"date":"19900727","time":"0000","status":"SD","lat":29.6,"lon":-75.2,"wind_kt":25,"pressure_mb":1009,"radius_34kt_nm":null},{"date":"19900727","time":"0600","status":"TD","lat":29.3,"lon":-75.6,"wind_kt":30,"pressure_mb":1008,"radius_34kt_nm":null},{"date":"19900727","time":"1200","status":"TD","lat":29.1,"lon":-75.8,"wind_kt":30,"pressure_mb":1008,"radius_34kt_nm":null},{"date":"19900727","time":"1800","status":"TD","lat":28.8,"lon":-76,"wind_kt":30,"pressure_mb":1007,"radius_34kt_nm":null},{"date":"19900728","time":"0000","status":"TS","lat":28.6,"lon":-75.8,"wind_kt":35,"pressure_mb":1005,"radius_34kt_nm":null},{"date":"19900728","time":"0600","status":"TS","lat":28.8,"lon":-75.4,"wind_kt":40,"pressure_mb":1003,"radius_34kt_nm":null},{"date":"19900728","time":"1200","status":"TS","lat":29.1,"lon":-74.8,"wind_kt":45,"pressure_mb":1000,"radius_34kt_nm":null},{"date":"19900728","time":"1800","status":"TS","lat":29.6,"lon":-74.2,"wind_kt":55,"pressure_mb":995,"radius_34kt_nm":null},{"date":"19900729","time":"0000","status":"HU","lat":30.2,"lon":-73.6,"wind_kt":65,"pressure_mb":990,"radius_34kt_nm":null},{"date":"19900729","time":"0600","status":"HU","lat":30.8,"lon":-73,"wind_kt":65,"pressure_mb":988,"radius_34kt_nm":null},{"date":"19900729","time":"1200","status":"HU","lat":31.3,"lon":-72.2,"wind_kt":65,"pressure_mb":989,"radius_34kt_nm":null},{"date":"19900729","time":"1800","status":"TS","lat":31.9,"lon":-71.2,"wind_kt":60,"pressure_mb":990,"radius_34kt_nm":null},{"date":"19900730","time":"0000","status":"TS","lat":32.7,"lon":-70.2,"wind_kt":60,"pressure_mb":989,"radius_34kt_nm":null},{"date":"19900730","time":"0600","status":"TS","lat":33.7,"lon":-69.2,"wind_kt":60,"pressure_mb":987,"radius_34kt_nm":null},{"date":"19900730","time":"1200","status":"HU","lat":34.7,"lon":-68.3,"wind_kt":65,"pressure_mb":985,"radius_34kt_nm":null},{"date":"19900730","time":"1800","status":"HU","lat":35.7,"lon":-67.5,"wind_kt":65,"pressure_mb":979,"radius_34kt_nm":null},{"date":"19900731","time":"0000","status":"HU","lat":36.6,"lon":-67,"wind_kt":70,"pressure_mb":974,"radius_34kt_nm":null},{"date":"19900731","time":"0600","status":"HU","lat":37.5,"lon":-66.5,"wind_kt":65,"pressure_mb":975,"radius_34kt_nm":null},{"date":"19900731","time":"1200","status":"HU","lat":38.3,"lon":-65.9,"wind_kt":65,"pressure_mb":976,"radius_34kt_nm":null},{"date":"19900731","time":"1800","status":"HU","lat":39,"lon":-65.3,"wind_kt":65,"pressure_mb":977,"radius_34kt_nm":null},{"date":"19900801","time":"0000","status":"HU","lat":39.6,"lon":-64.5,"wind_kt":65,"pressure_mb":977,"radius_34kt_nm":null},{"date":"19900801","time":"0600","status":"HU","lat":40.3,"lon":-63.7,"wind_kt":65,"pressure_mb":977,"radius_34kt_nm":null},{"date":"19900801","time":"1200","status":"HU","lat":41.1,"lon":-62.7,"wind_kt":65,"pressure_mb":977,"radius_34kt_nm":null},{"date":"19900801","time":"1800","status":"HU","lat":42.4,"lon":-61.5,"wind_kt":65,"pressure_mb":975,"radius_34kt_nm":null},{"date":"19900802","time":"0000","status":"HU","lat":44.2,"lon":-60.5,"wind_kt":70,"pressure_mb":973,"radius_34kt_nm":null},{"date":"19900802","time":"0600","status":"EX","lat":46,"lon":-60,"wind_kt":60,"pressure_mb":978,"radius_34kt_nm":null},{"date":"19900802","time":"1200","status":"EX","lat":48.4,"lon":-60,"wind_kt":55,"pressure_mb":982,"radius_34kt_nm":null}]}},{"type":"Feature","geometry":{"type":"LineString","coordinates":[[-22.2,10.1],[-23.3,10.4],[-24.5,10.8],[-25.6,11.1],[-26.9,11.5],[-28.3,12.2],[-29.7,13.4],[-31.2,14.6],[-32.3,15.4],[-33.5,16.1],[-34.7,16.7],[-35.9,17.4],[-37.1,18.1],[-38.4,18.8],[-39.7,19.3],[-40.8,19.8],[-41.9,20.4],[-42.8,21.2],[-43.5,22],[-44,22.8],[-44.5,23.6],[-45.1,24.4],[-45.7,25.3],[-46.3,26.1],[-46.7,26.6],[-46.8,26.8],[-46.8,26.9],[-46.6,26.9],[-46.4,26.9],[-46.3,26.9],[-46.3,26.8]]},"properties":{"id":"hur-al041990","event_type":"hurricane","name":"CESAR","year":1990,"max_wind_kt":45,"min_pressure_mb":1000,"category":0,"preliminary":false,"start_date":"19900731","end_date":"19900807","track":[{"date":"19900731","time":"0000","status":"TD","lat":10.1,"lon":-22.2,"wind_kt":25,"pressure_mb":1014,"radius_34kt_nm":null},{"date":"19900731","time":"0600","status":"TD","lat":10.4,"lon":-23.3,"wind_kt":25,"pressure_mb":1013,"radius_34kt_nm":null},{"date":"19900731","time":"1200","status":"TD","lat":10.8,"lon":-24.5,"wind_kt":25,"pressure_mb":1013,"radius_34kt_nm":null},{"date":"19900731","time":"1800","status":"TD","lat":11.1,"lon":-25.6,"wind_kt":25,"pressure_mb":1013,"radius_34kt_nm":null},{"date":"19900801","time":"0000","status":"TD","lat":11.5,"lon":-26.9,"wind_kt":25,"pressure_mb":1013,"radius_34kt_nm":null},{"date":"19900801","time":"0600","status":"TD","lat":12.2,"lon":-28.3,"wind_kt":25,"pressure_mb":1012,"radius_34kt_nm":null},{"date":"19900801","time":"1200","status":"TD","lat":13.4,"lon":-29.7,"wind_kt":30,"pressure_mb":1012,"radius_34kt_nm":null},{"date":"19900801","time":"1800","status":"TD","lat":14.6,"lon":-31.2,"wind_kt":30,"pressure_mb":1009,"radius_34kt_nm":null},{"date":"19900802","time":"0000","status":"TS","lat":15.4,"lon":-32.3,"wind_kt":35,"pressure_mb":1005,"radius_34kt_nm":null},{"date":"19900802","time":"0600","status":"TS","lat":16.1,"lon":-33.5,"wind_kt":45,"pressure_mb":1002,"radius_34kt_nm":null},{"date":"19900802","time":"1200","status":"TS","lat":16.7,"lon":-34.7,"wind_kt":45,"pressure_mb":1000,"radius_34kt_nm":null},{"date":"19900802","time":"1800","status":"TS","lat":17.4,"lon":-35.9,"wind_kt":45,"pressure_mb":1000,"radius_34kt_nm":null},{"date":"19900803","time":"0000","status":"TS","lat":18.1,"lon":-37.1,"wind_kt":45,"pressure_mb":1000,"radius_34kt_nm":null},{"date":"19900803","time":"0600","status":"TS","lat":18.8,"lon":-38.4,"wind_kt":45,"pressure_mb":1000,"radius_34kt_nm":null},{"date":"19900803","time":"1200","status":"TS","lat":19.3,"lon":-39.7,"wind_kt":45,"pressure_mb":1000,"radius_34kt_nm":null},{"date":"19900803","time":"1800","status":"TS","lat":19.8,"lon":-40.8,"wind_kt":45,"pressure_mb":1000,"radius_34kt_nm":null},{"date":"19900804","time":"0000","status":"TS","lat":20.4,"lon":-41.9,"wind_kt":45,"pressure_mb":1000,"radius_34kt_nm":null},{"date":"19900804","time":"0600","status":"TS","lat":21.2,"lon":-42.8,"wind_kt":45,"pressure_mb":1000,"radius_34kt_nm":null},{"date":"19900804","time":"1200","status":"TS","lat":22,"lon":-43.5,"wind_kt":45,"pressure_mb":1000,"radius_34kt_nm":null},{"date":"19900804","time":"1800","status":"TS","lat":22.8,"lon":-44,"wind_kt":45,"pressure_mb":1000,"radius_34kt_nm":null},{"date":"19900805","time":"0000","status":"TS","lat":23.6,"lon":-44.5,"wind_kt":45,"pressure_mb":1000,"radius_34kt_nm":null},{"date":"19900805","time":"0600","status":"TS","lat":24.4,"lon":-45.1,"wind_kt":45,"pressure_mb":1000,"radius_34kt_nm":null},{"date":"19900805","time":"1200","status":"TS","lat":25.3,"lon":-45.7,"wind_kt":45,"pressure_mb":1000,"radius_34kt_nm":null},{"date":"19900805","time":"1800","status":"TS","lat":26.1,"lon":-46.3,"wind_kt":40,"pressure_mb":1002,"radius_34kt_nm":null},{"date":"19900806","time":"0000","status":"TS","lat":26.6,"lon":-46.7,"wind_kt":40,"pressure_mb":1004,"radius_34kt_nm":null},{"date":"19900806","time":"0600","status":"TS","lat":26.8,"lon":-46.8,"wind_kt":35,"pressure_mb":1006,"radius_34kt_nm":null},{"date":"19900806","time":"1200","status":"TD","lat":26.9,"lon":-46.8,"wind_kt":30,"pressure_mb":1009,"radius_34kt_nm":null},{"date":"19900806","time":"1800","status":"TD","lat":26.9,"lon":-46.6,"wind_kt":30,"pressure_mb":1011,"radius_34kt_nm":null},{"date":"19900807","time":"0000","status":"TD","lat":26.9,"lon":-46.4,"wind_kt":25,"pressure_mb":1013,"radius_34kt_nm":null},{"date":"19900807","time":"0600","status":"TD","lat":26.9,"lon":-46.3,"wind_kt":25,"pressure_mb":1014,"radius_34kt_nm":null},{"date":"19900807","time":"1200","status":"TD","lat":26.8,"lon":-46.3,"wind_kt":25,"pressure_mb":1016,"radius_34kt_nm":null}]}},{"type":"Feature","geometry":{"type":"LineString","coordinates":[[-23,38],[-23,38.3],[-23.1,38.8],[-23.3,39.2],[-23.9,39.5],[-25.3,39.7],[-27.3,39.4],[-29,38.8],[-30.1,38.1],[-30.8,37.6],[-31.6,37.3],[-32.5,37.1],[-33.1,37],[-33.4,37],[-33.5,37.1],[-33.5,37.2],[-33.5,37.5],[-33.7,37.5],[-33.9,37.4],[-34.2,37.1],[-34.2,36.9],[-34,36.9],[-33.6,37],[-33,37.1],[-32,37.4],[-30.8,37.8],[-29.6,38.5],[-28.6,39.2],[-28.1,39.6],[-27.7,39.7],[-27.1,39.6],[-26.1,39.3],[-25,39.1],[-23.8,39],[-22.9,39],[-22,39.1],[-21.2,39],[-20.5,38.9],[-19.9,38.8],[-19.3,38.5],[-18.5,38.1],[-17.8,37.7],[-17.1,37.6],[-16.6,38]]},"properties":{"id":"hur-al061990","event_type":"hurricane","name":"EDOUARD","year":1990,"max_wind_kt":40,"min_pressure_mb":1003,"category":0,"preliminary":false,"start_date":"19900802","end_date":"19900813","track":[{"date":"19900802","time":"1800","status":"SD","lat":38,"lon":-23,"wind_kt":30,"pressure_mb":1015,"radius_34kt_nm":null},{"date":"19900803","time":"0000","status":"SD","lat":38.3,"lon":-23,"wind_kt":30,"pressure_mb":1013,"radius_34kt_nm":null},{"date":"19900803","time":"0600","status":"SD","lat":38.8,"lon":-23.1,"wind_kt":30,"pressure_mb":1010,"radius_34kt_nm":null},{"date":"19900803","time":"1200","status":"SS","lat":39.2,"lon":-23.3,"wind_kt":35,"pressure_mb":1009,"radius_34kt_nm":null},{"date":"19900803","time":"1800","status":"SS","lat":39.5,"lon":-23.9,"wind_kt":40,"pressure_mb":1006,"radius_34kt_nm":null},{"date":"19900804","time":"0000","status":"SS","lat":39.7,"lon":-25.3,"wind_kt":40,"pressure_mb":1005,"radius_34kt_nm":null},{"date":"19900804","time":"0600","status":"SS","lat":39.4,"lon":-27.3,"wind_kt":35,"pressure_mb":1006,"radius_34kt_nm":null},{"date":"19900804","time":"1200","status":"SS","lat":38.8,"lon":-29,"wind_kt":35,"pressure_mb":1006,"radius_34kt_nm":null},{"date":"19900804","time":"1800","status":"SD","lat":38.1,"lon":-30.1,"wind_kt":30,"pressure_mb":1007,"radius_34kt_nm":null},{"date":"19900805","time":"0000","status":"SD","lat":37.6,"lon":-30.8,"wind_kt":30,"pressure_mb":1007,"radius_34kt_nm":null},{"date":"19900805","time":"0600","status":"SD","lat":37.3,"lon":-31.6,"wind_kt":30,"pressure_mb":1007,"radius_34kt_nm":null},{"date":"19900805","time":"1200","status":"SD","lat":37.1,"lon":-32.5,"wind_kt":30,"pressure_mb":1007,"radius_34kt_nm":null},{"date":"19900805","time":"1800","status":"SD","lat":37,"lon":-33.1,"wind_kt":25,"pressure_mb":1009,"radius_34kt_nm":null},{"date":"19900806","time":"0000","status":"SD","lat":37,"lon":-33.4,"wind_kt":25,"pressure_mb":1010,"radius_34kt_nm":null},{"date":"19900806","time":"0600","status":"SD","lat":37.1,"lon":-33.5,"wind_kt":25,"pressure_mb":1010,"radius_34kt_nm":null},{"date":"19900806","time":"1200","status":"SD","lat":37.2,"lon":-33.5,"wind_kt":25,"pressure_mb":1010,"radius_34kt_nm":null},{"date":"19900806","time":"1800","status":"TD","lat":37.5,"lon":-33.5,"wind_kt":25,"pressure_mb":1010,"radius_34kt_nm":null},{"date":"19900807","time":"0000","status":"TD","lat":37.5,"lon":-33.7,"wind_kt":25,"pressure_mb":1010,"radius_34kt_nm":null},{"date":"19900807","time":"0600","status":"TD","lat":37.4,"lon":-33.9,"wind_kt":25,"pressure_mb":1008,"radius_34kt_nm":null},{"date":"19900807","time":"1200","status":"TD","lat":37.1,"lon":-34.2,"wind_kt":25,"pressure_mb":1008,"radius_34kt_nm":null},{"date":"19900807","time":"1800","status":"TD","lat":36.9,"lon":-34.2,"wind_kt":25,"pressure_mb":1008,"radius_34kt_nm":null},{"date":"19900808","time":"0000","status":"TD","lat":36.9,"lon":-34,"wind_kt":30,"pressure_mb":1007,"radius_34kt_nm":null},{"date":"19900808","time":"0600","status":"TD","lat":37,"lon":-33.6,"wind_kt":30,"pressure_mb":1007,"radius_34kt_nm":null},{"date":"19900808","time":"1200","status":"TD","lat":37.1,"lon":-33,"wind_kt":30,"pressure_mb":1007,"radius_34kt_nm":null},{"date":"19900808","time":"1800","status":"TS","lat":37.4,"lon":-32,"wind_kt":35,"pressure_mb":1005,"radius_34kt_nm":null},{"date":"19900809","time":"0000","status":"TS","lat":37.8,"lon":-30.8,"wind_kt":35,"pressure_mb":1004,"radius_34kt_nm":null},{"date":"19900809","time":"0600","status":"TS","lat":38.5,"lon":-29.6,"wind_kt":40,"pressure_mb":1003,"radius_34kt_nm":null},{"date":"19900809","time":"1200","status":"TS","lat":39.2,"lon":-28.6,"wind_kt":35,"pressure_mb":1005,"radius_34kt_nm":null},{"date":"19900809","time":"1800","status":"TS","lat":39.6,"lon":-28.1,"wind_kt":35,"pressure_mb":1006,"radius_34kt_nm":null},{"date":"19900810","time":"0000","status":"TS","lat":39.7,"lon":-27.7,"wind_kt":35,"pressure_mb":1006,"radius_34kt_nm":null},{"date":"19900810","time":"0600","status":"TS","lat":39.6,"lon":-27.1,"wind_kt":35,"pressure_mb":1007,"radius_34kt_nm":null},{"date":"19900810","time":"1200","status":"TD","lat":39.3,"lon":-26.1,"wind_kt":30,"pressure_mb":1009,"radius_34kt_nm":null},{"date":"19900810","time":"1800","status":"TD","lat":39.1,"lon":-25,"wind_kt":30,"pressure_mb":1010,"radius_34kt_nm":null},{"date":"19900811","time":"0000","status":"TD","lat":39,"lon":-23.8,"wind_kt":30,"pressure_mb":1010,"radius_34kt_nm":null},{"date":"19900811","time":"0600","status":"TD","lat":39,"lon":-22.9,"wind_kt":30,"pressure_mb":1010,"radius_34kt_nm":null},{"date":"19900811","time":"1200","status":"EX","lat":39.1,"lon":-22,"wind_kt":30,"pressure_mb":1010,"radius_34kt_nm":null},{"date":"19900811","time":"1800","status":"EX","lat":39,"lon":-21.2,"wind_kt":30,"pressure_mb":1010,"radius_34kt_nm":null},{"date":"19900812","time":"0000","status":"EX","lat":38.9,"lon":-20.5,"wind_kt":30,"pressure_mb":1010,"radius_34kt_nm":null},{"date":"19900812","time":"0600","status":"EX","lat":38.8,"lon":-19.9,"wind_kt":30,"pressure_mb":1010,"radius_34kt_nm":null},{"date":"19900812","time":"1200","status":"EX","lat":38.5,"lon":-19.3,"wind_kt":30,"pressure_mb":1010,"radius_34kt_nm":null},{"date":"19900812","time":"1800","status":"EX","lat":38.1,"lon":-18.5,"wind_kt":25,"pressure_mb":1011,"radius_34kt_nm":null},{"date":"19900813","time":"0000","status":"EX","lat":37.7,"lon":-17.8,"wind_kt":20,"pressure_mb":1012,"radius_34kt_nm":null},{"date":"19900813","time":"0600","status":"EX","lat":37.6,"lon":-17.1,"wind_kt":20,"pressure_mb":1012,"radius_34kt_nm":null},{"date":"19900813","time":"1200","status":"EX","lat":38,"lon":-16.6,"wind_kt":20,"pressure_mb":1014,"radius_34kt_nm":null}]}},{"type":"Feature","geometry":{"type":"LineString","coordinates":[[-79.5,13.2],[-80.8,13.9],[-81.8,14.8],[-82.6,15.7],[-83.6,16.6],[-84.8,17.4],[-86.3,18.3],[-87.6,19.1],[-87.6,19],[-88.7,19.7],[-90,20.2],[-91.1,20.5],[-92.3,20.6],[-93.6,20.6],[-94.7,20.7],[-95.8,20.8],[-96.8,20.9],[-97,20.9],[-98.1,20.8],[-99.4,20.7],[-100.8,20.8],[-102.2,21.1],[-103.4,21.6],[-104.9,22],[-107,22.5]]},"properties":{"id":"hur-al051990","event_type":"hurricane","name":"DIANA","year":1990,"max_wind_kt":85,"min_pressure_mb":980,"category":2,"preliminary":false,"start_date":"19900804","end_date":"19900809","track":[{"date":"19900804","time":"0000","status":"TD","lat":13.2,"lon":-79.5,"wind_kt":25,"pressure_mb":1009,"radius_34kt_nm":null},{"date":"19900804","time":"0600","status":"TD","lat":13.9,"lon":-80.8,"wind_kt":25,"pressure_mb":1008,"radius_34kt_nm":null},{"date":"19900804","time":"1200","status":"TD","lat":14.8,"lon":-81.8,"wind_kt":25,"pressure_mb":1007,"radius_34kt_nm":null},{"date":"19900804","time":"1800","status":"TD","lat":15.7,"lon":-82.6,"wind_kt":30,"pressure_mb":1006,"radius_34kt_nm":null},{"date":"19900805","time":"0000","status":"TS","lat":16.6,"lon":-83.6,"wind_kt":35,"pressure_mb":1005,"radius_34kt_nm":null},{"date":"19900805","time":"0600","status":"TS","lat":17.4,"lon":-84.8,"wind_kt":40,"pressure_mb":1003,"radius_34kt_nm":null},{"date":"19900805","time":"1200","status":"TS","lat":18.3,"lon":-86.3,"wind_kt":45,"pressure_mb":1000,"radius_34kt_nm":null},{"date":"19900805","time":"1800","status":"TS","lat":19.1,"lon":-87.6,"wind_kt":55,"pressure_mb":994,"radius_34kt_nm":null},{"date":"19900805","time":"2000","status":"TS","lat":19,"lon":-87.6,"wind_kt":55,"pressure_mb":994,"radius_34kt_nm":null},{"date":"19900806","time":"0000","status":"TS","lat":19.7,"lon":-88.7,"wind_kt":45,"pressure_mb":1000,"radius_34kt_nm":null},{"date":"19900806","time":"0600","status":"TS","lat":20.2,"lon":-90,"wind_kt":45,"pressure_mb":1000,"radius_34kt_nm":null},{"date":"19900806","time":"1200","status":"TS","lat":20.5,"lon":-91.1,"wind_kt":45,"pressure_mb":1000,"radius_34kt_nm":null},{"date":"19900806","time":"1800","status":"TS","lat":20.6,"lon":-92.3,"wind_kt":50,"pressure_mb":1000,"radius_34kt_nm":null},{"date":"19900807","time":"0000","status":"TS","lat":20.6,"lon":-93.6,"wind_kt":60,"pressure_mb":998,"radius_34kt_nm":null},{"date":"19900807","time":"0600","status":"HU","lat":20.7,"lon":-94.7,"wind_kt":65,"pressure_mb":990,"radius_34kt_nm":null},{"date":"19900807","time":"1200","status":"HU","lat":20.8,"lon":-95.8,"wind_kt":75,"pressure_mb":986,"radius_34kt_nm":null},{"date":"19900807","time":"1800","status":"HU","lat":20.9,"lon":-96.8,"wind_kt":85,"pressure_mb":980,"radius_34kt_nm":null},{"date":"19900807","time":"1900","status":"HU","lat":20.9,"lon":-97,"wind_kt":85,"pressure_mb":980,"radius_34kt_nm":null},{"date":"19900808","time":"0000","status":"TS","lat":20.8,"lon":-98.1,"wind_kt":55,"pressure_mb":1000,"radius_34kt_nm":null},{"date":"19900808","time":"0600","status":"TS","lat":20.7,"lon":-99.4,"wind_kt":50,"pressure_mb":1005,"radius_34kt_nm":null},{"date":"19900808","time":"1200","status":"TD","lat":20.8,"lon":-100.8,"wind_kt":30,"pressure_mb":1009,"radius_34kt_nm":null},{"date":"19900808","time":"1800","status":"TD","lat":21.1,"lon":-102.2,"wind_kt":25,"pressure_mb":1010,"radius_34kt_nm":null},{"date":"19900809","time":"0000","status":"TD","lat":21.6,"lon":-103.4,"wind_kt":25,"pressure_mb":1010,"radius_34kt_nm":null},{"date":"19900809","time":"0600","status":"TD","lat":22,"lon":-104.9,"wind_kt":20,"pressure_mb":1010,"radius_34kt_nm":null},{"date":"19900809","time":"1200","status":"TD","lat":22.5,"lon":-107,"wind_kt":20,"pressure_mb":1010,"radius_34kt_nm":null}]}},{"type":"Feature","geometry":{"type":"LineString","coordinates":[[-32.1,9],[-34,8.5],[-36.2,8.3],[-39,8.2],[-42,8],[-44.6,7.9],[-46.8,8.2],[-48.9,8.4],[-51.1,8.7],[-53.6,9],[-56,9.2],[-59,9.7],[-61.3,10.2]]},"properties":{"id":"hur-al071990","event_type":"hurricane","name":"FRAN","year":1990,"max_wind_kt":35,"min_pressure_mb":1007,"category":0,"preliminary":false,"start_date":"19900811","end_date":"19900814","track":[{"date":"19900811","time":"1200","status":"TD","lat":9,"lon":-32.1,"wind_kt":25,"pressure_mb":1010,"radius_34kt_nm":null},{"date":"19900811","time":"1800","status":"TD","lat":8.5,"lon":-34,"wind_kt":25,"pressure_mb":1009,"radius_34kt_nm":null},{"date":"19900812","time":"0000","status":"TD","lat":8.3,"lon":-36.2,"wind_kt":30,"pressure_mb":1009,"radius_34kt_nm":null},{"date":"19900812","time":"0600","status":"TD","lat":8.2,"lon":-39,"wind_kt":30,"pressure_mb":1009,"radius_34kt_nm":null},{"date":"19900812","time":"1200","status":"TD","lat":8,"lon":-42,"wind_kt":30,"pressure_mb":1009,"radius_34kt_nm":null},{"date":"19900812","time":"1800","status":"TD","lat":7.9,"lon":-44.6,"wind_kt":25,"pressure_mb":1010,"radius_34kt_nm":null},{"date":"19900813","time":"0000","status":"WV","lat":8.2,"lon":-46.8,"wind_kt":15,"pressure_mb":null,"radius_34kt_nm":null},{"date":"19900813","time":"0600","status":"WV","lat":8.4,"lon":-48.9,"wind_kt":15,"pressure_mb":null,"radius_34kt_nm":null},{"date":"19900813","time":"1200","status":"TD","lat":8.7,"lon":-51.1,"wind_kt":30,"pressure_mb":1010,"radius_34kt_nm":null},{"date":"19900813","time":"1800","status":"TS","lat":9,"lon":-53.6,"wind_kt":35,"pressure_mb":1010,"radius_34kt_nm":null},{"date":"19900814","time":"0000","status":"TS","lat":9.2,"lon":-56,"wind_kt":35,"pressure_mb":1009,"radius_34kt_nm":null},{"date":"19900814","time":"0600","status":"TS","lat":9.7,"lon":-59,"wind_kt":35,"pressure_mb":1008,"radius_34kt_nm":null},{"date":"19900814","time":"1200","status":"TS","lat":10.2,"lon":-61.3,"wind_kt":35,"pressure_mb":1007,"radius_34kt_nm":null}]}},{"type":"Feature","geometry":{"type":"LineString","coordinates":[[-45.9,12.6],[-46.9,12.9],[-48,13.2],[-49,13.3],[-50.1,13.5],[-51.2,13.7],[-52.3,13.8],[-53.3,14],[-54.4,14.2],[-55.5,14.5],[-56.4,15],[-57,15.3],[-57.7,15.9],[-58,16.6],[-58.2,17.3],[-58.2,18.1],[-58.1,19],[-58,20],[-58,21.1],[-57.8,22.2],[-57.8,22.9],[-57.8,23.7],[-57.8,24.4],[-57.8,25.2],[-57.8,26],[-57.8,27],[-57.8,27.8],[-57.7,28.9],[-57.5,30.3],[-57.2,31.7],[-56.5,33],[-55.6,34.4],[-54.5,35.6],[-53.2,36.8],[-52,38],[-50.9,39.4],[-49.8,40.7],[-48.6,42.1],[-48,43.8],[-46.5,46],[-44.5,48.5]]},"properties":{"id":"hur-al081990","event_type":"hurricane","name":"GUSTAV","year":1990,"max_wind_kt":105,"min_pressure_mb":956,"category":3,"preliminary":false,"start_date":"19900824","end_date":"19900903","track":[{"date":"19900824","time":"0600","status":"TD","lat":12.6,"lon":-45.9,"wind_kt":25,"pressure_mb":1010,"radius_34kt_nm":null},{"date":"19900824","time":"1200","status":"TD","lat":12.9,"lon":-46.9,"wind_kt":30,"pressure_mb":1009,"radius_34kt_nm":null},{"date":"19900824","time":"1800","status":"TD","lat":13.2,"lon":-48,"wind_kt":30,"pressure_mb":1007,"radius_34kt_nm":null},{"date":"19900825","time":"0000","status":"TS","lat":13.3,"lon":-49,"wind_kt":35,"pressure_mb":1005,"radius_34kt_nm":null},{"date":"19900825","time":"0600","status":"TS","lat":13.5,"lon":-50.1,"wind_kt":40,"pressure_mb":1004,"radius_34kt_nm":null},{"date":"19900825","time":"1200","status":"TS","lat":13.7,"lon":-51.2,"wind_kt":45,"pressure_mb":1002,"radius_34kt_nm":null},{"date":"19900825","time":"1800","status":"TS","lat":13.8,"lon":-52.3,"wind_kt":50,"pressure_mb":1000,"radius_34kt_nm":null},{"date":"19900826","time":"0000","status":"TS","lat":14,"lon":-53.3,"wind_kt":55,"pressure_mb":997,"radius_34kt_nm":null},{"date":"19900826","time":"0600","status":"TS","lat":14.2,"lon":-54.4,"wind_kt":60,"pressure_mb":993,"radius_34kt_nm":null},{"date":"19900826","time":"1200","status":"HU","lat":14.5,"lon":-55.5,"wind_kt":65,"pressure_mb":990,"radius_34kt_nm":null},{"date":"19900826","time":"1800","status":"HU","lat":15,"lon":-56.4,"wind_kt":70,"pressure_mb":984,"radius_34kt_nm":null},{"date":"19900827","time":"0000","status":"HU","lat":15.3,"lon":-57,"wind_kt":75,"pressure_mb":980,"radius_34kt_nm":null},{"date":"19900827","time":"0600","status":"HU","lat":15.9,"lon":-57.7,"wind_kt":85,"pressure_mb":973,"radius_34kt_nm":null},{"date":"19900827","time":"1200","status":"HU","lat":16.6,"lon":-58,"wind_kt":90,"pressure_mb":967,"radius_34kt_nm":null},{"date":"19900827","time":"1800","status":"HU","lat":17.3,"lon":-58.2,"wind_kt":95,"pressure_mb":965,"radius_34kt_nm":null},{"date":"19900828","time":"0000","status":"HU","lat":18.1,"lon":-58.2,"wind_kt":95,"pressure_mb":966,"radius_34kt_nm":null},{"date":"19900828","time":"0600","status":"HU","lat":19,"lon":-58.1,"wind_kt":90,"pressure_mb":969,"radius_34kt_nm":null},{"date":"19900828","time":"1200","status":"HU","lat":20,"lon":-58,"wind_kt":85,"pressure_mb":973,"radius_34kt_nm":null},{"date":"19900828","time":"1800","status":"HU","lat":21.1,"lon":-58,"wind_kt":80,"pressure_mb":978,"radius_34kt_nm":null},{"date":"19900829","time":"0000","status":"HU","lat":22.2,"lon":-57.8,"wind_kt":75,"pressure_mb":981,"radius_34kt_nm":null},{"date":"19900829","time":"0600","status":"HU","lat":22.9,"lon":-57.8,"wind_kt":70,"pressure_mb":984,"radius_34kt_nm":null},{"date":"19900829","time":"1200","status":"HU","lat":23.7,"lon":-57.8,"wind_kt":75,"pressure_mb":982,"radius_34kt_nm":null},{"date":"19900829","time":"1800","status":"HU","lat":24.4,"lon":-57.8,"wind_kt":75,"pressure_mb":979,"radius_34kt_nm":null},{"date":"19900830","time":"0000","status":"HU","lat":25.2,"lon":-57.8,"wind_kt":80,"pressure_mb":975,"radius_34kt_nm":null},{"date":"19900830","time":"0600","status":"HU","lat":26,"lon":-57.8,"wind_kt":85,"pressure_mb":972,"radius_34kt_nm":null},{"date":"19900830","time":"1200","status":"HU","lat":27,"lon":-57.8,"wind_kt":90,"pressure_mb":968,"radius_34kt_nm":null},{"date":"19900830","time":"1800","status":"HU","lat":27.8,"lon":-57.8,"wind_kt":95,"pressure_mb":963,"radius_34kt_nm":null},{"date":"19900831","time":"0000","status":"HU","lat":28.9,"lon":-57.7,"wind_kt":100,"pressure_mb":958,"radius_34kt_nm":null},{"date":"19900831","time":"0600","status":"HU","lat":30.3,"lon":-57.5,"wind_kt":105,"pressure_mb":956,"radius_34kt_nm":null},{"date":"19900831","time":"1200","status":"HU","lat":31.7,"lon":-57.2,"wind_kt":100,"pressure_mb":959,"radius_34kt_nm":null},{"date":"19900831","time":"1800","status":"HU","lat":33,"lon":-56.5,"wind_kt":100,"pressure_mb":961,"radius_34kt_nm":null},{"date":"19900901","time":"0000","status":"HU","lat":34.4,"lon":-55.6,"wind_kt":95,"pressure_mb":964,"radius_34kt_nm":null},{"date":"19900901","time":"0600","status":"HU","lat":35.6,"lon":-54.5,"wind_kt":90,"pressure_mb":967,"radius_34kt_nm":null},{"date":"19900901","time":"1200","status":"HU","lat":36.8,"lon":-53.2,"wind_kt":85,"pressure_mb":970,"radius_34kt_nm":null},{"date":"19900901","time":"1800","status":"HU","lat":38,"lon":-52,"wind_kt":80,"pressure_mb":974,"radius_34kt_nm":null},{"date":"19900902","time":"0000","status":"HU","lat":39.4,"lon":-50.9,"wind_kt":75,"pressure_mb":978,"radius_34kt_nm":null},{"date":"19900902","time":"0600","status":"HU","lat":40.7,"lon":-49.8,"wind_kt":70,"pressure_mb":982,"radius_34kt_nm":null},{"date":"19900902","time":"1200","status":"HU","lat":42.1,"lon":-48.6,"wind_kt":65,"pressure_mb":985,"radius_34kt_nm":null},{"date":"19900902","time":"1800","status":"TS","lat":43.8,"lon":-48,"wind_kt":60,"pressure_mb":988,"radius_34kt_nm":null},{"date":"19900903","time":"0000","status":"TS","lat":46,"lon":-46.5,"wind_kt":55,"pressure_mb":993,"radius_34kt_nm":null},{"date":"19900903","time":"0600","status":"EX","lat":48.5,"lon":-44.5,"wind_kt":55,"pressure_mb":997,"radius_34kt_nm":null}]}},{"type":"Feature","geometry":{"type":"LineString","coordinates":[[-35,12.5],[-36.1,12.9],[-37.3,13.3],[-38.5,13.7],[-39.4,13.9],[-40,14.4],[-40.2,15.4],[-40.3,16.5],[-40.5,17.4],[-41,18.1],[-41.7,18.9],[-42.5,20],[-43.2,21],[-43.6,21.7],[-44.1,22.3],[-44.9,22.8],[-45.7,23.5],[-46.6,24.4],[-47.6,25.4],[-48.6,26.6],[-49.5,27.9],[-50.2,29.3],[-50.9,31],[-51.6,32.8],[-51.7,34.4],[-51.2,36.2]]},"properties":{"id":"hur-al091990","event_type":"hurricane","name":"HORTENSE","year":1990,"max_wind_kt":55,"min_pressure_mb":993,"category":0,"preliminary":false,"start_date":"19900825","end_date":"19900831","track":[{"date":"19900825","time":"0000","status":"TD","lat":12.5,"lon":-35,"wind_kt":25,"pressure_mb":1010,"radius_34kt_nm":null},{"date":"19900825","time":"0600","status":"TD","lat":12.9,"lon":-36.1,"wind_kt":30,"pressure_mb":1009,"radius_34kt_nm":null},{"date":"19900825","time":"1200","status":"TD","lat":13.3,"lon":-37.3,"wind_kt":30,"pressure_mb":1008,"radius_34kt_nm":null},{"date":"19900825","time":"1800","status":"TD","lat":13.7,"lon":-38.5,"wind_kt":30,"pressure_mb":1008,"radius_34kt_nm":null},{"date":"19900826","time":"0000","status":"TD","lat":13.9,"lon":-39.4,"wind_kt":30,"pressure_mb":1007,"radius_34kt_nm":null},{"date":"19900826","time":"0600","status":"TS","lat":14.4,"lon":-40,"wind_kt":35,"pressure_mb":1005,"radius_34kt_nm":null},{"date":"19900826","time":"1200","status":"TS","lat":15.4,"lon":-40.2,"wind_kt":35,"pressure_mb":1004,"radius_34kt_nm":null},{"date":"19900826","time":"1800","status":"TS","lat":16.5,"lon":-40.3,"wind_kt":40,"pressure_mb":1003,"radius_34kt_nm":null},{"date":"19900827","time":"0000","status":"TS","lat":17.4,"lon":-40.5,"wind_kt":40,"pressure_mb":1002,"radius_34kt_nm":null},{"date":"19900827","time":"0600","status":"TS","lat":18.1,"lon":-41,"wind_kt":45,"pressure_mb":1001,"radius_34kt_nm":null},{"date":"19900827","time":"1200","status":"TS","lat":18.9,"lon":-41.7,"wind_kt":45,"pressure_mb":999,"radius_34kt_nm":null},{"date":"19900827","time":"1800","status":"TS","lat":20,"lon":-42.5,"wind_kt":50,"pressure_mb":997,"radius_34kt_nm":null},{"date":"19900828","time":"0000","status":"TS","lat":21,"lon":-43.2,"wind_kt":50,"pressure_mb":996,"radius_34kt_nm":null},{"date":"19900828","time":"0600","status":"TS","lat":21.7,"lon":-43.6,"wind_kt":55,"pressure_mb":994,"radius_34kt_nm":null},{"date":"19900828","time":"1200","status":"TS","lat":22.3,"lon":-44.1,"wind_kt":55,"pressure_mb":993,"radius_34kt_nm":null},{"date":"19900828","time":"1800","status":"TS","lat":22.8,"lon":-44.9,"wind_kt":55,"pressure_mb":994,"radius_34kt_nm":null},{"date":"19900829","time":"0000","status":"TS","lat":23.5,"lon":-45.7,"wind_kt":55,"pressure_mb":994,"radius_34kt_nm":null},{"date":"19900829","time":"0600","status":"TS","lat":24.4,"lon":-46.6,"wind_kt":50,"pressure_mb":995,"radius_34kt_nm":null},{"date":"19900829","time":"1200","status":"TS","lat":25.4,"lon":-47.6,"wind_kt":45,"pressure_mb":999,"radius_34kt_nm":null},{"date":"19900829","time":"1800","status":"TS","lat":26.6,"lon":-48.6,"wind_kt":35,"pressure_mb":1003,"radius_34kt_nm":null},{"date":"19900830","time":"0000","status":"TD","lat":27.9,"lon":-49.5,"wind_kt":30,"pressure_mb":1005,"radius_34kt_nm":null},{"date":"19900830","time":"0600","status":"TD","lat":29.3,"lon":-50.2,"wind_kt":30,"pressure_mb":1006,"radius_34kt_nm":null},{"date":"19900830","time":"1200","status":"TD","lat":31,"lon":-50.9,"wind_kt":30,"pressure_mb":1008,"radius_34kt_nm":null},{"date":"19900830","time":"1800","status":"TD","lat":32.8,"lon":-51.6,"wind_kt":25,"pressure_mb":1010,"radius_34kt_nm":null},{"date":"19900831","time":"0000","status":"TD","lat":34.4,"lon":-51.7,"wind_kt":25,"pressure_mb":1012,"radius_34kt_nm":null},{"date":"19900831","time":"0600","status":"TD","lat":36.2,"lon":-51.2,"wind_kt":20,"pressure_mb":1014,"radius_34kt_nm":null}]}},{"type":"Feature","geometry":{"type":"LineString","coordinates":[[-23.4,7.2],[-25.1,7.4],[-26.7,8.4],[-28.4,9.2],[-29.9,9.7],[-31.4,9.9],[-32.7,10],[-33.8,10.4],[-34.7,11.3],[-35.4,12.4],[-36,13.5],[-36.4,14.7],[-36.8,15.9],[-37.3,17.2],[-37.6,18.5],[-37.9,19.9],[-38.2,21.1],[-38.7,22.2],[-39.3,23.2],[-40,24.3],[-40.7,25.6],[-41.7,26.8],[-43,27.9],[-44.2,28.6],[-45.1,29],[-45.6,29.4],[-46.1,29.8],[-46.6,30.1],[-47,30.6],[-47.4,31.2],[-48,31.9],[-48.7,32.6],[-49.5,33.1],[-50.1,33.4],[-50.4,33.6],[-50.6,33.8],[-50.7,34.1],[-50.8,34.4],[-50.8,34.9],[-50.6,35.4],[-50.1,35.8],[-49.4,36.2],[-48.7,36.6],[-47.9,37.1],[-47.4,37.8],[-47.2,38.7],[-47.5,39.6],[-48,40.3],[-48.5,40.5],[-47.9,41.8],[-47,43.5],[-45.5,45],[-43.5,46.5],[-41.5,48.2],[-39.5,50]]},"properties":{"id":"hur-al101990","event_type":"hurricane","name":"ISIDORE","year":1990,"max_wind_kt":85,"min_pressure_mb":978,"category":2,"preliminary":false,"start_date":"19900904","end_date":"19900917","track":[{"date":"19900904","time":"0000","status":"TD","lat":7.2,"lon":-23.4,"wind_kt":25,"pressure_mb":1010,"radius_34kt_nm":null},{"date":"19900904","time":"0600","status":"TD","lat":7.4,"lon":-25.1,"wind_kt":25,"pressure_mb":1010,"radius_34kt_nm":null},{"date":"19900904","time":"1200","status":"TD","lat":8.4,"lon":-26.7,"wind_kt":25,"pressure_mb":1009,"radius_34kt_nm":null},{"date":"19900904","time":"1800","status":"TD","lat":9.2,"lon":-28.4,"wind_kt":30,"pressure_mb":1009,"radius_34kt_nm":null},{"date":"19900905","time":"0000","status":"TD","lat":9.7,"lon":-29.9,"wind_kt":30,"pressure_mb":1009,"radius_34kt_nm":null},{"date":"19900905","time":"0600","status":"TD","lat":9.9,"lon":-31.4,"wind_kt":30,"pressure_mb":1008,"radius_34kt_nm":null},{"date":"19900905","time":"1200","status":"TS","lat":10,"lon":-32.7,"wind_kt":35,"pressure_mb":1007,"radius_34kt_nm":null},{"date":"19900905","time":"1800","status":"TS","lat":10.4,"lon":-33.8,"wind_kt":40,"pressure_mb":1005,"radius_34kt_nm":null},{"date":"19900906","time":"0000","status":"TS","lat":11.3,"lon":-34.7,"wind_kt":45,"pressure_mb":1004,"radius_34kt_nm":null},{"date":"19900906","time":"0600","status":"TS","lat":12.4,"lon":-35.4,"wind_kt":50,"pressure_mb":1003,"radius_34kt_nm":null},{"date":"19900906","time":"1200","status":"TS","lat":13.5,"lon":-36,"wind_kt":55,"pressure_mb":1000,"radius_34kt_nm":null},{"date":"19900906","time":"1800","status":"TS","lat":14.7,"lon":-36.4,"wind_kt":60,"pressure_mb":997,"radius_34kt_nm":null},{"date":"19900907","time":"0000","status":"HU","lat":15.9,"lon":-36.8,"wind_kt":65,"pressure_mb":994,"radius_34kt_nm":null},{"date":"19900907","time":"0600","status":"HU","lat":17.2,"lon":-37.3,"wind_kt":75,"pressure_mb":983,"radius_34kt_nm":null},{"date":"19900907","time":"1200","status":"HU","lat":18.5,"lon":-37.6,"wind_kt":85,"pressure_mb":978,"radius_34kt_nm":null},{"date":"19900907","time":"1800","status":"HU","lat":19.9,"lon":-37.9,"wind_kt":80,"pressure_mb":979,"radius_34kt_nm":null},{"date":"19900908","time":"0000","status":"HU","lat":21.1,"lon":-38.2,"wind_kt":75,"pressure_mb":979,"radius_34kt_nm":null},{"date":"19900908","time":"0600","status":"HU","lat":22.2,"lon":-38.7,"wind_kt":70,"pressure_mb":985,"radius_34kt_nm":null},{"date":"19900908","time":"1200","status":"HU","lat":23.2,"lon":-39.3,"wind_kt":65,"pressure_mb":994,"radius_34kt_nm":null},{"date":"19900908","time":"1800","status":"TS","lat":24.3,"lon":-40,"wind_kt":60,"pressure_mb":996,"radius_34kt_nm":null},{"date":"19900909","time":"0000","status":"TS","lat":25.6,"lon":-40.7,"wind_kt":55,"pressure_mb":999,"radius_34kt_nm":null},{"date":"19900909","time":"0600","status":"TS","lat":26.8,"lon":-41.7,"wind_kt":50,"pressure_mb":1000,"radius_34kt_nm":null},{"date":"19900909","time":"1200","status":"TS","lat":27.9,"lon":-43,"wind_kt":55,"pressure_mb":995,"radius_34kt_nm":null},{"date":"19900909","time":"1800","status":"HU","lat":28.6,"lon":-44.2,"wind_kt":65,"pressure_mb":990,"radius_34kt_nm":null},{"date":"19900910","time":"0000","status":"HU","lat":29,"lon":-45.1,"wind_kt":65,"pressure_mb":987,"radius_34kt_nm":null},{"date":"19900910","time":"0600","status":"HU","lat":29.4,"lon":-45.6,"wind_kt":65,"pressure_mb":987,"radius_34kt_nm":null},{"date":"19900910","time":"1200","status":"HU","lat":29.8,"lon":-46.1,"wind_kt":65,"pressure_mb":987,"radius_34kt_nm":null},{"date":"19900910","time":"1800","status":"HU","lat":30.1,"lon":-46.6,"wind_kt":65,"pressure_mb":987,"radius_34kt_nm":null},{"date":"19900911","time":"0000","status":"HU","lat":30.6,"lon":-47,"wind_kt":65,"pressure_mb":987,"radius_34kt_nm":null},{"date":"19900911","time":"0600","status":"HU","lat":31.2,"lon":-47.4,"wind_kt":75,"pressure_mb":984,"radius_34kt_nm":null},{"date":"19900911","time":"1200","status":"HU","lat":31.9,"lon":-48,"wind_kt":80,"pressure_mb":980,"radius_34kt_nm":null},{"date":"19900911","time":"1800","status":"HU","lat":32.6,"lon":-48.7,"wind_kt":80,"pressure_mb":979,"radius_34kt_nm":null},{"date":"19900912","time":"0000","status":"HU","lat":33.1,"lon":-49.5,"wind_kt":75,"pressure_mb":979,"radius_34kt_nm":null},{"date":"19900912","time":"0600","status":"HU","lat":33.4,"lon":-50.1,"wind_kt":75,"pressure_mb":980,"radius_34kt_nm":null},{"date":"19900912","time":"1200","status":"HU","lat":33.6,"lon":-50.4,"wind_kt":70,"pressure_mb":986,"radius_34kt_nm":null},{"date":"19900912","time":"1800","status":"HU","lat":33.8,"lon":-50.6,"wind_kt":65,"pressure_mb":987,"radius_34kt_nm":null},{"date":"19900913","time":"0000","status":"HU","lat":34.1,"lon":-50.7,"wind_kt":65,"pressure_mb":987,"radius_34kt_nm":null},{"date":"19900913","time":"0600","status":"HU","lat":34.4,"lon":-50.8,"wind_kt":65,"pressure_mb":987,"radius_34kt_nm":null},{"date":"19900913","time":"1200","status":"HU","lat":34.9,"lon":-50.8,"wind_kt":65,"pressure_mb":987,"radius_34kt_nm":null},{"date":"19900913","time":"1800","status":"HU","lat":35.4,"lon":-50.6,"wind_kt":65,"pressure_mb":987,"radius_34kt_nm":null},{"date":"19900914","time":"0000","status":"HU","lat":35.8,"lon":-50.1,"wind_kt":65,"pressure_mb":987,"radius_34kt_nm":null},{"date":"19900914","time":"0600","status":"HU","lat":36.2,"lon":-49.4,"wind_kt":65,"pressure_mb":987,"radius_34kt_nm":null},{"date":"19900914","time":"1200","status":"HU","lat":36.6,"lon":-48.7,"wind_kt":65,"pressure_mb":987,"radius_34kt_nm":null},{"date":"19900914","time":"1800","status":"HU","lat":37.1,"lon":-47.9,"wind_kt":65,"pressure_mb":987,"radius_34kt_nm":null},{"date":"19900915","time":"0000","status":"HU","lat":37.8,"lon":-47.4,"wind_kt":65,"pressure_mb":987,"radius_34kt_nm":null},{"date":"19900915","time":"0600","status":"HU","lat":38.7,"lon":-47.2,"wind_kt":65,"pressure_mb":987,"radius_34kt_nm":null},{"date":"19900915","time":"1200","status":"HU","lat":39.6,"lon":-47.5,"wind_kt":65,"pressure_mb":987,"radius_34kt_nm":null},{"date":"19900915","time":"1800","status":"HU","lat":40.3,"lon":-48,"wind_kt":65,"pressure_mb":987,"radius_34kt_nm":null},{"date":"19900916","time":"0000","status":"HU","lat":40.5,"lon":-48.5,"wind_kt":65,"pressure_mb":987,"radius_34kt_nm":null},{"date":"19900916","time":"0600","status":"TS","lat":41.8,"lon":-47.9,"wind_kt":60,"pressure_mb":990,"radius_34kt_nm":null},{"date":"19900916","time":"1200","status":"TS","lat":43.5,"lon":-47,"wind_kt":55,"pressure_mb":995,"radius_34kt_nm":null},{"date":"19900916","time":"1800","status":"TS","lat":45,"lon":-45.5,"wind_kt":45,"pressure_mb":997,"radius_34kt_nm":null},{"date":"19900917","time":"0000","status":"TS","lat":46.5,"lon":-43.5,"wind_kt":45,"pressure_mb":1000,"radius_34kt_nm":null},{"date":"19900917","time":"0600","status":"TS","lat":48.2,"lon":-41.5,"wind_kt":35,"pressure_mb":1005,"radius_34kt_nm":null},{"date":"19900917","time":"1200","status":"EX","lat":50,"lon":-39.5,"wind_kt":35,"pressure_mb":1006,"radius_34kt_nm":null}]}},{"type":"Feature","geometry":{"type":"LineString","coordinates":[[-45,15],[-45.5,15.3],[-46,15.5],[-46.9,15.7],[-47.5,16],[-47.5,16],[-47.9,16],[-48,16.2],[-48.3,16.4],[-48.7,16.7],[-48.9,16.8],[-49.1,16.9],[-49.5,17],[-49.8,17.1],[-50,17.2],[-50.2,17.3],[-50.5,17.4],[-50.8,17.7],[-51,17.8],[-51.2,17.8],[-51.2,17.8],[-51.5,17.9],[-51.9,18],[-52,18.1],[-52.2,18.2],[-52.4,18.3],[-52.8,18.4],[-53,18.5],[-53.2,18.6],[-53.4,18.7],[-53.8,18.9],[-54,19],[-54.2,19.1],[-54.4,19.4],[-54.8,19.8],[-54.8,19.8],[-55,19.8]]},"properties":{"id":"hur-al111990","event_type":"hurricane","name":null,"year":1990,"max_wind_kt":30,"min_pressure_mb":null,"category":-1,"preliminary":false,"start_date":"19900918","end_date":"19900927","track":[{"date":"19900918","time":"1200","status":"TD","lat":15,"lon":-45,"wind_kt":30,"pressure_mb":null,"radius_34kt_nm":null},{"date":"19900918","time":"1800","status":"TD","lat":15.3,"lon":-45.5,"wind_kt":30,"pressure_mb":null,"radius_34kt_nm":null},{"date":"19900919","time":"0000","status":"TD","lat":15.5,"lon":-46,"wind_kt":30,"pressure_mb":null,"radius_34kt_nm":null},{"date":"19900919","time":"0600","status":"TD","lat":15.7,"lon":-46.9,"wind_kt":30,"pressure_mb":null,"radius_34kt_nm":null},{"date":"19900919","time":"1200","status":"TD","lat":16,"lon":-47.5,"wind_kt":30,"pressure_mb":null,"radius_34kt_nm":null},{"date":"19900919","time":"1800","status":"TD","lat":16,"lon":-47.5,"wind_kt":30,"pressure_mb":null,"radius_34kt_nm":null},{"date":"19900920","time":"0000","status":"TD","lat":16,"lon":-47.9,"wind_kt":30,"pressure_mb":null,"radius_34kt_nm":null},{"date":"19900920","time":"0600","status":"TD","lat":16.2,"lon":-48,"wind_kt":30,"pressure_mb":null,"radius_34kt_nm":null},{"date":"19900920","time":"1200","status":"TD","lat":16.4,"lon":-48.3,"wind_kt":30,"pressure_mb":null,"radius_34kt_nm":null},{"date":"19900920","time":"1800","status":"TD","lat":16.7,"lon":-48.7,"wind_kt":30,"pressure_mb":null,"radius_34kt_nm":null},{"date":"19900921","time":"0000","status":"TD","lat":16.8,"lon":-48.9,"wind_kt":30,"pressure_mb":null,"radius_34kt_nm":null},{"date":"19900921","time":"0600","status":"TD","lat":16.9,"lon":-49.1,"wind_kt":30,"pressure_mb":null,"radius_34kt_nm":null},{"date":"19900921","time":"1200","status":"TD","lat":17,"lon":-49.5,"wind_kt":30,"pressure_mb":null,"radius_34kt_nm":null},{"date":"19900921","time":"1800","status":"TD","lat":17.1,"lon":-49.8,"wind_kt":30,"pressure_mb":null,"radius_34kt_nm":null},{"date":"19900922","time":"0000","status":"TD","lat":17.2,"lon":-50,"wind_kt":30,"pressure_mb":null,"radius_34kt_nm":null},{"date":"19900922","time":"0600","status":"TD","lat":17.3,"lon":-50.2,"wind_kt":30,"pressure_mb":null,"radius_34kt_nm":null},{"date":"19900922","time":"1200","status":"TD","lat":17.4,"lon":-50.5,"wind_kt":30,"pressure_mb":null,"radius_34kt_nm":null},{"date":"19900922","time":"1800","status":"TD","lat":17.7,"lon":-50.8,"wind_kt":30,"pressure_mb":null,"radius_34kt_nm":null},{"date":"19900923","time":"0000","status":"TD","lat":17.8,"lon":-51,"wind_kt":30,"pressure_mb":null,"radius_34kt_nm":null},{"date":"19900923","time":"0600","status":"TD","lat":17.8,"lon":-51.2,"wind_kt":30,"pressure_mb":null,"radius_34kt_nm":null},{"date":"19900923","time":"1200","status":"TD","lat":17.8,"lon":-51.2,"wind_kt":30,"pressure_mb":null,"radius_34kt_nm":null},{"date":"19900923","time":"1800","status":"TD","lat":17.9,"lon":-51.5,"wind_kt":30,"pressure_mb":null,"radius_34kt_nm":null},{"date":"19900924","time":"0000","status":"TD","lat":18,"lon":-51.9,"wind_kt":30,"pressure_mb":null,"radius_34kt_nm":null},{"date":"19900924","time":"0600","status":"TD","lat":18.1,"lon":-52,"wind_kt":30,"pressure_mb":null,"radius_34kt_nm":null},{"date":"19900924","time":"1200","status":"TD","lat":18.2,"lon":-52.2,"wind_kt":30,"pressure_mb":null,"radius_34kt_nm":null},{"date":"19900924","time":"1800","status":"TD","lat":18.3,"lon":-52.4,"wind_kt":30,"pressure_mb":null,"radius_34kt_nm":null},{"date":"19900925","time":"0000","status":"TD","lat":18.4,"lon":-52.8,"wind_kt":30,"pressure_mb":null,"radius_34kt_nm":null},{"date":"19900925","time":"0600","status":"TD","lat":18.5,"lon":-53,"wind_kt":30,"pressure_mb":null,"radius_34kt_nm":null},{"date":"19900925","time":"1200","status":"TD","lat":18.6,"lon":-53.2,"wind_kt":30,"pressure_mb":null,"radius_34kt_nm":null},{"date":"19900925","time":"1800","status":"TD","lat":18.7,"lon":-53.4,"wind_kt":30,"pressure_mb":null,"radius_34kt_nm":null},{"date":"19900926","time":"0000","status":"TD","lat":18.9,"lon":-53.8,"wind_kt":30,"pressure_mb":null,"radius_34kt_nm":null},{"date":"19900926","time":"0600","status":"TD","lat":19,"lon":-54,"wind_kt":30,"pressure_mb":null,"radius_34kt_nm":null},{"date":"19900926","time":"1200","status":"TD","lat":19.1,"lon":-54.2,"wind_kt":30,"pressure_mb":null,"radius_34kt_nm":null},{"date":"19900926","time":"1800","status":"TD","lat":19.4,"lon":-54.4,"wind_kt":30,"pressure_mb":null,"radius_34kt_nm":null},{"date":"19900927","time":"0000","status":"TD","lat":19.8,"lon":-54.8,"wind_kt":30,"pressure_mb":null,"radius_34kt_nm":null},{"date":"19900927","time":"0600","status":"TD","lat":19.8,"lon":-54.8,"wind_kt":30,"pressure_mb":null,"radius_34kt_nm":null},{"date":"19900927","time":"1200","status":"TD","lat":19.8,"lon":-55,"wind_kt":30,"pressure_mb":null,"radius_34kt_nm":null}]}},{"type":"Feature","geometry":{"type":"LineString","coordinates":[[-32,14],[-32.4,14.5],[-32.7,15],[-33,15.6],[-33.2,16.1],[-33.4,16.7],[-33.4,17.4],[-33.5,17.9],[-33.6,18.2],[-33.8,18.5],[-34,18.7],[-34.1,19],[-34.1,19.1],[-34.2,19.3],[-34.4,19.4],[-34.6,19.5],[-34.8,19.7],[-35.2,19.9],[-35.9,20.1],[-36.8,20.3],[-37.6,20.4],[-38.4,20.3],[-38.9,20.2],[-39.3,20.2],[-39.6,20.2],[-40,20.3],[-40.4,20.4],[-40.6,20.6],[-40.9,20.9],[-41.2,21.2],[-41.6,21.6],[-42.1,22],[-42.8,22.5],[-43.6,23.1],[-44.3,23.8],[-45,24.5],[-45.4,25.5],[-45.5,26.7],[-45.3,27.8],[-44.8,28.5],[-43.8,29.1],[-42.4,29.6],[-41.1,29.9],[-40,30],[-39.4,30],[-39.2,29.8],[-39.2,29.6],[-39.4,29.4],[-40,29.1],[-40.7,28.6],[-41.4,28.3],[-42.1,28.2],[-42.5,28.5],[-42.6,29],[-42.3,29.5],[-41.5,30],[-40.5,30.7],[-39.3,32.1],[-38.4,34.1],[-38.5,36.5],[-40,38.9],[-42.9,41]]},"properties":{"id":"hur-al121990","event_type":"hurricane","name":"JOSEPHINE","year":1990,"max_wind_kt":75,"min_pressure_mb":980,"category":1,"preliminary":false,"start_date":"19900921","end_date":"19901006","track":[{"date":"19900921","time":"0600","status":"TD","lat":14,"lon":-32,"wind_kt":30,"pressure_mb":1009,"radius_34kt_nm":null},{"date":"19900921","time":"1200","status":"TD","lat":14.5,"lon":-32.4,"wind_kt":30,"pressure_mb":1009,"radius_34kt_nm":null},{"date":"19900921","time":"1800","status":"TD","lat":15,"lon":-32.7,"wind_kt":30,"pressure_mb":1008,"radius_34kt_nm":null},{"date":"19900922","time":"0000","status":"TD","lat":15.6,"lon":-33,"wind_kt":30,"pressure_mb":1007,"radius_34kt_nm":null},{"date":"19900922","time":"0600","status":"TD","lat":16.1,"lon":-33.2,"wind_kt":30,"pressure_mb":1007,"radius_34kt_nm":null},{"date":"19900922","time":"1200","status":"TD","lat":16.7,"lon":-33.4,"wind_kt":30,"pressure_mb":1007,"radius_34kt_nm":null},{"date":"19900922","time":"1800","status":"TD","lat":17.4,"lon":-33.4,"wind_kt":30,"pressure_mb":1007,"radius_34kt_nm":null},{"date":"19900923","time":"0000","status":"TD","lat":17.9,"lon":-33.5,"wind_kt":30,"pressure_mb":1009,"radius_34kt_nm":null},{"date":"19900923","time":"0600","status":"TD","lat":18.2,"lon":-33.6,"wind_kt":30,"pressure_mb":1009,"radius_34kt_nm":null},{"date":"19900923","time":"1200","status":"TD","lat":18.5,"lon":-33.8,"wind_kt":30,"pressure_mb":1009,"radius_34kt_nm":null},{"date":"19900923","time":"1800","status":"TD","lat":18.7,"lon":-34,"wind_kt":30,"pressure_mb":1009,"radius_34kt_nm":null},{"date":"19900924","time":"0000","status":"TD","lat":19,"lon":-34.1,"wind_kt":30,"pressure_mb":1008,"radius_34kt_nm":null},{"date":"19900924","time":"0600","status":"TD","lat":19.1,"lon":-34.1,"wind_kt":30,"pressure_mb":1007,"radius_34kt_nm":null},{"date":"19900924","time":"1200","status":"TS","lat":19.3,"lon":-34.2,"wind_kt":35,"pressure_mb":1005,"radius_34kt_nm":null},{"date":"19900924","time":"1800","status":"TS","lat":19.4,"lon":-34.4,"wind_kt":35,"pressure_mb":1005,"radius_34kt_nm":null},{"date":"19900925","time":"0000","status":"TS","lat":19.5,"lon":-34.6,"wind_kt":40,"pressure_mb":1003,"radius_34kt_nm":null},{"date":"19900925","time":"0600","status":"TS","lat":19.7,"lon":-34.8,"wind_kt":40,"pressure_mb":1002,"radius_34kt_nm":null},{"date":"19900925","time":"1200","status":"TS","lat":19.9,"lon":-35.2,"wind_kt":40,"pressure_mb":1003,"radius_34kt_nm":null},{"date":"19900925","time":"1800","status":"TS","lat":20.1,"lon":-35.9,"wind_kt":35,"pressure_mb":1005,"radius_34kt_nm":null},{"date":"19900926","time":"0000","status":"TS","lat":20.3,"lon":-36.8,"wind_kt":35,"pressure_mb":1006,"radius_34kt_nm":null},{"date":"19900926","time":"0600","status":"TD","lat":20.4,"lon":-37.6,"wind_kt":30,"pressure_mb":1008,"radius_34kt_nm":null},{"date":"19900926","time":"1200","status":"TD","lat":20.3,"lon":-38.4,"wind_kt":30,"pressure_mb":1009,"radius_34kt_nm":null},{"date":"19900926","time":"1800","status":"TD","lat":20.2,"lon":-38.9,"wind_kt":30,"pressure_mb":1009,"radius_34kt_nm":null},{"date":"19900927","time":"0000","status":"TD","lat":20.2,"lon":-39.3,"wind_kt":30,"pressure_mb":1009,"radius_34kt_nm":null},{"date":"19900927","time":"0600","status":"TD","lat":20.2,"lon":-39.6,"wind_kt":30,"pressure_mb":1010,"radius_34kt_nm":null},{"date":"19900927","time":"1200","status":"TD","lat":20.3,"lon":-40,"wind_kt":25,"pressure_mb":1012,"radius_34kt_nm":null},{"date":"19900927","time":"1800","status":"TD","lat":20.4,"lon":-40.4,"wind_kt":25,"pressure_mb":1012,"radius_34kt_nm":null},{"date":"19900928","time":"0000","status":"TD","lat":20.6,"lon":-40.6,"wind_kt":25,"pressure_mb":1012,"radius_34kt_nm":null},{"date":"19900928","time":"0600","status":"TD","lat":20.9,"lon":-40.9,"wind_kt":25,"pressure_mb":1012,"radius_34kt_nm":null},{"date":"19900928","time":"1200","status":"TD","lat":21.2,"lon":-41.2,"wind_kt":25,"pressure_mb":1012,"radius_34kt_nm":null},{"date":"19900928","time":"1800","status":"TD","lat":21.6,"lon":-41.6,"wind_kt":25,"pressure_mb":1012,"radius_34kt_nm":null},{"date":"19900929","time":"0000","status":"TD","lat":22,"lon":-42.1,"wind_kt":25,"pressure_mb":1012,"radius_34kt_nm":null},{"date":"19900929","time":"0600","status":"TD","lat":22.5,"lon":-42.8,"wind_kt":25,"pressure_mb":1012,"radius_34kt_nm":null},{"date":"19900929","time":"1200","status":"TD","lat":23.1,"lon":-43.6,"wind_kt":25,"pressure_mb":1010,"radius_34kt_nm":null},{"date":"19900929","time":"1800","status":"TD","lat":23.8,"lon":-44.3,"wind_kt":30,"pressure_mb":1009,"radius_34kt_nm":null},{"date":"19900930","time":"0000","status":"TD","lat":24.5,"lon":-45,"wind_kt":30,"pressure_mb":1009,"radius_34kt_nm":null},{"date":"19900930","time":"0600","status":"TD","lat":25.5,"lon":-45.4,"wind_kt":30,"pressure_mb":1009,"radius_34kt_nm":null},{"date":"19900930","time":"1200","status":"TD","lat":26.7,"lon":-45.5,"wind_kt":30,"pressure_mb":1009,"radius_34kt_nm":null},{"date":"19900930","time":"1800","status":"TD","lat":27.8,"lon":-45.3,"wind_kt":30,"pressure_mb":1009,"radius_34kt_nm":null},{"date":"19901001","time":"0000","status":"TD","lat":28.5,"lon":-44.8,"wind_kt":30,"pressure_mb":1009,"radius_34kt_nm":null},{"date":"19901001","time":"0600","status":"TD","lat":29.1,"lon":-43.8,"wind_kt":30,"pressure_mb":1007,"radius_34kt_nm":null},{"date":"19901001","time":"1200","status":"TS","lat":29.6,"lon":-42.4,"wind_kt":35,"pressure_mb":1005,"radius_34kt_nm":null},{"date":"19901001","time":"1800","status":"TS","lat":29.9,"lon":-41.1,"wind_kt":35,"pressure_mb":1005,"radius_34kt_nm":null},{"date":"19901002","time":"0000","status":"TS","lat":30,"lon":-40,"wind_kt":35,"pressure_mb":1005,"radius_34kt_nm":null},{"date":"19901002","time":"0600","status":"TS","lat":30,"lon":-39.4,"wind_kt":35,"pressure_mb":1004,"radius_34kt_nm":null},{"date":"19901002","time":"1200","status":"TS","lat":29.8,"lon":-39.2,"wind_kt":40,"pressure_mb":1003,"radius_34kt_nm":null},{"date":"19901002","time":"1800","status":"TS","lat":29.6,"lon":-39.2,"wind_kt":35,"pressure_mb":1005,"radius_34kt_nm":null},{"date":"19901003","time":"0000","status":"TS","lat":29.4,"lon":-39.4,"wind_kt":35,"pressure_mb":1005,"radius_34kt_nm":null},{"date":"19901003","time":"0600","status":"TS","lat":29.1,"lon":-40,"wind_kt":35,"pressure_mb":1005,"radius_34kt_nm":null},{"date":"19901003","time":"1200","status":"TS","lat":28.6,"lon":-40.7,"wind_kt":35,"pressure_mb":1005,"radius_34kt_nm":null},{"date":"19901003","time":"1800","status":"TS","lat":28.3,"lon":-41.4,"wind_kt":40,"pressure_mb":1003,"radius_34kt_nm":null},{"date":"19901004","time":"0000","status":"TS","lat":28.2,"lon":-42.1,"wind_kt":45,"pressure_mb":1000,"radius_34kt_nm":null},{"date":"19901004","time":"0600","status":"TS","lat":28.5,"lon":-42.5,"wind_kt":50,"pressure_mb":997,"radius_34kt_nm":null},{"date":"19901004","time":"1200","status":"TS","lat":29,"lon":-42.6,"wind_kt":55,"pressure_mb":994,"radius_34kt_nm":null},{"date":"19901004","time":"1800","status":"TS","lat":29.5,"lon":-42.3,"wind_kt":60,"pressure_mb":990,"radius_34kt_nm":null},{"date":"19901005","time":"0000","status":"HU","lat":30,"lon":-41.5,"wind_kt":65,"pressure_mb":987,"radius_34kt_nm":null},{"date":"19901005","time":"0600","status":"HU","lat":30.7,"lon":-40.5,"wind_kt":65,"pressure_mb":986,"radius_34kt_nm":null},{"date":"19901005","time":"1200","status":"HU","lat":32.1,"lon":-39.3,"wind_kt":70,"pressure_mb":984,"radius_34kt_nm":null},{"date":"19901005","time":"1800","status":"HU","lat":34.1,"lon":-38.4,"wind_kt":75,"pressure_mb":980,"radius_34kt_nm":null},{"date":"19901006","time":"0000","status":"HU","lat":36.5,"lon":-38.5,"wind_kt":70,"pressure_mb":984,"radius_34kt_nm":null},{"date":"19901006","time":"0600","status":"HU","lat":38.9,"lon":-40,"wind_kt":70,"pressure_mb":985,"radius_34kt_nm":null},{"date":"19901006","time":"1200","status":"TS","lat":41,"lon":-42.9,"wind_kt":60,"pressure_mb":990,"radius_34kt_nm":null}]}},{"type":"Feature","geometry":{"type":"LineString","coordinates":[[-59.3,15.6],[-59.6,16.2],[-59.8,16.4],[-60.1,16.5],[-60.4,16.6],[-60.7,16.8],[-60.9,16.9],[-61.1,17],[-61.2,17.2],[-61.4,17.4],[-61.6,17.7],[-61.8,18.1],[-62.1,18.3],[-62.3,18.6],[-62.7,18.7],[-63.1,18.8],[-63.8,18.9],[-64.9,19.2],[-66.1,19.7],[-67.5,20.4],[-68.9,21.1],[-70.1,21.9],[-71.2,22.6],[-72.3,23.4],[-73.4,24.5]]},"properties":{"id":"hur-al131990","event_type":"hurricane","name":"KLAUS","year":1990,"max_wind_kt":70,"min_pressure_mb":985,"category":1,"preliminary":false,"start_date":"19901003","end_date":"19901009","track":[{"date":"19901003","time":"1200","status":"TD","lat":15.6,"lon":-59.3,"wind_kt":30,"pressure_mb":1008,"radius_34kt_nm":null},{"date":"19901003","time":"1800","status":"TS","lat":16.2,"lon":-59.6,"wind_kt":35,"pressure_mb":1007,"radius_34kt_nm":null},{"date":"19901004","time":"0000","status":"TS","lat":16.4,"lon":-59.8,"wind_kt":45,"pressure_mb":1005,"radius_34kt_nm":null},{"date":"19901004","time":"0600","status":"TS","lat":16.5,"lon":-60.1,"wind_kt":50,"pressure_mb":997,"radius_34kt_nm":null},{"date":"19901004","time":"1200","status":"TS","lat":16.6,"lon":-60.4,"wind_kt":50,"pressure_mb":997,"radius_34kt_nm":null},{"date":"19901004","time":"1800","status":"TS","lat":16.8,"lon":-60.7,"wind_kt":55,"pressure_mb":997,"radius_34kt_nm":null},{"date":"19901005","time":"0000","status":"TS","lat":16.9,"lon":-60.9,"wind_kt":55,"pressure_mb":996,"radius_34kt_nm":null},{"date":"19901005","time":"0600","status":"TS","lat":17,"lon":-61.1,"wind_kt":60,"pressure_mb":993,"radius_34kt_nm":null},{"date":"19901005","time":"1200","status":"HU","lat":17.2,"lon":-61.2,"wind_kt":70,"pressure_mb":985,"radius_34kt_nm":null},{"date":"19901005","time":"1800","status":"HU","lat":17.4,"lon":-61.4,"wind_kt":70,"pressure_mb":991,"radius_34kt_nm":null},{"date":"19901006","time":"0000","status":"HU","lat":17.7,"lon":-61.6,"wind_kt":65,"pressure_mb":992,"radius_34kt_nm":null},{"date":"19901006","time":"0600","status":"TS","lat":18.1,"lon":-61.8,"wind_kt":60,"pressure_mb":994,"radius_34kt_nm":null},{"date":"19901006","time":"1200","status":"TS","lat":18.3,"lon":-62.1,"wind_kt":60,"pressure_mb":995,"radius_34kt_nm":null},{"date":"19901006","time":"1800","status":"TS","lat":18.6,"lon":-62.3,"wind_kt":55,"pressure_mb":996,"radius_34kt_nm":null},{"date":"19901007","time":"0000","status":"TS","lat":18.7,"lon":-62.7,"wind_kt":55,"pressure_mb":998,"radius_34kt_nm":null},{"date":"19901007","time":"0600","status":"TS","lat":18.8,"lon":-63.1,"wind_kt":55,"pressure_mb":1000,"radius_34kt_nm":null},{"date":"19901007","time":"1200","status":"TS","lat":18.9,"lon":-63.8,"wind_kt":50,"pressure_mb":1001,"radius_34kt_nm":null},{"date":"19901007","time":"1800","status":"TS","lat":19.2,"lon":-64.9,"wind_kt":40,"pressure_mb":1004,"radius_34kt_nm":null},{"date":"19901008","time":"0000","status":"TD","lat":19.7,"lon":-66.1,"wind_kt":30,"pressure_mb":1005,"radius_34kt_nm":null},{"date":"19901008","time":"0600","status":"TD","lat":20.4,"lon":-67.5,"wind_kt":30,"pressure_mb":1005,"radius_34kt_nm":null},{"date":"19901008","time":"1200","status":"TS","lat":21.1,"lon":-68.9,"wind_kt":40,"pressure_mb":1005,"radius_34kt_nm":null},{"date":"19901008","time":"1800","status":"TS","lat":21.9,"lon":-70.1,"wind_kt":45,"pressure_mb":1004,"radius_34kt_nm":null},{"date":"19901009","time":"0000","status":"TS","lat":22.6,"lon":-71.2,"wind_kt":45,"pressure_mb":1004,"radius_34kt_nm":null},{"date":"19901009","time":"0600","status":"TS","lat":23.4,"lon":-72.3,"wind_kt":45,"pressure_mb":1006,"radius_34kt_nm":null},{"date":"19901009","time":"1200","status":"TS","lat":24.5,"lon":-73.4,"wind_kt":35,"pressure_mb":1007,"radius_34kt_nm":null}]}},{"type":"Feature","geometry":{"type":"LineString","coordinates":[[-44,36],[-44.1,35.7],[-44.2,35.3],[-44.4,35],[-44.5,34.7],[-44.6,34.4],[-44.8,34.1],[-45,33.8],[-45.3,33.5],[-46,32.8],[-46.8,32.2],[-47.6,31.6],[-48.3,31.3],[-48.8,31.1],[-49.2,31],[-49.5,31],[-50.1,30.9],[-51.3,31],[-53.4,31.3],[-55.9,31.2],[-58.7,31],[-61.3,30.7],[-64.1,30.3],[-66.4,29.9],[-68.5,29.8],[-70.3,30.2],[-71.4,30.9],[-72.1,32.1],[-72.5,33.2],[-72.4,34.3],[-72,35.5],[-71.3,36.6],[-69.7,38],[-67.5,40],[-65,42.4],[-61,44.9],[-56.4,46.6],[-51,47.5]]},"properties":{"id":"hur-al141990","event_type":"hurricane","name":"LILI","year":1990,"max_wind_kt":65,"min_pressure_mb":987,"category":1,"preliminary":false,"start_date":"19901006","end_date":"19901015","track":[{"date":"19901006","time":"0600","status":"SS","lat":36,"lon":-44,"wind_kt":45,"pressure_mb":1000,"radius_34kt_nm":null},{"date":"19901006","time":"1200","status":"SS","lat":35.7,"lon":-44.1,"wind_kt":50,"pressure_mb":999,"radius_34kt_nm":null},{"date":"19901006","time":"1800","status":"SS","lat":35.3,"lon":-44.2,"wind_kt":50,"pressure_mb":998,"radius_34kt_nm":null},{"date":"19901007","time":"0000","status":"SS","lat":35,"lon":-44.4,"wind_kt":50,"pressure_mb":998,"radius_34kt_nm":null},{"date":"19901007","time":"0600","status":"SS","lat":34.7,"lon":-44.5,"wind_kt":45,"pressure_mb":999,"radius_34kt_nm":null},{"date":"19901007","time":"1200","status":"SS","lat":34.4,"lon":-44.6,"wind_kt":45,"pressure_mb":1000,"radius_34kt_nm":null},{"date":"19901007","time":"1800","status":"SS","lat":34.1,"lon":-44.8,"wind_kt":45,"pressure_mb":1000,"radius_34kt_nm":null},{"date":"19901008","time":"0000","status":"SS","lat":33.8,"lon":-45,"wind_kt":45,"pressure_mb":1000,"radius_34kt_nm":null},{"date":"19901008","time":"0600","status":"SS","lat":33.5,"lon":-45.3,"wind_kt":50,"pressure_mb":998,"radius_34kt_nm":null},{"date":"19901008","time":"1200","status":"SS","lat":32.8,"lon":-46,"wind_kt":50,"pressure_mb":996,"radius_34kt_nm":null},{"date":"19901008","time":"1800","status":"SS","lat":32.2,"lon":-46.8,"wind_kt":55,"pressure_mb":994,"radius_34kt_nm":null},{"date":"19901009","time":"0000","status":"SS","lat":31.6,"lon":-47.6,"wind_kt":60,"pressure_mb":992,"radius_34kt_nm":null},{"date":"19901009","time":"0600","status":"SS","lat":31.3,"lon":-48.3,"wind_kt":60,"pressure_mb":995,"radius_34kt_nm":null},{"date":"19901009","time":"1200","status":"SS","lat":31.1,"lon":-48.8,"wind_kt":50,"pressure_mb":997,"radius_34kt_nm":null},{"date":"19901009","time":"1800","status":"SS","lat":31,"lon":-49.2,"wind_kt":50,"pressure_mb":998,"radius_34kt_nm":null},{"date":"19901010","time":"0000","status":"SS","lat":31,"lon":-49.5,"wind_kt":50,"pressure_mb":998,"radius_34kt_nm":null},{"date":"19901010","time":"0600","status":"SS","lat":30.9,"lon":-50.1,"wind_kt":50,"pressure_mb":996,"radius_34kt_nm":null},{"date":"19901010","time":"1200","status":"SS","lat":31,"lon":-51.3,"wind_kt":55,"pressure_mb":992,"radius_34kt_nm":null},{"date":"19901010","time":"1800","status":"SS","lat":31.3,"lon":-53.4,"wind_kt":60,"pressure_mb":989,"radius_34kt_nm":null},{"date":"19901011","time":"0000","status":"HU","lat":31.2,"lon":-55.9,"wind_kt":65,"pressure_mb":987,"radius_34kt_nm":null},{"date":"19901011","time":"0600","status":"HU","lat":31,"lon":-58.7,"wind_kt":65,"pressure_mb":987,"radius_34kt_nm":null},{"date":"19901011","time":"1200","status":"HU","lat":30.7,"lon":-61.3,"wind_kt":65,"pressure_mb":988,"radius_34kt_nm":null},{"date":"19901011","time":"1800","status":"HU","lat":30.3,"lon":-64.1,"wind_kt":65,"pressure_mb":990,"radius_34kt_nm":null},{"date":"19901012","time":"0000","status":"HU","lat":29.9,"lon":-66.4,"wind_kt":65,"pressure_mb":995,"radius_34kt_nm":null},{"date":"19901012","time":"0600","status":"HU","lat":29.8,"lon":-68.5,"wind_kt":65,"pressure_mb":995,"radius_34kt_nm":null},{"date":"19901012","time":"1200","status":"HU","lat":30.2,"lon":-70.3,"wind_kt":65,"pressure_mb":994,"radius_34kt_nm":null},{"date":"19901012","time":"1800","status":"HU","lat":30.9,"lon":-71.4,"wind_kt":65,"pressure_mb":993,"radius_34kt_nm":null},{"date":"19901013","time":"0000","status":"HU","lat":32.1,"lon":-72.1,"wind_kt":65,"pressure_mb":992,"radius_34kt_nm":null},{"date":"19901013","time":"0600","status":"HU","lat":33.2,"lon":-72.5,"wind_kt":65,"pressure_mb":992,"radius_34kt_nm":null},{"date":"19901013","time":"1200","status":"TS","lat":34.3,"lon":-72.4,"wind_kt":60,"pressure_mb":995,"radius_34kt_nm":null},{"date":"19901013","time":"1800","status":"TS","lat":35.5,"lon":-72,"wind_kt":50,"pressure_mb":997,"radius_34kt_nm":null},{"date":"19901014","time":"0000","status":"TS","lat":36.6,"lon":-71.3,"wind_kt":50,"pressure_mb":996,"radius_34kt_nm":null},{"date":"19901014","time":"0600","status":"TS","lat":38,"lon":-69.7,"wind_kt":50,"pressure_mb":995,"radius_34kt_nm":null},{"date":"19901014","time":"1200","status":"TS","lat":40,"lon":-67.5,"wind_kt":50,"pressure_mb":995,"radius_34kt_nm":null},{"date":"19901014","time":"1800","status":"TS","lat":42.4,"lon":-65,"wind_kt":45,"pressure_mb":995,"radius_34kt_nm":null},{"date":"19901015","time":"0000","status":"EX","lat":44.9,"lon":-61,"wind_kt":40,"pressure_mb":995,"radius_34kt_nm":null},{"date":"19901015","time":"0600","status":"EX","lat":46.6,"lon":-56.4,"wind_kt":40,"pressure_mb":994,"radius_34kt_nm":null},{"date":"19901015","time":"1200","status":"EX","lat":47.5,"lon":-51,"wind_kt":40,"pressure_mb":994,"radius_34kt_nm":null}]}},{"type":"Feature","geometry":{"type":"LineString","coordinates":[[-79.5,22.5],[-80.7,22.7],[-81.4,23.5],[-82,24.1],[-82.4,24.6],[-82.5,25.2],[-82.6,26],[-82.6,26.7],[-82.8,27.5],[-83,28.3],[-83.1,29.1],[-83,30.7],[-83,32],[-82.6,33.2],[-81.9,33.7],[-81.5,33.8],[-81,34]]},"properties":{"id":"hur-al151990","event_type":"hurricane","name":"MARCO","year":1990,"max_wind_kt":55,"min_pressure_mb":989,"category":0,"preliminary":false,"start_date":"19901009","end_date":"19901013","track":[{"date":"19901009","time":"1200","status":"TD","lat":22.5,"lon":-79.5,"wind_kt":25,"pressure_mb":1004,"radius_34kt_nm":null},{"date":"19901009","time":"1800","status":"TD","lat":22.7,"lon":-80.7,"wind_kt":30,"pressure_mb":1002,"radius_34kt_nm":null},{"date":"19901010","time":"0000","status":"TD","lat":23.5,"lon":-81.4,"wind_kt":30,"pressure_mb":1000,"radius_34kt_nm":null},{"date":"19901010","time":"0600","status":"TS","lat":24.1,"lon":-82,"wind_kt":35,"pressure_mb":996,"radius_34kt_nm":null},{"date":"19901010","time":"1200","status":"TS","lat":24.6,"lon":-82.4,"wind_kt":40,"pressure_mb":998,"radius_34kt_nm":null},{"date":"19901010","time":"1800","status":"TS","lat":25.2,"lon":-82.5,"wind_kt":45,"pressure_mb":994,"radius_34kt_nm":null},{"date":"19901011","time":"0000","status":"TS","lat":26,"lon":-82.6,"wind_kt":50,"pressure_mb":993,"radius_34kt_nm":null},{"date":"19901011","time":"0600","status":"TS","lat":26.7,"lon":-82.6,"wind_kt":55,"pressure_mb":989,"radius_34kt_nm":null},{"date":"19901011","time":"1200","status":"TS","lat":27.5,"lon":-82.8,"wind_kt":50,"pressure_mb":994,"radius_34kt_nm":null},{"date":"19901011","time":"1800","status":"TS","lat":28.3,"lon":-83,"wind_kt":40,"pressure_mb":998,"radius_34kt_nm":null},{"date":"19901012","time":"0000","status":"TD","lat":29.1,"lon":-83.1,"wind_kt":30,"pressure_mb":999,"radius_34kt_nm":null},{"date":"19901012","time":"0600","status":"TD","lat":30.7,"lon":-83,"wind_kt":20,"pressure_mb":1004,"radius_34kt_nm":null},{"date":"19901012","time":"1200","status":"EX","lat":32,"lon":-83,"wind_kt":20,"pressure_mb":1005,"radius_34kt_nm":null},{"date":"19901012","time":"1800","status":"EX","lat":33.2,"lon":-82.6,"wind_kt":15,"pressure_mb":1005,"radius_34kt_nm":null},{"date":"19901013","time":"0000","status":"EX","lat":33.7,"lon":-81.9,"wind_kt":15,"pressure_mb":1006,"radius_34kt_nm":null},{"date":"19901013","time":"0600","status":"EX","lat":33.8,"lon":-81.5,"wind_kt":15,"pressure_mb":1007,"radius_34kt_nm":null},{"date":"19901013","time":"1200","status":"EX","lat":34,"lon":-81,"wind_kt":15,"pressure_mb":1007,"radius_34kt_nm":null}]}},{"type":"Feature","geometry":{"type":"LineString","coordinates":[[-60.4,22.2],[-60.8,22.3],[-61.4,22.3],[-62.1,22.1],[-62.5,22.1],[-62.8,22.1],[-63.2,22.4],[-63.5,22.8],[-63.6,23.4],[-63.8,24.1],[-64.2,25],[-64.9,26.1],[-65.7,27.1],[-66.3,27.9],[-66.9,28.5],[-66.5,28.9],[-66.2,29.2],[-65.8,29.5],[-65.5,29.6],[-65.4,29.3],[-64.8,28.8],[-64.5,28.8],[-64.9,27.7]]},"properties":{"id":"hur-al161990","event_type":"hurricane","name":"NANA","year":1990,"max_wind_kt":75,"min_pressure_mb":989,"category":1,"preliminary":false,"start_date":"19901016","end_date":"19901021","track":[{"date":"19901016","time":"0000","status":"TD","lat":22.2,"lon":-60.4,"wind_kt":25,"pressure_mb":1009,"radius_34kt_nm":null},{"date":"19901016","time":"0600","status":"TD","lat":22.3,"lon":-60.8,"wind_kt":30,"pressure_mb":1008,"radius_34kt_nm":null},{"date":"19901016","time":"1200","status":"TD","lat":22.3,"lon":-61.4,"wind_kt":30,"pressure_mb":1006,"radius_34kt_nm":null},{"date":"19901016","time":"1800","status":"TS","lat":22.1,"lon":-62.1,"wind_kt":35,"pressure_mb":1005,"radius_34kt_nm":null},{"date":"19901017","time":"0000","status":"TS","lat":22.1,"lon":-62.5,"wind_kt":40,"pressure_mb":1004,"radius_34kt_nm":null},{"date":"19901017","time":"0600","status":"TS","lat":22.1,"lon":-62.8,"wind_kt":45,"pressure_mb":1003,"radius_34kt_nm":null},{"date":"19901017","time":"1200","status":"TS","lat":22.4,"lon":-63.2,"wind_kt":55,"pressure_mb":1000,"radius_34kt_nm":null},{"date":"19901017","time":"1800","status":"HU","lat":22.8,"lon":-63.5,"wind_kt":65,"pressure_mb":995,"radius_34kt_nm":null},{"date":"19901018","time":"0000","status":"HU","lat":23.4,"lon":-63.6,"wind_kt":70,"pressure_mb":990,"radius_34kt_nm":null},{"date":"19901018","time":"0600","status":"HU","lat":24.1,"lon":-63.8,"wind_kt":75,"pressure_mb":990,"radius_34kt_nm":null},{"date":"19901018","time":"1200","status":"HU","lat":25,"lon":-64.2,"wind_kt":75,"pressure_mb":994,"radius_34kt_nm":null},{"date":"19901018","time":"1800","status":"HU","lat":26.1,"lon":-64.9,"wind_kt":70,"pressure_mb":994,"radius_34kt_nm":null},{"date":"19901019","time":"0000","status":"HU","lat":27.1,"lon":-65.7,"wind_kt":65,"pressure_mb":993,"radius_34kt_nm":null},{"date":"19901019","time":"0600","status":"HU","lat":27.9,"lon":-66.3,"wind_kt":70,"pressure_mb":992,"radius_34kt_nm":null},{"date":"19901019","time":"1200","status":"HU","lat":28.5,"lon":-66.9,"wind_kt":75,"pressure_mb":989,"radius_34kt_nm":null},{"date":"19901019","time":"1800","status":"HU","lat":28.9,"lon":-66.5,"wind_kt":70,"pressure_mb":991,"radius_34kt_nm":null},{"date":"19901020","time":"0000","status":"TS","lat":29.2,"lon":-66.2,"wind_kt":60,"pressure_mb":998,"radius_34kt_nm":null},{"date":"19901020","time":"0600","status":"TS","lat":29.5,"lon":-65.8,"wind_kt":50,"pressure_mb":1000,"radius_34kt_nm":null},{"date":"19901020","time":"1200","status":"TS","lat":29.6,"lon":-65.5,"wind_kt":40,"pressure_mb":1003,"radius_34kt_nm":null},{"date":"19901020","time":"1800","status":"TS","lat":29.3,"lon":-65.4,"wind_kt":35,"pressure_mb":1005,"radius_34kt_nm":null},{"date":"19901021","time":"0000","status":"TD","lat":28.8,"lon":-64.8,"wind_kt":30,"pressure_mb":1008,"radius_34kt_nm":null},{"date":"19901021","time":"0600","status":"TD","lat":28.8,"lon":-64.5,"wind_kt":25,"pressure_mb":1010,"radius_34kt_nm":null},{"date":"19901021","time":"1200","status":"TD","lat":27.7,"lon":-64.9,"wind_kt":20,"pressure_mb":1010,"radius_34kt_nm":null}]}},{"type":"Feature","geometry":{"type":"LineString","coordinates":[[-78,25.9],[-79,25.9],[-80,25.9],[-80.9,26],[-81.8,26.2],[-82.4,26.7],[-82.7,27.3],[-82.7,28],[-82.5,28.7],[-82.2,29.3],[-81.6,29.9],[-81,30.4],[-80.3,30.9],[-79.7,31.3],[-79,31.5],[-77.4,32.5],[-75.4,33.9],[-73.4,35.2],[-70.7,36.2],[-67.8,37.1],[-64.7,37.6],[-61.1,37.9],[-57.5,38],[-54.2,37.5],[-50.7,37]]},"properties":{"id":"hur-al011991","event_type":"hurricane","name":"ANA","year":1991,"max_wind_kt":45,"min_pressure_mb":1000,"category":0,"preliminary":false,"start_date":"19910629","end_date":"19910705","track":[{"date":"19910629","time":"1200","status":"LO","lat":25.9,"lon":-78,"wind_kt":20,"pressure_mb":1012,"radius_34kt_nm":null},{"date":"19910629","time":"1800","status":"LO","lat":25.9,"lon":-79,"wind_kt":20,"pressure_mb":1012,"radius_34kt_nm":null},{"date":"19910630","time":"0000","status":"LO","lat":25.9,"lon":-80,"wind_kt":20,"pressure_mb":1012,"radius_34kt_nm":null},{"date":"19910630","time":"0600","status":"LO","lat":26,"lon":-80.9,"wind_kt":20,"pressure_mb":1012,"radius_34kt_nm":null},{"date":"19910630","time":"1200","status":"LO","lat":26.2,"lon":-81.8,"wind_kt":20,"pressure_mb":1012,"radius_34kt_nm":null},{"date":"19910630","time":"1800","status":"LO","lat":26.7,"lon":-82.4,"wind_kt":20,"pressure_mb":1012,"radius_34kt_nm":null},{"date":"19910701","time":"0000","status":"LO","lat":27.3,"lon":-82.7,"wind_kt":20,"pressure_mb":1012,"radius_34kt_nm":null},{"date":"19910701","time":"0600","status":"LO","lat":28,"lon":-82.7,"wind_kt":20,"pressure_mb":1012,"radius_34kt_nm":null},{"date":"19910701","time":"1200","status":"LO","lat":28.7,"lon":-82.5,"wind_kt":20,"pressure_mb":1012,"radius_34kt_nm":null},{"date":"19910701","time":"1800","status":"LO","lat":29.3,"lon":-82.2,"wind_kt":20,"pressure_mb":1012,"radius_34kt_nm":null},{"date":"19910702","time":"0000","status":"LO","lat":29.9,"lon":-81.6,"wind_kt":20,"pressure_mb":1012,"radius_34kt_nm":null},{"date":"19910702","time":"0600","status":"LO","lat":30.4,"lon":-81,"wind_kt":20,"pressure_mb":1012,"radius_34kt_nm":null},{"date":"19910702","time":"1200","status":"LO","lat":30.9,"lon":-80.3,"wind_kt":20,"pressure_mb":1012,"radius_34kt_nm":null},{"date":"19910702","time":"1800","status":"TD","lat":31.3,"lon":-79.7,"wind_kt":25,"pressure_mb":1012,"radius_34kt_nm":null},{"date":"19910703","time":"0000","status":"TD","lat":31.5,"lon":-79,"wind_kt":25,"pressure_mb":1011,"radius_34kt_nm":null},{"date":"19910703","time":"0600","status":"TD","lat":32.5,"lon":-77.4,"wind_kt":25,"pressure_mb":1010,"radius_34kt_nm":null},{"date":"19910703","time":"1200","status":"TD","lat":33.9,"lon":-75.4,"wind_kt":30,"pressure_mb":1008,"radius_34kt_nm":null},{"date":"19910703","time":"1800","status":"TD","lat":35.2,"lon":-73.4,"wind_kt":30,"pressure_mb":1006,"radius_34kt_nm":null},{"date":"19910704","time":"0000","status":"TS","lat":36.2,"lon":-70.7,"wind_kt":40,"pressure_mb":1003,"radius_34kt_nm":null},{"date":"19910704","time":"0600","status":"TS","lat":37.1,"lon":-67.8,"wind_kt":45,"pressure_mb":1002,"radius_34kt_nm":null},{"date":"19910704","time":"1200","status":"TS","lat":37.6,"lon":-64.7,"wind_kt":45,"pressure_mb":1001,"radius_34kt_nm":null},{"date":"19910704","time":"1800","status":"TS","lat":37.9,"lon":-61.1,"wind_kt":45,"pressure_mb":1000,"radius_34kt_nm":null},{"date":"19910705","time":"0000","status":"TS","lat":38,"lon":-57.5,"wind_kt":45,"pressure_mb":1001,"radius_34kt_nm":null},{"date":"19910705","time":"0600","status":"TS","lat":37.5,"lon":-54.2,"wind_kt":40,"pressure_mb":1003,"radius_34kt_nm":null},{"date":"19910705","time":"1200","status":"TS","lat":37,"lon":-50.7,"wind_kt":35,"pressure_mb":1005,"radius_34kt_nm":null}]}},{"type":"Feature","geometry":{"type":"LineString","coordinates":[[-96.2,23.4],[-96.7,23.3],[-96.8,23.3],[-97,23.3],[-97.4,23.3],[-98,23.4]]},"properties":{"id":"hur-al021991","event_type":"hurricane","name":null,"year":1991,"max_wind_kt":30,"min_pressure_mb":null,"category":-1,"preliminary":false,"start_date":"19910705","end_date":"19910707","track":[{"date":"19910705","time":"1800","status":"TD","lat":23.4,"lon":-96.2,"wind_kt":25,"pressure_mb":null,"radius_34kt_nm":null},{"date":"19910706","time":"0000","status":"TD","lat":23.3,"lon":-96.7,"wind_kt":25,"pressure_mb":null,"radius_34kt_nm":null},{"date":"19910706","time":"0600","status":"TD","lat":23.3,"lon":-96.8,"wind_kt":25,"pressure_mb":null,"radius_34kt_nm":null},{"date":"19910706","time":"1200","status":"TD","lat":23.3,"lon":-97,"wind_kt":30,"pressure_mb":null,"radius_34kt_nm":null},{"date":"19910706","time":"1800","status":"TD","lat":23.3,"lon":-97.4,"wind_kt":30,"pressure_mb":null,"radius_34kt_nm":null},{"date":"19910707","time":"0000","status":"TD","lat":23.4,"lon":-98,"wind_kt":20,"pressure_mb":null,"radius_34kt_nm":null}]}},{"type":"Feature","geometry":{"type":"LineString","coordinates":[[-74.3,25.6],[-74.9,25.7],[-75.4,25.9],[-75.8,26.4],[-76.2,27.1],[-76.5,27.8],[-76.9,28.4],[-77.1,29],[-77,29.7],[-76.9,30.5],[-76.6,31.5],[-76.1,33],[-75.3,34.6],[-74.5,36.5],[-73,38.9],[-71.6,41.2],[-71.4,41.4],[-69.6,43.8],[-69.1,44.1],[-67.6,45.6],[-65.5,47],[-61.9,48.4],[-58.3,49.8],[-54.9,50.9],[-51.4,51.6],[-47.3,51.9],[-42.8,51.9],[-38.3,51.5],[-34.1,50.7],[-30.3,49.3],[-26.9,47.7],[-23.9,46.3],[-21.4,45.3],[-19.9,44.2],[-19.4,43.1],[-19.1,42.4],[-18.6,42.2],[-18.1,42.1],[-17.9,41.9],[-17.8,41.7],[-17.6,41.3],[-17.3,40.9],[-16.8,40.5],[-16,40.2],[-15.2,40],[-14.4,39.9],[-13.8,39.9],[-13.1,40],[-12.4,40],[-11.8,40],[-11.3,40],[-10.9,40],[-10.5,40],[-10.1,40],[-9.9,40]]},"properties":{"id":"hur-al031991","event_type":"hurricane","name":"BOB","year":1991,"max_wind_kt":100,"min_pressure_mb":950,"category":3,"preliminary":false,"start_date":"19910816","end_date":"19910829","track":[{"date":"19910816","time":"0000","status":"TD","lat":25.6,"lon":-74.3,"wind_kt":25,"pressure_mb":1014,"radius_34kt_nm":null},{"date":"19910816","time":"0600","status":"TD","lat":25.7,"lon":-74.9,"wind_kt":25,"pressure_mb":1012,"radius_34kt_nm":null},{"date":"19910816","time":"1200","status":"TD","lat":25.9,"lon":-75.4,"wind_kt":30,"pressure_mb":1010,"radius_34kt_nm":null},{"date":"19910816","time":"1800","status":"TS","lat":26.4,"lon":-75.8,"wind_kt":35,"pressure_mb":1005,"radius_34kt_nm":null},{"date":"19910817","time":"0000","status":"TS","lat":27.1,"lon":-76.2,"wind_kt":40,"pressure_mb":1003,"radius_34kt_nm":null},{"date":"19910817","time":"0600","status":"TS","lat":27.8,"lon":-76.5,"wind_kt":45,"pressure_mb":998,"radius_34kt_nm":null},{"date":"19910817","time":"1200","status":"TS","lat":28.4,"lon":-76.9,"wind_kt":55,"pressure_mb":996,"radius_34kt_nm":null},{"date":"19910817","time":"1800","status":"HU","lat":29,"lon":-77.1,"wind_kt":65,"pressure_mb":986,"radius_34kt_nm":null},{"date":"19910818","time":"0000","status":"HU","lat":29.7,"lon":-77,"wind_kt":70,"pressure_mb":980,"radius_34kt_nm":null},{"date":"19910818","time":"0600","status":"HU","lat":30.5,"lon":-76.9,"wind_kt":75,"pressure_mb":979,"radius_34kt_nm":null},{"date":"19910818","time":"1200","status":"HU","lat":31.5,"lon":-76.6,"wind_kt":80,"pressure_mb":974,"radius_34kt_nm":null},{"date":"19910818","time":"1800","status":"HU","lat":33,"lon":-76.1,"wind_kt":85,"pressure_mb":965,"radius_34kt_nm":null},{"date":"19910819","time":"0000","status":"HU","lat":34.6,"lon":-75.3,"wind_kt":95,"pressure_mb":957,"radius_34kt_nm":null},{"date":"19910819","time":"0600","status":"HU","lat":36.5,"lon":-74.5,"wind_kt":100,"pressure_mb":950,"radius_34kt_nm":null},{"date":"19910819","time":"1200","status":"HU","lat":38.9,"lon":-73,"wind_kt":95,"pressure_mb":953,"radius_34kt_nm":null},{"date":"19910819","time":"1720","status":"HU","lat":41.2,"lon":-71.6,"wind_kt":90,"pressure_mb":962,"radius_34kt_nm":null},{"date":"19910819","time":"1800","status":"HU","lat":41.4,"lon":-71.4,"wind_kt":85,"pressure_mb":964,"radius_34kt_nm":null},{"date":"19910820","time":"0000","status":"TS","lat":43.8,"lon":-69.6,"wind_kt":60,"pressure_mb":977,"radius_34kt_nm":null},{"date":"19910820","time":"0130","status":"TS","lat":44.1,"lon":-69.1,"wind_kt":60,"pressure_mb":981,"radius_34kt_nm":null},{"date":"19910820","time":"0600","status":"TS","lat":45.6,"lon":-67.6,"wind_kt":50,"pressure_mb":987,"radius_34kt_nm":null},{"date":"19910820","time":"1200","status":"TS","lat":47,"lon":-65.5,"wind_kt":45,"pressure_mb":998,"radius_34kt_nm":null},{"date":"19910820","time":"1800","status":"EX","lat":48.4,"lon":-61.9,"wind_kt":40,"pressure_mb":1003,"radius_34kt_nm":null},{"date":"19910821","time":"0000","status":"EX","lat":49.8,"lon":-58.3,"wind_kt":40,"pressure_mb":1008,"radius_34kt_nm":null},{"date":"19910821","time":"0600","status":"EX","lat":50.9,"lon":-54.9,"wind_kt":40,"pressure_mb":1008,"radius_34kt_nm":null},{"date":"19910821","time":"1200","status":"EX","lat":51.6,"lon":-51.4,"wind_kt":35,"pressure_mb":1009,"radius_34kt_nm":null},{"date":"19910821","time":"1800","status":"EX","lat":51.9,"lon":-47.3,"wind_kt":30,"pressure_mb":1009,"radius_34kt_nm":null},{"date":"19910822","time":"0000","status":"EX","lat":51.9,"lon":-42.8,"wind_kt":30,"pressure_mb":1004,"radius_34kt_nm":null},{"date":"19910822","time":"0600","status":"EX","lat":51.5,"lon":-38.3,"wind_kt":35,"pressure_mb":1002,"radius_34kt_nm":null},{"date":"19910822","time":"1200","status":"EX","lat":50.7,"lon":-34.1,"wind_kt":40,"pressure_mb":994,"radius_34kt_nm":null},{"date":"19910822","time":"1800","status":"EX","lat":49.3,"lon":-30.3,"wind_kt":40,"pressure_mb":992,"radius_34kt_nm":null},{"date":"19910823","time":"0000","status":"EX","lat":47.7,"lon":-26.9,"wind_kt":40,"pressure_mb":992,"radius_34kt_nm":null},{"date":"19910823","time":"0600","status":"EX","lat":46.3,"lon":-23.9,"wind_kt":40,"pressure_mb":996,"radius_34kt_nm":null},{"date":"19910823","time":"1200","status":"EX","lat":45.3,"lon":-21.4,"wind_kt":35,"pressure_mb":1000,"radius_34kt_nm":null},{"date":"19910823","time":"1800","status":"EX","lat":44.2,"lon":-19.9,"wind_kt":30,"pressure_mb":1004,"radius_34kt_nm":null},{"date":"19910824","time":"0000","status":"EX","lat":43.1,"lon":-19.4,"wind_kt":25,"pressure_mb":1006,"radius_34kt_nm":null},{"date":"19910824","time":"0600","status":"EX","lat":42.4,"lon":-19.1,"wind_kt":25,"pressure_mb":1008,"radius_34kt_nm":null},{"date":"19910824","time":"1200","status":"EX","lat":42.2,"lon":-18.6,"wind_kt":25,"pressure_mb":1009,"radius_34kt_nm":null},{"date":"19910824","time":"1800","status":"EX","lat":42.1,"lon":-18.1,"wind_kt":25,"pressure_mb":1009,"radius_34kt_nm":null},{"date":"19910825","time":"0000","status":"EX","lat":41.9,"lon":-17.9,"wind_kt":25,"pressure_mb":1009,"radius_34kt_nm":null},{"date":"19910825","time":"0600","status":"EX","lat":41.7,"lon":-17.8,"wind_kt":25,"pressure_mb":1010,"radius_34kt_nm":null},{"date":"19910825","time":"1200","status":"EX","lat":41.3,"lon":-17.6,"wind_kt":25,"pressure_mb":1010,"radius_34kt_nm":null},{"date":"19910825","time":"1800","status":"EX","lat":40.9,"lon":-17.3,"wind_kt":25,"pressure_mb":1010,"radius_34kt_nm":null},{"date":"19910826","time":"0000","status":"EX","lat":40.5,"lon":-16.8,"wind_kt":25,"pressure_mb":1010,"radius_34kt_nm":null},{"date":"19910826","time":"0600","status":"EX","lat":40.2,"lon":-16,"wind_kt":25,"pressure_mb":1010,"radius_34kt_nm":null},{"date":"19910826","time":"1200","status":"EX","lat":40,"lon":-15.2,"wind_kt":20,"pressure_mb":1012,"radius_34kt_nm":null},{"date":"19910826","time":"1800","status":"EX","lat":39.9,"lon":-14.4,"wind_kt":20,"pressure_mb":1012,"radius_34kt_nm":null},{"date":"19910827","time":"0000","status":"EX","lat":39.9,"lon":-13.8,"wind_kt":20,"pressure_mb":1014,"radius_34kt_nm":null},{"date":"19910827","time":"0600","status":"EX","lat":40,"lon":-13.1,"wind_kt":20,"pressure_mb":1014,"radius_34kt_nm":null},{"date":"19910827","time":"1200","status":"EX","lat":40,"lon":-12.4,"wind_kt":20,"pressure_mb":1014,"radius_34kt_nm":null},{"date":"19910827","time":"1800","status":"EX","lat":40,"lon":-11.8,"wind_kt":20,"pressure_mb":1014,"radius_34kt_nm":null},{"date":"19910828","time":"0000","status":"EX","lat":40,"lon":-11.3,"wind_kt":15,"pressure_mb":1015,"radius_34kt_nm":null},{"date":"19910828","time":"0600","status":"EX","lat":40,"lon":-10.9,"wind_kt":15,"pressure_mb":1015,"radius_34kt_nm":null},{"date":"19910828","time":"1200","status":"EX","lat":40,"lon":-10.5,"wind_kt":15,"pressure_mb":1014,"radius_34kt_nm":null},{"date":"19910828","time":"1800","status":"EX","lat":40,"lon":-10.1,"wind_kt":10,"pressure_mb":1014,"radius_34kt_nm":null},{"date":"19910829","time":"0000","status":"EX","lat":40,"lon":-9.9,"wind_kt":10,"pressure_mb":1015,"radius_34kt_nm":null}]}},{"type":"Feature","geometry":{"type":"LineString","coordinates":[[-23.1,14.5],[-23.9,14.9],[-25.1,15.2],[-26.4,15.1],[-27.6,14.9],[-28.6,14.8],[-29.6,14.7]]},"properties":{"id":"hur-al041991","event_type":"hurricane","name":null,"year":1991,"max_wind_kt":30,"min_pressure_mb":1009,"category":-1,"preliminary":false,"start_date":"19910824","end_date":"19910826","track":[{"date":"19910824","time":"1200","status":"TD","lat":14.5,"lon":-23.1,"wind_kt":25,"pressure_mb":1011,"radius_34kt_nm":null},{"date":"19910824","time":"1800","status":"TD","lat":14.9,"lon":-23.9,"wind_kt":30,"pressure_mb":1009,"radius_34kt_nm":null},{"date":"19910825","time":"0000","status":"TD","lat":15.2,"lon":-25.1,"wind_kt":30,"pressure_mb":1009,"radius_34kt_nm":null},{"date":"19910825","time":"0600","status":"TD","lat":15.1,"lon":-26.4,"wind_kt":30,"pressure_mb":1010,"radius_34kt_nm":null},{"date":"19910825","time":"1200","status":"TD","lat":14.9,"lon":-27.6,"wind_kt":30,"pressure_mb":1010,"radius_34kt_nm":null},{"date":"19910825","time":"1800","status":"TD","lat":14.8,"lon":-28.6,"wind_kt":30,"pressure_mb":1010,"radius_34kt_nm":null},{"date":"19910826","time":"0000","status":"TD","lat":14.7,"lon":-29.6,"wind_kt":25,"pressure_mb":1011,"radius_34kt_nm":null}]}},{"type":"Feature","geometry":{"type":"LineString","coordinates":[[-30.8,10.5],[-32.4,10.7],[-34,10.9],[-35.6,11],[-37.3,11.2],[-38.9,11.3],[-40.5,11.4],[-42.1,11.5],[-43.9,11.7],[-45.7,11.9],[-47.6,12],[-49.8,12.3],[-52.8,12.7]]},"properties":{"id":"hur-al051991","event_type":"hurricane","name":null,"year":1991,"max_wind_kt":30,"min_pressure_mb":null,"category":-1,"preliminary":false,"start_date":"19910828","end_date":"19910831","track":[{"date":"19910828","time":"1200","status":"TD","lat":10.5,"lon":-30.8,"wind_kt":25,"pressure_mb":null,"radius_34kt_nm":null},{"date":"19910828","time":"1800","status":"TD","lat":10.7,"lon":-32.4,"wind_kt":30,"pressure_mb":null,"radius_34kt_nm":null},{"date":"19910829","time":"0000","status":"TD","lat":10.9,"lon":-34,"wind_kt":30,"pressure_mb":null,"radius_34kt_nm":null},{"date":"19910829","time":"0600","status":"TD","lat":11,"lon":-35.6,"wind_kt":30,"pressure_mb":null,"radius_34kt_nm":null},{"date":"19910829","time":"1200","status":"TD","lat":11.2,"lon":-37.3,"wind_kt":30,"pressure_mb":null,"radius_34kt_nm":null},{"date":"19910829","time":"1800","status":"TD","lat":11.3,"lon":-38.9,"wind_kt":30,"pressure_mb":null,"radius_34kt_nm":null},{"date":"19910830","time":"0000","status":"TD","lat":11.4,"lon":-40.5,"wind_kt":30,"pressure_mb":null,"radius_34kt_nm":null},{"date":"19910830","time":"0600","status":"TD","lat":11.5,"lon":-42.1,"wind_kt":30,"pressure_mb":null,"radius_34kt_nm":null},{"date":"19910830","time":"1200","status":"TD","lat":11.7,"lon":-43.9,"wind_kt":30,"pressure_mb":null,"radius_34kt_nm":null},{"date":"19910830","time":"1800","status":"TD","lat":11.9,"lon":-45.7,"wind_kt":30,"pressure_mb":null,"radius_34kt_nm":null},{"date":"19910831","time":"0000","status":"TD","lat":12,"lon":-47.6,"wind_kt":30,"pressure_mb":null,"radius_34kt_nm":null},{"date":"19910831","time":"0600","status":"TD","lat":12.3,"lon":-49.8,"wind_kt":25,"pressure_mb":null,"radius_34kt_nm":null},{"date":"19910831","time":"1200","status":"TD","lat":12.7,"lon":-52.8,"wind_kt":25,"pressure_mb":null,"radius_34kt_nm":null}]}},{"type":"Feature","geometry":{"type":"LineString","coordinates":[[-55.9,26.7],[-55.7,26.8],[-55.6,26.7],[-55.7,26.5],[-56,26.2],[-56.5,26],[-57.1,25.9],[-57.9,26],[-58.8,26.2],[-59.7,26.4],[-60.3,26.6],[-61,26.8],[-61.5,27],[-61.7,27.2],[-62.4,27.7],[-62.8,28.4],[-63.1,29.2],[-63.3,30],[-63.2,31],[-62.5,31.9],[-61.4,32.9],[-60.5,33.8],[-59,34.2],[-57.4,34.3],[-56,33.9],[-54,33.5],[-51.8,33.4],[-48.8,33.6],[-46.1,33.9],[-43.4,34.3],[-40.5,34.5],[-38.3,34.5],[-36.5,34.2],[-34.7,33.9],[-33.1,34.3],[-31.9,34.7],[-30.7,35.2],[-29.6,35.6],[-28.4,36],[-27.3,36.2],[-26.5,36.3],[-26.1,36.8],[-25.9,37]]},"properties":{"id":"hur-al061991","event_type":"hurricane","name":"CLAUDETTE","year":1991,"max_wind_kt":115,"min_pressure_mb":944,"category":4,"preliminary":false,"start_date":"19910904","end_date":"19910914","track":[{"date":"19910904","time":"1200","status":"TD","lat":26.7,"lon":-55.9,"wind_kt":25,"pressure_mb":1014,"radius_34kt_nm":null},{"date":"19910904","time":"1800","status":"TD","lat":26.8,"lon":-55.7,"wind_kt":30,"pressure_mb":1012,"radius_34kt_nm":null},{"date":"19910905","time":"0000","status":"TD","lat":26.7,"lon":-55.6,"wind_kt":30,"pressure_mb":1010,"radius_34kt_nm":null},{"date":"19910905","time":"0600","status":"TD","lat":26.5,"lon":-55.7,"wind_kt":30,"pressure_mb":1008,"radius_34kt_nm":null},{"date":"19910905","time":"1200","status":"TS","lat":26.2,"lon":-56,"wind_kt":35,"pressure_mb":1004,"radius_34kt_nm":null},{"date":"19910905","time":"1800","status":"TS","lat":26,"lon":-56.5,"wind_kt":40,"pressure_mb":1000,"radius_34kt_nm":null},{"date":"19910906","time":"0000","status":"TS","lat":25.9,"lon":-57.1,"wind_kt":50,"pressure_mb":994,"radius_34kt_nm":null},{"date":"19910906","time":"0600","status":"TS","lat":26,"lon":-57.9,"wind_kt":60,"pressure_mb":987,"radius_34kt_nm":null},{"date":"19910906","time":"1200","status":"HU","lat":26.2,"lon":-58.8,"wind_kt":75,"pressure_mb":979,"radius_34kt_nm":null},{"date":"19910906","time":"1800","status":"HU","lat":26.4,"lon":-59.7,"wind_kt":95,"pressure_mb":965,"radius_34kt_nm":null},{"date":"19910907","time":"0000","status":"HU","lat":26.6,"lon":-60.3,"wind_kt":105,"pressure_mb":953,"radius_34kt_nm":null},{"date":"19910907","time":"0600","status":"HU","lat":26.8,"lon":-61,"wind_kt":110,"pressure_mb":946,"radius_34kt_nm":null},{"date":"19910907","time":"1000","status":"HU","lat":27,"lon":-61.5,"wind_kt":115,"pressure_mb":944,"radius_34kt_nm":null},{"date":"19910907","time":"1200","status":"HU","lat":27.2,"lon":-61.7,"wind_kt":115,"pressure_mb":946,"radius_34kt_nm":null},{"date":"19910907","time":"1800","status":"HU","lat":27.7,"lon":-62.4,"wind_kt":100,"pressure_mb":960,"radius_34kt_nm":null},{"date":"19910908","time":"0000","status":"HU","lat":28.4,"lon":-62.8,"wind_kt":90,"pressure_mb":962,"radius_34kt_nm":null},{"date":"19910908","time":"0600","status":"HU","lat":29.2,"lon":-63.1,"wind_kt":85,"pressure_mb":964,"radius_34kt_nm":null},{"date":"19910908","time":"1200","status":"HU","lat":30,"lon":-63.3,"wind_kt":85,"pressure_mb":966,"radius_34kt_nm":null},{"date":"19910908","time":"1800","status":"HU","lat":31,"lon":-63.2,"wind_kt":80,"pressure_mb":967,"radius_34kt_nm":null},{"date":"19910909","time":"0000","status":"HU","lat":31.9,"lon":-62.5,"wind_kt":80,"pressure_mb":972,"radius_34kt_nm":null},{"date":"19910909","time":"0600","status":"HU","lat":32.9,"lon":-61.4,"wind_kt":75,"pressure_mb":976,"radius_34kt_nm":null},{"date":"19910909","time":"1200","status":"HU","lat":33.8,"lon":-60.5,"wind_kt":75,"pressure_mb":980,"radius_34kt_nm":null},{"date":"19910909","time":"1800","status":"HU","lat":34.2,"lon":-59,"wind_kt":75,"pressure_mb":984,"radius_34kt_nm":null},{"date":"19910910","time":"0000","status":"HU","lat":34.3,"lon":-57.4,"wind_kt":70,"pressure_mb":988,"radius_34kt_nm":null},{"date":"19910910","time":"0600","status":"TS","lat":33.9,"lon":-56,"wind_kt":60,"pressure_mb":991,"radius_34kt_nm":null},{"date":"19910910","time":"1200","status":"TS","lat":33.5,"lon":-54,"wind_kt":55,"pressure_mb":995,"radius_34kt_nm":null},{"date":"19910910","time":"1800","status":"TS","lat":33.4,"lon":-51.8,"wind_kt":45,"pressure_mb":998,"radius_34kt_nm":null},{"date":"19910911","time":"0000","status":"TS","lat":33.6,"lon":-48.8,"wind_kt":40,"pressure_mb":1001,"radius_34kt_nm":null},{"date":"19910911","time":"0600","status":"TS","lat":33.9,"lon":-46.1,"wind_kt":40,"pressure_mb":1004,"radius_34kt_nm":null},{"date":"19910911","time":"1200","status":"TS","lat":34.3,"lon":-43.4,"wind_kt":35,"pressure_mb":1006,"radius_34kt_nm":null},{"date":"19910911","time":"1800","status":"TD","lat":34.5,"lon":-40.5,"wind_kt":30,"pressure_mb":1009,"radius_34kt_nm":null},{"date":"19910912","time":"0000","status":"TD","lat":34.5,"lon":-38.3,"wind_kt":30,"pressure_mb":1010,"radius_34kt_nm":null},{"date":"19910912","time":"0600","status":"TD","lat":34.2,"lon":-36.5,"wind_kt":30,"pressure_mb":1011,"radius_34kt_nm":null},{"date":"19910912","time":"1200","status":"TD","lat":33.9,"lon":-34.7,"wind_kt":30,"pressure_mb":1012,"radius_34kt_nm":null},{"date":"19910912","time":"1800","status":"EX","lat":34.3,"lon":-33.1,"wind_kt":30,"pressure_mb":1013,"radius_34kt_nm":null},{"date":"19910913","time":"0000","status":"EX","lat":34.7,"lon":-31.9,"wind_kt":25,"pressure_mb":1014,"radius_34kt_nm":null},{"date":"19910913","time":"0600","status":"EX","lat":35.2,"lon":-30.7,"wind_kt":25,"pressure_mb":1015,"radius_34kt_nm":null},{"date":"19910913","time":"1200","status":"EX","lat":35.6,"lon":-29.6,"wind_kt":20,"pressure_mb":1016,"radius_34kt_nm":null},{"date":"19910913","time":"1800","status":"EX","lat":36,"lon":-28.4,"wind_kt":20,"pressure_mb":1017,"radius_34kt_nm":null},{"date":"19910914","time":"0000","status":"EX","lat":36.2,"lon":-27.3,"wind_kt":20,"pressure_mb":1017,"radius_34kt_nm":null},{"date":"19910914","time":"0600","status":"EX","lat":36.3,"lon":-26.5,"wind_kt":15,"pressure_mb":1017,"radius_34kt_nm":null},{"date":"19910914","time":"1200","status":"EX","lat":36.8,"lon":-26.1,"wind_kt":15,"pressure_mb":1018,"radius_34kt_nm":null},{"date":"19910914","time":"1800","status":"EX","lat":37,"lon":-25.9,"wind_kt":15,"pressure_mb":1018,"radius_34kt_nm":null}]}},{"type":"Feature","geometry":{"type":"LineString","coordinates":[[-25.8,10.4],[-27.5,10.2],[-29.2,10],[-30.6,9.8],[-32,9.7],[-33.4,9.8],[-35,10.3],[-36.5,10.8],[-37.9,11.3],[-39.6,11.8],[-41.5,12.5],[-43.4,13.4],[-45.2,14.2],[-47.3,14.9],[-49.7,15.3],[-52.1,15.7],[-54.1,15.8],[-56.1,15.9],[-58.1,16]]},"properties":{"id":"hur-al071991","event_type":"hurricane","name":"DANNY","year":1991,"max_wind_kt":45,"min_pressure_mb":998,"category":0,"preliminary":false,"start_date":"19910907","end_date":"19910911","track":[{"date":"19910907","time":"0000","status":"TD","lat":10.4,"lon":-25.8,"wind_kt":25,"pressure_mb":1010,"radius_34kt_nm":null},{"date":"19910907","time":"0600","status":"TD","lat":10.2,"lon":-27.5,"wind_kt":25,"pressure_mb":1009,"radius_34kt_nm":null},{"date":"19910907","time":"1200","status":"TD","lat":10,"lon":-29.2,"wind_kt":25,"pressure_mb":1008,"radius_34kt_nm":null},{"date":"19910907","time":"1800","status":"TD","lat":9.8,"lon":-30.6,"wind_kt":30,"pressure_mb":1008,"radius_34kt_nm":null},{"date":"19910908","time":"0000","status":"TD","lat":9.7,"lon":-32,"wind_kt":30,"pressure_mb":1007,"radius_34kt_nm":null},{"date":"19910908","time":"0600","status":"TD","lat":9.8,"lon":-33.4,"wind_kt":30,"pressure_mb":1006,"radius_34kt_nm":null},{"date":"19910908","time":"1200","status":"TS","lat":10.3,"lon":-35,"wind_kt":35,"pressure_mb":1005,"radius_34kt_nm":null},{"date":"19910908","time":"1800","status":"TS","lat":10.8,"lon":-36.5,"wind_kt":40,"pressure_mb":1004,"radius_34kt_nm":null},{"date":"19910909","time":"0000","status":"TS","lat":11.3,"lon":-37.9,"wind_kt":40,"pressure_mb":1002,"radius_34kt_nm":null},{"date":"19910909","time":"0600","status":"TS","lat":11.8,"lon":-39.6,"wind_kt":45,"pressure_mb":1000,"radius_34kt_nm":null},{"date":"19910909","time":"1200","status":"TS","lat":12.5,"lon":-41.5,"wind_kt":45,"pressure_mb":999,"radius_34kt_nm":null},{"date":"19910909","time":"1800","status":"TS","lat":13.4,"lon":-43.4,"wind_kt":45,"pressure_mb":999,"radius_34kt_nm":null},{"date":"19910910","time":"0000","status":"TS","lat":14.2,"lon":-45.2,"wind_kt":45,"pressure_mb":998,"radius_34kt_nm":null},{"date":"19910910","time":"0600","status":"TS","lat":14.9,"lon":-47.3,"wind_kt":45,"pressure_mb":999,"radius_34kt_nm":null},{"date":"19910910","time":"1200","status":"TS","lat":15.3,"lon":-49.7,"wind_kt":45,"pressure_mb":999,"radius_34kt_nm":null},{"date":"19910910","time":"1800","status":"TS","lat":15.7,"lon":-52.1,"wind_kt":40,"pressure_mb":1000,"radius_34kt_nm":null},{"date":"19910911","time":"0000","status":"TS","lat":15.8,"lon":-54.1,"wind_kt":35,"pressure_mb":1002,"radius_34kt_nm":null},{"date":"19910911","time":"0600","status":"TS","lat":15.9,"lon":-56.1,"wind_kt":35,"pressure_mb":1005,"radius_34kt_nm":null},{"date":"19910911","time":"1200","status":"TD","lat":16,"lon":-58.1,"wind_kt":30,"pressure_mb":1010,"radius_34kt_nm":null}]}},{"type":"Feature","geometry":{"type":"LineString","coordinates":[[-49.1,24.2],[-50,25.4],[-50.9,26.8],[-52.3,27.8],[-53.1,29.3],[-51.7,31.2],[-49.3,33],[-46.1,34.7],[-42.5,35.8],[-38.7,36.5],[-35,36.8],[-31.9,37],[-29.3,37.1],[-27.2,37.3],[-25.9,37.7],[-25.2,37.9],[-23.3,38.8],[-21.5,39.5]]},"properties":{"id":"hur-al081991","event_type":"hurricane","name":"ERIKA","year":1991,"max_wind_kt":50,"min_pressure_mb":997,"category":0,"preliminary":false,"start_date":"19910908","end_date":"19910912","track":[{"date":"19910908","time":"1800","status":"TD","lat":24.2,"lon":-49.1,"wind_kt":25,"pressure_mb":1011,"radius_34kt_nm":null},{"date":"19910909","time":"0000","status":"TD","lat":25.4,"lon":-50,"wind_kt":25,"pressure_mb":1010,"radius_34kt_nm":null},{"date":"19910909","time":"0600","status":"TD","lat":26.8,"lon":-50.9,"wind_kt":30,"pressure_mb":1009,"radius_34kt_nm":null},{"date":"19910909","time":"1200","status":"TD","lat":27.8,"lon":-52.3,"wind_kt":30,"pressure_mb":1007,"radius_34kt_nm":null},{"date":"19910909","time":"1800","status":"TS","lat":29.3,"lon":-53.1,"wind_kt":35,"pressure_mb":1005,"radius_34kt_nm":null},{"date":"19910910","time":"0000","status":"TS","lat":31.2,"lon":-51.7,"wind_kt":40,"pressure_mb":1002,"radius_34kt_nm":null},{"date":"19910910","time":"0600","status":"TS","lat":33,"lon":-49.3,"wind_kt":45,"pressure_mb":1000,"radius_34kt_nm":null},{"date":"19910910","time":"1200","status":"TS","lat":34.7,"lon":-46.1,"wind_kt":50,"pressure_mb":998,"radius_34kt_nm":null},{"date":"19910910","time":"1800","status":"TS","lat":35.8,"lon":-42.5,"wind_kt":50,"pressure_mb":997,"radius_34kt_nm":null},{"date":"19910911","time":"0000","status":"TS","lat":36.5,"lon":-38.7,"wind_kt":50,"pressure_mb":997,"radius_34kt_nm":null},{"date":"19910911","time":"0600","status":"TS","lat":36.8,"lon":-35,"wind_kt":50,"pressure_mb":998,"radius_34kt_nm":null},{"date":"19910911","time":"1200","status":"TS","lat":37,"lon":-31.9,"wind_kt":45,"pressure_mb":1000,"radius_34kt_nm":null},{"date":"19910911","time":"1800","status":"TS","lat":37.1,"lon":-29.3,"wind_kt":40,"pressure_mb":1003,"radius_34kt_nm":null},{"date":"19910912","time":"0000","status":"TS","lat":37.3,"lon":-27.2,"wind_kt":35,"pressure_mb":1007,"radius_34kt_nm":null},{"date":"19910912","time":"0300","status":"TS","lat":37.7,"lon":-25.9,"wind_kt":35,"pressure_mb":1009,"radius_34kt_nm":null},{"date":"19910912","time":"0600","status":"TD","lat":37.9,"lon":-25.2,"wind_kt":30,"pressure_mb":1009,"radius_34kt_nm":null},{"date":"19910912","time":"1200","status":"EX","lat":38.8,"lon":-23.3,"wind_kt":30,"pressure_mb":1011,"radius_34kt_nm":null},{"date":"19910912","time":"1800","status":"EX","lat":39.5,"lon":-21.5,"wind_kt":25,"pressure_mb":1013,"radius_34kt_nm":null}]}},{"type":"Feature","geometry":{"type":"LineString","coordinates":[[-85.7,18.9],[-85.1,19.5],[-84.1,20.3],[-83.1,21.2],[-82.8,21.5],[-81.8,22.4],[-80.8,23.9],[-80.5,24.5],[-79.8,25.2],[-78.5,26.5],[-75.5,30]]},"properties":{"id":"hur-al091991","event_type":"hurricane","name":"FABIAN","year":1991,"max_wind_kt":40,"min_pressure_mb":1002,"category":0,"preliminary":false,"start_date":"19911015","end_date":"19911017","track":[{"date":"19911015","time":"0000","status":"TD","lat":18.9,"lon":-85.7,"wind_kt":25,"pressure_mb":1010,"radius_34kt_nm":null},{"date":"19911015","time":"0600","status":"TD","lat":19.5,"lon":-85.1,"wind_kt":30,"pressure_mb":1008,"radius_34kt_nm":null},{"date":"19911015","time":"1200","status":"TS","lat":20.3,"lon":-84.1,"wind_kt":35,"pressure_mb":1007,"radius_34kt_nm":null},{"date":"19911015","time":"1800","status":"TS","lat":21.2,"lon":-83.1,"wind_kt":40,"pressure_mb":1006,"radius_34kt_nm":null},{"date":"19911015","time":"2100","status":"TS","lat":21.5,"lon":-82.8,"wind_kt":40,"pressure_mb":1004,"radius_34kt_nm":null},{"date":"19911016","time":"0000","status":"TS","lat":22.4,"lon":-81.8,"wind_kt":40,"pressure_mb":1004,"radius_34kt_nm":null},{"date":"19911016","time":"0600","status":"TS","lat":23.9,"lon":-80.8,"wind_kt":40,"pressure_mb":1002,"radius_34kt_nm":null},{"date":"19911016","time":"0834","status":"TS","lat":24.5,"lon":-80.5,"wind_kt":40,"pressure_mb":1002,"radius_34kt_nm":null},{"date":"19911016","time":"1200","status":"TS","lat":25.2,"lon":-79.8,"wind_kt":40,"pressure_mb":1007,"radius_34kt_nm":null},{"date":"19911016","time":"1800","status":"EX","lat":26.5,"lon":-78.5,"wind_kt":40,"pressure_mb":1009,"radius_34kt_nm":null},{"date":"19911017","time":"0000","status":"EX","lat":30,"lon":-75.5,"wind_kt":40,"pressure_mb":1009,"radius_34kt_nm":null}]}},{"type":"Feature","geometry":{"type":"LineString","coordinates":[[-42.3,13.4],[-43.6,13.7],[-44.9,13.8],[-46.4,14],[-47.7,14.1]]},"properties":{"id":"hur-al101991","event_type":"hurricane","name":null,"year":1991,"max_wind_kt":25,"min_pressure_mb":1009,"category":-1,"preliminary":false,"start_date":"19911024","end_date":"19911025","track":[{"date":"19911024","time":"1200","status":"TD","lat":13.4,"lon":-42.3,"wind_kt":25,"pressure_mb":1009,"radius_34kt_nm":null},{"date":"19911024","time":"1800","status":"TD","lat":13.7,"lon":-43.6,"wind_kt":25,"pressure_mb":1009,"radius_34kt_nm":null},{"date":"19911025","time":"0000","status":"TD","lat":13.8,"lon":-44.9,"wind_kt":25,"pressure_mb":1009,"radius_34kt_nm":null},{"date":"19911025","time":"0600","status":"TD","lat":14,"lon":-46.4,"wind_kt":25,"pressure_mb":1009,"radius_34kt_nm":null},{"date":"19911025","time":"1200","status":"TD","lat":14.1,"lon":-47.7,"wind_kt":25,"pressure_mb":1009,"radius_34kt_nm":null}]}},{"type":"Feature","geometry":{"type":"LineString","coordinates":[[-64.9,27.1],[-65.2,27.1],[-65.5,27.2],[-66,27.3],[-66.5,27.5],[-67.1,28.1],[-66.9,28.9],[-66.4,29.8],[-67.2,30.8],[-68.1,31.6],[-68.5,32.2],[-68.5,32.3],[-67.8,32.4],[-66.8,31.8],[-65.3,31.6],[-63.2,31.5],[-61.8,31.5],[-59,32.5]]},"properties":{"id":"hur-al111991","event_type":"hurricane","name":"GRACE","year":1991,"max_wind_kt":90,"min_pressure_mb":980,"category":2,"preliminary":false,"start_date":"19911025","end_date":"19911029","track":[{"date":"19911025","time":"1800","status":"SD","lat":27.1,"lon":-64.9,"wind_kt":25,"pressure_mb":1008,"radius_34kt_nm":null},{"date":"19911026","time":"0000","status":"SD","lat":27.1,"lon":-65.2,"wind_kt":30,"pressure_mb":1007,"radius_34kt_nm":null},{"date":"19911026","time":"0600","status":"SS","lat":27.2,"lon":-65.5,"wind_kt":35,"pressure_mb":1005,"radius_34kt_nm":null},{"date":"19911026","time":"1200","status":"SS","lat":27.3,"lon":-66,"wind_kt":35,"pressure_mb":1002,"radius_34kt_nm":null},{"date":"19911026","time":"1800","status":"SS","lat":27.5,"lon":-66.5,"wind_kt":40,"pressure_mb":997,"radius_34kt_nm":null},{"date":"19911027","time":"0000","status":"SS","lat":28.1,"lon":-67.1,"wind_kt":45,"pressure_mb":993,"radius_34kt_nm":null},{"date":"19911027","time":"0600","status":"SS","lat":28.9,"lon":-66.9,"wind_kt":50,"pressure_mb":990,"radius_34kt_nm":null},{"date":"19911027","time":"1200","status":"SS","lat":29.8,"lon":-66.4,"wind_kt":55,"pressure_mb":988,"radius_34kt_nm":null},{"date":"19911027","time":"1800","status":"TS","lat":30.8,"lon":-67.2,"wind_kt":60,"pressure_mb":987,"radius_34kt_nm":null},{"date":"19911028","time":"0000","status":"HU","lat":31.6,"lon":-68.1,"wind_kt":65,"pressure_mb":985,"radius_34kt_nm":null},{"date":"19911028","time":"0600","status":"HU","lat":32.2,"lon":-68.5,"wind_kt":65,"pressure_mb":983,"radius_34kt_nm":null},{"date":"19911028","time":"1200","status":"HU","lat":32.3,"lon":-68.5,"wind_kt":65,"pressure_mb":983,"radius_34kt_nm":null},{"date":"19911028","time":"1800","status":"HU","lat":32.4,"lon":-67.8,"wind_kt":65,"pressure_mb":982,"radius_34kt_nm":null},{"date":"19911029","time":"0000","status":"HU","lat":31.8,"lon":-66.8,"wind_kt":70,"pressure_mb":980,"radius_34kt_nm":null},{"date":"19911029","time":"0600","status":"HU","lat":31.6,"lon":-65.3,"wind_kt":75,"pressure_mb":981,"radius_34kt_nm":null},{"date":"19911029","time":"1200","status":"HU","lat":31.5,"lon":-63.2,"wind_kt":85,"pressure_mb":982,"radius_34kt_nm":null},{"date":"19911029","time":"1400","status":"HU","lat":31.5,"lon":-61.8,"wind_kt":90,"pressure_mb":982,"radius_34kt_nm":null},{"date":"19911029","time":"1800","status":"EX","lat":32.5,"lon":-59,"wind_kt":75,"pressure_mb":null,"radius_34kt_nm":null}]}},{"type":"Feature","geometry":{"type":"LineString","coordinates":[[-59,44],[-57.5,43],[-55.5,42.5],[-56,41],[-57.5,39.5],[-59.5,39],[-61.5,39],[-63.5,39],[-65.8,39.6],[-68.5,40],[-71,39],[-71.5,37.7],[-71.5,36.7],[-70,36],[-68.5,36.2],[-67,37],[-66.5,38.2],[-65.7,39.5],[-64.7,41.6],[-63.6,44],[-63.5,44.6],[-62.6,46.3]]},"properties":{"id":"hur-al121991","event_type":"hurricane","name":null,"year":1991,"max_wind_kt":65,"min_pressure_mb":972,"category":1,"preliminary":false,"start_date":"19911028","end_date":"19911102","track":[{"date":"19911028","time":"1800","status":"EX","lat":44,"lon":-59,"wind_kt":30,"pressure_mb":1006,"radius_34kt_nm":null},{"date":"19911029","time":"0000","status":"EX","lat":43,"lon":-57.5,"wind_kt":40,"pressure_mb":999,"radius_34kt_nm":null},{"date":"19911029","time":"0600","status":"EX","lat":42.5,"lon":-55.5,"wind_kt":45,"pressure_mb":992,"radius_34kt_nm":null},{"date":"19911029","time":"1200","status":"EX","lat":41,"lon":-56,"wind_kt":50,"pressure_mb":990,"radius_34kt_nm":null},{"date":"19911029","time":"1800","status":"EX","lat":39.5,"lon":-57.5,"wind_kt":50,"pressure_mb":986,"radius_34kt_nm":null},{"date":"19911030","time":"0000","status":"EX","lat":39,"lon":-59.5,"wind_kt":55,"pressure_mb":981,"radius_34kt_nm":null},{"date":"19911030","time":"0600","status":"EX","lat":39,"lon":-61.5,"wind_kt":60,"pressure_mb":977,"radius_34kt_nm":null},{"date":"19911030","time":"1200","status":"EX","lat":39,"lon":-63.5,"wind_kt":60,"pressure_mb":972,"radius_34kt_nm":null},{"date":"19911030","time":"1800","status":"EX","lat":39.6,"lon":-65.8,"wind_kt":60,"pressure_mb":978,"radius_34kt_nm":null},{"date":"19911031","time":"0000","status":"EX","lat":40,"lon":-68.5,"wind_kt":55,"pressure_mb":982,"radius_34kt_nm":null},{"date":"19911031","time":"0600","status":"EX","lat":39,"lon":-71,"wind_kt":55,"pressure_mb":988,"radius_34kt_nm":null},{"date":"19911031","time":"1200","status":"EX","lat":37.7,"lon":-71.5,"wind_kt":50,"pressure_mb":992,"radius_34kt_nm":null},{"date":"19911031","time":"1800","status":"SS","lat":36.7,"lon":-71.5,"wind_kt":40,"pressure_mb":996,"radius_34kt_nm":null},{"date":"19911101","time":"0000","status":"SS","lat":36,"lon":-70,"wind_kt":50,"pressure_mb":995,"radius_34kt_nm":null},{"date":"19911101","time":"0600","status":"TS","lat":36.2,"lon":-68.5,"wind_kt":55,"pressure_mb":993,"radius_34kt_nm":null},{"date":"19911101","time":"1200","status":"TS","lat":37,"lon":-67,"wind_kt":60,"pressure_mb":988,"radius_34kt_nm":null},{"date":"19911101","time":"1800","status":"HU","lat":38.2,"lon":-66.5,"wind_kt":65,"pressure_mb":980,"radius_34kt_nm":null},{"date":"19911102","time":"0000","status":"HU","lat":39.5,"lon":-65.7,"wind_kt":65,"pressure_mb":981,"radius_34kt_nm":null},{"date":"19911102","time":"0600","status":"TS","lat":41.6,"lon":-64.7,"wind_kt":60,"pressure_mb":988,"radius_34kt_nm":null},{"date":"19911102","time":"1200","status":"TS","lat":44,"lon":-63.6,"wind_kt":50,"pressure_mb":996,"radius_34kt_nm":null},{"date":"19911102","time":"1400","status":"TS","lat":44.6,"lon":-63.5,"wind_kt":45,"pressure_mb":998,"radius_34kt_nm":null},{"date":"19911102","time":"1800","status":"TD","lat":46.3,"lon":-62.6,"wind_kt":30,"pressure_mb":1005,"radius_34kt_nm":null}]}},{"type":"Feature","geometry":{"type":"LineString","coordinates":[[-59,24],[-60,24.2],[-61,24.5],[-61.5,24.9],[-62,25.2],[-62.4,25.5],[-63.1,25.6],[-63.5,25.6],[-63.7,25.6],[-63.5,25.7],[-63.1,25.7],[-62.6,25.7],[-62,25.7],[-61.1,25.7]]},"properties":{"id":"hur-al011992","event_type":"hurricane","name":null,"year":1992,"max_wind_kt":45,"min_pressure_mb":1002,"category":0,"preliminary":false,"start_date":"19920421","end_date":"19920424","track":[{"date":"19920421","time":"1200","status":"SD","lat":24,"lon":-59,"wind_kt":25,"pressure_mb":1006,"radius_34kt_nm":null},{"date":"19920421","time":"1800","status":"SD","lat":24.2,"lon":-60,"wind_kt":25,"pressure_mb":1005,"radius_34kt_nm":null},{"date":"19920422","time":"0000","status":"SD","lat":24.5,"lon":-61,"wind_kt":30,"pressure_mb":1003,"radius_34kt_nm":null},{"date":"19920422","time":"0600","status":"SS","lat":24.9,"lon":-61.5,"wind_kt":45,"pressure_mb":1002,"radius_34kt_nm":null},{"date":"19920422","time":"1200","status":"SS","lat":25.2,"lon":-62,"wind_kt":45,"pressure_mb":1002,"radius_34kt_nm":null},{"date":"19920422","time":"1800","status":"SS","lat":25.5,"lon":-62.4,"wind_kt":45,"pressure_mb":1003,"radius_34kt_nm":null},{"date":"19920423","time":"0000","status":"SS","lat":25.6,"lon":-63.1,"wind_kt":45,"pressure_mb":1004,"radius_34kt_nm":null},{"date":"19920423","time":"0600","status":"SS","lat":25.6,"lon":-63.5,"wind_kt":40,"pressure_mb":1005,"radius_34kt_nm":null},{"date":"19920423","time":"1200","status":"SS","lat":25.6,"lon":-63.7,"wind_kt":35,"pressure_mb":1008,"radius_34kt_nm":null},{"date":"19920423","time":"1800","status":"SD","lat":25.7,"lon":-63.5,"wind_kt":30,"pressure_mb":1008,"radius_34kt_nm":null},{"date":"19920424","time":"0000","status":"SD","lat":25.7,"lon":-63.1,"wind_kt":25,"pressure_mb":1009,"radius_34kt_nm":null},{"date":"19920424","time":"0600","status":"SD","lat":25.7,"lon":-62.6,"wind_kt":25,"pressure_mb":1009,"radius_34kt_nm":null},{"date":"19920424","time":"1200","status":"SD","lat":25.7,"lon":-62,"wind_kt":25,"pressure_mb":1010,"radius_34kt_nm":null},{"date":"19920424","time":"1800","status":"SD","lat":25.7,"lon":-61.1,"wind_kt":25,"pressure_mb":1010,"radius_34kt_nm":null}]}},{"type":"Feature","geometry":{"type":"LineString","coordinates":[[-85.5,24.5],[-85.5,25.7],[-84.5,27],[-84,27.6],[-82.9,28.5]]},"properties":{"id":"hur-al021992","event_type":"hurricane","name":null,"year":1992,"max_wind_kt":30,"min_pressure_mb":1007,"category":-1,"preliminary":false,"start_date":"19920625","end_date":"19920626","track":[{"date":"19920625","time":"1200","status":"TD","lat":24.5,"lon":-85.5,"wind_kt":25,"pressure_mb":1009,"radius_34kt_nm":null},{"date":"19920625","time":"1800","status":"TD","lat":25.7,"lon":-85.5,"wind_kt":30,"pressure_mb":1007,"radius_34kt_nm":null},{"date":"19920626","time":"0000","status":"TD","lat":27,"lon":-84.5,"wind_kt":30,"pressure_mb":1007,"radius_34kt_nm":null},{"date":"19920626","time":"0600","status":"TD","lat":27.6,"lon":-84,"wind_kt":30,"pressure_mb":1007,"radius_34kt_nm":null},{"date":"19920626","time":"1200","status":"TD","lat":28.5,"lon":-82.9,"wind_kt":30,"pressure_mb":1007,"radius_34kt_nm":null}]}},{"type":"Feature","geometry":{"type":"LineString","coordinates":[[-62.1,28.6],[-62.7,28.8],[-62.8,29.1],[-62.7,29.5],[-62.2,29.8],[-61.3,30.2],[-59.9,30.8],[-58,31.2]]},"properties":{"id":"hur-al031992","event_type":"hurricane","name":null,"year":1992,"max_wind_kt":30,"min_pressure_mb":1015,"category":-1,"preliminary":false,"start_date":"19920724","end_date":"19920726","track":[{"date":"19920724","time":"1800","status":"TD","lat":28.6,"lon":-62.1,"wind_kt":25,"pressure_mb":1016,"radius_34kt_nm":null},{"date":"19920725","time":"0000","status":"TD","lat":28.8,"lon":-62.7,"wind_kt":30,"pressure_mb":1016,"radius_34kt_nm":null},{"date":"19920725","time":"0600","status":"TD","lat":29.1,"lon":-62.8,"wind_kt":30,"pressure_mb":1016,"radius_34kt_nm":null},{"date":"19920725","time":"1200","status":"TD","lat":29.5,"lon":-62.7,"wind_kt":30,"pressure_mb":1015,"radius_34kt_nm":null},{"date":"19920725","time":"1800","status":"TD","lat":29.8,"lon":-62.2,"wind_kt":30,"pressure_mb":1016,"radius_34kt_nm":null},{"date":"19920726","time":"0000","status":"TD","lat":30.2,"lon":-61.3,"wind_kt":25,"pressure_mb":1016,"radius_34kt_nm":null},{"date":"19920726","time":"0600","status":"TD","lat":30.8,"lon":-59.9,"wind_kt":25,"pressure_mb":1016,"radius_34kt_nm":null},{"date":"19920726","time":"1200","status":"TD","lat":31.2,"lon":-58,"wind_kt":20,"pressure_mb":1016,"radius_34kt_nm":null}]}},{"type":"Feature","geometry":{"type":"LineString","coordinates":[[-35.5,10.8],[-37.4,11.2],[-39.6,11.7],[-42,12.3],[-44.2,13.1],[-46.2,13.6],[-48,14.1],[-49.9,14.6],[-51.8,15.4],[-53.5,16.3],[-55.3,17.2],[-56.9,18],[-58.3,18.8],[-59.3,19.8],[-60,20.7],[-60.7,21.7],[-61.5,22.5],[-62.4,23.2],[-63.3,23.9],[-64.2,24.4],[-64.9,24.8],[-65.9,25.3],[-67,25.6],[-68.3,25.8],[-69.7,25.7],[-71.1,25.6],[-72.5,25.5],[-74.2,25.4],[-75.8,25.4],[-76.6,25.4],[-77.5,25.4],[-77.8,25.4],[-79.3,25.4],[-80.2,25.5],[-80.3,25.5],[-81.2,25.6],[-83.1,25.8],[-85,26.2],[-86.7,26.6],[-88.2,27.2],[-89.6,27.8],[-90.5,28.5],[-91.3,29.2],[-91.5,29.6],[-91.7,30.1],[-91.6,30.9],[-91.1,31.5],[-90.5,32.1],[-89.6,32.8],[-88.4,33.6],[-86.7,34.4],[-84,35.4]]},"properties":{"id":"hur-al041992","event_type":"hurricane","name":"ANDREW","year":1992,"max_wind_kt":150,"min_pressure_mb":922,"category":5,"preliminary":false,"start_date":"19920816","end_date":"19920828","track":[{"date":"19920816","time":"1800","status":"TD","lat":10.8,"lon":-35.5,"wind_kt":25,"pressure_mb":1010,"radius_34kt_nm":null},{"date":"19920817","time":"0000","status":"TD","lat":11.2,"lon":-37.4,"wind_kt":30,"pressure_mb":1009,"radius_34kt_nm":null},{"date":"19920817","time":"0600","status":"TD","lat":11.7,"lon":-39.6,"wind_kt":30,"pressure_mb":1008,"radius_34kt_nm":null},{"date":"19920817","time":"1200","status":"TS","lat":12.3,"lon":-42,"wind_kt":35,"pressure_mb":1006,"radius_34kt_nm":null},{"date":"19920817","time":"1800","status":"TS","lat":13.1,"lon":-44.2,"wind_kt":35,"pressure_mb":1003,"radius_34kt_nm":null},{"date":"19920818","time":"0000","status":"TS","lat":13.6,"lon":-46.2,"wind_kt":40,"pressure_mb":1002,"radius_34kt_nm":null},{"date":"19920818","time":"0600","status":"TS","lat":14.1,"lon":-48,"wind_kt":45,"pressure_mb":1001,"radius_34kt_nm":null},{"date":"19920818","time":"1200","status":"TS","lat":14.6,"lon":-49.9,"wind_kt":45,"pressure_mb":1000,"radius_34kt_nm":null},{"date":"19920818","time":"1800","status":"TS","lat":15.4,"lon":-51.8,"wind_kt":45,"pressure_mb":1000,"radius_34kt_nm":null},{"date":"19920819","time":"0000","status":"TS","lat":16.3,"lon":-53.5,"wind_kt":45,"pressure_mb":1001,"radius_34kt_nm":null},{"date":"19920819","time":"0600","status":"TS","lat":17.2,"lon":-55.3,"wind_kt":45,"pressure_mb":1002,"radius_34kt_nm":null},{"date":"19920819","time":"1200","status":"TS","lat":18,"lon":-56.9,"wind_kt":45,"pressure_mb":1005,"radius_34kt_nm":null},{"date":"19920819","time":"1800","status":"TS","lat":18.8,"lon":-58.3,"wind_kt":45,"pressure_mb":1007,"radius_34kt_nm":null},{"date":"19920820","time":"0000","status":"TS","lat":19.8,"lon":-59.3,"wind_kt":40,"pressure_mb":1011,"radius_34kt_nm":null},{"date":"19920820","time":"0600","status":"TS","lat":20.7,"lon":-60,"wind_kt":40,"pressure_mb":1013,"radius_34kt_nm":null},{"date":"19920820","time":"1200","status":"TS","lat":21.7,"lon":-60.7,"wind_kt":40,"pressure_mb":1015,"radius_34kt_nm":null},{"date":"19920820","time":"1800","status":"TS","lat":22.5,"lon":-61.5,"wind_kt":40,"pressure_mb":1014,"radius_34kt_nm":null},{"date":"19920821","time":"0000","status":"TS","lat":23.2,"lon":-62.4,"wind_kt":45,"pressure_mb":1014,"radius_34kt_nm":null},{"date":"19920821","time":"0600","status":"TS","lat":23.9,"lon":-63.3,"wind_kt":45,"pressure_mb":1010,"radius_34kt_nm":null},{"date":"19920821","time":"1200","status":"TS","lat":24.4,"lon":-64.2,"wind_kt":50,"pressure_mb":1007,"radius_34kt_nm":null},{"date":"19920821","time":"1800","status":"TS","lat":24.8,"lon":-64.9,"wind_kt":50,"pressure_mb":1004,"radius_34kt_nm":null},{"date":"19920822","time":"0000","status":"TS","lat":25.3,"lon":-65.9,"wind_kt":55,"pressure_mb":1000,"radius_34kt_nm":null},{"date":"19920822","time":"0600","status":"HU","lat":25.6,"lon":-67,"wind_kt":65,"pressure_mb":994,"radius_34kt_nm":null},{"date":"19920822","time":"1200","status":"HU","lat":25.8,"lon":-68.3,"wind_kt":80,"pressure_mb":981,"radius_34kt_nm":null},{"date":"19920822","time":"1800","status":"HU","lat":25.7,"lon":-69.7,"wind_kt":95,"pressure_mb":969,"radius_34kt_nm":null},{"date":"19920823","time":"0000","status":"HU","lat":25.6,"lon":-71.1,"wind_kt":110,"pressure_mb":961,"radius_34kt_nm":null},{"date":"19920823","time":"0600","status":"HU","lat":25.5,"lon":-72.5,"wind_kt":130,"pressure_mb":947,"radius_34kt_nm":null},{"date":"19920823","time":"1200","status":"HU","lat":25.4,"lon":-74.2,"wind_kt":145,"pressure_mb":933,"radius_34kt_nm":null},{"date":"19920823","time":"1800","status":"HU","lat":25.4,"lon":-75.8,"wind_kt":150,"pressure_mb":922,"radius_34kt_nm":null},{"date":"19920823","time":"2100","status":"HU","lat":25.4,"lon":-76.6,"wind_kt":140,"pressure_mb":923,"radius_34kt_nm":null},{"date":"19920824","time":"0000","status":"HU","lat":25.4,"lon":-77.5,"wind_kt":125,"pressure_mb":930,"radius_34kt_nm":null},{"date":"19920824","time":"0100","status":"HU","lat":25.4,"lon":-77.8,"wind_kt":130,"pressure_mb":931,"radius_34kt_nm":null},{"date":"19920824","time":"0600","status":"HU","lat":25.4,"lon":-79.3,"wind_kt":130,"pressure_mb":937,"radius_34kt_nm":null},{"date":"19920824","time":"0840","status":"HU","lat":25.5,"lon":-80.2,"wind_kt":145,"pressure_mb":926,"radius_34kt_nm":null},{"date":"19920824","time":"0905","status":"HU","lat":25.5,"lon":-80.3,"wind_kt":145,"pressure_mb":922,"radius_34kt_nm":null},{"date":"19920824","time":"1200","status":"HU","lat":25.6,"lon":-81.2,"wind_kt":115,"pressure_mb":951,"radius_34kt_nm":null},{"date":"19920824","time":"1800","status":"HU","lat":25.8,"lon":-83.1,"wind_kt":115,"pressure_mb":947,"radius_34kt_nm":null},{"date":"19920825","time":"0000","status":"HU","lat":26.2,"lon":-85,"wind_kt":115,"pressure_mb":943,"radius_34kt_nm":null},{"date":"19920825","time":"0600","status":"HU","lat":26.6,"lon":-86.7,"wind_kt":115,"pressure_mb":948,"radius_34kt_nm":null},{"date":"19920825","time":"1200","status":"HU","lat":27.2,"lon":-88.2,"wind_kt":120,"pressure_mb":946,"radius_34kt_nm":null},{"date":"19920825","time":"1800","status":"HU","lat":27.8,"lon":-89.6,"wind_kt":125,"pressure_mb":941,"radius_34kt_nm":null},{"date":"19920826","time":"0000","status":"HU","lat":28.5,"lon":-90.5,"wind_kt":125,"pressure_mb":937,"radius_34kt_nm":null},{"date":"19920826","time":"0600","status":"HU","lat":29.2,"lon":-91.3,"wind_kt":120,"pressure_mb":955,"radius_34kt_nm":null},{"date":"19920826","time":"0830","status":"HU","lat":29.6,"lon":-91.5,"wind_kt":100,"pressure_mb":956,"radius_34kt_nm":null},{"date":"19920826","time":"1200","status":"HU","lat":30.1,"lon":-91.7,"wind_kt":80,"pressure_mb":973,"radius_34kt_nm":null},{"date":"19920826","time":"1800","status":"TS","lat":30.9,"lon":-91.6,"wind_kt":50,"pressure_mb":991,"radius_34kt_nm":null},{"date":"19920827","time":"0000","status":"TS","lat":31.5,"lon":-91.1,"wind_kt":35,"pressure_mb":995,"radius_34kt_nm":null},{"date":"19920827","time":"0600","status":"TD","lat":32.1,"lon":-90.5,"wind_kt":30,"pressure_mb":997,"radius_34kt_nm":null},{"date":"19920827","time":"1200","status":"TD","lat":32.8,"lon":-89.6,"wind_kt":30,"pressure_mb":998,"radius_34kt_nm":null},{"date":"19920827","time":"1800","status":"TD","lat":33.6,"lon":-88.4,"wind_kt":25,"pressure_mb":999,"radius_34kt_nm":null},{"date":"19920828","time":"0000","status":"TD","lat":34.4,"lon":-86.7,"wind_kt":20,"pressure_mb":1000,"radius_34kt_nm":null},{"date":"19920828","time":"0600","status":"TD","lat":35.4,"lon":-84,"wind_kt":20,"pressure_mb":1000,"radius_34kt_nm":null}]}},{"type":"Feature","geometry":{"type":"LineString","coordinates":[[-59,33.8],[-58.3,33.5],[-58,33.7],[-57.9,34],[-58.1,34.3],[-57.8,34.2],[-57.4,34.4],[-57.1,34.7],[-56.8,35.2],[-56.6,35.6],[-56.2,36.1],[-56,36.5],[-55.5,36.8],[-54.6,37],[-53.8,37.2],[-53,37.3],[-52.3,37.5],[-51.5,37.7],[-51.2,37.7],[-51,37.8],[-50.9,37.8],[-50.7,37.7],[-50.7,37.6],[-50.8,37.6],[-51,37.5],[-51.1,37.5],[-51.2,37.5],[-51.4,37.4],[-51.5,37.2],[-51.8,36.8],[-51.8,36.3],[-51.8,35.7],[-51.8,35.1],[-51.7,34.6],[-51.3,34.1],[-50.8,33.8],[-49.9,33.3],[-48.4,33.2],[-46.9,33.1],[-45.4,33],[-44,33],[-43,33.1],[-42,33.4],[-41,33.9],[-39.8,34.5],[-38.5,35],[-37.6,35.2],[-36.6,35.5],[-34.8,36.1],[-32.1,36.6],[-29.4,37.3],[-26.4,38.4],[-24.2,39],[-22.8,39],[-21.6,39],[-21.2,38.5],[-21.5,38.2],[-21.8,38.1],[-22.2,37.9],[-22.7,37.8],[-24,38]]},"properties":{"id":"hur-al051992","event_type":"hurricane","name":"BONNIE","year":1992,"max_wind_kt":95,"min_pressure_mb":965,"category":2,"preliminary":false,"start_date":"19920917","end_date":"19921002","track":[{"date":"19920917","time":"1800","status":"TD","lat":33.8,"lon":-59,"wind_kt":30,"pressure_mb":1009,"radius_34kt_nm":null},{"date":"19920918","time":"0000","status":"TD","lat":33.5,"lon":-58.3,"wind_kt":30,"pressure_mb":1008,"radius_34kt_nm":null},{"date":"19920918","time":"0600","status":"TS","lat":33.7,"lon":-58,"wind_kt":35,"pressure_mb":1005,"radius_34kt_nm":null},{"date":"19920918","time":"1200","status":"TS","lat":34,"lon":-57.9,"wind_kt":45,"pressure_mb":1000,"radius_34kt_nm":null},{"date":"19920918","time":"1800","status":"HU","lat":34.3,"lon":-58.1,"wind_kt":65,"pressure_mb":988,"radius_34kt_nm":null},{"date":"19920919","time":"0000","status":"HU","lat":34.2,"lon":-57.8,"wind_kt":75,"pressure_mb":980,"radius_34kt_nm":null},{"date":"19920919","time":"0600","status":"HU","lat":34.4,"lon":-57.4,"wind_kt":80,"pressure_mb":976,"radius_34kt_nm":null},{"date":"19920919","time":"1200","status":"HU","lat":34.7,"lon":-57.1,"wind_kt":85,"pressure_mb":973,"radius_34kt_nm":null},{"date":"19920919","time":"1800","status":"HU","lat":35.2,"lon":-56.8,"wind_kt":90,"pressure_mb":970,"radius_34kt_nm":null},{"date":"19920920","time":"0000","status":"HU","lat":35.6,"lon":-56.6,"wind_kt":90,"pressure_mb":970,"radius_34kt_nm":null},{"date":"19920920","time":"0600","status":"HU","lat":36.1,"lon":-56.2,"wind_kt":85,"pressure_mb":973,"radius_34kt_nm":null},{"date":"19920920","time":"1200","status":"HU","lat":36.5,"lon":-56,"wind_kt":85,"pressure_mb":974,"radius_34kt_nm":null},{"date":"19920920","time":"1800","status":"HU","lat":36.8,"lon":-55.5,"wind_kt":85,"pressure_mb":973,"radius_34kt_nm":null},{"date":"19920921","time":"0000","status":"HU","lat":37,"lon":-54.6,"wind_kt":90,"pressure_mb":972,"radius_34kt_nm":null},{"date":"19920921","time":"0600","status":"HU","lat":37.2,"lon":-53.8,"wind_kt":90,"pressure_mb":970,"radius_34kt_nm":null},{"date":"19920921","time":"1200","status":"HU","lat":37.3,"lon":-53,"wind_kt":90,"pressure_mb":968,"radius_34kt_nm":null},{"date":"19920921","time":"1800","status":"HU","lat":37.5,"lon":-52.3,"wind_kt":95,"pressure_mb":965,"radius_34kt_nm":null},{"date":"19920922","time":"0000","status":"HU","lat":37.7,"lon":-51.5,"wind_kt":95,"pressure_mb":966,"radius_34kt_nm":null},{"date":"19920922","time":"0600","status":"HU","lat":37.7,"lon":-51.2,"wind_kt":95,"pressure_mb":967,"radius_34kt_nm":null},{"date":"19920922","time":"1200","status":"HU","lat":37.8,"lon":-51,"wind_kt":90,"pressure_mb":968,"radius_34kt_nm":null},{"date":"19920922","time":"1800","status":"HU","lat":37.8,"lon":-50.9,"wind_kt":90,"pressure_mb":969,"radius_34kt_nm":null},{"date":"19920923","time":"0000","status":"HU","lat":37.7,"lon":-50.7,"wind_kt":90,"pressure_mb":970,"radius_34kt_nm":null},{"date":"19920923","time":"0600","status":"HU","lat":37.6,"lon":-50.7,"wind_kt":85,"pressure_mb":972,"radius_34kt_nm":null},{"date":"19920923","time":"1200","status":"HU","lat":37.6,"lon":-50.8,"wind_kt":85,"pressure_mb":974,"radius_34kt_nm":null},{"date":"19920923","time":"1800","status":"HU","lat":37.5,"lon":-51,"wind_kt":80,"pressure_mb":977,"radius_34kt_nm":null},{"date":"19920924","time":"0000","status":"HU","lat":37.5,"lon":-51.1,"wind_kt":75,"pressure_mb":979,"radius_34kt_nm":null},{"date":"19920924","time":"0600","status":"HU","lat":37.5,"lon":-51.2,"wind_kt":70,"pressure_mb":983,"radius_34kt_nm":null},{"date":"19920924","time":"1200","status":"HU","lat":37.4,"lon":-51.4,"wind_kt":65,"pressure_mb":987,"radius_34kt_nm":null},{"date":"19920924","time":"1800","status":"TS","lat":37.2,"lon":-51.5,"wind_kt":60,"pressure_mb":995,"radius_34kt_nm":null},{"date":"19920925","time":"0000","status":"TS","lat":36.8,"lon":-51.8,"wind_kt":55,"pressure_mb":995,"radius_34kt_nm":null},{"date":"19920925","time":"0600","status":"TS","lat":36.3,"lon":-51.8,"wind_kt":45,"pressure_mb":1000,"radius_34kt_nm":null},{"date":"19920925","time":"1200","status":"TS","lat":35.7,"lon":-51.8,"wind_kt":40,"pressure_mb":1005,"radius_34kt_nm":null},{"date":"19920925","time":"1800","status":"TS","lat":35.1,"lon":-51.8,"wind_kt":35,"pressure_mb":1007,"radius_34kt_nm":null},{"date":"19920926","time":"0000","status":"TD","lat":34.6,"lon":-51.7,"wind_kt":30,"pressure_mb":1009,"radius_34kt_nm":null},{"date":"19920926","time":"0600","status":"TD","lat":34.1,"lon":-51.3,"wind_kt":30,"pressure_mb":1009,"radius_34kt_nm":null},{"date":"19920926","time":"1200","status":"TD","lat":33.8,"lon":-50.8,"wind_kt":30,"pressure_mb":1008,"radius_34kt_nm":null},{"date":"19920926","time":"1800","status":"TS","lat":33.3,"lon":-49.9,"wind_kt":35,"pressure_mb":1006,"radius_34kt_nm":null},{"date":"19920927","time":"0000","status":"TS","lat":33.2,"lon":-48.4,"wind_kt":35,"pressure_mb":1005,"radius_34kt_nm":null},{"date":"19920927","time":"0600","status":"TS","lat":33.1,"lon":-46.9,"wind_kt":40,"pressure_mb":1003,"radius_34kt_nm":null},{"date":"19920927","time":"1200","status":"TS","lat":33,"lon":-45.4,"wind_kt":40,"pressure_mb":1001,"radius_34kt_nm":null},{"date":"19920927","time":"1800","status":"TS","lat":33,"lon":-44,"wind_kt":45,"pressure_mb":999,"radius_34kt_nm":null},{"date":"19920928","time":"0000","status":"TS","lat":33.1,"lon":-43,"wind_kt":50,"pressure_mb":996,"radius_34kt_nm":null},{"date":"19920928","time":"0600","status":"TS","lat":33.4,"lon":-42,"wind_kt":55,"pressure_mb":994,"radius_34kt_nm":null},{"date":"19920928","time":"1200","status":"TS","lat":33.9,"lon":-41,"wind_kt":60,"pressure_mb":993,"radius_34kt_nm":null},{"date":"19920928","time":"1800","status":"TS","lat":34.5,"lon":-39.8,"wind_kt":60,"pressure_mb":992,"radius_34kt_nm":null},{"date":"19920929","time":"0000","status":"TS","lat":35,"lon":-38.5,"wind_kt":60,"pressure_mb":992,"radius_34kt_nm":null},{"date":"19920929","time":"0600","status":"TS","lat":35.2,"lon":-37.6,"wind_kt":60,"pressure_mb":993,"radius_34kt_nm":null},{"date":"19920929","time":"1200","status":"TS","lat":35.5,"lon":-36.6,"wind_kt":55,"pressure_mb":994,"radius_34kt_nm":null},{"date":"19920929","time":"1800","status":"TS","lat":36.1,"lon":-34.8,"wind_kt":55,"pressure_mb":995,"radius_34kt_nm":null},{"date":"19920930","time":"0000","status":"TS","lat":36.6,"lon":-32.1,"wind_kt":55,"pressure_mb":995,"radius_34kt_nm":null},{"date":"19920930","time":"0600","status":"TS","lat":37.3,"lon":-29.4,"wind_kt":55,"pressure_mb":995,"radius_34kt_nm":null},{"date":"19920930","time":"1200","status":"TS","lat":38.4,"lon":-26.4,"wind_kt":50,"pressure_mb":997,"radius_34kt_nm":null},{"date":"19920930","time":"1800","status":"TS","lat":39,"lon":-24.2,"wind_kt":40,"pressure_mb":1002,"radius_34kt_nm":null},{"date":"19921001","time":"0000","status":"EX","lat":39,"lon":-22.8,"wind_kt":40,"pressure_mb":1004,"radius_34kt_nm":null},{"date":"19921001","time":"0600","status":"EX","lat":39,"lon":-21.6,"wind_kt":35,"pressure_mb":1006,"radius_34kt_nm":null},{"date":"19921001","time":"1200","status":"EX","lat":38.5,"lon":-21.2,"wind_kt":30,"pressure_mb":1008,"radius_34kt_nm":null},{"date":"19921001","time":"1800","status":"EX","lat":38.2,"lon":-21.5,"wind_kt":25,"pressure_mb":1010,"radius_34kt_nm":null},{"date":"19921002","time":"0000","status":"EX","lat":38.1,"lon":-21.8,"wind_kt":25,"pressure_mb":1012,"radius_34kt_nm":null},{"date":"19921002","time":"0600","status":"EX","lat":37.9,"lon":-22.2,"wind_kt":25,"pressure_mb":1014,"radius_34kt_nm":null},{"date":"19921002","time":"1200","status":"EX","lat":37.8,"lon":-22.7,"wind_kt":20,"pressure_mb":1015,"radius_34kt_nm":null},{"date":"19921002","time":"1800","status":"EX","lat":38,"lon":-24,"wind_kt":20,"pressure_mb":1017,"radius_34kt_nm":null}]}},{"type":"Feature","geometry":{"type":"LineString","coordinates":[[-33,30],[-33.6,30.3],[-33.8,30.9],[-34,31.6],[-34,32.5],[-34.2,33.4],[-34.4,34.1],[-34.5,34.7],[-34.6,35.2],[-34.6,35.6],[-34.5,35.8],[-34.3,36],[-34.1,36.1],[-33.8,36.1],[-33.6,36],[-33.4,35.9],[-33.2,35.9],[-32.8,35.9],[-32.3,36.1],[-31.5,36.3],[-30.6,36.6],[-29.4,37.2],[-28,38],[-26.3,39],[-24.4,40.4],[-22.3,42],[-20.2,43.5],[-18.3,45.2],[-15.9,47.1],[-13.5,49.5]]},"properties":{"id":"hur-al061992","event_type":"hurricane","name":"CHARLEY","year":1992,"max_wind_kt":95,"min_pressure_mb":965,"category":2,"preliminary":false,"start_date":"19920921","end_date":"19920929","track":[{"date":"19920921","time":"1800","status":"TD","lat":30,"lon":-33,"wind_kt":25,"pressure_mb":1012,"radius_34kt_nm":null},{"date":"19920922","time":"0000","status":"TD","lat":30.3,"lon":-33.6,"wind_kt":30,"pressure_mb":1011,"radius_34kt_nm":null},{"date":"19920922","time":"0600","status":"TD","lat":30.9,"lon":-33.8,"wind_kt":30,"pressure_mb":1009,"radius_34kt_nm":null},{"date":"19920922","time":"1200","status":"TS","lat":31.6,"lon":-34,"wind_kt":35,"pressure_mb":1005,"radius_34kt_nm":null},{"date":"19920922","time":"1800","status":"TS","lat":32.5,"lon":-34,"wind_kt":45,"pressure_mb":1000,"radius_34kt_nm":null},{"date":"19920923","time":"0000","status":"TS","lat":33.4,"lon":-34.2,"wind_kt":55,"pressure_mb":995,"radius_34kt_nm":null},{"date":"19920923","time":"0600","status":"TS","lat":34.1,"lon":-34.4,"wind_kt":60,"pressure_mb":991,"radius_34kt_nm":null},{"date":"19920923","time":"1200","status":"HU","lat":34.7,"lon":-34.5,"wind_kt":65,"pressure_mb":987,"radius_34kt_nm":null},{"date":"19920923","time":"1800","status":"HU","lat":35.2,"lon":-34.6,"wind_kt":75,"pressure_mb":981,"radius_34kt_nm":null},{"date":"19920924","time":"0000","status":"HU","lat":35.6,"lon":-34.6,"wind_kt":85,"pressure_mb":975,"radius_34kt_nm":null},{"date":"19920924","time":"0600","status":"HU","lat":35.8,"lon":-34.5,"wind_kt":90,"pressure_mb":970,"radius_34kt_nm":null},{"date":"19920924","time":"1200","status":"HU","lat":36,"lon":-34.3,"wind_kt":90,"pressure_mb":967,"radius_34kt_nm":null},{"date":"19920924","time":"1800","status":"HU","lat":36.1,"lon":-34.1,"wind_kt":95,"pressure_mb":965,"radius_34kt_nm":null},{"date":"19920925","time":"0000","status":"HU","lat":36.1,"lon":-33.8,"wind_kt":95,"pressure_mb":967,"radius_34kt_nm":null},{"date":"19920925","time":"0600","status":"HU","lat":36,"lon":-33.6,"wind_kt":90,"pressure_mb":970,"radius_34kt_nm":null},{"date":"19920925","time":"1200","status":"HU","lat":35.9,"lon":-33.4,"wind_kt":85,"pressure_mb":973,"radius_34kt_nm":null},{"date":"19920925","time":"1800","status":"HU","lat":35.9,"lon":-33.2,"wind_kt":75,"pressure_mb":976,"radius_34kt_nm":null},{"date":"19920926","time":"0000","status":"HU","lat":35.9,"lon":-32.8,"wind_kt":70,"pressure_mb":979,"radius_34kt_nm":null},{"date":"19920926","time":"0600","status":"HU","lat":36.1,"lon":-32.3,"wind_kt":65,"pressure_mb":980,"radius_34kt_nm":null},{"date":"19920926","time":"1200","status":"HU","lat":36.3,"lon":-31.5,"wind_kt":65,"pressure_mb":980,"radius_34kt_nm":null},{"date":"19920926","time":"1800","status":"HU","lat":36.6,"lon":-30.6,"wind_kt":65,"pressure_mb":980,"radius_34kt_nm":null},{"date":"19920927","time":"0000","status":"TS","lat":37.2,"lon":-29.4,"wind_kt":60,"pressure_mb":980,"radius_34kt_nm":null},{"date":"19920927","time":"0600","status":"TS","lat":38,"lon":-28,"wind_kt":55,"pressure_mb":980,"radius_34kt_nm":null},{"date":"19920927","time":"1200","status":"TS","lat":39,"lon":-26.3,"wind_kt":55,"pressure_mb":981,"radius_34kt_nm":null},{"date":"19920927","time":"1800","status":"EX","lat":40.4,"lon":-24.4,"wind_kt":50,"pressure_mb":983,"radius_34kt_nm":null},{"date":"19920928","time":"0000","status":"EX","lat":42,"lon":-22.3,"wind_kt":45,"pressure_mb":985,"radius_34kt_nm":null},{"date":"19920928","time":"0600","status":"EX","lat":43.5,"lon":-20.2,"wind_kt":40,"pressure_mb":988,"radius_34kt_nm":null},{"date":"19920928","time":"1200","status":"EX","lat":45.2,"lon":-18.3,"wind_kt":40,"pressure_mb":990,"radius_34kt_nm":null},{"date":"19920928","time":"1800","status":"EX","lat":47.1,"lon":-15.9,"wind_kt":40,"pressure_mb":985,"radius_34kt_nm":null},{"date":"19920929","time":"0000","status":"EX","lat":49.5,"lon":-13.5,"wind_kt":45,"pressure_mb":980,"radius_34kt_nm":null}]}},{"type":"Feature","geometry":{"type":"LineString","coordinates":[[-74.6,32.5],[-74.2,32.8],[-73.8,33.6],[-73.5,34.1],[-73.2,34.3],[-73.1,34.3],[-73,34],[-73.1,33.8],[-73.3,33.9],[-73.8,34.1],[-74.3,34.3],[-74.8,34.9],[-75.2,35.9],[-75.4,37],[-75.5,37.8],[-75.6,38.3],[-75.9,39.6],[-76.5,40.5]]},"properties":{"id":"hur-al071992","event_type":"hurricane","name":"DANIELLE","year":1992,"max_wind_kt":55,"min_pressure_mb":1001,"category":0,"preliminary":false,"start_date":"19920922","end_date":"19920926","track":[{"date":"19920922","time":"1200","status":"TD","lat":32.5,"lon":-74.6,"wind_kt":30,"pressure_mb":1009,"radius_34kt_nm":null},{"date":"19920922","time":"1800","status":"TS","lat":32.8,"lon":-74.2,"wind_kt":45,"pressure_mb":1006,"radius_34kt_nm":null},{"date":"19920923","time":"0000","status":"TS","lat":33.6,"lon":-73.8,"wind_kt":45,"pressure_mb":1005,"radius_34kt_nm":null},{"date":"19920923","time":"0600","status":"TS","lat":34.1,"lon":-73.5,"wind_kt":45,"pressure_mb":1005,"radius_34kt_nm":null},{"date":"19920923","time":"1200","status":"TS","lat":34.3,"lon":-73.2,"wind_kt":40,"pressure_mb":1005,"radius_34kt_nm":null},{"date":"19920923","time":"1800","status":"TS","lat":34.3,"lon":-73.1,"wind_kt":40,"pressure_mb":1006,"radius_34kt_nm":null},{"date":"19920924","time":"0000","status":"TS","lat":34,"lon":-73,"wind_kt":40,"pressure_mb":1006,"radius_34kt_nm":null},{"date":"19920924","time":"0600","status":"TS","lat":33.8,"lon":-73.1,"wind_kt":40,"pressure_mb":1005,"radius_34kt_nm":null},{"date":"19920924","time":"1200","status":"TS","lat":33.9,"lon":-73.3,"wind_kt":40,"pressure_mb":1005,"radius_34kt_nm":null},{"date":"19920924","time":"1800","status":"TS","lat":34.1,"lon":-73.8,"wind_kt":40,"pressure_mb":1005,"radius_34kt_nm":null},{"date":"19920925","time":"0000","status":"TS","lat":34.3,"lon":-74.3,"wind_kt":45,"pressure_mb":1004,"radius_34kt_nm":null},{"date":"19920925","time":"0600","status":"TS","lat":34.9,"lon":-74.8,"wind_kt":45,"pressure_mb":1004,"radius_34kt_nm":null},{"date":"19920925","time":"1200","status":"TS","lat":35.9,"lon":-75.2,"wind_kt":55,"pressure_mb":1001,"radius_34kt_nm":null},{"date":"19920925","time":"1800","status":"TS","lat":37,"lon":-75.4,"wind_kt":55,"pressure_mb":1007,"radius_34kt_nm":null},{"date":"19920925","time":"2200","status":"TS","lat":37.8,"lon":-75.5,"wind_kt":55,"pressure_mb":1007,"radius_34kt_nm":null},{"date":"19920926","time":"0000","status":"TS","lat":38.3,"lon":-75.6,"wind_kt":40,"pressure_mb":1008,"radius_34kt_nm":null},{"date":"19920926","time":"0600","status":"TS","lat":39.6,"lon":-75.9,"wind_kt":35,"pressure_mb":1010,"radius_34kt_nm":null},{"date":"19920926","time":"1200","status":"TD","lat":40.5,"lon":-76.5,"wind_kt":25,"pressure_mb":1014,"radius_34kt_nm":null}]}},{"type":"Feature","geometry":{"type":"LineString","coordinates":[[-34.7,11],[-36.2,11.1],[-37.7,11.2],[-39.2,11.5],[-40.7,11.8],[-41.9,12.3],[-43.1,12.8],[-44.2,13.4],[-45.1,14.1],[-45.8,14.7],[-46.4,15.4],[-46.9,16.2],[-46.9,17.2],[-46.5,18],[-46.2,18.6],[-45.9,19.2],[-45.6,19.8],[-45.4,20.5],[-45.3,21.5],[-45.2,22.5],[-44.8,23.5],[-44.4,24.4],[-43.9,25.4],[-43.2,26.4],[-42.3,27.6]]},"properties":{"id":"hur-al081992","event_type":"hurricane","name":null,"year":1992,"max_wind_kt":30,"min_pressure_mb":1008,"category":-1,"preliminary":false,"start_date":"19920925","end_date":"19921001","track":[{"date":"19920925","time":"1200","status":"TD","lat":11,"lon":-34.7,"wind_kt":25,"pressure_mb":1012,"radius_34kt_nm":null},{"date":"19920925","time":"1800","status":"TD","lat":11.1,"lon":-36.2,"wind_kt":30,"pressure_mb":1011,"radius_34kt_nm":null},{"date":"19920926","time":"0000","status":"TD","lat":11.2,"lon":-37.7,"wind_kt":30,"pressure_mb":1011,"radius_34kt_nm":null},{"date":"19920926","time":"0600","status":"TD","lat":11.5,"lon":-39.2,"wind_kt":25,"pressure_mb":1012,"radius_34kt_nm":null},{"date":"19920926","time":"1200","status":"TD","lat":11.8,"lon":-40.7,"wind_kt":25,"pressure_mb":1013,"radius_34kt_nm":null},{"date":"19920926","time":"1800","status":"TD","lat":12.3,"lon":-41.9,"wind_kt":25,"pressure_mb":1012,"radius_34kt_nm":null},{"date":"19920927","time":"0000","status":"TD","lat":12.8,"lon":-43.1,"wind_kt":30,"pressure_mb":1011,"radius_34kt_nm":null},{"date":"19920927","time":"0600","status":"TD","lat":13.4,"lon":-44.2,"wind_kt":30,"pressure_mb":1010,"radius_34kt_nm":null},{"date":"19920927","time":"1200","status":"TD","lat":14.1,"lon":-45.1,"wind_kt":30,"pressure_mb":1009,"radius_34kt_nm":null},{"date":"19920927","time":"1800","status":"TD","lat":14.7,"lon":-45.8,"wind_kt":30,"pressure_mb":1010,"radius_34kt_nm":null},{"date":"19920928","time":"0000","status":"TD","lat":15.4,"lon":-46.4,"wind_kt":30,"pressure_mb":1011,"radius_34kt_nm":null},{"date":"19920928","time":"0600","status":"TD","lat":16.2,"lon":-46.9,"wind_kt":25,"pressure_mb":1012,"radius_34kt_nm":null},{"date":"19920928","time":"1200","status":"TD","lat":17.2,"lon":-46.9,"wind_kt":25,"pressure_mb":1013,"radius_34kt_nm":null},{"date":"19920928","time":"1800","status":"TD","lat":18,"lon":-46.5,"wind_kt":25,"pressure_mb":1012,"radius_34kt_nm":null},{"date":"19920929","time":"0000","status":"TD","lat":18.6,"lon":-46.2,"wind_kt":30,"pressure_mb":1011,"radius_34kt_nm":null},{"date":"19920929","time":"0600","status":"TD","lat":19.2,"lon":-45.9,"wind_kt":30,"pressure_mb":1010,"radius_34kt_nm":null},{"date":"19920929","time":"1200","status":"TD","lat":19.8,"lon":-45.6,"wind_kt":30,"pressure_mb":1009,"radius_34kt_nm":null},{"date":"19920929","time":"1800","status":"TD","lat":20.5,"lon":-45.4,"wind_kt":30,"pressure_mb":1010,"radius_34kt_nm":null},{"date":"19920930","time":"0000","status":"TD","lat":21.5,"lon":-45.3,"wind_kt":30,"pressure_mb":1009,"radius_34kt_nm":null},{"date":"19920930","time":"0600","status":"TD","lat":22.5,"lon":-45.2,"wind_kt":30,"pressure_mb":1008,"radius_34kt_nm":null},{"date":"19920930","time":"1200","status":"TD","lat":23.5,"lon":-44.8,"wind_kt":30,"pressure_mb":1009,"radius_34kt_nm":null},{"date":"19920930","time":"1800","status":"TD","lat":24.4,"lon":-44.4,"wind_kt":30,"pressure_mb":1010,"radius_34kt_nm":null},{"date":"19921001","time":"0000","status":"TD","lat":25.4,"lon":-43.9,"wind_kt":30,"pressure_mb":1011,"radius_34kt_nm":null},{"date":"19921001","time":"0600","status":"TD","lat":26.4,"lon":-43.2,"wind_kt":25,"pressure_mb":1012,"radius_34kt_nm":null},{"date":"19921001","time":"1200","status":"TD","lat":27.6,"lon":-42.3,"wind_kt":20,"pressure_mb":1015,"radius_34kt_nm":null}]}},{"type":"Feature","geometry":{"type":"LineString","coordinates":[[-69.1,26.2],[-70.8,25.8],[-72.3,26.3],[-73.9,27],[-75.5,27.7],[-76.6,28],[-77.7,28.3],[-78.6,28.6],[-79.2,28.9],[-79.4,29.2],[-79.5,29.4],[-79.3,29.7],[-79.1,29.8],[-78.8,29.9],[-78.1,30],[-77.1,30.1],[-75.8,29.9],[-74.4,29.7],[-73,29.3],[-71.6,28.9],[-70.3,28.4],[-69,28],[-68,27.6],[-67,27.5],[-66.1,27.4],[-65.2,27.5],[-64.5,27.8],[-63.7,28.2],[-62.9,28.4]]},"properties":{"id":"hur-al091992","event_type":"hurricane","name":"EARL","year":1992,"max_wind_kt":55,"min_pressure_mb":990,"category":0,"preliminary":false,"start_date":"19920926","end_date":"19921003","track":[{"date":"19920926","time":"1800","status":"TD","lat":26.2,"lon":-69.1,"wind_kt":25,"pressure_mb":1009,"radius_34kt_nm":null},{"date":"19920927","time":"0000","status":"TD","lat":25.8,"lon":-70.8,"wind_kt":25,"pressure_mb":1008,"radius_34kt_nm":null},{"date":"19920927","time":"0600","status":"TD","lat":26.3,"lon":-72.3,"wind_kt":25,"pressure_mb":1007,"radius_34kt_nm":null},{"date":"19920927","time":"1200","status":"TD","lat":27,"lon":-73.9,"wind_kt":30,"pressure_mb":1006,"radius_34kt_nm":null},{"date":"19920927","time":"1800","status":"TD","lat":27.7,"lon":-75.5,"wind_kt":30,"pressure_mb":1003,"radius_34kt_nm":null},{"date":"19920928","time":"0000","status":"TD","lat":28,"lon":-76.6,"wind_kt":30,"pressure_mb":1004,"radius_34kt_nm":null},{"date":"19920928","time":"0600","status":"TD","lat":28.3,"lon":-77.7,"wind_kt":30,"pressure_mb":1004,"radius_34kt_nm":null},{"date":"19920928","time":"1200","status":"TD","lat":28.6,"lon":-78.6,"wind_kt":30,"pressure_mb":1004,"radius_34kt_nm":null},{"date":"19920928","time":"1800","status":"TD","lat":28.9,"lon":-79.2,"wind_kt":30,"pressure_mb":1004,"radius_34kt_nm":null},{"date":"19920929","time":"0000","status":"TD","lat":29.2,"lon":-79.4,"wind_kt":30,"pressure_mb":1004,"radius_34kt_nm":null},{"date":"19920929","time":"0600","status":"TD","lat":29.4,"lon":-79.5,"wind_kt":30,"pressure_mb":1003,"radius_34kt_nm":null},{"date":"19920929","time":"1200","status":"TS","lat":29.7,"lon":-79.3,"wind_kt":35,"pressure_mb":1003,"radius_34kt_nm":null},{"date":"19920929","time":"1800","status":"TS","lat":29.8,"lon":-79.1,"wind_kt":40,"pressure_mb":1003,"radius_34kt_nm":null},{"date":"19920930","time":"0000","status":"TS","lat":29.9,"lon":-78.8,"wind_kt":40,"pressure_mb":1002,"radius_34kt_nm":null},{"date":"19920930","time":"0600","status":"TS","lat":30,"lon":-78.1,"wind_kt":40,"pressure_mb":1000,"radius_34kt_nm":null},{"date":"19920930","time":"1200","status":"TS","lat":30.1,"lon":-77.1,"wind_kt":45,"pressure_mb":999,"radius_34kt_nm":null},{"date":"19920930","time":"1800","status":"TS","lat":29.9,"lon":-75.8,"wind_kt":50,"pressure_mb":997,"radius_34kt_nm":null},{"date":"19921001","time":"0000","status":"TS","lat":29.7,"lon":-74.4,"wind_kt":50,"pressure_mb":996,"radius_34kt_nm":null},{"date":"19921001","time":"0600","status":"TS","lat":29.3,"lon":-73,"wind_kt":50,"pressure_mb":997,"radius_34kt_nm":null},{"date":"19921001","time":"1200","status":"TS","lat":28.9,"lon":-71.6,"wind_kt":50,"pressure_mb":998,"radius_34kt_nm":null},{"date":"19921001","time":"1800","status":"TS","lat":28.4,"lon":-70.3,"wind_kt":55,"pressure_mb":996,"radius_34kt_nm":null},{"date":"19921002","time":"0000","status":"TS","lat":28,"lon":-69,"wind_kt":55,"pressure_mb":990,"radius_34kt_nm":null},{"date":"19921002","time":"0600","status":"TS","lat":27.6,"lon":-68,"wind_kt":50,"pressure_mb":992,"radius_34kt_nm":null},{"date":"19921002","time":"1200","status":"TS","lat":27.5,"lon":-67,"wind_kt":45,"pressure_mb":1000,"radius_34kt_nm":null},{"date":"19921002","time":"1800","status":"TS","lat":27.4,"lon":-66.1,"wind_kt":40,"pressure_mb":1003,"radius_34kt_nm":null},{"date":"19921003","time":"0000","status":"TS","lat":27.5,"lon":-65.2,"wind_kt":35,"pressure_mb":1005,"radius_34kt_nm":null},{"date":"19921003","time":"0600","status":"TS","lat":27.8,"lon":-64.5,"wind_kt":35,"pressure_mb":1007,"radius_34kt_nm":null},{"date":"19921003","time":"1200","status":"TD","lat":28.2,"lon":-63.7,"wind_kt":30,"pressure_mb":1008,"radius_34kt_nm":null},{"date":"19921003","time":"1800","status":"EX","lat":28.4,"lon":-62.9,"wind_kt":30,"pressure_mb":1008,"radius_34kt_nm":null}]}},{"type":"Feature","geometry":{"type":"LineString","coordinates":[[-60.8,26.3],[-61.2,26.6],[-61.4,27.1],[-61.4,27.7],[-61.3,28.3],[-61.1,28.7],[-60.6,29],[-59.9,29.6],[-58.8,30.6],[-57.4,32.1],[-56.2,33.8],[-54.9,35.7],[-53.7,37.7],[-52.7,39.6],[-51.7,41.4],[-50.2,43.2],[-48.6,44.8],[-46.9,46],[-44.9,47],[-42.7,47.6],[-40,48],[-37,48],[-34,48],[-31,47.5],[-27.5,47],[-24,46],[-20,45],[-16,44],[-12,43.5],[-9,43],[-7,43]]},"properties":{"id":"hur-al101992","event_type":"hurricane","name":"FRANCES","year":1992,"max_wind_kt":75,"min_pressure_mb":976,"category":1,"preliminary":false,"start_date":"19921022","end_date":"19921030","track":[{"date":"19921022","time":"1200","status":"EX","lat":26.3,"lon":-60.8,"wind_kt":30,"pressure_mb":1009,"radius_34kt_nm":null},{"date":"19921022","time":"1800","status":"EX","lat":26.6,"lon":-61.2,"wind_kt":40,"pressure_mb":1004,"radius_34kt_nm":null},{"date":"19921023","time":"0000","status":"EX","lat":27.1,"lon":-61.4,"wind_kt":50,"pressure_mb":996,"radius_34kt_nm":null},{"date":"19921023","time":"0600","status":"TS","lat":27.7,"lon":-61.4,"wind_kt":55,"pressure_mb":992,"radius_34kt_nm":null},{"date":"19921023","time":"1200","status":"TS","lat":28.3,"lon":-61.3,"wind_kt":60,"pressure_mb":990,"radius_34kt_nm":null},{"date":"19921023","time":"1800","status":"HU","lat":28.7,"lon":-61.1,"wind_kt":65,"pressure_mb":986,"radius_34kt_nm":null},{"date":"19921024","time":"0000","status":"HU","lat":29,"lon":-60.6,"wind_kt":65,"pressure_mb":978,"radius_34kt_nm":null},{"date":"19921024","time":"0600","status":"HU","lat":29.6,"lon":-59.9,"wind_kt":70,"pressure_mb":977,"radius_34kt_nm":null},{"date":"19921024","time":"1200","status":"HU","lat":30.6,"lon":-58.8,"wind_kt":75,"pressure_mb":976,"radius_34kt_nm":null},{"date":"19921024","time":"1800","status":"HU","lat":32.1,"lon":-57.4,"wind_kt":75,"pressure_mb":976,"radius_34kt_nm":null},{"date":"19921025","time":"0000","status":"HU","lat":33.8,"lon":-56.2,"wind_kt":70,"pressure_mb":978,"radius_34kt_nm":null},{"date":"19921025","time":"0600","status":"HU","lat":35.7,"lon":-54.9,"wind_kt":65,"pressure_mb":980,"radius_34kt_nm":null},{"date":"19921025","time":"1200","status":"HU","lat":37.7,"lon":-53.7,"wind_kt":65,"pressure_mb":982,"radius_34kt_nm":null},{"date":"19921025","time":"1800","status":"TS","lat":39.6,"lon":-52.7,"wind_kt":60,"pressure_mb":983,"radius_34kt_nm":null},{"date":"19921026","time":"0000","status":"TS","lat":41.4,"lon":-51.7,"wind_kt":60,"pressure_mb":985,"radius_34kt_nm":null},{"date":"19921026","time":"0600","status":"TS","lat":43.2,"lon":-50.2,"wind_kt":60,"pressure_mb":986,"radius_34kt_nm":null},{"date":"19921026","time":"1200","status":"TS","lat":44.8,"lon":-48.6,"wind_kt":60,"pressure_mb":987,"radius_34kt_nm":null},{"date":"19921026","time":"1800","status":"TS","lat":46,"lon":-46.9,"wind_kt":55,"pressure_mb":988,"radius_34kt_nm":null},{"date":"19921027","time":"0000","status":"TS","lat":47,"lon":-44.9,"wind_kt":55,"pressure_mb":989,"radius_34kt_nm":null},{"date":"19921027","time":"0600","status":"EX","lat":47.6,"lon":-42.7,"wind_kt":50,"pressure_mb":992,"radius_34kt_nm":null},{"date":"19921027","time":"1200","status":"EX","lat":48,"lon":-40,"wind_kt":45,"pressure_mb":994,"radius_34kt_nm":null},{"date":"19921027","time":"1800","status":"EX","lat":48,"lon":-37,"wind_kt":40,"pressure_mb":998,"radius_34kt_nm":null},{"date":"19921028","time":"0000","status":"EX","lat":48,"lon":-34,"wind_kt":40,"pressure_mb":1002,"radius_34kt_nm":null},{"date":"19921028","time":"0600","status":"EX","lat":47.5,"lon":-31,"wind_kt":35,"pressure_mb":1004,"radius_34kt_nm":null},{"date":"19921028","time":"1200","status":"EX","lat":47,"lon":-27.5,"wind_kt":35,"pressure_mb":1002,"radius_34kt_nm":null},{"date":"19921028","time":"1800","status":"EX","lat":46,"lon":-24,"wind_kt":35,"pressure_mb":999,"radius_34kt_nm":null},{"date":"19921029","time":"0000","status":"EX","lat":45,"lon":-20,"wind_kt":40,"pressure_mb":999,"radius_34kt_nm":null},{"date":"19921029","time":"0600","status":"EX","lat":44,"lon":-16,"wind_kt":35,"pressure_mb":1001,"radius_34kt_nm":null},{"date":"19921029","time":"1200","status":"EX","lat":43.5,"lon":-12,"wind_kt":35,"pressure_mb":1002,"radius_34kt_nm":null},{"date":"19921029","time":"1800","status":"EX","lat":43,"lon":-9,"wind_kt":30,"pressure_mb":1003,"radius_34kt_nm":null},{"date":"19921030","time":"0000","status":"EX","lat":43,"lon":-7,"wind_kt":30,"pressure_mb":1002,"radius_34kt_nm":null}]}},{"type":"Feature","geometry":{"type":"LineString","coordinates":[[-84,21.5],[-82,22.3],[-80.3,23.2],[-79,24.5],[-77.5,25.4],[-75.8,26.1],[-74,26.7],[-71.8,27.8],[-69.9,28.4],[-67.8,28.5],[-65.3,28.8]]},"properties":{"id":"hur-al011993","event_type":"hurricane","name":null,"year":1993,"max_wind_kt":35,"min_pressure_mb":999,"category":0,"preliminary":false,"start_date":"19930531","end_date":"19930603","track":[{"date":"19930531","time":"1200","status":"TD","lat":21.5,"lon":-84,"wind_kt":25,"pressure_mb":1003,"radius_34kt_nm":null},{"date":"19930531","time":"1800","status":"TD","lat":22.3,"lon":-82,"wind_kt":25,"pressure_mb":1002,"radius_34kt_nm":null},{"date":"19930601","time":"0000","status":"TD","lat":23.2,"lon":-80.3,"wind_kt":25,"pressure_mb":1000,"radius_34kt_nm":null},{"date":"19930601","time":"0600","status":"TD","lat":24.5,"lon":-79,"wind_kt":25,"pressure_mb":1000,"radius_34kt_nm":null},{"date":"19930601","time":"1200","status":"TD","lat":25.4,"lon":-77.5,"wind_kt":30,"pressure_mb":999,"radius_34kt_nm":null},{"date":"19930601","time":"1800","status":"TD","lat":26.1,"lon":-75.8,"wind_kt":30,"pressure_mb":999,"radius_34kt_nm":null},{"date":"19930602","time":"0000","status":"TD","lat":26.7,"lon":-74,"wind_kt":30,"pressure_mb":999,"radius_34kt_nm":null},{"date":"19930602","time":"0600","status":"TD","lat":27.8,"lon":-71.8,"wind_kt":30,"pressure_mb":999,"radius_34kt_nm":null},{"date":"19930602","time":"1200","status":"EX","lat":28.4,"lon":-69.9,"wind_kt":35,"pressure_mb":999,"radius_34kt_nm":null},{"date":"19930602","time":"1800","status":"EX","lat":28.5,"lon":-67.8,"wind_kt":35,"pressure_mb":1000,"radius_34kt_nm":null},{"date":"19930603","time":"0000","status":"EX","lat":28.8,"lon":-65.3,"wind_kt":35,"pressure_mb":1000,"radius_34kt_nm":null}]}},{"type":"Feature","geometry":{"type":"LineString","coordinates":[[-91.9,20.5],[-92.3,20.8],[-92.8,21.1],[-93.1,21.7],[-93.4,22.6],[-94.1,23.8],[-95.9,25.9],[-96.3,26],[-96.7,26.3],[-97.2,27],[-97.4,27.1],[-97.8,27.2],[-97.9,27.2],[-98.1,27.1],[-98.3,27.1]]},"properties":{"id":"hur-al021993","event_type":"hurricane","name":"ARLENE","year":1993,"max_wind_kt":35,"min_pressure_mb":1000,"category":0,"preliminary":false,"start_date":"19930618","end_date":"19930621","track":[{"date":"19930618","time":"0000","status":"TD","lat":20.5,"lon":-91.9,"wind_kt":25,"pressure_mb":1006,"radius_34kt_nm":null},{"date":"19930618","time":"0600","status":"TD","lat":20.8,"lon":-92.3,"wind_kt":25,"pressure_mb":1005,"radius_34kt_nm":null},{"date":"19930618","time":"1200","status":"TD","lat":21.1,"lon":-92.8,"wind_kt":25,"pressure_mb":1005,"radius_34kt_nm":null},{"date":"19930618","time":"1800","status":"TD","lat":21.7,"lon":-93.1,"wind_kt":30,"pressure_mb":1005,"radius_34kt_nm":null},{"date":"19930619","time":"0000","status":"TD","lat":22.6,"lon":-93.4,"wind_kt":30,"pressure_mb":1006,"radius_34kt_nm":null},{"date":"19930619","time":"0600","status":"TD","lat":23.8,"lon":-94.1,"wind_kt":30,"pressure_mb":1006,"radius_34kt_nm":null},{"date":"19930619","time":"1200","status":"TS","lat":25.9,"lon":-95.9,"wind_kt":35,"pressure_mb":1000,"radius_34kt_nm":null},{"date":"19930619","time":"1800","status":"TS","lat":26,"lon":-96.3,"wind_kt":35,"pressure_mb":1000,"radius_34kt_nm":null},{"date":"19930620","time":"0000","status":"TS","lat":26.3,"lon":-96.7,"wind_kt":35,"pressure_mb":1000,"radius_34kt_nm":null},{"date":"19930620","time":"0600","status":"TS","lat":27,"lon":-97.2,"wind_kt":35,"pressure_mb":1001,"radius_34kt_nm":null},{"date":"19930620","time":"0900","status":"TS","lat":27.1,"lon":-97.4,"wind_kt":35,"pressure_mb":1001,"radius_34kt_nm":null},{"date":"19930620","time":"1200","status":"TD","lat":27.2,"lon":-97.8,"wind_kt":30,"pressure_mb":1002,"radius_34kt_nm":null},{"date":"19930620","time":"1800","status":"TD","lat":27.2,"lon":-97.9,"wind_kt":30,"pressure_mb":1003,"radius_34kt_nm":null},{"date":"19930621","time":"0000","status":"TD","lat":27.1,"lon":-98.1,"wind_kt":30,"pressure_mb":1004,"radius_34kt_nm":null},{"date":"19930621","time":"0600","status":"TD","lat":27.1,"lon":-98.3,"wind_kt":25,"pressure_mb":1006,"radius_34kt_nm":null}]}},{"type":"Feature","geometry":{"type":"LineString","coordinates":[[-40.3,10.4],[-41.7,10.4],[-43.4,10.4],[-45.3,10.3],[-47.3,10.3],[-49.2,10.3],[-51,10.2],[-52.9,10.1],[-54.9,10],[-56.8,10.1],[-58.6,10.4],[-60.5,10.7],[-60.8,10.8],[-61.8,10.8],[-62.4,10.8],[-64.1,10.8],[-65.7,10.8],[-67.6,11],[-68.3,11],[-69.7,11],[-71.8,11],[-73.8,10.9],[-75.8,10.7],[-77.8,10.7],[-79.2,10.7],[-80.3,10.8],[-81.4,11],[-82.6,11.1],[-83.8,11.1],[-84,11.1],[-85,11.4],[-85.8,11.7],[-86.8,12.2]]},"properties":{"id":"hur-al031993","event_type":"hurricane","name":"BRET","year":1993,"max_wind_kt":50,"min_pressure_mb":1002,"category":0,"preliminary":false,"start_date":"19930804","end_date":"19930811","track":[{"date":"19930804","time":"1200","status":"TD","lat":10.4,"lon":-40.3,"wind_kt":30,"pressure_mb":1010,"radius_34kt_nm":null},{"date":"19930804","time":"1800","status":"TD","lat":10.4,"lon":-41.7,"wind_kt":30,"pressure_mb":1009,"radius_34kt_nm":null},{"date":"19930805","time":"0000","status":"TS","lat":10.4,"lon":-43.4,"wind_kt":35,"pressure_mb":1008,"radius_34kt_nm":null},{"date":"19930805","time":"0600","status":"TS","lat":10.3,"lon":-45.3,"wind_kt":40,"pressure_mb":1007,"radius_34kt_nm":null},{"date":"19930805","time":"1200","status":"TS","lat":10.3,"lon":-47.3,"wind_kt":45,"pressure_mb":1006,"radius_34kt_nm":null},{"date":"19930805","time":"1800","status":"TS","lat":10.3,"lon":-49.2,"wind_kt":45,"pressure_mb":1006,"radius_34kt_nm":null},{"date":"19930806","time":"0000","status":"TS","lat":10.2,"lon":-51,"wind_kt":45,"pressure_mb":1006,"radius_34kt_nm":null},{"date":"19930806","time":"0600","status":"TS","lat":10.1,"lon":-52.9,"wind_kt":50,"pressure_mb":1005,"radius_34kt_nm":null},{"date":"19930806","time":"1200","status":"TS","lat":10,"lon":-54.9,"wind_kt":50,"pressure_mb":1005,"radius_34kt_nm":null},{"date":"19930806","time":"1800","status":"TS","lat":10.1,"lon":-56.8,"wind_kt":50,"pressure_mb":1003,"radius_34kt_nm":null},{"date":"19930807","time":"0000","status":"TS","lat":10.4,"lon":-58.6,"wind_kt":50,"pressure_mb":1002,"radius_34kt_nm":null},{"date":"19930807","time":"0600","status":"TS","lat":10.7,"lon":-60.5,"wind_kt":50,"pressure_mb":1002,"radius_34kt_nm":null},{"date":"19930807","time":"0700","status":"TS","lat":10.8,"lon":-60.8,"wind_kt":50,"pressure_mb":1002,"radius_34kt_nm":null},{"date":"19930807","time":"1000","status":"TS","lat":10.8,"lon":-61.8,"wind_kt":50,"pressure_mb":1002,"radius_34kt_nm":null},{"date":"19930807","time":"1200","status":"TS","lat":10.8,"lon":-62.4,"wind_kt":50,"pressure_mb":1002,"radius_34kt_nm":null},{"date":"19930807","time":"1800","status":"TS","lat":10.8,"lon":-64.1,"wind_kt":45,"pressure_mb":1006,"radius_34kt_nm":null},{"date":"19930808","time":"0000","status":"TS","lat":10.8,"lon":-65.7,"wind_kt":40,"pressure_mb":1008,"radius_34kt_nm":null},{"date":"19930808","time":"0600","status":"TS","lat":11,"lon":-67.6,"wind_kt":40,"pressure_mb":1007,"radius_34kt_nm":null},{"date":"19930808","time":"0800","status":"TS","lat":11,"lon":-68.3,"wind_kt":40,"pressure_mb":1007,"radius_34kt_nm":null},{"date":"19930808","time":"1200","status":"TS","lat":11,"lon":-69.7,"wind_kt":40,"pressure_mb":1007,"radius_34kt_nm":null},{"date":"19930808","time":"1800","status":"TS","lat":11,"lon":-71.8,"wind_kt":40,"pressure_mb":1007,"radius_34kt_nm":null},{"date":"19930809","time":"0000","status":"TS","lat":10.9,"lon":-73.8,"wind_kt":40,"pressure_mb":1006,"radius_34kt_nm":null},{"date":"19930809","time":"0600","status":"TS","lat":10.7,"lon":-75.8,"wind_kt":35,"pressure_mb":1005,"radius_34kt_nm":null},{"date":"19930809","time":"1200","status":"TD","lat":10.7,"lon":-77.8,"wind_kt":30,"pressure_mb":1004,"radius_34kt_nm":null},{"date":"19930809","time":"1800","status":"TD","lat":10.7,"lon":-79.2,"wind_kt":30,"pressure_mb":1005,"radius_34kt_nm":null},{"date":"19930810","time":"0000","status":"TD","lat":10.8,"lon":-80.3,"wind_kt":30,"pressure_mb":1004,"radius_34kt_nm":null},{"date":"19930810","time":"0600","status":"TS","lat":11,"lon":-81.4,"wind_kt":35,"pressure_mb":1003,"radius_34kt_nm":null},{"date":"19930810","time":"1200","status":"TS","lat":11.1,"lon":-82.6,"wind_kt":40,"pressure_mb":1002,"radius_34kt_nm":null},{"date":"19930810","time":"1700","status":"TS","lat":11.1,"lon":-83.8,"wind_kt":40,"pressure_mb":1002,"radius_34kt_nm":null},{"date":"19930810","time":"1800","status":"TS","lat":11.1,"lon":-84,"wind_kt":35,"pressure_mb":1004,"radius_34kt_nm":null},{"date":"19930811","time":"0000","status":"TD","lat":11.4,"lon":-85,"wind_kt":25,"pressure_mb":1007,"radius_34kt_nm":null},{"date":"19930811","time":"0600","status":"TD","lat":11.7,"lon":-85.8,"wind_kt":20,"pressure_mb":1009,"radius_34kt_nm":null},{"date":"19930811","time":"1200","status":"TD","lat":12.2,"lon":-86.8,"wind_kt":20,"pressure_mb":1010,"radius_34kt_nm":null}]}},{"type":"Feature","geometry":{"type":"LineString","coordinates":[[-59.5,14.1],[-60.9,14.5],[-62.2,14.9],[-63.5,15.2],[-64.8,15.4],[-66,15.8],[-66.9,16.4],[-68,17],[-69.3,17.3],[-70.6,17.9],[-71,18.3],[-71.3,18.8]]},"properties":{"id":"hur-al041993","event_type":"hurricane","name":"CINDY","year":1993,"max_wind_kt":40,"min_pressure_mb":1007,"category":0,"preliminary":false,"start_date":"19930814","end_date":"19930817","track":[{"date":"19930814","time":"1200","status":"TD","lat":14.1,"lon":-59.5,"wind_kt":30,"pressure_mb":1012,"radius_34kt_nm":null},{"date":"19930814","time":"1800","status":"TS","lat":14.5,"lon":-60.9,"wind_kt":35,"pressure_mb":1012,"radius_34kt_nm":null},{"date":"19930815","time":"0000","status":"TS","lat":14.9,"lon":-62.2,"wind_kt":35,"pressure_mb":1011,"radius_34kt_nm":null},{"date":"19930815","time":"0600","status":"TS","lat":15.2,"lon":-63.5,"wind_kt":35,"pressure_mb":1011,"radius_34kt_nm":null},{"date":"19930815","time":"1200","status":"TS","lat":15.4,"lon":-64.8,"wind_kt":35,"pressure_mb":1013,"radius_34kt_nm":null},{"date":"19930815","time":"1800","status":"TS","lat":15.8,"lon":-66,"wind_kt":35,"pressure_mb":1012,"radius_34kt_nm":null},{"date":"19930816","time":"0000","status":"TS","lat":16.4,"lon":-66.9,"wind_kt":35,"pressure_mb":1010,"radius_34kt_nm":null},{"date":"19930816","time":"0600","status":"TS","lat":17,"lon":-68,"wind_kt":35,"pressure_mb":1008,"radius_34kt_nm":null},{"date":"19930816","time":"1200","status":"TS","lat":17.3,"lon":-69.3,"wind_kt":40,"pressure_mb":1007,"radius_34kt_nm":null},{"date":"19930816","time":"1800","status":"TS","lat":17.9,"lon":-70.6,"wind_kt":35,"pressure_mb":1008,"radius_34kt_nm":null},{"date":"19930816","time":"2100","status":"TD","lat":18.3,"lon":-71,"wind_kt":30,"pressure_mb":1009,"radius_34kt_nm":null},{"date":"19930817","time":"0000","status":"TD","lat":18.8,"lon":-71.3,"wind_kt":30,"pressure_mb":1010,"radius_34kt_nm":null}]}},{"type":"Feature","geometry":{"type":"LineString","coordinates":[[-52.6,19.9],[-53.6,20.5],[-54.8,21.3],[-56,22.3],[-57.1,23.2],[-57.8,24.3],[-58.6,25.4],[-59.5,26.7],[-60,27.6],[-60.3,28],[-60.5,27.9],[-60.4,28],[-60.4,28.2],[-60.7,28.3],[-61,27.9],[-61.2,27.4],[-61.7,26.9],[-62.4,26.6],[-63,26.4],[-63.5,26.3],[-64.4,26.4],[-65.2,26.6],[-66.1,27],[-66.9,27.4],[-67.6,28],[-68.2,28.6],[-68.8,29.3],[-69.2,30],[-69.7,30.6],[-70.2,31.2],[-70.8,31.5],[-71.4,31.8],[-72.2,32],[-73,32.4],[-73.8,32.9],[-74.7,33.6],[-75.2,34.5],[-75.1,35.2],[-74.9,35.6],[-74.4,36.6],[-72.7,37.5],[-70.7,38.2],[-68.5,39],[-66,39.2],[-63.6,39.2],[-61.4,39],[-59.6,38.6],[-58.3,38.1],[-57.7,37.5],[-57.5,36.9],[-57.6,36.4],[-57.6,36],[-57.5,35.8],[-57.2,36.1],[-56.9,36.7],[-56.4,37.4],[-55.7,38],[-54.8,38.7],[-53,39],[-51.1,39.3],[-49.4,39.8]]},"properties":{"id":"hur-al051993","event_type":"hurricane","name":"EMILY","year":1993,"max_wind_kt":100,"min_pressure_mb":960,"category":3,"preliminary":false,"start_date":"19930822","end_date":"19930906","track":[{"date":"19930822","time":"1800","status":"TD","lat":19.9,"lon":-52.6,"wind_kt":30,"pressure_mb":1020,"radius_34kt_nm":null},{"date":"19930823","time":"0000","status":"TD","lat":20.5,"lon":-53.6,"wind_kt":30,"pressure_mb":1020,"radius_34kt_nm":null},{"date":"19930823","time":"0600","status":"TD","lat":21.3,"lon":-54.8,"wind_kt":30,"pressure_mb":1020,"radius_34kt_nm":null},{"date":"19930823","time":"1200","status":"TD","lat":22.3,"lon":-56,"wind_kt":30,"pressure_mb":1020,"radius_34kt_nm":null},{"date":"19930823","time":"1800","status":"TD","lat":23.2,"lon":-57.1,"wind_kt":30,"pressure_mb":1020,"radius_34kt_nm":null},{"date":"19930824","time":"0000","status":"TD","lat":24.3,"lon":-57.8,"wind_kt":30,"pressure_mb":1020,"radius_34kt_nm":null},{"date":"19930824","time":"0600","status":"TD","lat":25.4,"lon":-58.6,"wind_kt":30,"pressure_mb":1020,"radius_34kt_nm":null},{"date":"19930824","time":"1200","status":"TD","lat":26.7,"lon":-59.5,"wind_kt":30,"pressure_mb":1020,"radius_34kt_nm":null},{"date":"19930824","time":"1800","status":"TD","lat":27.6,"lon":-60,"wind_kt":30,"pressure_mb":1019,"radius_34kt_nm":null},{"date":"19930825","time":"0000","status":"TD","lat":28,"lon":-60.3,"wind_kt":30,"pressure_mb":1018,"radius_34kt_nm":null},{"date":"19930825","time":"0600","status":"TD","lat":27.9,"lon":-60.5,"wind_kt":30,"pressure_mb":1017,"radius_34kt_nm":null},{"date":"19930825","time":"1200","status":"TS","lat":28,"lon":-60.4,"wind_kt":35,"pressure_mb":1016,"radius_34kt_nm":null},{"date":"19930825","time":"1800","status":"TS","lat":28.2,"lon":-60.4,"wind_kt":40,"pressure_mb":1015,"radius_34kt_nm":null},{"date":"19930826","time":"0000","status":"TS","lat":28.3,"lon":-60.7,"wind_kt":45,"pressure_mb":1013,"radius_34kt_nm":null},{"date":"19930826","time":"0600","status":"TS","lat":27.9,"lon":-61,"wind_kt":55,"pressure_mb":1010,"radius_34kt_nm":null},{"date":"19930826","time":"1200","status":"TS","lat":27.4,"lon":-61.2,"wind_kt":60,"pressure_mb":1007,"radius_34kt_nm":null},{"date":"19930826","time":"1800","status":"HU","lat":26.9,"lon":-61.7,"wind_kt":65,"pressure_mb":1004,"radius_34kt_nm":null},{"date":"19930827","time":"0000","status":"TS","lat":26.6,"lon":-62.4,"wind_kt":60,"pressure_mb":1000,"radius_34kt_nm":null},{"date":"19930827","time":"0600","status":"TS","lat":26.4,"lon":-63,"wind_kt":60,"pressure_mb":997,"radius_34kt_nm":null},{"date":"19930827","time":"1200","status":"TS","lat":26.3,"lon":-63.5,"wind_kt":60,"pressure_mb":992,"radius_34kt_nm":null},{"date":"19930827","time":"1800","status":"HU","lat":26.4,"lon":-64.4,"wind_kt":65,"pressure_mb":982,"radius_34kt_nm":null},{"date":"19930828","time":"0000","status":"HU","lat":26.6,"lon":-65.2,"wind_kt":75,"pressure_mb":981,"radius_34kt_nm":null},{"date":"19930828","time":"0600","status":"HU","lat":27,"lon":-66.1,"wind_kt":75,"pressure_mb":982,"radius_34kt_nm":null},{"date":"19930828","time":"1200","status":"HU","lat":27.4,"lon":-66.9,"wind_kt":75,"pressure_mb":981,"radius_34kt_nm":null},{"date":"19930828","time":"1800","status":"HU","lat":28,"lon":-67.6,"wind_kt":75,"pressure_mb":976,"radius_34kt_nm":null},{"date":"19930829","time":"0000","status":"HU","lat":28.6,"lon":-68.2,"wind_kt":70,"pressure_mb":973,"radius_34kt_nm":null},{"date":"19930829","time":"0600","status":"HU","lat":29.3,"lon":-68.8,"wind_kt":70,"pressure_mb":978,"radius_34kt_nm":null},{"date":"19930829","time":"1200","status":"HU","lat":30,"lon":-69.2,"wind_kt":70,"pressure_mb":979,"radius_34kt_nm":null},{"date":"19930829","time":"1800","status":"HU","lat":30.6,"lon":-69.7,"wind_kt":70,"pressure_mb":978,"radius_34kt_nm":null},{"date":"19930830","time":"0000","status":"HU","lat":31.2,"lon":-70.2,"wind_kt":70,"pressure_mb":977,"radius_34kt_nm":null},{"date":"19930830","time":"0600","status":"HU","lat":31.5,"lon":-70.8,"wind_kt":70,"pressure_mb":976,"radius_34kt_nm":null},{"date":"19930830","time":"1200","status":"HU","lat":31.8,"lon":-71.4,"wind_kt":75,"pressure_mb":975,"radius_34kt_nm":null},{"date":"19930830","time":"1800","status":"HU","lat":32,"lon":-72.2,"wind_kt":75,"pressure_mb":974,"radius_34kt_nm":null},{"date":"19930831","time":"0000","status":"HU","lat":32.4,"lon":-73,"wind_kt":80,"pressure_mb":972,"radius_34kt_nm":null},{"date":"19930831","time":"0600","status":"HU","lat":32.9,"lon":-73.8,"wind_kt":85,"pressure_mb":970,"radius_34kt_nm":null},{"date":"19930831","time":"1200","status":"HU","lat":33.6,"lon":-74.7,"wind_kt":95,"pressure_mb":965,"radius_34kt_nm":null},{"date":"19930831","time":"1800","status":"HU","lat":34.5,"lon":-75.2,"wind_kt":100,"pressure_mb":962,"radius_34kt_nm":null},{"date":"19930831","time":"2100","status":"HU","lat":35.2,"lon":-75.1,"wind_kt":100,"pressure_mb":961,"radius_34kt_nm":null},{"date":"19930901","time":"0000","status":"HU","lat":35.6,"lon":-74.9,"wind_kt":100,"pressure_mb":960,"radius_34kt_nm":null},{"date":"19930901","time":"0600","status":"HU","lat":36.6,"lon":-74.4,"wind_kt":100,"pressure_mb":962,"radius_34kt_nm":null},{"date":"19930901","time":"1200","status":"HU","lat":37.5,"lon":-72.7,"wind_kt":95,"pressure_mb":965,"radius_34kt_nm":null},{"date":"19930901","time":"1800","status":"HU","lat":38.2,"lon":-70.7,"wind_kt":90,"pressure_mb":969,"radius_34kt_nm":null},{"date":"19930902","time":"0000","status":"HU","lat":39,"lon":-68.5,"wind_kt":90,"pressure_mb":971,"radius_34kt_nm":null},{"date":"19930902","time":"0600","status":"HU","lat":39.2,"lon":-66,"wind_kt":90,"pressure_mb":972,"radius_34kt_nm":null},{"date":"19930902","time":"1200","status":"HU","lat":39.2,"lon":-63.6,"wind_kt":90,"pressure_mb":973,"radius_34kt_nm":null},{"date":"19930902","time":"1800","status":"HU","lat":39,"lon":-61.4,"wind_kt":85,"pressure_mb":974,"radius_34kt_nm":null},{"date":"19930903","time":"0000","status":"HU","lat":38.6,"lon":-59.6,"wind_kt":80,"pressure_mb":975,"radius_34kt_nm":null},{"date":"19930903","time":"0600","status":"HU","lat":38.1,"lon":-58.3,"wind_kt":75,"pressure_mb":979,"radius_34kt_nm":null},{"date":"19930903","time":"1200","status":"HU","lat":37.5,"lon":-57.7,"wind_kt":70,"pressure_mb":985,"radius_34kt_nm":null},{"date":"19930903","time":"1800","status":"TS","lat":36.9,"lon":-57.5,"wind_kt":60,"pressure_mb":994,"radius_34kt_nm":null},{"date":"19930904","time":"0000","status":"TS","lat":36.4,"lon":-57.6,"wind_kt":50,"pressure_mb":999,"radius_34kt_nm":null},{"date":"19930904","time":"0600","status":"TS","lat":36,"lon":-57.6,"wind_kt":40,"pressure_mb":1002,"radius_34kt_nm":null},{"date":"19930904","time":"1200","status":"TS","lat":35.8,"lon":-57.5,"wind_kt":35,"pressure_mb":1001,"radius_34kt_nm":null},{"date":"19930904","time":"1800","status":"TD","lat":36.1,"lon":-57.2,"wind_kt":30,"pressure_mb":1006,"radius_34kt_nm":null},{"date":"19930905","time":"0000","status":"TD","lat":36.7,"lon":-56.9,"wind_kt":30,"pressure_mb":1008,"radius_34kt_nm":null},{"date":"19930905","time":"0600","status":"TD","lat":37.4,"lon":-56.4,"wind_kt":30,"pressure_mb":1009,"radius_34kt_nm":null},{"date":"19930905","time":"1200","status":"TD","lat":38,"lon":-55.7,"wind_kt":25,"pressure_mb":1010,"radius_34kt_nm":null},{"date":"19930905","time":"1800","status":"TD","lat":38.7,"lon":-54.8,"wind_kt":25,"pressure_mb":1011,"radius_34kt_nm":null},{"date":"19930906","time":"0000","status":"TD","lat":39,"lon":-53,"wind_kt":25,"pressure_mb":1012,"radius_34kt_nm":null},{"date":"19930906","time":"0600","status":"TD","lat":39.3,"lon":-51.1,"wind_kt":25,"pressure_mb":1013,"radius_34kt_nm":null},{"date":"19930906","time":"1200","status":"EX","lat":39.8,"lon":-49.4,"wind_kt":25,"pressure_mb":1014,"radius_34kt_nm":null}]}},{"type":"Feature","geometry":{"type":"LineString","coordinates":[[-30.8,13.6],[-31.3,13.9],[-32.3,14.5],[-33.2,15],[-34,15.4],[-34.9,15.8],[-35.8,16.4],[-36.6,16.9],[-37.6,17.4],[-38.7,18],[-39.7,18.7],[-40.7,19.4],[-41.4,20],[-42.1,20.6],[-42.5,21.3],[-42.7,22.1],[-43,22.5],[-43.2,22.8],[-43.6,22.9],[-44,22.6],[-44.5,22.2]]},"properties":{"id":"hur-al061993","event_type":"hurricane","name":"DENNIS","year":1993,"max_wind_kt":45,"min_pressure_mb":1000,"category":0,"preliminary":false,"start_date":"19930823","end_date":"19930828","track":[{"date":"19930823","time":"1200","status":"TD","lat":13.6,"lon":-30.8,"wind_kt":25,"pressure_mb":1010,"radius_34kt_nm":null},{"date":"19930823","time":"1800","status":"TD","lat":13.9,"lon":-31.3,"wind_kt":30,"pressure_mb":1009,"radius_34kt_nm":null},{"date":"19930824","time":"0000","status":"TD","lat":14.5,"lon":-32.3,"wind_kt":30,"pressure_mb":1007,"radius_34kt_nm":null},{"date":"19930824","time":"0600","status":"TD","lat":15,"lon":-33.2,"wind_kt":30,"pressure_mb":1005,"radius_34kt_nm":null},{"date":"19930824","time":"1200","status":"TS","lat":15.4,"lon":-34,"wind_kt":35,"pressure_mb":1003,"radius_34kt_nm":null},{"date":"19930824","time":"1800","status":"TS","lat":15.8,"lon":-34.9,"wind_kt":40,"pressure_mb":1002,"radius_34kt_nm":null},{"date":"19930825","time":"0000","status":"TS","lat":16.4,"lon":-35.8,"wind_kt":45,"pressure_mb":1000,"radius_34kt_nm":null},{"date":"19930825","time":"0600","status":"TS","lat":16.9,"lon":-36.6,"wind_kt":45,"pressure_mb":1000,"radius_34kt_nm":null},{"date":"19930825","time":"1200","status":"TS","lat":17.4,"lon":-37.6,"wind_kt":45,"pressure_mb":1000,"radius_34kt_nm":null},{"date":"19930825","time":"1800","status":"TS","lat":18,"lon":-38.7,"wind_kt":45,"pressure_mb":1000,"radius_34kt_nm":null},{"date":"19930826","time":"0000","status":"TS","lat":18.7,"lon":-39.7,"wind_kt":45,"pressure_mb":1000,"radius_34kt_nm":null},{"date":"19930826","time":"0600","status":"TS","lat":19.4,"lon":-40.7,"wind_kt":45,"pressure_mb":1000,"radius_34kt_nm":null},{"date":"19930826","time":"1200","status":"TS","lat":20,"lon":-41.4,"wind_kt":45,"pressure_mb":1000,"radius_34kt_nm":null},{"date":"19930826","time":"1800","status":"TS","lat":20.6,"lon":-42.1,"wind_kt":40,"pressure_mb":1001,"radius_34kt_nm":null},{"date":"19930827","time":"0000","status":"TS","lat":21.3,"lon":-42.5,"wind_kt":40,"pressure_mb":1002,"radius_34kt_nm":null},{"date":"19930827","time":"0600","status":"TS","lat":22.1,"lon":-42.7,"wind_kt":35,"pressure_mb":1005,"radius_34kt_nm":null},{"date":"19930827","time":"1200","status":"TD","lat":22.5,"lon":-43,"wind_kt":30,"pressure_mb":1006,"radius_34kt_nm":null},{"date":"19930827","time":"1800","status":"TD","lat":22.8,"lon":-43.2,"wind_kt":25,"pressure_mb":1009,"radius_34kt_nm":null},{"date":"19930828","time":"0000","status":"TD","lat":22.9,"lon":-43.6,"wind_kt":25,"pressure_mb":1009,"radius_34kt_nm":null},{"date":"19930828","time":"0600","status":"TD","lat":22.6,"lon":-44,"wind_kt":25,"pressure_mb":1009,"radius_34kt_nm":null},{"date":"19930828","time":"1200","status":"TD","lat":22.2,"lon":-44.5,"wind_kt":25,"pressure_mb":1010,"radius_34kt_nm":null}]}},{"type":"Feature","geometry":{"type":"LineString","coordinates":[[-67.5,24.7],[-68.2,26.2],[-68.9,27.8],[-69.4,29.4],[-69.8,31],[-69.2,33.2],[-67.8,35.3],[-65.7,37.5],[-62.4,39.3],[-58.3,41.7],[-53.9,43.8],[-48.3,45.4],[-42.5,46.5],[-37.8,47.3],[-32.5,47.5],[-27,47.5],[-22.5,47.5],[-18.5,47.5],[-14.5,47.5],[-10.5,47.5],[-7.5,48],[-6,48],[-5,48]]},"properties":{"id":"hur-al071993","event_type":"hurricane","name":"FLOYD","year":1993,"max_wind_kt":70,"min_pressure_mb":966,"category":1,"preliminary":false,"start_date":"19930907","end_date":"19930913","track":[{"date":"19930907","time":"1200","status":"TD","lat":24.7,"lon":-67.5,"wind_kt":25,"pressure_mb":1012,"radius_34kt_nm":null},{"date":"19930907","time":"1800","status":"TS","lat":26.2,"lon":-68.2,"wind_kt":40,"pressure_mb":1010,"radius_34kt_nm":null},{"date":"19930908","time":"0000","status":"TS","lat":27.8,"lon":-68.9,"wind_kt":45,"pressure_mb":1009,"radius_34kt_nm":null},{"date":"19930908","time":"0600","status":"TS","lat":29.4,"lon":-69.4,"wind_kt":45,"pressure_mb":1011,"radius_34kt_nm":null},{"date":"19930908","time":"1200","status":"TS","lat":31,"lon":-69.8,"wind_kt":40,"pressure_mb":1012,"radius_34kt_nm":null},{"date":"19930908","time":"1800","status":"TS","lat":33.2,"lon":-69.2,"wind_kt":40,"pressure_mb":1011,"radius_34kt_nm":null},{"date":"19930909","time":"0000","status":"TS","lat":35.3,"lon":-67.8,"wind_kt":40,"pressure_mb":1009,"radius_34kt_nm":null},{"date":"19930909","time":"0600","status":"TS","lat":37.5,"lon":-65.7,"wind_kt":40,"pressure_mb":1007,"radius_34kt_nm":null},{"date":"19930909","time":"1200","status":"TS","lat":39.3,"lon":-62.4,"wind_kt":50,"pressure_mb":997,"radius_34kt_nm":null},{"date":"19930909","time":"1800","status":"HU","lat":41.7,"lon":-58.3,"wind_kt":65,"pressure_mb":990,"radius_34kt_nm":null},{"date":"19930910","time":"0000","status":"HU","lat":43.8,"lon":-53.9,"wind_kt":65,"pressure_mb":990,"radius_34kt_nm":null},{"date":"19930910","time":"0600","status":"HU","lat":45.4,"lon":-48.3,"wind_kt":65,"pressure_mb":990,"radius_34kt_nm":null},{"date":"19930910","time":"1200","status":"HU","lat":46.5,"lon":-42.5,"wind_kt":65,"pressure_mb":990,"radius_34kt_nm":null},{"date":"19930910","time":"1800","status":"EX","lat":47.3,"lon":-37.8,"wind_kt":65,"pressure_mb":990,"radius_34kt_nm":null},{"date":"19930911","time":"0000","status":"EX","lat":47.5,"lon":-32.5,"wind_kt":65,"pressure_mb":989,"radius_34kt_nm":null},{"date":"19930911","time":"0600","status":"EX","lat":47.5,"lon":-27,"wind_kt":65,"pressure_mb":988,"radius_34kt_nm":null},{"date":"19930911","time":"1200","status":"EX","lat":47.5,"lon":-22.5,"wind_kt":65,"pressure_mb":987,"radius_34kt_nm":null},{"date":"19930911","time":"1800","status":"EX","lat":47.5,"lon":-18.5,"wind_kt":65,"pressure_mb":986,"radius_34kt_nm":null},{"date":"19930912","time":"0000","status":"EX","lat":47.5,"lon":-14.5,"wind_kt":65,"pressure_mb":983,"radius_34kt_nm":null},{"date":"19930912","time":"0600","status":"EX","lat":47.5,"lon":-10.5,"wind_kt":65,"pressure_mb":980,"radius_34kt_nm":null},{"date":"19930912","time":"1200","status":"EX","lat":48,"lon":-7.5,"wind_kt":70,"pressure_mb":972,"radius_34kt_nm":null},{"date":"19930912","time":"1800","status":"EX","lat":48,"lon":-6,"wind_kt":70,"pressure_mb":966,"radius_34kt_nm":null},{"date":"19930913","time":"0000","status":"EX","lat":48,"lon":-5,"wind_kt":70,"pressure_mb":966,"radius_34kt_nm":null}]}},{"type":"Feature","geometry":{"type":"LineString","coordinates":[[-80.7,10.6],[-81.3,10.7],[-82.2,11],[-83,11.3],[-83.8,11.8],[-84.3,12.1],[-84.9,12.5],[-85.4,12.9],[-85.8,13.3],[-86.3,13.8],[-86.8,14.5],[-87.3,15.4],[-87.8,16.3],[-88.1,17.3],[-88.6,18.2],[-89.3,18.7],[-90.5,19.2],[-91.6,19.6],[-92.5,20],[-93.2,20.5],[-93.9,20.7],[-94.2,20.9],[-95,21.1],[-95.9,21.2],[-97,21.3],[-97.5,21.2],[-98.3,21.1],[-100.2,20.9],[-102.5,20.8],[-104.7,20.8]]},"properties":{"id":"hur-al081993","event_type":"hurricane","name":"GERT","year":1993,"max_wind_kt":85,"min_pressure_mb":970,"category":2,"preliminary":false,"start_date":"19930914","end_date":"19930921","track":[{"date":"19930914","time":"1800","status":"TD","lat":10.6,"lon":-80.7,"wind_kt":25,"pressure_mb":1008,"radius_34kt_nm":null},{"date":"19930915","time":"0000","status":"TD","lat":10.7,"lon":-81.3,"wind_kt":30,"pressure_mb":1005,"radius_34kt_nm":null},{"date":"19930915","time":"0600","status":"TD","lat":11,"lon":-82.2,"wind_kt":30,"pressure_mb":1001,"radius_34kt_nm":null},{"date":"19930915","time":"1200","status":"TS","lat":11.3,"lon":-83,"wind_kt":35,"pressure_mb":1001,"radius_34kt_nm":null},{"date":"19930915","time":"1800","status":"TS","lat":11.8,"lon":-83.8,"wind_kt":35,"pressure_mb":1005,"radius_34kt_nm":null},{"date":"19930916","time":"0000","status":"TD","lat":12.1,"lon":-84.3,"wind_kt":30,"pressure_mb":1006,"radius_34kt_nm":null},{"date":"19930916","time":"0600","status":"TD","lat":12.5,"lon":-84.9,"wind_kt":30,"pressure_mb":1006,"radius_34kt_nm":null},{"date":"19930916","time":"1200","status":"TD","lat":12.9,"lon":-85.4,"wind_kt":30,"pressure_mb":1006,"radius_34kt_nm":null},{"date":"19930916","time":"1800","status":"TD","lat":13.3,"lon":-85.8,"wind_kt":25,"pressure_mb":1006,"radius_34kt_nm":null},{"date":"19930917","time":"0000","status":"TD","lat":13.8,"lon":-86.3,"wind_kt":25,"pressure_mb":1006,"radius_34kt_nm":null},{"date":"19930917","time":"0600","status":"TD","lat":14.5,"lon":-86.8,"wind_kt":25,"pressure_mb":1006,"radius_34kt_nm":null},{"date":"19930917","time":"1200","status":"TD","lat":15.4,"lon":-87.3,"wind_kt":25,"pressure_mb":1006,"radius_34kt_nm":null},{"date":"19930917","time":"1800","status":"TS","lat":16.3,"lon":-87.8,"wind_kt":35,"pressure_mb":1001,"radius_34kt_nm":null},{"date":"19930918","time":"0000","status":"TS","lat":17.3,"lon":-88.1,"wind_kt":35,"pressure_mb":1000,"radius_34kt_nm":null},{"date":"19930918","time":"0600","status":"TS","lat":18.2,"lon":-88.6,"wind_kt":35,"pressure_mb":1002,"radius_34kt_nm":null},{"date":"19930918","time":"1200","status":"TD","lat":18.7,"lon":-89.3,"wind_kt":30,"pressure_mb":1003,"radius_34kt_nm":null},{"date":"19930918","time":"1800","status":"TD","lat":19.2,"lon":-90.5,"wind_kt":30,"pressure_mb":1003,"radius_34kt_nm":null},{"date":"19930919","time":"0000","status":"TD","lat":19.6,"lon":-91.6,"wind_kt":30,"pressure_mb":1001,"radius_34kt_nm":null},{"date":"19930919","time":"0600","status":"TS","lat":20,"lon":-92.5,"wind_kt":35,"pressure_mb":1000,"radius_34kt_nm":null},{"date":"19930919","time":"1200","status":"TS","lat":20.5,"lon":-93.2,"wind_kt":40,"pressure_mb":993,"radius_34kt_nm":null},{"date":"19930919","time":"1800","status":"TS","lat":20.7,"lon":-93.9,"wind_kt":45,"pressure_mb":992,"radius_34kt_nm":null},{"date":"19930920","time":"0000","status":"TS","lat":20.9,"lon":-94.2,"wind_kt":55,"pressure_mb":990,"radius_34kt_nm":null},{"date":"19930920","time":"0600","status":"HU","lat":21.1,"lon":-95,"wind_kt":65,"pressure_mb":982,"radius_34kt_nm":null},{"date":"19930920","time":"1200","status":"HU","lat":21.2,"lon":-95.9,"wind_kt":80,"pressure_mb":978,"radius_34kt_nm":null},{"date":"19930920","time":"1800","status":"HU","lat":21.3,"lon":-97,"wind_kt":85,"pressure_mb":970,"radius_34kt_nm":null},{"date":"19930920","time":"2100","status":"HU","lat":21.2,"lon":-97.5,"wind_kt":85,"pressure_mb":970,"radius_34kt_nm":null},{"date":"19930921","time":"0000","status":"HU","lat":21.1,"lon":-98.3,"wind_kt":65,"pressure_mb":984,"radius_34kt_nm":null},{"date":"19930921","time":"0600","status":"TS","lat":20.9,"lon":-100.2,"wind_kt":40,"pressure_mb":1000,"radius_34kt_nm":null},{"date":"19930921","time":"1200","status":"TD","lat":20.8,"lon":-102.5,"wind_kt":25,"pressure_mb":1002,"radius_34kt_nm":null},{"date":"19930921","time":"1800","status":"TD","lat":20.8,"lon":-104.7,"wind_kt":20,"pressure_mb":1004,"radius_34kt_nm":null}]}},{"type":"Feature","geometry":{"type":"LineString","coordinates":[[-61.8,26.7],[-62,27.3],[-62,27.9],[-61.7,28.5],[-61.1,29.3],[-60.2,30.2],[-59,31.5],[-57.4,33.3],[-55.2,35.6],[-52.5,37.8],[-49.4,39.8],[-46.5,42.5],[-42,46]]},"properties":{"id":"hur-al091993","event_type":"hurricane","name":"HARVEY","year":1993,"max_wind_kt":65,"min_pressure_mb":990,"category":1,"preliminary":false,"start_date":"19930918","end_date":"19930921","track":[{"date":"19930918","time":"1800","status":"TD","lat":26.7,"lon":-61.8,"wind_kt":30,"pressure_mb":1014,"radius_34kt_nm":null},{"date":"19930919","time":"0000","status":"TD","lat":27.3,"lon":-62,"wind_kt":30,"pressure_mb":1013,"radius_34kt_nm":null},{"date":"19930919","time":"0600","status":"TD","lat":27.9,"lon":-62,"wind_kt":30,"pressure_mb":1012,"radius_34kt_nm":null},{"date":"19930919","time":"1200","status":"TD","lat":28.5,"lon":-61.7,"wind_kt":30,"pressure_mb":1010,"radius_34kt_nm":null},{"date":"19930919","time":"1800","status":"TD","lat":29.3,"lon":-61.1,"wind_kt":30,"pressure_mb":1009,"radius_34kt_nm":null},{"date":"19930920","time":"0000","status":"TD","lat":30.2,"lon":-60.2,"wind_kt":30,"pressure_mb":1008,"radius_34kt_nm":null},{"date":"19930920","time":"0600","status":"TS","lat":31.5,"lon":-59,"wind_kt":35,"pressure_mb":1005,"radius_34kt_nm":null},{"date":"19930920","time":"1200","status":"TS","lat":33.3,"lon":-57.4,"wind_kt":50,"pressure_mb":998,"radius_34kt_nm":null},{"date":"19930920","time":"1800","status":"HU","lat":35.6,"lon":-55.2,"wind_kt":65,"pressure_mb":990,"radius_34kt_nm":null},{"date":"19930921","time":"0000","status":"TS","lat":37.8,"lon":-52.5,"wind_kt":60,"pressure_mb":992,"radius_34kt_nm":null},{"date":"19930921","time":"0600","status":"TS","lat":39.8,"lon":-49.4,"wind_kt":55,"pressure_mb":994,"radius_34kt_nm":null},{"date":"19930921","time":"1200","status":"TS","lat":42.5,"lon":-46.5,"wind_kt":50,"pressure_mb":997,"radius_34kt_nm":null},{"date":"19930921","time":"1800","status":"EX","lat":46,"lon":-42,"wind_kt":50,"pressure_mb":999,"radius_34kt_nm":null}]}},{"type":"Feature","geometry":{"type":"LineString","coordinates":[[-63.2,30],[-63.7,31.7],[-64,33.8],[-64,36.9],[-62.2,39.6]]},"properties":{"id":"hur-al101993","event_type":"hurricane","name":null,"year":1993,"max_wind_kt":30,"min_pressure_mb":1008,"category":-1,"preliminary":false,"start_date":"19930929","end_date":"19930930","track":[{"date":"19930929","time":"1800","status":"TD","lat":30,"lon":-63.2,"wind_kt":30,"pressure_mb":1012,"radius_34kt_nm":null},{"date":"19930930","time":"0000","status":"TD","lat":31.7,"lon":-63.7,"wind_kt":30,"pressure_mb":1010,"radius_34kt_nm":null},{"date":"19930930","time":"0600","status":"TD","lat":33.8,"lon":-64,"wind_kt":30,"pressure_mb":1009,"radius_34kt_nm":null},{"date":"19930930","time":"1200","status":"TD","lat":36.9,"lon":-64,"wind_kt":30,"pressure_mb":1008,"radius_34kt_nm":null},{"date":"19930930","time":"1800","status":"TD","lat":39.6,"lon":-62.2,"wind_kt":30,"pressure_mb":1008,"radius_34kt_nm":null}]}},{"type":"Feature","geometry":{"type":"LineString","coordinates":[[-83.6,21.7],[-84.3,21.6],[-85.2,21.6],[-85.6,21.5],[-86.1,22],[-86.4,22.5],[-86.7,23],[-87.1,23.7],[-87.5,24.4],[-87.5,25.5],[-86.9,26.5],[-86.8,27.7],[-86.8,28.8],[-86.7,29.9],[-86.5,30.4],[-86.3,30.7],[-86.1,31.2],[-85.9,31.7],[-85.5,32.3],[-85.2,32.7],[-85,33],[-84.9,33.2],[-84.8,33.3],[-84.6,33.5],[-84.4,33.4],[-84.5,33.3],[-84.8,33.1],[-85.4,32.8],[-86.3,32.7],[-86.6,32.7],[-86.8,32.8],[-87,33]]},"properties":{"id":"hur-al011994","event_type":"hurricane","name":"ALBERTO","year":1994,"max_wind_kt":55,"min_pressure_mb":993,"category":0,"preliminary":false,"start_date":"19940630","end_date":"19940707","track":[{"date":"19940630","time":"0600","status":"TD","lat":21.7,"lon":-83.6,"wind_kt":25,"pressure_mb":1011,"radius_34kt_nm":null},{"date":"19940630","time":"1200","status":"TD","lat":21.6,"lon":-84.3,"wind_kt":25,"pressure_mb":1010,"radius_34kt_nm":null},{"date":"19940630","time":"1800","status":"TD","lat":21.6,"lon":-85.2,"wind_kt":30,"pressure_mb":1008,"radius_34kt_nm":null},{"date":"19940701","time":"0000","status":"TD","lat":21.5,"lon":-85.6,"wind_kt":30,"pressure_mb":1008,"radius_34kt_nm":null},{"date":"19940701","time":"0600","status":"TD","lat":22,"lon":-86.1,"wind_kt":30,"pressure_mb":1008,"radius_34kt_nm":null},{"date":"19940701","time":"1200","status":"TD","lat":22.5,"lon":-86.4,"wind_kt":30,"pressure_mb":1008,"radius_34kt_nm":null},{"date":"19940701","time":"1800","status":"TD","lat":23,"lon":-86.7,"wind_kt":30,"pressure_mb":1007,"radius_34kt_nm":null},{"date":"19940702","time":"0000","status":"TS","lat":23.7,"lon":-87.1,"wind_kt":35,"pressure_mb":1006,"radius_34kt_nm":null},{"date":"19940702","time":"0600","status":"TS","lat":24.4,"lon":-87.5,"wind_kt":35,"pressure_mb":1005,"radius_34kt_nm":null},{"date":"19940702","time":"1200","status":"TS","lat":25.5,"lon":-87.5,"wind_kt":40,"pressure_mb":1003,"radius_34kt_nm":null},{"date":"19940702","time":"1800","status":"TS","lat":26.5,"lon":-86.9,"wind_kt":45,"pressure_mb":1000,"radius_34kt_nm":null},{"date":"19940703","time":"0000","status":"TS","lat":27.7,"lon":-86.8,"wind_kt":45,"pressure_mb":998,"radius_34kt_nm":null},{"date":"19940703","time":"0600","status":"TS","lat":28.8,"lon":-86.8,"wind_kt":50,"pressure_mb":997,"radius_34kt_nm":null},{"date":"19940703","time":"1200","status":"TS","lat":29.9,"lon":-86.7,"wind_kt":55,"pressure_mb":993,"radius_34kt_nm":null},{"date":"19940703","time":"1500","status":"TS","lat":30.4,"lon":-86.5,"wind_kt":55,"pressure_mb":993,"radius_34kt_nm":null},{"date":"19940703","time":"1800","status":"TS","lat":30.7,"lon":-86.3,"wind_kt":45,"pressure_mb":1000,"radius_34kt_nm":null},{"date":"19940704","time":"0000","status":"TD","lat":31.2,"lon":-86.1,"wind_kt":25,"pressure_mb":1004,"radius_34kt_nm":null},{"date":"19940704","time":"0600","status":"TD","lat":31.7,"lon":-85.9,"wind_kt":20,"pressure_mb":1009,"radius_34kt_nm":null},{"date":"19940704","time":"1200","status":"TD","lat":32.3,"lon":-85.5,"wind_kt":20,"pressure_mb":1011,"radius_34kt_nm":null},{"date":"19940704","time":"1800","status":"TD","lat":32.7,"lon":-85.2,"wind_kt":20,"pressure_mb":1014,"radius_34kt_nm":null},{"date":"19940705","time":"0000","status":"TD","lat":33,"lon":-85,"wind_kt":20,"pressure_mb":1014,"radius_34kt_nm":null},{"date":"19940705","time":"0600","status":"TD","lat":33.2,"lon":-84.9,"wind_kt":20,"pressure_mb":1013,"radius_34kt_nm":null},{"date":"19940705","time":"1200","status":"TD","lat":33.3,"lon":-84.8,"wind_kt":20,"pressure_mb":1013,"radius_34kt_nm":null},{"date":"19940705","time":"1800","status":"TD","lat":33.5,"lon":-84.6,"wind_kt":20,"pressure_mb":1012,"radius_34kt_nm":null},{"date":"19940706","time":"0000","status":"TD","lat":33.4,"lon":-84.4,"wind_kt":15,"pressure_mb":1013,"radius_34kt_nm":null},{"date":"19940706","time":"0600","status":"TD","lat":33.3,"lon":-84.5,"wind_kt":15,"pressure_mb":1013,"radius_34kt_nm":null},{"date":"19940706","time":"1200","status":"TD","lat":33.1,"lon":-84.8,"wind_kt":15,"pressure_mb":1013,"radius_34kt_nm":null},{"date":"19940706","time":"1800","status":"TD","lat":32.8,"lon":-85.4,"wind_kt":15,"pressure_mb":1013,"radius_34kt_nm":null},{"date":"19940707","time":"0000","status":"TD","lat":32.7,"lon":-86.3,"wind_kt":10,"pressure_mb":1012,"radius_34kt_nm":null},{"date":"19940707","time":"0600","status":"TD","lat":32.7,"lon":-86.6,"wind_kt":10,"pressure_mb":1012,"radius_34kt_nm":null},{"date":"19940707","time":"1200","status":"TD","lat":32.8,"lon":-86.8,"wind_kt":10,"pressure_mb":1012,"radius_34kt_nm":null},{"date":"19940707","time":"1800","status":"TD","lat":33,"lon":-87,"wind_kt":10,"pressure_mb":1013,"radius_34kt_nm":null}]}},{"type":"Feature","geometry":{"type":"LineString","coordinates":[[-78.9,32.2],[-79.1,33],[-79.2,33.2],[-79.7,33.7],[-80.5,34.4],[-81,35.2]]},"properties":{"id":"hur-al021994","event_type":"hurricane","name":null,"year":1994,"max_wind_kt":30,"min_pressure_mb":1015,"category":-1,"preliminary":false,"start_date":"19940720","end_date":"19940721","track":[{"date":"19940720","time":"0600","status":"TD","lat":32.2,"lon":-78.9,"wind_kt":25,"pressure_mb":1017,"radius_34kt_nm":null},{"date":"19940720","time":"1200","status":"TD","lat":33,"lon":-79.1,"wind_kt":30,"pressure_mb":1015,"radius_34kt_nm":null},{"date":"19940720","time":"1400","status":"TD","lat":33.2,"lon":-79.2,"wind_kt":30,"pressure_mb":1015,"radius_34kt_nm":null},{"date":"19940720","time":"1800","status":"TD","lat":33.7,"lon":-79.7,"wind_kt":25,"pressure_mb":1016,"radius_34kt_nm":null},{"date":"19940721","time":"0000","status":"TD","lat":34.4,"lon":-80.5,"wind_kt":20,"pressure_mb":1016,"radius_34kt_nm":null},{"date":"19940721","time":"0600","status":"TD","lat":35.2,"lon":-81,"wind_kt":15,"pressure_mb":1016,"radius_34kt_nm":null}]}},{"type":"Feature","geometry":{"type":"LineString","coordinates":[[-87.2,28.7],[-87.3,29.4],[-86.3,29.5],[-85.9,29.6],[-85.6,29.7],[-85.7,29.9],[-85.6,30],[-85.4,30.2],[-85.3,30.4],[-85,31.3],[-84.5,32.3],[-83.9,33.3],[-83.5,34.3],[-82.6,35.5],[-81.5,37.5],[-79.6,38.5],[-77.5,39.5],[-76,41.2],[-73.9,41.6],[-72,42]]},"properties":{"id":"hur-al031994","event_type":"hurricane","name":"BERYL","year":1994,"max_wind_kt":50,"min_pressure_mb":999,"category":0,"preliminary":false,"start_date":"19940814","end_date":"19940819","track":[{"date":"19940814","time":"1200","status":"TD","lat":28.7,"lon":-87.2,"wind_kt":20,"pressure_mb":1013,"radius_34kt_nm":null},{"date":"19940814","time":"1800","status":"TD","lat":29.4,"lon":-87.3,"wind_kt":25,"pressure_mb":1012,"radius_34kt_nm":null},{"date":"19940815","time":"0000","status":"TD","lat":29.5,"lon":-86.3,"wind_kt":25,"pressure_mb":1009,"radius_34kt_nm":null},{"date":"19940815","time":"0600","status":"TD","lat":29.6,"lon":-85.9,"wind_kt":30,"pressure_mb":1008,"radius_34kt_nm":null},{"date":"19940815","time":"1200","status":"TS","lat":29.7,"lon":-85.6,"wind_kt":35,"pressure_mb":1007,"radius_34kt_nm":null},{"date":"19940815","time":"1800","status":"TS","lat":29.9,"lon":-85.7,"wind_kt":45,"pressure_mb":1004,"radius_34kt_nm":null},{"date":"19940816","time":"0000","status":"TS","lat":30,"lon":-85.6,"wind_kt":50,"pressure_mb":1000,"radius_34kt_nm":null},{"date":"19940816","time":"0300","status":"TS","lat":30.2,"lon":-85.4,"wind_kt":50,"pressure_mb":999,"radius_34kt_nm":null},{"date":"19940816","time":"0600","status":"TS","lat":30.4,"lon":-85.3,"wind_kt":50,"pressure_mb":1003,"radius_34kt_nm":null},{"date":"19940816","time":"1200","status":"TD","lat":31.3,"lon":-85,"wind_kt":30,"pressure_mb":1004,"radius_34kt_nm":null},{"date":"19940816","time":"1800","status":"TD","lat":32.3,"lon":-84.5,"wind_kt":25,"pressure_mb":1005,"radius_34kt_nm":null},{"date":"19940817","time":"0000","status":"TD","lat":33.3,"lon":-83.9,"wind_kt":20,"pressure_mb":1005,"radius_34kt_nm":null},{"date":"19940817","time":"0600","status":"TD","lat":34.3,"lon":-83.5,"wind_kt":15,"pressure_mb":1006,"radius_34kt_nm":null},{"date":"19940817","time":"1200","status":"TD","lat":35.5,"lon":-82.6,"wind_kt":15,"pressure_mb":1009,"radius_34kt_nm":null},{"date":"19940817","time":"1800","status":"TD","lat":37.5,"lon":-81.5,"wind_kt":15,"pressure_mb":1011,"radius_34kt_nm":null},{"date":"19940818","time":"0000","status":"TD","lat":38.5,"lon":-79.6,"wind_kt":15,"pressure_mb":1011,"radius_34kt_nm":null},{"date":"19940818","time":"0600","status":"TD","lat":39.5,"lon":-77.5,"wind_kt":15,"pressure_mb":1011,"radius_34kt_nm":null},{"date":"19940818","time":"1200","status":"TD","lat":41.2,"lon":-76,"wind_kt":15,"pressure_mb":1010,"radius_34kt_nm":null},{"date":"19940818","time":"1800","status":"TD","lat":41.6,"lon":-73.9,"wind_kt":15,"pressure_mb":1010,"radius_34kt_nm":null},{"date":"19940819","time":"0000","status":"TD","lat":42,"lon":-72,"wind_kt":15,"pressure_mb":1012,"radius_34kt_nm":null}]}},{"type":"Feature","geometry":{"type":"LineString","coordinates":[[-39.4,11.3],[-40.3,11.5],[-41.2,11.7],[-42.2,12.1],[-43.3,12.6],[-44.5,13.3],[-45.6,13.9],[-46.8,14.5],[-48,15.2],[-49.3,16],[-50.6,17],[-51.9,18],[-53.2,19],[-54.4,20.1],[-55.6,21.3],[-56.8,22.6],[-58.2,23.8],[-59.7,24.9],[-61,26.1],[-62.3,27.3],[-63.1,28.7],[-63.1,30.4],[-62.8,32.2],[-62.8,33.8],[-63,35],[-62.3,36.2],[-60.7,37.9],[-58.4,39.9],[-55.5,42.2],[-52,44.7]]},"properties":{"id":"hur-al041994","event_type":"hurricane","name":"CHRIS","year":1994,"max_wind_kt":70,"min_pressure_mb":979,"category":1,"preliminary":false,"start_date":"19940816","end_date":"19940823","track":[{"date":"19940816","time":"1200","status":"TD","lat":11.3,"lon":-39.4,"wind_kt":30,"pressure_mb":1010,"radius_34kt_nm":null},{"date":"19940816","time":"1800","status":"TD","lat":11.5,"lon":-40.3,"wind_kt":30,"pressure_mb":1008,"radius_34kt_nm":null},{"date":"19940817","time":"0000","status":"TS","lat":11.7,"lon":-41.2,"wind_kt":35,"pressure_mb":1006,"radius_34kt_nm":null},{"date":"19940817","time":"0600","status":"TS","lat":12.1,"lon":-42.2,"wind_kt":40,"pressure_mb":1003,"radius_34kt_nm":null},{"date":"19940817","time":"1200","status":"TS","lat":12.6,"lon":-43.3,"wind_kt":50,"pressure_mb":1000,"radius_34kt_nm":null},{"date":"19940817","time":"1800","status":"TS","lat":13.3,"lon":-44.5,"wind_kt":60,"pressure_mb":994,"radius_34kt_nm":null},{"date":"19940818","time":"0000","status":"TS","lat":13.9,"lon":-45.6,"wind_kt":60,"pressure_mb":988,"radius_34kt_nm":null},{"date":"19940818","time":"0600","status":"HU","lat":14.5,"lon":-46.8,"wind_kt":65,"pressure_mb":987,"radius_34kt_nm":null},{"date":"19940818","time":"1200","status":"HU","lat":15.2,"lon":-48,"wind_kt":65,"pressure_mb":987,"radius_34kt_nm":null},{"date":"19940818","time":"1800","status":"HU","lat":16,"lon":-49.3,"wind_kt":65,"pressure_mb":987,"radius_34kt_nm":null},{"date":"19940819","time":"0000","status":"HU","lat":17,"lon":-50.6,"wind_kt":70,"pressure_mb":985,"radius_34kt_nm":null},{"date":"19940819","time":"0600","status":"HU","lat":18,"lon":-51.9,"wind_kt":70,"pressure_mb":979,"radius_34kt_nm":null},{"date":"19940819","time":"1200","status":"HU","lat":19,"lon":-53.2,"wind_kt":70,"pressure_mb":979,"radius_34kt_nm":null},{"date":"19940819","time":"1800","status":"HU","lat":20.1,"lon":-54.4,"wind_kt":70,"pressure_mb":980,"radius_34kt_nm":null},{"date":"19940820","time":"0000","status":"HU","lat":21.3,"lon":-55.6,"wind_kt":65,"pressure_mb":984,"radius_34kt_nm":null},{"date":"19940820","time":"0600","status":"TS","lat":22.6,"lon":-56.8,"wind_kt":60,"pressure_mb":995,"radius_34kt_nm":null},{"date":"19940820","time":"1200","status":"TS","lat":23.8,"lon":-58.2,"wind_kt":50,"pressure_mb":1009,"radius_34kt_nm":null},{"date":"19940820","time":"1800","status":"TS","lat":24.9,"lon":-59.7,"wind_kt":45,"pressure_mb":1010,"radius_34kt_nm":null},{"date":"19940821","time":"0000","status":"TS","lat":26.1,"lon":-61,"wind_kt":40,"pressure_mb":1011,"radius_34kt_nm":null},{"date":"19940821","time":"0600","status":"TS","lat":27.3,"lon":-62.3,"wind_kt":35,"pressure_mb":1012,"radius_34kt_nm":null},{"date":"19940821","time":"1200","status":"TS","lat":28.7,"lon":-63.1,"wind_kt":35,"pressure_mb":1013,"radius_34kt_nm":null},{"date":"19940821","time":"1800","status":"TS","lat":30.4,"lon":-63.1,"wind_kt":35,"pressure_mb":1013,"radius_34kt_nm":null},{"date":"19940822","time":"0000","status":"TS","lat":32.2,"lon":-62.8,"wind_kt":35,"pressure_mb":1012,"radius_34kt_nm":null},{"date":"19940822","time":"0600","status":"TS","lat":33.8,"lon":-62.8,"wind_kt":35,"pressure_mb":1008,"radius_34kt_nm":null},{"date":"19940822","time":"1200","status":"TS","lat":35,"lon":-63,"wind_kt":35,"pressure_mb":1006,"radius_34kt_nm":null},{"date":"19940822","time":"1800","status":"TS","lat":36.2,"lon":-62.3,"wind_kt":40,"pressure_mb":1004,"radius_34kt_nm":null},{"date":"19940823","time":"0000","status":"TS","lat":37.9,"lon":-60.7,"wind_kt":40,"pressure_mb":1003,"radius_34kt_nm":null},{"date":"19940823","time":"0600","status":"TS","lat":39.9,"lon":-58.4,"wind_kt":40,"pressure_mb":1003,"radius_34kt_nm":null},{"date":"19940823","time":"1200","status":"TS","lat":42.2,"lon":-55.5,"wind_kt":45,"pressure_mb":1003,"radius_34kt_nm":null},{"date":"19940823","time":"1800","status":"TS","lat":44.7,"lon":-52,"wind_kt":45,"pressure_mb":1003,"radius_34kt_nm":null}]}},{"type":"Feature","geometry":{"type":"LineString","coordinates":[[-93,20.5],[-93.8,20.5],[-94.5,20.6],[-95.2,20.7],[-95.9,21],[-96.5,21.4],[-97.1,21.8],[-98,22.4],[-99,23]]},"properties":{"id":"hur-al051994","event_type":"hurricane","name":null,"year":1994,"max_wind_kt":30,"min_pressure_mb":1005,"category":-1,"preliminary":false,"start_date":"19940829","end_date":"19940831","track":[{"date":"19940829","time":"1200","status":"TD","lat":20.5,"lon":-93,"wind_kt":30,"pressure_mb":1007,"radius_34kt_nm":null},{"date":"19940829","time":"1800","status":"TD","lat":20.5,"lon":-93.8,"wind_kt":30,"pressure_mb":1007,"radius_34kt_nm":null},{"date":"19940830","time":"0000","status":"TD","lat":20.6,"lon":-94.5,"wind_kt":30,"pressure_mb":1006,"radius_34kt_nm":null},{"date":"19940830","time":"0600","status":"TD","lat":20.7,"lon":-95.2,"wind_kt":30,"pressure_mb":1005,"radius_34kt_nm":null},{"date":"19940830","time":"1200","status":"TD","lat":21,"lon":-95.9,"wind_kt":30,"pressure_mb":1006,"radius_34kt_nm":null},{"date":"19940830","time":"1800","status":"TD","lat":21.4,"lon":-96.5,"wind_kt":30,"pressure_mb":1006,"radius_34kt_nm":null},{"date":"19940831","time":"0000","status":"TD","lat":21.8,"lon":-97.1,"wind_kt":30,"pressure_mb":1006,"radius_34kt_nm":null},{"date":"19940831","time":"0600","status":"TD","lat":22.4,"lon":-98,"wind_kt":30,"pressure_mb":1007,"radius_34kt_nm":null},{"date":"19940831","time":"1200","status":"TD","lat":23,"lon":-99,"wind_kt":30,"pressure_mb":1008,"radius_34kt_nm":null}]}},{"type":"Feature","geometry":{"type":"LineString","coordinates":[[-56.8,13.1],[-58.3,13.4],[-60.2,13.7],[-61,14],[-61.6,14.1],[-63.2,14.6],[-64.9,15.1],[-66.7,15.5]]},"properties":{"id":"hur-al061994","event_type":"hurricane","name":"DEBBY","year":1994,"max_wind_kt":60,"min_pressure_mb":1006,"category":0,"preliminary":false,"start_date":"19940909","end_date":"19940911","track":[{"date":"19940909","time":"1200","status":"TD","lat":13.1,"lon":-56.8,"wind_kt":25,"pressure_mb":1011,"radius_34kt_nm":null},{"date":"19940909","time":"1800","status":"TD","lat":13.4,"lon":-58.3,"wind_kt":30,"pressure_mb":1010,"radius_34kt_nm":null},{"date":"19940910","time":"0000","status":"TS","lat":13.7,"lon":-60.2,"wind_kt":45,"pressure_mb":1010,"radius_34kt_nm":null},{"date":"19940910","time":"0300","status":"TS","lat":14,"lon":-61,"wind_kt":55,"pressure_mb":1007,"radius_34kt_nm":null},{"date":"19940910","time":"0600","status":"TS","lat":14.1,"lon":-61.6,"wind_kt":60,"pressure_mb":1006,"radius_34kt_nm":null},{"date":"19940910","time":"1200","status":"TS","lat":14.6,"lon":-63.2,"wind_kt":55,"pressure_mb":1007,"radius_34kt_nm":null},{"date":"19940910","time":"1800","status":"TS","lat":15.1,"lon":-64.9,"wind_kt":50,"pressure_mb":1008,"radius_34kt_nm":null},{"date":"19940911","time":"0000","status":"TS","lat":15.5,"lon":-66.7,"wind_kt":50,"pressure_mb":1008,"radius_34kt_nm":null}]}},{"type":"Feature","geometry":{"type":"LineString","coordinates":[[-29.9,10.1],[-30.2,10.5],[-30.3,11.1],[-30.3,11.8],[-30.3,12.5],[-30.4,13.1],[-30.5,13.8],[-30.6,14.4],[-30.6,14.9],[-30.6,15.4],[-30.7,15.9],[-31,16.5],[-31.3,16.8],[-31.6,17],[-31.9,17],[-32.1,17],[-32.3,17],[-33.2,16.8]]},"properties":{"id":"hur-al071994","event_type":"hurricane","name":"ERNESTO","year":1994,"max_wind_kt":50,"min_pressure_mb":997,"category":0,"preliminary":false,"start_date":"19940921","end_date":"19940926","track":[{"date":"19940921","time":"1800","status":"TD","lat":10.1,"lon":-29.9,"wind_kt":25,"pressure_mb":1010,"radius_34kt_nm":null},{"date":"19940922","time":"0000","status":"TD","lat":10.5,"lon":-30.2,"wind_kt":25,"pressure_mb":1010,"radius_34kt_nm":null},{"date":"19940922","time":"0600","status":"TD","lat":11.1,"lon":-30.3,"wind_kt":30,"pressure_mb":1009,"radius_34kt_nm":null},{"date":"19940922","time":"1200","status":"TS","lat":11.8,"lon":-30.3,"wind_kt":35,"pressure_mb":1005,"radius_34kt_nm":null},{"date":"19940922","time":"1800","status":"TS","lat":12.5,"lon":-30.3,"wind_kt":45,"pressure_mb":1000,"radius_34kt_nm":null},{"date":"19940923","time":"0000","status":"TS","lat":13.1,"lon":-30.4,"wind_kt":50,"pressure_mb":997,"radius_34kt_nm":null},{"date":"19940923","time":"0600","status":"TS","lat":13.8,"lon":-30.5,"wind_kt":50,"pressure_mb":998,"radius_34kt_nm":null},{"date":"19940923","time":"1200","status":"TS","lat":14.4,"lon":-30.6,"wind_kt":45,"pressure_mb":1000,"radius_34kt_nm":null},{"date":"19940923","time":"1800","status":"TS","lat":14.9,"lon":-30.6,"wind_kt":45,"pressure_mb":1001,"radius_34kt_nm":null},{"date":"19940924","time":"0000","status":"TS","lat":15.4,"lon":-30.6,"wind_kt":40,"pressure_mb":1003,"radius_34kt_nm":null},{"date":"19940924","time":"0600","status":"TS","lat":15.9,"lon":-30.7,"wind_kt":35,"pressure_mb":1005,"radius_34kt_nm":null},{"date":"19940924","time":"1200","status":"TD","lat":16.5,"lon":-31,"wind_kt":30,"pressure_mb":1007,"radius_34kt_nm":null},{"date":"19940924","time":"1800","status":"TD","lat":16.8,"lon":-31.3,"wind_kt":30,"pressure_mb":1009,"radius_34kt_nm":null},{"date":"19940925","time":"0000","status":"TD","lat":17,"lon":-31.6,"wind_kt":25,"pressure_mb":1010,"radius_34kt_nm":null},{"date":"19940925","time":"0600","status":"TD","lat":17,"lon":-31.9,"wind_kt":25,"pressure_mb":1010,"radius_34kt_nm":null},{"date":"19940925","time":"1200","status":"TD","lat":17,"lon":-32.1,"wind_kt":25,"pressure_mb":1010,"radius_34kt_nm":null},{"date":"19940925","time":"1800","status":"TD","lat":17,"lon":-32.3,"wind_kt":25,"pressure_mb":1010,"radius_34kt_nm":null},{"date":"19940926","time":"0000","status":"TD","lat":16.8,"lon":-33.2,"wind_kt":20,"pressure_mb":1011,"radius_34kt_nm":null}]}},{"type":"Feature","geometry":{"type":"LineString","coordinates":[[-84.5,16],[-85.1,16.3],[-85.9,16.5],[-86.7,16.6],[-87.6,16.7],[-88.4,16.6],[-88.7,16.6],[-88.9,16.6],[-89.2,16.5],[-89.5,16.5]]},"properties":{"id":"hur-al081994","event_type":"hurricane","name":null,"year":1994,"max_wind_kt":30,"min_pressure_mb":1004,"category":-1,"preliminary":false,"start_date":"19940924","end_date":"19940926","track":[{"date":"19940924","time":"1200","status":"TD","lat":16,"lon":-84.5,"wind_kt":25,"pressure_mb":1008,"radius_34kt_nm":null},{"date":"19940924","time":"1800","status":"TD","lat":16.3,"lon":-85.1,"wind_kt":30,"pressure_mb":1007,"radius_34kt_nm":null},{"date":"19940925","time":"0000","status":"TD","lat":16.5,"lon":-85.9,"wind_kt":30,"pressure_mb":1007,"radius_34kt_nm":null},{"date":"19940925","time":"0600","status":"TD","lat":16.6,"lon":-86.7,"wind_kt":30,"pressure_mb":1006,"radius_34kt_nm":null},{"date":"19940925","time":"1200","status":"TD","lat":16.7,"lon":-87.6,"wind_kt":30,"pressure_mb":1005,"radius_34kt_nm":null},{"date":"19940925","time":"1800","status":"TD","lat":16.6,"lon":-88.4,"wind_kt":30,"pressure_mb":1004,"radius_34kt_nm":null},{"date":"19940926","time":"0000","status":"TD","lat":16.6,"lon":-88.7,"wind_kt":30,"pressure_mb":1006,"radius_34kt_nm":null},{"date":"19940926","time":"0600","status":"TD","lat":16.6,"lon":-88.9,"wind_kt":25,"pressure_mb":1007,"radius_34kt_nm":null},{"date":"19940926","time":"1200","status":"TD","lat":16.5,"lon":-89.2,"wind_kt":25,"pressure_mb":1007,"radius_34kt_nm":null},{"date":"19940926","time":"1800","status":"TD","lat":16.5,"lon":-89.5,"wind_kt":25,"pressure_mb":1007,"radius_34kt_nm":null}]}},{"type":"Feature","geometry":{"type":"LineString","coordinates":[[-20.8,13.8],[-20.9,14.7],[-20.9,15.2],[-21.1,15.5],[-21.5,15.9],[-21.9,16.3],[-22.1,16.5]]},"properties":{"id":"hur-al091994","event_type":"hurricane","name":null,"year":1994,"max_wind_kt":30,"min_pressure_mb":1007,"category":-1,"preliminary":false,"start_date":"19940927","end_date":"19940929","track":[{"date":"19940927","time":"1200","status":"TD","lat":13.8,"lon":-20.8,"wind_kt":30,"pressure_mb":1008,"radius_34kt_nm":null},{"date":"19940927","time":"1800","status":"TD","lat":14.7,"lon":-20.9,"wind_kt":30,"pressure_mb":1008,"radius_34kt_nm":null},{"date":"19940928","time":"0000","status":"TD","lat":15.2,"lon":-20.9,"wind_kt":30,"pressure_mb":1007,"radius_34kt_nm":null},{"date":"19940928","time":"0600","status":"TD","lat":15.5,"lon":-21.1,"wind_kt":30,"pressure_mb":1008,"radius_34kt_nm":null},{"date":"19940928","time":"1200","status":"TD","lat":15.9,"lon":-21.5,"wind_kt":30,"pressure_mb":1008,"radius_34kt_nm":null},{"date":"19940928","time":"1800","status":"TD","lat":16.3,"lon":-21.9,"wind_kt":30,"pressure_mb":1008,"radius_34kt_nm":null},{"date":"19940929","time":"0000","status":"TD","lat":16.5,"lon":-22.1,"wind_kt":25,"pressure_mb":1009,"radius_34kt_nm":null}]}},{"type":"Feature","geometry":{"type":"LineString","coordinates":[[-86,20.5],[-85.5,21],[-85,22],[-85,22.3],[-85.2,22.5],[-85.5,23],[-86,24]]},"properties":{"id":"hur-al101994","event_type":"hurricane","name":null,"year":1994,"max_wind_kt":30,"min_pressure_mb":1004,"category":-1,"preliminary":false,"start_date":"19940929","end_date":"19940930","track":[{"date":"19940929","time":"0600","status":"TD","lat":20.5,"lon":-86,"wind_kt":25,"pressure_mb":1007,"radius_34kt_nm":null},{"date":"19940929","time":"1200","status":"TD","lat":21,"lon":-85.5,"wind_kt":25,"pressure_mb":1006,"radius_34kt_nm":null},{"date":"19940929","time":"1800","status":"TD","lat":22,"lon":-85,"wind_kt":30,"pressure_mb":1006,"radius_34kt_nm":null},{"date":"19940930","time":"0000","status":"TD","lat":22.3,"lon":-85,"wind_kt":30,"pressure_mb":1005,"radius_34kt_nm":null},{"date":"19940930","time":"0600","status":"TD","lat":22.5,"lon":-85.2,"wind_kt":30,"pressure_mb":1004,"radius_34kt_nm":null},{"date":"19940930","time":"1200","status":"TD","lat":23,"lon":-85.5,"wind_kt":30,"pressure_mb":1005,"radius_34kt_nm":null},{"date":"19940930","time":"1800","status":"TD","lat":24,"lon":-86,"wind_kt":25,"pressure_mb":1006,"radius_34kt_nm":null}]}},{"type":"Feature","geometry":{"type":"LineString","coordinates":[[-47,22.7],[-47.7,23.2],[-48.2,23.8],[-48.9,24.2],[-49.9,24.5],[-50.7,24.7],[-51.4,25],[-52.2,25.3],[-52.6,26],[-52.9,26.7],[-53.4,27.3],[-54,28.1],[-54.6,28.8],[-55.1,29.4],[-55.7,30],[-56.2,30.6],[-56.7,31.3],[-56.9,32],[-57,32.6],[-56.9,33],[-56.5,33.3],[-56,33.7],[-54.8,34.4],[-53.1,35.4],[-49.9,37],[-45.5,39.2],[-40.7,41.8],[-36.2,44.2]]},"properties":{"id":"hur-al111994","event_type":"hurricane","name":"FLORENCE","year":1994,"max_wind_kt":95,"min_pressure_mb":972,"category":2,"preliminary":false,"start_date":"19941102","end_date":"19941108","track":[{"date":"19941102","time":"0000","status":"SD","lat":22.7,"lon":-47,"wind_kt":30,"pressure_mb":1011,"radius_34kt_nm":null},{"date":"19941102","time":"0600","status":"SS","lat":23.2,"lon":-47.7,"wind_kt":35,"pressure_mb":1010,"radius_34kt_nm":null},{"date":"19941102","time":"1200","status":"SS","lat":23.8,"lon":-48.2,"wind_kt":35,"pressure_mb":1009,"radius_34kt_nm":null},{"date":"19941102","time":"1800","status":"SS","lat":24.2,"lon":-48.9,"wind_kt":35,"pressure_mb":1008,"radius_34kt_nm":null},{"date":"19941103","time":"0000","status":"SS","lat":24.5,"lon":-49.9,"wind_kt":35,"pressure_mb":1008,"radius_34kt_nm":null},{"date":"19941103","time":"0600","status":"SD","lat":24.7,"lon":-50.7,"wind_kt":30,"pressure_mb":1008,"radius_34kt_nm":null},{"date":"19941103","time":"1200","status":"SD","lat":25,"lon":-51.4,"wind_kt":30,"pressure_mb":1006,"radius_34kt_nm":null},{"date":"19941103","time":"1800","status":"TD","lat":25.3,"lon":-52.2,"wind_kt":30,"pressure_mb":1005,"radius_34kt_nm":null},{"date":"19941104","time":"0000","status":"TS","lat":26,"lon":-52.6,"wind_kt":35,"pressure_mb":1004,"radius_34kt_nm":null},{"date":"19941104","time":"0600","status":"TS","lat":26.7,"lon":-52.9,"wind_kt":40,"pressure_mb":1003,"radius_34kt_nm":null},{"date":"19941104","time":"1200","status":"TS","lat":27.3,"lon":-53.4,"wind_kt":50,"pressure_mb":999,"radius_34kt_nm":null},{"date":"19941104","time":"1800","status":"HU","lat":28.1,"lon":-54,"wind_kt":65,"pressure_mb":990,"radius_34kt_nm":null},{"date":"19941105","time":"0000","status":"HU","lat":28.8,"lon":-54.6,"wind_kt":65,"pressure_mb":987,"radius_34kt_nm":null},{"date":"19941105","time":"0600","status":"HU","lat":29.4,"lon":-55.1,"wind_kt":65,"pressure_mb":986,"radius_34kt_nm":null},{"date":"19941105","time":"1200","status":"HU","lat":30,"lon":-55.7,"wind_kt":70,"pressure_mb":984,"radius_34kt_nm":null},{"date":"19941105","time":"1800","status":"HU","lat":30.6,"lon":-56.2,"wind_kt":75,"pressure_mb":981,"radius_34kt_nm":null},{"date":"19941106","time":"0000","status":"HU","lat":31.3,"lon":-56.7,"wind_kt":75,"pressure_mb":980,"radius_34kt_nm":null},{"date":"19941106","time":"0600","status":"HU","lat":32,"lon":-56.9,"wind_kt":75,"pressure_mb":980,"radius_34kt_nm":null},{"date":"19941106","time":"1200","status":"HU","lat":32.6,"lon":-57,"wind_kt":75,"pressure_mb":980,"radius_34kt_nm":null},{"date":"19941106","time":"1800","status":"HU","lat":33,"lon":-56.9,"wind_kt":65,"pressure_mb":982,"radius_34kt_nm":null},{"date":"19941107","time":"0000","status":"HU","lat":33.3,"lon":-56.5,"wind_kt":65,"pressure_mb":982,"radius_34kt_nm":null},{"date":"19941107","time":"0600","status":"HU","lat":33.7,"lon":-56,"wind_kt":70,"pressure_mb":981,"radius_34kt_nm":null},{"date":"19941107","time":"1200","status":"HU","lat":34.4,"lon":-54.8,"wind_kt":80,"pressure_mb":975,"radius_34kt_nm":null},{"date":"19941107","time":"1800","status":"HU","lat":35.4,"lon":-53.1,"wind_kt":90,"pressure_mb":972,"radius_34kt_nm":null},{"date":"19941108","time":"0000","status":"HU","lat":37,"lon":-49.9,"wind_kt":95,"pressure_mb":972,"radius_34kt_nm":null},{"date":"19941108","time":"0600","status":"HU","lat":39.2,"lon":-45.5,"wind_kt":95,"pressure_mb":974,"radius_34kt_nm":null},{"date":"19941108","time":"1200","status":"HU","lat":41.8,"lon":-40.7,"wind_kt":85,"pressure_mb":977,"radius_34kt_nm":null},{"date":"19941108","time":"1800","status":"HU","lat":44.2,"lon":-36.2,"wind_kt":75,"pressure_mb":982,"radius_34kt_nm":null}]}},{"type":"Feature","geometry":{"type":"LineString","coordinates":[[-82.3,11.9],[-82.5,12],[-82.8,12.3],[-83,12.5],[-83.2,12.8],[-83.4,13.2],[-83.4,13.6],[-83.4,14],[-83.2,14.3],[-82.7,14.6],[-82.4,15.1],[-82.3,15.7],[-82.2,16.3],[-81.5,16.9],[-80.8,17.2],[-80.2,17.4],[-79.8,17.5],[-79.2,17.4],[-77.9,17.6],[-76.8,17.9],[-76,18.3],[-75,19.9],[-74.9,20],[-75.4,21.5],[-76.3,22.1],[-77.5,22.7],[-78.3,23.2],[-79.1,23.4],[-79.9,23.6],[-80.8,23.9],[-81.6,24.5],[-81.7,24.6],[-82.1,24.9],[-82.5,25.4],[-82.4,25.7],[-82,26.4],[-81.9,26.5],[-81.4,27.1],[-80,28],[-78.5,29],[-76.7,30],[-74.8,31.5],[-74.2,33.1],[-74.7,33.5],[-75.7,33.7],[-75.9,33.2],[-75.5,32.5],[-75,31.6],[-74.8,31.1],[-75,30.4],[-75.3,29.8],[-76.2,28.9],[-77.2,28.4],[-78.6,28.2],[-79.8,28.2],[-80.6,28.5],[-81.5,29.2],[-81.8,31.3],[-79.8,34.1]]},"properties":{"id":"hur-al121994","event_type":"hurricane","name":"GORDON","year":1994,"max_wind_kt":75,"min_pressure_mb":980,"category":1,"preliminary":false,"start_date":"19941108","end_date":"19941121","track":[{"date":"19941108","time":"1200","status":"TD","lat":11.9,"lon":-82.3,"wind_kt":25,"pressure_mb":1009,"radius_34kt_nm":null},{"date":"19941108","time":"1800","status":"TD","lat":12,"lon":-82.5,"wind_kt":25,"pressure_mb":1008,"radius_34kt_nm":null},{"date":"19941109","time":"0000","status":"TD","lat":12.3,"lon":-82.8,"wind_kt":30,"pressure_mb":1007,"radius_34kt_nm":null},{"date":"19941109","time":"0600","status":"TD","lat":12.5,"lon":-83,"wind_kt":30,"pressure_mb":1007,"radius_34kt_nm":null},{"date":"19941109","time":"1200","status":"TD","lat":12.8,"lon":-83.2,"wind_kt":30,"pressure_mb":1007,"radius_34kt_nm":null},{"date":"19941109","time":"1800","status":"TD","lat":13.2,"lon":-83.4,"wind_kt":30,"pressure_mb":1007,"radius_34kt_nm":null},{"date":"19941110","time":"0000","status":"TD","lat":13.6,"lon":-83.4,"wind_kt":30,"pressure_mb":1007,"radius_34kt_nm":null},{"date":"19941110","time":"0600","status":"TD","lat":14,"lon":-83.4,"wind_kt":30,"pressure_mb":1008,"radius_34kt_nm":null},{"date":"19941110","time":"1200","status":"TD","lat":14.3,"lon":-83.2,"wind_kt":30,"pressure_mb":1008,"radius_34kt_nm":null},{"date":"19941110","time":"1800","status":"TS","lat":14.6,"lon":-82.7,"wind_kt":35,"pressure_mb":1006,"radius_34kt_nm":null},{"date":"19941111","time":"0000","status":"TS","lat":15.1,"lon":-82.4,"wind_kt":35,"pressure_mb":1006,"radius_34kt_nm":null},{"date":"19941111","time":"0600","status":"TS","lat":15.7,"lon":-82.3,"wind_kt":35,"pressure_mb":1003,"radius_34kt_nm":null},{"date":"19941111","time":"1200","status":"TS","lat":16.3,"lon":-82.2,"wind_kt":35,"pressure_mb":1005,"radius_34kt_nm":null},{"date":"19941111","time":"1800","status":"TS","lat":16.9,"lon":-81.5,"wind_kt":35,"pressure_mb":1004,"radius_34kt_nm":null},{"date":"19941112","time":"0000","status":"TS","lat":17.2,"lon":-80.8,"wind_kt":40,"pressure_mb":1000,"radius_34kt_nm":null},{"date":"19941112","time":"0600","status":"TS","lat":17.4,"lon":-80.2,"wind_kt":40,"pressure_mb":999,"radius_34kt_nm":null},{"date":"19941112","time":"1200","status":"TS","lat":17.5,"lon":-79.8,"wind_kt":40,"pressure_mb":999,"radius_34kt_nm":null},{"date":"19941112","time":"1800","status":"TS","lat":17.4,"lon":-79.2,"wind_kt":35,"pressure_mb":999,"radius_34kt_nm":null},{"date":"19941113","time":"0000","status":"TS","lat":17.6,"lon":-77.9,"wind_kt":35,"pressure_mb":999,"radius_34kt_nm":null},{"date":"19941113","time":"0300","status":"TS","lat":17.9,"lon":-76.8,"wind_kt":35,"pressure_mb":1000,"radius_34kt_nm":null},{"date":"19941113","time":"0600","status":"TS","lat":18.3,"lon":-76,"wind_kt":40,"pressure_mb":1001,"radius_34kt_nm":null},{"date":"19941113","time":"1200","status":"TS","lat":19.9,"lon":-75,"wind_kt":40,"pressure_mb":1000,"radius_34kt_nm":null},{"date":"19941113","time":"1300","status":"TS","lat":20,"lon":-74.9,"wind_kt":40,"pressure_mb":1000,"radius_34kt_nm":null},{"date":"19941113","time":"1800","status":"TS","lat":21.5,"lon":-75.4,"wind_kt":40,"pressure_mb":1001,"radius_34kt_nm":null},{"date":"19941114","time":"0000","status":"TS","lat":22.1,"lon":-76.3,"wind_kt":40,"pressure_mb":999,"radius_34kt_nm":null},{"date":"19941114","time":"0600","status":"TS","lat":22.7,"lon":-77.5,"wind_kt":45,"pressure_mb":998,"radius_34kt_nm":null},{"date":"19941114","time":"1200","status":"TS","lat":23.2,"lon":-78.3,"wind_kt":45,"pressure_mb":997,"radius_34kt_nm":null},{"date":"19941114","time":"1800","status":"TS","lat":23.4,"lon":-79.1,"wind_kt":45,"pressure_mb":998,"radius_34kt_nm":null},{"date":"19941115","time":"0000","status":"TS","lat":23.6,"lon":-79.9,"wind_kt":45,"pressure_mb":998,"radius_34kt_nm":null},{"date":"19941115","time":"0600","status":"TS","lat":23.9,"lon":-80.8,"wind_kt":45,"pressure_mb":999,"radius_34kt_nm":null},{"date":"19941115","time":"1200","status":"TS","lat":24.5,"lon":-81.6,"wind_kt":45,"pressure_mb":999,"radius_34kt_nm":null},{"date":"19941115","time":"1300","status":"TS","lat":24.6,"lon":-81.7,"wind_kt":45,"pressure_mb":999,"radius_34kt_nm":null},{"date":"19941115","time":"1800","status":"TS","lat":24.9,"lon":-82.1,"wind_kt":45,"pressure_mb":998,"radius_34kt_nm":null},{"date":"19941116","time":"0000","status":"TS","lat":25.4,"lon":-82.5,"wind_kt":45,"pressure_mb":998,"radius_34kt_nm":null},{"date":"19941116","time":"0600","status":"TS","lat":25.7,"lon":-82.4,"wind_kt":45,"pressure_mb":997,"radius_34kt_nm":null},{"date":"19941116","time":"1200","status":"TS","lat":26.4,"lon":-82,"wind_kt":45,"pressure_mb":995,"radius_34kt_nm":null},{"date":"19941116","time":"1300","status":"TS","lat":26.5,"lon":-81.9,"wind_kt":45,"pressure_mb":996,"radius_34kt_nm":null},{"date":"19941116","time":"1800","status":"TS","lat":27.1,"lon":-81.4,"wind_kt":45,"pressure_mb":995,"radius_34kt_nm":null},{"date":"19941117","time":"0000","status":"TS","lat":28,"lon":-80,"wind_kt":55,"pressure_mb":993,"radius_34kt_nm":null},{"date":"19941117","time":"0600","status":"TS","lat":29,"lon":-78.5,"wind_kt":55,"pressure_mb":989,"radius_34kt_nm":null},{"date":"19941117","time":"1200","status":"TS","lat":30,"lon":-76.7,"wind_kt":60,"pressure_mb":987,"radius_34kt_nm":null},{"date":"19941117","time":"1800","status":"HU","lat":31.5,"lon":-74.8,"wind_kt":65,"pressure_mb":981,"radius_34kt_nm":null},{"date":"19941118","time":"0000","status":"HU","lat":33.1,"lon":-74.2,"wind_kt":75,"pressure_mb":980,"radius_34kt_nm":null},{"date":"19941118","time":"0600","status":"HU","lat":33.5,"lon":-74.7,"wind_kt":70,"pressure_mb":981,"radius_34kt_nm":null},{"date":"19941118","time":"1200","status":"HU","lat":33.7,"lon":-75.7,"wind_kt":70,"pressure_mb":984,"radius_34kt_nm":null},{"date":"19941118","time":"1800","status":"TS","lat":33.2,"lon":-75.9,"wind_kt":60,"pressure_mb":986,"radius_34kt_nm":null},{"date":"19941119","time":"0000","status":"TS","lat":32.5,"lon":-75.5,"wind_kt":50,"pressure_mb":992,"radius_34kt_nm":null},{"date":"19941119","time":"0600","status":"TS","lat":31.6,"lon":-75,"wind_kt":45,"pressure_mb":996,"radius_34kt_nm":null},{"date":"19941119","time":"1200","status":"TS","lat":31.1,"lon":-74.8,"wind_kt":40,"pressure_mb":1000,"radius_34kt_nm":null},{"date":"19941119","time":"1800","status":"TS","lat":30.4,"lon":-75,"wind_kt":35,"pressure_mb":1005,"radius_34kt_nm":null},{"date":"19941120","time":"0000","status":"TS","lat":29.8,"lon":-75.3,"wind_kt":35,"pressure_mb":1007,"radius_34kt_nm":null},{"date":"19941120","time":"0600","status":"TD","lat":28.9,"lon":-76.2,"wind_kt":30,"pressure_mb":1008,"radius_34kt_nm":null},{"date":"19941120","time":"1200","status":"TD","lat":28.4,"lon":-77.2,"wind_kt":30,"pressure_mb":1009,"radius_34kt_nm":null},{"date":"19941120","time":"1800","status":"TD","lat":28.2,"lon":-78.6,"wind_kt":25,"pressure_mb":1009,"radius_34kt_nm":null},{"date":"19941121","time":"0000","status":"TD","lat":28.2,"lon":-79.8,"wind_kt":25,"pressure_mb":1010,"radius_34kt_nm":null},{"date":"19941121","time":"0300","status":"TD","lat":28.5,"lon":-80.6,"wind_kt":25,"pressure_mb":1011,"radius_34kt_nm":null},{"date":"19941121","time":"0600","status":"TD","lat":29.2,"lon":-81.5,"wind_kt":20,"pressure_mb":1012,"radius_34kt_nm":null},{"date":"19941121","time":"1200","status":"TD","lat":31.3,"lon":-81.8,"wind_kt":20,"pressure_mb":1013,"radius_34kt_nm":null},{"date":"19941121","time":"1800","status":"TD","lat":34.1,"lon":-79.8,"wind_kt":20,"pressure_mb":1013,"radius_34kt_nm":null}]}},{"type":"Feature","geometry":{"type":"LineString","coordinates":[[-84.3,17.4],[-84.9,18.3],[-85.7,19.3],[-85.8,20.6],[-86,22],[-86.3,23.3],[-86.2,24.7],[-86.2,26.2],[-86.1,27.6],[-85.6,28.5],[-84.7,29.6],[-84.4,29.9],[-84.2,30.1],[-83.8,30.7],[-82.8,31.8],[-81.5,32.7],[-80,33.6],[-78.1,34.5],[-75.9,35.6],[-73.6,37.1],[-71,38.5],[-69.2,39.8],[-67.7,41],[-66,42.4],[-63.7,43.8],[-61.2,45.2],[-58.5,46.5],[-55.9,48.1],[-53,50],[-52,53],[-52,57],[-52,60],[-53,62],[-55,64],[-56,65]]},"properties":{"id":"hur-al011995","event_type":"hurricane","name":"ALLISON","year":1995,"max_wind_kt":65,"min_pressure_mb":982,"category":1,"preliminary":false,"start_date":"19950603","end_date":"19950611","track":[{"date":"19950603","time":"0000","status":"TD","lat":17.4,"lon":-84.3,"wind_kt":30,"pressure_mb":1005,"radius_34kt_nm":null},{"date":"19950603","time":"0600","status":"TD","lat":18.3,"lon":-84.9,"wind_kt":30,"pressure_mb":1004,"radius_34kt_nm":null},{"date":"19950603","time":"1200","status":"TS","lat":19.3,"lon":-85.7,"wind_kt":35,"pressure_mb":1003,"radius_34kt_nm":null},{"date":"19950603","time":"1800","status":"TS","lat":20.6,"lon":-85.8,"wind_kt":40,"pressure_mb":1001,"radius_34kt_nm":null},{"date":"19950604","time":"0000","status":"TS","lat":22,"lon":-86,"wind_kt":50,"pressure_mb":997,"radius_34kt_nm":null},{"date":"19950604","time":"0600","status":"TS","lat":23.3,"lon":-86.3,"wind_kt":60,"pressure_mb":995,"radius_34kt_nm":null},{"date":"19950604","time":"1200","status":"HU","lat":24.7,"lon":-86.2,"wind_kt":65,"pressure_mb":987,"radius_34kt_nm":null},{"date":"19950604","time":"1800","status":"HU","lat":26.2,"lon":-86.2,"wind_kt":65,"pressure_mb":988,"radius_34kt_nm":null},{"date":"19950605","time":"0000","status":"HU","lat":27.6,"lon":-86.1,"wind_kt":65,"pressure_mb":988,"radius_34kt_nm":null},{"date":"19950605","time":"0600","status":"TS","lat":28.5,"lon":-85.6,"wind_kt":60,"pressure_mb":990,"radius_34kt_nm":null},{"date":"19950605","time":"1200","status":"TS","lat":29.6,"lon":-84.7,"wind_kt":60,"pressure_mb":990,"radius_34kt_nm":null},{"date":"19950605","time":"1400","status":"TS","lat":29.9,"lon":-84.4,"wind_kt":60,"pressure_mb":991,"radius_34kt_nm":null},{"date":"19950605","time":"1500","status":"TS","lat":30.1,"lon":-84.2,"wind_kt":55,"pressure_mb":991,"radius_34kt_nm":null},{"date":"19950605","time":"1800","status":"TS","lat":30.7,"lon":-83.8,"wind_kt":45,"pressure_mb":993,"radius_34kt_nm":null},{"date":"19950606","time":"0000","status":"TD","lat":31.8,"lon":-82.8,"wind_kt":30,"pressure_mb":993,"radius_34kt_nm":null},{"date":"19950606","time":"0600","status":"EX","lat":32.7,"lon":-81.5,"wind_kt":35,"pressure_mb":994,"radius_34kt_nm":null},{"date":"19950606","time":"1200","status":"EX","lat":33.6,"lon":-80,"wind_kt":35,"pressure_mb":995,"radius_34kt_nm":null},{"date":"19950606","time":"1800","status":"EX","lat":34.5,"lon":-78.1,"wind_kt":40,"pressure_mb":995,"radius_34kt_nm":null},{"date":"19950607","time":"0000","status":"EX","lat":35.6,"lon":-75.9,"wind_kt":40,"pressure_mb":992,"radius_34kt_nm":null},{"date":"19950607","time":"0600","status":"EX","lat":37.1,"lon":-73.6,"wind_kt":45,"pressure_mb":990,"radius_34kt_nm":null},{"date":"19950607","time":"1200","status":"EX","lat":38.5,"lon":-71,"wind_kt":45,"pressure_mb":988,"radius_34kt_nm":null},{"date":"19950607","time":"1800","status":"EX","lat":39.8,"lon":-69.2,"wind_kt":45,"pressure_mb":984,"radius_34kt_nm":null},{"date":"19950608","time":"0000","status":"EX","lat":41,"lon":-67.7,"wind_kt":50,"pressure_mb":982,"radius_34kt_nm":null},{"date":"19950608","time":"0600","status":"EX","lat":42.4,"lon":-66,"wind_kt":50,"pressure_mb":984,"radius_34kt_nm":null},{"date":"19950608","time":"1200","status":"EX","lat":43.8,"lon":-63.7,"wind_kt":50,"pressure_mb":989,"radius_34kt_nm":null},{"date":"19950608","time":"1800","status":"EX","lat":45.2,"lon":-61.2,"wind_kt":45,"pressure_mb":993,"radius_34kt_nm":null},{"date":"19950609","time":"0000","status":"EX","lat":46.5,"lon":-58.5,"wind_kt":40,"pressure_mb":995,"radius_34kt_nm":null},{"date":"19950609","time":"0600","status":"EX","lat":48.1,"lon":-55.9,"wind_kt":40,"pressure_mb":996,"radius_34kt_nm":null},{"date":"19950609","time":"1200","status":"EX","lat":50,"lon":-53,"wind_kt":40,"pressure_mb":997,"radius_34kt_nm":null},{"date":"19950609","time":"1800","status":"EX","lat":53,"lon":-52,"wind_kt":40,"pressure_mb":1000,"radius_34kt_nm":null},{"date":"19950610","time":"0000","status":"EX","lat":57,"lon":-52,"wind_kt":40,"pressure_mb":997,"radius_34kt_nm":null},{"date":"19950610","time":"0600","status":"EX","lat":60,"lon":-52,"wind_kt":40,"pressure_mb":990,"radius_34kt_nm":null},{"date":"19950610","time":"1200","status":"EX","lat":62,"lon":-53,"wind_kt":40,"pressure_mb":992,"radius_34kt_nm":null},{"date":"19950610","time":"1800","status":"EX","lat":64,"lon":-55,"wind_kt":35,"pressure_mb":992,"radius_34kt_nm":null},{"date":"19950611","time":"0000","status":"EX","lat":65,"lon":-56,"wind_kt":35,"pressure_mb":993,"radius_34kt_nm":null}]}},{"type":"Feature","geometry":{"type":"LineString","coordinates":[[-72,32],[-72,32],[-72,31.9],[-72,31.8],[-71.9,31.7],[-71.7,31.5],[-71.6,31.3],[-71.3,31.3],[-71,31.6],[-70.6,32.2],[-70.2,33.2],[-69.9,33.6],[-69.6,34],[-68.9,34.9],[-68.2,35.9],[-67.2,37.2],[-66,38.7],[-64.6,40.5],[-63.1,42.3],[-61.7,44.3],[-61,45.3],[-60.8,45.6],[-60.5,46.4],[-59.2,48.5]]},"properties":{"id":"hur-al021995","event_type":"hurricane","name":"BARRY","year":1995,"max_wind_kt":60,"min_pressure_mb":989,"category":0,"preliminary":false,"start_date":"19950705","end_date":"19950710","track":[{"date":"19950705","time":"0600","status":"TD","lat":32,"lon":-72,"wind_kt":20,"pressure_mb":1019,"radius_34kt_nm":null},{"date":"19950705","time":"1200","status":"TD","lat":32,"lon":-72,"wind_kt":20,"pressure_mb":1019,"radius_34kt_nm":null},{"date":"19950705","time":"1800","status":"TD","lat":31.9,"lon":-72,"wind_kt":20,"pressure_mb":1018,"radius_34kt_nm":null},{"date":"19950706","time":"0000","status":"TD","lat":31.8,"lon":-72,"wind_kt":25,"pressure_mb":1017,"radius_34kt_nm":null},{"date":"19950706","time":"0600","status":"TD","lat":31.7,"lon":-71.9,"wind_kt":25,"pressure_mb":1016,"radius_34kt_nm":null},{"date":"19950706","time":"1200","status":"TD","lat":31.5,"lon":-71.7,"wind_kt":30,"pressure_mb":1013,"radius_34kt_nm":null},{"date":"19950706","time":"1800","status":"TD","lat":31.3,"lon":-71.6,"wind_kt":30,"pressure_mb":1011,"radius_34kt_nm":null},{"date":"19950707","time":"0000","status":"TD","lat":31.3,"lon":-71.3,"wind_kt":30,"pressure_mb":1009,"radius_34kt_nm":null},{"date":"19950707","time":"0600","status":"TS","lat":31.6,"lon":-71,"wind_kt":35,"pressure_mb":1007,"radius_34kt_nm":null},{"date":"19950707","time":"1200","status":"TS","lat":32.2,"lon":-70.6,"wind_kt":40,"pressure_mb":1004,"radius_34kt_nm":null},{"date":"19950707","time":"1800","status":"TS","lat":33.2,"lon":-70.2,"wind_kt":60,"pressure_mb":1001,"radius_34kt_nm":null},{"date":"19950707","time":"2100","status":"TS","lat":33.6,"lon":-69.9,"wind_kt":60,"pressure_mb":998,"radius_34kt_nm":null},{"date":"19950708","time":"0000","status":"TS","lat":34,"lon":-69.6,"wind_kt":60,"pressure_mb":997,"radius_34kt_nm":null},{"date":"19950708","time":"0600","status":"TS","lat":34.9,"lon":-68.9,"wind_kt":55,"pressure_mb":997,"radius_34kt_nm":null},{"date":"19950708","time":"1200","status":"TS","lat":35.9,"lon":-68.2,"wind_kt":50,"pressure_mb":997,"radius_34kt_nm":null},{"date":"19950708","time":"1800","status":"TS","lat":37.2,"lon":-67.2,"wind_kt":50,"pressure_mb":997,"radius_34kt_nm":null},{"date":"19950709","time":"0000","status":"TS","lat":38.7,"lon":-66,"wind_kt":50,"pressure_mb":996,"radius_34kt_nm":null},{"date":"19950709","time":"0600","status":"TS","lat":40.5,"lon":-64.6,"wind_kt":50,"pressure_mb":995,"radius_34kt_nm":null},{"date":"19950709","time":"1200","status":"TS","lat":42.3,"lon":-63.1,"wind_kt":50,"pressure_mb":993,"radius_34kt_nm":null},{"date":"19950709","time":"1800","status":"TS","lat":44.3,"lon":-61.7,"wind_kt":50,"pressure_mb":991,"radius_34kt_nm":null},{"date":"19950709","time":"2130","status":"TS","lat":45.3,"lon":-61,"wind_kt":50,"pressure_mb":990,"radius_34kt_nm":null},{"date":"19950709","time":"2200","status":"TS","lat":45.6,"lon":-60.8,"wind_kt":45,"pressure_mb":990,"radius_34kt_nm":null},{"date":"19950710","time":"0000","status":"TS","lat":46.4,"lon":-60.5,"wind_kt":45,"pressure_mb":990,"radius_34kt_nm":null},{"date":"19950710","time":"0600","status":"TS","lat":48.5,"lon":-59.2,"wind_kt":40,"pressure_mb":989,"radius_34kt_nm":null}]}},{"type":"Feature","geometry":{"type":"LineString","coordinates":[[-54.9,17.1],[-56.5,17.5],[-58.3,18.1],[-59.9,18.7],[-61,19.2],[-61.9,19.6],[-62.7,20.1],[-63.6,20.6],[-64.4,21.1],[-64.9,21.1],[-65.2,21.1],[-65.5,21.3],[-66,21.8],[-66.7,22.3],[-67.5,22.7],[-67.9,23.2],[-68.2,23.7],[-68.4,24.5],[-68.8,25.3],[-69.1,26.2],[-69.4,27.2],[-69.6,28.2],[-69.8,29.3],[-69.8,30.5],[-69.7,31.6],[-69,32.6],[-68.1,33.6],[-67.3,34.6],[-65.8,35.4],[-64.1,36.2],[-62.4,37.1],[-60.2,38.2],[-57.6,39.5],[-54.7,41.1],[-51.7,43],[-48.8,45.4],[-45.2,47.7],[-41.6,49.7],[-37,51.4],[-31,53],[-20,55]]},"properties":{"id":"hur-al031995","event_type":"hurricane","name":"CHANTAL","year":1995,"max_wind_kt":60,"min_pressure_mb":991,"category":0,"preliminary":false,"start_date":"19950712","end_date":"19950722","track":[{"date":"19950712","time":"0000","status":"TD","lat":17.1,"lon":-54.9,"wind_kt":25,"pressure_mb":1012,"radius_34kt_nm":null},{"date":"19950712","time":"0600","status":"TD","lat":17.5,"lon":-56.5,"wind_kt":25,"pressure_mb":1012,"radius_34kt_nm":null},{"date":"19950712","time":"1200","status":"TD","lat":18.1,"lon":-58.3,"wind_kt":25,"pressure_mb":1012,"radius_34kt_nm":null},{"date":"19950712","time":"1800","status":"TD","lat":18.7,"lon":-59.9,"wind_kt":30,"pressure_mb":1011,"radius_34kt_nm":null},{"date":"19950713","time":"0000","status":"TD","lat":19.2,"lon":-61,"wind_kt":30,"pressure_mb":1011,"radius_34kt_nm":null},{"date":"19950713","time":"0600","status":"TD","lat":19.6,"lon":-61.9,"wind_kt":30,"pressure_mb":1011,"radius_34kt_nm":null},{"date":"19950713","time":"1200","status":"TD","lat":20.1,"lon":-62.7,"wind_kt":30,"pressure_mb":1010,"radius_34kt_nm":null},{"date":"19950713","time":"1800","status":"TD","lat":20.6,"lon":-63.6,"wind_kt":30,"pressure_mb":1010,"radius_34kt_nm":null},{"date":"19950714","time":"0000","status":"TS","lat":21.1,"lon":-64.4,"wind_kt":35,"pressure_mb":1006,"radius_34kt_nm":null},{"date":"19950714","time":"0600","status":"TS","lat":21.1,"lon":-64.9,"wind_kt":35,"pressure_mb":1008,"radius_34kt_nm":null},{"date":"19950714","time":"1200","status":"TS","lat":21.1,"lon":-65.2,"wind_kt":35,"pressure_mb":1009,"radius_34kt_nm":null},{"date":"19950714","time":"1800","status":"TS","lat":21.3,"lon":-65.5,"wind_kt":40,"pressure_mb":1010,"radius_34kt_nm":null},{"date":"19950715","time":"0000","status":"TS","lat":21.8,"lon":-66,"wind_kt":40,"pressure_mb":1009,"radius_34kt_nm":null},{"date":"19950715","time":"0600","status":"TS","lat":22.3,"lon":-66.7,"wind_kt":45,"pressure_mb":1006,"radius_34kt_nm":null},{"date":"19950715","time":"1200","status":"TS","lat":22.7,"lon":-67.5,"wind_kt":45,"pressure_mb":1006,"radius_34kt_nm":null},{"date":"19950715","time":"1800","status":"TS","lat":23.2,"lon":-67.9,"wind_kt":45,"pressure_mb":1005,"radius_34kt_nm":null},{"date":"19950716","time":"0000","status":"TS","lat":23.7,"lon":-68.2,"wind_kt":45,"pressure_mb":1004,"radius_34kt_nm":null},{"date":"19950716","time":"0600","status":"TS","lat":24.5,"lon":-68.4,"wind_kt":50,"pressure_mb":999,"radius_34kt_nm":null},{"date":"19950716","time":"1200","status":"TS","lat":25.3,"lon":-68.8,"wind_kt":50,"pressure_mb":999,"radius_34kt_nm":null},{"date":"19950716","time":"1800","status":"TS","lat":26.2,"lon":-69.1,"wind_kt":55,"pressure_mb":997,"radius_34kt_nm":null},{"date":"19950717","time":"0000","status":"TS","lat":27.2,"lon":-69.4,"wind_kt":60,"pressure_mb":991,"radius_34kt_nm":null},{"date":"19950717","time":"0600","status":"TS","lat":28.2,"lon":-69.6,"wind_kt":60,"pressure_mb":995,"radius_34kt_nm":null},{"date":"19950717","time":"1200","status":"TS","lat":29.3,"lon":-69.8,"wind_kt":60,"pressure_mb":997,"radius_34kt_nm":null},{"date":"19950717","time":"1800","status":"TS","lat":30.5,"lon":-69.8,"wind_kt":55,"pressure_mb":995,"radius_34kt_nm":null},{"date":"19950718","time":"0000","status":"TS","lat":31.6,"lon":-69.7,"wind_kt":55,"pressure_mb":994,"radius_34kt_nm":null},{"date":"19950718","time":"0600","status":"TS","lat":32.6,"lon":-69,"wind_kt":55,"pressure_mb":994,"radius_34kt_nm":null},{"date":"19950718","time":"1200","status":"TS","lat":33.6,"lon":-68.1,"wind_kt":50,"pressure_mb":995,"radius_34kt_nm":null},{"date":"19950718","time":"1800","status":"TS","lat":34.6,"lon":-67.3,"wind_kt":50,"pressure_mb":996,"radius_34kt_nm":null},{"date":"19950719","time":"0000","status":"TS","lat":35.4,"lon":-65.8,"wind_kt":50,"pressure_mb":997,"radius_34kt_nm":null},{"date":"19950719","time":"0600","status":"TS","lat":36.2,"lon":-64.1,"wind_kt":50,"pressure_mb":997,"radius_34kt_nm":null},{"date":"19950719","time":"1200","status":"TS","lat":37.1,"lon":-62.4,"wind_kt":50,"pressure_mb":998,"radius_34kt_nm":null},{"date":"19950719","time":"1800","status":"TS","lat":38.2,"lon":-60.2,"wind_kt":50,"pressure_mb":998,"radius_34kt_nm":null},{"date":"19950720","time":"0000","status":"TS","lat":39.5,"lon":-57.6,"wind_kt":50,"pressure_mb":999,"radius_34kt_nm":null},{"date":"19950720","time":"0600","status":"TS","lat":41.1,"lon":-54.7,"wind_kt":50,"pressure_mb":999,"radius_34kt_nm":null},{"date":"19950720","time":"1200","status":"TS","lat":43,"lon":-51.7,"wind_kt":50,"pressure_mb":1000,"radius_34kt_nm":null},{"date":"19950720","time":"1800","status":"EX","lat":45.4,"lon":-48.8,"wind_kt":50,"pressure_mb":1000,"radius_34kt_nm":null},{"date":"19950721","time":"0000","status":"EX","lat":47.7,"lon":-45.2,"wind_kt":50,"pressure_mb":1001,"radius_34kt_nm":null},{"date":"19950721","time":"0600","status":"EX","lat":49.7,"lon":-41.6,"wind_kt":50,"pressure_mb":1002,"radius_34kt_nm":null},{"date":"19950721","time":"1200","status":"EX","lat":51.4,"lon":-37,"wind_kt":50,"pressure_mb":1003,"radius_34kt_nm":null},{"date":"19950721","time":"1800","status":"EX","lat":53,"lon":-31,"wind_kt":50,"pressure_mb":1005,"radius_34kt_nm":null},{"date":"19950722","time":"0000","status":"EX","lat":55,"lon":-20,"wind_kt":50,"pressure_mb":1005,"radius_34kt_nm":null}]}},{"type":"Feature","geometry":{"type":"LineString","coordinates":[[-86.6,26.2],[-87.3,26.1],[-87.9,26.2],[-88.3,26.3],[-89.4,26.5],[-90.6,26.9],[-91.7,27.6],[-93,28.1],[-94,28.6],[-95,29],[-95.3,29.2],[-95.5,29.5],[-96,30],[-96.5,30.5],[-97,31.5],[-97.5,32],[-98.5,33],[-98.5,33],[-98.5,33],[-98.5,33],[-98.5,33],[-98.5,33]]},"properties":{"id":"hur-al041995","event_type":"hurricane","name":"DEAN","year":1995,"max_wind_kt":40,"min_pressure_mb":999,"category":0,"preliminary":false,"start_date":"19950728","end_date":"19950802","track":[{"date":"19950728","time":"1800","status":"TD","lat":26.2,"lon":-86.6,"wind_kt":25,"pressure_mb":1009,"radius_34kt_nm":null},{"date":"19950729","time":"0000","status":"TD","lat":26.1,"lon":-87.3,"wind_kt":30,"pressure_mb":1008,"radius_34kt_nm":null},{"date":"19950729","time":"0600","status":"TD","lat":26.2,"lon":-87.9,"wind_kt":30,"pressure_mb":1008,"radius_34kt_nm":null},{"date":"19950729","time":"1200","status":"TD","lat":26.3,"lon":-88.3,"wind_kt":30,"pressure_mb":1008,"radius_34kt_nm":null},{"date":"19950729","time":"1800","status":"TD","lat":26.5,"lon":-89.4,"wind_kt":30,"pressure_mb":1007,"radius_34kt_nm":null},{"date":"19950730","time":"0000","status":"TD","lat":26.9,"lon":-90.6,"wind_kt":30,"pressure_mb":1007,"radius_34kt_nm":null},{"date":"19950730","time":"0600","status":"TD","lat":27.6,"lon":-91.7,"wind_kt":30,"pressure_mb":1006,"radius_34kt_nm":null},{"date":"19950730","time":"1200","status":"TD","lat":28.1,"lon":-93,"wind_kt":30,"pressure_mb":1005,"radius_34kt_nm":null},{"date":"19950730","time":"1800","status":"TS","lat":28.6,"lon":-94,"wind_kt":35,"pressure_mb":1003,"radius_34kt_nm":null},{"date":"19950731","time":"0000","status":"TS","lat":29,"lon":-95,"wind_kt":40,"pressure_mb":999,"radius_34kt_nm":null},{"date":"19950731","time":"0200","status":"TS","lat":29.2,"lon":-95.3,"wind_kt":40,"pressure_mb":999,"radius_34kt_nm":null},{"date":"19950731","time":"0600","status":"TD","lat":29.5,"lon":-95.5,"wind_kt":30,"pressure_mb":1002,"radius_34kt_nm":null},{"date":"19950731","time":"1200","status":"TD","lat":30,"lon":-96,"wind_kt":25,"pressure_mb":1003,"radius_34kt_nm":null},{"date":"19950731","time":"1800","status":"TD","lat":30.5,"lon":-96.5,"wind_kt":20,"pressure_mb":1003,"radius_34kt_nm":null},{"date":"19950801","time":"0000","status":"TD","lat":31.5,"lon":-97,"wind_kt":20,"pressure_mb":1004,"radius_34kt_nm":null},{"date":"19950801","time":"0600","status":"TD","lat":32,"lon":-97.5,"wind_kt":20,"pressure_mb":1004,"radius_34kt_nm":null},{"date":"19950801","time":"1200","status":"TD","lat":33,"lon":-98.5,"wind_kt":20,"pressure_mb":1004,"radius_34kt_nm":null},{"date":"19950801","time":"1800","status":"TD","lat":33,"lon":-98.5,"wind_kt":20,"pressure_mb":1004,"radius_34kt_nm":null},{"date":"19950802","time":"0000","status":"TD","lat":33,"lon":-98.5,"wind_kt":20,"pressure_mb":1004,"radius_34kt_nm":null},{"date":"19950802","time":"0600","status":"TD","lat":33,"lon":-98.5,"wind_kt":20,"pressure_mb":1004,"radius_34kt_nm":null},{"date":"19950802","time":"1200","status":"TD","lat":33,"lon":-98.5,"wind_kt":20,"pressure_mb":1004,"radius_34kt_nm":null},{"date":"19950802","time":"1800","status":"TD","lat":33,"lon":-98.5,"wind_kt":20,"pressure_mb":1004,"radius_34kt_nm":null}]}},{"type":"Feature","geometry":{"type":"LineString","coordinates":[[-73.2,22.3],[-73.6,22.6],[-73.9,22.8],[-74.3,23.2],[-74.9,23.6],[-75.7,24.3],[-76.3,25.5],[-77.7,26.3],[-79,26.9],[-80.4,27.7],[-80.3,27.7],[-81.9,28.2],[-83.4,28.6],[-84.7,28.8],[-85.7,29.3],[-86.6,29.8],[-86.8,30],[-87.2,30.3],[-87.5,30.6],[-88.5,31.4],[-89.1,32.3],[-89.7,33.2],[-90.2,34.1],[-90.2,34.8],[-90.1,35.4],[-89.8,36.3],[-88.8,37.5],[-86.8,38.4],[-84.9,38.7],[-82,38.8]]},"properties":{"id":"hur-al051995","event_type":"hurricane","name":"ERIN","year":1995,"max_wind_kt":85,"min_pressure_mb":973,"category":2,"preliminary":false,"start_date":"19950731","end_date":"19950806","track":[{"date":"19950731","time":"0000","status":"TS","lat":22.3,"lon":-73.2,"wind_kt":45,"pressure_mb":1004,"radius_34kt_nm":null},{"date":"19950731","time":"0600","status":"TS","lat":22.6,"lon":-73.6,"wind_kt":50,"pressure_mb":1003,"radius_34kt_nm":null},{"date":"19950731","time":"1200","status":"TS","lat":22.8,"lon":-73.9,"wind_kt":55,"pressure_mb":999,"radius_34kt_nm":null},{"date":"19950731","time":"1800","status":"TS","lat":23.2,"lon":-74.3,"wind_kt":60,"pressure_mb":997,"radius_34kt_nm":null},{"date":"19950801","time":"0000","status":"HU","lat":23.6,"lon":-74.9,"wind_kt":70,"pressure_mb":992,"radius_34kt_nm":null},{"date":"19950801","time":"0600","status":"HU","lat":24.3,"lon":-75.7,"wind_kt":75,"pressure_mb":988,"radius_34kt_nm":null},{"date":"19950801","time":"1200","status":"HU","lat":25.5,"lon":-76.3,"wind_kt":75,"pressure_mb":985,"radius_34kt_nm":null},{"date":"19950801","time":"1800","status":"HU","lat":26.3,"lon":-77.7,"wind_kt":75,"pressure_mb":980,"radius_34kt_nm":null},{"date":"19950802","time":"0000","status":"HU","lat":26.9,"lon":-79,"wind_kt":75,"pressure_mb":982,"radius_34kt_nm":null},{"date":"19950802","time":"0600","status":"HU","lat":27.7,"lon":-80.4,"wind_kt":75,"pressure_mb":985,"radius_34kt_nm":null},{"date":"19950802","time":"0615","status":"HU","lat":27.7,"lon":-80.3,"wind_kt":75,"pressure_mb":984,"radius_34kt_nm":null},{"date":"19950802","time":"1200","status":"TS","lat":28.2,"lon":-81.9,"wind_kt":50,"pressure_mb":990,"radius_34kt_nm":null},{"date":"19950802","time":"1800","status":"TS","lat":28.6,"lon":-83.4,"wind_kt":60,"pressure_mb":988,"radius_34kt_nm":null},{"date":"19950803","time":"0000","status":"HU","lat":28.8,"lon":-84.7,"wind_kt":65,"pressure_mb":985,"radius_34kt_nm":null},{"date":"19950803","time":"0600","status":"HU","lat":29.3,"lon":-85.7,"wind_kt":70,"pressure_mb":979,"radius_34kt_nm":null},{"date":"19950803","time":"1200","status":"HU","lat":29.8,"lon":-86.6,"wind_kt":80,"pressure_mb":974,"radius_34kt_nm":null},{"date":"19950803","time":"1330","status":"HU","lat":30,"lon":-86.8,"wind_kt":85,"pressure_mb":973,"radius_34kt_nm":null},{"date":"19950803","time":"1600","status":"HU","lat":30.3,"lon":-87.2,"wind_kt":75,"pressure_mb":973,"radius_34kt_nm":null},{"date":"19950803","time":"1800","status":"HU","lat":30.6,"lon":-87.5,"wind_kt":65,"pressure_mb":985,"radius_34kt_nm":null},{"date":"19950804","time":"0000","status":"TS","lat":31.4,"lon":-88.5,"wind_kt":45,"pressure_mb":997,"radius_34kt_nm":null},{"date":"19950804","time":"0600","status":"TS","lat":32.3,"lon":-89.1,"wind_kt":35,"pressure_mb":1001,"radius_34kt_nm":null},{"date":"19950804","time":"1200","status":"TD","lat":33.2,"lon":-89.7,"wind_kt":20,"pressure_mb":1003,"radius_34kt_nm":null},{"date":"19950804","time":"1800","status":"TD","lat":34.1,"lon":-90.2,"wind_kt":20,"pressure_mb":1003,"radius_34kt_nm":null},{"date":"19950805","time":"0000","status":"TD","lat":34.8,"lon":-90.2,"wind_kt":20,"pressure_mb":1003,"radius_34kt_nm":null},{"date":"19950805","time":"0600","status":"TD","lat":35.4,"lon":-90.1,"wind_kt":20,"pressure_mb":1003,"radius_34kt_nm":null},{"date":"19950805","time":"1200","status":"TD","lat":36.3,"lon":-89.8,"wind_kt":20,"pressure_mb":1003,"radius_34kt_nm":null},{"date":"19950805","time":"1800","status":"TD","lat":37.5,"lon":-88.8,"wind_kt":20,"pressure_mb":1003,"radius_34kt_nm":null},{"date":"19950806","time":"0000","status":"TD","lat":38.4,"lon":-86.8,"wind_kt":20,"pressure_mb":1003,"radius_34kt_nm":null},{"date":"19950806","time":"0600","status":"TD","lat":38.7,"lon":-84.9,"wind_kt":20,"pressure_mb":1005,"radius_34kt_nm":null},{"date":"19950806","time":"1200","status":"TD","lat":38.8,"lon":-82,"wind_kt":20,"pressure_mb":1008,"radius_34kt_nm":null}]}},{"type":"Feature","geometry":{"type":"LineString","coordinates":[[-95.2,20.2],[-95.6,20.5],[-95.9,20.7],[-96.2,20.9],[-96.7,21.2],[-97.4,21.5],[-97.5,21.5],[-98.2,21.7],[-99,21.8]]},"properties":{"id":"hur-al061995","event_type":"hurricane","name":null,"year":1995,"max_wind_kt":30,"min_pressure_mb":1002,"category":-1,"preliminary":false,"start_date":"19950805","end_date":"19950807","track":[{"date":"19950805","time":"1800","status":"TD","lat":20.2,"lon":-95.2,"wind_kt":20,"pressure_mb":1008,"radius_34kt_nm":null},{"date":"19950806","time":"0000","status":"TD","lat":20.5,"lon":-95.6,"wind_kt":20,"pressure_mb":1005,"radius_34kt_nm":null},{"date":"19950806","time":"0600","status":"TD","lat":20.7,"lon":-95.9,"wind_kt":20,"pressure_mb":1004,"radius_34kt_nm":null},{"date":"19950806","time":"1200","status":"TD","lat":20.9,"lon":-96.2,"wind_kt":25,"pressure_mb":1003,"radius_34kt_nm":null},{"date":"19950806","time":"1800","status":"TD","lat":21.2,"lon":-96.7,"wind_kt":30,"pressure_mb":1003,"radius_34kt_nm":null},{"date":"19950806","time":"2300","status":"TD","lat":21.5,"lon":-97.4,"wind_kt":30,"pressure_mb":1002,"radius_34kt_nm":null},{"date":"19950807","time":"0000","status":"TD","lat":21.5,"lon":-97.5,"wind_kt":30,"pressure_mb":1002,"radius_34kt_nm":null},{"date":"19950807","time":"0600","status":"TD","lat":21.7,"lon":-98.2,"wind_kt":30,"pressure_mb":1003,"radius_34kt_nm":null},{"date":"19950807","time":"1200","status":"TD","lat":21.8,"lon":-99,"wind_kt":20,"pressure_mb":1003,"radius_34kt_nm":null}]}},{"type":"Feature","geometry":{"type":"LineString","coordinates":[[-30.8,14.3],[-32.5,14.7],[-34.4,15],[-36.4,15.5],[-38.3,15.7],[-40.2,16],[-41.9,16.2],[-43.7,16.6],[-45.6,17],[-47.4,17.5],[-49.1,18],[-50.8,18.4],[-52.4,18.9],[-53.9,19.6],[-55.4,20.4],[-56.5,21.3],[-57.8,22.1],[-59,22.9],[-60.2,23.6],[-61,24.3],[-61.6,25.1],[-61.9,25.9],[-62.3,26.6],[-62.3,27.4],[-62.5,28.2],[-62.9,29],[-63.4,29.9],[-64.1,30.7],[-65.1,31.3],[-66.2,31.9],[-67.4,32.5],[-68.8,33.1],[-70.1,33.5],[-71.3,34],[-72.4,34.6],[-72.7,34.8],[-72.9,35.3],[-72.9,35.6],[-72.7,36.1],[-72.2,36.5],[-71.5,36.8],[-70.7,37.1],[-69.9,37.1],[-68.9,36.9],[-68.1,36.6],[-67.8,36.1],[-67.5,35.7],[-67.4,35.4],[-67.5,35.1],[-67.9,35],[-68.2,35.4],[-68.3,35.9],[-67.8,36.6],[-67,37.7],[-66.1,39],[-63.3,40.6],[-59.8,42.5],[-55.8,44.5],[-50.8,46.8],[-46,49],[-40.5,50.8],[-35.5,53.5],[-34,56],[-31,58],[-26,59.5],[-20,60],[-14,60],[-7.5,60],[-1,61.5]]},"properties":{"id":"hur-al071995","event_type":"hurricane","name":"FELIX","year":1995,"max_wind_kt":120,"min_pressure_mb":929,"category":4,"preliminary":false,"start_date":"19950808","end_date":"19950825","track":[{"date":"19950808","time":"0000","status":"TD","lat":14.3,"lon":-30.8,"wind_kt":30,"pressure_mb":1010,"radius_34kt_nm":null},{"date":"19950808","time":"0600","status":"TD","lat":14.7,"lon":-32.5,"wind_kt":30,"pressure_mb":1008,"radius_34kt_nm":null},{"date":"19950808","time":"1200","status":"TD","lat":15,"lon":-34.4,"wind_kt":30,"pressure_mb":1007,"radius_34kt_nm":null},{"date":"19950808","time":"1800","status":"TS","lat":15.5,"lon":-36.4,"wind_kt":35,"pressure_mb":1005,"radius_34kt_nm":null},{"date":"19950809","time":"0000","status":"TS","lat":15.7,"lon":-38.3,"wind_kt":40,"pressure_mb":1004,"radius_34kt_nm":null},{"date":"19950809","time":"0600","status":"TS","lat":16,"lon":-40.2,"wind_kt":45,"pressure_mb":1003,"radius_34kt_nm":null},{"date":"19950809","time":"1200","status":"TS","lat":16.2,"lon":-41.9,"wind_kt":45,"pressure_mb":1001,"radius_34kt_nm":null},{"date":"19950809","time":"1800","status":"TS","lat":16.6,"lon":-43.7,"wind_kt":45,"pressure_mb":1000,"radius_34kt_nm":null},{"date":"19950810","time":"0000","status":"TS","lat":17,"lon":-45.6,"wind_kt":50,"pressure_mb":998,"radius_34kt_nm":null},{"date":"19950810","time":"0600","status":"TS","lat":17.5,"lon":-47.4,"wind_kt":55,"pressure_mb":995,"radius_34kt_nm":null},{"date":"19950810","time":"1200","status":"TS","lat":18,"lon":-49.1,"wind_kt":60,"pressure_mb":993,"radius_34kt_nm":null},{"date":"19950810","time":"1800","status":"TS","lat":18.4,"lon":-50.8,"wind_kt":60,"pressure_mb":991,"radius_34kt_nm":null},{"date":"19950811","time":"0000","status":"HU","lat":18.9,"lon":-52.4,"wind_kt":65,"pressure_mb":987,"radius_34kt_nm":null},{"date":"19950811","time":"0600","status":"HU","lat":19.6,"lon":-53.9,"wind_kt":70,"pressure_mb":980,"radius_34kt_nm":null},{"date":"19950811","time":"1200","status":"HU","lat":20.4,"lon":-55.4,"wind_kt":80,"pressure_mb":972,"radius_34kt_nm":null},{"date":"19950811","time":"1800","status":"HU","lat":21.3,"lon":-56.5,"wind_kt":90,"pressure_mb":965,"radius_34kt_nm":null},{"date":"19950812","time":"0000","status":"HU","lat":22.1,"lon":-57.8,"wind_kt":100,"pressure_mb":955,"radius_34kt_nm":null},{"date":"19950812","time":"0600","status":"HU","lat":22.9,"lon":-59,"wind_kt":110,"pressure_mb":943,"radius_34kt_nm":null},{"date":"19950812","time":"1200","status":"HU","lat":23.6,"lon":-60.2,"wind_kt":115,"pressure_mb":932,"radius_34kt_nm":null},{"date":"19950812","time":"1800","status":"HU","lat":24.3,"lon":-61,"wind_kt":120,"pressure_mb":929,"radius_34kt_nm":null},{"date":"19950813","time":"0000","status":"HU","lat":25.1,"lon":-61.6,"wind_kt":115,"pressure_mb":930,"radius_34kt_nm":null},{"date":"19950813","time":"0600","status":"HU","lat":25.9,"lon":-61.9,"wind_kt":105,"pressure_mb":937,"radius_34kt_nm":null},{"date":"19950813","time":"1200","status":"HU","lat":26.6,"lon":-62.3,"wind_kt":100,"pressure_mb":942,"radius_34kt_nm":null},{"date":"19950813","time":"1800","status":"HU","lat":27.4,"lon":-62.3,"wind_kt":95,"pressure_mb":947,"radius_34kt_nm":null},{"date":"19950814","time":"0000","status":"HU","lat":28.2,"lon":-62.5,"wind_kt":90,"pressure_mb":948,"radius_34kt_nm":null},{"date":"19950814","time":"0600","status":"HU","lat":29,"lon":-62.9,"wind_kt":80,"pressure_mb":954,"radius_34kt_nm":null},{"date":"19950814","time":"1200","status":"HU","lat":29.9,"lon":-63.4,"wind_kt":80,"pressure_mb":962,"radius_34kt_nm":null},{"date":"19950814","time":"1800","status":"HU","lat":30.7,"lon":-64.1,"wind_kt":75,"pressure_mb":962,"radius_34kt_nm":null},{"date":"19950815","time":"0000","status":"HU","lat":31.3,"lon":-65.1,"wind_kt":75,"pressure_mb":962,"radius_34kt_nm":null},{"date":"19950815","time":"0600","status":"HU","lat":31.9,"lon":-66.2,"wind_kt":75,"pressure_mb":964,"radius_34kt_nm":null},{"date":"19950815","time":"1200","status":"HU","lat":32.5,"lon":-67.4,"wind_kt":70,"pressure_mb":968,"radius_34kt_nm":null},{"date":"19950815","time":"1800","status":"HU","lat":33.1,"lon":-68.8,"wind_kt":70,"pressure_mb":965,"radius_34kt_nm":null},{"date":"19950816","time":"0000","status":"HU","lat":33.5,"lon":-70.1,"wind_kt":70,"pressure_mb":963,"radius_34kt_nm":null},{"date":"19950816","time":"0600","status":"HU","lat":34,"lon":-71.3,"wind_kt":70,"pressure_mb":966,"radius_34kt_nm":null},{"date":"19950816","time":"1200","status":"HU","lat":34.6,"lon":-72.4,"wind_kt":70,"pressure_mb":968,"radius_34kt_nm":null},{"date":"19950816","time":"1800","status":"HU","lat":34.8,"lon":-72.7,"wind_kt":70,"pressure_mb":970,"radius_34kt_nm":null},{"date":"19950817","time":"0000","status":"HU","lat":35.3,"lon":-72.9,"wind_kt":65,"pressure_mb":968,"radius_34kt_nm":null},{"date":"19950817","time":"0600","status":"HU","lat":35.6,"lon":-72.9,"wind_kt":65,"pressure_mb":971,"radius_34kt_nm":null},{"date":"19950817","time":"1200","status":"HU","lat":36.1,"lon":-72.7,"wind_kt":65,"pressure_mb":972,"radius_34kt_nm":null},{"date":"19950817","time":"1800","status":"HU","lat":36.5,"lon":-72.2,"wind_kt":65,"pressure_mb":973,"radius_34kt_nm":null},{"date":"19950818","time":"0000","status":"HU","lat":36.8,"lon":-71.5,"wind_kt":65,"pressure_mb":973,"radius_34kt_nm":null},{"date":"19950818","time":"0600","status":"HU","lat":37.1,"lon":-70.7,"wind_kt":65,"pressure_mb":971,"radius_34kt_nm":null},{"date":"19950818","time":"1200","status":"HU","lat":37.1,"lon":-69.9,"wind_kt":65,"pressure_mb":970,"radius_34kt_nm":null},{"date":"19950818","time":"1800","status":"HU","lat":36.9,"lon":-68.9,"wind_kt":70,"pressure_mb":971,"radius_34kt_nm":null},{"date":"19950819","time":"0000","status":"HU","lat":36.6,"lon":-68.1,"wind_kt":70,"pressure_mb":970,"radius_34kt_nm":null},{"date":"19950819","time":"0600","status":"HU","lat":36.1,"lon":-67.8,"wind_kt":70,"pressure_mb":970,"radius_34kt_nm":null},{"date":"19950819","time":"1200","status":"HU","lat":35.7,"lon":-67.5,"wind_kt":70,"pressure_mb":971,"radius_34kt_nm":null},{"date":"19950819","time":"1800","status":"HU","lat":35.4,"lon":-67.4,"wind_kt":70,"pressure_mb":973,"radius_34kt_nm":null},{"date":"19950820","time":"0000","status":"HU","lat":35.1,"lon":-67.5,"wind_kt":65,"pressure_mb":976,"radius_34kt_nm":null},{"date":"19950820","time":"0600","status":"TS","lat":35,"lon":-67.9,"wind_kt":60,"pressure_mb":979,"radius_34kt_nm":null},{"date":"19950820","time":"1200","status":"TS","lat":35.4,"lon":-68.2,"wind_kt":60,"pressure_mb":982,"radius_34kt_nm":null},{"date":"19950820","time":"1800","status":"TS","lat":35.9,"lon":-68.3,"wind_kt":60,"pressure_mb":985,"radius_34kt_nm":null},{"date":"19950821","time":"0000","status":"TS","lat":36.6,"lon":-67.8,"wind_kt":60,"pressure_mb":986,"radius_34kt_nm":null},{"date":"19950821","time":"0600","status":"TS","lat":37.7,"lon":-67,"wind_kt":55,"pressure_mb":988,"radius_34kt_nm":null},{"date":"19950821","time":"1200","status":"TS","lat":39,"lon":-66.1,"wind_kt":50,"pressure_mb":989,"radius_34kt_nm":null},{"date":"19950821","time":"1800","status":"TS","lat":40.6,"lon":-63.3,"wind_kt":50,"pressure_mb":988,"radius_34kt_nm":null},{"date":"19950822","time":"0000","status":"TS","lat":42.5,"lon":-59.8,"wind_kt":50,"pressure_mb":987,"radius_34kt_nm":null},{"date":"19950822","time":"0600","status":"TS","lat":44.5,"lon":-55.8,"wind_kt":50,"pressure_mb":986,"radius_34kt_nm":null},{"date":"19950822","time":"1200","status":"TS","lat":46.8,"lon":-50.8,"wind_kt":50,"pressure_mb":985,"radius_34kt_nm":null},{"date":"19950822","time":"1800","status":"EX","lat":49,"lon":-46,"wind_kt":50,"pressure_mb":985,"radius_34kt_nm":null},{"date":"19950823","time":"0000","status":"EX","lat":50.8,"lon":-40.5,"wind_kt":50,"pressure_mb":985,"radius_34kt_nm":null},{"date":"19950823","time":"0600","status":"EX","lat":53.5,"lon":-35.5,"wind_kt":50,"pressure_mb":985,"radius_34kt_nm":null},{"date":"19950823","time":"1200","status":"EX","lat":56,"lon":-34,"wind_kt":50,"pressure_mb":986,"radius_34kt_nm":null},{"date":"19950823","time":"1800","status":"EX","lat":58,"lon":-31,"wind_kt":50,"pressure_mb":987,"radius_34kt_nm":null},{"date":"19950824","time":"0000","status":"EX","lat":59.5,"lon":-26,"wind_kt":50,"pressure_mb":988,"radius_34kt_nm":null},{"date":"19950824","time":"0600","status":"EX","lat":60,"lon":-20,"wind_kt":45,"pressure_mb":988,"radius_34kt_nm":null},{"date":"19950824","time":"1200","status":"EX","lat":60,"lon":-14,"wind_kt":40,"pressure_mb":989,"radius_34kt_nm":null},{"date":"19950824","time":"1800","status":"EX","lat":60,"lon":-7.5,"wind_kt":35,"pressure_mb":990,"radius_34kt_nm":null},{"date":"19950825","time":"0000","status":"EX","lat":61.5,"lon":-1,"wind_kt":35,"pressure_mb":992,"radius_34kt_nm":null}]}},{"type":"Feature","geometry":{"type":"LineString","coordinates":[[-94.8,23.7],[-95.4,23.7],[-96.2,23.7],[-96.5,23.5],[-96.7,23.1],[-96.7,23],[-97,23.1],[-97.2,23.3],[-97.5,23.6],[-97.8,23.7],[-98.2,23.9]]},"properties":{"id":"hur-al081995","event_type":"hurricane","name":"GABRIELLE","year":1995,"max_wind_kt":60,"min_pressure_mb":988,"category":0,"preliminary":false,"start_date":"19950809","end_date":"19950812","track":[{"date":"19950809","time":"1800","status":"TD","lat":23.7,"lon":-94.8,"wind_kt":30,"pressure_mb":1007,"radius_34kt_nm":null},{"date":"19950810","time":"0000","status":"TD","lat":23.7,"lon":-95.4,"wind_kt":30,"pressure_mb":1004,"radius_34kt_nm":null},{"date":"19950810","time":"0600","status":"TD","lat":23.7,"lon":-96.2,"wind_kt":30,"pressure_mb":1002,"radius_34kt_nm":null},{"date":"19950810","time":"1200","status":"TS","lat":23.5,"lon":-96.5,"wind_kt":35,"pressure_mb":999,"radius_34kt_nm":null},{"date":"19950810","time":"1800","status":"TS","lat":23.1,"lon":-96.7,"wind_kt":40,"pressure_mb":997,"radius_34kt_nm":null},{"date":"19950811","time":"0000","status":"TS","lat":23,"lon":-96.7,"wind_kt":45,"pressure_mb":995,"radius_34kt_nm":null},{"date":"19950811","time":"0600","status":"TS","lat":23.1,"lon":-97,"wind_kt":50,"pressure_mb":993,"radius_34kt_nm":null},{"date":"19950811","time":"1200","status":"TS","lat":23.3,"lon":-97.2,"wind_kt":55,"pressure_mb":991,"radius_34kt_nm":null},{"date":"19950811","time":"1800","status":"TS","lat":23.6,"lon":-97.5,"wind_kt":60,"pressure_mb":990,"radius_34kt_nm":null},{"date":"19950811","time":"2000","status":"TS","lat":23.7,"lon":-97.8,"wind_kt":60,"pressure_mb":988,"radius_34kt_nm":null},{"date":"19950812","time":"0000","status":"TD","lat":23.9,"lon":-98.2,"wind_kt":30,"pressure_mb":999,"radius_34kt_nm":null}]}},{"type":"Feature","geometry":{"type":"LineString","coordinates":[[-33,13.2],[-34.3,13.7],[-35.2,14.2],[-36.2,14.6],[-37.3,14.8],[-38.3,14.9],[-39.2,15],[-40.3,15.1],[-41,15.2],[-41.9,15.3],[-42.6,15.4],[-43.2,15.7],[-43.8,16.1],[-44.4,16.7],[-45.1,17.6],[-45.9,18.5],[-46.6,19.4],[-47.2,20],[-47.6,20.6],[-48,21.4],[-48.2,22.2],[-48,22.9],[-48.2,24.1],[-48.4,25.4],[-48.6,26.4],[-48.8,27.1],[-49.1,27.7],[-49.3,28.4],[-49.4,29],[-49.4,29.5],[-49.2,30],[-48.9,30.6],[-48.3,31.3],[-47.1,32.8],[-45.7,34],[-44,35.2],[-41.9,36],[-40,37.1],[-39,38.3],[-38.2,39.1],[-37,40]]},"properties":{"id":"hur-al091995","event_type":"hurricane","name":"HUMBERTO","year":1995,"max_wind_kt":95,"min_pressure_mb":968,"category":2,"preliminary":false,"start_date":"19950822","end_date":"19950901","track":[{"date":"19950822","time":"0000","status":"TD","lat":13.2,"lon":-33,"wind_kt":30,"pressure_mb":1009,"radius_34kt_nm":null},{"date":"19950822","time":"0600","status":"TS","lat":13.7,"lon":-34.3,"wind_kt":35,"pressure_mb":1005,"radius_34kt_nm":null},{"date":"19950822","time":"1200","status":"TS","lat":14.2,"lon":-35.2,"wind_kt":45,"pressure_mb":1002,"radius_34kt_nm":null},{"date":"19950822","time":"1800","status":"TS","lat":14.6,"lon":-36.2,"wind_kt":50,"pressure_mb":998,"radius_34kt_nm":null},{"date":"19950823","time":"0000","status":"TS","lat":14.8,"lon":-37.3,"wind_kt":60,"pressure_mb":995,"radius_34kt_nm":null},{"date":"19950823","time":"0600","status":"HU","lat":14.9,"lon":-38.3,"wind_kt":65,"pressure_mb":987,"radius_34kt_nm":null},{"date":"19950823","time":"1200","status":"HU","lat":15,"lon":-39.2,"wind_kt":70,"pressure_mb":985,"radius_34kt_nm":null},{"date":"19950823","time":"1800","status":"HU","lat":15.1,"lon":-40.3,"wind_kt":75,"pressure_mb":982,"radius_34kt_nm":null},{"date":"19950824","time":"0000","status":"HU","lat":15.2,"lon":-41,"wind_kt":80,"pressure_mb":975,"radius_34kt_nm":null},{"date":"19950824","time":"0600","status":"HU","lat":15.3,"lon":-41.9,"wind_kt":85,"pressure_mb":973,"radius_34kt_nm":null},{"date":"19950824","time":"1200","status":"HU","lat":15.4,"lon":-42.6,"wind_kt":90,"pressure_mb":971,"radius_34kt_nm":null},{"date":"19950824","time":"1800","status":"HU","lat":15.7,"lon":-43.2,"wind_kt":95,"pressure_mb":968,"radius_34kt_nm":null},{"date":"19950825","time":"0000","status":"HU","lat":16.1,"lon":-43.8,"wind_kt":90,"pressure_mb":970,"radius_34kt_nm":null},{"date":"19950825","time":"0600","status":"HU","lat":16.7,"lon":-44.4,"wind_kt":90,"pressure_mb":970,"radius_34kt_nm":null},{"date":"19950825","time":"1200","status":"HU","lat":17.6,"lon":-45.1,"wind_kt":90,"pressure_mb":970,"radius_34kt_nm":null},{"date":"19950825","time":"1800","status":"HU","lat":18.5,"lon":-45.9,"wind_kt":90,"pressure_mb":970,"radius_34kt_nm":null},{"date":"19950826","time":"0000","status":"HU","lat":19.4,"lon":-46.6,"wind_kt":90,"pressure_mb":970,"radius_34kt_nm":null},{"date":"19950826","time":"0600","status":"HU","lat":20,"lon":-47.2,"wind_kt":90,"pressure_mb":970,"radius_34kt_nm":null},{"date":"19950826","time":"1200","status":"HU","lat":20.6,"lon":-47.6,"wind_kt":85,"pressure_mb":972,"radius_34kt_nm":null},{"date":"19950826","time":"1800","status":"HU","lat":21.4,"lon":-48,"wind_kt":80,"pressure_mb":975,"radius_34kt_nm":null},{"date":"19950827","time":"0000","status":"HU","lat":22.2,"lon":-48.2,"wind_kt":80,"pressure_mb":980,"radius_34kt_nm":null},{"date":"19950827","time":"0600","status":"HU","lat":22.9,"lon":-48,"wind_kt":75,"pressure_mb":982,"radius_34kt_nm":null},{"date":"19950827","time":"1200","status":"HU","lat":24.1,"lon":-48.2,"wind_kt":70,"pressure_mb":984,"radius_34kt_nm":null},{"date":"19950827","time":"1800","status":"HU","lat":25.4,"lon":-48.4,"wind_kt":70,"pressure_mb":986,"radius_34kt_nm":null},{"date":"19950828","time":"0000","status":"HU","lat":26.4,"lon":-48.6,"wind_kt":65,"pressure_mb":992,"radius_34kt_nm":null},{"date":"19950828","time":"0600","status":"HU","lat":27.1,"lon":-48.8,"wind_kt":65,"pressure_mb":994,"radius_34kt_nm":null},{"date":"19950828","time":"1200","status":"HU","lat":27.7,"lon":-49.1,"wind_kt":65,"pressure_mb":991,"radius_34kt_nm":null},{"date":"19950828","time":"1800","status":"HU","lat":28.4,"lon":-49.3,"wind_kt":65,"pressure_mb":987,"radius_34kt_nm":null},{"date":"19950829","time":"0000","status":"HU","lat":29,"lon":-49.4,"wind_kt":65,"pressure_mb":985,"radius_34kt_nm":null},{"date":"19950829","time":"0600","status":"HU","lat":29.5,"lon":-49.4,"wind_kt":70,"pressure_mb":983,"radius_34kt_nm":null},{"date":"19950829","time":"1200","status":"HU","lat":30,"lon":-49.2,"wind_kt":75,"pressure_mb":981,"radius_34kt_nm":null},{"date":"19950829","time":"1800","status":"HU","lat":30.6,"lon":-48.9,"wind_kt":75,"pressure_mb":979,"radius_34kt_nm":null},{"date":"19950830","time":"0000","status":"HU","lat":31.3,"lon":-48.3,"wind_kt":80,"pressure_mb":978,"radius_34kt_nm":null},{"date":"19950830","time":"0600","status":"HU","lat":32.8,"lon":-47.1,"wind_kt":80,"pressure_mb":976,"radius_34kt_nm":null},{"date":"19950830","time":"1200","status":"HU","lat":34,"lon":-45.7,"wind_kt":80,"pressure_mb":974,"radius_34kt_nm":null},{"date":"19950830","time":"1800","status":"HU","lat":35.2,"lon":-44,"wind_kt":80,"pressure_mb":971,"radius_34kt_nm":null},{"date":"19950831","time":"0000","status":"HU","lat":36,"lon":-41.9,"wind_kt":80,"pressure_mb":970,"radius_34kt_nm":null},{"date":"19950831","time":"0600","status":"HU","lat":37.1,"lon":-40,"wind_kt":80,"pressure_mb":971,"radius_34kt_nm":null},{"date":"19950831","time":"1200","status":"HU","lat":38.3,"lon":-39,"wind_kt":70,"pressure_mb":985,"radius_34kt_nm":null},{"date":"19950831","time":"1800","status":"TS","lat":39.1,"lon":-38.2,"wind_kt":60,"pressure_mb":995,"radius_34kt_nm":null},{"date":"19950901","time":"0000","status":"TS","lat":40,"lon":-37,"wind_kt":45,"pressure_mb":1000,"radius_34kt_nm":null}]}},{"type":"Feature","geometry":{"type":"LineString","coordinates":[[-49.3,13.2],[-50.6,13.3],[-51.8,13.7],[-52.5,14],[-53,14.5],[-53.4,15],[-53.8,15.2],[-54.3,15],[-55.1,14.8],[-56,14.6],[-56.8,14.5],[-57.8,14.3],[-58.8,14.2],[-59.8,14.2],[-60.3,14],[-60.2,14.2],[-60.5,14.6],[-61,14.9],[-61.2,15],[-61.2,15.6],[-61.2,16.2],[-61.9,17],[-62,17.7],[-62,17.8],[-62,18.6],[-62.1,19.4],[-62.4,20.4],[-62.5,21.3],[-62.5,22],[-62.5,22.6],[-62.3,23.1],[-62.1,23.6],[-61.8,23.8],[-61.4,24],[-60.8,24.2],[-60.1,24.5],[-59.6,24.7],[-59.1,24.9],[-58.9,25],[-58.8,25.2],[-58.8,25.5],[-59,25.6],[-59.7,25.7],[-60.2,26],[-60.2,26.6],[-59.9,27.8],[-59.7,29.1],[-59,31.3],[-58.6,34.2],[-57.5,36.9],[-55.5,39.2],[-52.3,41],[-49.4,43.1],[-46,45],[-42,47.1],[-35.7,48.7],[-28.1,48.9],[-25,48.6],[-21.5,48.5],[-18,48.3],[-14.2,48],[-12.6,48],[-11.1,48.2],[-8.7,48.4],[-6.9,48.9],[-4.4,49.3]]},"properties":{"id":"hur-al101995","event_type":"hurricane","name":"IRIS","year":1995,"max_wind_kt":95,"min_pressure_mb":957,"category":2,"preliminary":false,"start_date":"19950822","end_date":"19950907","track":[{"date":"19950822","time":"1200","status":"TD","lat":13.2,"lon":-49.3,"wind_kt":30,"pressure_mb":1008,"radius_34kt_nm":null},{"date":"19950822","time":"1800","status":"TS","lat":13.3,"lon":-50.6,"wind_kt":35,"pressure_mb":1007,"radius_34kt_nm":null},{"date":"19950823","time":"0000","status":"TS","lat":13.7,"lon":-51.8,"wind_kt":35,"pressure_mb":1006,"radius_34kt_nm":null},{"date":"19950823","time":"0600","status":"TS","lat":14,"lon":-52.5,"wind_kt":40,"pressure_mb":1004,"radius_34kt_nm":null},{"date":"19950823","time":"1200","status":"TS","lat":14.5,"lon":-53,"wind_kt":55,"pressure_mb":998,"radius_34kt_nm":null},{"date":"19950823","time":"1800","status":"HU","lat":15,"lon":-53.4,"wind_kt":75,"pressure_mb":991,"radius_34kt_nm":null},{"date":"19950824","time":"0000","status":"HU","lat":15.2,"lon":-53.8,"wind_kt":70,"pressure_mb":992,"radius_34kt_nm":null},{"date":"19950824","time":"0600","status":"HU","lat":15,"lon":-54.3,"wind_kt":70,"pressure_mb":992,"radius_34kt_nm":null},{"date":"19950824","time":"1200","status":"HU","lat":14.8,"lon":-55.1,"wind_kt":65,"pressure_mb":992,"radius_34kt_nm":null},{"date":"19950824","time":"1800","status":"TS","lat":14.6,"lon":-56,"wind_kt":60,"pressure_mb":992,"radius_34kt_nm":null},{"date":"19950825","time":"0000","status":"TS","lat":14.5,"lon":-56.8,"wind_kt":55,"pressure_mb":995,"radius_34kt_nm":null},{"date":"19950825","time":"0600","status":"TS","lat":14.3,"lon":-57.8,"wind_kt":55,"pressure_mb":996,"radius_34kt_nm":null},{"date":"19950825","time":"1200","status":"TS","lat":14.2,"lon":-58.8,"wind_kt":55,"pressure_mb":999,"radius_34kt_nm":null},{"date":"19950825","time":"1800","status":"TS","lat":14.2,"lon":-59.8,"wind_kt":50,"pressure_mb":998,"radius_34kt_nm":null},{"date":"19950826","time":"0000","status":"TS","lat":14,"lon":-60.3,"wind_kt":50,"pressure_mb":1000,"radius_34kt_nm":null},{"date":"19950826","time":"0600","status":"TS","lat":14.2,"lon":-60.2,"wind_kt":45,"pressure_mb":999,"radius_34kt_nm":null},{"date":"19950826","time":"1200","status":"TS","lat":14.6,"lon":-60.5,"wind_kt":45,"pressure_mb":1000,"radius_34kt_nm":null},{"date":"19950826","time":"1800","status":"TS","lat":14.9,"lon":-61,"wind_kt":40,"pressure_mb":1003,"radius_34kt_nm":null},{"date":"19950827","time":"0000","status":"TS","lat":15,"lon":-61.2,"wind_kt":35,"pressure_mb":1006,"radius_34kt_nm":null},{"date":"19950827","time":"0600","status":"TS","lat":15.6,"lon":-61.2,"wind_kt":40,"pressure_mb":1005,"radius_34kt_nm":null},{"date":"19950827","time":"1200","status":"TS","lat":16.2,"lon":-61.2,"wind_kt":45,"pressure_mb":1002,"radius_34kt_nm":null},{"date":"19950827","time":"1800","status":"TS","lat":17,"lon":-61.9,"wind_kt":50,"pressure_mb":995,"radius_34kt_nm":null},{"date":"19950827","time":"2300","status":"TS","lat":17.7,"lon":-62,"wind_kt":55,"pressure_mb":993,"radius_34kt_nm":null},{"date":"19950828","time":"0000","status":"TS","lat":17.8,"lon":-62,"wind_kt":55,"pressure_mb":993,"radius_34kt_nm":null},{"date":"19950828","time":"0600","status":"TS","lat":18.6,"lon":-62,"wind_kt":55,"pressure_mb":989,"radius_34kt_nm":null},{"date":"19950828","time":"1200","status":"TS","lat":19.4,"lon":-62.1,"wind_kt":60,"pressure_mb":985,"radius_34kt_nm":null},{"date":"19950828","time":"1800","status":"HU","lat":20.4,"lon":-62.4,"wind_kt":65,"pressure_mb":983,"radius_34kt_nm":null},{"date":"19950829","time":"0000","status":"HU","lat":21.3,"lon":-62.5,"wind_kt":70,"pressure_mb":981,"radius_34kt_nm":null},{"date":"19950829","time":"0600","status":"HU","lat":22,"lon":-62.5,"wind_kt":80,"pressure_mb":974,"radius_34kt_nm":null},{"date":"19950829","time":"1200","status":"HU","lat":22.6,"lon":-62.5,"wind_kt":75,"pressure_mb":973,"radius_34kt_nm":null},{"date":"19950829","time":"1800","status":"HU","lat":23.1,"lon":-62.3,"wind_kt":70,"pressure_mb":975,"radius_34kt_nm":null},{"date":"19950830","time":"0000","status":"HU","lat":23.6,"lon":-62.1,"wind_kt":70,"pressure_mb":976,"radius_34kt_nm":null},{"date":"19950830","time":"0600","status":"HU","lat":23.8,"lon":-61.8,"wind_kt":70,"pressure_mb":977,"radius_34kt_nm":null},{"date":"19950830","time":"1200","status":"HU","lat":24,"lon":-61.4,"wind_kt":75,"pressure_mb":972,"radius_34kt_nm":null},{"date":"19950830","time":"1800","status":"HU","lat":24.2,"lon":-60.8,"wind_kt":75,"pressure_mb":971,"radius_34kt_nm":null},{"date":"19950831","time":"0000","status":"HU","lat":24.5,"lon":-60.1,"wind_kt":75,"pressure_mb":971,"radius_34kt_nm":null},{"date":"19950831","time":"0600","status":"HU","lat":24.7,"lon":-59.6,"wind_kt":75,"pressure_mb":971,"radius_34kt_nm":null},{"date":"19950831","time":"1200","status":"HU","lat":24.9,"lon":-59.1,"wind_kt":75,"pressure_mb":971,"radius_34kt_nm":null},{"date":"19950831","time":"1800","status":"HU","lat":25,"lon":-58.9,"wind_kt":85,"pressure_mb":968,"radius_34kt_nm":null},{"date":"19950901","time":"0000","status":"HU","lat":25.2,"lon":-58.8,"wind_kt":90,"pressure_mb":967,"radius_34kt_nm":null},{"date":"19950901","time":"0600","status":"HU","lat":25.5,"lon":-58.8,"wind_kt":95,"pressure_mb":965,"radius_34kt_nm":null},{"date":"19950901","time":"1200","status":"HU","lat":25.6,"lon":-59,"wind_kt":90,"pressure_mb":967,"radius_34kt_nm":null},{"date":"19950901","time":"1800","status":"HU","lat":25.7,"lon":-59.7,"wind_kt":85,"pressure_mb":969,"radius_34kt_nm":null},{"date":"19950902","time":"0000","status":"HU","lat":26,"lon":-60.2,"wind_kt":85,"pressure_mb":971,"radius_34kt_nm":null},{"date":"19950902","time":"0600","status":"HU","lat":26.6,"lon":-60.2,"wind_kt":85,"pressure_mb":973,"radius_34kt_nm":null},{"date":"19950902","time":"1200","status":"HU","lat":27.8,"lon":-59.9,"wind_kt":80,"pressure_mb":978,"radius_34kt_nm":null},{"date":"19950902","time":"1800","status":"HU","lat":29.1,"lon":-59.7,"wind_kt":75,"pressure_mb":983,"radius_34kt_nm":null},{"date":"19950903","time":"0000","status":"HU","lat":31.3,"lon":-59,"wind_kt":75,"pressure_mb":982,"radius_34kt_nm":null},{"date":"19950903","time":"0600","status":"HU","lat":34.2,"lon":-58.6,"wind_kt":75,"pressure_mb":982,"radius_34kt_nm":null},{"date":"19950903","time":"1200","status":"HU","lat":36.9,"lon":-57.5,"wind_kt":75,"pressure_mb":982,"radius_34kt_nm":null},{"date":"19950903","time":"1800","status":"HU","lat":39.2,"lon":-55.5,"wind_kt":70,"pressure_mb":985,"radius_34kt_nm":null},{"date":"19950904","time":"0000","status":"HU","lat":41,"lon":-52.3,"wind_kt":65,"pressure_mb":987,"radius_34kt_nm":null},{"date":"19950904","time":"0600","status":"TS","lat":43.1,"lon":-49.4,"wind_kt":60,"pressure_mb":990,"radius_34kt_nm":null},{"date":"19950904","time":"1200","status":"EX","lat":45,"lon":-46,"wind_kt":60,"pressure_mb":995,"radius_34kt_nm":null},{"date":"19950904","time":"1800","status":"EX","lat":47.1,"lon":-42,"wind_kt":55,"pressure_mb":997,"radius_34kt_nm":null},{"date":"19950905","time":"0000","status":"EX","lat":48.7,"lon":-35.7,"wind_kt":50,"pressure_mb":999,"radius_34kt_nm":null},{"date":"19950905","time":"0600","status":"EX","lat":48.9,"lon":-28.1,"wind_kt":50,"pressure_mb":998,"radius_34kt_nm":null},{"date":"19950905","time":"1200","status":"EX","lat":48.6,"lon":-25,"wind_kt":50,"pressure_mb":987,"radius_34kt_nm":null},{"date":"19950905","time":"1800","status":"EX","lat":48.5,"lon":-21.5,"wind_kt":55,"pressure_mb":979,"radius_34kt_nm":null},{"date":"19950906","time":"0000","status":"EX","lat":48.3,"lon":-18,"wind_kt":55,"pressure_mb":972,"radius_34kt_nm":null},{"date":"19950906","time":"0600","status":"EX","lat":48,"lon":-14.2,"wind_kt":60,"pressure_mb":967,"radius_34kt_nm":null},{"date":"19950906","time":"1200","status":"EX","lat":48,"lon":-12.6,"wind_kt":60,"pressure_mb":963,"radius_34kt_nm":null},{"date":"19950906","time":"1800","status":"EX","lat":48.2,"lon":-11.1,"wind_kt":65,"pressure_mb":960,"radius_34kt_nm":null},{"date":"19950907","time":"0000","status":"EX","lat":48.4,"lon":-8.7,"wind_kt":65,"pressure_mb":957,"radius_34kt_nm":null},{"date":"19950907","time":"0600","status":"EX","lat":48.9,"lon":-6.9,"wind_kt":65,"pressure_mb":962,"radius_34kt_nm":null},{"date":"19950907","time":"1200","status":"EX","lat":49.3,"lon":-4.4,"wind_kt":60,"pressure_mb":968,"radius_34kt_nm":null}]}},{"type":"Feature","geometry":{"type":"LineString","coordinates":[[-78.7,23.7],[-78.9,24.2],[-79.2,25.2],[-79.7,26.4],[-80.2,27],[-80.5,27.3],[-81.1,27.7],[-81.8,28.4],[-82.6,28.8],[-82.9,29],[-83.3,29.2],[-83.3,29.8],[-83.2,30.4],[-83.4,30.7],[-83.7,31.3],[-83.9,31.8],[-84,32.4],[-84,33],[-83.9,33.5],[-83.6,33.8],[-83,33.9],[-82.4,33.8]]},"properties":{"id":"hur-al111995","event_type":"hurricane","name":"JERRY","year":1995,"max_wind_kt":35,"min_pressure_mb":1002,"category":0,"preliminary":false,"start_date":"19950822","end_date":"19950828","track":[{"date":"19950822","time":"1800","status":"TD","lat":23.7,"lon":-78.7,"wind_kt":20,"pressure_mb":1010,"radius_34kt_nm":null},{"date":"19950823","time":"0000","status":"TD","lat":24.2,"lon":-78.9,"wind_kt":25,"pressure_mb":1009,"radius_34kt_nm":null},{"date":"19950823","time":"0600","status":"TD","lat":25.2,"lon":-79.2,"wind_kt":30,"pressure_mb":1008,"radius_34kt_nm":null},{"date":"19950823","time":"1200","status":"TS","lat":26.4,"lon":-79.7,"wind_kt":35,"pressure_mb":1008,"radius_34kt_nm":null},{"date":"19950823","time":"1800","status":"TS","lat":27,"lon":-80.2,"wind_kt":35,"pressure_mb":1006,"radius_34kt_nm":null},{"date":"19950824","time":"0000","status":"TS","lat":27.3,"lon":-80.5,"wind_kt":35,"pressure_mb":1005,"radius_34kt_nm":null},{"date":"19950824","time":"0600","status":"TS","lat":27.7,"lon":-81.1,"wind_kt":35,"pressure_mb":1005,"radius_34kt_nm":null},{"date":"19950824","time":"1200","status":"TS","lat":28.4,"lon":-81.8,"wind_kt":35,"pressure_mb":1004,"radius_34kt_nm":null},{"date":"19950824","time":"1800","status":"TD","lat":28.8,"lon":-82.6,"wind_kt":30,"pressure_mb":1002,"radius_34kt_nm":null},{"date":"19950825","time":"0000","status":"TD","lat":29,"lon":-82.9,"wind_kt":30,"pressure_mb":1002,"radius_34kt_nm":null},{"date":"19950825","time":"0600","status":"TD","lat":29.2,"lon":-83.3,"wind_kt":30,"pressure_mb":1002,"radius_34kt_nm":null},{"date":"19950825","time":"1200","status":"TD","lat":29.8,"lon":-83.3,"wind_kt":25,"pressure_mb":1004,"radius_34kt_nm":null},{"date":"19950825","time":"1800","status":"TD","lat":30.4,"lon":-83.2,"wind_kt":25,"pressure_mb":1005,"radius_34kt_nm":null},{"date":"19950826","time":"0000","status":"TD","lat":30.7,"lon":-83.4,"wind_kt":25,"pressure_mb":1005,"radius_34kt_nm":null},{"date":"19950826","time":"0600","status":"TD","lat":31.3,"lon":-83.7,"wind_kt":20,"pressure_mb":1005,"radius_34kt_nm":null},{"date":"19950826","time":"1200","status":"TD","lat":31.8,"lon":-83.9,"wind_kt":20,"pressure_mb":1005,"radius_34kt_nm":null},{"date":"19950826","time":"1800","status":"TD","lat":32.4,"lon":-84,"wind_kt":20,"pressure_mb":1006,"radius_34kt_nm":null},{"date":"19950827","time":"0000","status":"TD","lat":33,"lon":-84,"wind_kt":20,"pressure_mb":1006,"radius_34kt_nm":null},{"date":"19950827","time":"0600","status":"TD","lat":33.5,"lon":-83.9,"wind_kt":20,"pressure_mb":1006,"radius_34kt_nm":null},{"date":"19950827","time":"1200","status":"TD","lat":33.8,"lon":-83.6,"wind_kt":20,"pressure_mb":1006,"radius_34kt_nm":null},{"date":"19950827","time":"1800","status":"TD","lat":33.9,"lon":-83,"wind_kt":20,"pressure_mb":1006,"radius_34kt_nm":null},{"date":"19950828","time":"0000","status":"TD","lat":33.8,"lon":-82.4,"wind_kt":20,"pressure_mb":1006,"radius_34kt_nm":null}]}},{"type":"Feature","geometry":{"type":"LineString","coordinates":[[-32.7,15.4],[-34,15.5],[-35.4,15.6],[-36.7,15.8],[-38,16.1],[-39.3,16.3],[-40.4,16.5],[-41.5,16.6],[-42.6,16.9],[-43.6,17.4],[-44.6,17.7],[-45.5,17.8],[-46.4,18.1],[-47.3,18.5],[-48.2,19],[-49.1,19.2],[-49.9,19.4],[-50.6,19.6],[-51.1,20],[-51.6,20.3],[-51.9,20.4],[-52.1,20.8],[-52.3,21.6],[-52.7,22.9],[-53.3,24.6],[-54.3,26.6],[-55.6,28.4],[-57.1,29.9],[-59.2,31.2],[-61.9,32.4],[-61.5,33]]},"properties":{"id":"hur-al121995","event_type":"hurricane","name":"KAREN","year":1995,"max_wind_kt":45,"min_pressure_mb":1000,"category":0,"preliminary":false,"start_date":"19950826","end_date":"19950903","track":[{"date":"19950826","time":"1200","status":"TD","lat":15.4,"lon":-32.7,"wind_kt":30,"pressure_mb":1009,"radius_34kt_nm":null},{"date":"19950826","time":"1800","status":"TD","lat":15.5,"lon":-34,"wind_kt":30,"pressure_mb":1008,"radius_34kt_nm":null},{"date":"19950827","time":"0000","status":"TD","lat":15.6,"lon":-35.4,"wind_kt":30,"pressure_mb":1008,"radius_34kt_nm":null},{"date":"19950827","time":"0600","status":"TD","lat":15.8,"lon":-36.7,"wind_kt":30,"pressure_mb":1007,"radius_34kt_nm":null},{"date":"19950827","time":"1200","status":"TD","lat":16.1,"lon":-38,"wind_kt":30,"pressure_mb":1007,"radius_34kt_nm":null},{"date":"19950827","time":"1800","status":"TD","lat":16.3,"lon":-39.3,"wind_kt":30,"pressure_mb":1006,"radius_34kt_nm":null},{"date":"19950828","time":"0000","status":"TD","lat":16.5,"lon":-40.4,"wind_kt":30,"pressure_mb":1006,"radius_34kt_nm":null},{"date":"19950828","time":"0600","status":"TS","lat":16.6,"lon":-41.5,"wind_kt":35,"pressure_mb":1005,"radius_34kt_nm":null},{"date":"19950828","time":"1200","status":"TS","lat":16.9,"lon":-42.6,"wind_kt":40,"pressure_mb":1003,"radius_34kt_nm":null},{"date":"19950828","time":"1800","status":"TS","lat":17.4,"lon":-43.6,"wind_kt":45,"pressure_mb":1001,"radius_34kt_nm":null},{"date":"19950829","time":"0000","status":"TS","lat":17.7,"lon":-44.6,"wind_kt":45,"pressure_mb":1000,"radius_34kt_nm":null},{"date":"19950829","time":"0600","status":"TS","lat":17.8,"lon":-45.5,"wind_kt":45,"pressure_mb":1000,"radius_34kt_nm":null},{"date":"19950829","time":"1200","status":"TS","lat":18.1,"lon":-46.4,"wind_kt":45,"pressure_mb":1000,"radius_34kt_nm":null},{"date":"19950829","time":"1800","status":"TS","lat":18.5,"lon":-47.3,"wind_kt":45,"pressure_mb":1001,"radius_34kt_nm":null},{"date":"19950830","time":"0000","status":"TS","lat":19,"lon":-48.2,"wind_kt":45,"pressure_mb":1002,"radius_34kt_nm":null},{"date":"19950830","time":"0600","status":"TS","lat":19.2,"lon":-49.1,"wind_kt":40,"pressure_mb":1003,"radius_34kt_nm":null},{"date":"19950830","time":"1200","status":"TS","lat":19.4,"lon":-49.9,"wind_kt":40,"pressure_mb":1003,"radius_34kt_nm":null},{"date":"19950830","time":"1800","status":"TS","lat":19.6,"lon":-50.6,"wind_kt":40,"pressure_mb":1004,"radius_34kt_nm":null},{"date":"19950831","time":"0000","status":"TS","lat":20,"lon":-51.1,"wind_kt":40,"pressure_mb":1004,"radius_34kt_nm":null},{"date":"19950831","time":"0600","status":"TS","lat":20.3,"lon":-51.6,"wind_kt":40,"pressure_mb":1003,"radius_34kt_nm":null},{"date":"19950831","time":"1200","status":"TS","lat":20.4,"lon":-51.9,"wind_kt":40,"pressure_mb":1002,"radius_34kt_nm":null},{"date":"19950831","time":"1800","status":"TS","lat":20.8,"lon":-52.1,"wind_kt":40,"pressure_mb":1001,"radius_34kt_nm":null},{"date":"19950901","time":"0000","status":"TS","lat":21.6,"lon":-52.3,"wind_kt":40,"pressure_mb":1001,"radius_34kt_nm":null},{"date":"19950901","time":"0600","status":"TS","lat":22.9,"lon":-52.7,"wind_kt":40,"pressure_mb":1001,"radius_34kt_nm":null},{"date":"19950901","time":"1200","status":"TS","lat":24.6,"lon":-53.3,"wind_kt":35,"pressure_mb":1001,"radius_34kt_nm":null},{"date":"19950901","time":"1800","status":"TS","lat":26.6,"lon":-54.3,"wind_kt":35,"pressure_mb":1001,"radius_34kt_nm":null},{"date":"19950902","time":"0000","status":"TS","lat":28.4,"lon":-55.6,"wind_kt":35,"pressure_mb":1001,"radius_34kt_nm":null},{"date":"19950902","time":"0600","status":"TS","lat":29.9,"lon":-57.1,"wind_kt":35,"pressure_mb":1001,"radius_34kt_nm":null},{"date":"19950902","time":"1200","status":"TD","lat":31.2,"lon":-59.2,"wind_kt":30,"pressure_mb":1001,"radius_34kt_nm":null},{"date":"19950902","time":"1800","status":"TD","lat":32.4,"lon":-61.9,"wind_kt":30,"pressure_mb":1001,"radius_34kt_nm":null},{"date":"19950903","time":"0000","status":"TD","lat":33,"lon":-61.5,"wind_kt":30,"pressure_mb":1002,"radius_34kt_nm":null}]}},{"type":"Feature","geometry":{"type":"LineString","coordinates":[[-27.5,11.4],[-29,11.6],[-30.5,11.8],[-31.9,12.2],[-33.1,12.7],[-34.2,13],[-35.3,13.2],[-36.2,13.4],[-37,13.7],[-37.9,14],[-38.8,14.3],[-39.7,14.6],[-40.7,15],[-41.7,15.4],[-42.6,15.8],[-43.6,16.2],[-44.7,16.5],[-45.8,16.8],[-46.9,17],[-48,17.2],[-49.2,17.3],[-50.5,17.3],[-51.8,17.4],[-53.1,17.3],[-54.3,17.3],[-55.6,17.1],[-56.8,17],[-58,17],[-59.1,17],[-60.1,17.1],[-61,17.3],[-61.7,17.5],[-62.4,18],[-63,18.4],[-63.6,18.9],[-64.2,19.4],[-64.9,20.1],[-65.4,20.7],[-66,21.3],[-66.6,22],[-67.2,22.8],[-68,24.3],[-68.8,25.8],[-69.3,26.4],[-69.5,26.5],[-69.8,27.1],[-69.5,29.1],[-69.1,31],[-68.6,32.7],[-67.2,34.5],[-65.4,36.5],[-63.7,38.4],[-60.9,40.9],[-57.7,43.9],[-54.2,47.1],[-48.5,51.5],[-46,55],[-45,57],[-44,58],[-42,59],[-40,60]]},"properties":{"id":"hur-al131995","event_type":"hurricane","name":"LUIS","year":1995,"max_wind_kt":130,"min_pressure_mb":935,"category":4,"preliminary":false,"start_date":"19950828","end_date":"19950912","track":[{"date":"19950828","time":"1800","status":"TD","lat":11.4,"lon":-27.5,"wind_kt":30,"pressure_mb":1008,"radius_34kt_nm":null},{"date":"19950829","time":"0000","status":"TS","lat":11.6,"lon":-29,"wind_kt":35,"pressure_mb":1005,"radius_34kt_nm":null},{"date":"19950829","time":"0600","status":"TS","lat":11.8,"lon":-30.5,"wind_kt":40,"pressure_mb":1000,"radius_34kt_nm":null},{"date":"19950829","time":"1200","status":"TS","lat":12.2,"lon":-31.9,"wind_kt":40,"pressure_mb":1000,"radius_34kt_nm":null},{"date":"19950829","time":"1800","status":"TS","lat":12.7,"lon":-33.1,"wind_kt":35,"pressure_mb":1003,"radius_34kt_nm":null},{"date":"19950830","time":"0000","status":"TS","lat":13,"lon":-34.2,"wind_kt":35,"pressure_mb":1005,"radius_34kt_nm":null},{"date":"19950830","time":"0600","status":"TS","lat":13.2,"lon":-35.3,"wind_kt":35,"pressure_mb":1005,"radius_34kt_nm":null},{"date":"19950830","time":"1200","status":"TS","lat":13.4,"lon":-36.2,"wind_kt":35,"pressure_mb":1005,"radius_34kt_nm":null},{"date":"19950830","time":"1800","status":"TS","lat":13.7,"lon":-37,"wind_kt":45,"pressure_mb":1002,"radius_34kt_nm":null},{"date":"19950831","time":"0000","status":"TS","lat":14,"lon":-37.9,"wind_kt":55,"pressure_mb":998,"radius_34kt_nm":null},{"date":"19950831","time":"0600","status":"HU","lat":14.3,"lon":-38.8,"wind_kt":75,"pressure_mb":992,"radius_34kt_nm":null},{"date":"19950831","time":"1200","status":"HU","lat":14.6,"lon":-39.7,"wind_kt":80,"pressure_mb":979,"radius_34kt_nm":null},{"date":"19950831","time":"1800","status":"HU","lat":15,"lon":-40.7,"wind_kt":90,"pressure_mb":971,"radius_34kt_nm":null},{"date":"19950901","time":"0000","status":"HU","lat":15.4,"lon":-41.7,"wind_kt":100,"pressure_mb":965,"radius_34kt_nm":null},{"date":"19950901","time":"0600","status":"HU","lat":15.8,"lon":-42.6,"wind_kt":105,"pressure_mb":958,"radius_34kt_nm":null},{"date":"19950901","time":"1200","status":"HU","lat":16.2,"lon":-43.6,"wind_kt":115,"pressure_mb":950,"radius_34kt_nm":null},{"date":"19950901","time":"1800","status":"HU","lat":16.5,"lon":-44.7,"wind_kt":115,"pressure_mb":948,"radius_34kt_nm":null},{"date":"19950902","time":"0000","status":"HU","lat":16.8,"lon":-45.8,"wind_kt":115,"pressure_mb":948,"radius_34kt_nm":null},{"date":"19950902","time":"0600","status":"HU","lat":17,"lon":-46.9,"wind_kt":115,"pressure_mb":948,"radius_34kt_nm":null},{"date":"19950902","time":"1200","status":"HU","lat":17.2,"lon":-48,"wind_kt":120,"pressure_mb":948,"radius_34kt_nm":null},{"date":"19950902","time":"1800","status":"HU","lat":17.3,"lon":-49.2,"wind_kt":120,"pressure_mb":948,"radius_34kt_nm":null},{"date":"19950903","time":"0000","status":"HU","lat":17.3,"lon":-50.5,"wind_kt":120,"pressure_mb":948,"radius_34kt_nm":null},{"date":"19950903","time":"0600","status":"HU","lat":17.4,"lon":-51.8,"wind_kt":120,"pressure_mb":948,"radius_34kt_nm":null},{"date":"19950903","time":"1200","status":"HU","lat":17.3,"lon":-53.1,"wind_kt":120,"pressure_mb":948,"radius_34kt_nm":null},{"date":"19950903","time":"1800","status":"HU","lat":17.3,"lon":-54.3,"wind_kt":125,"pressure_mb":945,"radius_34kt_nm":null},{"date":"19950904","time":"0000","status":"HU","lat":17.1,"lon":-55.6,"wind_kt":125,"pressure_mb":942,"radius_34kt_nm":null},{"date":"19950904","time":"0600","status":"HU","lat":17,"lon":-56.8,"wind_kt":130,"pressure_mb":940,"radius_34kt_nm":null},{"date":"19950904","time":"1200","status":"HU","lat":17,"lon":-58,"wind_kt":130,"pressure_mb":945,"radius_34kt_nm":null},{"date":"19950904","time":"1800","status":"HU","lat":17,"lon":-59.1,"wind_kt":125,"pressure_mb":943,"radius_34kt_nm":null},{"date":"19950905","time":"0000","status":"HU","lat":17.1,"lon":-60.1,"wind_kt":125,"pressure_mb":940,"radius_34kt_nm":null},{"date":"19950905","time":"0600","status":"HU","lat":17.3,"lon":-61,"wind_kt":120,"pressure_mb":939,"radius_34kt_nm":null},{"date":"19950905","time":"1200","status":"HU","lat":17.5,"lon":-61.7,"wind_kt":115,"pressure_mb":945,"radius_34kt_nm":null},{"date":"19950905","time":"1800","status":"HU","lat":18,"lon":-62.4,"wind_kt":115,"pressure_mb":944,"radius_34kt_nm":null},{"date":"19950906","time":"0000","status":"HU","lat":18.4,"lon":-63,"wind_kt":115,"pressure_mb":942,"radius_34kt_nm":null},{"date":"19950906","time":"0600","status":"HU","lat":18.9,"lon":-63.6,"wind_kt":120,"pressure_mb":939,"radius_34kt_nm":null},{"date":"19950906","time":"1200","status":"HU","lat":19.4,"lon":-64.2,"wind_kt":120,"pressure_mb":943,"radius_34kt_nm":null},{"date":"19950906","time":"1800","status":"HU","lat":20.1,"lon":-64.9,"wind_kt":125,"pressure_mb":940,"radius_34kt_nm":null},{"date":"19950907","time":"0000","status":"HU","lat":20.7,"lon":-65.4,"wind_kt":125,"pressure_mb":938,"radius_34kt_nm":null},{"date":"19950907","time":"0600","status":"HU","lat":21.3,"lon":-66,"wind_kt":120,"pressure_mb":936,"radius_34kt_nm":null},{"date":"19950907","time":"1200","status":"HU","lat":22,"lon":-66.6,"wind_kt":115,"pressure_mb":941,"radius_34kt_nm":null},{"date":"19950907","time":"1800","status":"HU","lat":22.8,"lon":-67.2,"wind_kt":115,"pressure_mb":938,"radius_34kt_nm":null},{"date":"19950908","time":"0000","status":"HU","lat":24.3,"lon":-68,"wind_kt":115,"pressure_mb":935,"radius_34kt_nm":null},{"date":"19950908","time":"0600","status":"HU","lat":25.8,"lon":-68.8,"wind_kt":115,"pressure_mb":939,"radius_34kt_nm":null},{"date":"19950908","time":"1200","status":"HU","lat":26.4,"lon":-69.3,"wind_kt":110,"pressure_mb":941,"radius_34kt_nm":null},{"date":"19950908","time":"1800","status":"HU","lat":26.5,"lon":-69.5,"wind_kt":105,"pressure_mb":944,"radius_34kt_nm":null},{"date":"19950909","time":"0000","status":"HU","lat":27.1,"lon":-69.8,"wind_kt":100,"pressure_mb":945,"radius_34kt_nm":null},{"date":"19950909","time":"0600","status":"HU","lat":29.1,"lon":-69.5,"wind_kt":95,"pressure_mb":949,"radius_34kt_nm":null},{"date":"19950909","time":"1200","status":"HU","lat":31,"lon":-69.1,"wind_kt":90,"pressure_mb":952,"radius_34kt_nm":null},{"date":"19950909","time":"1800","status":"HU","lat":32.7,"lon":-68.6,"wind_kt":85,"pressure_mb":955,"radius_34kt_nm":null},{"date":"19950910","time":"0000","status":"HU","lat":34.5,"lon":-67.2,"wind_kt":85,"pressure_mb":959,"radius_34kt_nm":null},{"date":"19950910","time":"0600","status":"HU","lat":36.5,"lon":-65.4,"wind_kt":85,"pressure_mb":963,"radius_34kt_nm":null},{"date":"19950910","time":"1200","status":"HU","lat":38.4,"lon":-63.7,"wind_kt":85,"pressure_mb":961,"radius_34kt_nm":null},{"date":"19950910","time":"1800","status":"EX","lat":40.9,"lon":-60.9,"wind_kt":85,"pressure_mb":966,"radius_34kt_nm":null},{"date":"19950911","time":"0000","status":"EX","lat":43.9,"lon":-57.7,"wind_kt":95,"pressure_mb":965,"radius_34kt_nm":null},{"date":"19950911","time":"0600","status":"EX","lat":47.1,"lon":-54.2,"wind_kt":105,"pressure_mb":963,"radius_34kt_nm":null},{"date":"19950911","time":"1200","status":"EX","lat":51.5,"lon":-48.5,"wind_kt":90,"pressure_mb":960,"radius_34kt_nm":null},{"date":"19950911","time":"1800","status":"EX","lat":55,"lon":-46,"wind_kt":75,"pressure_mb":958,"radius_34kt_nm":null},{"date":"19950912","time":"0000","status":"EX","lat":57,"lon":-45,"wind_kt":60,"pressure_mb":955,"radius_34kt_nm":null},{"date":"19950912","time":"0600","status":"EX","lat":58,"lon":-44,"wind_kt":60,"pressure_mb":950,"radius_34kt_nm":null},{"date":"19950912","time":"1200","status":"EX","lat":59,"lon":-42,"wind_kt":60,"pressure_mb":955,"radius_34kt_nm":null},{"date":"19950912","time":"1800","status":"EX","lat":60,"lon":-40,"wind_kt":50,"pressure_mb":960,"radius_34kt_nm":null}]}},{"type":"Feature","geometry":{"type":"LineString","coordinates":[[-41.9,17.9],[-43.3,18.3],[-44.6,18.7],[-46.1,19.1],[-47.8,20],[-49.3,20.8],[-50.9,21.7],[-52.2,22.6],[-53.4,23.4],[-54.5,24.3],[-55.7,25],[-56.3,25.5],[-57.2,25.8],[-57.9,26.3],[-58.9,26.5],[-60,26.4],[-61.3,25.8]]},"properties":{"id":"hur-al141995","event_type":"hurricane","name":null,"year":1995,"max_wind_kt":30,"min_pressure_mb":1008,"category":-1,"preliminary":false,"start_date":"19950909","end_date":"19950913","track":[{"date":"19950909","time":"1200","status":"TD","lat":17.9,"lon":-41.9,"wind_kt":25,"pressure_mb":1009,"radius_34kt_nm":null},{"date":"19950909","time":"1800","status":"TD","lat":18.3,"lon":-43.3,"wind_kt":25,"pressure_mb":1009,"radius_34kt_nm":null},{"date":"19950910","time":"0000","status":"TD","lat":18.7,"lon":-44.6,"wind_kt":25,"pressure_mb":1009,"radius_34kt_nm":null},{"date":"19950910","time":"0600","status":"TD","lat":19.1,"lon":-46.1,"wind_kt":25,"pressure_mb":1009,"radius_34kt_nm":null},{"date":"19950910","time":"1200","status":"TD","lat":20,"lon":-47.8,"wind_kt":25,"pressure_mb":1009,"radius_34kt_nm":null},{"date":"19950910","time":"1800","status":"TD","lat":20.8,"lon":-49.3,"wind_kt":25,"pressure_mb":1009,"radius_34kt_nm":null},{"date":"19950911","time":"0000","status":"TD","lat":21.7,"lon":-50.9,"wind_kt":25,"pressure_mb":1009,"radius_34kt_nm":null},{"date":"19950911","time":"0600","status":"TD","lat":22.6,"lon":-52.2,"wind_kt":30,"pressure_mb":1008,"radius_34kt_nm":null},{"date":"19950911","time":"1200","status":"TD","lat":23.4,"lon":-53.4,"wind_kt":30,"pressure_mb":1008,"radius_34kt_nm":null},{"date":"19950911","time":"1800","status":"TD","lat":24.3,"lon":-54.5,"wind_kt":30,"pressure_mb":1008,"radius_34kt_nm":null},{"date":"19950912","time":"0000","status":"TD","lat":25,"lon":-55.7,"wind_kt":30,"pressure_mb":1008,"radius_34kt_nm":null},{"date":"19950912","time":"0600","status":"TD","lat":25.5,"lon":-56.3,"wind_kt":30,"pressure_mb":1008,"radius_34kt_nm":null},{"date":"19950912","time":"1200","status":"TD","lat":25.8,"lon":-57.2,"wind_kt":30,"pressure_mb":1008,"radius_34kt_nm":null},{"date":"19950912","time":"1800","status":"TD","lat":26.3,"lon":-57.9,"wind_kt":30,"pressure_mb":1008,"radius_34kt_nm":null},{"date":"19950913","time":"0000","status":"TD","lat":26.5,"lon":-58.9,"wind_kt":30,"pressure_mb":1009,"radius_34kt_nm":null},{"date":"19950913","time":"0600","status":"TD","lat":26.4,"lon":-60,"wind_kt":30,"pressure_mb":1009,"radius_34kt_nm":null},{"date":"19950913","time":"1200","status":"TD","lat":25.8,"lon":-61.3,"wind_kt":25,"pressure_mb":1009,"radius_34kt_nm":null}]}},{"type":"Feature","geometry":{"type":"LineString","coordinates":[[-50.9,11.7],[-52.7,11.8],[-54.3,11.9],[-55.4,12.1],[-56.5,12.5],[-57.7,13],[-58.8,13.5],[-59.8,14.2],[-60.8,15],[-61.3,15.5],[-61.7,15.8],[-62.8,16.5],[-63.5,16.8],[-64.2,17.4],[-64.7,17.9],[-65.2,18.5],[-65.8,19],[-66.4,19.7],[-67,20.4],[-67.1,20.7],[-67.5,21.2],[-68.2,22],[-68.8,22.9],[-69.1,24],[-69.4,25],[-69.5,26.1],[-69.3,27.2],[-69,28.4],[-68.6,29.6],[-68.2,31],[-67.7,32.6],[-66.8,34.2],[-66.1,35.8],[-65.2,37.3],[-64.3,38.3],[-63.3,39],[-61.9,39.3],[-60.6,39.4],[-59.3,39.6],[-58.3,39.8],[-57.6,39.7],[-57.1,39.4],[-56.8,39],[-56.7,38.4],[-56.7,37.8],[-56.7,37.1],[-56.8,36.6],[-57.2,35.9],[-58.1,35],[-57.7,33.8],[-57,33],[-56.6,32.6],[-56.3,32],[-56,31.1],[-55.1,30.9],[-54.7,31],[-54.2,31.1],[-53.8,31.3],[-53.4,31.5],[-53.1,31.7],[-52.6,31.8],[-52.1,32.2],[-51.7,32.6],[-51.4,32.9],[-51.1,33.2],[-50.9,33.6],[-50.6,34],[-49.9,34.3],[-49.1,34.8],[-48.2,35.3],[-47.2,35.3],[-47.7,34.9],[-48.5,34.6],[-49.3,34.6],[-50,34.7],[-50.5,34.8],[-51,35],[-51.5,35.2],[-51.9,35.3]]},"properties":{"id":"hur-al151995","event_type":"hurricane","name":"MARILYN","year":1995,"max_wind_kt":100,"min_pressure_mb":949,"category":3,"preliminary":false,"start_date":"19950912","end_date":"19951001","track":[{"date":"19950912","time":"1800","status":"TD","lat":11.7,"lon":-50.9,"wind_kt":30,"pressure_mb":1006,"radius_34kt_nm":null},{"date":"19950913","time":"0000","status":"TS","lat":11.8,"lon":-52.7,"wind_kt":35,"pressure_mb":1004,"radius_34kt_nm":null},{"date":"19950913","time":"0600","status":"TS","lat":11.9,"lon":-54.3,"wind_kt":45,"pressure_mb":999,"radius_34kt_nm":null},{"date":"19950913","time":"1200","status":"TS","lat":12.1,"lon":-55.4,"wind_kt":55,"pressure_mb":995,"radius_34kt_nm":null},{"date":"19950913","time":"1800","status":"TS","lat":12.5,"lon":-56.5,"wind_kt":60,"pressure_mb":990,"radius_34kt_nm":null},{"date":"19950914","time":"0000","status":"HU","lat":13,"lon":-57.7,"wind_kt":65,"pressure_mb":988,"radius_34kt_nm":null},{"date":"19950914","time":"0600","status":"HU","lat":13.5,"lon":-58.8,"wind_kt":70,"pressure_mb":987,"radius_34kt_nm":null},{"date":"19950914","time":"1200","status":"HU","lat":14.2,"lon":-59.8,"wind_kt":70,"pressure_mb":986,"radius_34kt_nm":null},{"date":"19950914","time":"1800","status":"HU","lat":15,"lon":-60.8,"wind_kt":70,"pressure_mb":983,"radius_34kt_nm":null},{"date":"19950914","time":"2100","status":"HU","lat":15.5,"lon":-61.3,"wind_kt":70,"pressure_mb":984,"radius_34kt_nm":null},{"date":"19950915","time":"0000","status":"HU","lat":15.8,"lon":-61.7,"wind_kt":75,"pressure_mb":985,"radius_34kt_nm":null},{"date":"19950915","time":"0600","status":"HU","lat":16.5,"lon":-62.8,"wind_kt":80,"pressure_mb":977,"radius_34kt_nm":null},{"date":"19950915","time":"1200","status":"HU","lat":16.8,"lon":-63.5,"wind_kt":80,"pressure_mb":974,"radius_34kt_nm":null},{"date":"19950915","time":"1800","status":"HU","lat":17.4,"lon":-64.2,"wind_kt":85,"pressure_mb":969,"radius_34kt_nm":null},{"date":"19950916","time":"0000","status":"HU","lat":17.9,"lon":-64.7,"wind_kt":90,"pressure_mb":962,"radius_34kt_nm":null},{"date":"19950916","time":"0600","status":"HU","lat":18.5,"lon":-65.2,"wind_kt":95,"pressure_mb":952,"radius_34kt_nm":null},{"date":"19950916","time":"1200","status":"HU","lat":19,"lon":-65.8,"wind_kt":95,"pressure_mb":951,"radius_34kt_nm":null},{"date":"19950916","time":"1800","status":"HU","lat":19.7,"lon":-66.4,"wind_kt":100,"pressure_mb":950,"radius_34kt_nm":null},{"date":"19950917","time":"0000","status":"HU","lat":20.4,"lon":-67,"wind_kt":100,"pressure_mb":950,"radius_34kt_nm":null},{"date":"19950917","time":"0300","status":"HU","lat":20.7,"lon":-67.1,"wind_kt":100,"pressure_mb":949,"radius_34kt_nm":null},{"date":"19950917","time":"0600","status":"HU","lat":21.2,"lon":-67.5,"wind_kt":95,"pressure_mb":953,"radius_34kt_nm":null},{"date":"19950917","time":"1200","status":"HU","lat":22,"lon":-68.2,"wind_kt":80,"pressure_mb":965,"radius_34kt_nm":null},{"date":"19950917","time":"1800","status":"HU","lat":22.9,"lon":-68.8,"wind_kt":80,"pressure_mb":968,"radius_34kt_nm":null},{"date":"19950918","time":"0000","status":"HU","lat":24,"lon":-69.1,"wind_kt":85,"pressure_mb":963,"radius_34kt_nm":null},{"date":"19950918","time":"0600","status":"HU","lat":25,"lon":-69.4,"wind_kt":85,"pressure_mb":965,"radius_34kt_nm":null},{"date":"19950918","time":"1200","status":"HU","lat":26.1,"lon":-69.5,"wind_kt":85,"pressure_mb":966,"radius_34kt_nm":null},{"date":"19950918","time":"1800","status":"HU","lat":27.2,"lon":-69.3,"wind_kt":80,"pressure_mb":966,"radius_34kt_nm":null},{"date":"19950919","time":"0000","status":"HU","lat":28.4,"lon":-69,"wind_kt":80,"pressure_mb":969,"radius_34kt_nm":null},{"date":"19950919","time":"0600","status":"HU","lat":29.6,"lon":-68.6,"wind_kt":75,"pressure_mb":970,"radius_34kt_nm":null},{"date":"19950919","time":"1200","status":"HU","lat":31,"lon":-68.2,"wind_kt":75,"pressure_mb":976,"radius_34kt_nm":null},{"date":"19950919","time":"1800","status":"HU","lat":32.6,"lon":-67.7,"wind_kt":80,"pressure_mb":974,"radius_34kt_nm":null},{"date":"19950920","time":"0000","status":"HU","lat":34.2,"lon":-66.8,"wind_kt":80,"pressure_mb":974,"radius_34kt_nm":null},{"date":"19950920","time":"0600","status":"HU","lat":35.8,"lon":-66.1,"wind_kt":75,"pressure_mb":976,"radius_34kt_nm":null},{"date":"19950920","time":"1200","status":"HU","lat":37.3,"lon":-65.2,"wind_kt":70,"pressure_mb":978,"radius_34kt_nm":null},{"date":"19950920","time":"1800","status":"HU","lat":38.3,"lon":-64.3,"wind_kt":70,"pressure_mb":980,"radius_34kt_nm":null},{"date":"19950921","time":"0000","status":"HU","lat":39,"lon":-63.3,"wind_kt":65,"pressure_mb":982,"radius_34kt_nm":null},{"date":"19950921","time":"0600","status":"HU","lat":39.3,"lon":-61.9,"wind_kt":65,"pressure_mb":984,"radius_34kt_nm":null},{"date":"19950921","time":"1200","status":"HU","lat":39.4,"lon":-60.6,"wind_kt":65,"pressure_mb":987,"radius_34kt_nm":null},{"date":"19950921","time":"1800","status":"TS","lat":39.6,"lon":-59.3,"wind_kt":60,"pressure_mb":990,"radius_34kt_nm":null},{"date":"19950922","time":"0000","status":"TS","lat":39.8,"lon":-58.3,"wind_kt":55,"pressure_mb":992,"radius_34kt_nm":null},{"date":"19950922","time":"0600","status":"EX","lat":39.7,"lon":-57.6,"wind_kt":55,"pressure_mb":994,"radius_34kt_nm":null},{"date":"19950922","time":"1200","status":"EX","lat":39.4,"lon":-57.1,"wind_kt":55,"pressure_mb":996,"radius_34kt_nm":null},{"date":"19950922","time":"1800","status":"EX","lat":39,"lon":-56.8,"wind_kt":55,"pressure_mb":998,"radius_34kt_nm":null},{"date":"19950923","time":"0000","status":"EX","lat":38.4,"lon":-56.7,"wind_kt":50,"pressure_mb":1000,"radius_34kt_nm":null},{"date":"19950923","time":"0600","status":"EX","lat":37.8,"lon":-56.7,"wind_kt":45,"pressure_mb":1001,"radius_34kt_nm":null},{"date":"19950923","time":"1200","status":"EX","lat":37.1,"lon":-56.7,"wind_kt":35,"pressure_mb":1002,"radius_34kt_nm":null},{"date":"19950923","time":"1800","status":"EX","lat":36.6,"lon":-56.8,"wind_kt":30,"pressure_mb":1003,"radius_34kt_nm":null},{"date":"19950924","time":"0000","status":"EX","lat":35.9,"lon":-57.2,"wind_kt":30,"pressure_mb":1004,"radius_34kt_nm":null},{"date":"19950924","time":"0600","status":"EX","lat":35,"lon":-58.1,"wind_kt":30,"pressure_mb":1004,"radius_34kt_nm":null},{"date":"19950924","time":"1200","status":"EX","lat":33.8,"lon":-57.7,"wind_kt":30,"pressure_mb":1005,"radius_34kt_nm":null},{"date":"19950924","time":"1800","status":"EX","lat":33,"lon":-57,"wind_kt":30,"pressure_mb":1005,"radius_34kt_nm":null},{"date":"19950925","time":"0000","status":"EX","lat":32.6,"lon":-56.6,"wind_kt":30,"pressure_mb":1005,"radius_34kt_nm":null},{"date":"19950925","time":"0600","status":"EX","lat":32,"lon":-56.3,"wind_kt":30,"pressure_mb":1005,"radius_34kt_nm":null},{"date":"19950925","time":"1200","status":"EX","lat":31.1,"lon":-56,"wind_kt":30,"pressure_mb":1005,"radius_34kt_nm":null},{"date":"19950925","time":"1800","status":"EX","lat":30.9,"lon":-55.1,"wind_kt":30,"pressure_mb":1005,"radius_34kt_nm":null},{"date":"19950926","time":"0000","status":"EX","lat":31,"lon":-54.7,"wind_kt":25,"pressure_mb":1006,"radius_34kt_nm":null},{"date":"19950926","time":"0600","status":"EX","lat":31.1,"lon":-54.2,"wind_kt":25,"pressure_mb":1006,"radius_34kt_nm":null},{"date":"19950926","time":"1200","status":"EX","lat":31.3,"lon":-53.8,"wind_kt":25,"pressure_mb":1007,"radius_34kt_nm":null},{"date":"19950926","time":"1800","status":"EX","lat":31.5,"lon":-53.4,"wind_kt":25,"pressure_mb":1008,"radius_34kt_nm":null},{"date":"19950927","time":"0000","status":"EX","lat":31.7,"lon":-53.1,"wind_kt":20,"pressure_mb":1009,"radius_34kt_nm":null},{"date":"19950927","time":"0600","status":"EX","lat":31.8,"lon":-52.6,"wind_kt":20,"pressure_mb":1010,"radius_34kt_nm":null},{"date":"19950927","time":"1200","status":"EX","lat":32.2,"lon":-52.1,"wind_kt":20,"pressure_mb":1011,"radius_34kt_nm":null},{"date":"19950927","time":"1800","status":"EX","lat":32.6,"lon":-51.7,"wind_kt":20,"pressure_mb":1012,"radius_34kt_nm":null},{"date":"19950928","time":"0000","status":"EX","lat":32.9,"lon":-51.4,"wind_kt":20,"pressure_mb":1013,"radius_34kt_nm":null},{"date":"19950928","time":"0600","status":"EX","lat":33.2,"lon":-51.1,"wind_kt":20,"pressure_mb":1014,"radius_34kt_nm":null},{"date":"19950928","time":"1200","status":"EX","lat":33.6,"lon":-50.9,"wind_kt":20,"pressure_mb":1014,"radius_34kt_nm":null},{"date":"19950928","time":"1800","status":"EX","lat":34,"lon":-50.6,"wind_kt":20,"pressure_mb":1013,"radius_34kt_nm":null},{"date":"19950929","time":"0000","status":"EX","lat":34.3,"lon":-49.9,"wind_kt":20,"pressure_mb":1013,"radius_34kt_nm":null},{"date":"19950929","time":"0600","status":"EX","lat":34.8,"lon":-49.1,"wind_kt":20,"pressure_mb":1014,"radius_34kt_nm":null},{"date":"19950929","time":"1200","status":"EX","lat":35.3,"lon":-48.2,"wind_kt":20,"pressure_mb":1014,"radius_34kt_nm":null},{"date":"19950929","time":"1800","status":"EX","lat":35.3,"lon":-47.2,"wind_kt":20,"pressure_mb":1014,"radius_34kt_nm":null},{"date":"19950930","time":"0000","status":"EX","lat":34.9,"lon":-47.7,"wind_kt":20,"pressure_mb":1015,"radius_34kt_nm":null},{"date":"19950930","time":"0600","status":"EX","lat":34.6,"lon":-48.5,"wind_kt":20,"pressure_mb":1015,"radius_34kt_nm":null},{"date":"19950930","time":"1200","status":"EX","lat":34.6,"lon":-49.3,"wind_kt":20,"pressure_mb":1016,"radius_34kt_nm":null},{"date":"19950930","time":"1800","status":"EX","lat":34.7,"lon":-50,"wind_kt":20,"pressure_mb":1016,"radius_34kt_nm":null},{"date":"19951001","time":"0000","status":"EX","lat":34.8,"lon":-50.5,"wind_kt":20,"pressure_mb":1016,"radius_34kt_nm":null},{"date":"19951001","time":"0600","status":"EX","lat":35,"lon":-51,"wind_kt":20,"pressure_mb":1016,"radius_34kt_nm":null},{"date":"19951001","time":"1200","status":"EX","lat":35.2,"lon":-51.5,"wind_kt":20,"pressure_mb":1016,"radius_34kt_nm":null},{"date":"19951001","time":"1800","status":"EX","lat":35.3,"lon":-51.9,"wind_kt":20,"pressure_mb":1016,"radius_34kt_nm":null}]}},{"type":"Feature","geometry":{"type":"LineString","coordinates":[[-37.7,10.4],[-39,10.9],[-40,11.4],[-40.6,12.1],[-41,12.8],[-41.5,13.5],[-42,14],[-42.4,14.5],[-42.6,15.2],[-42.6,15.9],[-42.2,16.5],[-41.9,17.4],[-41.2,18.2],[-40.6,18.9],[-40.3,19.4],[-40.2,19.7],[-40.1,19.8],[-40.2,19.9],[-40.3,20],[-40.4,20.1],[-40.4,20.5],[-40.2,20.9],[-40.1,21.5],[-40,22.4],[-40.1,23.5],[-40.3,24.7],[-41,25.7],[-41.8,26.7],[-42.4,27.6],[-42.8,28.5],[-43.1,29.5],[-43.1,30.4],[-43,31.3],[-42.7,31.9],[-42.3,32.2],[-41.5,32.4],[-40.5,32.4],[-39.4,32.5],[-38.2,32.5],[-36.9,32.5],[-35.3,32.7],[-33.5,33.2],[-31,34],[-29.5,35],[-28,36]]},"properties":{"id":"hur-al161995","event_type":"hurricane","name":"NOEL","year":1995,"max_wind_kt":65,"min_pressure_mb":987,"category":1,"preliminary":false,"start_date":"19950926","end_date":"19951007","track":[{"date":"19950926","time":"1800","status":"TD","lat":10.4,"lon":-37.7,"wind_kt":25,"pressure_mb":1007,"radius_34kt_nm":null},{"date":"19950927","time":"0000","status":"TD","lat":10.9,"lon":-39,"wind_kt":30,"pressure_mb":1006,"radius_34kt_nm":null},{"date":"19950927","time":"0600","status":"TD","lat":11.4,"lon":-40,"wind_kt":30,"pressure_mb":1005,"radius_34kt_nm":null},{"date":"19950927","time":"1200","status":"TS","lat":12.1,"lon":-40.6,"wind_kt":35,"pressure_mb":1005,"radius_34kt_nm":null},{"date":"19950927","time":"1800","status":"TS","lat":12.8,"lon":-41,"wind_kt":40,"pressure_mb":1002,"radius_34kt_nm":null},{"date":"19950928","time":"0000","status":"TS","lat":13.5,"lon":-41.5,"wind_kt":45,"pressure_mb":1000,"radius_34kt_nm":null},{"date":"19950928","time":"0600","status":"TS","lat":14,"lon":-42,"wind_kt":50,"pressure_mb":998,"radius_34kt_nm":null},{"date":"19950928","time":"1200","status":"TS","lat":14.5,"lon":-42.4,"wind_kt":60,"pressure_mb":995,"radius_34kt_nm":null},{"date":"19950928","time":"1800","status":"HU","lat":15.2,"lon":-42.6,"wind_kt":65,"pressure_mb":987,"radius_34kt_nm":null},{"date":"19950929","time":"0000","status":"HU","lat":15.9,"lon":-42.6,"wind_kt":65,"pressure_mb":987,"radius_34kt_nm":null},{"date":"19950929","time":"0600","status":"HU","lat":16.5,"lon":-42.2,"wind_kt":65,"pressure_mb":987,"radius_34kt_nm":null},{"date":"19950929","time":"1200","status":"HU","lat":17.4,"lon":-41.9,"wind_kt":65,"pressure_mb":987,"radius_34kt_nm":null},{"date":"19950929","time":"1800","status":"HU","lat":18.2,"lon":-41.2,"wind_kt":65,"pressure_mb":987,"radius_34kt_nm":null},{"date":"19950930","time":"0000","status":"HU","lat":18.9,"lon":-40.6,"wind_kt":65,"pressure_mb":987,"radius_34kt_nm":null},{"date":"19950930","time":"0600","status":"HU","lat":19.4,"lon":-40.3,"wind_kt":65,"pressure_mb":987,"radius_34kt_nm":null},{"date":"19950930","time":"1200","status":"TS","lat":19.7,"lon":-40.2,"wind_kt":60,"pressure_mb":990,"radius_34kt_nm":null},{"date":"19950930","time":"1800","status":"TS","lat":19.8,"lon":-40.1,"wind_kt":55,"pressure_mb":993,"radius_34kt_nm":null},{"date":"19951001","time":"0000","status":"TS","lat":19.9,"lon":-40.2,"wind_kt":50,"pressure_mb":994,"radius_34kt_nm":null},{"date":"19951001","time":"0600","status":"TS","lat":20,"lon":-40.3,"wind_kt":50,"pressure_mb":995,"radius_34kt_nm":null},{"date":"19951001","time":"1200","status":"TS","lat":20.1,"lon":-40.4,"wind_kt":45,"pressure_mb":1000,"radius_34kt_nm":null},{"date":"19951001","time":"1800","status":"TS","lat":20.5,"lon":-40.4,"wind_kt":45,"pressure_mb":1000,"radius_34kt_nm":null},{"date":"19951002","time":"0000","status":"TS","lat":20.9,"lon":-40.2,"wind_kt":45,"pressure_mb":1000,"radius_34kt_nm":null},{"date":"19951002","time":"0600","status":"TS","lat":21.5,"lon":-40.1,"wind_kt":45,"pressure_mb":1000,"radius_34kt_nm":null},{"date":"19951002","time":"1200","status":"TS","lat":22.4,"lon":-40,"wind_kt":45,"pressure_mb":1000,"radius_34kt_nm":null},{"date":"19951002","time":"1800","status":"TS","lat":23.5,"lon":-40.1,"wind_kt":45,"pressure_mb":1000,"radius_34kt_nm":null},{"date":"19951003","time":"0000","status":"TS","lat":24.7,"lon":-40.3,"wind_kt":45,"pressure_mb":1000,"radius_34kt_nm":null},{"date":"19951003","time":"0600","status":"TS","lat":25.7,"lon":-41,"wind_kt":40,"pressure_mb":1000,"radius_34kt_nm":null},{"date":"19951003","time":"1200","status":"TS","lat":26.7,"lon":-41.8,"wind_kt":45,"pressure_mb":1000,"radius_34kt_nm":null},{"date":"19951003","time":"1800","status":"TS","lat":27.6,"lon":-42.4,"wind_kt":45,"pressure_mb":1000,"radius_34kt_nm":null},{"date":"19951004","time":"0000","status":"TS","lat":28.5,"lon":-42.8,"wind_kt":45,"pressure_mb":999,"radius_34kt_nm":null},{"date":"19951004","time":"0600","status":"TS","lat":29.5,"lon":-43.1,"wind_kt":50,"pressure_mb":998,"radius_34kt_nm":null},{"date":"19951004","time":"1200","status":"TS","lat":30.4,"lon":-43.1,"wind_kt":50,"pressure_mb":997,"radius_34kt_nm":null},{"date":"19951004","time":"1800","status":"TS","lat":31.3,"lon":-43,"wind_kt":55,"pressure_mb":994,"radius_34kt_nm":null},{"date":"19951005","time":"0000","status":"HU","lat":31.9,"lon":-42.7,"wind_kt":65,"pressure_mb":987,"radius_34kt_nm":null},{"date":"19951005","time":"0600","status":"HU","lat":32.2,"lon":-42.3,"wind_kt":65,"pressure_mb":987,"radius_34kt_nm":null},{"date":"19951005","time":"1200","status":"HU","lat":32.4,"lon":-41.5,"wind_kt":65,"pressure_mb":987,"radius_34kt_nm":null},{"date":"19951005","time":"1800","status":"HU","lat":32.4,"lon":-40.5,"wind_kt":65,"pressure_mb":987,"radius_34kt_nm":null},{"date":"19951006","time":"0000","status":"TS","lat":32.5,"lon":-39.4,"wind_kt":60,"pressure_mb":990,"radius_34kt_nm":null},{"date":"19951006","time":"0600","status":"TS","lat":32.5,"lon":-38.2,"wind_kt":55,"pressure_mb":994,"radius_34kt_nm":null},{"date":"19951006","time":"1200","status":"TS","lat":32.5,"lon":-36.9,"wind_kt":50,"pressure_mb":997,"radius_34kt_nm":null},{"date":"19951006","time":"1800","status":"TS","lat":32.7,"lon":-35.3,"wind_kt":40,"pressure_mb":1001,"radius_34kt_nm":null},{"date":"19951007","time":"0000","status":"TS","lat":33.2,"lon":-33.5,"wind_kt":35,"pressure_mb":1004,"radius_34kt_nm":null},{"date":"19951007","time":"0600","status":"EX","lat":34,"lon":-31,"wind_kt":30,"pressure_mb":1000,"radius_34kt_nm":null},{"date":"19951007","time":"1200","status":"EX","lat":35,"lon":-29.5,"wind_kt":30,"pressure_mb":997,"radius_34kt_nm":null},{"date":"19951007","time":"1800","status":"EX","lat":36,"lon":-28,"wind_kt":30,"pressure_mb":995,"radius_34kt_nm":null}]}},{"type":"Feature","geometry":{"type":"LineString","coordinates":[[-87.3,19.1],[-87.5,19.4],[-87.9,19.4],[-88.2,19.3],[-88.4,19.3],[-88.4,19.4],[-88.4,19.5],[-88.3,19.6],[-88.2,19.8],[-88.2,20.1],[-88.3,20.6],[-88.5,21.1],[-89.1,21.4],[-89.9,21.3],[-90.7,21.1],[-91.2,20.9],[-91.6,20.8],[-91.9,20.7],[-92.1,20.8],[-92.3,21],[-92.3,21.2],[-92.2,21.7],[-92,22.2],[-91.6,22.8],[-91,23.5],[-90.1,24.5],[-89.4,25.9],[-88.8,26.6],[-88.5,27.3],[-87.7,29],[-87.1,30.3],[-86.8,31],[-86.2,33.2],[-85.7,35.4],[-83.5,38.5],[-82.3,40.5],[-80.5,42],[-78.4,43.3],[-76.5,44.5]]},"properties":{"id":"hur-al171995","event_type":"hurricane","name":"OPAL","year":1995,"max_wind_kt":130,"min_pressure_mb":916,"category":4,"preliminary":false,"start_date":"19950927","end_date":"19951006","track":[{"date":"19950927","time":"1800","status":"TD","lat":19.1,"lon":-87.3,"wind_kt":25,"pressure_mb":1004,"radius_34kt_nm":null},{"date":"19950928","time":"0000","status":"TD","lat":19.4,"lon":-87.5,"wind_kt":25,"pressure_mb":1004,"radius_34kt_nm":null},{"date":"19950928","time":"0600","status":"TD","lat":19.4,"lon":-87.9,"wind_kt":25,"pressure_mb":1004,"radius_34kt_nm":null},{"date":"19950928","time":"1200","status":"TD","lat":19.3,"lon":-88.2,"wind_kt":25,"pressure_mb":1003,"radius_34kt_nm":null},{"date":"19950928","time":"1800","status":"TD","lat":19.3,"lon":-88.4,"wind_kt":25,"pressure_mb":1003,"radius_34kt_nm":null},{"date":"19950929","time":"0000","status":"TD","lat":19.4,"lon":-88.4,"wind_kt":25,"pressure_mb":1003,"radius_34kt_nm":null},{"date":"19950929","time":"0600","status":"TD","lat":19.5,"lon":-88.4,"wind_kt":25,"pressure_mb":1003,"radius_34kt_nm":null},{"date":"19950929","time":"1200","status":"TD","lat":19.6,"lon":-88.3,"wind_kt":25,"pressure_mb":1003,"radius_34kt_nm":null},{"date":"19950929","time":"1800","status":"TD","lat":19.8,"lon":-88.2,"wind_kt":30,"pressure_mb":1003,"radius_34kt_nm":null},{"date":"19950930","time":"0000","status":"TD","lat":20.1,"lon":-88.2,"wind_kt":30,"pressure_mb":1002,"radius_34kt_nm":null},{"date":"19950930","time":"0600","status":"TD","lat":20.6,"lon":-88.3,"wind_kt":30,"pressure_mb":1002,"radius_34kt_nm":null},{"date":"19950930","time":"1200","status":"TS","lat":21.1,"lon":-88.5,"wind_kt":35,"pressure_mb":1001,"radius_34kt_nm":null},{"date":"19950930","time":"1800","status":"TS","lat":21.4,"lon":-89.1,"wind_kt":40,"pressure_mb":1000,"radius_34kt_nm":null},{"date":"19951001","time":"0000","status":"TS","lat":21.3,"lon":-89.9,"wind_kt":45,"pressure_mb":994,"radius_34kt_nm":null},{"date":"19951001","time":"0600","status":"TS","lat":21.1,"lon":-90.7,"wind_kt":45,"pressure_mb":987,"radius_34kt_nm":null},{"date":"19951001","time":"1200","status":"TS","lat":20.9,"lon":-91.2,"wind_kt":45,"pressure_mb":986,"radius_34kt_nm":null},{"date":"19951001","time":"1800","status":"TS","lat":20.8,"lon":-91.6,"wind_kt":50,"pressure_mb":985,"radius_34kt_nm":null},{"date":"19951002","time":"0000","status":"TS","lat":20.7,"lon":-91.9,"wind_kt":55,"pressure_mb":984,"radius_34kt_nm":null},{"date":"19951002","time":"0600","status":"TS","lat":20.8,"lon":-92.1,"wind_kt":60,"pressure_mb":980,"radius_34kt_nm":null},{"date":"19951002","time":"1200","status":"HU","lat":21,"lon":-92.3,"wind_kt":65,"pressure_mb":973,"radius_34kt_nm":null},{"date":"19951002","time":"1800","status":"HU","lat":21.2,"lon":-92.3,"wind_kt":65,"pressure_mb":972,"radius_34kt_nm":null},{"date":"19951003","time":"0000","status":"HU","lat":21.7,"lon":-92.2,"wind_kt":70,"pressure_mb":970,"radius_34kt_nm":null},{"date":"19951003","time":"0600","status":"HU","lat":22.2,"lon":-92,"wind_kt":75,"pressure_mb":969,"radius_34kt_nm":null},{"date":"19951003","time":"1200","status":"HU","lat":22.8,"lon":-91.6,"wind_kt":80,"pressure_mb":968,"radius_34kt_nm":null},{"date":"19951003","time":"1800","status":"HU","lat":23.5,"lon":-91,"wind_kt":85,"pressure_mb":965,"radius_34kt_nm":null},{"date":"19951004","time":"0000","status":"HU","lat":24.5,"lon":-90.1,"wind_kt":100,"pressure_mb":953,"radius_34kt_nm":null},{"date":"19951004","time":"0600","status":"HU","lat":25.9,"lon":-89.4,"wind_kt":110,"pressure_mb":935,"radius_34kt_nm":null},{"date":"19951004","time":"1000","status":"HU","lat":26.6,"lon":-88.8,"wind_kt":130,"pressure_mb":916,"radius_34kt_nm":null},{"date":"19951004","time":"1200","status":"HU","lat":27.3,"lon":-88.5,"wind_kt":130,"pressure_mb":919,"radius_34kt_nm":null},{"date":"19951004","time":"1800","status":"HU","lat":29,"lon":-87.7,"wind_kt":110,"pressure_mb":938,"radius_34kt_nm":null},{"date":"19951004","time":"2200","status":"HU","lat":30.3,"lon":-87.1,"wind_kt":100,"pressure_mb":942,"radius_34kt_nm":null},{"date":"19951005","time":"0000","status":"HU","lat":31,"lon":-86.8,"wind_kt":80,"pressure_mb":950,"radius_34kt_nm":null},{"date":"19951005","time":"0600","status":"TS","lat":33.2,"lon":-86.2,"wind_kt":50,"pressure_mb":974,"radius_34kt_nm":null},{"date":"19951005","time":"1200","status":"TD","lat":35.4,"lon":-85.7,"wind_kt":30,"pressure_mb":982,"radius_34kt_nm":null},{"date":"19951005","time":"1800","status":"EX","lat":38.5,"lon":-83.5,"wind_kt":40,"pressure_mb":986,"radius_34kt_nm":null},{"date":"19951006","time":"0000","status":"EX","lat":40.5,"lon":-82.3,"wind_kt":40,"pressure_mb":989,"radius_34kt_nm":null},{"date":"19951006","time":"0600","status":"EX","lat":42,"lon":-80.5,"wind_kt":40,"pressure_mb":991,"radius_34kt_nm":null},{"date":"19951006","time":"1200","status":"EX","lat":43.3,"lon":-78.4,"wind_kt":35,"pressure_mb":997,"radius_34kt_nm":null},{"date":"19951006","time":"1800","status":"EX","lat":44.5,"lon":-76.5,"wind_kt":30,"pressure_mb":1002,"radius_34kt_nm":null}]}},{"type":"Feature","geometry":{"type":"LineString","coordinates":[[-31.4,8.3],[-32.8,8.4],[-35.1,9.3],[-37.5,10.2],[-40.1,11.1],[-41.9,11.5],[-44,12],[-45.8,12.2],[-47.5,12.4],[-48.8,12.5],[-50,12.7],[-51.1,12.8],[-52.3,12.6],[-53.9,12.5],[-55.7,12.3],[-57.5,12.1]]},"properties":{"id":"hur-al181995","event_type":"hurricane","name":"PABLO","year":1995,"max_wind_kt":50,"min_pressure_mb":994,"category":0,"preliminary":false,"start_date":"19951004","end_date":"19951008","track":[{"date":"19951004","time":"1800","status":"TD","lat":8.3,"lon":-31.4,"wind_kt":30,"pressure_mb":1009,"radius_34kt_nm":null},{"date":"19951005","time":"0000","status":"TD","lat":8.4,"lon":-32.8,"wind_kt":30,"pressure_mb":1009,"radius_34kt_nm":null},{"date":"19951005","time":"0600","status":"TD","lat":9.3,"lon":-35.1,"wind_kt":30,"pressure_mb":1008,"radius_34kt_nm":null},{"date":"19951005","time":"1200","status":"TS","lat":10.2,"lon":-37.5,"wind_kt":35,"pressure_mb":1006,"radius_34kt_nm":null},{"date":"19951005","time":"1800","status":"TS","lat":11.1,"lon":-40.1,"wind_kt":40,"pressure_mb":1003,"radius_34kt_nm":null},{"date":"19951006","time":"0000","status":"TS","lat":11.5,"lon":-41.9,"wind_kt":50,"pressure_mb":997,"radius_34kt_nm":null},{"date":"19951006","time":"0600","status":"TS","lat":12,"lon":-44,"wind_kt":50,"pressure_mb":994,"radius_34kt_nm":null},{"date":"19951006","time":"1200","status":"TS","lat":12.2,"lon":-45.8,"wind_kt":50,"pressure_mb":995,"radius_34kt_nm":null},{"date":"19951006","time":"1800","status":"TS","lat":12.4,"lon":-47.5,"wind_kt":45,"pressure_mb":998,"radius_34kt_nm":null},{"date":"19951007","time":"0000","status":"TS","lat":12.5,"lon":-48.8,"wind_kt":45,"pressure_mb":1000,"radius_34kt_nm":null},{"date":"19951007","time":"0600","status":"TS","lat":12.7,"lon":-50,"wind_kt":45,"pressure_mb":1000,"radius_34kt_nm":null},{"date":"19951007","time":"1200","status":"TS","lat":12.8,"lon":-51.1,"wind_kt":45,"pressure_mb":1000,"radius_34kt_nm":null},{"date":"19951007","time":"1800","status":"TS","lat":12.6,"lon":-52.3,"wind_kt":45,"pressure_mb":1000,"radius_34kt_nm":null},{"date":"19951008","time":"0000","status":"TS","lat":12.5,"lon":-53.9,"wind_kt":45,"pressure_mb":1001,"radius_34kt_nm":null},{"date":"19951008","time":"0600","status":"TS","lat":12.3,"lon":-55.7,"wind_kt":45,"pressure_mb":1007,"radius_34kt_nm":null},{"date":"19951008","time":"1200","status":"TD","lat":12.1,"lon":-57.5,"wind_kt":30,"pressure_mb":1009,"radius_34kt_nm":null}]}},{"type":"Feature","geometry":{"type":"LineString","coordinates":[[-82.1,14],[-82.7,14.2],[-83,14.8],[-83.2,15],[-83.2,15.7],[-83.1,16.5],[-83,17.2],[-82.9,17.9],[-82.9,18.4],[-83.7,18.9],[-84.3,19.2],[-85,19.4],[-86,19.9],[-86.7,20],[-87,20],[-87.6,20],[-88.1,20],[-89.1,19.9],[-90,19.7],[-90.8,19.5],[-91.5,19.5],[-92.2,19.5],[-92.6,19.7],[-92.8,20.1],[-93.1,20.5],[-93.6,21],[-93.9,21.4],[-93.9,21.8],[-93.9,22.2],[-93.8,22.3],[-93.3,22.3],[-92.9,21.8],[-92.4,21.4],[-91.9,21],[-91.6,20.6],[-91.5,20.4],[-91.7,20.3],[-92,20.3],[-92.2,20.4],[-92.4,20.6],[-92.6,20.9],[-92.9,21.2],[-93.1,21.3],[-93.3,21.5],[-93.6,21.8],[-94.2,22.2],[-94.7,22.3],[-95.1,22.3],[-95.4,22.4],[-95.5,22.3],[-95.6,22.3],[-95.6,22.4],[-95.5,22],[-95.5,21.5],[-95.5,20.5],[-96,19.5]]},"properties":{"id":"hur-al191995","event_type":"hurricane","name":"ROXANNE","year":1995,"max_wind_kt":100,"min_pressure_mb":956,"category":3,"preliminary":false,"start_date":"19951007","end_date":"19951021","track":[{"date":"19951007","time":"1800","status":"TD","lat":14,"lon":-82.1,"wind_kt":25,"pressure_mb":1005,"radius_34kt_nm":null},{"date":"19951008","time":"0000","status":"TD","lat":14.2,"lon":-82.7,"wind_kt":25,"pressure_mb":1005,"radius_34kt_nm":null},{"date":"19951008","time":"0600","status":"TD","lat":14.8,"lon":-83,"wind_kt":25,"pressure_mb":1005,"radius_34kt_nm":null},{"date":"19951008","time":"1200","status":"TD","lat":15,"lon":-83.2,"wind_kt":25,"pressure_mb":1005,"radius_34kt_nm":null},{"date":"19951008","time":"1800","status":"TD","lat":15.7,"lon":-83.2,"wind_kt":30,"pressure_mb":1004,"radius_34kt_nm":null},{"date":"19951009","time":"0000","status":"TS","lat":16.5,"lon":-83.1,"wind_kt":35,"pressure_mb":1002,"radius_34kt_nm":null},{"date":"19951009","time":"0600","status":"TS","lat":17.2,"lon":-83,"wind_kt":40,"pressure_mb":1001,"radius_34kt_nm":null},{"date":"19951009","time":"1200","status":"TS","lat":17.9,"lon":-82.9,"wind_kt":45,"pressure_mb":999,"radius_34kt_nm":null},{"date":"19951009","time":"1800","status":"TS","lat":18.4,"lon":-82.9,"wind_kt":50,"pressure_mb":995,"radius_34kt_nm":null},{"date":"19951010","time":"0000","status":"TS","lat":18.9,"lon":-83.7,"wind_kt":60,"pressure_mb":989,"radius_34kt_nm":null},{"date":"19951010","time":"0600","status":"HU","lat":19.2,"lon":-84.3,"wind_kt":70,"pressure_mb":985,"radius_34kt_nm":null},{"date":"19951010","time":"1200","status":"HU","lat":19.4,"lon":-85,"wind_kt":80,"pressure_mb":972,"radius_34kt_nm":null},{"date":"19951010","time":"1800","status":"HU","lat":19.9,"lon":-86,"wind_kt":95,"pressure_mb":966,"radius_34kt_nm":null},{"date":"19951010","time":"2152","status":"HU","lat":20,"lon":-86.7,"wind_kt":100,"pressure_mb":956,"radius_34kt_nm":null},{"date":"19951011","time":"0000","status":"HU","lat":20,"lon":-87,"wind_kt":100,"pressure_mb":958,"radius_34kt_nm":null},{"date":"19951011","time":"0200","status":"HU","lat":20,"lon":-87.6,"wind_kt":100,"pressure_mb":958,"radius_34kt_nm":null},{"date":"19951011","time":"0600","status":"HU","lat":20,"lon":-88.1,"wind_kt":90,"pressure_mb":970,"radius_34kt_nm":null},{"date":"19951011","time":"1200","status":"HU","lat":19.9,"lon":-89.1,"wind_kt":75,"pressure_mb":983,"radius_34kt_nm":null},{"date":"19951011","time":"1800","status":"HU","lat":19.7,"lon":-90,"wind_kt":70,"pressure_mb":987,"radius_34kt_nm":null},{"date":"19951012","time":"0000","status":"HU","lat":19.5,"lon":-90.8,"wind_kt":65,"pressure_mb":990,"radius_34kt_nm":null},{"date":"19951012","time":"0600","status":"HU","lat":19.5,"lon":-91.5,"wind_kt":65,"pressure_mb":992,"radius_34kt_nm":null},{"date":"19951012","time":"1200","status":"TS","lat":19.5,"lon":-92.2,"wind_kt":55,"pressure_mb":994,"radius_34kt_nm":null},{"date":"19951012","time":"1800","status":"TS","lat":19.7,"lon":-92.6,"wind_kt":55,"pressure_mb":995,"radius_34kt_nm":null},{"date":"19951013","time":"0000","status":"TS","lat":20.1,"lon":-92.8,"wind_kt":55,"pressure_mb":993,"radius_34kt_nm":null},{"date":"19951013","time":"0600","status":"TS","lat":20.5,"lon":-93.1,"wind_kt":55,"pressure_mb":993,"radius_34kt_nm":null},{"date":"19951013","time":"1200","status":"TS","lat":21,"lon":-93.6,"wind_kt":55,"pressure_mb":992,"radius_34kt_nm":null},{"date":"19951013","time":"1800","status":"TS","lat":21.4,"lon":-93.9,"wind_kt":55,"pressure_mb":988,"radius_34kt_nm":null},{"date":"19951014","time":"0000","status":"TS","lat":21.8,"lon":-93.9,"wind_kt":55,"pressure_mb":982,"radius_34kt_nm":null},{"date":"19951014","time":"0600","status":"TS","lat":22.2,"lon":-93.9,"wind_kt":60,"pressure_mb":981,"radius_34kt_nm":null},{"date":"19951014","time":"1200","status":"HU","lat":22.3,"lon":-93.8,"wind_kt":65,"pressure_mb":980,"radius_34kt_nm":null},{"date":"19951014","time":"1800","status":"HU","lat":22.3,"lon":-93.3,"wind_kt":70,"pressure_mb":980,"radius_34kt_nm":null},{"date":"19951015","time":"0000","status":"HU","lat":21.8,"lon":-92.9,"wind_kt":70,"pressure_mb":979,"radius_34kt_nm":null},{"date":"19951015","time":"0600","status":"HU","lat":21.4,"lon":-92.4,"wind_kt":75,"pressure_mb":979,"radius_34kt_nm":null},{"date":"19951015","time":"1200","status":"HU","lat":21,"lon":-91.9,"wind_kt":75,"pressure_mb":980,"radius_34kt_nm":null},{"date":"19951015","time":"1800","status":"HU","lat":20.6,"lon":-91.6,"wind_kt":75,"pressure_mb":980,"radius_34kt_nm":null},{"date":"19951016","time":"0000","status":"HU","lat":20.4,"lon":-91.5,"wind_kt":75,"pressure_mb":981,"radius_34kt_nm":null},{"date":"19951016","time":"0600","status":"HU","lat":20.3,"lon":-91.7,"wind_kt":70,"pressure_mb":984,"radius_34kt_nm":null},{"date":"19951016","time":"1200","status":"HU","lat":20.3,"lon":-92,"wind_kt":65,"pressure_mb":985,"radius_34kt_nm":null},{"date":"19951016","time":"1800","status":"HU","lat":20.4,"lon":-92.2,"wind_kt":65,"pressure_mb":987,"radius_34kt_nm":null},{"date":"19951017","time":"0000","status":"HU","lat":20.6,"lon":-92.4,"wind_kt":65,"pressure_mb":991,"radius_34kt_nm":null},{"date":"19951017","time":"0600","status":"TS","lat":20.9,"lon":-92.6,"wind_kt":60,"pressure_mb":995,"radius_34kt_nm":null},{"date":"19951017","time":"1200","status":"TS","lat":21.2,"lon":-92.9,"wind_kt":55,"pressure_mb":998,"radius_34kt_nm":null},{"date":"19951017","time":"1800","status":"TS","lat":21.3,"lon":-93.1,"wind_kt":50,"pressure_mb":1000,"radius_34kt_nm":null},{"date":"19951018","time":"0000","status":"TS","lat":21.5,"lon":-93.3,"wind_kt":45,"pressure_mb":1003,"radius_34kt_nm":null},{"date":"19951018","time":"0600","status":"TS","lat":21.8,"lon":-93.6,"wind_kt":40,"pressure_mb":1004,"radius_34kt_nm":null},{"date":"19951018","time":"1200","status":"TS","lat":22.2,"lon":-94.2,"wind_kt":35,"pressure_mb":1005,"radius_34kt_nm":null},{"date":"19951018","time":"1800","status":"TS","lat":22.3,"lon":-94.7,"wind_kt":35,"pressure_mb":1008,"radius_34kt_nm":null},{"date":"19951019","time":"0000","status":"TD","lat":22.3,"lon":-95.1,"wind_kt":30,"pressure_mb":1009,"radius_34kt_nm":null},{"date":"19951019","time":"0600","status":"TD","lat":22.4,"lon":-95.4,"wind_kt":30,"pressure_mb":1009,"radius_34kt_nm":null},{"date":"19951019","time":"1200","status":"TD","lat":22.3,"lon":-95.5,"wind_kt":30,"pressure_mb":1009,"radius_34kt_nm":null},{"date":"19951019","time":"1800","status":"TD","lat":22.3,"lon":-95.6,"wind_kt":30,"pressure_mb":1009,"radius_34kt_nm":null},{"date":"19951020","time":"0000","status":"TD","lat":22.4,"lon":-95.6,"wind_kt":30,"pressure_mb":1009,"radius_34kt_nm":null},{"date":"19951020","time":"0600","status":"TD","lat":22,"lon":-95.5,"wind_kt":30,"pressure_mb":1009,"radius_34kt_nm":null},{"date":"19951020","time":"1200","status":"TD","lat":21.5,"lon":-95.5,"wind_kt":25,"pressure_mb":1009,"radius_34kt_nm":null},{"date":"19951020","time":"1800","status":"TD","lat":20.5,"lon":-95.5,"wind_kt":25,"pressure_mb":1010,"radius_34kt_nm":null},{"date":"19951021","time":"0000","status":"TD","lat":19.5,"lon":-96,"wind_kt":25,"pressure_mb":1011,"radius_34kt_nm":null}]}},{"type":"Feature","geometry":{"type":"LineString","coordinates":[[-53.8,13.8],[-54.5,14.8],[-55.1,16],[-55.9,17.6],[-56.3,19],[-56.6,20.1],[-56.7,21.2],[-56.8,21.8],[-57.7,22],[-58.5,21.5],[-59.5,20.9],[-60.4,20.1],[-61,19.4],[-61.7,19],[-62.3,18.6],[-63,18.3],[-63.7,18],[-64.3,17.7],[-64.5,17.5]]},"properties":{"id":"hur-al201995","event_type":"hurricane","name":"SEBASTIEN","year":1995,"max_wind_kt":55,"min_pressure_mb":1001,"category":0,"preliminary":false,"start_date":"19951020","end_date":"19951025","track":[{"date":"19951020","time":"1200","status":"TD","lat":13.8,"lon":-53.8,"wind_kt":25,"pressure_mb":1006,"radius_34kt_nm":null},{"date":"19951020","time":"1800","status":"TD","lat":14.8,"lon":-54.5,"wind_kt":30,"pressure_mb":1005,"radius_34kt_nm":null},{"date":"19951021","time":"0000","status":"TS","lat":16,"lon":-55.1,"wind_kt":35,"pressure_mb":1004,"radius_34kt_nm":null},{"date":"19951021","time":"0600","status":"TS","lat":17.6,"lon":-55.9,"wind_kt":35,"pressure_mb":1004,"radius_34kt_nm":null},{"date":"19951021","time":"1200","status":"TS","lat":19,"lon":-56.3,"wind_kt":40,"pressure_mb":1005,"radius_34kt_nm":null},{"date":"19951021","time":"1800","status":"TS","lat":20.1,"lon":-56.6,"wind_kt":40,"pressure_mb":1007,"radius_34kt_nm":null},{"date":"19951022","time":"0000","status":"TS","lat":21.2,"lon":-56.7,"wind_kt":40,"pressure_mb":1007,"radius_34kt_nm":null},{"date":"19951022","time":"0600","status":"TS","lat":21.8,"lon":-56.8,"wind_kt":40,"pressure_mb":1006,"radius_34kt_nm":null},{"date":"19951022","time":"1200","status":"TS","lat":22,"lon":-57.7,"wind_kt":45,"pressure_mb":1004,"radius_34kt_nm":null},{"date":"19951022","time":"1800","status":"TS","lat":21.5,"lon":-58.5,"wind_kt":55,"pressure_mb":1001,"radius_34kt_nm":null},{"date":"19951023","time":"0000","status":"TS","lat":20.9,"lon":-59.5,"wind_kt":50,"pressure_mb":1001,"radius_34kt_nm":null},{"date":"19951023","time":"0600","status":"TS","lat":20.1,"lon":-60.4,"wind_kt":45,"pressure_mb":1002,"radius_34kt_nm":null},{"date":"19951023","time":"1200","status":"TS","lat":19.4,"lon":-61,"wind_kt":40,"pressure_mb":1003,"radius_34kt_nm":null},{"date":"19951023","time":"1800","status":"TS","lat":19,"lon":-61.7,"wind_kt":35,"pressure_mb":1004,"radius_34kt_nm":null},{"date":"19951024","time":"0000","status":"TD","lat":18.6,"lon":-62.3,"wind_kt":30,"pressure_mb":1005,"radius_34kt_nm":null},{"date":"19951024","time":"0600","status":"TD","lat":18.3,"lon":-63,"wind_kt":30,"pressure_mb":1007,"radius_34kt_nm":null},{"date":"19951024","time":"1200","status":"TD","lat":18,"lon":-63.7,"wind_kt":30,"pressure_mb":1007,"radius_34kt_nm":null},{"date":"19951024","time":"1800","status":"TD","lat":17.7,"lon":-64.3,"wind_kt":25,"pressure_mb":1007,"radius_34kt_nm":null},{"date":"19951025","time":"0000","status":"TD","lat":17.5,"lon":-64.5,"wind_kt":20,"pressure_mb":1008,"radius_34kt_nm":null}]}},{"type":"Feature","geometry":{"type":"LineString","coordinates":[[-59.2,24.6],[-58.6,25.3],[-57.9,26.2],[-57.1,27.1],[-56.6,27.2],[-56.2,27.3],[-55.7,27.2],[-54.7,27.5],[-54.2,28.4],[-54.2,29.6],[-54.9,30.5],[-55.3,31.2],[-54.8,31.8],[-54.2,32.6],[-53.4,33.1],[-51.8,33.8],[-50.1,34.6],[-48.3,35.4],[-45.8,36.2],[-43.2,37.1],[-40.4,37.8],[-37.9,37.7],[-35.4,37.4],[-31.8,37.7],[-28.2,39.2],[-25.7,41.8],[-24,44.5],[-23,47.5],[-24,50.5]]},"properties":{"id":"hur-al211995","event_type":"hurricane","name":"TANYA","year":1995,"max_wind_kt":75,"min_pressure_mb":970,"category":1,"preliminary":false,"start_date":"19951027","end_date":"19951103","track":[{"date":"19951027","time":"0000","status":"TD","lat":24.6,"lon":-59.2,"wind_kt":30,"pressure_mb":1004,"radius_34kt_nm":null},{"date":"19951027","time":"0600","status":"TD","lat":25.3,"lon":-58.6,"wind_kt":30,"pressure_mb":1002,"radius_34kt_nm":null},{"date":"19951027","time":"1200","status":"TS","lat":26.2,"lon":-57.9,"wind_kt":35,"pressure_mb":1001,"radius_34kt_nm":null},{"date":"19951027","time":"1800","status":"TS","lat":27.1,"lon":-57.1,"wind_kt":40,"pressure_mb":998,"radius_34kt_nm":null},{"date":"19951028","time":"0000","status":"TS","lat":27.2,"lon":-56.6,"wind_kt":45,"pressure_mb":997,"radius_34kt_nm":null},{"date":"19951028","time":"0600","status":"TS","lat":27.3,"lon":-56.2,"wind_kt":45,"pressure_mb":996,"radius_34kt_nm":null},{"date":"19951028","time":"1200","status":"TS","lat":27.2,"lon":-55.7,"wind_kt":50,"pressure_mb":995,"radius_34kt_nm":null},{"date":"19951028","time":"1800","status":"TS","lat":27.5,"lon":-54.7,"wind_kt":55,"pressure_mb":992,"radius_34kt_nm":null},{"date":"19951029","time":"0000","status":"TS","lat":28.4,"lon":-54.2,"wind_kt":60,"pressure_mb":990,"radius_34kt_nm":null},{"date":"19951029","time":"0600","status":"TS","lat":29.6,"lon":-54.2,"wind_kt":60,"pressure_mb":987,"radius_34kt_nm":null},{"date":"19951029","time":"1200","status":"HU","lat":30.5,"lon":-54.9,"wind_kt":65,"pressure_mb":983,"radius_34kt_nm":null},{"date":"19951029","time":"1800","status":"HU","lat":31.2,"lon":-55.3,"wind_kt":70,"pressure_mb":982,"radius_34kt_nm":null},{"date":"19951030","time":"0000","status":"HU","lat":31.8,"lon":-54.8,"wind_kt":70,"pressure_mb":980,"radius_34kt_nm":null},{"date":"19951030","time":"0600","status":"HU","lat":32.6,"lon":-54.2,"wind_kt":70,"pressure_mb":980,"radius_34kt_nm":null},{"date":"19951030","time":"1200","status":"HU","lat":33.1,"lon":-53.4,"wind_kt":70,"pressure_mb":979,"radius_34kt_nm":null},{"date":"19951030","time":"1800","status":"HU","lat":33.8,"lon":-51.8,"wind_kt":75,"pressure_mb":977,"radius_34kt_nm":null},{"date":"19951031","time":"0000","status":"HU","lat":34.6,"lon":-50.1,"wind_kt":75,"pressure_mb":975,"radius_34kt_nm":null},{"date":"19951031","time":"0600","status":"HU","lat":35.4,"lon":-48.3,"wind_kt":75,"pressure_mb":972,"radius_34kt_nm":null},{"date":"19951031","time":"1200","status":"HU","lat":36.2,"lon":-45.8,"wind_kt":75,"pressure_mb":973,"radius_34kt_nm":null},{"date":"19951031","time":"1800","status":"HU","lat":37.1,"lon":-43.2,"wind_kt":75,"pressure_mb":973,"radius_34kt_nm":null},{"date":"19951101","time":"0000","status":"HU","lat":37.8,"lon":-40.4,"wind_kt":70,"pressure_mb":974,"radius_34kt_nm":null},{"date":"19951101","time":"0600","status":"HU","lat":37.7,"lon":-37.9,"wind_kt":65,"pressure_mb":974,"radius_34kt_nm":null},{"date":"19951101","time":"1200","status":"TS","lat":37.4,"lon":-35.4,"wind_kt":60,"pressure_mb":974,"radius_34kt_nm":null},{"date":"19951101","time":"1800","status":"TS","lat":37.7,"lon":-31.8,"wind_kt":55,"pressure_mb":972,"radius_34kt_nm":null},{"date":"19951102","time":"0000","status":"EX","lat":39.2,"lon":-28.2,"wind_kt":55,"pressure_mb":970,"radius_34kt_nm":null},{"date":"19951102","time":"0600","status":"EX","lat":41.8,"lon":-25.7,"wind_kt":55,"pressure_mb":971,"radius_34kt_nm":null},{"date":"19951102","time":"1200","status":"EX","lat":44.5,"lon":-24,"wind_kt":50,"pressure_mb":974,"radius_34kt_nm":null},{"date":"19951102","time":"1800","status":"EX","lat":47.5,"lon":-23,"wind_kt":45,"pressure_mb":976,"radius_34kt_nm":null},{"date":"19951103","time":"0000","status":"EX","lat":50.5,"lon":-24,"wind_kt":40,"pressure_mb":977,"radius_34kt_nm":null}]}},{"type":"Feature","geometry":{"type":"LineString","coordinates":[[-77.8,26.8],[-78.3,27.7],[-78.8,28.6],[-78.8,29.7],[-78.7,30.6],[-78.7,31.5],[-78.6,32.3],[-78.1,33.2],[-77.3,33.9],[-76.4,34.7],[-75.4,35.5],[-74.1,36.4],[-72.5,36.9],[-70.3,37.3],[-66.5,37.3],[-62,37.5],[-56.2,37.8],[-50.5,38.5],[-47,40],[-43,41],[-40,42.5],[-37,44]]},"properties":{"id":"hur-al011996","event_type":"hurricane","name":"ARTHUR","year":1996,"max_wind_kt":45,"min_pressure_mb":992,"category":0,"preliminary":false,"start_date":"19960617","end_date":"19960623","track":[{"date":"19960617","time":"1800","status":"TD","lat":26.8,"lon":-77.8,"wind_kt":25,"pressure_mb":1010,"radius_34kt_nm":null},{"date":"19960618","time":"0000","status":"TD","lat":27.7,"lon":-78.3,"wind_kt":25,"pressure_mb":1010,"radius_34kt_nm":null},{"date":"19960618","time":"0600","status":"TD","lat":28.6,"lon":-78.8,"wind_kt":25,"pressure_mb":1009,"radius_34kt_nm":null},{"date":"19960618","time":"1200","status":"TD","lat":29.7,"lon":-78.8,"wind_kt":25,"pressure_mb":1008,"radius_34kt_nm":null},{"date":"19960618","time":"1800","status":"TD","lat":30.6,"lon":-78.7,"wind_kt":30,"pressure_mb":1008,"radius_34kt_nm":null},{"date":"19960619","time":"0000","status":"TS","lat":31.5,"lon":-78.7,"wind_kt":35,"pressure_mb":1004,"radius_34kt_nm":null},{"date":"19960619","time":"0600","status":"TS","lat":32.3,"lon":-78.6,"wind_kt":35,"pressure_mb":1006,"radius_34kt_nm":null},{"date":"19960619","time":"1200","status":"TS","lat":33.2,"lon":-78.1,"wind_kt":40,"pressure_mb":1005,"radius_34kt_nm":null},{"date":"19960619","time":"1800","status":"TS","lat":33.9,"lon":-77.3,"wind_kt":40,"pressure_mb":1005,"radius_34kt_nm":null},{"date":"19960620","time":"0000","status":"TS","lat":34.7,"lon":-76.4,"wind_kt":35,"pressure_mb":1005,"radius_34kt_nm":null},{"date":"19960620","time":"0600","status":"TS","lat":35.5,"lon":-75.4,"wind_kt":35,"pressure_mb":1005,"radius_34kt_nm":null},{"date":"19960620","time":"1200","status":"TD","lat":36.4,"lon":-74.1,"wind_kt":30,"pressure_mb":1005,"radius_34kt_nm":null},{"date":"19960620","time":"1800","status":"TD","lat":36.9,"lon":-72.5,"wind_kt":30,"pressure_mb":1004,"radius_34kt_nm":null},{"date":"19960621","time":"0000","status":"TD","lat":37.3,"lon":-70.3,"wind_kt":30,"pressure_mb":1003,"radius_34kt_nm":null},{"date":"19960621","time":"0600","status":"TD","lat":37.3,"lon":-66.5,"wind_kt":30,"pressure_mb":1002,"radius_34kt_nm":null},{"date":"19960621","time":"1200","status":"EX","lat":37.5,"lon":-62,"wind_kt":35,"pressure_mb":1001,"radius_34kt_nm":null},{"date":"19960621","time":"1800","status":"EX","lat":37.8,"lon":-56.2,"wind_kt":45,"pressure_mb":1000,"radius_34kt_nm":null},{"date":"19960622","time":"0000","status":"EX","lat":38.5,"lon":-50.5,"wind_kt":45,"pressure_mb":998,"radius_34kt_nm":null},{"date":"19960622","time":"0600","status":"EX","lat":40,"lon":-47,"wind_kt":45,"pressure_mb":995,"radius_34kt_nm":null},{"date":"19960622","time":"1200","status":"EX","lat":41,"lon":-43,"wind_kt":45,"pressure_mb":993,"radius_34kt_nm":null},{"date":"19960622","time":"1800","status":"EX","lat":42.5,"lon":-40,"wind_kt":45,"pressure_mb":992,"radius_34kt_nm":null},{"date":"19960623","time":"0000","status":"EX","lat":44,"lon":-37,"wind_kt":45,"pressure_mb":996,"radius_34kt_nm":null}]}},{"type":"Feature","geometry":{"type":"LineString","coordinates":[[-34,9.8],[-36.3,10.2],[-39,11],[-41.2,12],[-43.9,12.7],[-46.6,13.1],[-48.7,13.7],[-51,14.2],[-52.9,14.9],[-54.8,15.6],[-56.9,16.4],[-58.4,16.5],[-60.1,17],[-61.8,17.5],[-63.5,18],[-64.9,18.6],[-66.1,19.4],[-67.7,20.3],[-69.4,21.4],[-71.1,22.5],[-72.6,23.6],[-74,24.5],[-75.3,25.4],[-75.8,26.4],[-76.4,27.5],[-76.8,28.3],[-77.5,29.2],[-78,30],[-78.3,30.7],[-78.6,31.2],[-78.4,32.2],[-78.1,33.6],[-77.8,34.3],[-77.6,35],[-77,36.7],[-76.1,38.3],[-74.5,40.2],[-71.9,42.1],[-69,44.1],[-66,46],[-62,47],[-57,48],[-52,49],[-47,51],[-44,54],[-42.5,57.5],[-42.5,58.5],[-42,59.5],[-41,59.8],[-40,60],[-39,60.5]]},"properties":{"id":"hur-al021996","event_type":"hurricane","name":"BERTHA","year":1996,"max_wind_kt":100,"min_pressure_mb":960,"category":3,"preliminary":false,"start_date":"19960705","end_date":"19960717","track":[{"date":"19960705","time":"0000","status":"TD","lat":9.8,"lon":-34,"wind_kt":30,"pressure_mb":1009,"radius_34kt_nm":null},{"date":"19960705","time":"0600","status":"TD","lat":10.2,"lon":-36.3,"wind_kt":30,"pressure_mb":1008,"radius_34kt_nm":null},{"date":"19960705","time":"1200","status":"TS","lat":11,"lon":-39,"wind_kt":35,"pressure_mb":1007,"radius_34kt_nm":null},{"date":"19960705","time":"1800","status":"TS","lat":12,"lon":-41.2,"wind_kt":35,"pressure_mb":1006,"radius_34kt_nm":null},{"date":"19960706","time":"0000","status":"TS","lat":12.7,"lon":-43.9,"wind_kt":35,"pressure_mb":1005,"radius_34kt_nm":null},{"date":"19960706","time":"0600","status":"TS","lat":13.1,"lon":-46.6,"wind_kt":35,"pressure_mb":1004,"radius_34kt_nm":null},{"date":"19960706","time":"1200","status":"TS","lat":13.7,"lon":-48.7,"wind_kt":40,"pressure_mb":1002,"radius_34kt_nm":null},{"date":"19960706","time":"1800","status":"TS","lat":14.2,"lon":-51,"wind_kt":45,"pressure_mb":1000,"radius_34kt_nm":null},{"date":"19960707","time":"0000","status":"TS","lat":14.9,"lon":-52.9,"wind_kt":50,"pressure_mb":999,"radius_34kt_nm":null},{"date":"19960707","time":"0600","status":"TS","lat":15.6,"lon":-54.8,"wind_kt":55,"pressure_mb":997,"radius_34kt_nm":null},{"date":"19960707","time":"1200","status":"TS","lat":16.4,"lon":-56.9,"wind_kt":60,"pressure_mb":995,"radius_34kt_nm":null},{"date":"19960707","time":"1800","status":"HU","lat":16.5,"lon":-58.4,"wind_kt":70,"pressure_mb":992,"radius_34kt_nm":null},{"date":"19960708","time":"0000","status":"HU","lat":17,"lon":-60.1,"wind_kt":75,"pressure_mb":988,"radius_34kt_nm":null},{"date":"19960708","time":"0600","status":"HU","lat":17.5,"lon":-61.8,"wind_kt":75,"pressure_mb":985,"radius_34kt_nm":null},{"date":"19960708","time":"1200","status":"HU","lat":18,"lon":-63.5,"wind_kt":70,"pressure_mb":983,"radius_34kt_nm":null},{"date":"19960708","time":"1800","status":"HU","lat":18.6,"lon":-64.9,"wind_kt":75,"pressure_mb":978,"radius_34kt_nm":null},{"date":"19960709","time":"0000","status":"HU","lat":19.4,"lon":-66.1,"wind_kt":80,"pressure_mb":970,"radius_34kt_nm":null},{"date":"19960709","time":"0600","status":"HU","lat":20.3,"lon":-67.7,"wind_kt":100,"pressure_mb":960,"radius_34kt_nm":null},{"date":"19960709","time":"1200","status":"HU","lat":21.4,"lon":-69.4,"wind_kt":100,"pressure_mb":965,"radius_34kt_nm":null},{"date":"19960709","time":"1800","status":"HU","lat":22.5,"lon":-71.1,"wind_kt":90,"pressure_mb":967,"radius_34kt_nm":null},{"date":"19960710","time":"0000","status":"HU","lat":23.6,"lon":-72.6,"wind_kt":85,"pressure_mb":969,"radius_34kt_nm":null},{"date":"19960710","time":"0600","status":"HU","lat":24.5,"lon":-74,"wind_kt":80,"pressure_mb":971,"radius_34kt_nm":null},{"date":"19960710","time":"1200","status":"HU","lat":25.4,"lon":-75.3,"wind_kt":80,"pressure_mb":968,"radius_34kt_nm":null},{"date":"19960710","time":"1800","status":"HU","lat":26.4,"lon":-75.8,"wind_kt":80,"pressure_mb":966,"radius_34kt_nm":null},{"date":"19960711","time":"0000","status":"HU","lat":27.5,"lon":-76.4,"wind_kt":75,"pressure_mb":968,"radius_34kt_nm":null},{"date":"19960711","time":"0600","status":"HU","lat":28.3,"lon":-76.8,"wind_kt":75,"pressure_mb":972,"radius_34kt_nm":null},{"date":"19960711","time":"1200","status":"HU","lat":29.2,"lon":-77.5,"wind_kt":75,"pressure_mb":977,"radius_34kt_nm":null},{"date":"19960711","time":"1800","status":"HU","lat":30,"lon":-78,"wind_kt":70,"pressure_mb":980,"radius_34kt_nm":null},{"date":"19960712","time":"0000","status":"HU","lat":30.7,"lon":-78.3,"wind_kt":70,"pressure_mb":982,"radius_34kt_nm":null},{"date":"19960712","time":"0600","status":"HU","lat":31.2,"lon":-78.6,"wind_kt":70,"pressure_mb":984,"radius_34kt_nm":null},{"date":"19960712","time":"1200","status":"HU","lat":32.2,"lon":-78.4,"wind_kt":85,"pressure_mb":975,"radius_34kt_nm":null},{"date":"19960712","time":"1800","status":"HU","lat":33.6,"lon":-78.1,"wind_kt":90,"pressure_mb":974,"radius_34kt_nm":null},{"date":"19960712","time":"2000","status":"HU","lat":34.3,"lon":-77.8,"wind_kt":90,"pressure_mb":974,"radius_34kt_nm":null},{"date":"19960713","time":"0000","status":"HU","lat":35,"lon":-77.6,"wind_kt":65,"pressure_mb":993,"radius_34kt_nm":null},{"date":"19960713","time":"0600","status":"TS","lat":36.7,"lon":-77,"wind_kt":60,"pressure_mb":993,"radius_34kt_nm":null},{"date":"19960713","time":"1200","status":"TS","lat":38.3,"lon":-76.1,"wind_kt":60,"pressure_mb":994,"radius_34kt_nm":null},{"date":"19960713","time":"1800","status":"TS","lat":40.2,"lon":-74.5,"wind_kt":60,"pressure_mb":994,"radius_34kt_nm":null},{"date":"19960714","time":"0000","status":"TS","lat":42.1,"lon":-71.9,"wind_kt":60,"pressure_mb":994,"radius_34kt_nm":null},{"date":"19960714","time":"0600","status":"TS","lat":44.1,"lon":-69,"wind_kt":55,"pressure_mb":995,"radius_34kt_nm":null},{"date":"19960714","time":"1200","status":"EX","lat":46,"lon":-66,"wind_kt":50,"pressure_mb":995,"radius_34kt_nm":null},{"date":"19960714","time":"1800","status":"EX","lat":47,"lon":-62,"wind_kt":50,"pressure_mb":995,"radius_34kt_nm":null},{"date":"19960715","time":"0000","status":"EX","lat":48,"lon":-57,"wind_kt":50,"pressure_mb":995,"radius_34kt_nm":null},{"date":"19960715","time":"0600","status":"EX","lat":49,"lon":-52,"wind_kt":45,"pressure_mb":996,"radius_34kt_nm":null},{"date":"19960715","time":"1200","status":"EX","lat":51,"lon":-47,"wind_kt":40,"pressure_mb":996,"radius_34kt_nm":null},{"date":"19960715","time":"1800","status":"EX","lat":54,"lon":-44,"wind_kt":40,"pressure_mb":996,"radius_34kt_nm":null},{"date":"19960716","time":"0000","status":"EX","lat":57.5,"lon":-42.5,"wind_kt":40,"pressure_mb":991,"radius_34kt_nm":null},{"date":"19960716","time":"0600","status":"EX","lat":58.5,"lon":-42.5,"wind_kt":40,"pressure_mb":988,"radius_34kt_nm":null},{"date":"19960716","time":"1200","status":"EX","lat":59.5,"lon":-42,"wind_kt":45,"pressure_mb":988,"radius_34kt_nm":null},{"date":"19960716","time":"1800","status":"EX","lat":59.8,"lon":-41,"wind_kt":45,"pressure_mb":985,"radius_34kt_nm":null},{"date":"19960717","time":"0000","status":"EX","lat":60,"lon":-40,"wind_kt":40,"pressure_mb":993,"radius_34kt_nm":null},{"date":"19960717","time":"0600","status":"EX","lat":60.5,"lon":-39,"wind_kt":35,"pressure_mb":1001,"radius_34kt_nm":null}]}},{"type":"Feature","geometry":{"type":"LineString","coordinates":[[-62.6,11.8],[-64.7,11.9],[-66.5,11.9],[-68.1,12.1],[-69.6,12.3],[-71,12.4],[-72.7,12.4],[-74.5,12.3],[-76.1,11.9],[-77.2,11.7],[-78.1,11.6],[-79.5,11.6],[-81,11.8],[-82.6,12],[-83.9,12.2],[-84.2,12.3],[-86.2,12.7],[-87.9,13.1]]},"properties":{"id":"hur-al031996","event_type":"hurricane","name":"CESAR","year":1996,"max_wind_kt":75,"min_pressure_mb":985,"category":1,"preliminary":false,"start_date":"19960724","end_date":"19960728","track":[{"date":"19960724","time":"1800","status":"TD","lat":11.8,"lon":-62.6,"wind_kt":25,"pressure_mb":1009,"radius_34kt_nm":null},{"date":"19960725","time":"0000","status":"TD","lat":11.9,"lon":-64.7,"wind_kt":25,"pressure_mb":1009,"radius_34kt_nm":null},{"date":"19960725","time":"0600","status":"TD","lat":11.9,"lon":-66.5,"wind_kt":30,"pressure_mb":1007,"radius_34kt_nm":null},{"date":"19960725","time":"1200","status":"TS","lat":12.1,"lon":-68.1,"wind_kt":40,"pressure_mb":1004,"radius_34kt_nm":null},{"date":"19960725","time":"1800","status":"TS","lat":12.3,"lon":-69.6,"wind_kt":40,"pressure_mb":1002,"radius_34kt_nm":null},{"date":"19960726","time":"0000","status":"TS","lat":12.4,"lon":-71,"wind_kt":40,"pressure_mb":1002,"radius_34kt_nm":null},{"date":"19960726","time":"0600","status":"TS","lat":12.4,"lon":-72.7,"wind_kt":40,"pressure_mb":1002,"radius_34kt_nm":null},{"date":"19960726","time":"1200","status":"TS","lat":12.3,"lon":-74.5,"wind_kt":45,"pressure_mb":1002,"radius_34kt_nm":null},{"date":"19960726","time":"1800","status":"TS","lat":11.9,"lon":-76.1,"wind_kt":50,"pressure_mb":1002,"radius_34kt_nm":null},{"date":"19960727","time":"0000","status":"TS","lat":11.7,"lon":-77.2,"wind_kt":50,"pressure_mb":1000,"radius_34kt_nm":null},{"date":"19960727","time":"0600","status":"TS","lat":11.6,"lon":-78.1,"wind_kt":60,"pressure_mb":992,"radius_34kt_nm":null},{"date":"19960727","time":"1200","status":"HU","lat":11.6,"lon":-79.5,"wind_kt":70,"pressure_mb":992,"radius_34kt_nm":null},{"date":"19960727","time":"1800","status":"HU","lat":11.8,"lon":-81,"wind_kt":65,"pressure_mb":994,"radius_34kt_nm":null},{"date":"19960728","time":"0000","status":"HU","lat":12,"lon":-82.6,"wind_kt":70,"pressure_mb":992,"radius_34kt_nm":null},{"date":"19960728","time":"0400","status":"HU","lat":12.2,"lon":-83.9,"wind_kt":75,"pressure_mb":985,"radius_34kt_nm":null},{"date":"19960728","time":"0600","status":"HU","lat":12.3,"lon":-84.2,"wind_kt":70,"pressure_mb":990,"radius_34kt_nm":null},{"date":"19960728","time":"1200","status":"TS","lat":12.7,"lon":-86.2,"wind_kt":50,"pressure_mb":995,"radius_34kt_nm":null},{"date":"19960728","time":"1800","status":"TS","lat":13.1,"lon":-87.9,"wind_kt":35,"pressure_mb":1004,"radius_34kt_nm":null}]}},{"type":"Feature","geometry":{"type":"LineString","coordinates":[[-80.2,17.3],[-81.7,17.8],[-83,18.2],[-84.4,18.6],[-85.7,18.8],[-86.9,19],[-87.7,19.1],[-87.8,19.2],[-88.7,19.2],[-89.5,19.3],[-90.1,19.4],[-90.7,19.5],[-91.4,19.7],[-92.6,20.1],[-93.7,20.4],[-94.2,20.6],[-94.9,20.9],[-96.1,21.3],[-97.7,21.6],[-99.3,21.6],[-100.9,21.6],[-102.5,21.6],[-104,21.7],[-105.7,21.7],[-107.3,21.8]]},"properties":{"id":"hur-al041996","event_type":"hurricane","name":"DOLLY","year":1996,"max_wind_kt":70,"min_pressure_mb":989,"category":1,"preliminary":false,"start_date":"19960819","end_date":"19960825","track":[{"date":"19960819","time":"0600","status":"TD","lat":17.3,"lon":-80.2,"wind_kt":25,"pressure_mb":1009,"radius_34kt_nm":null},{"date":"19960819","time":"1200","status":"TD","lat":17.8,"lon":-81.7,"wind_kt":30,"pressure_mb":1008,"radius_34kt_nm":null},{"date":"19960819","time":"1800","status":"TS","lat":18.2,"lon":-83,"wind_kt":45,"pressure_mb":1006,"radius_34kt_nm":null},{"date":"19960820","time":"0000","status":"TS","lat":18.6,"lon":-84.4,"wind_kt":45,"pressure_mb":1006,"radius_34kt_nm":null},{"date":"19960820","time":"0600","status":"TS","lat":18.8,"lon":-85.7,"wind_kt":55,"pressure_mb":1005,"radius_34kt_nm":null},{"date":"19960820","time":"1200","status":"TS","lat":19,"lon":-86.9,"wind_kt":60,"pressure_mb":1002,"radius_34kt_nm":null},{"date":"19960820","time":"1730","status":"HU","lat":19.1,"lon":-87.7,"wind_kt":65,"pressure_mb":999,"radius_34kt_nm":null},{"date":"19960820","time":"1800","status":"HU","lat":19.2,"lon":-87.8,"wind_kt":65,"pressure_mb":999,"radius_34kt_nm":null},{"date":"19960821","time":"0000","status":"TS","lat":19.2,"lon":-88.7,"wind_kt":40,"pressure_mb":1001,"radius_34kt_nm":null},{"date":"19960821","time":"0600","status":"TS","lat":19.3,"lon":-89.5,"wind_kt":35,"pressure_mb":1002,"radius_34kt_nm":null},{"date":"19960821","time":"1200","status":"TD","lat":19.4,"lon":-90.1,"wind_kt":30,"pressure_mb":1002,"radius_34kt_nm":null},{"date":"19960821","time":"1800","status":"TD","lat":19.5,"lon":-90.7,"wind_kt":30,"pressure_mb":1002,"radius_34kt_nm":null},{"date":"19960822","time":"0000","status":"TS","lat":19.7,"lon":-91.4,"wind_kt":35,"pressure_mb":1002,"radius_34kt_nm":null},{"date":"19960822","time":"0600","status":"TS","lat":20.1,"lon":-92.6,"wind_kt":45,"pressure_mb":1002,"radius_34kt_nm":null},{"date":"19960822","time":"1200","status":"TS","lat":20.4,"lon":-93.7,"wind_kt":45,"pressure_mb":999,"radius_34kt_nm":null},{"date":"19960822","time":"1800","status":"TS","lat":20.6,"lon":-94.2,"wind_kt":50,"pressure_mb":993,"radius_34kt_nm":null},{"date":"19960823","time":"0000","status":"TS","lat":20.9,"lon":-94.9,"wind_kt":55,"pressure_mb":990,"radius_34kt_nm":null},{"date":"19960823","time":"0600","status":"TS","lat":21.3,"lon":-96.1,"wind_kt":60,"pressure_mb":991,"radius_34kt_nm":null},{"date":"19960823","time":"1200","status":"HU","lat":21.6,"lon":-97.7,"wind_kt":70,"pressure_mb":989,"radius_34kt_nm":null},{"date":"19960823","time":"1800","status":"TS","lat":21.6,"lon":-99.3,"wind_kt":45,"pressure_mb":997,"radius_34kt_nm":null},{"date":"19960824","time":"0000","status":"TD","lat":21.6,"lon":-100.9,"wind_kt":30,"pressure_mb":1002,"radius_34kt_nm":null},{"date":"19960824","time":"0600","status":"TD","lat":21.6,"lon":-102.5,"wind_kt":25,"pressure_mb":1004,"radius_34kt_nm":null},{"date":"19960824","time":"1200","status":"TD","lat":21.7,"lon":-104,"wind_kt":20,"pressure_mb":1005,"radius_34kt_nm":null},{"date":"19960824","time":"1800","status":"TD","lat":21.7,"lon":-105.7,"wind_kt":20,"pressure_mb":1005,"radius_34kt_nm":null},{"date":"19960825","time":"0000","status":"TD","lat":21.8,"lon":-107.3,"wind_kt":20,"pressure_mb":1005,"radius_34kt_nm":null}]}},{"type":"Feature","geometry":{"type":"LineString","coordinates":[[-19.9,12.4],[-20.7,12.4],[-21.6,12.4],[-22.6,12.5],[-23.8,12.6],[-25.3,12.6],[-26.7,12.8],[-27.9,12.9],[-29.2,13],[-30.3,13.1],[-31.6,13.2],[-32.9,13.4],[-34.4,13.5],[-35.8,13.7],[-37,13.8],[-38.3,13.9],[-39.8,14],[-41.1,14.1],[-42.4,14.1],[-43.6,14.4],[-44.7,14.6],[-45.8,15],[-47,15.4],[-48.3,15.9],[-49.6,16.5],[-50.9,17],[-52,17.5],[-53.2,17.9],[-54.5,18.4],[-55.6,18.9],[-56.9,19.5],[-58.1,20],[-59.3,20.4],[-60.4,20.9],[-61.7,21.3],[-63.2,21.9],[-64.6,22.3],[-65.9,22.9],[-67.1,23.4],[-68.1,24],[-69,24.7],[-69.5,25.5],[-69.9,26.4],[-70.2,27.4],[-70.5,28.5],[-70.5,29.5],[-70.6,30.4],[-70.3,31.6],[-70.1,32.7],[-70.1,34],[-70.1,35.2],[-70.2,36.5],[-70,37.5],[-69.5,38.7],[-69.4,39.8],[-68.3,40.5],[-67.3,41.3],[-66.8,42],[-66,42.2],[-65,42.5],[-63,42.7],[-59.8,43.2],[-57.5,43.3],[-55.5,43.4],[-53.5,43.5],[-51.5,43.5],[-50,43.5],[-48.5,43.5],[-47.5,43.7],[-46,44.5],[-44,46],[-43,48],[-41,50]]},"properties":{"id":"hur-al051996","event_type":"hurricane","name":"EDOUARD","year":1996,"max_wind_kt":125,"min_pressure_mb":933,"category":4,"preliminary":false,"start_date":"19960819","end_date":"19960906","track":[{"date":"19960819","time":"1800","status":"TD","lat":12.4,"lon":-19.9,"wind_kt":25,"pressure_mb":1007,"radius_34kt_nm":null},{"date":"19960820","time":"0000","status":"TD","lat":12.4,"lon":-20.7,"wind_kt":25,"pressure_mb":1007,"radius_34kt_nm":null},{"date":"19960820","time":"0600","status":"TD","lat":12.4,"lon":-21.6,"wind_kt":25,"pressure_mb":1007,"radius_34kt_nm":null},{"date":"19960820","time":"1200","status":"TD","lat":12.5,"lon":-22.6,"wind_kt":25,"pressure_mb":1007,"radius_34kt_nm":null},{"date":"19960820","time":"1800","status":"TD","lat":12.6,"lon":-23.8,"wind_kt":25,"pressure_mb":1007,"radius_34kt_nm":null},{"date":"19960821","time":"0000","status":"TD","lat":12.6,"lon":-25.3,"wind_kt":25,"pressure_mb":1007,"radius_34kt_nm":null},{"date":"19960821","time":"0600","status":"TD","lat":12.8,"lon":-26.7,"wind_kt":25,"pressure_mb":1007,"radius_34kt_nm":null},{"date":"19960821","time":"1200","status":"TD","lat":12.9,"lon":-27.9,"wind_kt":25,"pressure_mb":1007,"radius_34kt_nm":null},{"date":"19960821","time":"1800","status":"TD","lat":13,"lon":-29.2,"wind_kt":25,"pressure_mb":1006,"radius_34kt_nm":null},{"date":"19960822","time":"0000","status":"TD","lat":13.1,"lon":-30.3,"wind_kt":30,"pressure_mb":1006,"radius_34kt_nm":null},{"date":"19960822","time":"0600","status":"TS","lat":13.2,"lon":-31.6,"wind_kt":35,"pressure_mb":1005,"radius_34kt_nm":null},{"date":"19960822","time":"1200","status":"TS","lat":13.4,"lon":-32.9,"wind_kt":40,"pressure_mb":1003,"radius_34kt_nm":null},{"date":"19960822","time":"1800","status":"TS","lat":13.5,"lon":-34.4,"wind_kt":40,"pressure_mb":1002,"radius_34kt_nm":null},{"date":"19960823","time":"0000","status":"TS","lat":13.7,"lon":-35.8,"wind_kt":45,"pressure_mb":1000,"radius_34kt_nm":null},{"date":"19960823","time":"0600","status":"TS","lat":13.8,"lon":-37,"wind_kt":50,"pressure_mb":996,"radius_34kt_nm":null},{"date":"19960823","time":"1200","status":"HU","lat":13.9,"lon":-38.3,"wind_kt":65,"pressure_mb":988,"radius_34kt_nm":null},{"date":"19960823","time":"1800","status":"HU","lat":14,"lon":-39.8,"wind_kt":65,"pressure_mb":986,"radius_34kt_nm":null},{"date":"19960824","time":"0000","status":"HU","lat":14.1,"lon":-41.1,"wind_kt":70,"pressure_mb":983,"radius_34kt_nm":null},{"date":"19960824","time":"0600","status":"HU","lat":14.1,"lon":-42.4,"wind_kt":75,"pressure_mb":980,"radius_34kt_nm":null},{"date":"19960824","time":"1200","status":"HU","lat":14.4,"lon":-43.6,"wind_kt":90,"pressure_mb":970,"radius_34kt_nm":null},{"date":"19960824","time":"1800","status":"HU","lat":14.6,"lon":-44.7,"wind_kt":100,"pressure_mb":960,"radius_34kt_nm":null},{"date":"19960825","time":"0000","status":"HU","lat":15,"lon":-45.8,"wind_kt":120,"pressure_mb":942,"radius_34kt_nm":null},{"date":"19960825","time":"0600","status":"HU","lat":15.4,"lon":-47,"wind_kt":125,"pressure_mb":933,"radius_34kt_nm":null},{"date":"19960825","time":"1200","status":"HU","lat":15.9,"lon":-48.3,"wind_kt":125,"pressure_mb":934,"radius_34kt_nm":null},{"date":"19960825","time":"1800","status":"HU","lat":16.5,"lon":-49.6,"wind_kt":125,"pressure_mb":935,"radius_34kt_nm":null},{"date":"19960826","time":"0000","status":"HU","lat":17,"lon":-50.9,"wind_kt":125,"pressure_mb":936,"radius_34kt_nm":null},{"date":"19960826","time":"0600","status":"HU","lat":17.5,"lon":-52,"wind_kt":125,"pressure_mb":936,"radius_34kt_nm":null},{"date":"19960826","time":"1200","status":"HU","lat":17.9,"lon":-53.2,"wind_kt":125,"pressure_mb":937,"radius_34kt_nm":null},{"date":"19960826","time":"1800","status":"HU","lat":18.4,"lon":-54.5,"wind_kt":125,"pressure_mb":938,"radius_34kt_nm":null},{"date":"19960827","time":"0000","status":"HU","lat":18.9,"lon":-55.6,"wind_kt":125,"pressure_mb":942,"radius_34kt_nm":null},{"date":"19960827","time":"0600","status":"HU","lat":19.5,"lon":-56.9,"wind_kt":120,"pressure_mb":948,"radius_34kt_nm":null},{"date":"19960827","time":"1200","status":"HU","lat":20,"lon":-58.1,"wind_kt":115,"pressure_mb":952,"radius_34kt_nm":null},{"date":"19960827","time":"1800","status":"HU","lat":20.4,"lon":-59.3,"wind_kt":115,"pressure_mb":951,"radius_34kt_nm":null},{"date":"19960828","time":"0000","status":"HU","lat":20.9,"lon":-60.4,"wind_kt":125,"pressure_mb":944,"radius_34kt_nm":null},{"date":"19960828","time":"0600","status":"HU","lat":21.3,"lon":-61.7,"wind_kt":115,"pressure_mb":952,"radius_34kt_nm":null},{"date":"19960828","time":"1200","status":"HU","lat":21.9,"lon":-63.2,"wind_kt":110,"pressure_mb":960,"radius_34kt_nm":null},{"date":"19960828","time":"1800","status":"HU","lat":22.3,"lon":-64.6,"wind_kt":110,"pressure_mb":956,"radius_34kt_nm":null},{"date":"19960829","time":"0000","status":"HU","lat":22.9,"lon":-65.9,"wind_kt":110,"pressure_mb":957,"radius_34kt_nm":null},{"date":"19960829","time":"0600","status":"HU","lat":23.4,"lon":-67.1,"wind_kt":110,"pressure_mb":961,"radius_34kt_nm":null},{"date":"19960829","time":"1200","status":"HU","lat":24,"lon":-68.1,"wind_kt":115,"pressure_mb":950,"radius_34kt_nm":null},{"date":"19960829","time":"1800","status":"HU","lat":24.7,"lon":-69,"wind_kt":120,"pressure_mb":948,"radius_34kt_nm":null},{"date":"19960830","time":"0000","status":"HU","lat":25.5,"lon":-69.5,"wind_kt":120,"pressure_mb":941,"radius_34kt_nm":null},{"date":"19960830","time":"0600","status":"HU","lat":26.4,"lon":-69.9,"wind_kt":120,"pressure_mb":939,"radius_34kt_nm":null},{"date":"19960830","time":"1200","status":"HU","lat":27.4,"lon":-70.2,"wind_kt":120,"pressure_mb":938,"radius_34kt_nm":null},{"date":"19960830","time":"1800","status":"HU","lat":28.5,"lon":-70.5,"wind_kt":120,"pressure_mb":934,"radius_34kt_nm":null},{"date":"19960831","time":"0000","status":"HU","lat":29.5,"lon":-70.5,"wind_kt":110,"pressure_mb":944,"radius_34kt_nm":null},{"date":"19960831","time":"0600","status":"HU","lat":30.4,"lon":-70.6,"wind_kt":105,"pressure_mb":950,"radius_34kt_nm":null},{"date":"19960831","time":"1200","status":"HU","lat":31.6,"lon":-70.3,"wind_kt":105,"pressure_mb":952,"radius_34kt_nm":null},{"date":"19960831","time":"1800","status":"HU","lat":32.7,"lon":-70.1,"wind_kt":100,"pressure_mb":953,"radius_34kt_nm":null},{"date":"19960901","time":"0000","status":"HU","lat":34,"lon":-70.1,"wind_kt":100,"pressure_mb":959,"radius_34kt_nm":null},{"date":"19960901","time":"0600","status":"HU","lat":35.2,"lon":-70.1,"wind_kt":100,"pressure_mb":958,"radius_34kt_nm":null},{"date":"19960901","time":"1200","status":"HU","lat":36.5,"lon":-70.2,"wind_kt":95,"pressure_mb":958,"radius_34kt_nm":null},{"date":"19960901","time":"1800","status":"HU","lat":37.5,"lon":-70,"wind_kt":85,"pressure_mb":960,"radius_34kt_nm":null},{"date":"19960902","time":"0000","status":"HU","lat":38.7,"lon":-69.5,"wind_kt":80,"pressure_mb":964,"radius_34kt_nm":null},{"date":"19960902","time":"0600","status":"HU","lat":39.8,"lon":-69.4,"wind_kt":70,"pressure_mb":961,"radius_34kt_nm":null},{"date":"19960902","time":"1200","status":"HU","lat":40.5,"lon":-68.3,"wind_kt":70,"pressure_mb":962,"radius_34kt_nm":null},{"date":"19960902","time":"1800","status":"HU","lat":41.3,"lon":-67.3,"wind_kt":65,"pressure_mb":972,"radius_34kt_nm":null},{"date":"19960903","time":"0000","status":"TS","lat":42,"lon":-66.8,"wind_kt":60,"pressure_mb":978,"radius_34kt_nm":null},{"date":"19960903","time":"0600","status":"EX","lat":42.2,"lon":-66,"wind_kt":55,"pressure_mb":985,"radius_34kt_nm":null},{"date":"19960903","time":"1200","status":"EX","lat":42.5,"lon":-65,"wind_kt":50,"pressure_mb":992,"radius_34kt_nm":null},{"date":"19960903","time":"1800","status":"EX","lat":42.7,"lon":-63,"wind_kt":50,"pressure_mb":995,"radius_34kt_nm":null},{"date":"19960904","time":"0000","status":"EX","lat":43.2,"lon":-59.8,"wind_kt":50,"pressure_mb":997,"radius_34kt_nm":null},{"date":"19960904","time":"0600","status":"EX","lat":43.3,"lon":-57.5,"wind_kt":50,"pressure_mb":994,"radius_34kt_nm":null},{"date":"19960904","time":"1200","status":"EX","lat":43.4,"lon":-55.5,"wind_kt":50,"pressure_mb":994,"radius_34kt_nm":null},{"date":"19960904","time":"1800","status":"EX","lat":43.5,"lon":-53.5,"wind_kt":50,"pressure_mb":995,"radius_34kt_nm":null},{"date":"19960905","time":"0000","status":"EX","lat":43.5,"lon":-51.5,"wind_kt":50,"pressure_mb":995,"radius_34kt_nm":null},{"date":"19960905","time":"0600","status":"EX","lat":43.5,"lon":-50,"wind_kt":45,"pressure_mb":994,"radius_34kt_nm":null},{"date":"19960905","time":"1200","status":"EX","lat":43.5,"lon":-48.5,"wind_kt":45,"pressure_mb":994,"radius_34kt_nm":null},{"date":"19960905","time":"1800","status":"EX","lat":43.7,"lon":-47.5,"wind_kt":45,"pressure_mb":995,"radius_34kt_nm":null},{"date":"19960906","time":"0000","status":"EX","lat":44.5,"lon":-46,"wind_kt":40,"pressure_mb":995,"radius_34kt_nm":null},{"date":"19960906","time":"0600","status":"EX","lat":46,"lon":-44,"wind_kt":40,"pressure_mb":994,"radius_34kt_nm":null},{"date":"19960906","time":"1200","status":"EX","lat":48,"lon":-43,"wind_kt":40,"pressure_mb":992,"radius_34kt_nm":null},{"date":"19960906","time":"1800","status":"EX","lat":50,"lon":-41,"wind_kt":40,"pressure_mb":990,"radius_34kt_nm":null}]}},{"type":"Feature","geometry":{"type":"LineString","coordinates":[[-21,14],[-22.8,14.1],[-24.8,14.2],[-26.6,14.2],[-28.2,14.1],[-29.6,14.1],[-30.8,14.1],[-32,14.3],[-33.4,14.6],[-35.1,14.7],[-37,14.9],[-38.6,15.1],[-40,15.3],[-41.4,15.2],[-42.7,14.9],[-43.8,14.7],[-44.9,14.6],[-46.1,14.6],[-47.5,14.6],[-49.1,15],[-50.7,15.5],[-52.3,15.9],[-53.7,16.4],[-55,17],[-56.3,17.8],[-57.5,18.6],[-58.5,19.1],[-59.4,19.4],[-60.1,19.8],[-60.6,20.2],[-60.9,20.5],[-61.2,20.8],[-61.4,21.1],[-61.7,21.5],[-62.1,21.7],[-62.6,21.9],[-63.2,22.2],[-63.9,22.5],[-64.7,22.9],[-65.7,23.3],[-66.7,23.6],[-67.9,23.9],[-69,24.2],[-70.1,24.4],[-71.2,24.7],[-72.2,25.2],[-73.1,25.7],[-73.9,26.4],[-74.7,27],[-75.5,27.7],[-76.1,28.6],[-76.7,29.8],[-77.2,31],[-77.8,32.3],[-78,33.7],[-78,33.9],[-78.7,35.2],[-79,36.7],[-79.4,38],[-79.9,39.2],[-80.4,40.4],[-80.5,41.2],[-80.4,42],[-80.1,42.8],[-79.9,43.4],[-79,44],[-77.6,44.5],[-75.9,44.9],[-74,45.4],[-72.3,45.7],[-71.1,46],[-70,46.7]]},"properties":{"id":"hur-al061996","event_type":"hurricane","name":"FRAN","year":1996,"max_wind_kt":105,"min_pressure_mb":946,"category":3,"preliminary":false,"start_date":"19960823","end_date":"19960910","track":[{"date":"19960823","time":"1200","status":"TD","lat":14,"lon":-21,"wind_kt":25,"pressure_mb":1012,"radius_34kt_nm":null},{"date":"19960823","time":"1800","status":"TD","lat":14.1,"lon":-22.8,"wind_kt":25,"pressure_mb":1011,"radius_34kt_nm":null},{"date":"19960824","time":"0000","status":"TD","lat":14.2,"lon":-24.8,"wind_kt":25,"pressure_mb":1010,"radius_34kt_nm":null},{"date":"19960824","time":"0600","status":"TD","lat":14.2,"lon":-26.6,"wind_kt":30,"pressure_mb":1009,"radius_34kt_nm":null},{"date":"19960824","time":"1200","status":"TD","lat":14.1,"lon":-28.2,"wind_kt":30,"pressure_mb":1009,"radius_34kt_nm":null},{"date":"19960824","time":"1800","status":"TD","lat":14.1,"lon":-29.6,"wind_kt":30,"pressure_mb":1009,"radius_34kt_nm":null},{"date":"19960825","time":"0000","status":"TD","lat":14.1,"lon":-30.8,"wind_kt":25,"pressure_mb":1009,"radius_34kt_nm":null},{"date":"19960825","time":"0600","status":"TD","lat":14.3,"lon":-32,"wind_kt":25,"pressure_mb":1009,"radius_34kt_nm":null},{"date":"19960825","time":"1200","status":"TD","lat":14.6,"lon":-33.4,"wind_kt":25,"pressure_mb":1009,"radius_34kt_nm":null},{"date":"19960825","time":"1800","status":"TD","lat":14.7,"lon":-35.1,"wind_kt":25,"pressure_mb":1009,"radius_34kt_nm":null},{"date":"19960826","time":"0000","status":"TD","lat":14.9,"lon":-37,"wind_kt":25,"pressure_mb":1009,"radius_34kt_nm":null},{"date":"19960826","time":"0600","status":"TD","lat":15.1,"lon":-38.6,"wind_kt":25,"pressure_mb":1009,"radius_34kt_nm":null},{"date":"19960826","time":"1200","status":"TD","lat":15.3,"lon":-40,"wind_kt":30,"pressure_mb":1009,"radius_34kt_nm":null},{"date":"19960826","time":"1800","status":"TD","lat":15.2,"lon":-41.4,"wind_kt":30,"pressure_mb":1008,"radius_34kt_nm":null},{"date":"19960827","time":"0000","status":"TD","lat":14.9,"lon":-42.7,"wind_kt":30,"pressure_mb":1007,"radius_34kt_nm":null},{"date":"19960827","time":"0600","status":"TD","lat":14.7,"lon":-43.8,"wind_kt":30,"pressure_mb":1006,"radius_34kt_nm":null},{"date":"19960827","time":"1200","status":"TS","lat":14.6,"lon":-44.9,"wind_kt":35,"pressure_mb":1005,"radius_34kt_nm":null},{"date":"19960827","time":"1800","status":"TS","lat":14.6,"lon":-46.1,"wind_kt":40,"pressure_mb":1004,"radius_34kt_nm":null},{"date":"19960828","time":"0000","status":"TS","lat":14.6,"lon":-47.5,"wind_kt":45,"pressure_mb":1002,"radius_34kt_nm":null},{"date":"19960828","time":"0600","status":"TS","lat":15,"lon":-49.1,"wind_kt":50,"pressure_mb":1000,"radius_34kt_nm":null},{"date":"19960828","time":"1200","status":"TS","lat":15.5,"lon":-50.7,"wind_kt":55,"pressure_mb":995,"radius_34kt_nm":null},{"date":"19960828","time":"1800","status":"TS","lat":15.9,"lon":-52.3,"wind_kt":60,"pressure_mb":990,"radius_34kt_nm":null},{"date":"19960829","time":"0000","status":"HU","lat":16.4,"lon":-53.7,"wind_kt":65,"pressure_mb":987,"radius_34kt_nm":null},{"date":"19960829","time":"0600","status":"HU","lat":17,"lon":-55,"wind_kt":65,"pressure_mb":987,"radius_34kt_nm":null},{"date":"19960829","time":"1200","status":"HU","lat":17.8,"lon":-56.3,"wind_kt":65,"pressure_mb":988,"radius_34kt_nm":null},{"date":"19960829","time":"1800","status":"HU","lat":18.6,"lon":-57.5,"wind_kt":65,"pressure_mb":988,"radius_34kt_nm":null},{"date":"19960830","time":"0000","status":"HU","lat":19.1,"lon":-58.5,"wind_kt":65,"pressure_mb":991,"radius_34kt_nm":null},{"date":"19960830","time":"0600","status":"HU","lat":19.4,"lon":-59.4,"wind_kt":65,"pressure_mb":991,"radius_34kt_nm":null},{"date":"19960830","time":"1200","status":"HU","lat":19.8,"lon":-60.1,"wind_kt":65,"pressure_mb":989,"radius_34kt_nm":null},{"date":"19960830","time":"1800","status":"TS","lat":20.2,"lon":-60.6,"wind_kt":60,"pressure_mb":990,"radius_34kt_nm":null},{"date":"19960831","time":"0000","status":"TS","lat":20.5,"lon":-60.9,"wind_kt":60,"pressure_mb":988,"radius_34kt_nm":null},{"date":"19960831","time":"0600","status":"TS","lat":20.8,"lon":-61.2,"wind_kt":60,"pressure_mb":987,"radius_34kt_nm":null},{"date":"19960831","time":"1200","status":"HU","lat":21.1,"lon":-61.4,"wind_kt":65,"pressure_mb":984,"radius_34kt_nm":null},{"date":"19960831","time":"1800","status":"HU","lat":21.5,"lon":-61.7,"wind_kt":65,"pressure_mb":983,"radius_34kt_nm":null},{"date":"19960901","time":"0000","status":"HU","lat":21.7,"lon":-62.1,"wind_kt":65,"pressure_mb":978,"radius_34kt_nm":null},{"date":"19960901","time":"0600","status":"HU","lat":21.9,"lon":-62.6,"wind_kt":65,"pressure_mb":982,"radius_34kt_nm":null},{"date":"19960901","time":"1200","status":"HU","lat":22.2,"lon":-63.2,"wind_kt":70,"pressure_mb":982,"radius_34kt_nm":null},{"date":"19960901","time":"1800","status":"HU","lat":22.5,"lon":-63.9,"wind_kt":75,"pressure_mb":981,"radius_34kt_nm":null},{"date":"19960902","time":"0000","status":"HU","lat":22.9,"lon":-64.7,"wind_kt":75,"pressure_mb":978,"radius_34kt_nm":null},{"date":"19960902","time":"0600","status":"HU","lat":23.3,"lon":-65.7,"wind_kt":75,"pressure_mb":976,"radius_34kt_nm":null},{"date":"19960902","time":"1200","status":"HU","lat":23.6,"lon":-66.7,"wind_kt":75,"pressure_mb":976,"radius_34kt_nm":null},{"date":"19960902","time":"1800","status":"HU","lat":23.9,"lon":-67.9,"wind_kt":75,"pressure_mb":976,"radius_34kt_nm":null},{"date":"19960903","time":"0000","status":"HU","lat":24.2,"lon":-69,"wind_kt":75,"pressure_mb":977,"radius_34kt_nm":null},{"date":"19960903","time":"0600","status":"HU","lat":24.4,"lon":-70.1,"wind_kt":80,"pressure_mb":975,"radius_34kt_nm":null},{"date":"19960903","time":"1200","status":"HU","lat":24.7,"lon":-71.2,"wind_kt":80,"pressure_mb":973,"radius_34kt_nm":null},{"date":"19960903","time":"1800","status":"HU","lat":25.2,"lon":-72.2,"wind_kt":85,"pressure_mb":968,"radius_34kt_nm":null},{"date":"19960904","time":"0000","status":"HU","lat":25.7,"lon":-73.1,"wind_kt":95,"pressure_mb":961,"radius_34kt_nm":null},{"date":"19960904","time":"0600","status":"HU","lat":26.4,"lon":-73.9,"wind_kt":100,"pressure_mb":953,"radius_34kt_nm":null},{"date":"19960904","time":"1200","status":"HU","lat":27,"lon":-74.7,"wind_kt":105,"pressure_mb":956,"radius_34kt_nm":null},{"date":"19960904","time":"1800","status":"HU","lat":27.7,"lon":-75.5,"wind_kt":105,"pressure_mb":952,"radius_34kt_nm":null},{"date":"19960905","time":"0000","status":"HU","lat":28.6,"lon":-76.1,"wind_kt":105,"pressure_mb":946,"radius_34kt_nm":null},{"date":"19960905","time":"0600","status":"HU","lat":29.8,"lon":-76.7,"wind_kt":105,"pressure_mb":952,"radius_34kt_nm":null},{"date":"19960905","time":"1200","status":"HU","lat":31,"lon":-77.2,"wind_kt":100,"pressure_mb":954,"radius_34kt_nm":null},{"date":"19960905","time":"1800","status":"HU","lat":32.3,"lon":-77.8,"wind_kt":100,"pressure_mb":952,"radius_34kt_nm":null},{"date":"19960906","time":"0000","status":"HU","lat":33.7,"lon":-78,"wind_kt":100,"pressure_mb":954,"radius_34kt_nm":null},{"date":"19960906","time":"0030","status":"HU","lat":33.9,"lon":-78,"wind_kt":100,"pressure_mb":954,"radius_34kt_nm":null},{"date":"19960906","time":"0600","status":"HU","lat":35.2,"lon":-78.7,"wind_kt":65,"pressure_mb":970,"radius_34kt_nm":null},{"date":"19960906","time":"1200","status":"TS","lat":36.7,"lon":-79,"wind_kt":40,"pressure_mb":985,"radius_34kt_nm":null},{"date":"19960906","time":"1800","status":"TD","lat":38,"lon":-79.4,"wind_kt":30,"pressure_mb":995,"radius_34kt_nm":null},{"date":"19960907","time":"0000","status":"TD","lat":39.2,"lon":-79.9,"wind_kt":30,"pressure_mb":1000,"radius_34kt_nm":null},{"date":"19960907","time":"0600","status":"TD","lat":40.4,"lon":-80.4,"wind_kt":30,"pressure_mb":1001,"radius_34kt_nm":null},{"date":"19960907","time":"1200","status":"TD","lat":41.2,"lon":-80.5,"wind_kt":30,"pressure_mb":1001,"radius_34kt_nm":null},{"date":"19960907","time":"1800","status":"TD","lat":42,"lon":-80.4,"wind_kt":30,"pressure_mb":1000,"radius_34kt_nm":null},{"date":"19960908","time":"0000","status":"TD","lat":42.8,"lon":-80.1,"wind_kt":30,"pressure_mb":999,"radius_34kt_nm":null},{"date":"19960908","time":"0600","status":"TD","lat":43.4,"lon":-79.9,"wind_kt":30,"pressure_mb":999,"radius_34kt_nm":null},{"date":"19960908","time":"1200","status":"TD","lat":44,"lon":-79,"wind_kt":25,"pressure_mb":1000,"radius_34kt_nm":null},{"date":"19960908","time":"1800","status":"TD","lat":44.5,"lon":-77.6,"wind_kt":25,"pressure_mb":1001,"radius_34kt_nm":null},{"date":"19960909","time":"0000","status":"EX","lat":44.9,"lon":-75.9,"wind_kt":25,"pressure_mb":1002,"radius_34kt_nm":null},{"date":"19960909","time":"0600","status":"EX","lat":45.4,"lon":-74,"wind_kt":20,"pressure_mb":1004,"radius_34kt_nm":null},{"date":"19960909","time":"1200","status":"EX","lat":45.7,"lon":-72.3,"wind_kt":15,"pressure_mb":1006,"radius_34kt_nm":null},{"date":"19960909","time":"1800","status":"EX","lat":46,"lon":-71.1,"wind_kt":15,"pressure_mb":1008,"radius_34kt_nm":null},{"date":"19960910","time":"0000","status":"EX","lat":46.7,"lon":-70,"wind_kt":15,"pressure_mb":1010,"radius_34kt_nm":null}]}},{"type":"Feature","geometry":{"type":"LineString","coordinates":[[-23,12.7],[-24.1,12.7],[-25.3,12.5],[-26.6,12.3],[-27.8,12.1],[-28.8,11.7],[-30,11.1],[-31,10.6],[-31.8,10.4],[-32.7,10.6],[-33.6,11],[-34.4,11.8],[-35.2,12.5],[-36.2,13.1],[-37.2,13.7],[-38,14.4],[-38.4,15.2],[-38.9,15.8],[-39.5,16.2],[-40.4,16.6],[-41.1,17.1],[-41.8,17.7],[-42.5,18.3],[-43.2,18.7],[-43.8,19.3],[-44.5,19.9],[-45.4,20.5],[-46.5,20.9],[-47.7,21.3]]},"properties":{"id":"hur-al071996","event_type":"hurricane","name":"GUSTAV","year":1996,"max_wind_kt":40,"min_pressure_mb":1005,"category":0,"preliminary":false,"start_date":"19960826","end_date":"19960902","track":[{"date":"19960826","time":"0000","status":"TD","lat":12.7,"lon":-23,"wind_kt":30,"pressure_mb":1008,"radius_34kt_nm":null},{"date":"19960826","time":"0600","status":"TD","lat":12.7,"lon":-24.1,"wind_kt":30,"pressure_mb":1008,"radius_34kt_nm":null},{"date":"19960826","time":"1200","status":"TD","lat":12.5,"lon":-25.3,"wind_kt":30,"pressure_mb":1008,"radius_34kt_nm":null},{"date":"19960826","time":"1800","status":"TD","lat":12.3,"lon":-26.6,"wind_kt":30,"pressure_mb":1008,"radius_34kt_nm":null},{"date":"19960827","time":"0000","status":"TD","lat":12.1,"lon":-27.8,"wind_kt":30,"pressure_mb":1008,"radius_34kt_nm":null},{"date":"19960827","time":"0600","status":"TD","lat":11.7,"lon":-28.8,"wind_kt":30,"pressure_mb":1008,"radius_34kt_nm":null},{"date":"19960827","time":"1200","status":"TD","lat":11.1,"lon":-30,"wind_kt":30,"pressure_mb":1007,"radius_34kt_nm":null},{"date":"19960827","time":"1800","status":"TD","lat":10.6,"lon":-31,"wind_kt":30,"pressure_mb":1007,"radius_34kt_nm":null},{"date":"19960828","time":"0000","status":"TD","lat":10.4,"lon":-31.8,"wind_kt":30,"pressure_mb":1006,"radius_34kt_nm":null},{"date":"19960828","time":"0600","status":"TS","lat":10.6,"lon":-32.7,"wind_kt":35,"pressure_mb":1006,"radius_34kt_nm":null},{"date":"19960828","time":"1200","status":"TS","lat":11,"lon":-33.6,"wind_kt":35,"pressure_mb":1005,"radius_34kt_nm":null},{"date":"19960828","time":"1800","status":"TS","lat":11.8,"lon":-34.4,"wind_kt":35,"pressure_mb":1005,"radius_34kt_nm":null},{"date":"19960829","time":"0000","status":"TS","lat":12.5,"lon":-35.2,"wind_kt":40,"pressure_mb":1005,"radius_34kt_nm":null},{"date":"19960829","time":"0600","status":"TS","lat":13.1,"lon":-36.2,"wind_kt":40,"pressure_mb":1005,"radius_34kt_nm":null},{"date":"19960829","time":"1200","status":"TS","lat":13.7,"lon":-37.2,"wind_kt":40,"pressure_mb":1005,"radius_34kt_nm":null},{"date":"19960829","time":"1800","status":"TS","lat":14.4,"lon":-38,"wind_kt":40,"pressure_mb":1005,"radius_34kt_nm":null},{"date":"19960830","time":"0000","status":"TS","lat":15.2,"lon":-38.4,"wind_kt":35,"pressure_mb":1005,"radius_34kt_nm":null},{"date":"19960830","time":"0600","status":"TS","lat":15.8,"lon":-38.9,"wind_kt":35,"pressure_mb":1005,"radius_34kt_nm":null},{"date":"19960830","time":"1200","status":"TS","lat":16.2,"lon":-39.5,"wind_kt":35,"pressure_mb":1006,"radius_34kt_nm":null},{"date":"19960830","time":"1800","status":"TS","lat":16.6,"lon":-40.4,"wind_kt":35,"pressure_mb":1006,"radius_34kt_nm":null},{"date":"19960831","time":"0000","status":"TS","lat":17.1,"lon":-41.1,"wind_kt":35,"pressure_mb":1007,"radius_34kt_nm":null},{"date":"19960831","time":"0600","status":"TS","lat":17.7,"lon":-41.8,"wind_kt":35,"pressure_mb":1008,"radius_34kt_nm":null},{"date":"19960831","time":"1200","status":"TS","lat":18.3,"lon":-42.5,"wind_kt":35,"pressure_mb":1008,"radius_34kt_nm":null},{"date":"19960831","time":"1800","status":"TS","lat":18.7,"lon":-43.2,"wind_kt":35,"pressure_mb":1008,"radius_34kt_nm":null},{"date":"19960901","time":"0000","status":"TS","lat":19.3,"lon":-43.8,"wind_kt":35,"pressure_mb":1008,"radius_34kt_nm":null},{"date":"19960901","time":"0600","status":"TS","lat":19.9,"lon":-44.5,"wind_kt":35,"pressure_mb":1008,"radius_34kt_nm":null},{"date":"19960901","time":"1200","status":"TS","lat":20.5,"lon":-45.4,"wind_kt":35,"pressure_mb":1008,"radius_34kt_nm":null},{"date":"19960901","time":"1800","status":"TD","lat":20.9,"lon":-46.5,"wind_kt":30,"pressure_mb":1008,"radius_34kt_nm":null},{"date":"19960902","time":"0000","status":"TD","lat":21.3,"lon":-47.7,"wind_kt":30,"pressure_mb":1008,"radius_34kt_nm":null}]}},{"type":"Feature","geometry":{"type":"LineString","coordinates":[[-41,14.9],[-42.7,14.9],[-44.1,14.8],[-45.4,14.7],[-46.6,14.6],[-47.5,14.7],[-48.4,14.9],[-49.5,14.8],[-51.1,14.5],[-52.6,14.3],[-53.6,14.4],[-54.3,14.6],[-55.1,14.7],[-55.7,14.9],[-57,15.2],[-58.3,15.4],[-59.6,15.6],[-60.4,15.8],[-61.2,16.1],[-62,16.1],[-62.8,16.1],[-63.6,16.1],[-64.1,16.1],[-64.5,16.1],[-65,16.3],[-65.6,16.6],[-66.1,17.1],[-66.9,18],[-67.8,18.3],[-68.4,18.9],[-68.9,19.5],[-69.5,20.1],[-70.1,20.9],[-70.6,21.6],[-71.1,22.3],[-71.4,23],[-71.8,23.9],[-71.8,24.7],[-71.5,25.9],[-71.4,27.2],[-70.9,29],[-70.3,31],[-69.5,33.3],[-68.4,35.9],[-67.1,38.5],[-65.2,42],[-63.3,44.3],[-62.5,44.8],[-61.5,45.5],[-59.1,46.3],[-55,46],[-54,46],[-50,45]]},"properties":{"id":"hur-al081996","event_type":"hurricane","name":"HORTENSE","year":1996,"max_wind_kt":120,"min_pressure_mb":935,"category":4,"preliminary":false,"start_date":"19960903","end_date":"19960916","track":[{"date":"19960903","time":"1200","status":"TD","lat":14.9,"lon":-41,"wind_kt":25,"pressure_mb":1006,"radius_34kt_nm":null},{"date":"19960903","time":"1800","status":"TD","lat":14.9,"lon":-42.7,"wind_kt":30,"pressure_mb":1006,"radius_34kt_nm":null},{"date":"19960904","time":"0000","status":"TD","lat":14.8,"lon":-44.1,"wind_kt":30,"pressure_mb":1006,"radius_34kt_nm":null},{"date":"19960904","time":"0600","status":"TD","lat":14.7,"lon":-45.4,"wind_kt":30,"pressure_mb":1006,"radius_34kt_nm":null},{"date":"19960904","time":"1200","status":"TD","lat":14.6,"lon":-46.6,"wind_kt":30,"pressure_mb":1006,"radius_34kt_nm":null},{"date":"19960904","time":"1800","status":"TD","lat":14.7,"lon":-47.5,"wind_kt":30,"pressure_mb":1006,"radius_34kt_nm":null},{"date":"19960905","time":"0000","status":"TD","lat":14.9,"lon":-48.4,"wind_kt":30,"pressure_mb":1006,"radius_34kt_nm":null},{"date":"19960905","time":"0600","status":"TD","lat":14.8,"lon":-49.5,"wind_kt":30,"pressure_mb":1006,"radius_34kt_nm":null},{"date":"19960905","time":"1200","status":"TD","lat":14.5,"lon":-51.1,"wind_kt":30,"pressure_mb":1006,"radius_34kt_nm":null},{"date":"19960905","time":"1800","status":"TD","lat":14.3,"lon":-52.6,"wind_kt":30,"pressure_mb":1006,"radius_34kt_nm":null},{"date":"19960906","time":"0000","status":"TD","lat":14.4,"lon":-53.6,"wind_kt":30,"pressure_mb":1006,"radius_34kt_nm":null},{"date":"19960906","time":"0600","status":"TD","lat":14.6,"lon":-54.3,"wind_kt":30,"pressure_mb":1006,"radius_34kt_nm":null},{"date":"19960906","time":"1200","status":"TD","lat":14.7,"lon":-55.1,"wind_kt":30,"pressure_mb":1006,"radius_34kt_nm":null},{"date":"19960906","time":"1800","status":"TD","lat":14.9,"lon":-55.7,"wind_kt":30,"pressure_mb":1006,"radius_34kt_nm":null},{"date":"19960907","time":"0000","status":"TD","lat":15.2,"lon":-57,"wind_kt":30,"pressure_mb":1006,"radius_34kt_nm":null},{"date":"19960907","time":"0600","status":"TS","lat":15.4,"lon":-58.3,"wind_kt":35,"pressure_mb":1005,"radius_34kt_nm":null},{"date":"19960907","time":"1200","status":"TS","lat":15.6,"lon":-59.6,"wind_kt":40,"pressure_mb":1004,"radius_34kt_nm":null},{"date":"19960907","time":"1800","status":"TS","lat":15.8,"lon":-60.4,"wind_kt":40,"pressure_mb":1000,"radius_34kt_nm":null},{"date":"19960908","time":"0000","status":"TS","lat":16.1,"lon":-61.2,"wind_kt":50,"pressure_mb":996,"radius_34kt_nm":null},{"date":"19960908","time":"0600","status":"TS","lat":16.1,"lon":-62,"wind_kt":55,"pressure_mb":996,"radius_34kt_nm":null},{"date":"19960908","time":"1200","status":"TS","lat":16.1,"lon":-62.8,"wind_kt":60,"pressure_mb":996,"radius_34kt_nm":null},{"date":"19960908","time":"1800","status":"TS","lat":16.1,"lon":-63.6,"wind_kt":60,"pressure_mb":991,"radius_34kt_nm":null},{"date":"19960909","time":"0000","status":"TS","lat":16.1,"lon":-64.1,"wind_kt":60,"pressure_mb":990,"radius_34kt_nm":null},{"date":"19960909","time":"0600","status":"HU","lat":16.1,"lon":-64.5,"wind_kt":70,"pressure_mb":987,"radius_34kt_nm":null},{"date":"19960909","time":"1200","status":"HU","lat":16.3,"lon":-65,"wind_kt":70,"pressure_mb":985,"radius_34kt_nm":null},{"date":"19960909","time":"1800","status":"HU","lat":16.6,"lon":-65.6,"wind_kt":70,"pressure_mb":990,"radius_34kt_nm":null},{"date":"19960910","time":"0000","status":"HU","lat":17.1,"lon":-66.1,"wind_kt":70,"pressure_mb":989,"radius_34kt_nm":null},{"date":"19960910","time":"0600","status":"HU","lat":18,"lon":-66.9,"wind_kt":70,"pressure_mb":989,"radius_34kt_nm":null},{"date":"19960910","time":"1200","status":"HU","lat":18.3,"lon":-67.8,"wind_kt":65,"pressure_mb":989,"radius_34kt_nm":null},{"date":"19960910","time":"1800","status":"HU","lat":18.9,"lon":-68.4,"wind_kt":65,"pressure_mb":990,"radius_34kt_nm":null},{"date":"19960911","time":"0000","status":"HU","lat":19.5,"lon":-68.9,"wind_kt":70,"pressure_mb":982,"radius_34kt_nm":null},{"date":"19960911","time":"0600","status":"HU","lat":20.1,"lon":-69.5,"wind_kt":75,"pressure_mb":975,"radius_34kt_nm":null},{"date":"19960911","time":"1200","status":"HU","lat":20.9,"lon":-70.1,"wind_kt":90,"pressure_mb":971,"radius_34kt_nm":null},{"date":"19960911","time":"1800","status":"HU","lat":21.6,"lon":-70.6,"wind_kt":95,"pressure_mb":970,"radius_34kt_nm":null},{"date":"19960912","time":"0000","status":"HU","lat":22.3,"lon":-71.1,"wind_kt":100,"pressure_mb":967,"radius_34kt_nm":null},{"date":"19960912","time":"0600","status":"HU","lat":23,"lon":-71.4,"wind_kt":105,"pressure_mb":962,"radius_34kt_nm":null},{"date":"19960912","time":"1200","status":"HU","lat":23.9,"lon":-71.8,"wind_kt":115,"pressure_mb":959,"radius_34kt_nm":null},{"date":"19960912","time":"1800","status":"HU","lat":24.7,"lon":-71.8,"wind_kt":115,"pressure_mb":946,"radius_34kt_nm":null},{"date":"19960913","time":"0000","status":"HU","lat":25.9,"lon":-71.5,"wind_kt":120,"pressure_mb":935,"radius_34kt_nm":null},{"date":"19960913","time":"0600","status":"HU","lat":27.2,"lon":-71.4,"wind_kt":115,"pressure_mb":942,"radius_34kt_nm":null},{"date":"19960913","time":"1200","status":"HU","lat":29,"lon":-70.9,"wind_kt":100,"pressure_mb":948,"radius_34kt_nm":null},{"date":"19960913","time":"1800","status":"HU","lat":31,"lon":-70.3,"wind_kt":100,"pressure_mb":948,"radius_34kt_nm":null},{"date":"19960914","time":"0000","status":"HU","lat":33.3,"lon":-69.5,"wind_kt":90,"pressure_mb":948,"radius_34kt_nm":null},{"date":"19960914","time":"0600","status":"HU","lat":35.9,"lon":-68.4,"wind_kt":90,"pressure_mb":955,"radius_34kt_nm":null},{"date":"19960914","time":"1200","status":"HU","lat":38.5,"lon":-67.1,"wind_kt":85,"pressure_mb":960,"radius_34kt_nm":null},{"date":"19960914","time":"1800","status":"HU","lat":42,"lon":-65.2,"wind_kt":75,"pressure_mb":960,"radius_34kt_nm":null},{"date":"19960915","time":"0000","status":"HU","lat":44.3,"lon":-63.3,"wind_kt":70,"pressure_mb":970,"radius_34kt_nm":null},{"date":"19960915","time":"0300","status":"HU","lat":44.8,"lon":-62.5,"wind_kt":70,"pressure_mb":978,"radius_34kt_nm":null},{"date":"19960915","time":"0600","status":"HU","lat":45.5,"lon":-61.5,"wind_kt":65,"pressure_mb":980,"radius_34kt_nm":null},{"date":"19960915","time":"1200","status":"TS","lat":46.3,"lon":-59.1,"wind_kt":60,"pressure_mb":982,"radius_34kt_nm":null},{"date":"19960915","time":"1800","status":"EX","lat":46,"lon":-55,"wind_kt":40,"pressure_mb":996,"radius_34kt_nm":null},{"date":"19960916","time":"0000","status":"EX","lat":46,"lon":-54,"wind_kt":40,"pressure_mb":998,"radius_34kt_nm":null},{"date":"19960916","time":"0600","status":"EX","lat":45,"lon":-50,"wind_kt":35,"pressure_mb":999,"radius_34kt_nm":null}]}},{"type":"Feature","geometry":{"type":"LineString","coordinates":[[-23.3,8.6],[-25.2,9.2],[-26.9,9.9],[-28.5,10.3],[-30,10.7],[-31.7,11],[-32.8,11.2],[-34.2,11.7],[-35.8,12.4],[-37.1,12.8],[-38.6,13.1],[-39.8,13.7],[-41.1,14.1],[-42.2,14.9],[-42.9,15.8],[-43.1,16.7],[-43.2,17.8],[-43.2,19],[-42.9,20],[-42.2,20.8],[-41.3,21.8],[-40.9,22.6],[-40.4,23.8],[-40.1,25.3],[-40,26.7],[-40.1,28.2],[-40.3,29.9],[-40.4,31.6],[-40.4,33.6],[-40.3,35.8],[-40.2,38.1],[-39.6,40.3],[-36,43]]},"properties":{"id":"hur-al091996","event_type":"hurricane","name":"ISIDORE","year":1996,"max_wind_kt":100,"min_pressure_mb":960,"category":3,"preliminary":false,"start_date":"19960924","end_date":"19961002","track":[{"date":"19960924","time":"1200","status":"TD","lat":8.6,"lon":-23.3,"wind_kt":25,"pressure_mb":1008,"radius_34kt_nm":null},{"date":"19960924","time":"1800","status":"TD","lat":9.2,"lon":-25.2,"wind_kt":30,"pressure_mb":1008,"radius_34kt_nm":null},{"date":"19960925","time":"0000","status":"TD","lat":9.9,"lon":-26.9,"wind_kt":30,"pressure_mb":1006,"radius_34kt_nm":null},{"date":"19960925","time":"0600","status":"TS","lat":10.3,"lon":-28.5,"wind_kt":35,"pressure_mb":1004,"radius_34kt_nm":null},{"date":"19960925","time":"1200","status":"TS","lat":10.7,"lon":-30,"wind_kt":45,"pressure_mb":1000,"radius_34kt_nm":null},{"date":"19960925","time":"1800","status":"TS","lat":11,"lon":-31.7,"wind_kt":50,"pressure_mb":994,"radius_34kt_nm":null},{"date":"19960926","time":"0000","status":"TS","lat":11.2,"lon":-32.8,"wind_kt":60,"pressure_mb":988,"radius_34kt_nm":null},{"date":"19960926","time":"0600","status":"HU","lat":11.7,"lon":-34.2,"wind_kt":70,"pressure_mb":984,"radius_34kt_nm":null},{"date":"19960926","time":"1200","status":"HU","lat":12.4,"lon":-35.8,"wind_kt":70,"pressure_mb":980,"radius_34kt_nm":null},{"date":"19960926","time":"1800","status":"HU","lat":12.8,"lon":-37.1,"wind_kt":75,"pressure_mb":977,"radius_34kt_nm":null},{"date":"19960927","time":"0000","status":"HU","lat":13.1,"lon":-38.6,"wind_kt":80,"pressure_mb":974,"radius_34kt_nm":null},{"date":"19960927","time":"0600","status":"HU","lat":13.7,"lon":-39.8,"wind_kt":85,"pressure_mb":972,"radius_34kt_nm":null},{"date":"19960927","time":"1200","status":"HU","lat":14.1,"lon":-41.1,"wind_kt":90,"pressure_mb":968,"radius_34kt_nm":null},{"date":"19960927","time":"1800","status":"HU","lat":14.9,"lon":-42.2,"wind_kt":95,"pressure_mb":963,"radius_34kt_nm":null},{"date":"19960928","time":"0000","status":"HU","lat":15.8,"lon":-42.9,"wind_kt":100,"pressure_mb":960,"radius_34kt_nm":null},{"date":"19960928","time":"0600","status":"HU","lat":16.7,"lon":-43.1,"wind_kt":100,"pressure_mb":961,"radius_34kt_nm":null},{"date":"19960928","time":"1200","status":"HU","lat":17.8,"lon":-43.2,"wind_kt":95,"pressure_mb":965,"radius_34kt_nm":null},{"date":"19960928","time":"1800","status":"HU","lat":19,"lon":-43.2,"wind_kt":90,"pressure_mb":968,"radius_34kt_nm":null},{"date":"19960929","time":"0000","status":"HU","lat":20,"lon":-42.9,"wind_kt":85,"pressure_mb":973,"radius_34kt_nm":null},{"date":"19960929","time":"0600","status":"HU","lat":20.8,"lon":-42.2,"wind_kt":75,"pressure_mb":979,"radius_34kt_nm":null},{"date":"19960929","time":"1200","status":"HU","lat":21.8,"lon":-41.3,"wind_kt":70,"pressure_mb":982,"radius_34kt_nm":null},{"date":"19960929","time":"1800","status":"HU","lat":22.6,"lon":-40.9,"wind_kt":65,"pressure_mb":986,"radius_34kt_nm":null},{"date":"19960930","time":"0000","status":"TS","lat":23.8,"lon":-40.4,"wind_kt":60,"pressure_mb":989,"radius_34kt_nm":null},{"date":"19960930","time":"0600","status":"TS","lat":25.3,"lon":-40.1,"wind_kt":60,"pressure_mb":992,"radius_34kt_nm":null},{"date":"19960930","time":"1200","status":"TS","lat":26.7,"lon":-40,"wind_kt":50,"pressure_mb":995,"radius_34kt_nm":null},{"date":"19960930","time":"1800","status":"TS","lat":28.2,"lon":-40.1,"wind_kt":45,"pressure_mb":997,"radius_34kt_nm":null},{"date":"19961001","time":"0000","status":"TS","lat":29.9,"lon":-40.3,"wind_kt":35,"pressure_mb":1000,"radius_34kt_nm":null},{"date":"19961001","time":"0600","status":"TS","lat":31.6,"lon":-40.4,"wind_kt":35,"pressure_mb":1002,"radius_34kt_nm":null},{"date":"19961001","time":"1200","status":"TD","lat":33.6,"lon":-40.4,"wind_kt":30,"pressure_mb":1005,"radius_34kt_nm":null},{"date":"19961001","time":"1800","status":"TD","lat":35.8,"lon":-40.3,"wind_kt":30,"pressure_mb":1008,"radius_34kt_nm":null},{"date":"19961002","time":"0000","status":"EX","lat":38.1,"lon":-40.2,"wind_kt":25,"pressure_mb":1010,"radius_34kt_nm":null},{"date":"19961002","time":"0600","status":"EX","lat":40.3,"lon":-39.6,"wind_kt":20,"pressure_mb":1013,"radius_34kt_nm":null},{"date":"19961002","time":"1200","status":"EX","lat":43,"lon":-36,"wind_kt":20,"pressure_mb":1015,"radius_34kt_nm":null}]}},{"type":"Feature","geometry":{"type":"LineString","coordinates":[[-96.2,22.7],[-96.1,23],[-96,23.3],[-95.8,23.6],[-95.5,24.3],[-95,24.8],[-94.5,25],[-93.5,25.1],[-91.8,25.1],[-90.4,25.5],[-88.9,25.9],[-87.3,26.9],[-86,28.2],[-84.5,29.3],[-83.9,30],[-82.3,30.9],[-79,34],[-76,36],[-73.5,38],[-71,41],[-68,42.5],[-65.5,44.5],[-62.5,46.5],[-58,48.5],[-55,49.5],[-50,50.5],[-44,51],[-38,51],[-32,51],[-26,51],[-21,51],[-18,51],[-16.5,51.5],[-15.5,52.5],[-15.5,53],[-15.5,53.5],[-15.5,54],[-15.5,55.5],[-16,57.5],[-18,60],[-20,61],[-22,62],[-24,62.5],[-26,63],[-28,63],[-29.5,63],[-30.5,63]]},"properties":{"id":"hur-al101996","event_type":"hurricane","name":"JOSEPHINE","year":1996,"max_wind_kt":60,"min_pressure_mb":970,"category":0,"preliminary":false,"start_date":"19961004","end_date":"19961016","track":[{"date":"19961004","time":"1800","status":"TD","lat":22.7,"lon":-96.2,"wind_kt":25,"pressure_mb":1003,"radius_34kt_nm":null},{"date":"19961005","time":"0000","status":"TD","lat":23,"lon":-96.1,"wind_kt":30,"pressure_mb":1003,"radius_34kt_nm":null},{"date":"19961005","time":"0600","status":"TD","lat":23.3,"lon":-96,"wind_kt":30,"pressure_mb":1003,"radius_34kt_nm":null},{"date":"19961005","time":"1200","status":"TD","lat":23.6,"lon":-95.8,"wind_kt":30,"pressure_mb":1003,"radius_34kt_nm":null},{"date":"19961005","time":"1800","status":"TD","lat":24.3,"lon":-95.5,"wind_kt":30,"pressure_mb":1003,"radius_34kt_nm":null},{"date":"19961006","time":"0000","status":"TD","lat":24.8,"lon":-95,"wind_kt":30,"pressure_mb":1002,"radius_34kt_nm":null},{"date":"19961006","time":"0600","status":"TD","lat":25,"lon":-94.5,"wind_kt":30,"pressure_mb":1002,"radius_34kt_nm":null},{"date":"19961006","time":"1200","status":"TD","lat":25.1,"lon":-93.5,"wind_kt":30,"pressure_mb":1003,"radius_34kt_nm":null},{"date":"19961006","time":"1800","status":"TS","lat":25.1,"lon":-91.8,"wind_kt":35,"pressure_mb":1001,"radius_34kt_nm":null},{"date":"19961007","time":"0000","status":"TS","lat":25.5,"lon":-90.4,"wind_kt":40,"pressure_mb":996,"radius_34kt_nm":null},{"date":"19961007","time":"0600","status":"TS","lat":25.9,"lon":-88.9,"wind_kt":50,"pressure_mb":992,"radius_34kt_nm":null},{"date":"19961007","time":"1200","status":"TS","lat":26.9,"lon":-87.3,"wind_kt":60,"pressure_mb":981,"radius_34kt_nm":null},{"date":"19961007","time":"1800","status":"TS","lat":28.2,"lon":-86,"wind_kt":60,"pressure_mb":983,"radius_34kt_nm":null},{"date":"19961008","time":"0000","status":"TS","lat":29.3,"lon":-84.5,"wind_kt":60,"pressure_mb":983,"radius_34kt_nm":null},{"date":"19961008","time":"0330","status":"TS","lat":30,"lon":-83.9,"wind_kt":60,"pressure_mb":983,"radius_34kt_nm":null},{"date":"19961008","time":"0600","status":"EX","lat":30.9,"lon":-82.3,"wind_kt":45,"pressure_mb":990,"radius_34kt_nm":null},{"date":"19961008","time":"1200","status":"EX","lat":34,"lon":-79,"wind_kt":45,"pressure_mb":988,"radius_34kt_nm":null},{"date":"19961008","time":"1800","status":"EX","lat":36,"lon":-76,"wind_kt":45,"pressure_mb":986,"radius_34kt_nm":null},{"date":"19961009","time":"0000","status":"EX","lat":38,"lon":-73.5,"wind_kt":45,"pressure_mb":983,"radius_34kt_nm":null},{"date":"19961009","time":"0600","status":"EX","lat":41,"lon":-71,"wind_kt":45,"pressure_mb":980,"radius_34kt_nm":null},{"date":"19961009","time":"1200","status":"EX","lat":42.5,"lon":-68,"wind_kt":45,"pressure_mb":980,"radius_34kt_nm":null},{"date":"19961009","time":"1800","status":"EX","lat":44.5,"lon":-65.5,"wind_kt":45,"pressure_mb":984,"radius_34kt_nm":null},{"date":"19961010","time":"0000","status":"EX","lat":46.5,"lon":-62.5,"wind_kt":45,"pressure_mb":985,"radius_34kt_nm":null},{"date":"19961010","time":"0600","status":"EX","lat":48.5,"lon":-58,"wind_kt":45,"pressure_mb":985,"radius_34kt_nm":null},{"date":"19961010","time":"1200","status":"EX","lat":49.5,"lon":-55,"wind_kt":45,"pressure_mb":983,"radius_34kt_nm":null},{"date":"19961010","time":"1800","status":"EX","lat":50.5,"lon":-50,"wind_kt":45,"pressure_mb":984,"radius_34kt_nm":null},{"date":"19961011","time":"0000","status":"EX","lat":51,"lon":-44,"wind_kt":45,"pressure_mb":984,"radius_34kt_nm":null},{"date":"19961011","time":"0600","status":"EX","lat":51,"lon":-38,"wind_kt":45,"pressure_mb":986,"radius_34kt_nm":null},{"date":"19961011","time":"1200","status":"EX","lat":51,"lon":-32,"wind_kt":45,"pressure_mb":988,"radius_34kt_nm":null},{"date":"19961011","time":"1800","status":"EX","lat":51,"lon":-26,"wind_kt":45,"pressure_mb":989,"radius_34kt_nm":null},{"date":"19961012","time":"0000","status":"EX","lat":51,"lon":-21,"wind_kt":45,"pressure_mb":985,"radius_34kt_nm":null},{"date":"19961012","time":"0600","status":"EX","lat":51,"lon":-18,"wind_kt":45,"pressure_mb":980,"radius_34kt_nm":null},{"date":"19961012","time":"1200","status":"EX","lat":51.5,"lon":-16.5,"wind_kt":45,"pressure_mb":982,"radius_34kt_nm":null},{"date":"19961012","time":"1800","status":"EX","lat":52.5,"lon":-15.5,"wind_kt":50,"pressure_mb":977,"radius_34kt_nm":null},{"date":"19961013","time":"0000","status":"EX","lat":53,"lon":-15.5,"wind_kt":55,"pressure_mb":973,"radius_34kt_nm":null},{"date":"19961013","time":"0600","status":"EX","lat":53.5,"lon":-15.5,"wind_kt":60,"pressure_mb":971,"radius_34kt_nm":null},{"date":"19961013","time":"1200","status":"EX","lat":54,"lon":-15.5,"wind_kt":55,"pressure_mb":972,"radius_34kt_nm":null},{"date":"19961013","time":"1800","status":"EX","lat":55.5,"lon":-15.5,"wind_kt":50,"pressure_mb":977,"radius_34kt_nm":null},{"date":"19961014","time":"0000","status":"EX","lat":57.5,"lon":-16,"wind_kt":45,"pressure_mb":982,"radius_34kt_nm":null},{"date":"19961014","time":"0600","status":"EX","lat":60,"lon":-18,"wind_kt":45,"pressure_mb":977,"radius_34kt_nm":null},{"date":"19961014","time":"1200","status":"EX","lat":61,"lon":-20,"wind_kt":45,"pressure_mb":972,"radius_34kt_nm":null},{"date":"19961014","time":"1800","status":"EX","lat":62,"lon":-22,"wind_kt":45,"pressure_mb":970,"radius_34kt_nm":null},{"date":"19961015","time":"0000","status":"EX","lat":62.5,"lon":-24,"wind_kt":45,"pressure_mb":972,"radius_34kt_nm":null},{"date":"19961015","time":"0600","status":"EX","lat":63,"lon":-26,"wind_kt":45,"pressure_mb":978,"radius_34kt_nm":null},{"date":"19961015","time":"1200","status":"EX","lat":63,"lon":-28,"wind_kt":40,"pressure_mb":983,"radius_34kt_nm":null},{"date":"19961015","time":"1800","status":"EX","lat":63,"lon":-29.5,"wind_kt":35,"pressure_mb":988,"radius_34kt_nm":null},{"date":"19961016","time":"0000","status":"EX","lat":63,"lon":-30.5,"wind_kt":30,"pressure_mb":992,"radius_34kt_nm":null}]}},{"type":"Feature","geometry":{"type":"LineString","coordinates":[[-86.5,17.3],[-87.1,16.9],[-87.4,16.7],[-87.5,16.6],[-87.8,16.3],[-88.1,16],[-88.4,15.7]]},"properties":{"id":"hur-al111996","event_type":"hurricane","name":"KYLE","year":1996,"max_wind_kt":45,"min_pressure_mb":1001,"category":0,"preliminary":false,"start_date":"19961011","end_date":"19961012","track":[{"date":"19961011","time":"1200","status":"TD","lat":17.3,"lon":-86.5,"wind_kt":30,"pressure_mb":1006,"radius_34kt_nm":null},{"date":"19961011","time":"1800","status":"TS","lat":16.9,"lon":-87.1,"wind_kt":45,"pressure_mb":1002,"radius_34kt_nm":null},{"date":"19961011","time":"2100","status":"TS","lat":16.7,"lon":-87.4,"wind_kt":45,"pressure_mb":1001,"radius_34kt_nm":null},{"date":"19961012","time":"0000","status":"TS","lat":16.6,"lon":-87.5,"wind_kt":45,"pressure_mb":1001,"radius_34kt_nm":null},{"date":"19961012","time":"0600","status":"TS","lat":16.3,"lon":-87.8,"wind_kt":35,"pressure_mb":1004,"radius_34kt_nm":null},{"date":"19961012","time":"1200","status":"TD","lat":16,"lon":-88.1,"wind_kt":30,"pressure_mb":1008,"radius_34kt_nm":null},{"date":"19961012","time":"1800","status":"TD","lat":15.7,"lon":-88.4,"wind_kt":25,"pressure_mb":1012,"radius_34kt_nm":null}]}},{"type":"Feature","geometry":{"type":"LineString","coordinates":[[-80.4,12.8],[-80.9,13.4],[-81.4,14.1],[-81.9,14.8],[-82.5,15.4],[-83.1,16.1],[-83.5,16.8],[-83.8,17.5],[-83.8,18.2],[-84.5,18.3],[-84.2,18.2],[-83.7,18.8],[-83.5,19.6],[-83.1,20.5],[-82.8,21.3],[-82.2,21.8],[-82,22.3],[-81.5,22.4],[-80,22.5],[-78.2,23],[-76.2,23.5],[-74,24.4],[-71.5,25.5],[-69,26.9],[-67,28.3],[-65,29.6],[-62.9,30.7],[-60.8,31.9],[-59.1,33],[-57.9,33.7],[-57,34],[-55.9,34],[-55.2,33.8],[-54.6,33.7],[-54,33.5],[-53.9,33.4],[-53.8,33.2],[-53.7,33.1],[-53.2,33.3],[-52.8,33.7],[-52.5,34],[-51.9,34],[-51.2,34.1],[-49.9,34.3],[-47.8,35],[-45.4,35.8],[-43.3,37.2],[-41,38.1],[-38.8,39.2],[-35.8,40.5],[-33.2,42.3],[-30.5,44.3],[-27.2,46.3],[-23.1,48.2],[-19,50.3],[-15.5,52.5],[-12,53.8],[-7.5,54],[-3.5,54.5],[1,54]]},"properties":{"id":"hur-al121996","event_type":"hurricane","name":"LILI","year":1996,"max_wind_kt":100,"min_pressure_mb":960,"category":3,"preliminary":false,"start_date":"19961014","end_date":"19961029","track":[{"date":"19961014","time":"1200","status":"TD","lat":12.8,"lon":-80.4,"wind_kt":25,"pressure_mb":1006,"radius_34kt_nm":null},{"date":"19961014","time":"1800","status":"TD","lat":13.4,"lon":-80.9,"wind_kt":25,"pressure_mb":1005,"radius_34kt_nm":null},{"date":"19961015","time":"0000","status":"TD","lat":14.1,"lon":-81.4,"wind_kt":25,"pressure_mb":1005,"radius_34kt_nm":null},{"date":"19961015","time":"0600","status":"TD","lat":14.8,"lon":-81.9,"wind_kt":25,"pressure_mb":1005,"radius_34kt_nm":null},{"date":"19961015","time":"1200","status":"TD","lat":15.4,"lon":-82.5,"wind_kt":30,"pressure_mb":1004,"radius_34kt_nm":null},{"date":"19961015","time":"1800","status":"TD","lat":16.1,"lon":-83.1,"wind_kt":30,"pressure_mb":1003,"radius_34kt_nm":null},{"date":"19961016","time":"0000","status":"TD","lat":16.8,"lon":-83.5,"wind_kt":30,"pressure_mb":999,"radius_34kt_nm":null},{"date":"19961016","time":"0600","status":"TS","lat":17.5,"lon":-83.8,"wind_kt":35,"pressure_mb":998,"radius_34kt_nm":null},{"date":"19961016","time":"1200","status":"TS","lat":18.2,"lon":-83.8,"wind_kt":45,"pressure_mb":998,"radius_34kt_nm":null},{"date":"19961016","time":"1800","status":"TS","lat":18.3,"lon":-84.5,"wind_kt":50,"pressure_mb":996,"radius_34kt_nm":null},{"date":"19961017","time":"0000","status":"TS","lat":18.2,"lon":-84.2,"wind_kt":55,"pressure_mb":992,"radius_34kt_nm":null},{"date":"19961017","time":"0600","status":"TS","lat":18.8,"lon":-83.7,"wind_kt":60,"pressure_mb":990,"radius_34kt_nm":null},{"date":"19961017","time":"1200","status":"HU","lat":19.6,"lon":-83.5,"wind_kt":65,"pressure_mb":987,"radius_34kt_nm":null},{"date":"19961017","time":"1800","status":"HU","lat":20.5,"lon":-83.1,"wind_kt":70,"pressure_mb":984,"radius_34kt_nm":null},{"date":"19961018","time":"0000","status":"HU","lat":21.3,"lon":-82.8,"wind_kt":70,"pressure_mb":982,"radius_34kt_nm":null},{"date":"19961018","time":"0600","status":"HU","lat":21.8,"lon":-82.2,"wind_kt":75,"pressure_mb":980,"radius_34kt_nm":null},{"date":"19961018","time":"0930","status":"HU","lat":22.3,"lon":-82,"wind_kt":85,"pressure_mb":975,"radius_34kt_nm":null},{"date":"19961018","time":"1200","status":"HU","lat":22.4,"lon":-81.5,"wind_kt":85,"pressure_mb":975,"radius_34kt_nm":null},{"date":"19961018","time":"1800","status":"HU","lat":22.5,"lon":-80,"wind_kt":80,"pressure_mb":975,"radius_34kt_nm":null},{"date":"19961019","time":"0000","status":"HU","lat":23,"lon":-78.2,"wind_kt":85,"pressure_mb":975,"radius_34kt_nm":null},{"date":"19961019","time":"0600","status":"HU","lat":23.5,"lon":-76.2,"wind_kt":90,"pressure_mb":970,"radius_34kt_nm":null},{"date":"19961019","time":"1200","status":"HU","lat":24.4,"lon":-74,"wind_kt":100,"pressure_mb":960,"radius_34kt_nm":null},{"date":"19961019","time":"1800","status":"HU","lat":25.5,"lon":-71.5,"wind_kt":90,"pressure_mb":962,"radius_34kt_nm":null},{"date":"19961020","time":"0000","status":"HU","lat":26.9,"lon":-69,"wind_kt":80,"pressure_mb":964,"radius_34kt_nm":null},{"date":"19961020","time":"0600","status":"HU","lat":28.3,"lon":-67,"wind_kt":80,"pressure_mb":968,"radius_34kt_nm":null},{"date":"19961020","time":"1200","status":"HU","lat":29.6,"lon":-65,"wind_kt":85,"pressure_mb":960,"radius_34kt_nm":null},{"date":"19961020","time":"1800","status":"HU","lat":30.7,"lon":-62.9,"wind_kt":75,"pressure_mb":970,"radius_34kt_nm":null},{"date":"19961021","time":"0000","status":"HU","lat":31.9,"lon":-60.8,"wind_kt":75,"pressure_mb":980,"radius_34kt_nm":null},{"date":"19961021","time":"0600","status":"HU","lat":33,"lon":-59.1,"wind_kt":70,"pressure_mb":985,"radius_34kt_nm":null},{"date":"19961021","time":"1200","status":"HU","lat":33.7,"lon":-57.9,"wind_kt":65,"pressure_mb":986,"radius_34kt_nm":null},{"date":"19961021","time":"1800","status":"HU","lat":34,"lon":-57,"wind_kt":65,"pressure_mb":987,"radius_34kt_nm":null},{"date":"19961022","time":"0000","status":"HU","lat":34,"lon":-55.9,"wind_kt":65,"pressure_mb":987,"radius_34kt_nm":null},{"date":"19961022","time":"0600","status":"HU","lat":33.8,"lon":-55.2,"wind_kt":65,"pressure_mb":987,"radius_34kt_nm":null},{"date":"19961022","time":"1200","status":"HU","lat":33.7,"lon":-54.6,"wind_kt":65,"pressure_mb":987,"radius_34kt_nm":null},{"date":"19961022","time":"1800","status":"HU","lat":33.5,"lon":-54,"wind_kt":65,"pressure_mb":987,"radius_34kt_nm":null},{"date":"19961023","time":"0000","status":"HU","lat":33.4,"lon":-53.9,"wind_kt":65,"pressure_mb":987,"radius_34kt_nm":null},{"date":"19961023","time":"0600","status":"HU","lat":33.2,"lon":-53.8,"wind_kt":65,"pressure_mb":985,"radius_34kt_nm":null},{"date":"19961023","time":"1200","status":"HU","lat":33.1,"lon":-53.7,"wind_kt":65,"pressure_mb":981,"radius_34kt_nm":null},{"date":"19961023","time":"1800","status":"HU","lat":33.3,"lon":-53.2,"wind_kt":70,"pressure_mb":979,"radius_34kt_nm":null},{"date":"19961024","time":"0000","status":"HU","lat":33.7,"lon":-52.8,"wind_kt":70,"pressure_mb":979,"radius_34kt_nm":null},{"date":"19961024","time":"0600","status":"HU","lat":34,"lon":-52.5,"wind_kt":70,"pressure_mb":979,"radius_34kt_nm":null},{"date":"19961024","time":"1200","status":"HU","lat":34,"lon":-51.9,"wind_kt":70,"pressure_mb":979,"radius_34kt_nm":null},{"date":"19961024","time":"1800","status":"HU","lat":34.1,"lon":-51.2,"wind_kt":75,"pressure_mb":979,"radius_34kt_nm":null},{"date":"19961025","time":"0000","status":"HU","lat":34.3,"lon":-49.9,"wind_kt":80,"pressure_mb":977,"radius_34kt_nm":null},{"date":"19961025","time":"0600","status":"HU","lat":35,"lon":-47.8,"wind_kt":80,"pressure_mb":973,"radius_34kt_nm":null},{"date":"19961025","time":"1200","status":"HU","lat":35.8,"lon":-45.4,"wind_kt":85,"pressure_mb":970,"radius_34kt_nm":null},{"date":"19961025","time":"1800","status":"HU","lat":37.2,"lon":-43.3,"wind_kt":80,"pressure_mb":971,"radius_34kt_nm":null},{"date":"19961026","time":"0000","status":"HU","lat":38.1,"lon":-41,"wind_kt":75,"pressure_mb":975,"radius_34kt_nm":null},{"date":"19961026","time":"0600","status":"HU","lat":39.2,"lon":-38.8,"wind_kt":70,"pressure_mb":978,"radius_34kt_nm":null},{"date":"19961026","time":"1200","status":"HU","lat":40.5,"lon":-35.8,"wind_kt":65,"pressure_mb":979,"radius_34kt_nm":null},{"date":"19961026","time":"1800","status":"TS","lat":42.3,"lon":-33.2,"wind_kt":60,"pressure_mb":980,"radius_34kt_nm":null},{"date":"19961027","time":"0000","status":"TS","lat":44.3,"lon":-30.5,"wind_kt":55,"pressure_mb":978,"radius_34kt_nm":null},{"date":"19961027","time":"0600","status":"EX","lat":46.3,"lon":-27.2,"wind_kt":55,"pressure_mb":980,"radius_34kt_nm":null},{"date":"19961027","time":"1200","status":"EX","lat":48.2,"lon":-23.1,"wind_kt":55,"pressure_mb":978,"radius_34kt_nm":null},{"date":"19961027","time":"1800","status":"EX","lat":50.3,"lon":-19,"wind_kt":55,"pressure_mb":973,"radius_34kt_nm":null},{"date":"19961028","time":"0000","status":"EX","lat":52.5,"lon":-15.5,"wind_kt":55,"pressure_mb":973,"radius_34kt_nm":null},{"date":"19961028","time":"0600","status":"EX","lat":53.8,"lon":-12,"wind_kt":55,"pressure_mb":973,"radius_34kt_nm":null},{"date":"19961028","time":"1200","status":"EX","lat":54,"lon":-7.5,"wind_kt":55,"pressure_mb":970,"radius_34kt_nm":null},{"date":"19961028","time":"1800","status":"EX","lat":54.5,"lon":-3.5,"wind_kt":55,"pressure_mb":970,"radius_34kt_nm":null},{"date":"19961029","time":"0000","status":"EX","lat":54,"lon":1,"wind_kt":55,"pressure_mb":976,"radius_34kt_nm":null}]}},{"type":"Feature","geometry":{"type":"LineString","coordinates":[[-77.5,10.5],[-78,11.3],[-78.5,12],[-78.9,12.8],[-79,13.5],[-79,14],[-79,14.3],[-79,14.7],[-79,15],[-79,15.5],[-79,15.8],[-79,16.2],[-79,16.5],[-79,17],[-79.8,16.8],[-80.5,16.3],[-80.8,15.8],[-81,15],[-81,14.9],[-81,14.7],[-81,14.6],[-81,14.5],[-81,14.2],[-80.9,13.8],[-80.7,13.5],[-80.2,13.5],[-79.5,13.8],[-78.5,13.8],[-77.8,14.2],[-77.4,14.6],[-77.1,14.9],[-76.8,15.1],[-76.6,15.3],[-76.5,15.6],[-76.3,15.8],[-76,15.9],[-75.4,15.9],[-75,15.9],[-74.7,16],[-74.5,15.9],[-74.5,15.7],[-74.8,15.6],[-76,15.8],[-77,15.9],[-78,16],[-78.9,16],[-80.2,16.7],[-81.5,17.5],[-82.6,18.3],[-83.5,19.2],[-84,19.7],[-84.4,20.1],[-84.3,20.1],[-84.8,19.6]]},"properties":{"id":"hur-al131996","event_type":"hurricane","name":"MARCO","year":1996,"max_wind_kt":65,"min_pressure_mb":983,"category":1,"preliminary":false,"start_date":"19961113","end_date":"19961126","track":[{"date":"19961113","time":"1200","status":"LO","lat":10.5,"lon":-77.5,"wind_kt":20,"pressure_mb":1009,"radius_34kt_nm":null},{"date":"19961113","time":"1800","status":"LO","lat":11.3,"lon":-78,"wind_kt":20,"pressure_mb":1009,"radius_34kt_nm":null},{"date":"19961114","time":"0000","status":"LO","lat":12,"lon":-78.5,"wind_kt":20,"pressure_mb":1009,"radius_34kt_nm":null},{"date":"19961114","time":"0600","status":"LO","lat":12.8,"lon":-78.9,"wind_kt":20,"pressure_mb":1009,"radius_34kt_nm":null},{"date":"19961114","time":"1200","status":"LO","lat":13.5,"lon":-79,"wind_kt":20,"pressure_mb":1008,"radius_34kt_nm":null},{"date":"19961114","time":"1800","status":"LO","lat":14,"lon":-79,"wind_kt":20,"pressure_mb":1008,"radius_34kt_nm":null},{"date":"19961115","time":"0000","status":"LO","lat":14.3,"lon":-79,"wind_kt":20,"pressure_mb":1008,"radius_34kt_nm":null},{"date":"19961115","time":"0600","status":"LO","lat":14.7,"lon":-79,"wind_kt":20,"pressure_mb":1008,"radius_34kt_nm":null},{"date":"19961115","time":"1200","status":"LO","lat":15,"lon":-79,"wind_kt":20,"pressure_mb":1008,"radius_34kt_nm":null},{"date":"19961115","time":"1800","status":"LO","lat":15.5,"lon":-79,"wind_kt":20,"pressure_mb":1008,"radius_34kt_nm":null},{"date":"19961116","time":"0000","status":"LO","lat":15.8,"lon":-79,"wind_kt":20,"pressure_mb":1008,"radius_34kt_nm":null},{"date":"19961116","time":"0600","status":"LO","lat":16.2,"lon":-79,"wind_kt":20,"pressure_mb":1008,"radius_34kt_nm":null},{"date":"19961116","time":"1200","status":"LO","lat":16.5,"lon":-79,"wind_kt":25,"pressure_mb":1007,"radius_34kt_nm":null},{"date":"19961116","time":"1800","status":"TD","lat":17,"lon":-79,"wind_kt":30,"pressure_mb":1007,"radius_34kt_nm":null},{"date":"19961117","time":"0000","status":"TD","lat":16.8,"lon":-79.8,"wind_kt":30,"pressure_mb":1007,"radius_34kt_nm":null},{"date":"19961117","time":"0600","status":"TD","lat":16.3,"lon":-80.5,"wind_kt":30,"pressure_mb":1007,"radius_34kt_nm":null},{"date":"19961117","time":"1200","status":"TD","lat":15.8,"lon":-80.8,"wind_kt":30,"pressure_mb":1007,"radius_34kt_nm":null},{"date":"19961117","time":"1800","status":"TD","lat":15,"lon":-81,"wind_kt":30,"pressure_mb":1006,"radius_34kt_nm":null},{"date":"19961118","time":"0000","status":"TD","lat":14.9,"lon":-81,"wind_kt":30,"pressure_mb":1006,"radius_34kt_nm":null},{"date":"19961118","time":"0600","status":"TD","lat":14.7,"lon":-81,"wind_kt":30,"pressure_mb":1005,"radius_34kt_nm":null},{"date":"19961118","time":"1200","status":"TD","lat":14.6,"lon":-81,"wind_kt":30,"pressure_mb":1004,"radius_34kt_nm":null},{"date":"19961118","time":"1800","status":"TD","lat":14.5,"lon":-81,"wind_kt":30,"pressure_mb":1003,"radius_34kt_nm":null},{"date":"19961119","time":"0000","status":"TD","lat":14.2,"lon":-81,"wind_kt":30,"pressure_mb":1001,"radius_34kt_nm":null},{"date":"19961119","time":"0600","status":"TS","lat":13.8,"lon":-80.9,"wind_kt":35,"pressure_mb":998,"radius_34kt_nm":null},{"date":"19961119","time":"1200","status":"TS","lat":13.5,"lon":-80.7,"wind_kt":45,"pressure_mb":997,"radius_34kt_nm":null},{"date":"19961119","time":"1800","status":"TS","lat":13.5,"lon":-80.2,"wind_kt":55,"pressure_mb":995,"radius_34kt_nm":null},{"date":"19961120","time":"0000","status":"TS","lat":13.8,"lon":-79.5,"wind_kt":60,"pressure_mb":990,"radius_34kt_nm":null},{"date":"19961120","time":"0600","status":"HU","lat":13.8,"lon":-78.5,"wind_kt":65,"pressure_mb":983,"radius_34kt_nm":null},{"date":"19961120","time":"1200","status":"HU","lat":14.2,"lon":-77.8,"wind_kt":65,"pressure_mb":989,"radius_34kt_nm":null},{"date":"19961120","time":"1800","status":"TS","lat":14.6,"lon":-77.4,"wind_kt":45,"pressure_mb":1000,"radius_34kt_nm":null},{"date":"19961121","time":"0000","status":"TS","lat":14.9,"lon":-77.1,"wind_kt":45,"pressure_mb":1000,"radius_34kt_nm":null},{"date":"19961121","time":"0600","status":"TS","lat":15.1,"lon":-76.8,"wind_kt":45,"pressure_mb":995,"radius_34kt_nm":null},{"date":"19961121","time":"1200","status":"TS","lat":15.3,"lon":-76.6,"wind_kt":50,"pressure_mb":993,"radius_34kt_nm":null},{"date":"19961121","time":"1800","status":"TS","lat":15.6,"lon":-76.5,"wind_kt":50,"pressure_mb":995,"radius_34kt_nm":null},{"date":"19961122","time":"0000","status":"TS","lat":15.8,"lon":-76.3,"wind_kt":55,"pressure_mb":992,"radius_34kt_nm":null},{"date":"19961122","time":"0600","status":"TS","lat":15.9,"lon":-76,"wind_kt":55,"pressure_mb":985,"radius_34kt_nm":null},{"date":"19961122","time":"1200","status":"TS","lat":15.9,"lon":-75.4,"wind_kt":60,"pressure_mb":987,"radius_34kt_nm":null},{"date":"19961122","time":"1800","status":"TS","lat":15.9,"lon":-75,"wind_kt":50,"pressure_mb":995,"radius_34kt_nm":null},{"date":"19961123","time":"0000","status":"TS","lat":16,"lon":-74.7,"wind_kt":45,"pressure_mb":995,"radius_34kt_nm":null},{"date":"19961123","time":"0600","status":"TS","lat":15.9,"lon":-74.5,"wind_kt":35,"pressure_mb":995,"radius_34kt_nm":null},{"date":"19961123","time":"1200","status":"TS","lat":15.7,"lon":-74.5,"wind_kt":35,"pressure_mb":995,"radius_34kt_nm":null},{"date":"19961123","time":"1800","status":"TD","lat":15.6,"lon":-74.8,"wind_kt":30,"pressure_mb":1000,"radius_34kt_nm":null},{"date":"19961124","time":"0000","status":"TD","lat":15.8,"lon":-76,"wind_kt":30,"pressure_mb":1002,"radius_34kt_nm":null},{"date":"19961124","time":"0600","status":"TD","lat":15.9,"lon":-77,"wind_kt":30,"pressure_mb":1003,"radius_34kt_nm":null},{"date":"19961124","time":"1200","status":"TS","lat":16,"lon":-78,"wind_kt":35,"pressure_mb":1003,"radius_34kt_nm":null},{"date":"19961124","time":"1800","status":"TS","lat":16,"lon":-78.9,"wind_kt":35,"pressure_mb":1003,"radius_34kt_nm":null},{"date":"19961125","time":"0000","status":"TS","lat":16.7,"lon":-80.2,"wind_kt":45,"pressure_mb":1002,"radius_34kt_nm":null},{"date":"19961125","time":"0600","status":"TS","lat":17.5,"lon":-81.5,"wind_kt":50,"pressure_mb":1002,"radius_34kt_nm":null},{"date":"19961125","time":"1200","status":"TS","lat":18.3,"lon":-82.6,"wind_kt":55,"pressure_mb":1001,"radius_34kt_nm":null},{"date":"19961125","time":"1800","status":"TS","lat":19.2,"lon":-83.5,"wind_kt":45,"pressure_mb":1009,"radius_34kt_nm":null},{"date":"19961126","time":"0000","status":"TS","lat":19.7,"lon":-84,"wind_kt":40,"pressure_mb":1009,"radius_34kt_nm":null},{"date":"19961126","time":"0600","status":"TS","lat":20.1,"lon":-84.4,"wind_kt":35,"pressure_mb":1010,"radius_34kt_nm":null},{"date":"19961126","time":"1200","status":"TD","lat":20.1,"lon":-84.3,"wind_kt":30,"pressure_mb":1010,"radius_34kt_nm":null},{"date":"19961126","time":"1800","status":"TD","lat":19.6,"lon":-84.8,"wind_kt":25,"pressure_mb":1010,"radius_34kt_nm":null}]}},{"type":"Feature","geometry":{"type":"LineString","coordinates":[[-77.4,28.5],[-77.1,29.5],[-76.3,31.2],[-75.3,33.2],[-74.1,35.5],[-72.2,37.6],[-70.4,39.5],[-68.4,40],[-66.3,40]]},"properties":{"id":"hur-al011997","event_type":"hurricane","name":null,"year":1997,"max_wind_kt":45,"min_pressure_mb":1003,"category":0,"preliminary":false,"start_date":"19970531","end_date":"19970602","track":[{"date":"19970531","time":"1800","status":"LO","lat":28.5,"lon":-77.4,"wind_kt":25,"pressure_mb":1011,"radius_34kt_nm":null},{"date":"19970601","time":"0000","status":"LO","lat":29.5,"lon":-77.1,"wind_kt":25,"pressure_mb":1009,"radius_34kt_nm":null},{"date":"19970601","time":"0600","status":"SD","lat":31.2,"lon":-76.3,"wind_kt":30,"pressure_mb":1006,"radius_34kt_nm":null},{"date":"19970601","time":"1200","status":"SS","lat":33.2,"lon":-75.3,"wind_kt":35,"pressure_mb":1003,"radius_34kt_nm":null},{"date":"19970601","time":"1800","status":"SS","lat":35.5,"lon":-74.1,"wind_kt":45,"pressure_mb":1004,"radius_34kt_nm":null},{"date":"19970602","time":"0000","status":"SS","lat":37.6,"lon":-72.2,"wind_kt":45,"pressure_mb":1006,"radius_34kt_nm":null},{"date":"19970602","time":"0600","status":"SS","lat":39.5,"lon":-70.4,"wind_kt":40,"pressure_mb":1008,"radius_34kt_nm":null},{"date":"19970602","time":"1200","status":"SS","lat":40,"lon":-68.4,"wind_kt":35,"pressure_mb":1009,"radius_34kt_nm":null},{"date":"19970602","time":"1800","status":"EX","lat":40,"lon":-66.3,"wind_kt":30,"pressure_mb":1012,"radius_34kt_nm":null}]}},{"type":"Feature","geometry":{"type":"LineString","coordinates":[[-77.2,32],[-76.6,32],[-76,31.9],[-75.4,31.8],[-74.6,31.7],[-73.8,31.4],[-72.9,31.4],[-72,31.7],[-71.2,32.1],[-70.5,32.7],[-69.8,33.5],[-69.2,34.4],[-68.4,35.2],[-67.5,36.1],[-66.2,36.9],[-64.5,37.7],[-62.4,38.4],[-59.5,39.5],[-58,41]]},"properties":{"id":"hur-al021997","event_type":"hurricane","name":"ANA","year":1997,"max_wind_kt":40,"min_pressure_mb":1000,"category":0,"preliminary":false,"start_date":"19970630","end_date":"19970705","track":[{"date":"19970630","time":"1200","status":"TD","lat":32,"lon":-77.2,"wind_kt":30,"pressure_mb":1013,"radius_34kt_nm":null},{"date":"19970630","time":"1800","status":"TD","lat":32,"lon":-76.6,"wind_kt":30,"pressure_mb":1011,"radius_34kt_nm":null},{"date":"19970701","time":"0000","status":"TD","lat":31.9,"lon":-76,"wind_kt":30,"pressure_mb":1009,"radius_34kt_nm":null},{"date":"19970701","time":"0600","status":"TS","lat":31.8,"lon":-75.4,"wind_kt":35,"pressure_mb":1006,"radius_34kt_nm":null},{"date":"19970701","time":"1200","status":"TS","lat":31.7,"lon":-74.6,"wind_kt":40,"pressure_mb":1004,"radius_34kt_nm":null},{"date":"19970701","time":"1800","status":"TS","lat":31.4,"lon":-73.8,"wind_kt":40,"pressure_mb":1002,"radius_34kt_nm":null},{"date":"19970702","time":"0000","status":"TS","lat":31.4,"lon":-72.9,"wind_kt":40,"pressure_mb":1000,"radius_34kt_nm":null},{"date":"19970702","time":"0600","status":"TS","lat":31.7,"lon":-72,"wind_kt":35,"pressure_mb":1000,"radius_34kt_nm":null},{"date":"19970702","time":"1200","status":"TS","lat":32.1,"lon":-71.2,"wind_kt":35,"pressure_mb":1000,"radius_34kt_nm":null},{"date":"19970702","time":"1800","status":"TS","lat":32.7,"lon":-70.5,"wind_kt":35,"pressure_mb":1000,"radius_34kt_nm":null},{"date":"19970703","time":"0000","status":"TS","lat":33.5,"lon":-69.8,"wind_kt":35,"pressure_mb":1001,"radius_34kt_nm":null},{"date":"19970703","time":"0600","status":"TS","lat":34.4,"lon":-69.2,"wind_kt":35,"pressure_mb":1001,"radius_34kt_nm":null},{"date":"19970703","time":"1200","status":"TS","lat":35.2,"lon":-68.4,"wind_kt":35,"pressure_mb":1002,"radius_34kt_nm":null},{"date":"19970703","time":"1800","status":"TD","lat":36.1,"lon":-67.5,"wind_kt":30,"pressure_mb":1002,"radius_34kt_nm":null},{"date":"19970704","time":"0000","status":"TD","lat":36.9,"lon":-66.2,"wind_kt":25,"pressure_mb":1003,"radius_34kt_nm":null},{"date":"19970704","time":"0600","status":"EX","lat":37.7,"lon":-64.5,"wind_kt":25,"pressure_mb":1003,"radius_34kt_nm":null},{"date":"19970704","time":"1200","status":"EX","lat":38.4,"lon":-62.4,"wind_kt":25,"pressure_mb":1004,"radius_34kt_nm":null},{"date":"19970704","time":"1800","status":"EX","lat":39.5,"lon":-59.5,"wind_kt":25,"pressure_mb":1004,"radius_34kt_nm":null},{"date":"19970705","time":"0000","status":"EX","lat":41,"lon":-58,"wind_kt":25,"pressure_mb":1005,"radius_34kt_nm":null}]}},{"type":"Feature","geometry":{"type":"LineString","coordinates":[[-69.9,30.4],[-68.9,31.8],[-67.6,33.1],[-65.8,34.7],[-63.6,36.3],[-61.1,37.9],[-60,38.8],[-58.4,39.6],[-55.4,41.6],[-53,44]]},"properties":{"id":"hur-al031997","event_type":"hurricane","name":"BILL","year":1997,"max_wind_kt":65,"min_pressure_mb":986,"category":1,"preliminary":false,"start_date":"19970711","end_date":"19970713","track":[{"date":"19970711","time":"0600","status":"TD","lat":30.4,"lon":-69.9,"wind_kt":30,"pressure_mb":1014,"radius_34kt_nm":null},{"date":"19970711","time":"1200","status":"TS","lat":31.8,"lon":-68.9,"wind_kt":40,"pressure_mb":1013,"radius_34kt_nm":null},{"date":"19970711","time":"1800","status":"TS","lat":33.1,"lon":-67.6,"wind_kt":45,"pressure_mb":1010,"radius_34kt_nm":null},{"date":"19970712","time":"0000","status":"TS","lat":34.7,"lon":-65.8,"wind_kt":50,"pressure_mb":1005,"radius_34kt_nm":null},{"date":"19970712","time":"0600","status":"TS","lat":36.3,"lon":-63.6,"wind_kt":60,"pressure_mb":995,"radius_34kt_nm":null},{"date":"19970712","time":"1200","status":"HU","lat":37.9,"lon":-61.1,"wind_kt":65,"pressure_mb":987,"radius_34kt_nm":null},{"date":"19970712","time":"1500","status":"HU","lat":38.8,"lon":-60,"wind_kt":65,"pressure_mb":986,"radius_34kt_nm":null},{"date":"19970712","time":"1800","status":"HU","lat":39.6,"lon":-58.4,"wind_kt":65,"pressure_mb":987,"radius_34kt_nm":null},{"date":"19970713","time":"0000","status":"TS","lat":41.6,"lon":-55.4,"wind_kt":60,"pressure_mb":990,"radius_34kt_nm":null},{"date":"19970713","time":"0600","status":"TS","lat":44,"lon":-53,"wind_kt":40,"pressure_mb":990,"radius_34kt_nm":null}]}},{"type":"Feature","geometry":{"type":"LineString","coordinates":[[-73.6,31.3],[-73.3,31.3],[-73.1,31.6],[-73,31.9],[-73,32.3],[-72.9,32.7],[-72.7,33.4],[-72.6,34],[-71.8,34.9],[-70.9,35.6],[-69.3,36.2],[-67.2,36.6],[-64.9,36.7],[-62.7,36.6],[-60.5,36.3],[-57.9,35.9]]},"properties":{"id":"hur-al041997","event_type":"hurricane","name":"CLAUDETTE","year":1997,"max_wind_kt":40,"min_pressure_mb":1003,"category":0,"preliminary":false,"start_date":"19970713","end_date":"19970716","track":[{"date":"19970713","time":"0000","status":"EX","lat":31.3,"lon":-73.6,"wind_kt":25,"pressure_mb":1012,"radius_34kt_nm":null},{"date":"19970713","time":"0600","status":"TD","lat":31.3,"lon":-73.3,"wind_kt":25,"pressure_mb":1011,"radius_34kt_nm":null},{"date":"19970713","time":"1200","status":"TD","lat":31.6,"lon":-73.1,"wind_kt":30,"pressure_mb":1008,"radius_34kt_nm":null},{"date":"19970713","time":"1800","status":"TS","lat":31.9,"lon":-73,"wind_kt":40,"pressure_mb":1004,"radius_34kt_nm":null},{"date":"19970714","time":"0000","status":"TS","lat":32.3,"lon":-73,"wind_kt":40,"pressure_mb":1003,"radius_34kt_nm":null},{"date":"19970714","time":"0600","status":"TS","lat":32.7,"lon":-72.9,"wind_kt":40,"pressure_mb":1003,"radius_34kt_nm":null},{"date":"19970714","time":"1200","status":"TS","lat":33.4,"lon":-72.7,"wind_kt":40,"pressure_mb":1004,"radius_34kt_nm":null},{"date":"19970714","time":"1800","status":"TS","lat":34,"lon":-72.6,"wind_kt":40,"pressure_mb":1005,"radius_34kt_nm":null},{"date":"19970715","time":"0000","status":"TS","lat":34.9,"lon":-71.8,"wind_kt":35,"pressure_mb":1005,"radius_34kt_nm":null},{"date":"19970715","time":"0600","status":"TS","lat":35.6,"lon":-70.9,"wind_kt":35,"pressure_mb":1006,"radius_34kt_nm":null},{"date":"19970715","time":"1200","status":"TS","lat":36.2,"lon":-69.3,"wind_kt":40,"pressure_mb":1009,"radius_34kt_nm":null},{"date":"19970715","time":"1800","status":"TS","lat":36.6,"lon":-67.2,"wind_kt":35,"pressure_mb":1009,"radius_34kt_nm":null},{"date":"19970716","time":"0000","status":"TD","lat":36.7,"lon":-64.9,"wind_kt":30,"pressure_mb":1009,"radius_34kt_nm":null},{"date":"19970716","time":"0600","status":"TS","lat":36.6,"lon":-62.7,"wind_kt":35,"pressure_mb":1006,"radius_34kt_nm":null},{"date":"19970716","time":"1200","status":"TS","lat":36.3,"lon":-60.5,"wind_kt":35,"pressure_mb":1007,"radius_34kt_nm":null},{"date":"19970716","time":"1800","status":"EX","lat":35.9,"lon":-57.9,"wind_kt":30,"pressure_mb":1009,"radius_34kt_nm":null}]}},{"type":"Feature","geometry":{"type":"LineString","coordinates":[[-92.6,27.4],[-92.5,27.5],[-92.3,27.7],[-92,27.9],[-91.4,28.3],[-91,28.6],[-90.2,28.9],[-89.9,29.2],[-89.7,29.3],[-89.4,29.5],[-89,29.7],[-88.4,29.8],[-88.1,30.1],[-88.1,30.2],[-88,30.3],[-87.9,30.4],[-87.6,30.3],[-87.5,30.4],[-87.4,30.6],[-87.4,30.8],[-87.5,31],[-87.6,31.3],[-87.6,31.7],[-87.2,32.1],[-87.1,32.9],[-86.8,33.2],[-86.6,33.4],[-86.3,33.7],[-86,34],[-85.2,34.1],[-84.5,34.2],[-83.7,34.3],[-82.4,34.4],[-80.7,34.6],[-79.2,35.2],[-76.7,36.4],[-73.5,37.5],[-71.6,38.6],[-70.4,40],[-69.9,40.7],[-69.6,40.7],[-68,40.4],[-65.6,40.6],[-63,41],[-60.4,41.7],[-56,42.8],[-48,44]]},"properties":{"id":"hur-al051997","event_type":"hurricane","name":"DANNY","year":1997,"max_wind_kt":70,"min_pressure_mb":984,"category":1,"preliminary":false,"start_date":"19970716","end_date":"19970727","track":[{"date":"19970716","time":"1200","status":"TD","lat":27.4,"lon":-92.6,"wind_kt":25,"pressure_mb":1013,"radius_34kt_nm":null},{"date":"19970716","time":"1800","status":"TD","lat":27.5,"lon":-92.5,"wind_kt":30,"pressure_mb":1013,"radius_34kt_nm":null},{"date":"19970717","time":"0000","status":"TD","lat":27.7,"lon":-92.3,"wind_kt":30,"pressure_mb":1011,"radius_34kt_nm":null},{"date":"19970717","time":"0600","status":"TD","lat":27.9,"lon":-92,"wind_kt":30,"pressure_mb":1007,"radius_34kt_nm":null},{"date":"19970717","time":"1200","status":"TS","lat":28.3,"lon":-91.4,"wind_kt":40,"pressure_mb":1003,"radius_34kt_nm":null},{"date":"19970717","time":"1800","status":"TS","lat":28.6,"lon":-91,"wind_kt":50,"pressure_mb":1002,"radius_34kt_nm":null},{"date":"19970718","time":"0000","status":"TS","lat":28.9,"lon":-90.2,"wind_kt":55,"pressure_mb":997,"radius_34kt_nm":null},{"date":"19970718","time":"0600","status":"HU","lat":29.2,"lon":-89.9,"wind_kt":65,"pressure_mb":992,"radius_34kt_nm":null},{"date":"19970718","time":"0900","status":"HU","lat":29.3,"lon":-89.7,"wind_kt":65,"pressure_mb":989,"radius_34kt_nm":null},{"date":"19970718","time":"1200","status":"HU","lat":29.5,"lon":-89.4,"wind_kt":70,"pressure_mb":990,"radius_34kt_nm":null},{"date":"19970718","time":"1800","status":"HU","lat":29.7,"lon":-89,"wind_kt":70,"pressure_mb":988,"radius_34kt_nm":null},{"date":"19970719","time":"0000","status":"HU","lat":29.8,"lon":-88.4,"wind_kt":70,"pressure_mb":984,"radius_34kt_nm":null},{"date":"19970719","time":"0600","status":"HU","lat":30.1,"lon":-88.1,"wind_kt":65,"pressure_mb":987,"radius_34kt_nm":null},{"date":"19970719","time":"1000","status":"HU","lat":30.2,"lon":-88.1,"wind_kt":70,"pressure_mb":984,"radius_34kt_nm":null},{"date":"19970719","time":"1200","status":"HU","lat":30.3,"lon":-88,"wind_kt":70,"pressure_mb":984,"radius_34kt_nm":null},{"date":"19970719","time":"1800","status":"HU","lat":30.4,"lon":-87.9,"wind_kt":65,"pressure_mb":986,"radius_34kt_nm":null},{"date":"19970720","time":"0000","status":"TS","lat":30.3,"lon":-87.6,"wind_kt":60,"pressure_mb":991,"radius_34kt_nm":null},{"date":"19970720","time":"0600","status":"TS","lat":30.4,"lon":-87.5,"wind_kt":45,"pressure_mb":998,"radius_34kt_nm":null},{"date":"19970720","time":"1200","status":"TS","lat":30.6,"lon":-87.4,"wind_kt":35,"pressure_mb":1001,"radius_34kt_nm":null},{"date":"19970720","time":"1800","status":"TD","lat":30.8,"lon":-87.4,"wind_kt":30,"pressure_mb":1004,"radius_34kt_nm":null},{"date":"19970721","time":"0000","status":"TD","lat":31,"lon":-87.5,"wind_kt":25,"pressure_mb":1006,"radius_34kt_nm":null},{"date":"19970721","time":"0600","status":"TD","lat":31.3,"lon":-87.6,"wind_kt":20,"pressure_mb":1009,"radius_34kt_nm":null},{"date":"19970721","time":"1200","status":"TD","lat":31.7,"lon":-87.6,"wind_kt":20,"pressure_mb":1010,"radius_34kt_nm":null},{"date":"19970721","time":"1800","status":"TD","lat":32.1,"lon":-87.2,"wind_kt":20,"pressure_mb":1011,"radius_34kt_nm":null},{"date":"19970722","time":"0000","status":"TD","lat":32.9,"lon":-87.1,"wind_kt":20,"pressure_mb":1011,"radius_34kt_nm":null},{"date":"19970722","time":"0600","status":"TD","lat":33.2,"lon":-86.8,"wind_kt":20,"pressure_mb":1012,"radius_34kt_nm":null},{"date":"19970722","time":"1200","status":"TD","lat":33.4,"lon":-86.6,"wind_kt":20,"pressure_mb":1013,"radius_34kt_nm":null},{"date":"19970722","time":"1800","status":"TD","lat":33.7,"lon":-86.3,"wind_kt":20,"pressure_mb":1013,"radius_34kt_nm":null},{"date":"19970723","time":"0000","status":"TD","lat":34,"lon":-86,"wind_kt":20,"pressure_mb":1012,"radius_34kt_nm":null},{"date":"19970723","time":"0600","status":"TD","lat":34.1,"lon":-85.2,"wind_kt":20,"pressure_mb":1012,"radius_34kt_nm":null},{"date":"19970723","time":"1200","status":"TD","lat":34.2,"lon":-84.5,"wind_kt":20,"pressure_mb":1012,"radius_34kt_nm":null},{"date":"19970723","time":"1800","status":"TD","lat":34.3,"lon":-83.7,"wind_kt":20,"pressure_mb":1012,"radius_34kt_nm":null},{"date":"19970724","time":"0000","status":"TD","lat":34.4,"lon":-82.4,"wind_kt":20,"pressure_mb":1012,"radius_34kt_nm":null},{"date":"19970724","time":"0600","status":"TD","lat":34.6,"lon":-80.7,"wind_kt":20,"pressure_mb":1010,"radius_34kt_nm":null},{"date":"19970724","time":"1200","status":"TD","lat":35.2,"lon":-79.2,"wind_kt":30,"pressure_mb":1004,"radius_34kt_nm":null},{"date":"19970724","time":"1800","status":"TS","lat":36.4,"lon":-76.7,"wind_kt":40,"pressure_mb":1000,"radius_34kt_nm":null},{"date":"19970725","time":"0000","status":"TS","lat":37.5,"lon":-73.5,"wind_kt":50,"pressure_mb":996,"radius_34kt_nm":null},{"date":"19970725","time":"0600","status":"TS","lat":38.6,"lon":-71.6,"wind_kt":50,"pressure_mb":995,"radius_34kt_nm":null},{"date":"19970725","time":"1200","status":"TS","lat":40,"lon":-70.4,"wind_kt":50,"pressure_mb":995,"radius_34kt_nm":null},{"date":"19970725","time":"1800","status":"TS","lat":40.7,"lon":-69.9,"wind_kt":50,"pressure_mb":994,"radius_34kt_nm":null},{"date":"19970726","time":"0000","status":"TS","lat":40.7,"lon":-69.6,"wind_kt":45,"pressure_mb":995,"radius_34kt_nm":null},{"date":"19970726","time":"0600","status":"EX","lat":40.4,"lon":-68,"wind_kt":45,"pressure_mb":998,"radius_34kt_nm":null},{"date":"19970726","time":"1200","status":"EX","lat":40.6,"lon":-65.6,"wind_kt":40,"pressure_mb":1003,"radius_34kt_nm":null},{"date":"19970726","time":"1800","status":"EX","lat":41,"lon":-63,"wind_kt":40,"pressure_mb":1004,"radius_34kt_nm":null},{"date":"19970727","time":"0000","status":"EX","lat":41.7,"lon":-60.4,"wind_kt":40,"pressure_mb":1004,"radius_34kt_nm":null},{"date":"19970727","time":"0600","status":"EX","lat":42.8,"lon":-56,"wind_kt":40,"pressure_mb":1004,"radius_34kt_nm":null},{"date":"19970727","time":"1200","status":"EX","lat":44,"lon":-48,"wind_kt":30,"pressure_mb":1005,"radius_34kt_nm":null}]}},{"type":"Feature","geometry":{"type":"LineString","coordinates":[[-51.5,12],[-52.7,12.5],[-54,13],[-55.3,13.6],[-56.6,14.1],[-57.8,14.6],[-58.9,14.8],[-60,15]]},"properties":{"id":"hur-al061997","event_type":"hurricane","name":null,"year":1997,"max_wind_kt":30,"min_pressure_mb":1008,"category":-1,"preliminary":false,"start_date":"19970717","end_date":"19970719","track":[{"date":"19970717","time":"0600","status":"TD","lat":12,"lon":-51.5,"wind_kt":25,"pressure_mb":1009,"radius_34kt_nm":null},{"date":"19970717","time":"1200","status":"TD","lat":12.5,"lon":-52.7,"wind_kt":30,"pressure_mb":1008,"radius_34kt_nm":null},{"date":"19970717","time":"1800","status":"TD","lat":13,"lon":-54,"wind_kt":30,"pressure_mb":1009,"radius_34kt_nm":null},{"date":"19970718","time":"0000","status":"TD","lat":13.6,"lon":-55.3,"wind_kt":30,"pressure_mb":1009,"radius_34kt_nm":null},{"date":"19970718","time":"0600","status":"TD","lat":14.1,"lon":-56.6,"wind_kt":30,"pressure_mb":1011,"radius_34kt_nm":null},{"date":"19970718","time":"1200","status":"TD","lat":14.6,"lon":-57.8,"wind_kt":30,"pressure_mb":1012,"radius_34kt_nm":null},{"date":"19970718","time":"1800","status":"TD","lat":14.8,"lon":-58.9,"wind_kt":30,"pressure_mb":1013,"radius_34kt_nm":null},{"date":"19970719","time":"0000","status":"TD","lat":15,"lon":-60,"wind_kt":25,"pressure_mb":1013,"radius_34kt_nm":null}]}},{"type":"Feature","geometry":{"type":"LineString","coordinates":[[-44.1,10.9],[-45.5,11.5],[-47.1,12.3],[-48.5,13.1],[-49.9,13.9],[-51.7,14.6],[-53.7,15.2],[-55.3,15.6],[-56.4,16],[-57.4,16.4],[-58.3,17],[-59.2,17.5],[-60,18.1],[-60.9,18.6],[-61.7,19],[-62.4,19.4],[-62.8,19.7],[-63.1,20.2],[-63.2,20.6],[-63.2,21.2],[-63.2,21.8],[-62.9,22.5],[-62.5,23.2],[-62,24.1],[-61.4,25.2],[-60.8,26.5],[-60.2,27.9],[-59.6,29.3],[-58.9,30.8],[-58.3,32.2],[-57.5,33.6],[-56.4,34.8],[-55.1,35.7],[-53.6,36.4],[-51.9,37.1],[-49.9,37.6],[-48,38],[-46.2,38.5],[-44.9,38.9],[-44,39],[-43.2,38.9],[-42.3,38.5],[-41.3,38.1],[-40.2,37.8],[-39.1,37.6],[-37.9,37.6],[-36.5,37.8],[-35,38.2],[-33.4,38.9],[-31.7,39.7],[-29.9,40.9],[-28.2,42.2],[-26.5,43.5],[-24.5,45],[-22.5,46],[-21,46.8],[-20,47],[-19,46.5],[-20,46],[-19.8,47.2],[-19,48],[-18,48.5],[-17.5,48.8],[-17,48.9],[-16.2,48.9],[-15.3,49],[-14,49]]},"properties":{"id":"hur-al071997","event_type":"hurricane","name":"ERIKA","year":1997,"max_wind_kt":110,"min_pressure_mb":946,"category":3,"preliminary":false,"start_date":"19970903","end_date":"19970919","track":[{"date":"19970903","time":"0600","status":"TD","lat":10.9,"lon":-44.1,"wind_kt":30,"pressure_mb":1006,"radius_34kt_nm":null},{"date":"19970903","time":"1200","status":"TD","lat":11.5,"lon":-45.5,"wind_kt":30,"pressure_mb":1005,"radius_34kt_nm":null},{"date":"19970903","time":"1800","status":"TS","lat":12.3,"lon":-47.1,"wind_kt":35,"pressure_mb":1004,"radius_34kt_nm":null},{"date":"19970904","time":"0000","status":"TS","lat":13.1,"lon":-48.5,"wind_kt":40,"pressure_mb":1002,"radius_34kt_nm":null},{"date":"19970904","time":"0600","status":"TS","lat":13.9,"lon":-49.9,"wind_kt":50,"pressure_mb":1001,"radius_34kt_nm":null},{"date":"19970904","time":"1200","status":"TS","lat":14.6,"lon":-51.7,"wind_kt":55,"pressure_mb":1000,"radius_34kt_nm":null},{"date":"19970904","time":"1800","status":"HU","lat":15.2,"lon":-53.7,"wind_kt":65,"pressure_mb":999,"radius_34kt_nm":null},{"date":"19970905","time":"0000","status":"HU","lat":15.6,"lon":-55.3,"wind_kt":65,"pressure_mb":998,"radius_34kt_nm":null},{"date":"19970905","time":"0600","status":"HU","lat":16,"lon":-56.4,"wind_kt":65,"pressure_mb":997,"radius_34kt_nm":null},{"date":"19970905","time":"1200","status":"HU","lat":16.4,"lon":-57.4,"wind_kt":65,"pressure_mb":996,"radius_34kt_nm":null},{"date":"19970905","time":"1800","status":"HU","lat":17,"lon":-58.3,"wind_kt":65,"pressure_mb":990,"radius_34kt_nm":null},{"date":"19970906","time":"0000","status":"HU","lat":17.5,"lon":-59.2,"wind_kt":65,"pressure_mb":988,"radius_34kt_nm":null},{"date":"19970906","time":"0600","status":"HU","lat":18.1,"lon":-60,"wind_kt":70,"pressure_mb":986,"radius_34kt_nm":null},{"date":"19970906","time":"1200","status":"HU","lat":18.6,"lon":-60.9,"wind_kt":70,"pressure_mb":982,"radius_34kt_nm":null},{"date":"19970906","time":"1800","status":"HU","lat":19,"lon":-61.7,"wind_kt":75,"pressure_mb":980,"radius_34kt_nm":null},{"date":"19970907","time":"0000","status":"HU","lat":19.4,"lon":-62.4,"wind_kt":75,"pressure_mb":979,"radius_34kt_nm":null},{"date":"19970907","time":"0600","status":"HU","lat":19.7,"lon":-62.8,"wind_kt":75,"pressure_mb":978,"radius_34kt_nm":null},{"date":"19970907","time":"1200","status":"HU","lat":20.2,"lon":-63.1,"wind_kt":75,"pressure_mb":975,"radius_34kt_nm":null},{"date":"19970907","time":"1800","status":"HU","lat":20.6,"lon":-63.2,"wind_kt":90,"pressure_mb":970,"radius_34kt_nm":null},{"date":"19970908","time":"0000","status":"HU","lat":21.2,"lon":-63.2,"wind_kt":95,"pressure_mb":966,"radius_34kt_nm":null},{"date":"19970908","time":"0600","status":"HU","lat":21.8,"lon":-63.2,"wind_kt":100,"pressure_mb":961,"radius_34kt_nm":null},{"date":"19970908","time":"1200","status":"HU","lat":22.5,"lon":-62.9,"wind_kt":105,"pressure_mb":957,"radius_34kt_nm":null},{"date":"19970908","time":"1800","status":"HU","lat":23.2,"lon":-62.5,"wind_kt":110,"pressure_mb":952,"radius_34kt_nm":null},{"date":"19970909","time":"0000","status":"HU","lat":24.1,"lon":-62,"wind_kt":110,"pressure_mb":948,"radius_34kt_nm":null},{"date":"19970909","time":"0600","status":"HU","lat":25.2,"lon":-61.4,"wind_kt":110,"pressure_mb":946,"radius_34kt_nm":null},{"date":"19970909","time":"1200","status":"HU","lat":26.5,"lon":-60.8,"wind_kt":110,"pressure_mb":947,"radius_34kt_nm":null},{"date":"19970909","time":"1800","status":"HU","lat":27.9,"lon":-60.2,"wind_kt":110,"pressure_mb":951,"radius_34kt_nm":null},{"date":"19970910","time":"0000","status":"HU","lat":29.3,"lon":-59.6,"wind_kt":105,"pressure_mb":955,"radius_34kt_nm":null},{"date":"19970910","time":"0600","status":"HU","lat":30.8,"lon":-58.9,"wind_kt":100,"pressure_mb":960,"radius_34kt_nm":null},{"date":"19970910","time":"1200","status":"HU","lat":32.2,"lon":-58.3,"wind_kt":95,"pressure_mb":965,"radius_34kt_nm":null},{"date":"19970910","time":"1800","status":"HU","lat":33.6,"lon":-57.5,"wind_kt":90,"pressure_mb":970,"radius_34kt_nm":null},{"date":"19970911","time":"0000","status":"HU","lat":34.8,"lon":-56.4,"wind_kt":80,"pressure_mb":973,"radius_34kt_nm":null},{"date":"19970911","time":"0600","status":"HU","lat":35.7,"lon":-55.1,"wind_kt":75,"pressure_mb":977,"radius_34kt_nm":null},{"date":"19970911","time":"1200","status":"HU","lat":36.4,"lon":-53.6,"wind_kt":70,"pressure_mb":984,"radius_34kt_nm":null},{"date":"19970911","time":"1800","status":"HU","lat":37.1,"lon":-51.9,"wind_kt":65,"pressure_mb":988,"radius_34kt_nm":null},{"date":"19970912","time":"0000","status":"TS","lat":37.6,"lon":-49.9,"wind_kt":60,"pressure_mb":990,"radius_34kt_nm":null},{"date":"19970912","time":"0600","status":"TS","lat":38,"lon":-48,"wind_kt":55,"pressure_mb":994,"radius_34kt_nm":null},{"date":"19970912","time":"1200","status":"TS","lat":38.5,"lon":-46.2,"wind_kt":55,"pressure_mb":995,"radius_34kt_nm":null},{"date":"19970912","time":"1800","status":"TS","lat":38.9,"lon":-44.9,"wind_kt":50,"pressure_mb":995,"radius_34kt_nm":null},{"date":"19970913","time":"0000","status":"TS","lat":39,"lon":-44,"wind_kt":45,"pressure_mb":995,"radius_34kt_nm":null},{"date":"19970913","time":"0600","status":"TS","lat":38.9,"lon":-43.2,"wind_kt":45,"pressure_mb":995,"radius_34kt_nm":null},{"date":"19970913","time":"1200","status":"TS","lat":38.5,"lon":-42.3,"wind_kt":45,"pressure_mb":995,"radius_34kt_nm":null},{"date":"19970913","time":"1800","status":"TS","lat":38.1,"lon":-41.3,"wind_kt":45,"pressure_mb":995,"radius_34kt_nm":null},{"date":"19970914","time":"0000","status":"TS","lat":37.8,"lon":-40.2,"wind_kt":45,"pressure_mb":995,"radius_34kt_nm":null},{"date":"19970914","time":"0600","status":"TS","lat":37.6,"lon":-39.1,"wind_kt":50,"pressure_mb":992,"radius_34kt_nm":null},{"date":"19970914","time":"1200","status":"TS","lat":37.6,"lon":-37.9,"wind_kt":55,"pressure_mb":989,"radius_34kt_nm":null},{"date":"19970914","time":"1800","status":"TS","lat":37.8,"lon":-36.5,"wind_kt":55,"pressure_mb":987,"radius_34kt_nm":null},{"date":"19970915","time":"0000","status":"TS","lat":38.2,"lon":-35,"wind_kt":60,"pressure_mb":984,"radius_34kt_nm":null},{"date":"19970915","time":"0600","status":"TS","lat":38.9,"lon":-33.4,"wind_kt":55,"pressure_mb":984,"radius_34kt_nm":null},{"date":"19970915","time":"1200","status":"TS","lat":39.7,"lon":-31.7,"wind_kt":50,"pressure_mb":983,"radius_34kt_nm":null},{"date":"19970915","time":"1800","status":"TS","lat":40.9,"lon":-29.9,"wind_kt":50,"pressure_mb":984,"radius_34kt_nm":null},{"date":"19970916","time":"0000","status":"EX","lat":42.2,"lon":-28.2,"wind_kt":50,"pressure_mb":985,"radius_34kt_nm":null},{"date":"19970916","time":"0600","status":"EX","lat":43.5,"lon":-26.5,"wind_kt":50,"pressure_mb":987,"radius_34kt_nm":null},{"date":"19970916","time":"1200","status":"EX","lat":45,"lon":-24.5,"wind_kt":50,"pressure_mb":989,"radius_34kt_nm":null},{"date":"19970916","time":"1800","status":"EX","lat":46,"lon":-22.5,"wind_kt":55,"pressure_mb":991,"radius_34kt_nm":null},{"date":"19970917","time":"0000","status":"EX","lat":46.8,"lon":-21,"wind_kt":60,"pressure_mb":993,"radius_34kt_nm":null},{"date":"19970917","time":"0600","status":"EX","lat":47,"lon":-20,"wind_kt":60,"pressure_mb":994,"radius_34kt_nm":null},{"date":"19970917","time":"1200","status":"EX","lat":46.5,"lon":-19,"wind_kt":60,"pressure_mb":992,"radius_34kt_nm":null},{"date":"19970917","time":"1800","status":"EX","lat":46,"lon":-20,"wind_kt":55,"pressure_mb":994,"radius_34kt_nm":null},{"date":"19970918","time":"0000","status":"EX","lat":47.2,"lon":-19.8,"wind_kt":50,"pressure_mb":996,"radius_34kt_nm":null},{"date":"19970918","time":"0600","status":"EX","lat":48,"lon":-19,"wind_kt":45,"pressure_mb":998,"radius_34kt_nm":null},{"date":"19970918","time":"1200","status":"EX","lat":48.5,"lon":-18,"wind_kt":40,"pressure_mb":1000,"radius_34kt_nm":null},{"date":"19970918","time":"1800","status":"EX","lat":48.8,"lon":-17.5,"wind_kt":40,"pressure_mb":1000,"radius_34kt_nm":null},{"date":"19970919","time":"0000","status":"EX","lat":48.9,"lon":-17,"wind_kt":35,"pressure_mb":1000,"radius_34kt_nm":null},{"date":"19970919","time":"0600","status":"EX","lat":48.9,"lon":-16.2,"wind_kt":30,"pressure_mb":1000,"radius_34kt_nm":null},{"date":"19970919","time":"1200","status":"EX","lat":49,"lon":-15.3,"wind_kt":30,"pressure_mb":1005,"radius_34kt_nm":null},{"date":"19970919","time":"1800","status":"EX","lat":49,"lon":-14,"wind_kt":25,"pressure_mb":1009,"radius_34kt_nm":null}]}},{"type":"Feature","geometry":{"type":"LineString","coordinates":[[-64.5,24.2],[-64.3,24.7],[-64,25.2],[-63.5,25.7],[-63.1,26.3],[-62.6,26.8],[-61.9,27.2],[-61.3,27.7],[-60.2,28.2],[-59.1,28.8],[-57.9,29.2],[-56.8,29.5],[-56,29.1],[-55,28.6],[-53.4,28.4],[-51.4,28.7],[-48.8,29.2]]},"properties":{"id":"hur-al081997","event_type":"hurricane","name":"FABIAN","year":1997,"max_wind_kt":40,"min_pressure_mb":1004,"category":0,"preliminary":false,"start_date":"19971004","end_date":"19971008","track":[{"date":"19971004","time":"1800","status":"TD","lat":24.2,"lon":-64.5,"wind_kt":25,"pressure_mb":1009,"radius_34kt_nm":null},{"date":"19971005","time":"0000","status":"TD","lat":24.7,"lon":-64.3,"wind_kt":25,"pressure_mb":1009,"radius_34kt_nm":null},{"date":"19971005","time":"0600","status":"TD","lat":25.2,"lon":-64,"wind_kt":25,"pressure_mb":1009,"radius_34kt_nm":null},{"date":"19971005","time":"1200","status":"TD","lat":25.7,"lon":-63.5,"wind_kt":30,"pressure_mb":1007,"radius_34kt_nm":null},{"date":"19971005","time":"1800","status":"TS","lat":26.3,"lon":-63.1,"wind_kt":35,"pressure_mb":1005,"radius_34kt_nm":null},{"date":"19971006","time":"0000","status":"TS","lat":26.8,"lon":-62.6,"wind_kt":35,"pressure_mb":1005,"radius_34kt_nm":null},{"date":"19971006","time":"0600","status":"TS","lat":27.2,"lon":-61.9,"wind_kt":35,"pressure_mb":1005,"radius_34kt_nm":null},{"date":"19971006","time":"1200","status":"TS","lat":27.7,"lon":-61.3,"wind_kt":35,"pressure_mb":1005,"radius_34kt_nm":null},{"date":"19971006","time":"1800","status":"TS","lat":28.2,"lon":-60.2,"wind_kt":35,"pressure_mb":1005,"radius_34kt_nm":null},{"date":"19971007","time":"0000","status":"TS","lat":28.8,"lon":-59.1,"wind_kt":35,"pressure_mb":1005,"radius_34kt_nm":null},{"date":"19971007","time":"0600","status":"TS","lat":29.2,"lon":-57.9,"wind_kt":35,"pressure_mb":1005,"radius_34kt_nm":null},{"date":"19971007","time":"1200","status":"TS","lat":29.5,"lon":-56.8,"wind_kt":35,"pressure_mb":1004,"radius_34kt_nm":null},{"date":"19971007","time":"1800","status":"TS","lat":29.1,"lon":-56,"wind_kt":35,"pressure_mb":1005,"radius_34kt_nm":null},{"date":"19971008","time":"0000","status":"TS","lat":28.6,"lon":-55,"wind_kt":35,"pressure_mb":1005,"radius_34kt_nm":null},{"date":"19971008","time":"0600","status":"TS","lat":28.4,"lon":-53.4,"wind_kt":35,"pressure_mb":1005,"radius_34kt_nm":null},{"date":"19971008","time":"1200","status":"EX","lat":28.7,"lon":-51.4,"wind_kt":35,"pressure_mb":1005,"radius_34kt_nm":null},{"date":"19971008","time":"1800","status":"EX","lat":29.2,"lon":-48.8,"wind_kt":40,"pressure_mb":1005,"radius_34kt_nm":null}]}},{"type":"Feature","geometry":{"type":"LineString","coordinates":[[-68.7,20],[-69.8,20.3],[-69.6,20.3],[-68.9,20.3],[-68,20.6],[-66.5,20.8],[-64.4,21.2],[-61.6,21.6],[-58.8,22.4],[-56.2,23.6],[-53.6,24],[-50.5,24.3],[-47.3,24.5]]},"properties":{"id":"hur-al091997","event_type":"hurricane","name":"GRACE","year":1997,"max_wind_kt":40,"min_pressure_mb":999,"category":0,"preliminary":false,"start_date":"19971014","end_date":"19971017","track":[{"date":"19971014","time":"1200","status":"TD","lat":20,"lon":-68.7,"wind_kt":30,"pressure_mb":1002,"radius_34kt_nm":null},{"date":"19971014","time":"1800","status":"EX","lat":20.3,"lon":-69.8,"wind_kt":30,"pressure_mb":1001,"radius_34kt_nm":null},{"date":"19971015","time":"0000","status":"TS","lat":20.3,"lon":-69.6,"wind_kt":35,"pressure_mb":999,"radius_34kt_nm":null},{"date":"19971015","time":"0600","status":"EX","lat":20.3,"lon":-68.9,"wind_kt":35,"pressure_mb":999,"radius_34kt_nm":null},{"date":"19971015","time":"1200","status":"EX","lat":20.6,"lon":-68,"wind_kt":40,"pressure_mb":999,"radius_34kt_nm":null},{"date":"19971015","time":"1800","status":"EX","lat":20.8,"lon":-66.5,"wind_kt":40,"pressure_mb":999,"radius_34kt_nm":null},{"date":"19971016","time":"0000","status":"TS","lat":21.2,"lon":-64.4,"wind_kt":40,"pressure_mb":999,"radius_34kt_nm":null},{"date":"19971016","time":"0600","status":"TS","lat":21.6,"lon":-61.6,"wind_kt":35,"pressure_mb":1000,"radius_34kt_nm":null},{"date":"19971016","time":"1200","status":"TS","lat":22.4,"lon":-58.8,"wind_kt":35,"pressure_mb":1000,"radius_34kt_nm":null},{"date":"19971016","time":"1800","status":"TS","lat":23.6,"lon":-56.2,"wind_kt":35,"pressure_mb":1001,"radius_34kt_nm":null},{"date":"19971017","time":"0000","status":"TS","lat":24,"lon":-53.6,"wind_kt":35,"pressure_mb":1002,"radius_34kt_nm":null},{"date":"19971017","time":"0600","status":"TS","lat":24.3,"lon":-50.5,"wind_kt":35,"pressure_mb":1003,"radius_34kt_nm":null},{"date":"19971017","time":"1200","status":"TD","lat":24.5,"lon":-47.3,"wind_kt":30,"pressure_mb":1004,"radius_34kt_nm":null}]}},{"type":"Feature","geometry":{"type":"LineString","coordinates":[[-25.4,11.3],[-27.2,11.7],[-29.2,12.2],[-31.3,12.6],[-33.3,12.9],[-35.1,13.1],[-36.8,13.3],[-38.5,13.5],[-40,13.7],[-41.3,13.9],[-42.6,14.2],[-43.9,14.4],[-45,14.7],[-46.1,15.1],[-47.1,15.4],[-48.1,15.6],[-49.2,15.7],[-50.4,15.8],[-51.7,15.9],[-53.1,16.3],[-54.3,16.9],[-55.4,17.7],[-56.5,18.4],[-57.7,19],[-58.6,19.9],[-59.3,21]]},"properties":{"id":"hur-al011998","event_type":"hurricane","name":"ALEX","year":1998,"max_wind_kt":45,"min_pressure_mb":1002,"category":0,"preliminary":false,"start_date":"19980727","end_date":"19980802","track":[{"date":"19980727","time":"1200","status":"TD","lat":11.3,"lon":-25.4,"wind_kt":25,"pressure_mb":1009,"radius_34kt_nm":null},{"date":"19980727","time":"1800","status":"TD","lat":11.7,"lon":-27.2,"wind_kt":25,"pressure_mb":1009,"radius_34kt_nm":null},{"date":"19980728","time":"0000","status":"TD","lat":12.2,"lon":-29.2,"wind_kt":25,"pressure_mb":1009,"radius_34kt_nm":null},{"date":"19980728","time":"0600","status":"TD","lat":12.6,"lon":-31.3,"wind_kt":25,"pressure_mb":1008,"radius_34kt_nm":null},{"date":"19980728","time":"1200","status":"TD","lat":12.9,"lon":-33.3,"wind_kt":30,"pressure_mb":1007,"radius_34kt_nm":null},{"date":"19980728","time":"1800","status":"TD","lat":13.1,"lon":-35.1,"wind_kt":30,"pressure_mb":1006,"radius_34kt_nm":null},{"date":"19980729","time":"0000","status":"TS","lat":13.3,"lon":-36.8,"wind_kt":35,"pressure_mb":1005,"radius_34kt_nm":null},{"date":"19980729","time":"0600","status":"TS","lat":13.5,"lon":-38.5,"wind_kt":35,"pressure_mb":1005,"radius_34kt_nm":null},{"date":"19980729","time":"1200","status":"TS","lat":13.7,"lon":-40,"wind_kt":35,"pressure_mb":1005,"radius_34kt_nm":null},{"date":"19980729","time":"1800","status":"TS","lat":13.9,"lon":-41.3,"wind_kt":35,"pressure_mb":1005,"radius_34kt_nm":null},{"date":"19980730","time":"0000","status":"TS","lat":14.2,"lon":-42.6,"wind_kt":35,"pressure_mb":1005,"radius_34kt_nm":null},{"date":"19980730","time":"0600","status":"TS","lat":14.4,"lon":-43.9,"wind_kt":40,"pressure_mb":1003,"radius_34kt_nm":null},{"date":"19980730","time":"1200","status":"TS","lat":14.7,"lon":-45,"wind_kt":40,"pressure_mb":1003,"radius_34kt_nm":null},{"date":"19980730","time":"1800","status":"TS","lat":15.1,"lon":-46.1,"wind_kt":45,"pressure_mb":1003,"radius_34kt_nm":null},{"date":"19980731","time":"0000","status":"TS","lat":15.4,"lon":-47.1,"wind_kt":45,"pressure_mb":1002,"radius_34kt_nm":null},{"date":"19980731","time":"0600","status":"TS","lat":15.6,"lon":-48.1,"wind_kt":45,"pressure_mb":1003,"radius_34kt_nm":null},{"date":"19980731","time":"1200","status":"TS","lat":15.7,"lon":-49.2,"wind_kt":45,"pressure_mb":1003,"radius_34kt_nm":null},{"date":"19980731","time":"1800","status":"TS","lat":15.8,"lon":-50.4,"wind_kt":40,"pressure_mb":1005,"radius_34kt_nm":null},{"date":"19980801","time":"0000","status":"TS","lat":15.9,"lon":-51.7,"wind_kt":35,"pressure_mb":1007,"radius_34kt_nm":null},{"date":"19980801","time":"0600","status":"TS","lat":16.3,"lon":-53.1,"wind_kt":35,"pressure_mb":1009,"radius_34kt_nm":null},{"date":"19980801","time":"1200","status":"TS","lat":16.9,"lon":-54.3,"wind_kt":40,"pressure_mb":1009,"radius_34kt_nm":null},{"date":"19980801","time":"1800","status":"TS","lat":17.7,"lon":-55.4,"wind_kt":40,"pressure_mb":1012,"radius_34kt_nm":null},{"date":"19980802","time":"0000","status":"TS","lat":18.4,"lon":-56.5,"wind_kt":35,"pressure_mb":1012,"radius_34kt_nm":null},{"date":"19980802","time":"0600","status":"TS","lat":19,"lon":-57.7,"wind_kt":35,"pressure_mb":1012,"radius_34kt_nm":null},{"date":"19980802","time":"1200","status":"TS","lat":19.9,"lon":-58.6,"wind_kt":35,"pressure_mb":1012,"radius_34kt_nm":null},{"date":"19980802","time":"1800","status":"TD","lat":21,"lon":-59.3,"wind_kt":30,"pressure_mb":1014,"radius_34kt_nm":null}]}},{"type":"Feature","geometry":{"type":"LineString","coordinates":[[-48.1,14.7],[-50.1,15.4],[-52.2,16.2],[-54.7,16.9],[-57.3,17.3],[-59.6,18.2],[-61.3,18.7],[-62.9,19.1],[-64.5,19.5],[-65.9,20.3],[-67.3,21.1],[-68.7,21.8],[-69.8,22.3],[-70.5,23],[-71,23.4],[-71.3,23.8],[-71.5,24.1],[-71.7,24.4],[-71.8,24.8],[-72.1,25.2],[-72.4,25.6],[-72.8,26.1],[-73.2,26.9],[-73.8,27.8],[-74.7,28.8],[-75.6,29.8],[-76.4,30.8],[-77.3,31.7],[-77.8,32.7],[-77.8,33.4],[-77.7,34],[-77.7,34.4],[-77.5,34.5],[-77.1,34.9],[-76.6,35.4],[-75.9,35.8],[-75.1,36.2],[-74.3,36.7],[-73.2,37.3],[-71.4,38.3],[-69.6,39.2],[-67.8,40.2],[-64.8,41.6],[-61.5,42.9],[-57,44.3],[-53.5,44.5],[-50,44],[-45,44],[-41,43]]},"properties":{"id":"hur-al021998","event_type":"hurricane","name":"BONNIE","year":1998,"max_wind_kt":100,"min_pressure_mb":954,"category":3,"preliminary":false,"start_date":"19980819","end_date":"19980831","track":[{"date":"19980819","time":"1200","status":"TD","lat":14.7,"lon":-48.1,"wind_kt":25,"pressure_mb":1009,"radius_34kt_nm":null},{"date":"19980819","time":"1800","status":"TD","lat":15.4,"lon":-50.1,"wind_kt":30,"pressure_mb":1009,"radius_34kt_nm":null},{"date":"19980820","time":"0000","status":"TD","lat":16.2,"lon":-52.2,"wind_kt":30,"pressure_mb":1009,"radius_34kt_nm":null},{"date":"19980820","time":"0600","status":"TD","lat":16.9,"lon":-54.7,"wind_kt":30,"pressure_mb":1008,"radius_34kt_nm":null},{"date":"19980820","time":"1200","status":"TS","lat":17.3,"lon":-57.3,"wind_kt":35,"pressure_mb":1007,"radius_34kt_nm":null},{"date":"19980820","time":"1800","status":"TS","lat":18.2,"lon":-59.6,"wind_kt":35,"pressure_mb":1006,"radius_34kt_nm":null},{"date":"19980821","time":"0000","status":"TS","lat":18.7,"lon":-61.3,"wind_kt":40,"pressure_mb":1005,"radius_34kt_nm":null},{"date":"19980821","time":"0600","status":"TS","lat":19.1,"lon":-62.9,"wind_kt":45,"pressure_mb":1002,"radius_34kt_nm":null},{"date":"19980821","time":"1200","status":"TS","lat":19.5,"lon":-64.5,"wind_kt":50,"pressure_mb":1000,"radius_34kt_nm":null},{"date":"19980821","time":"1800","status":"TS","lat":20.3,"lon":-65.9,"wind_kt":55,"pressure_mb":999,"radius_34kt_nm":null},{"date":"19980822","time":"0000","status":"HU","lat":21.1,"lon":-67.3,"wind_kt":65,"pressure_mb":991,"radius_34kt_nm":null},{"date":"19980822","time":"0600","status":"HU","lat":21.8,"lon":-68.7,"wind_kt":70,"pressure_mb":989,"radius_34kt_nm":null},{"date":"19980822","time":"1200","status":"HU","lat":22.3,"lon":-69.8,"wind_kt":75,"pressure_mb":980,"radius_34kt_nm":null},{"date":"19980822","time":"1800","status":"HU","lat":23,"lon":-70.5,"wind_kt":85,"pressure_mb":970,"radius_34kt_nm":null},{"date":"19980823","time":"0000","status":"HU","lat":23.4,"lon":-71,"wind_kt":90,"pressure_mb":962,"radius_34kt_nm":null},{"date":"19980823","time":"0600","status":"HU","lat":23.8,"lon":-71.3,"wind_kt":95,"pressure_mb":960,"radius_34kt_nm":null},{"date":"19980823","time":"1200","status":"HU","lat":24.1,"lon":-71.5,"wind_kt":100,"pressure_mb":958,"radius_34kt_nm":null},{"date":"19980823","time":"1800","status":"HU","lat":24.4,"lon":-71.7,"wind_kt":100,"pressure_mb":955,"radius_34kt_nm":null},{"date":"19980824","time":"0000","status":"HU","lat":24.8,"lon":-71.8,"wind_kt":100,"pressure_mb":954,"radius_34kt_nm":null},{"date":"19980824","time":"0600","status":"HU","lat":25.2,"lon":-72.1,"wind_kt":100,"pressure_mb":960,"radius_34kt_nm":null},{"date":"19980824","time":"1200","status":"HU","lat":25.6,"lon":-72.4,"wind_kt":100,"pressure_mb":962,"radius_34kt_nm":null},{"date":"19980824","time":"1800","status":"HU","lat":26.1,"lon":-72.8,"wind_kt":100,"pressure_mb":962,"radius_34kt_nm":null},{"date":"19980825","time":"0000","status":"HU","lat":26.9,"lon":-73.2,"wind_kt":100,"pressure_mb":963,"radius_34kt_nm":null},{"date":"19980825","time":"0600","status":"HU","lat":27.8,"lon":-73.8,"wind_kt":100,"pressure_mb":962,"radius_34kt_nm":null},{"date":"19980825","time":"1200","status":"HU","lat":28.8,"lon":-74.7,"wind_kt":100,"pressure_mb":963,"radius_34kt_nm":null},{"date":"19980825","time":"1800","status":"HU","lat":29.8,"lon":-75.6,"wind_kt":100,"pressure_mb":963,"radius_34kt_nm":null},{"date":"19980826","time":"0000","status":"HU","lat":30.8,"lon":-76.4,"wind_kt":100,"pressure_mb":958,"radius_34kt_nm":null},{"date":"19980826","time":"0600","status":"HU","lat":31.7,"lon":-77.3,"wind_kt":100,"pressure_mb":964,"radius_34kt_nm":null},{"date":"19980826","time":"1200","status":"HU","lat":32.7,"lon":-77.8,"wind_kt":100,"pressure_mb":965,"radius_34kt_nm":null},{"date":"19980826","time":"1800","status":"HU","lat":33.4,"lon":-77.8,"wind_kt":100,"pressure_mb":962,"radius_34kt_nm":null},{"date":"19980827","time":"0000","status":"HU","lat":34,"lon":-77.7,"wind_kt":95,"pressure_mb":963,"radius_34kt_nm":null},{"date":"19980827","time":"0400","status":"HU","lat":34.4,"lon":-77.7,"wind_kt":95,"pressure_mb":964,"radius_34kt_nm":null},{"date":"19980827","time":"0600","status":"HU","lat":34.5,"lon":-77.5,"wind_kt":85,"pressure_mb":965,"radius_34kt_nm":null},{"date":"19980827","time":"1200","status":"HU","lat":34.9,"lon":-77.1,"wind_kt":75,"pressure_mb":974,"radius_34kt_nm":null},{"date":"19980827","time":"1800","status":"TS","lat":35.4,"lon":-76.6,"wind_kt":60,"pressure_mb":980,"radius_34kt_nm":null},{"date":"19980828","time":"0000","status":"HU","lat":35.8,"lon":-75.9,"wind_kt":65,"pressure_mb":983,"radius_34kt_nm":null},{"date":"19980828","time":"0600","status":"HU","lat":36.2,"lon":-75.1,"wind_kt":75,"pressure_mb":985,"radius_34kt_nm":null},{"date":"19980828","time":"1200","status":"HU","lat":36.7,"lon":-74.3,"wind_kt":65,"pressure_mb":990,"radius_34kt_nm":null},{"date":"19980828","time":"1800","status":"TS","lat":37.3,"lon":-73.2,"wind_kt":60,"pressure_mb":991,"radius_34kt_nm":null},{"date":"19980829","time":"0000","status":"TS","lat":38.3,"lon":-71.4,"wind_kt":45,"pressure_mb":993,"radius_34kt_nm":null},{"date":"19980829","time":"0600","status":"TS","lat":39.2,"lon":-69.6,"wind_kt":45,"pressure_mb":999,"radius_34kt_nm":null},{"date":"19980829","time":"1200","status":"TS","lat":40.2,"lon":-67.8,"wind_kt":45,"pressure_mb":999,"radius_34kt_nm":null},{"date":"19980829","time":"1800","status":"TS","lat":41.6,"lon":-64.8,"wind_kt":45,"pressure_mb":1000,"radius_34kt_nm":null},{"date":"19980830","time":"0000","status":"TS","lat":42.9,"lon":-61.5,"wind_kt":45,"pressure_mb":1000,"radius_34kt_nm":null},{"date":"19980830","time":"0600","status":"TS","lat":44.3,"lon":-57,"wind_kt":45,"pressure_mb":1000,"radius_34kt_nm":null},{"date":"19980830","time":"1200","status":"TS","lat":44.5,"lon":-53.5,"wind_kt":45,"pressure_mb":1000,"radius_34kt_nm":null},{"date":"19980830","time":"1800","status":"EX","lat":44,"lon":-50,"wind_kt":45,"pressure_mb":998,"radius_34kt_nm":null},{"date":"19980831","time":"0000","status":"EX","lat":44,"lon":-45,"wind_kt":45,"pressure_mb":996,"radius_34kt_nm":null},{"date":"19980831","time":"0600","status":"EX","lat":43,"lon":-41,"wind_kt":40,"pressure_mb":996,"radius_34kt_nm":null}]}},{"type":"Feature","geometry":{"type":"LineString","coordinates":[[-92.3,25.3],[-93.8,25.4],[-94.5,26],[-95.4,26.8],[-96.5,27.5],[-97.1,27.8],[-97.4,27.9],[-98.1,28.3],[-98.7,28.5],[-99.3,28.7],[-99.9,28.8],[-100.6,29.1],[-101.2,29.4]]},"properties":{"id":"hur-al031998","event_type":"hurricane","name":"CHARLEY","year":1998,"max_wind_kt":60,"min_pressure_mb":1000,"category":0,"preliminary":false,"start_date":"19980821","end_date":"19980824","track":[{"date":"19980821","time":"0600","status":"TD","lat":25.3,"lon":-92.3,"wind_kt":25,"pressure_mb":1008,"radius_34kt_nm":null},{"date":"19980821","time":"1200","status":"TD","lat":25.4,"lon":-93.8,"wind_kt":30,"pressure_mb":1008,"radius_34kt_nm":null},{"date":"19980821","time":"1800","status":"TS","lat":26,"lon":-94.5,"wind_kt":40,"pressure_mb":1008,"radius_34kt_nm":null},{"date":"19980822","time":"0000","status":"TS","lat":26.8,"lon":-95.4,"wind_kt":45,"pressure_mb":1006,"radius_34kt_nm":null},{"date":"19980822","time":"0600","status":"TS","lat":27.5,"lon":-96.5,"wind_kt":60,"pressure_mb":1002,"radius_34kt_nm":null},{"date":"19980822","time":"1000","status":"TS","lat":27.8,"lon":-97.1,"wind_kt":40,"pressure_mb":1000,"radius_34kt_nm":null},{"date":"19980822","time":"1200","status":"TS","lat":27.9,"lon":-97.4,"wind_kt":35,"pressure_mb":1001,"radius_34kt_nm":null},{"date":"19980822","time":"1800","status":"TD","lat":28.3,"lon":-98.1,"wind_kt":30,"pressure_mb":1003,"radius_34kt_nm":null},{"date":"19980823","time":"0000","status":"TD","lat":28.5,"lon":-98.7,"wind_kt":25,"pressure_mb":1005,"radius_34kt_nm":null},{"date":"19980823","time":"0600","status":"TD","lat":28.7,"lon":-99.3,"wind_kt":20,"pressure_mb":1006,"radius_34kt_nm":null},{"date":"19980823","time":"1200","status":"TD","lat":28.8,"lon":-99.9,"wind_kt":20,"pressure_mb":1007,"radius_34kt_nm":null},{"date":"19980823","time":"1800","status":"TD","lat":29.1,"lon":-100.6,"wind_kt":20,"pressure_mb":1008,"radius_34kt_nm":null},{"date":"19980824","time":"0000","status":"TD","lat":29.4,"lon":-101.2,"wind_kt":20,"pressure_mb":1008,"radius_34kt_nm":null}]}},{"type":"Feature","geometry":{"type":"LineString","coordinates":[[-34.3,13.4],[-36.1,13.8],[-37.9,14.2],[-39.8,14.8],[-41.6,15.3],[-43.3,16.2],[-45.3,16.9],[-47.3,17.6],[-49.1,18.4],[-51.1,19.1],[-52.8,19.7],[-54.9,20.1],[-56.7,20.6],[-58.5,21.2],[-60.1,21.8],[-61.7,22.4],[-63.2,22.7],[-64.4,23],[-65.7,23.4],[-66.9,23.9],[-68.2,24.3],[-69.4,24.8],[-70.5,25.4],[-71.4,25.9],[-72.2,26.4],[-73.1,26.9],[-73.9,27.5],[-74.1,27.9],[-74.3,28.4],[-74.1,29.2],[-73.7,30],[-73.3,30.9],[-72.7,31.7],[-72,32.2],[-70.7,32.9],[-69.1,33.7],[-67.6,34.6],[-65.4,36],[-63.1,37.9],[-60.1,39.9],[-57.5,42.1],[-54.8,43.4],[-51.9,44.6],[-48.5,44.8],[-44,44.9],[-40.5,45],[-37,45.3],[-33,45.9],[-28,46.5],[-25,47],[-22,48],[-19,50],[-18,51.5],[-17.1,52.8],[-16.7,53.3],[-16.2,53.8],[-16,54.5],[-15,55],[-14,55.8],[-13.1,56.4],[-12,57]]},"properties":{"id":"hur-al041998","event_type":"hurricane","name":"DANIELLE","year":1998,"max_wind_kt":90,"min_pressure_mb":960,"category":2,"preliminary":false,"start_date":"19980824","end_date":"19980908","track":[{"date":"19980824","time":"0600","status":"TD","lat":13.4,"lon":-34.3,"wind_kt":25,"pressure_mb":1007,"radius_34kt_nm":null},{"date":"19980824","time":"1200","status":"TD","lat":13.8,"lon":-36.1,"wind_kt":30,"pressure_mb":1006,"radius_34kt_nm":null},{"date":"19980824","time":"1800","status":"TS","lat":14.2,"lon":-37.9,"wind_kt":35,"pressure_mb":1005,"radius_34kt_nm":null},{"date":"19980825","time":"0000","status":"TS","lat":14.8,"lon":-39.8,"wind_kt":40,"pressure_mb":1003,"radius_34kt_nm":null},{"date":"19980825","time":"0600","status":"TS","lat":15.3,"lon":-41.6,"wind_kt":50,"pressure_mb":997,"radius_34kt_nm":null},{"date":"19980825","time":"1200","status":"HU","lat":16.2,"lon":-43.3,"wind_kt":65,"pressure_mb":990,"radius_34kt_nm":null},{"date":"19980825","time":"1800","status":"HU","lat":16.9,"lon":-45.3,"wind_kt":75,"pressure_mb":982,"radius_34kt_nm":null},{"date":"19980826","time":"0000","status":"HU","lat":17.6,"lon":-47.3,"wind_kt":80,"pressure_mb":980,"radius_34kt_nm":null},{"date":"19980826","time":"0600","status":"HU","lat":18.4,"lon":-49.1,"wind_kt":90,"pressure_mb":975,"radius_34kt_nm":null},{"date":"19980826","time":"1200","status":"HU","lat":19.1,"lon":-51.1,"wind_kt":85,"pressure_mb":980,"radius_34kt_nm":null},{"date":"19980826","time":"1800","status":"HU","lat":19.7,"lon":-52.8,"wind_kt":80,"pressure_mb":985,"radius_34kt_nm":null},{"date":"19980827","time":"0000","status":"HU","lat":20.1,"lon":-54.9,"wind_kt":80,"pressure_mb":993,"radius_34kt_nm":null},{"date":"19980827","time":"0600","status":"HU","lat":20.6,"lon":-56.7,"wind_kt":85,"pressure_mb":994,"radius_34kt_nm":null},{"date":"19980827","time":"1200","status":"HU","lat":21.2,"lon":-58.5,"wind_kt":90,"pressure_mb":994,"radius_34kt_nm":null},{"date":"19980827","time":"1800","status":"HU","lat":21.8,"lon":-60.1,"wind_kt":85,"pressure_mb":994,"radius_34kt_nm":null},{"date":"19980828","time":"0000","status":"HU","lat":22.4,"lon":-61.7,"wind_kt":80,"pressure_mb":992,"radius_34kt_nm":null},{"date":"19980828","time":"0600","status":"HU","lat":22.7,"lon":-63.2,"wind_kt":80,"pressure_mb":992,"radius_34kt_nm":null},{"date":"19980828","time":"1200","status":"HU","lat":23,"lon":-64.4,"wind_kt":80,"pressure_mb":989,"radius_34kt_nm":null},{"date":"19980828","time":"1800","status":"HU","lat":23.4,"lon":-65.7,"wind_kt":80,"pressure_mb":986,"radius_34kt_nm":null},{"date":"19980829","time":"0000","status":"HU","lat":23.9,"lon":-66.9,"wind_kt":75,"pressure_mb":989,"radius_34kt_nm":null},{"date":"19980829","time":"0600","status":"HU","lat":24.3,"lon":-68.2,"wind_kt":70,"pressure_mb":990,"radius_34kt_nm":null},{"date":"19980829","time":"1200","status":"HU","lat":24.8,"lon":-69.4,"wind_kt":70,"pressure_mb":988,"radius_34kt_nm":null},{"date":"19980829","time":"1800","status":"HU","lat":25.4,"lon":-70.5,"wind_kt":70,"pressure_mb":987,"radius_34kt_nm":null},{"date":"19980830","time":"0000","status":"HU","lat":25.9,"lon":-71.4,"wind_kt":65,"pressure_mb":987,"radius_34kt_nm":null},{"date":"19980830","time":"0600","status":"HU","lat":26.4,"lon":-72.2,"wind_kt":65,"pressure_mb":988,"radius_34kt_nm":null},{"date":"19980830","time":"1200","status":"HU","lat":26.9,"lon":-73.1,"wind_kt":65,"pressure_mb":990,"radius_34kt_nm":null},{"date":"19980830","time":"1800","status":"HU","lat":27.5,"lon":-73.9,"wind_kt":65,"pressure_mb":987,"radius_34kt_nm":null},{"date":"19980831","time":"0000","status":"HU","lat":27.9,"lon":-74.1,"wind_kt":70,"pressure_mb":983,"radius_34kt_nm":null},{"date":"19980831","time":"0600","status":"HU","lat":28.4,"lon":-74.3,"wind_kt":75,"pressure_mb":980,"radius_34kt_nm":null},{"date":"19980831","time":"1200","status":"HU","lat":29.2,"lon":-74.1,"wind_kt":90,"pressure_mb":977,"radius_34kt_nm":null},{"date":"19980831","time":"1800","status":"HU","lat":30,"lon":-73.7,"wind_kt":85,"pressure_mb":975,"radius_34kt_nm":null},{"date":"19980901","time":"0000","status":"HU","lat":30.9,"lon":-73.3,"wind_kt":85,"pressure_mb":973,"radius_34kt_nm":null},{"date":"19980901","time":"0600","status":"HU","lat":31.7,"lon":-72.7,"wind_kt":85,"pressure_mb":972,"radius_34kt_nm":null},{"date":"19980901","time":"1200","status":"HU","lat":32.2,"lon":-72,"wind_kt":85,"pressure_mb":968,"radius_34kt_nm":null},{"date":"19980901","time":"1800","status":"HU","lat":32.9,"lon":-70.7,"wind_kt":90,"pressure_mb":965,"radius_34kt_nm":null},{"date":"19980902","time":"0000","status":"HU","lat":33.7,"lon":-69.1,"wind_kt":80,"pressure_mb":967,"radius_34kt_nm":null},{"date":"19980902","time":"0600","status":"HU","lat":34.6,"lon":-67.6,"wind_kt":75,"pressure_mb":970,"radius_34kt_nm":null},{"date":"19980902","time":"1200","status":"HU","lat":36,"lon":-65.4,"wind_kt":70,"pressure_mb":975,"radius_34kt_nm":null},{"date":"19980902","time":"1800","status":"HU","lat":37.9,"lon":-63.1,"wind_kt":70,"pressure_mb":975,"radius_34kt_nm":null},{"date":"19980903","time":"0000","status":"HU","lat":39.9,"lon":-60.1,"wind_kt":70,"pressure_mb":970,"radius_34kt_nm":null},{"date":"19980903","time":"0600","status":"HU","lat":42.1,"lon":-57.5,"wind_kt":70,"pressure_mb":960,"radius_34kt_nm":null},{"date":"19980903","time":"1200","status":"HU","lat":43.4,"lon":-54.8,"wind_kt":70,"pressure_mb":965,"radius_34kt_nm":null},{"date":"19980903","time":"1800","status":"HU","lat":44.6,"lon":-51.9,"wind_kt":65,"pressure_mb":965,"radius_34kt_nm":null},{"date":"19980904","time":"0000","status":"EX","lat":44.8,"lon":-48.5,"wind_kt":65,"pressure_mb":975,"radius_34kt_nm":null},{"date":"19980904","time":"0600","status":"EX","lat":44.9,"lon":-44,"wind_kt":60,"pressure_mb":985,"radius_34kt_nm":null},{"date":"19980904","time":"1200","status":"EX","lat":45,"lon":-40.5,"wind_kt":60,"pressure_mb":978,"radius_34kt_nm":null},{"date":"19980904","time":"1800","status":"EX","lat":45.3,"lon":-37,"wind_kt":60,"pressure_mb":976,"radius_34kt_nm":null},{"date":"19980905","time":"0000","status":"EX","lat":45.9,"lon":-33,"wind_kt":60,"pressure_mb":975,"radius_34kt_nm":null},{"date":"19980905","time":"0600","status":"EX","lat":46.5,"lon":-28,"wind_kt":60,"pressure_mb":973,"radius_34kt_nm":null},{"date":"19980905","time":"1200","status":"EX","lat":47,"lon":-25,"wind_kt":60,"pressure_mb":970,"radius_34kt_nm":null},{"date":"19980905","time":"1800","status":"EX","lat":48,"lon":-22,"wind_kt":60,"pressure_mb":967,"radius_34kt_nm":null},{"date":"19980906","time":"0000","status":"EX","lat":50,"lon":-19,"wind_kt":60,"pressure_mb":964,"radius_34kt_nm":null},{"date":"19980906","time":"0600","status":"EX","lat":51.5,"lon":-18,"wind_kt":55,"pressure_mb":965,"radius_34kt_nm":null},{"date":"19980906","time":"1200","status":"EX","lat":52.8,"lon":-17.1,"wind_kt":55,"pressure_mb":965,"radius_34kt_nm":null},{"date":"19980906","time":"1800","status":"EX","lat":53.3,"lon":-16.7,"wind_kt":55,"pressure_mb":967,"radius_34kt_nm":null},{"date":"19980907","time":"0000","status":"EX","lat":53.8,"lon":-16.2,"wind_kt":50,"pressure_mb":970,"radius_34kt_nm":null},{"date":"19980907","time":"0600","status":"EX","lat":54.5,"lon":-16,"wind_kt":45,"pressure_mb":975,"radius_34kt_nm":null},{"date":"19980907","time":"1200","status":"EX","lat":55,"lon":-15,"wind_kt":40,"pressure_mb":977,"radius_34kt_nm":null},{"date":"19980907","time":"1800","status":"EX","lat":55.8,"lon":-14,"wind_kt":35,"pressure_mb":979,"radius_34kt_nm":null},{"date":"19980908","time":"0000","status":"EX","lat":56.4,"lon":-13.1,"wind_kt":30,"pressure_mb":980,"radius_34kt_nm":null},{"date":"19980908","time":"0600","status":"EX","lat":57,"lon":-12,"wind_kt":30,"pressure_mb":980,"radius_34kt_nm":null}]}},{"type":"Feature","geometry":{"type":"LineString","coordinates":[[-93.5,21.6],[-93.8,22.4],[-93.7,23.2],[-93.4,24.1],[-93.1,25],[-92.5,25.8],[-91.5,26.8],[-90.4,27.6],[-89,28.2],[-87.9,28.7],[-86.8,29.4],[-85.7,30.1],[-84,31.3],[-82.4,32.4],[-80.5,33.2],[-79,34.5],[-77.2,35.9],[-75,36.5],[-71,38],[-65.5,40],[-61,42.5],[-56,45],[-54,47],[-53,48],[-52,49],[-50,49.5],[-48,50],[-45,50.5],[-41,51],[-37,51],[-32,51],[-28.5,51.5],[-25,52]]},"properties":{"id":"hur-al051998","event_type":"hurricane","name":"EARL","year":1998,"max_wind_kt":85,"min_pressure_mb":964,"category":2,"preliminary":false,"start_date":"19980831","end_date":"19980908","track":[{"date":"19980831","time":"1200","status":"TD","lat":21.6,"lon":-93.5,"wind_kt":30,"pressure_mb":1005,"radius_34kt_nm":null},{"date":"19980831","time":"1800","status":"TS","lat":22.4,"lon":-93.8,"wind_kt":35,"pressure_mb":1002,"radius_34kt_nm":null},{"date":"19980901","time":"0000","status":"TS","lat":23.2,"lon":-93.7,"wind_kt":35,"pressure_mb":1002,"radius_34kt_nm":null},{"date":"19980901","time":"0600","status":"TS","lat":24.1,"lon":-93.4,"wind_kt":40,"pressure_mb":1001,"radius_34kt_nm":null},{"date":"19980901","time":"1200","status":"TS","lat":25,"lon":-93.1,"wind_kt":45,"pressure_mb":999,"radius_34kt_nm":null},{"date":"19980901","time":"1800","status":"TS","lat":25.8,"lon":-92.5,"wind_kt":50,"pressure_mb":998,"radius_34kt_nm":null},{"date":"19980902","time":"0000","status":"TS","lat":26.8,"lon":-91.5,"wind_kt":50,"pressure_mb":998,"radius_34kt_nm":null},{"date":"19980902","time":"0600","status":"TS","lat":27.6,"lon":-90.4,"wind_kt":50,"pressure_mb":996,"radius_34kt_nm":null},{"date":"19980902","time":"1200","status":"HU","lat":28.2,"lon":-89,"wind_kt":70,"pressure_mb":994,"radius_34kt_nm":null},{"date":"19980902","time":"1800","status":"HU","lat":28.7,"lon":-87.9,"wind_kt":85,"pressure_mb":988,"radius_34kt_nm":null},{"date":"19980903","time":"0000","status":"HU","lat":29.4,"lon":-86.8,"wind_kt":80,"pressure_mb":985,"radius_34kt_nm":null},{"date":"19980903","time":"0600","status":"HU","lat":30.1,"lon":-85.7,"wind_kt":70,"pressure_mb":987,"radius_34kt_nm":null},{"date":"19980903","time":"1200","status":"TS","lat":31.3,"lon":-84,"wind_kt":45,"pressure_mb":990,"radius_34kt_nm":null},{"date":"19980903","time":"1800","status":"EX","lat":32.4,"lon":-82.4,"wind_kt":40,"pressure_mb":994,"radius_34kt_nm":null},{"date":"19980904","time":"0000","status":"EX","lat":33.2,"lon":-80.5,"wind_kt":40,"pressure_mb":994,"radius_34kt_nm":null},{"date":"19980904","time":"0600","status":"EX","lat":34.5,"lon":-79,"wind_kt":50,"pressure_mb":995,"radius_34kt_nm":null},{"date":"19980904","time":"1200","status":"EX","lat":35.9,"lon":-77.2,"wind_kt":50,"pressure_mb":998,"radius_34kt_nm":null},{"date":"19980904","time":"1800","status":"EX","lat":36.5,"lon":-75,"wind_kt":50,"pressure_mb":1000,"radius_34kt_nm":null},{"date":"19980905","time":"0000","status":"EX","lat":38,"lon":-71,"wind_kt":50,"pressure_mb":1000,"radius_34kt_nm":null},{"date":"19980905","time":"0600","status":"EX","lat":40,"lon":-65.5,"wind_kt":50,"pressure_mb":998,"radius_34kt_nm":null},{"date":"19980905","time":"1200","status":"EX","lat":42.5,"lon":-61,"wind_kt":50,"pressure_mb":990,"radius_34kt_nm":null},{"date":"19980905","time":"1800","status":"EX","lat":45,"lon":-56,"wind_kt":50,"pressure_mb":986,"radius_34kt_nm":null},{"date":"19980906","time":"0000","status":"EX","lat":47,"lon":-54,"wind_kt":50,"pressure_mb":979,"radius_34kt_nm":null},{"date":"19980906","time":"0600","status":"EX","lat":48,"lon":-53,"wind_kt":50,"pressure_mb":968,"radius_34kt_nm":null},{"date":"19980906","time":"1200","status":"EX","lat":49,"lon":-52,"wind_kt":55,"pressure_mb":964,"radius_34kt_nm":null},{"date":"19980906","time":"1800","status":"EX","lat":49.5,"lon":-50,"wind_kt":55,"pressure_mb":966,"radius_34kt_nm":null},{"date":"19980907","time":"0000","status":"EX","lat":50,"lon":-48,"wind_kt":55,"pressure_mb":968,"radius_34kt_nm":null},{"date":"19980907","time":"0600","status":"EX","lat":50.5,"lon":-45,"wind_kt":50,"pressure_mb":970,"radius_34kt_nm":null},{"date":"19980907","time":"1200","status":"EX","lat":51,"lon":-41,"wind_kt":45,"pressure_mb":978,"radius_34kt_nm":null},{"date":"19980907","time":"1800","status":"EX","lat":51,"lon":-37,"wind_kt":45,"pressure_mb":978,"radius_34kt_nm":null},{"date":"19980908","time":"0000","status":"EX","lat":51,"lon":-32,"wind_kt":40,"pressure_mb":982,"radius_34kt_nm":null},{"date":"19980908","time":"0600","status":"EX","lat":51.5,"lon":-28.5,"wind_kt":40,"pressure_mb":982,"radius_34kt_nm":null},{"date":"19980908","time":"1200","status":"EX","lat":52,"lon":-25,"wind_kt":35,"pressure_mb":983,"radius_34kt_nm":null}]}},{"type":"Feature","geometry":{"type":"LineString","coordinates":[[-94.5,25.5],[-94.4,25.3],[-94.5,25],[-94.7,24.6],[-95.5,24.2],[-95.6,23.5],[-95,24.2],[-95.2,25.3],[-95.2,26.6],[-95.9,27.2],[-96.9,28.2],[-97.6,28.4],[-97,28.5],[-96.9,29.3],[-96.8,30.2],[-96.8,31],[-96.8,31.3],[-96.8,31.5],[-96.9,31.7],[-96.9,32],[-97,33]]},"properties":{"id":"hur-al061998","event_type":"hurricane","name":"FRANCES","year":1998,"max_wind_kt":55,"min_pressure_mb":990,"category":0,"preliminary":false,"start_date":"19980908","end_date":"19980913","track":[{"date":"19980908","time":"1800","status":"TD","lat":25.5,"lon":-94.5,"wind_kt":30,"pressure_mb":1000,"radius_34kt_nm":null},{"date":"19980909","time":"0000","status":"TD","lat":25.3,"lon":-94.4,"wind_kt":30,"pressure_mb":1000,"radius_34kt_nm":null},{"date":"19980909","time":"0600","status":"TD","lat":25,"lon":-94.5,"wind_kt":30,"pressure_mb":999,"radius_34kt_nm":null},{"date":"19980909","time":"1200","status":"TD","lat":24.6,"lon":-94.7,"wind_kt":30,"pressure_mb":998,"radius_34kt_nm":null},{"date":"19980909","time":"1800","status":"TS","lat":24.2,"lon":-95.5,"wind_kt":35,"pressure_mb":997,"radius_34kt_nm":null},{"date":"19980910","time":"0000","status":"TS","lat":23.5,"lon":-95.6,"wind_kt":40,"pressure_mb":995,"radius_34kt_nm":null},{"date":"19980910","time":"0600","status":"TS","lat":24.2,"lon":-95,"wind_kt":40,"pressure_mb":995,"radius_34kt_nm":null},{"date":"19980910","time":"1200","status":"TS","lat":25.3,"lon":-95.2,"wind_kt":45,"pressure_mb":996,"radius_34kt_nm":null},{"date":"19980910","time":"1800","status":"TS","lat":26.6,"lon":-95.2,"wind_kt":45,"pressure_mb":996,"radius_34kt_nm":null},{"date":"19980911","time":"0000","status":"TS","lat":27.2,"lon":-95.9,"wind_kt":55,"pressure_mb":994,"radius_34kt_nm":null},{"date":"19980911","time":"0600","status":"TS","lat":28.2,"lon":-96.9,"wind_kt":45,"pressure_mb":990,"radius_34kt_nm":null},{"date":"19980911","time":"1200","status":"TS","lat":28.4,"lon":-97.6,"wind_kt":40,"pressure_mb":992,"radius_34kt_nm":null},{"date":"19980911","time":"1800","status":"TS","lat":28.5,"lon":-97,"wind_kt":35,"pressure_mb":994,"radius_34kt_nm":null},{"date":"19980912","time":"0000","status":"TD","lat":29.3,"lon":-96.9,"wind_kt":30,"pressure_mb":996,"radius_34kt_nm":null},{"date":"19980912","time":"0600","status":"TD","lat":30.2,"lon":-96.8,"wind_kt":30,"pressure_mb":998,"radius_34kt_nm":null},{"date":"19980912","time":"1200","status":"TD","lat":31,"lon":-96.8,"wind_kt":30,"pressure_mb":1000,"radius_34kt_nm":null},{"date":"19980912","time":"1800","status":"TD","lat":31.3,"lon":-96.8,"wind_kt":30,"pressure_mb":1001,"radius_34kt_nm":null},{"date":"19980913","time":"0000","status":"TD","lat":31.5,"lon":-96.8,"wind_kt":25,"pressure_mb":1002,"radius_34kt_nm":null},{"date":"19980913","time":"0600","status":"TD","lat":31.7,"lon":-96.9,"wind_kt":20,"pressure_mb":1002,"radius_34kt_nm":null},{"date":"19980913","time":"1200","status":"TD","lat":32,"lon":-96.9,"wind_kt":20,"pressure_mb":1003,"radius_34kt_nm":null},{"date":"19980913","time":"1800","status":"TD","lat":33,"lon":-97,"wind_kt":20,"pressure_mb":1003,"radius_34kt_nm":null}]}},{"type":"Feature","geometry":{"type":"LineString","coordinates":[[-25.1,9.7],[-26.5,9.8],[-28.1,10],[-29.7,10.3],[-31.3,10.6],[-32.9,11],[-34.6,11.3],[-36.3,11.7],[-38.1,12],[-40,12.3],[-42,12.5],[-43.9,12.8],[-45.7,13.1],[-47.4,13.5],[-49,13.9],[-50.6,14.4],[-52,14.9],[-53.5,15.4],[-54.9,15.7],[-56.3,16],[-57.7,16.2],[-59.2,16.4],[-60.6,16.7],[-61.7,17],[-62.1,17.1],[-62.6,17.2],[-63.6,17.4],[-65,17.8],[-65.8,18.1],[-66.3,18.2],[-67.4,18],[-68.5,18.2],[-68.7,18.2],[-69.7,18.6],[-70.8,18.8],[-72.1,19],[-73.3,19.3],[-74.3,19.8],[-74.5,20.1],[-74.9,20.5],[-76,20.8],[-77.2,21.3],[-78,21.9],[-79,22.7],[-80.2,23.4],[-81.3,23.9],[-81.8,24.5],[-82.4,24.6],[-83.3,24.8],[-84.2,25.2],[-85.1,25.7],[-85.9,26.2],[-86.5,27],[-87.2,27.6],[-87.8,28.2],[-88.3,28.8],[-88.5,29.3],[-88.7,29.8],[-88.9,30.4],[-88.9,30.4],[-88.9,30.6],[-89,30.6],[-88.4,30.6],[-88.1,31],[-87.5,30.9],[-86.9,30.8],[-86.3,30.7],[-85.4,30.7],[-84.2,30.6],[-83,30.5],[-81.8,30.5]]},"properties":{"id":"hur-al071998","event_type":"hurricane","name":"GEORGES","year":1998,"max_wind_kt":135,"min_pressure_mb":937,"category":4,"preliminary":false,"start_date":"19980915","end_date":"19981001","track":[{"date":"19980915","time":"1200","status":"TD","lat":9.7,"lon":-25.1,"wind_kt":30,"pressure_mb":1009,"radius_34kt_nm":null},{"date":"19980915","time":"1800","status":"TD","lat":9.8,"lon":-26.5,"wind_kt":30,"pressure_mb":1009,"radius_34kt_nm":null},{"date":"19980916","time":"0000","status":"TD","lat":10,"lon":-28.1,"wind_kt":30,"pressure_mb":1009,"radius_34kt_nm":null},{"date":"19980916","time":"0600","status":"TD","lat":10.3,"lon":-29.7,"wind_kt":30,"pressure_mb":1009,"radius_34kt_nm":null},{"date":"19980916","time":"1200","status":"TS","lat":10.6,"lon":-31.3,"wind_kt":35,"pressure_mb":1005,"radius_34kt_nm":null},{"date":"19980916","time":"1800","status":"TS","lat":11,"lon":-32.9,"wind_kt":35,"pressure_mb":1003,"radius_34kt_nm":null},{"date":"19980917","time":"0000","status":"TS","lat":11.3,"lon":-34.6,"wind_kt":45,"pressure_mb":1000,"radius_34kt_nm":null},{"date":"19980917","time":"0600","status":"TS","lat":11.7,"lon":-36.3,"wind_kt":50,"pressure_mb":997,"radius_34kt_nm":null},{"date":"19980917","time":"1200","status":"TS","lat":12,"lon":-38.1,"wind_kt":55,"pressure_mb":994,"radius_34kt_nm":null},{"date":"19980917","time":"1800","status":"HU","lat":12.3,"lon":-40,"wind_kt":65,"pressure_mb":987,"radius_34kt_nm":null},{"date":"19980918","time":"0000","status":"HU","lat":12.5,"lon":-42,"wind_kt":70,"pressure_mb":984,"radius_34kt_nm":null},{"date":"19980918","time":"0600","status":"HU","lat":12.8,"lon":-43.9,"wind_kt":80,"pressure_mb":977,"radius_34kt_nm":null},{"date":"19980918","time":"1200","status":"HU","lat":13.1,"lon":-45.7,"wind_kt":85,"pressure_mb":973,"radius_34kt_nm":null},{"date":"19980918","time":"1800","status":"HU","lat":13.5,"lon":-47.4,"wind_kt":90,"pressure_mb":970,"radius_34kt_nm":null},{"date":"19980919","time":"0000","status":"HU","lat":13.9,"lon":-49,"wind_kt":90,"pressure_mb":970,"radius_34kt_nm":null},{"date":"19980919","time":"0600","status":"HU","lat":14.4,"lon":-50.6,"wind_kt":95,"pressure_mb":965,"radius_34kt_nm":null},{"date":"19980919","time":"1200","status":"HU","lat":14.9,"lon":-52,"wind_kt":110,"pressure_mb":954,"radius_34kt_nm":null},{"date":"19980919","time":"1800","status":"HU","lat":15.4,"lon":-53.5,"wind_kt":125,"pressure_mb":949,"radius_34kt_nm":null},{"date":"19980920","time":"0000","status":"HU","lat":15.7,"lon":-54.9,"wind_kt":130,"pressure_mb":939,"radius_34kt_nm":null},{"date":"19980920","time":"0600","status":"HU","lat":16,"lon":-56.3,"wind_kt":135,"pressure_mb":937,"radius_34kt_nm":null},{"date":"19980920","time":"1200","status":"HU","lat":16.2,"lon":-57.7,"wind_kt":130,"pressure_mb":939,"radius_34kt_nm":null},{"date":"19980920","time":"1800","status":"HU","lat":16.4,"lon":-59.2,"wind_kt":115,"pressure_mb":956,"radius_34kt_nm":null},{"date":"19980921","time":"0000","status":"HU","lat":16.7,"lon":-60.6,"wind_kt":100,"pressure_mb":963,"radius_34kt_nm":null},{"date":"19980921","time":"0430","status":"HU","lat":17,"lon":-61.7,"wind_kt":100,"pressure_mb":966,"radius_34kt_nm":null},{"date":"19980921","time":"0600","status":"HU","lat":17.1,"lon":-62.1,"wind_kt":100,"pressure_mb":966,"radius_34kt_nm":null},{"date":"19980921","time":"0800","status":"HU","lat":17.2,"lon":-62.6,"wind_kt":100,"pressure_mb":966,"radius_34kt_nm":null},{"date":"19980921","time":"1200","status":"HU","lat":17.4,"lon":-63.6,"wind_kt":95,"pressure_mb":966,"radius_34kt_nm":null},{"date":"19980921","time":"1800","status":"HU","lat":17.8,"lon":-65,"wind_kt":90,"pressure_mb":970,"radius_34kt_nm":null},{"date":"19980921","time":"2200","status":"HU","lat":18.1,"lon":-65.8,"wind_kt":100,"pressure_mb":968,"radius_34kt_nm":null},{"date":"19980922","time":"0000","status":"HU","lat":18.2,"lon":-66.3,"wind_kt":90,"pressure_mb":970,"radius_34kt_nm":null},{"date":"19980922","time":"0600","status":"HU","lat":18,"lon":-67.4,"wind_kt":95,"pressure_mb":972,"radius_34kt_nm":null},{"date":"19980922","time":"1200","status":"HU","lat":18.2,"lon":-68.5,"wind_kt":105,"pressure_mb":964,"radius_34kt_nm":null},{"date":"19980922","time":"1230","status":"HU","lat":18.2,"lon":-68.7,"wind_kt":105,"pressure_mb":962,"radius_34kt_nm":null},{"date":"19980922","time":"1800","status":"HU","lat":18.6,"lon":-69.7,"wind_kt":95,"pressure_mb":970,"radius_34kt_nm":null},{"date":"19980923","time":"0000","status":"HU","lat":18.8,"lon":-70.8,"wind_kt":70,"pressure_mb":980,"radius_34kt_nm":null},{"date":"19980923","time":"0600","status":"HU","lat":19,"lon":-72.1,"wind_kt":65,"pressure_mb":990,"radius_34kt_nm":null},{"date":"19980923","time":"1200","status":"HU","lat":19.3,"lon":-73.3,"wind_kt":65,"pressure_mb":996,"radius_34kt_nm":null},{"date":"19980923","time":"1800","status":"HU","lat":19.8,"lon":-74.3,"wind_kt":65,"pressure_mb":994,"radius_34kt_nm":null},{"date":"19980923","time":"2130","status":"HU","lat":20.1,"lon":-74.5,"wind_kt":65,"pressure_mb":993,"radius_34kt_nm":null},{"date":"19980924","time":"0000","status":"HU","lat":20.5,"lon":-74.9,"wind_kt":65,"pressure_mb":992,"radius_34kt_nm":null},{"date":"19980924","time":"0600","status":"HU","lat":20.8,"lon":-76,"wind_kt":65,"pressure_mb":991,"radius_34kt_nm":null},{"date":"19980924","time":"1200","status":"HU","lat":21.3,"lon":-77.2,"wind_kt":70,"pressure_mb":990,"radius_34kt_nm":null},{"date":"19980924","time":"1800","status":"HU","lat":21.9,"lon":-78,"wind_kt":75,"pressure_mb":989,"radius_34kt_nm":null},{"date":"19980925","time":"0000","status":"HU","lat":22.7,"lon":-79,"wind_kt":80,"pressure_mb":987,"radius_34kt_nm":null},{"date":"19980925","time":"0600","status":"HU","lat":23.4,"lon":-80.2,"wind_kt":85,"pressure_mb":986,"radius_34kt_nm":null},{"date":"19980925","time":"1200","status":"HU","lat":23.9,"lon":-81.3,"wind_kt":90,"pressure_mb":982,"radius_34kt_nm":null},{"date":"19980925","time":"1530","status":"HU","lat":24.5,"lon":-81.8,"wind_kt":90,"pressure_mb":981,"radius_34kt_nm":null},{"date":"19980925","time":"1800","status":"HU","lat":24.6,"lon":-82.4,"wind_kt":90,"pressure_mb":975,"radius_34kt_nm":null},{"date":"19980926","time":"0000","status":"HU","lat":24.8,"lon":-83.3,"wind_kt":90,"pressure_mb":974,"radius_34kt_nm":null},{"date":"19980926","time":"0600","status":"HU","lat":25.2,"lon":-84.2,"wind_kt":90,"pressure_mb":975,"radius_34kt_nm":null},{"date":"19980926","time":"1200","status":"HU","lat":25.7,"lon":-85.1,"wind_kt":90,"pressure_mb":974,"radius_34kt_nm":null},{"date":"19980926","time":"1800","status":"HU","lat":26.2,"lon":-85.9,"wind_kt":90,"pressure_mb":975,"radius_34kt_nm":null},{"date":"19980927","time":"0000","status":"HU","lat":27,"lon":-86.5,"wind_kt":95,"pressure_mb":969,"radius_34kt_nm":null},{"date":"19980927","time":"0600","status":"HU","lat":27.6,"lon":-87.2,"wind_kt":95,"pressure_mb":970,"radius_34kt_nm":null},{"date":"19980927","time":"1200","status":"HU","lat":28.2,"lon":-87.8,"wind_kt":95,"pressure_mb":962,"radius_34kt_nm":null},{"date":"19980927","time":"1800","status":"HU","lat":28.8,"lon":-88.3,"wind_kt":95,"pressure_mb":962,"radius_34kt_nm":null},{"date":"19980928","time":"0000","status":"HU","lat":29.3,"lon":-88.5,"wind_kt":95,"pressure_mb":961,"radius_34kt_nm":null},{"date":"19980928","time":"0600","status":"HU","lat":29.8,"lon":-88.7,"wind_kt":90,"pressure_mb":964,"radius_34kt_nm":null},{"date":"19980928","time":"1130","status":"HU","lat":30.4,"lon":-88.9,"wind_kt":90,"pressure_mb":964,"radius_34kt_nm":null},{"date":"19980928","time":"1200","status":"HU","lat":30.4,"lon":-88.9,"wind_kt":90,"pressure_mb":965,"radius_34kt_nm":null},{"date":"19980928","time":"1800","status":"HU","lat":30.6,"lon":-88.9,"wind_kt":65,"pressure_mb":984,"radius_34kt_nm":null},{"date":"19980929","time":"0000","status":"TS","lat":30.6,"lon":-89,"wind_kt":50,"pressure_mb":986,"radius_34kt_nm":null},{"date":"19980929","time":"0600","status":"TS","lat":30.6,"lon":-88.4,"wind_kt":40,"pressure_mb":992,"radius_34kt_nm":null},{"date":"19980929","time":"1200","status":"TD","lat":31,"lon":-88.1,"wind_kt":30,"pressure_mb":994,"radius_34kt_nm":null},{"date":"19980929","time":"1800","status":"TD","lat":30.9,"lon":-87.5,"wind_kt":30,"pressure_mb":996,"radius_34kt_nm":null},{"date":"19980930","time":"0000","status":"TD","lat":30.8,"lon":-86.9,"wind_kt":30,"pressure_mb":998,"radius_34kt_nm":null},{"date":"19980930","time":"0600","status":"TD","lat":30.7,"lon":-86.3,"wind_kt":30,"pressure_mb":1000,"radius_34kt_nm":null},{"date":"19980930","time":"1200","status":"TD","lat":30.7,"lon":-85.4,"wind_kt":25,"pressure_mb":1002,"radius_34kt_nm":null},{"date":"19980930","time":"1800","status":"TD","lat":30.6,"lon":-84.2,"wind_kt":25,"pressure_mb":1004,"radius_34kt_nm":null},{"date":"19981001","time":"0000","status":"TD","lat":30.5,"lon":-83,"wind_kt":25,"pressure_mb":1006,"radius_34kt_nm":null},{"date":"19981001","time":"0600","status":"TD","lat":30.5,"lon":-81.8,"wind_kt":20,"pressure_mb":1008,"radius_34kt_nm":null}]}},{"type":"Feature","geometry":{"type":"LineString","coordinates":[[-90.3,26.9],[-91.6,26.8],[-92.1,26.4],[-92.5,25.7],[-92.5,26],[-92.3,25.9],[-92,25.8],[-91.4,26.4],[-91.3,27.5],[-91.1,28.3],[-90.9,29],[-90.9,29.1],[-90.9,29.2],[-90.5,30.5],[-90,31]]},"properties":{"id":"hur-al081998","event_type":"hurricane","name":"HERMINE","year":1998,"max_wind_kt":40,"min_pressure_mb":999,"category":0,"preliminary":false,"start_date":"19980917","end_date":"19980920","track":[{"date":"19980917","time":"1200","status":"TD","lat":26.9,"lon":-90.3,"wind_kt":30,"pressure_mb":1001,"radius_34kt_nm":null},{"date":"19980917","time":"1800","status":"TD","lat":26.8,"lon":-91.6,"wind_kt":30,"pressure_mb":1001,"radius_34kt_nm":null},{"date":"19980918","time":"0000","status":"TD","lat":26.4,"lon":-92.1,"wind_kt":30,"pressure_mb":1000,"radius_34kt_nm":null},{"date":"19980918","time":"0600","status":"TD","lat":25.7,"lon":-92.5,"wind_kt":30,"pressure_mb":999,"radius_34kt_nm":null},{"date":"19980918","time":"1200","status":"TD","lat":26,"lon":-92.5,"wind_kt":30,"pressure_mb":999,"radius_34kt_nm":null},{"date":"19980918","time":"1800","status":"TD","lat":25.9,"lon":-92.3,"wind_kt":30,"pressure_mb":1000,"radius_34kt_nm":null},{"date":"19980919","time":"0000","status":"TD","lat":25.8,"lon":-92,"wind_kt":30,"pressure_mb":1001,"radius_34kt_nm":null},{"date":"19980919","time":"0600","status":"TD","lat":26.4,"lon":-91.4,"wind_kt":30,"pressure_mb":1001,"radius_34kt_nm":null},{"date":"19980919","time":"1200","status":"TS","lat":27.5,"lon":-91.3,"wind_kt":35,"pressure_mb":1001,"radius_34kt_nm":null},{"date":"19980919","time":"1800","status":"TS","lat":28.3,"lon":-91.1,"wind_kt":40,"pressure_mb":1000,"radius_34kt_nm":null},{"date":"19980920","time":"0000","status":"TS","lat":29,"lon":-90.9,"wind_kt":40,"pressure_mb":999,"radius_34kt_nm":null},{"date":"19980920","time":"0500","status":"TS","lat":29.1,"lon":-90.9,"wind_kt":35,"pressure_mb":1000,"radius_34kt_nm":null},{"date":"19980920","time":"0600","status":"TS","lat":29.2,"lon":-90.9,"wind_kt":35,"pressure_mb":1001,"radius_34kt_nm":null},{"date":"19980920","time":"1200","status":"TD","lat":30.5,"lon":-90.5,"wind_kt":30,"pressure_mb":1002,"radius_34kt_nm":null},{"date":"19980920","time":"1800","status":"TD","lat":31,"lon":-90,"wind_kt":20,"pressure_mb":1003,"radius_34kt_nm":null}]}},{"type":"Feature","geometry":{"type":"LineString","coordinates":[[-26.6,13.4],[-27.5,13.1],[-28.2,12.9],[-29,13.1],[-29.6,13.4],[-30.6,14.3],[-31.5,15.2],[-32.6,16],[-33.7,16.8],[-34.9,17.4],[-35.6,18.2],[-36,19],[-36.1,20],[-36.1,21.3],[-36.4,22.9],[-37.1,24.2],[-37.7,25.6],[-38.4,26.9],[-39.2,28.3],[-40.2,29.6],[-40.9,30.5],[-41.6,31.3],[-42,32.3],[-42.3,33.4],[-42.3,34.4],[-41.9,35.3],[-41.3,36.3],[-40.2,37.2],[-38.7,38.1],[-36.3,39.2],[-33.1,40.1],[-29.7,40.7],[-25.7,40.7],[-22.7,40.9],[-19.2,41.3],[-15.5,41.5]]},"properties":{"id":"hur-al091998","event_type":"hurricane","name":"IVAN","year":1998,"max_wind_kt":80,"min_pressure_mb":975,"category":1,"preliminary":false,"start_date":"19980919","end_date":"19980927","track":[{"date":"19980919","time":"0000","status":"TD","lat":13.4,"lon":-26.6,"wind_kt":25,"pressure_mb":1010,"radius_34kt_nm":null},{"date":"19980919","time":"0600","status":"TD","lat":13.1,"lon":-27.5,"wind_kt":25,"pressure_mb":1010,"radius_34kt_nm":null},{"date":"19980919","time":"1200","status":"TD","lat":12.9,"lon":-28.2,"wind_kt":25,"pressure_mb":1010,"radius_34kt_nm":null},{"date":"19980919","time":"1800","status":"TD","lat":13.1,"lon":-29,"wind_kt":25,"pressure_mb":1010,"radius_34kt_nm":null},{"date":"19980920","time":"0000","status":"TD","lat":13.4,"lon":-29.6,"wind_kt":30,"pressure_mb":1009,"radius_34kt_nm":null},{"date":"19980920","time":"0600","status":"TD","lat":14.3,"lon":-30.6,"wind_kt":30,"pressure_mb":1009,"radius_34kt_nm":null},{"date":"19980920","time":"1200","status":"TD","lat":15.2,"lon":-31.5,"wind_kt":30,"pressure_mb":1008,"radius_34kt_nm":null},{"date":"19980920","time":"1800","status":"TS","lat":16,"lon":-32.6,"wind_kt":35,"pressure_mb":1006,"radius_34kt_nm":null},{"date":"19980921","time":"0000","status":"TS","lat":16.8,"lon":-33.7,"wind_kt":35,"pressure_mb":1005,"radius_34kt_nm":null},{"date":"19980921","time":"0600","status":"TS","lat":17.4,"lon":-34.9,"wind_kt":35,"pressure_mb":1003,"radius_34kt_nm":null},{"date":"19980921","time":"1200","status":"TS","lat":18.2,"lon":-35.6,"wind_kt":35,"pressure_mb":1003,"radius_34kt_nm":null},{"date":"19980921","time":"1800","status":"TS","lat":19,"lon":-36,"wind_kt":40,"pressure_mb":1002,"radius_34kt_nm":null},{"date":"19980922","time":"0000","status":"TS","lat":20,"lon":-36.1,"wind_kt":40,"pressure_mb":1001,"radius_34kt_nm":null},{"date":"19980922","time":"0600","status":"TS","lat":21.3,"lon":-36.1,"wind_kt":45,"pressure_mb":1000,"radius_34kt_nm":null},{"date":"19980922","time":"1200","status":"TS","lat":22.9,"lon":-36.4,"wind_kt":45,"pressure_mb":997,"radius_34kt_nm":null},{"date":"19980922","time":"1800","status":"TS","lat":24.2,"lon":-37.1,"wind_kt":55,"pressure_mb":994,"radius_34kt_nm":null},{"date":"19980923","time":"0000","status":"TS","lat":25.6,"lon":-37.7,"wind_kt":50,"pressure_mb":996,"radius_34kt_nm":null},{"date":"19980923","time":"0600","status":"TS","lat":26.9,"lon":-38.4,"wind_kt":45,"pressure_mb":997,"radius_34kt_nm":null},{"date":"19980923","time":"1200","status":"TS","lat":28.3,"lon":-39.2,"wind_kt":55,"pressure_mb":990,"radius_34kt_nm":null},{"date":"19980923","time":"1800","status":"HU","lat":29.6,"lon":-40.2,"wind_kt":65,"pressure_mb":987,"radius_34kt_nm":null},{"date":"19980924","time":"0000","status":"HU","lat":30.5,"lon":-40.9,"wind_kt":65,"pressure_mb":986,"radius_34kt_nm":null},{"date":"19980924","time":"0600","status":"HU","lat":31.3,"lon":-41.6,"wind_kt":70,"pressure_mb":985,"radius_34kt_nm":null},{"date":"19980924","time":"1200","status":"HU","lat":32.3,"lon":-42,"wind_kt":70,"pressure_mb":985,"radius_34kt_nm":null},{"date":"19980924","time":"1800","status":"HU","lat":33.4,"lon":-42.3,"wind_kt":70,"pressure_mb":985,"radius_34kt_nm":null},{"date":"19980925","time":"0000","status":"HU","lat":34.4,"lon":-42.3,"wind_kt":70,"pressure_mb":984,"radius_34kt_nm":null},{"date":"19980925","time":"0600","status":"HU","lat":35.3,"lon":-41.9,"wind_kt":70,"pressure_mb":984,"radius_34kt_nm":null},{"date":"19980925","time":"1200","status":"HU","lat":36.3,"lon":-41.3,"wind_kt":70,"pressure_mb":984,"radius_34kt_nm":null},{"date":"19980925","time":"1800","status":"HU","lat":37.2,"lon":-40.2,"wind_kt":75,"pressure_mb":983,"radius_34kt_nm":null},{"date":"19980926","time":"0000","status":"HU","lat":38.1,"lon":-38.7,"wind_kt":75,"pressure_mb":980,"radius_34kt_nm":null},{"date":"19980926","time":"0600","status":"HU","lat":39.2,"lon":-36.3,"wind_kt":80,"pressure_mb":975,"radius_34kt_nm":null},{"date":"19980926","time":"1200","status":"HU","lat":40.1,"lon":-33.1,"wind_kt":75,"pressure_mb":977,"radius_34kt_nm":null},{"date":"19980926","time":"1800","status":"HU","lat":40.7,"lon":-29.7,"wind_kt":75,"pressure_mb":982,"radius_34kt_nm":null},{"date":"19980927","time":"0000","status":"TS","lat":40.7,"lon":-25.7,"wind_kt":60,"pressure_mb":994,"radius_34kt_nm":null},{"date":"19980927","time":"0600","status":"EX","lat":40.9,"lon":-22.7,"wind_kt":50,"pressure_mb":997,"radius_34kt_nm":null},{"date":"19980927","time":"1200","status":"EX","lat":41.3,"lon":-19.2,"wind_kt":45,"pressure_mb":1000,"radius_34kt_nm":null},{"date":"19980927","time":"1800","status":"EX","lat":41.5,"lon":-15.5,"wind_kt":40,"pressure_mb":1002,"radius_34kt_nm":null}]}},{"type":"Feature","geometry":{"type":"LineString","coordinates":[[-17.4,9.6],[-18.2,10.5],[-19.4,11],[-20.7,11.5],[-22.2,12.1],[-23.8,12.7],[-25.2,13.1],[-26.7,13.6],[-28.1,14.1],[-29.5,14.5],[-30.8,15],[-32.1,15.4],[-33.4,15.9],[-34.4,16.4],[-35.4,17],[-36.3,17.5],[-37.2,18],[-37.9,18.6],[-38.6,19.3],[-39.4,20],[-40,20.8],[-40.6,21.6],[-41.2,22.4],[-41.6,23.4],[-42,24.4],[-41.8,25.6],[-41.5,27.1],[-41.2,28.8],[-40.7,30.6],[-39.6,32.3],[-38.4,33.8],[-37.2,35],[-36.2,35.8],[-35.3,36.2],[-34.6,36.6],[-33.4,36.9],[-32.1,37.2],[-30.7,37.6],[-29.4,38],[-28,38.2],[-26.3,38.3],[-24.5,38.5],[-22.5,38.7],[-21,38.8],[-19.5,38.9],[-18.2,39],[-16.8,39],[-15.5,39],[-14.3,39],[-13,39],[-11,39],[-9,39.1],[-7,39.3],[-5,39.5]]},"properties":{"id":"hur-al101998","event_type":"hurricane","name":"JEANNE","year":1998,"max_wind_kt":90,"min_pressure_mb":969,"category":2,"preliminary":false,"start_date":"19980921","end_date":"19981004","track":[{"date":"19980921","time":"0600","status":"TD","lat":9.6,"lon":-17.4,"wind_kt":30,"pressure_mb":1008,"radius_34kt_nm":null},{"date":"19980921","time":"1200","status":"TD","lat":10.5,"lon":-18.2,"wind_kt":30,"pressure_mb":1006,"radius_34kt_nm":null},{"date":"19980921","time":"1800","status":"TS","lat":11,"lon":-19.4,"wind_kt":35,"pressure_mb":1004,"radius_34kt_nm":null},{"date":"19980922","time":"0000","status":"TS","lat":11.5,"lon":-20.7,"wind_kt":40,"pressure_mb":1002,"radius_34kt_nm":null},{"date":"19980922","time":"0600","status":"TS","lat":12.1,"lon":-22.2,"wind_kt":45,"pressure_mb":1000,"radius_34kt_nm":null},{"date":"19980922","time":"1200","status":"TS","lat":12.7,"lon":-23.8,"wind_kt":55,"pressure_mb":994,"radius_34kt_nm":null},{"date":"19980922","time":"1800","status":"HU","lat":13.1,"lon":-25.2,"wind_kt":65,"pressure_mb":987,"radius_34kt_nm":null},{"date":"19980923","time":"0000","status":"HU","lat":13.6,"lon":-26.7,"wind_kt":70,"pressure_mb":983,"radius_34kt_nm":null},{"date":"19980923","time":"0600","status":"HU","lat":14.1,"lon":-28.1,"wind_kt":75,"pressure_mb":980,"radius_34kt_nm":null},{"date":"19980923","time":"1200","status":"HU","lat":14.5,"lon":-29.5,"wind_kt":80,"pressure_mb":975,"radius_34kt_nm":null},{"date":"19980923","time":"1800","status":"HU","lat":15,"lon":-30.8,"wind_kt":85,"pressure_mb":973,"radius_34kt_nm":null},{"date":"19980924","time":"0000","status":"HU","lat":15.4,"lon":-32.1,"wind_kt":85,"pressure_mb":972,"radius_34kt_nm":null},{"date":"19980924","time":"0600","status":"HU","lat":15.9,"lon":-33.4,"wind_kt":90,"pressure_mb":971,"radius_34kt_nm":null},{"date":"19980924","time":"1200","status":"HU","lat":16.4,"lon":-34.4,"wind_kt":90,"pressure_mb":970,"radius_34kt_nm":null},{"date":"19980924","time":"1800","status":"HU","lat":17,"lon":-35.4,"wind_kt":90,"pressure_mb":969,"radius_34kt_nm":null},{"date":"19980925","time":"0000","status":"HU","lat":17.5,"lon":-36.3,"wind_kt":90,"pressure_mb":971,"radius_34kt_nm":null},{"date":"19980925","time":"0600","status":"HU","lat":18,"lon":-37.2,"wind_kt":90,"pressure_mb":973,"radius_34kt_nm":null},{"date":"19980925","time":"1200","status":"HU","lat":18.6,"lon":-37.9,"wind_kt":85,"pressure_mb":975,"radius_34kt_nm":null},{"date":"19980925","time":"1800","status":"HU","lat":19.3,"lon":-38.6,"wind_kt":80,"pressure_mb":977,"radius_34kt_nm":null},{"date":"19980926","time":"0000","status":"HU","lat":20,"lon":-39.4,"wind_kt":75,"pressure_mb":979,"radius_34kt_nm":null},{"date":"19980926","time":"0600","status":"HU","lat":20.8,"lon":-40,"wind_kt":70,"pressure_mb":983,"radius_34kt_nm":null},{"date":"19980926","time":"1200","status":"HU","lat":21.6,"lon":-40.6,"wind_kt":70,"pressure_mb":983,"radius_34kt_nm":null},{"date":"19980926","time":"1800","status":"HU","lat":22.4,"lon":-41.2,"wind_kt":75,"pressure_mb":980,"radius_34kt_nm":null},{"date":"19980927","time":"0000","status":"HU","lat":23.4,"lon":-41.6,"wind_kt":75,"pressure_mb":980,"radius_34kt_nm":null},{"date":"19980927","time":"0600","status":"HU","lat":24.4,"lon":-42,"wind_kt":70,"pressure_mb":983,"radius_34kt_nm":null},{"date":"19980927","time":"1200","status":"HU","lat":25.6,"lon":-41.8,"wind_kt":70,"pressure_mb":983,"radius_34kt_nm":null},{"date":"19980927","time":"1800","status":"HU","lat":27.1,"lon":-41.5,"wind_kt":70,"pressure_mb":983,"radius_34kt_nm":null},{"date":"19980928","time":"0000","status":"HU","lat":28.8,"lon":-41.2,"wind_kt":70,"pressure_mb":983,"radius_34kt_nm":null},{"date":"19980928","time":"0600","status":"HU","lat":30.6,"lon":-40.7,"wind_kt":70,"pressure_mb":983,"radius_34kt_nm":null},{"date":"19980928","time":"1200","status":"HU","lat":32.3,"lon":-39.6,"wind_kt":75,"pressure_mb":980,"radius_34kt_nm":null},{"date":"19980928","time":"1800","status":"HU","lat":33.8,"lon":-38.4,"wind_kt":80,"pressure_mb":977,"radius_34kt_nm":null},{"date":"19980929","time":"0000","status":"HU","lat":35,"lon":-37.2,"wind_kt":80,"pressure_mb":977,"radius_34kt_nm":null},{"date":"19980929","time":"0600","status":"HU","lat":35.8,"lon":-36.2,"wind_kt":75,"pressure_mb":980,"radius_34kt_nm":null},{"date":"19980929","time":"1200","status":"HU","lat":36.2,"lon":-35.3,"wind_kt":65,"pressure_mb":985,"radius_34kt_nm":null},{"date":"19980929","time":"1800","status":"TS","lat":36.6,"lon":-34.6,"wind_kt":60,"pressure_mb":990,"radius_34kt_nm":null},{"date":"19980930","time":"0000","status":"TS","lat":36.9,"lon":-33.4,"wind_kt":50,"pressure_mb":997,"radius_34kt_nm":null},{"date":"19980930","time":"0600","status":"TS","lat":37.2,"lon":-32.1,"wind_kt":45,"pressure_mb":1000,"radius_34kt_nm":null},{"date":"19980930","time":"1200","status":"TS","lat":37.6,"lon":-30.7,"wind_kt":40,"pressure_mb":1002,"radius_34kt_nm":null},{"date":"19980930","time":"1800","status":"TS","lat":38,"lon":-29.4,"wind_kt":35,"pressure_mb":1006,"radius_34kt_nm":null},{"date":"19981001","time":"0000","status":"EX","lat":38.2,"lon":-28,"wind_kt":30,"pressure_mb":1008,"radius_34kt_nm":null},{"date":"19981001","time":"0600","status":"EX","lat":38.3,"lon":-26.3,"wind_kt":30,"pressure_mb":1008,"radius_34kt_nm":null},{"date":"19981001","time":"1200","status":"EX","lat":38.5,"lon":-24.5,"wind_kt":35,"pressure_mb":1006,"radius_34kt_nm":null},{"date":"19981001","time":"1800","status":"EX","lat":38.7,"lon":-22.5,"wind_kt":35,"pressure_mb":1005,"radius_34kt_nm":null},{"date":"19981002","time":"0000","status":"EX","lat":38.8,"lon":-21,"wind_kt":35,"pressure_mb":1003,"radius_34kt_nm":null},{"date":"19981002","time":"0600","status":"EX","lat":38.9,"lon":-19.5,"wind_kt":35,"pressure_mb":1003,"radius_34kt_nm":null},{"date":"19981002","time":"1200","status":"EX","lat":39,"lon":-18.2,"wind_kt":40,"pressure_mb":1003,"radius_34kt_nm":null},{"date":"19981002","time":"1800","status":"EX","lat":39,"lon":-16.8,"wind_kt":40,"pressure_mb":1003,"radius_34kt_nm":null},{"date":"19981003","time":"0000","status":"EX","lat":39,"lon":-15.5,"wind_kt":40,"pressure_mb":1003,"radius_34kt_nm":null},{"date":"19981003","time":"0600","status":"EX","lat":39,"lon":-14.3,"wind_kt":40,"pressure_mb":1003,"radius_34kt_nm":null},{"date":"19981003","time":"1200","status":"EX","lat":39,"lon":-13,"wind_kt":40,"pressure_mb":1003,"radius_34kt_nm":null},{"date":"19981003","time":"1800","status":"EX","lat":39,"lon":-11,"wind_kt":35,"pressure_mb":1003,"radius_34kt_nm":null},{"date":"19981004","time":"0000","status":"EX","lat":39.1,"lon":-9,"wind_kt":30,"pressure_mb":1003,"radius_34kt_nm":null},{"date":"19981004","time":"0600","status":"EX","lat":39.3,"lon":-7,"wind_kt":30,"pressure_mb":1004,"radius_34kt_nm":null},{"date":"19981004","time":"1200","status":"EX","lat":39.5,"lon":-5,"wind_kt":25,"pressure_mb":1004,"radius_34kt_nm":null}]}},{"type":"Feature","geometry":{"type":"LineString","coordinates":[[-65.4,33.3],[-62.8,33.2],[-60.7,33.2],[-59.2,32.9],[-58.1,32.5],[-57.2,32],[-56.2,31.4],[-55.1,30.8],[-54,30.4],[-52.9,30.3],[-51.8,30.5],[-51,31.1],[-49.9,31.8],[-48.8,32.6],[-47.3,33.9],[-45.2,35.5],[-42.5,37.4],[-39,39.1],[-34.7,40.4],[-30,41.5],[-25,42],[-20,43],[-16,46],[-14,48],[-11,49],[-8,49]]},"properties":{"id":"hur-al111998","event_type":"hurricane","name":"KARL","year":1998,"max_wind_kt":90,"min_pressure_mb":970,"category":2,"preliminary":false,"start_date":"19980923","end_date":"19980929","track":[{"date":"19980923","time":"1200","status":"TD","lat":33.3,"lon":-65.4,"wind_kt":25,"pressure_mb":1003,"radius_34kt_nm":null},{"date":"19980923","time":"1800","status":"TD","lat":33.2,"lon":-62.8,"wind_kt":30,"pressure_mb":1004,"radius_34kt_nm":null},{"date":"19980924","time":"0000","status":"TS","lat":33.2,"lon":-60.7,"wind_kt":35,"pressure_mb":1003,"radius_34kt_nm":null},{"date":"19980924","time":"0600","status":"TS","lat":32.9,"lon":-59.2,"wind_kt":35,"pressure_mb":1002,"radius_34kt_nm":null},{"date":"19980924","time":"1200","status":"TS","lat":32.5,"lon":-58.1,"wind_kt":40,"pressure_mb":1001,"radius_34kt_nm":null},{"date":"19980924","time":"1800","status":"TS","lat":32,"lon":-57.2,"wind_kt":45,"pressure_mb":1000,"radius_34kt_nm":null},{"date":"19980925","time":"0000","status":"TS","lat":31.4,"lon":-56.2,"wind_kt":50,"pressure_mb":998,"radius_34kt_nm":null},{"date":"19980925","time":"0600","status":"TS","lat":30.8,"lon":-55.1,"wind_kt":55,"pressure_mb":994,"radius_34kt_nm":null},{"date":"19980925","time":"1200","status":"HU","lat":30.4,"lon":-54,"wind_kt":65,"pressure_mb":987,"radius_34kt_nm":null},{"date":"19980925","time":"1800","status":"HU","lat":30.3,"lon":-52.9,"wind_kt":70,"pressure_mb":984,"radius_34kt_nm":null},{"date":"19980926","time":"0000","status":"HU","lat":30.5,"lon":-51.8,"wind_kt":75,"pressure_mb":981,"radius_34kt_nm":null},{"date":"19980926","time":"0600","status":"HU","lat":31.1,"lon":-51,"wind_kt":75,"pressure_mb":979,"radius_34kt_nm":null},{"date":"19980926","time":"1200","status":"HU","lat":31.8,"lon":-49.9,"wind_kt":75,"pressure_mb":977,"radius_34kt_nm":null},{"date":"19980926","time":"1800","status":"HU","lat":32.6,"lon":-48.8,"wind_kt":80,"pressure_mb":973,"radius_34kt_nm":null},{"date":"19980927","time":"0000","status":"HU","lat":33.9,"lon":-47.3,"wind_kt":90,"pressure_mb":970,"radius_34kt_nm":null},{"date":"19980927","time":"0600","status":"HU","lat":35.5,"lon":-45.2,"wind_kt":90,"pressure_mb":970,"radius_34kt_nm":null},{"date":"19980927","time":"1200","status":"HU","lat":37.4,"lon":-42.5,"wind_kt":80,"pressure_mb":973,"radius_34kt_nm":null},{"date":"19980927","time":"1800","status":"HU","lat":39.1,"lon":-39,"wind_kt":70,"pressure_mb":983,"radius_34kt_nm":null},{"date":"19980928","time":"0000","status":"TS","lat":40.4,"lon":-34.7,"wind_kt":55,"pressure_mb":994,"radius_34kt_nm":null},{"date":"19980928","time":"0600","status":"EX","lat":41.5,"lon":-30,"wind_kt":40,"pressure_mb":1002,"radius_34kt_nm":null},{"date":"19980928","time":"1200","status":"EX","lat":42,"lon":-25,"wind_kt":35,"pressure_mb":1001,"radius_34kt_nm":null},{"date":"19980928","time":"1800","status":"EX","lat":43,"lon":-20,"wind_kt":35,"pressure_mb":1000,"radius_34kt_nm":null},{"date":"19980929","time":"0000","status":"EX","lat":46,"lon":-16,"wind_kt":35,"pressure_mb":996,"radius_34kt_nm":null},{"date":"19980929","time":"0600","status":"EX","lat":48,"lon":-14,"wind_kt":35,"pressure_mb":994,"radius_34kt_nm":null},{"date":"19980929","time":"1200","status":"EX","lat":49,"lon":-11,"wind_kt":35,"pressure_mb":994,"radius_34kt_nm":null},{"date":"19980929","time":"1800","status":"EX","lat":49,"lon":-8,"wind_kt":35,"pressure_mb":991,"radius_34kt_nm":null}]}},{"type":"Feature","geometry":{"type":"LineString","coordinates":[[-46.4,13.9],[-47.1,14.2],[-47.8,14.8],[-48.5,15.7],[-49.2,16.5],[-49.3,17.1],[-48.9,17.6],[-48.5,18.2],[-48,18.9],[-47.5,19.6],[-46.6,20.4],[-45.3,21.5],[-43.9,22.9],[-42.1,24.6],[-40.1,26.9],[-38.6,29.6],[-37.8,32.9],[-37.9,36.8],[-38.7,41.6],[-39.3,47.1],[-32,52.1]]},"properties":{"id":"hur-al121998","event_type":"hurricane","name":"LISA","year":1998,"max_wind_kt":65,"min_pressure_mb":995,"category":1,"preliminary":false,"start_date":"19981005","end_date":"19981010","track":[{"date":"19981005","time":"0000","status":"TD","lat":13.9,"lon":-46.4,"wind_kt":30,"pressure_mb":1008,"radius_34kt_nm":null},{"date":"19981005","time":"0600","status":"TS","lat":14.2,"lon":-47.1,"wind_kt":35,"pressure_mb":1007,"radius_34kt_nm":null},{"date":"19981005","time":"1200","status":"TS","lat":14.8,"lon":-47.8,"wind_kt":35,"pressure_mb":1007,"radius_34kt_nm":null},{"date":"19981005","time":"1800","status":"TS","lat":15.7,"lon":-48.5,"wind_kt":40,"pressure_mb":1006,"radius_34kt_nm":null},{"date":"19981006","time":"0000","status":"TS","lat":16.5,"lon":-49.2,"wind_kt":40,"pressure_mb":1006,"radius_34kt_nm":null},{"date":"19981006","time":"0600","status":"TS","lat":17.1,"lon":-49.3,"wind_kt":45,"pressure_mb":1005,"radius_34kt_nm":null},{"date":"19981006","time":"1200","status":"TS","lat":17.6,"lon":-48.9,"wind_kt":45,"pressure_mb":1005,"radius_34kt_nm":null},{"date":"19981006","time":"1800","status":"TS","lat":18.2,"lon":-48.5,"wind_kt":45,"pressure_mb":1005,"radius_34kt_nm":null},{"date":"19981007","time":"0000","status":"TS","lat":18.9,"lon":-48,"wind_kt":50,"pressure_mb":1004,"radius_34kt_nm":null},{"date":"19981007","time":"0600","status":"TS","lat":19.6,"lon":-47.5,"wind_kt":50,"pressure_mb":1003,"radius_34kt_nm":null},{"date":"19981007","time":"1200","status":"TS","lat":20.4,"lon":-46.6,"wind_kt":50,"pressure_mb":1002,"radius_34kt_nm":null},{"date":"19981007","time":"1800","status":"TS","lat":21.5,"lon":-45.3,"wind_kt":50,"pressure_mb":1001,"radius_34kt_nm":null},{"date":"19981008","time":"0000","status":"TS","lat":22.9,"lon":-43.9,"wind_kt":55,"pressure_mb":1000,"radius_34kt_nm":null},{"date":"19981008","time":"0600","status":"TS","lat":24.6,"lon":-42.1,"wind_kt":55,"pressure_mb":999,"radius_34kt_nm":null},{"date":"19981008","time":"1200","status":"TS","lat":26.9,"lon":-40.1,"wind_kt":55,"pressure_mb":999,"radius_34kt_nm":null},{"date":"19981008","time":"1800","status":"TS","lat":29.6,"lon":-38.6,"wind_kt":60,"pressure_mb":999,"radius_34kt_nm":null},{"date":"19981009","time":"0000","status":"TS","lat":32.9,"lon":-37.8,"wind_kt":60,"pressure_mb":999,"radius_34kt_nm":null},{"date":"19981009","time":"0600","status":"TS","lat":36.8,"lon":-37.9,"wind_kt":60,"pressure_mb":997,"radius_34kt_nm":null},{"date":"19981009","time":"1200","status":"HU","lat":41.6,"lon":-38.7,"wind_kt":65,"pressure_mb":995,"radius_34kt_nm":null},{"date":"19981009","time":"1800","status":"HU","lat":47.1,"lon":-39.3,"wind_kt":65,"pressure_mb":997,"radius_34kt_nm":null},{"date":"19981010","time":"0000","status":"EX","lat":52.1,"lon":-32,"wind_kt":60,"pressure_mb":999,"radius_34kt_nm":null}]}},{"type":"Feature","geometry":{"type":"LineString","coordinates":[[-76.1,11.6],[-77.1,11.9],[-77.9,12],[-77.9,11.6],[-77.6,11.8],[-77.6,12.2],[-77.8,12.5],[-78,12.9],[-77.9,13.4],[-77.8,13.9],[-77.9,14.5],[-78.1,15],[-78.4,15.5],[-78.9,16],[-79.6,16.2],[-80.3,16.4],[-81,16.4],[-81.8,16.4],[-82.6,16.6],[-83.1,16.9],[-83.8,17.2],[-84.4,17.3],[-85,17.1],[-85.4,16.9],[-85.6,16.6],[-85.6,16.3],[-85.6,16.3],[-85.7,16.3],[-85.8,16.2],[-85.8,16.1],[-85.7,15.9],[-85.6,15.8],[-85.7,15.6],[-85.9,15.4],[-86.1,15.2],[-86.5,14.9],[-87,14.7],[-87.7,14.5],[-88.5,14.5],[-89.2,14.6],[-90,14.6],[-90.8,14.7],[-91.5,14.9],[-92.2,15.5],[-92.7,16.3],[-93.1,17.1],[-93.4,17.9],[-93.7,18.7],[-93.4,19.2],[-92.7,19.3],[-92.1,19.4],[-91.4,19.6],[-90.6,20],[-90.5,20.1],[-89.6,20.8],[-88.2,21.8],[-86.5,23.3],[-84.8,24.8],[-83.1,25.6],[-81.9,26.2],[-81.3,26.6],[-78.3,27.5],[-75,30],[-72,32.5],[-68,35],[-63,37],[-58,39],[-53,41],[-47.5,42.5],[-42,44.5],[-36.5,46.5],[-31,48.5],[-25,50],[-20.5,53.5],[-14.5,55.5],[-10.5,58],[-10,61],[-5,63.5]]},"properties":{"id":"hur-al131998","event_type":"hurricane","name":"MITCH","year":1998,"max_wind_kt":155,"min_pressure_mb":905,"category":5,"preliminary":false,"start_date":"19981022","end_date":"19981109","track":[{"date":"19981022","time":"0000","status":"TD","lat":11.6,"lon":-76.1,"wind_kt":30,"pressure_mb":1002,"radius_34kt_nm":null},{"date":"19981022","time":"0600","status":"TD","lat":11.9,"lon":-77.1,"wind_kt":30,"pressure_mb":1002,"radius_34kt_nm":null},{"date":"19981022","time":"1200","status":"TD","lat":12,"lon":-77.9,"wind_kt":30,"pressure_mb":1002,"radius_34kt_nm":null},{"date":"19981022","time":"1800","status":"TS","lat":11.6,"lon":-77.9,"wind_kt":35,"pressure_mb":1001,"radius_34kt_nm":null},{"date":"19981023","time":"0000","status":"TS","lat":11.8,"lon":-77.6,"wind_kt":40,"pressure_mb":1000,"radius_34kt_nm":null},{"date":"19981023","time":"0600","status":"TS","lat":12.2,"lon":-77.6,"wind_kt":45,"pressure_mb":999,"radius_34kt_nm":null},{"date":"19981023","time":"1200","status":"TS","lat":12.5,"lon":-77.8,"wind_kt":45,"pressure_mb":999,"radius_34kt_nm":null},{"date":"19981023","time":"1800","status":"TS","lat":12.9,"lon":-78,"wind_kt":50,"pressure_mb":998,"radius_34kt_nm":null},{"date":"19981024","time":"0000","status":"TS","lat":13.4,"lon":-77.9,"wind_kt":55,"pressure_mb":997,"radius_34kt_nm":null},{"date":"19981024","time":"0600","status":"HU","lat":13.9,"lon":-77.8,"wind_kt":65,"pressure_mb":990,"radius_34kt_nm":null},{"date":"19981024","time":"1200","status":"HU","lat":14.5,"lon":-77.9,"wind_kt":75,"pressure_mb":985,"radius_34kt_nm":null},{"date":"19981024","time":"1800","status":"HU","lat":15,"lon":-78.1,"wind_kt":90,"pressure_mb":980,"radius_34kt_nm":null},{"date":"19981025","time":"0000","status":"HU","lat":15.5,"lon":-78.4,"wind_kt":100,"pressure_mb":965,"radius_34kt_nm":null},{"date":"19981025","time":"0600","status":"HU","lat":16,"lon":-78.9,"wind_kt":105,"pressure_mb":951,"radius_34kt_nm":null},{"date":"19981025","time":"1200","status":"HU","lat":16.2,"lon":-79.6,"wind_kt":115,"pressure_mb":945,"radius_34kt_nm":null},{"date":"19981025","time":"1800","status":"HU","lat":16.4,"lon":-80.3,"wind_kt":125,"pressure_mb":926,"radius_34kt_nm":null},{"date":"19981026","time":"0000","status":"HU","lat":16.4,"lon":-81,"wind_kt":130,"pressure_mb":923,"radius_34kt_nm":null},{"date":"19981026","time":"0600","status":"HU","lat":16.4,"lon":-81.8,"wind_kt":135,"pressure_mb":922,"radius_34kt_nm":null},{"date":"19981026","time":"1200","status":"HU","lat":16.6,"lon":-82.6,"wind_kt":145,"pressure_mb":914,"radius_34kt_nm":null},{"date":"19981026","time":"1800","status":"HU","lat":16.9,"lon":-83.1,"wind_kt":155,"pressure_mb":905,"radius_34kt_nm":null},{"date":"19981027","time":"0000","status":"HU","lat":17.2,"lon":-83.8,"wind_kt":155,"pressure_mb":910,"radius_34kt_nm":null},{"date":"19981027","time":"0600","status":"HU","lat":17.3,"lon":-84.4,"wind_kt":150,"pressure_mb":917,"radius_34kt_nm":null},{"date":"19981027","time":"1200","status":"HU","lat":17.1,"lon":-85,"wind_kt":150,"pressure_mb":922,"radius_34kt_nm":null},{"date":"19981027","time":"1800","status":"HU","lat":16.9,"lon":-85.4,"wind_kt":145,"pressure_mb":928,"radius_34kt_nm":null},{"date":"19981028","time":"0000","status":"HU","lat":16.6,"lon":-85.6,"wind_kt":140,"pressure_mb":933,"radius_34kt_nm":null},{"date":"19981028","time":"0600","status":"HU","lat":16.3,"lon":-85.6,"wind_kt":130,"pressure_mb":938,"radius_34kt_nm":null},{"date":"19981028","time":"1200","status":"HU","lat":16.3,"lon":-85.6,"wind_kt":115,"pressure_mb":948,"radius_34kt_nm":null},{"date":"19981028","time":"1800","status":"HU","lat":16.3,"lon":-85.7,"wind_kt":95,"pressure_mb":959,"radius_34kt_nm":null},{"date":"19981029","time":"0000","status":"HU","lat":16.2,"lon":-85.8,"wind_kt":85,"pressure_mb":970,"radius_34kt_nm":null},{"date":"19981029","time":"0600","status":"HU","lat":16.1,"lon":-85.8,"wind_kt":75,"pressure_mb":979,"radius_34kt_nm":null},{"date":"19981029","time":"1200","status":"HU","lat":15.9,"lon":-85.7,"wind_kt":70,"pressure_mb":987,"radius_34kt_nm":null},{"date":"19981029","time":"1800","status":"TS","lat":15.8,"lon":-85.6,"wind_kt":60,"pressure_mb":994,"radius_34kt_nm":null},{"date":"19981030","time":"0000","status":"TS","lat":15.6,"lon":-85.7,"wind_kt":55,"pressure_mb":995,"radius_34kt_nm":null},{"date":"19981030","time":"0600","status":"TS","lat":15.4,"lon":-85.9,"wind_kt":50,"pressure_mb":996,"radius_34kt_nm":null},{"date":"19981030","time":"1200","status":"TS","lat":15.2,"lon":-86.1,"wind_kt":45,"pressure_mb":997,"radius_34kt_nm":null},{"date":"19981030","time":"1800","status":"TS","lat":14.9,"lon":-86.5,"wind_kt":45,"pressure_mb":998,"radius_34kt_nm":null},{"date":"19981031","time":"0000","status":"TS","lat":14.7,"lon":-87,"wind_kt":45,"pressure_mb":999,"radius_34kt_nm":null},{"date":"19981031","time":"0600","status":"TS","lat":14.5,"lon":-87.7,"wind_kt":40,"pressure_mb":1000,"radius_34kt_nm":null},{"date":"19981031","time":"1200","status":"TS","lat":14.5,"lon":-88.5,"wind_kt":35,"pressure_mb":1000,"radius_34kt_nm":null},{"date":"19981031","time":"1800","status":"TD","lat":14.6,"lon":-89.2,"wind_kt":30,"pressure_mb":1001,"radius_34kt_nm":null},{"date":"19981101","time":"0000","status":"TD","lat":14.6,"lon":-90,"wind_kt":30,"pressure_mb":1002,"radius_34kt_nm":null},{"date":"19981101","time":"0600","status":"TD","lat":14.7,"lon":-90.8,"wind_kt":25,"pressure_mb":1003,"radius_34kt_nm":null},{"date":"19981101","time":"1200","status":"TD","lat":14.9,"lon":-91.5,"wind_kt":25,"pressure_mb":1005,"radius_34kt_nm":null},{"date":"19981101","time":"1800","status":"TD","lat":15.5,"lon":-92.2,"wind_kt":25,"pressure_mb":1005,"radius_34kt_nm":null},{"date":"19981102","time":"0000","status":"LO","lat":16.3,"lon":-92.7,"wind_kt":20,"pressure_mb":1005,"radius_34kt_nm":null},{"date":"19981102","time":"0600","status":"LO","lat":17.1,"lon":-93.1,"wind_kt":20,"pressure_mb":1005,"radius_34kt_nm":null},{"date":"19981102","time":"1200","status":"LO","lat":17.9,"lon":-93.4,"wind_kt":20,"pressure_mb":1005,"radius_34kt_nm":null},{"date":"19981102","time":"1800","status":"LO","lat":18.7,"lon":-93.7,"wind_kt":20,"pressure_mb":1005,"radius_34kt_nm":null},{"date":"19981103","time":"0000","status":"LO","lat":19.2,"lon":-93.4,"wind_kt":20,"pressure_mb":1003,"radius_34kt_nm":null},{"date":"19981103","time":"0600","status":"LO","lat":19.3,"lon":-92.7,"wind_kt":20,"pressure_mb":1003,"radius_34kt_nm":null},{"date":"19981103","time":"1200","status":"LO","lat":19.4,"lon":-92.1,"wind_kt":25,"pressure_mb":1002,"radius_34kt_nm":null},{"date":"19981103","time":"1800","status":"TS","lat":19.6,"lon":-91.4,"wind_kt":40,"pressure_mb":997,"radius_34kt_nm":null},{"date":"19981104","time":"0000","status":"TS","lat":20,"lon":-90.6,"wind_kt":35,"pressure_mb":997,"radius_34kt_nm":null},{"date":"19981104","time":"0200","status":"TS","lat":20.1,"lon":-90.5,"wind_kt":35,"pressure_mb":998,"radius_34kt_nm":null},{"date":"19981104","time":"0600","status":"TD","lat":20.8,"lon":-89.6,"wind_kt":30,"pressure_mb":998,"radius_34kt_nm":null},{"date":"19981104","time":"1200","status":"TS","lat":21.8,"lon":-88.2,"wind_kt":40,"pressure_mb":998,"radius_34kt_nm":null},{"date":"19981104","time":"1800","status":"TS","lat":23.3,"lon":-86.5,"wind_kt":40,"pressure_mb":993,"radius_34kt_nm":null},{"date":"19981105","time":"0000","status":"TS","lat":24.8,"lon":-84.8,"wind_kt":45,"pressure_mb":993,"radius_34kt_nm":null},{"date":"19981105","time":"0600","status":"TS","lat":25.6,"lon":-83.1,"wind_kt":50,"pressure_mb":990,"radius_34kt_nm":null},{"date":"19981105","time":"1100","status":"TS","lat":26.2,"lon":-81.9,"wind_kt":55,"pressure_mb":989,"radius_34kt_nm":null},{"date":"19981105","time":"1200","status":"TS","lat":26.6,"lon":-81.3,"wind_kt":55,"pressure_mb":987,"radius_34kt_nm":null},{"date":"19981105","time":"1800","status":"EX","lat":27.5,"lon":-78.3,"wind_kt":50,"pressure_mb":992,"radius_34kt_nm":null},{"date":"19981106","time":"0000","status":"EX","lat":30,"lon":-75,"wind_kt":50,"pressure_mb":993,"radius_34kt_nm":null},{"date":"19981106","time":"0600","status":"EX","lat":32.5,"lon":-72,"wind_kt":50,"pressure_mb":992,"radius_34kt_nm":null},{"date":"19981106","time":"1200","status":"EX","lat":35,"lon":-68,"wind_kt":50,"pressure_mb":990,"radius_34kt_nm":null},{"date":"19981106","time":"1800","status":"EX","lat":37,"lon":-63,"wind_kt":50,"pressure_mb":989,"radius_34kt_nm":null},{"date":"19981107","time":"0000","status":"EX","lat":39,"lon":-58,"wind_kt":50,"pressure_mb":990,"radius_34kt_nm":null},{"date":"19981107","time":"0600","status":"EX","lat":41,"lon":-53,"wind_kt":50,"pressure_mb":992,"radius_34kt_nm":null},{"date":"19981107","time":"1200","status":"EX","lat":42.5,"lon":-47.5,"wind_kt":50,"pressure_mb":986,"radius_34kt_nm":null},{"date":"19981107","time":"1800","status":"EX","lat":44.5,"lon":-42,"wind_kt":60,"pressure_mb":972,"radius_34kt_nm":null},{"date":"19981108","time":"0000","status":"EX","lat":46.5,"lon":-36.5,"wind_kt":60,"pressure_mb":974,"radius_34kt_nm":null},{"date":"19981108","time":"0600","status":"EX","lat":48.5,"lon":-31,"wind_kt":60,"pressure_mb":972,"radius_34kt_nm":null},{"date":"19981108","time":"1200","status":"EX","lat":50,"lon":-25,"wind_kt":60,"pressure_mb":962,"radius_34kt_nm":null},{"date":"19981108","time":"1800","status":"EX","lat":53.5,"lon":-20.5,"wind_kt":60,"pressure_mb":956,"radius_34kt_nm":null},{"date":"19981109","time":"0000","status":"EX","lat":55.5,"lon":-14.5,"wind_kt":60,"pressure_mb":956,"radius_34kt_nm":null},{"date":"19981109","time":"0600","status":"EX","lat":58,"lon":-10.5,"wind_kt":60,"pressure_mb":956,"radius_34kt_nm":null},{"date":"19981109","time":"1200","status":"EX","lat":61,"lon":-10,"wind_kt":60,"pressure_mb":956,"radius_34kt_nm":null},{"date":"19981109","time":"1800","status":"EX","lat":63.5,"lon":-5,"wind_kt":55,"pressure_mb":960,"radius_34kt_nm":null}]}},{"type":"Feature","geometry":{"type":"LineString","coordinates":[[-28,28.3],[-29.1,27.9],[-30.1,27.5],[-31.1,27.2],[-32,26.9],[-32.9,26.6],[-33.7,26.3],[-34.6,26],[-35.4,25.7],[-36.4,25.5],[-37.3,25.3],[-38.3,25.2],[-39.2,25.2],[-40.3,25.3],[-41.7,25.4],[-43,25.6],[-44.1,25.8],[-45.3,26.3],[-46.2,27.1],[-46.6,28],[-46.5,28.8],[-45.9,30],[-44.9,31],[-43.8,31.8],[-42.6,32.6],[-41.7,33.1],[-40.5,33.8],[-39.3,34.3],[-37.9,35.1],[-35.5,37],[-34,40.4],[-34,43],[-34.5,47],[-35.5,49.5],[-37,52]]},"properties":{"id":"hur-al141998","event_type":"hurricane","name":"NICOLE","year":1998,"max_wind_kt":75,"min_pressure_mb":979,"category":1,"preliminary":false,"start_date":"19981124","end_date":"19981202","track":[{"date":"19981124","time":"0000","status":"TD","lat":28.3,"lon":-28,"wind_kt":30,"pressure_mb":1010,"radius_34kt_nm":null},{"date":"19981124","time":"0600","status":"TS","lat":27.9,"lon":-29.1,"wind_kt":35,"pressure_mb":1005,"radius_34kt_nm":null},{"date":"19981124","time":"1200","status":"TS","lat":27.5,"lon":-30.1,"wind_kt":45,"pressure_mb":1000,"radius_34kt_nm":null},{"date":"19981124","time":"1800","status":"TS","lat":27.2,"lon":-31.1,"wind_kt":60,"pressure_mb":997,"radius_34kt_nm":null},{"date":"19981125","time":"0000","status":"TS","lat":26.9,"lon":-32,"wind_kt":60,"pressure_mb":995,"radius_34kt_nm":null},{"date":"19981125","time":"0600","status":"TS","lat":26.6,"lon":-32.9,"wind_kt":60,"pressure_mb":994,"radius_34kt_nm":null},{"date":"19981125","time":"1200","status":"TS","lat":26.3,"lon":-33.7,"wind_kt":55,"pressure_mb":994,"radius_34kt_nm":null},{"date":"19981125","time":"1800","status":"TS","lat":26,"lon":-34.6,"wind_kt":50,"pressure_mb":994,"radius_34kt_nm":null},{"date":"19981126","time":"0000","status":"TS","lat":25.7,"lon":-35.4,"wind_kt":40,"pressure_mb":998,"radius_34kt_nm":null},{"date":"19981126","time":"0600","status":"TS","lat":25.5,"lon":-36.4,"wind_kt":35,"pressure_mb":1000,"radius_34kt_nm":null},{"date":"19981126","time":"1200","status":"TD","lat":25.3,"lon":-37.3,"wind_kt":30,"pressure_mb":1007,"radius_34kt_nm":null},{"date":"19981126","time":"1800","status":"TD","lat":25.2,"lon":-38.3,"wind_kt":25,"pressure_mb":1009,"radius_34kt_nm":null},{"date":"19981127","time":"0000","status":"TD","lat":25.2,"lon":-39.2,"wind_kt":25,"pressure_mb":1009,"radius_34kt_nm":null},{"date":"19981127","time":"0600","status":"TD","lat":25.3,"lon":-40.3,"wind_kt":25,"pressure_mb":1009,"radius_34kt_nm":null},{"date":"19981127","time":"1200","status":"TD","lat":25.4,"lon":-41.7,"wind_kt":30,"pressure_mb":1009,"radius_34kt_nm":null},{"date":"19981127","time":"1800","status":"TS","lat":25.6,"lon":-43,"wind_kt":40,"pressure_mb":1005,"radius_34kt_nm":null},{"date":"19981128","time":"0000","status":"TS","lat":25.8,"lon":-44.1,"wind_kt":50,"pressure_mb":1001,"radius_34kt_nm":null},{"date":"19981128","time":"0600","status":"TS","lat":26.3,"lon":-45.3,"wind_kt":50,"pressure_mb":1000,"radius_34kt_nm":null},{"date":"19981128","time":"1200","status":"TS","lat":27.1,"lon":-46.2,"wind_kt":50,"pressure_mb":1000,"radius_34kt_nm":null},{"date":"19981128","time":"1800","status":"TS","lat":28,"lon":-46.6,"wind_kt":50,"pressure_mb":1000,"radius_34kt_nm":null},{"date":"19981129","time":"0000","status":"TS","lat":28.8,"lon":-46.5,"wind_kt":45,"pressure_mb":1000,"radius_34kt_nm":null},{"date":"19981129","time":"0600","status":"TS","lat":30,"lon":-45.9,"wind_kt":45,"pressure_mb":1000,"radius_34kt_nm":null},{"date":"19981129","time":"1200","status":"TS","lat":31,"lon":-44.9,"wind_kt":55,"pressure_mb":1000,"radius_34kt_nm":null},{"date":"19981129","time":"1800","status":"TS","lat":31.8,"lon":-43.8,"wind_kt":60,"pressure_mb":995,"radius_34kt_nm":null},{"date":"19981130","time":"0000","status":"HU","lat":32.6,"lon":-42.6,"wind_kt":65,"pressure_mb":992,"radius_34kt_nm":null},{"date":"19981130","time":"0600","status":"HU","lat":33.1,"lon":-41.7,"wind_kt":65,"pressure_mb":992,"radius_34kt_nm":null},{"date":"19981130","time":"1200","status":"HU","lat":33.8,"lon":-40.5,"wind_kt":65,"pressure_mb":987,"radius_34kt_nm":null},{"date":"19981130","time":"1800","status":"HU","lat":34.3,"lon":-39.3,"wind_kt":70,"pressure_mb":984,"radius_34kt_nm":null},{"date":"19981201","time":"0000","status":"HU","lat":35.1,"lon":-37.9,"wind_kt":75,"pressure_mb":979,"radius_34kt_nm":null},{"date":"19981201","time":"0600","status":"HU","lat":37,"lon":-35.5,"wind_kt":70,"pressure_mb":980,"radius_34kt_nm":null},{"date":"19981201","time":"1200","status":"TS","lat":40.4,"lon":-34,"wind_kt":60,"pressure_mb":982,"radius_34kt_nm":null},{"date":"19981201","time":"1800","status":"EX","lat":43,"lon":-34,"wind_kt":60,"pressure_mb":985,"radius_34kt_nm":null},{"date":"19981202","time":"0000","status":"EX","lat":47,"lon":-34.5,"wind_kt":50,"pressure_mb":988,"radius_34kt_nm":null},{"date":"19981202","time":"0600","status":"EX","lat":49.5,"lon":-35.5,"wind_kt":50,"pressure_mb":990,"radius_34kt_nm":null},{"date":"19981202","time":"1200","status":"EX","lat":52,"lon":-37,"wind_kt":50,"pressure_mb":990,"radius_34kt_nm":null}]}},{"type":"Feature","geometry":{"type":"LineString","coordinates":[[-58.1,27.1],[-57.4,27.7],[-57.3,28.1],[-57.3,28.3],[-57.4,28.5],[-57.5,28.8],[-57.8,29],[-58.2,29.1],[-58.7,29.1],[-59.2,29.1],[-59.8,29.2],[-60.4,29.3],[-60.7,29.6],[-61.1,29.8],[-61.5,29.7],[-61.3,29.6],[-61.4,29.9],[-61.7,30],[-62,30.3],[-62.3,30.8],[-62.5,31.3],[-62.8,31.8],[-63,32.5],[-63,33.4],[-62.3,34.4],[-61.6,35.4]]},"properties":{"id":"hur-al011999","event_type":"hurricane","name":"ARLENE","year":1999,"max_wind_kt":50,"min_pressure_mb":1006,"category":0,"preliminary":false,"start_date":"19990611","end_date":"19990618","track":[{"date":"19990611","time":"1800","status":"TD","lat":27.1,"lon":-58.1,"wind_kt":30,"pressure_mb":1010,"radius_34kt_nm":null},{"date":"19990612","time":"0000","status":"TD","lat":27.7,"lon":-57.4,"wind_kt":30,"pressure_mb":1010,"radius_34kt_nm":null},{"date":"19990612","time":"0600","status":"TD","lat":28.1,"lon":-57.3,"wind_kt":30,"pressure_mb":1010,"radius_34kt_nm":null},{"date":"19990612","time":"1200","status":"TS","lat":28.3,"lon":-57.3,"wind_kt":35,"pressure_mb":1009,"radius_34kt_nm":null},{"date":"19990612","time":"1800","status":"TS","lat":28.5,"lon":-57.4,"wind_kt":45,"pressure_mb":1008,"radius_34kt_nm":null},{"date":"19990613","time":"0000","status":"TS","lat":28.8,"lon":-57.5,"wind_kt":50,"pressure_mb":1006,"radius_34kt_nm":null},{"date":"19990613","time":"0600","status":"TS","lat":29,"lon":-57.8,"wind_kt":50,"pressure_mb":1006,"radius_34kt_nm":null},{"date":"19990613","time":"1200","status":"TS","lat":29.1,"lon":-58.2,"wind_kt":50,"pressure_mb":1007,"radius_34kt_nm":null},{"date":"19990613","time":"1800","status":"TS","lat":29.1,"lon":-58.7,"wind_kt":50,"pressure_mb":1007,"radius_34kt_nm":null},{"date":"19990614","time":"0000","status":"TS","lat":29.1,"lon":-59.2,"wind_kt":45,"pressure_mb":1008,"radius_34kt_nm":null},{"date":"19990614","time":"0600","status":"TS","lat":29.2,"lon":-59.8,"wind_kt":40,"pressure_mb":1009,"radius_34kt_nm":null},{"date":"19990614","time":"1200","status":"TS","lat":29.3,"lon":-60.4,"wind_kt":40,"pressure_mb":1009,"radius_34kt_nm":null},{"date":"19990614","time":"1800","status":"TS","lat":29.6,"lon":-60.7,"wind_kt":40,"pressure_mb":1009,"radius_34kt_nm":null},{"date":"19990615","time":"0000","status":"TS","lat":29.8,"lon":-61.1,"wind_kt":40,"pressure_mb":1009,"radius_34kt_nm":null},{"date":"19990615","time":"0600","status":"TS","lat":29.7,"lon":-61.5,"wind_kt":40,"pressure_mb":1009,"radius_34kt_nm":null},{"date":"19990615","time":"1200","status":"TS","lat":29.6,"lon":-61.3,"wind_kt":45,"pressure_mb":1008,"radius_34kt_nm":null},{"date":"19990615","time":"1800","status":"TS","lat":29.9,"lon":-61.4,"wind_kt":45,"pressure_mb":1009,"radius_34kt_nm":null},{"date":"19990616","time":"0000","status":"TS","lat":30,"lon":-61.7,"wind_kt":45,"pressure_mb":1009,"radius_34kt_nm":null},{"date":"19990616","time":"0600","status":"TS","lat":30.3,"lon":-62,"wind_kt":45,"pressure_mb":1010,"radius_34kt_nm":null},{"date":"19990616","time":"1200","status":"TS","lat":30.8,"lon":-62.3,"wind_kt":40,"pressure_mb":1010,"radius_34kt_nm":null},{"date":"19990616","time":"1800","status":"TS","lat":31.3,"lon":-62.5,"wind_kt":35,"pressure_mb":1012,"radius_34kt_nm":null},{"date":"19990617","time":"0000","status":"TD","lat":31.8,"lon":-62.8,"wind_kt":30,"pressure_mb":1014,"radius_34kt_nm":null},{"date":"19990617","time":"0600","status":"TD","lat":32.5,"lon":-63,"wind_kt":30,"pressure_mb":1015,"radius_34kt_nm":null},{"date":"19990617","time":"1200","status":"TD","lat":33.4,"lon":-63,"wind_kt":30,"pressure_mb":1015,"radius_34kt_nm":null},{"date":"19990617","time":"1800","status":"TD","lat":34.4,"lon":-62.3,"wind_kt":30,"pressure_mb":1015,"radius_34kt_nm":null},{"date":"19990618","time":"0000","status":"TD","lat":35.4,"lon":-61.6,"wind_kt":25,"pressure_mb":1015,"radius_34kt_nm":null}]}},{"type":"Feature","geometry":{"type":"LineString","coordinates":[[-95,20.2],[-96.3,20.6],[-97,20.5],[-97.3,20.4]]},"properties":{"id":"hur-al021999","event_type":"hurricane","name":null,"year":1999,"max_wind_kt":30,"min_pressure_mb":1004,"category":-1,"preliminary":false,"start_date":"19990702","end_date":"19990703","track":[{"date":"19990702","time":"1800","status":"TD","lat":20.2,"lon":-95,"wind_kt":30,"pressure_mb":1006,"radius_34kt_nm":null},{"date":"19990703","time":"0000","status":"TD","lat":20.6,"lon":-96.3,"wind_kt":30,"pressure_mb":1004,"radius_34kt_nm":null},{"date":"19990703","time":"0400","status":"TD","lat":20.5,"lon":-97,"wind_kt":30,"pressure_mb":1004,"radius_34kt_nm":null},{"date":"19990703","time":"0600","status":"TD","lat":20.4,"lon":-97.3,"wind_kt":25,"pressure_mb":1005,"radius_34kt_nm":null}]}},{"type":"Feature","geometry":{"type":"LineString","coordinates":[[-94.4,19.5],[-94.5,19.5],[-94.6,19.6],[-94.6,19.7],[-94.7,19.8],[-94.7,19.8],[-94.6,20],[-94.5,20.4],[-94.4,21.2],[-94.5,21.9],[-94.7,22.5],[-94.9,23.1],[-95,23.8],[-95.1,24.7],[-95.5,25.5],[-96.1,26.2],[-96.8,26.6],[-97.4,26.9],[-97.9,27],[-98.3,27.3],[-98.8,27.6],[-99.5,28],[-100.4,28],[-101.3,27.8],[-102.1,27.7],[-103,27.6]]},"properties":{"id":"hur-al031999","event_type":"hurricane","name":"BRET","year":1999,"max_wind_kt":125,"min_pressure_mb":944,"category":4,"preliminary":false,"start_date":"19990818","end_date":"19990825","track":[{"date":"19990818","time":"1800","status":"TD","lat":19.5,"lon":-94.4,"wind_kt":30,"pressure_mb":1010,"radius_34kt_nm":null},{"date":"19990819","time":"0000","status":"TD","lat":19.5,"lon":-94.5,"wind_kt":30,"pressure_mb":1008,"radius_34kt_nm":null},{"date":"19990819","time":"0600","status":"TD","lat":19.6,"lon":-94.6,"wind_kt":30,"pressure_mb":1008,"radius_34kt_nm":null},{"date":"19990819","time":"1200","status":"TD","lat":19.7,"lon":-94.6,"wind_kt":30,"pressure_mb":1008,"radius_34kt_nm":null},{"date":"19990819","time":"1800","status":"TS","lat":19.8,"lon":-94.7,"wind_kt":35,"pressure_mb":1005,"radius_34kt_nm":null},{"date":"19990820","time":"0000","status":"TS","lat":19.8,"lon":-94.7,"wind_kt":40,"pressure_mb":1000,"radius_34kt_nm":null},{"date":"19990820","time":"0600","status":"TS","lat":20,"lon":-94.6,"wind_kt":45,"pressure_mb":998,"radius_34kt_nm":null},{"date":"19990820","time":"1200","status":"TS","lat":20.4,"lon":-94.5,"wind_kt":50,"pressure_mb":993,"radius_34kt_nm":null},{"date":"19990820","time":"1800","status":"TS","lat":21.2,"lon":-94.4,"wind_kt":55,"pressure_mb":991,"radius_34kt_nm":null},{"date":"19990821","time":"0000","status":"HU","lat":21.9,"lon":-94.5,"wind_kt":65,"pressure_mb":983,"radius_34kt_nm":null},{"date":"19990821","time":"0600","status":"HU","lat":22.5,"lon":-94.7,"wind_kt":75,"pressure_mb":980,"radius_34kt_nm":null},{"date":"19990821","time":"1200","status":"HU","lat":23.1,"lon":-94.9,"wind_kt":80,"pressure_mb":979,"radius_34kt_nm":null},{"date":"19990821","time":"1800","status":"HU","lat":23.8,"lon":-95,"wind_kt":90,"pressure_mb":975,"radius_34kt_nm":null},{"date":"19990822","time":"0000","status":"HU","lat":24.7,"lon":-95.1,"wind_kt":120,"pressure_mb":954,"radius_34kt_nm":null},{"date":"19990822","time":"0600","status":"HU","lat":25.5,"lon":-95.5,"wind_kt":125,"pressure_mb":950,"radius_34kt_nm":null},{"date":"19990822","time":"1200","status":"HU","lat":26.2,"lon":-96.1,"wind_kt":125,"pressure_mb":944,"radius_34kt_nm":null},{"date":"19990822","time":"1800","status":"HU","lat":26.6,"lon":-96.8,"wind_kt":120,"pressure_mb":946,"radius_34kt_nm":null},{"date":"19990823","time":"0000","status":"HU","lat":26.9,"lon":-97.4,"wind_kt":100,"pressure_mb":951,"radius_34kt_nm":null},{"date":"19990823","time":"0600","status":"HU","lat":27,"lon":-97.9,"wind_kt":80,"pressure_mb":963,"radius_34kt_nm":null},{"date":"19990823","time":"1200","status":"TS","lat":27.3,"lon":-98.3,"wind_kt":60,"pressure_mb":980,"radius_34kt_nm":null},{"date":"19990823","time":"1800","status":"TS","lat":27.6,"lon":-98.8,"wind_kt":35,"pressure_mb":993,"radius_34kt_nm":null},{"date":"19990824","time":"0000","status":"TD","lat":28,"lon":-99.5,"wind_kt":30,"pressure_mb":1000,"radius_34kt_nm":null},{"date":"19990824","time":"0600","status":"TD","lat":28,"lon":-100.4,"wind_kt":30,"pressure_mb":1003,"radius_34kt_nm":null},{"date":"19990824","time":"1200","status":"TD","lat":27.8,"lon":-101.3,"wind_kt":25,"pressure_mb":1006,"radius_34kt_nm":null},{"date":"19990824","time":"1800","status":"TD","lat":27.7,"lon":-102.1,"wind_kt":25,"pressure_mb":1007,"radius_34kt_nm":null},{"date":"19990825","time":"0000","status":"TD","lat":27.6,"lon":-103,"wind_kt":20,"pressure_mb":1008,"radius_34kt_nm":null}]}},{"type":"Feature","geometry":{"type":"LineString","coordinates":[[-18.9,13.5],[-20.3,13.8],[-21.5,13.9],[-22.5,13.8],[-23.4,13.7],[-24.3,13.6],[-25.4,13.5],[-26.6,13.6],[-27.7,13.6],[-28.8,13.8],[-29.7,13.9],[-30.8,14.1],[-31.7,14.2],[-32.3,14.4],[-32.7,14.5],[-33.1,14.6],[-33.9,14.9],[-34.9,15.3],[-35.9,15.7],[-36.9,16.1],[-38,16.6],[-39.2,16.9],[-40.6,17.2],[-42.2,17.5],[-43.6,17.8],[-44.8,18.4],[-45.9,19.3],[-47.1,20.4],[-48.2,21.7],[-49.5,22.9],[-50.8,24.2],[-52,25.4],[-53.1,26.4],[-54.3,27.2],[-55.4,27.8],[-56.2,28.3],[-56.9,28.7],[-57.5,29.3],[-58,30.1],[-58.5,30.8],[-58.4,31.5],[-58.4,32.3],[-58.2,33.1],[-57.4,33.8],[-56.3,34.3],[-55.5,34.7],[-54.9,35.3],[-54.2,36.1],[-52.6,37],[-50.6,38.2],[-48.2,40.4]]},"properties":{"id":"hur-al041999","event_type":"hurricane","name":"CINDY","year":1999,"max_wind_kt":120,"min_pressure_mb":942,"category":4,"preliminary":false,"start_date":"19990819","end_date":"19990831","track":[{"date":"19990819","time":"0000","status":"TD","lat":13.5,"lon":-18.9,"wind_kt":30,"pressure_mb":1003,"radius_34kt_nm":null},{"date":"19990819","time":"0600","status":"TD","lat":13.8,"lon":-20.3,"wind_kt":30,"pressure_mb":1003,"radius_34kt_nm":null},{"date":"19990819","time":"1200","status":"TD","lat":13.9,"lon":-21.5,"wind_kt":30,"pressure_mb":1003,"radius_34kt_nm":null},{"date":"19990819","time":"1800","status":"TD","lat":13.8,"lon":-22.5,"wind_kt":30,"pressure_mb":1003,"radius_34kt_nm":null},{"date":"19990820","time":"0000","status":"TD","lat":13.7,"lon":-23.4,"wind_kt":30,"pressure_mb":1002,"radius_34kt_nm":null},{"date":"19990820","time":"0600","status":"TD","lat":13.6,"lon":-24.3,"wind_kt":30,"pressure_mb":1002,"radius_34kt_nm":null},{"date":"19990820","time":"1200","status":"TD","lat":13.5,"lon":-25.4,"wind_kt":30,"pressure_mb":1002,"radius_34kt_nm":null},{"date":"19990820","time":"1800","status":"TS","lat":13.6,"lon":-26.6,"wind_kt":35,"pressure_mb":1001,"radius_34kt_nm":null},{"date":"19990821","time":"0000","status":"TS","lat":13.6,"lon":-27.7,"wind_kt":40,"pressure_mb":1000,"radius_34kt_nm":null},{"date":"19990821","time":"0600","status":"TS","lat":13.8,"lon":-28.8,"wind_kt":50,"pressure_mb":997,"radius_34kt_nm":null},{"date":"19990821","time":"1200","status":"TS","lat":13.9,"lon":-29.7,"wind_kt":55,"pressure_mb":994,"radius_34kt_nm":null},{"date":"19990821","time":"1800","status":"TS","lat":14.1,"lon":-30.8,"wind_kt":60,"pressure_mb":990,"radius_34kt_nm":null},{"date":"19990822","time":"0000","status":"HU","lat":14.2,"lon":-31.7,"wind_kt":65,"pressure_mb":987,"radius_34kt_nm":null},{"date":"19990822","time":"0600","status":"HU","lat":14.4,"lon":-32.3,"wind_kt":65,"pressure_mb":987,"radius_34kt_nm":null},{"date":"19990822","time":"1200","status":"HU","lat":14.5,"lon":-32.7,"wind_kt":65,"pressure_mb":987,"radius_34kt_nm":null},{"date":"19990822","time":"1800","status":"TS","lat":14.6,"lon":-33.1,"wind_kt":60,"pressure_mb":990,"radius_34kt_nm":null},{"date":"19990823","time":"0000","status":"TS","lat":14.9,"lon":-33.9,"wind_kt":50,"pressure_mb":997,"radius_34kt_nm":null},{"date":"19990823","time":"0600","status":"TS","lat":15.3,"lon":-34.9,"wind_kt":50,"pressure_mb":997,"radius_34kt_nm":null},{"date":"19990823","time":"1200","status":"TS","lat":15.7,"lon":-35.9,"wind_kt":50,"pressure_mb":997,"radius_34kt_nm":null},{"date":"19990823","time":"1800","status":"TS","lat":16.1,"lon":-36.9,"wind_kt":50,"pressure_mb":997,"radius_34kt_nm":null},{"date":"19990824","time":"0000","status":"TS","lat":16.6,"lon":-38,"wind_kt":50,"pressure_mb":997,"radius_34kt_nm":null},{"date":"19990824","time":"0600","status":"TS","lat":16.9,"lon":-39.2,"wind_kt":50,"pressure_mb":997,"radius_34kt_nm":null},{"date":"19990824","time":"1200","status":"TS","lat":17.2,"lon":-40.6,"wind_kt":50,"pressure_mb":997,"radius_34kt_nm":null},{"date":"19990824","time":"1800","status":"TS","lat":17.5,"lon":-42.2,"wind_kt":50,"pressure_mb":997,"radius_34kt_nm":null},{"date":"19990825","time":"0000","status":"TS","lat":17.8,"lon":-43.6,"wind_kt":55,"pressure_mb":994,"radius_34kt_nm":null},{"date":"19990825","time":"0600","status":"TS","lat":18.4,"lon":-44.8,"wind_kt":55,"pressure_mb":994,"radius_34kt_nm":null},{"date":"19990825","time":"1200","status":"TS","lat":19.3,"lon":-45.9,"wind_kt":55,"pressure_mb":994,"radius_34kt_nm":null},{"date":"19990825","time":"1800","status":"TS","lat":20.4,"lon":-47.1,"wind_kt":60,"pressure_mb":990,"radius_34kt_nm":null},{"date":"19990826","time":"0000","status":"HU","lat":21.7,"lon":-48.2,"wind_kt":65,"pressure_mb":987,"radius_34kt_nm":null},{"date":"19990826","time":"0600","status":"HU","lat":22.9,"lon":-49.5,"wind_kt":65,"pressure_mb":987,"radius_34kt_nm":null},{"date":"19990826","time":"1200","status":"HU","lat":24.2,"lon":-50.8,"wind_kt":65,"pressure_mb":987,"radius_34kt_nm":null},{"date":"19990826","time":"1800","status":"HU","lat":25.4,"lon":-52,"wind_kt":70,"pressure_mb":984,"radius_34kt_nm":null},{"date":"19990827","time":"0000","status":"HU","lat":26.4,"lon":-53.1,"wind_kt":80,"pressure_mb":978,"radius_34kt_nm":null},{"date":"19990827","time":"0600","status":"HU","lat":27.2,"lon":-54.3,"wind_kt":80,"pressure_mb":978,"radius_34kt_nm":null},{"date":"19990827","time":"1200","status":"HU","lat":27.8,"lon":-55.4,"wind_kt":90,"pressure_mb":970,"radius_34kt_nm":null},{"date":"19990827","time":"1800","status":"HU","lat":28.3,"lon":-56.2,"wind_kt":90,"pressure_mb":970,"radius_34kt_nm":null},{"date":"19990828","time":"0000","status":"HU","lat":28.7,"lon":-56.9,"wind_kt":100,"pressure_mb":961,"radius_34kt_nm":null},{"date":"19990828","time":"0600","status":"HU","lat":29.3,"lon":-57.5,"wind_kt":115,"pressure_mb":948,"radius_34kt_nm":null},{"date":"19990828","time":"1200","status":"HU","lat":30.1,"lon":-58,"wind_kt":120,"pressure_mb":942,"radius_34kt_nm":null},{"date":"19990828","time":"1800","status":"HU","lat":30.8,"lon":-58.5,"wind_kt":120,"pressure_mb":943,"radius_34kt_nm":null},{"date":"19990829","time":"0000","status":"HU","lat":31.5,"lon":-58.4,"wind_kt":120,"pressure_mb":944,"radius_34kt_nm":null},{"date":"19990829","time":"0600","status":"HU","lat":32.3,"lon":-58.4,"wind_kt":115,"pressure_mb":948,"radius_34kt_nm":null},{"date":"19990829","time":"1200","status":"HU","lat":33.1,"lon":-58.2,"wind_kt":100,"pressure_mb":961,"radius_34kt_nm":null},{"date":"19990829","time":"1800","status":"HU","lat":33.8,"lon":-57.4,"wind_kt":95,"pressure_mb":965,"radius_34kt_nm":null},{"date":"19990830","time":"0000","status":"HU","lat":34.3,"lon":-56.3,"wind_kt":90,"pressure_mb":970,"radius_34kt_nm":null},{"date":"19990830","time":"0600","status":"HU","lat":34.7,"lon":-55.5,"wind_kt":90,"pressure_mb":970,"radius_34kt_nm":null},{"date":"19990830","time":"1200","status":"HU","lat":35.3,"lon":-54.9,"wind_kt":80,"pressure_mb":978,"radius_34kt_nm":null},{"date":"19990830","time":"1800","status":"HU","lat":36.1,"lon":-54.2,"wind_kt":80,"pressure_mb":978,"radius_34kt_nm":null},{"date":"19990831","time":"0000","status":"HU","lat":37,"lon":-52.6,"wind_kt":70,"pressure_mb":984,"radius_34kt_nm":null},{"date":"19990831","time":"0600","status":"TS","lat":38.2,"lon":-50.6,"wind_kt":60,"pressure_mb":990,"radius_34kt_nm":null},{"date":"19990831","time":"1200","status":"TS","lat":40.4,"lon":-48.2,"wind_kt":50,"pressure_mb":997,"radius_34kt_nm":null}]}},{"type":"Feature","geometry":{"type":"LineString","coordinates":[[-67.7,21.5],[-68.9,22],[-70,22.4],[-70.9,22.7],[-71.5,22.8],[-71.9,23],[-72.1,23.2],[-72.3,23.4],[-72.5,23.6],[-73.1,23.8],[-73.6,24.1],[-74,24.4],[-74.4,24.8],[-75,25.2],[-75.5,25.6],[-75.9,25.9],[-76.2,26.1],[-76.7,26.5],[-76.8,26.6],[-77,27.1],[-77.3,27.7],[-77.7,28.3],[-77.9,29],[-78.4,29.9],[-78.4,30.8],[-78.1,31.9],[-77.6,32.8],[-76.5,33.6],[-74.8,34.3],[-73.6,34.9],[-72.9,35.1],[-72.8,35.2],[-73.3,35.1],[-73.6,35.2],[-73.4,35],[-73.5,35.4],[-73.8,35.5],[-73.7,35.4],[-73.6,35.2],[-73.7,35.1],[-73.9,34.8],[-74,34.2],[-74.1,33.6],[-73.9,33.2],[-73.8,33],[-74,33.1],[-74.5,33.3],[-75.3,33.9],[-76,34.5],[-76.5,34.8],[-76.8,35],[-77.7,35.5],[-78.8,36.1],[-79.4,36.2],[-79.9,36.2],[-80.1,36.4],[-79.9,37],[-79.5,37.7],[-78.5,38.5],[-77,40.8],[-77.7,42.7],[-77.7,43.5],[-76.5,43.5],[-75.8,44],[-74.8,44.9],[-75.6,45.5]]},"properties":{"id":"hur-al051999","event_type":"hurricane","name":"DENNIS","year":1999,"max_wind_kt":90,"min_pressure_mb":962,"category":2,"preliminary":false,"start_date":"19990824","end_date":"19990908","track":[{"date":"19990824","time":"0000","status":"TD","lat":21.5,"lon":-67.7,"wind_kt":30,"pressure_mb":1009,"radius_34kt_nm":null},{"date":"19990824","time":"0600","status":"TD","lat":22,"lon":-68.9,"wind_kt":30,"pressure_mb":1009,"radius_34kt_nm":null},{"date":"19990824","time":"1200","status":"TS","lat":22.4,"lon":-70,"wind_kt":35,"pressure_mb":1009,"radius_34kt_nm":null},{"date":"19990824","time":"1800","status":"TS","lat":22.7,"lon":-70.9,"wind_kt":40,"pressure_mb":1009,"radius_34kt_nm":null},{"date":"19990825","time":"0000","status":"TS","lat":22.8,"lon":-71.5,"wind_kt":40,"pressure_mb":1008,"radius_34kt_nm":null},{"date":"19990825","time":"0600","status":"TS","lat":23,"lon":-71.9,"wind_kt":40,"pressure_mb":1007,"radius_34kt_nm":null},{"date":"19990825","time":"1200","status":"TS","lat":23.2,"lon":-72.1,"wind_kt":45,"pressure_mb":1004,"radius_34kt_nm":null},{"date":"19990825","time":"1800","status":"TS","lat":23.4,"lon":-72.3,"wind_kt":55,"pressure_mb":1000,"radius_34kt_nm":null},{"date":"19990826","time":"0000","status":"TS","lat":23.6,"lon":-72.5,"wind_kt":60,"pressure_mb":998,"radius_34kt_nm":null},{"date":"19990826","time":"0600","status":"HU","lat":23.8,"lon":-73.1,"wind_kt":65,"pressure_mb":995,"radius_34kt_nm":null},{"date":"19990826","time":"1200","status":"HU","lat":24.1,"lon":-73.6,"wind_kt":65,"pressure_mb":995,"radius_34kt_nm":null},{"date":"19990826","time":"1800","status":"HU","lat":24.4,"lon":-74,"wind_kt":70,"pressure_mb":990,"radius_34kt_nm":null},{"date":"19990827","time":"0000","status":"HU","lat":24.8,"lon":-74.4,"wind_kt":65,"pressure_mb":993,"radius_34kt_nm":null},{"date":"19990827","time":"0600","status":"HU","lat":25.2,"lon":-75,"wind_kt":65,"pressure_mb":988,"radius_34kt_nm":null},{"date":"19990827","time":"1200","status":"HU","lat":25.6,"lon":-75.5,"wind_kt":65,"pressure_mb":988,"radius_34kt_nm":null},{"date":"19990827","time":"1800","status":"HU","lat":25.9,"lon":-75.9,"wind_kt":65,"pressure_mb":987,"radius_34kt_nm":null},{"date":"19990828","time":"0000","status":"HU","lat":26.1,"lon":-76.2,"wind_kt":70,"pressure_mb":982,"radius_34kt_nm":null},{"date":"19990828","time":"0600","status":"HU","lat":26.5,"lon":-76.7,"wind_kt":75,"pressure_mb":976,"radius_34kt_nm":null},{"date":"19990828","time":"0700","status":"HU","lat":26.6,"lon":-76.8,"wind_kt":75,"pressure_mb":976,"radius_34kt_nm":null},{"date":"19990828","time":"1200","status":"HU","lat":27.1,"lon":-77,"wind_kt":85,"pressure_mb":973,"radius_34kt_nm":null},{"date":"19990828","time":"1800","status":"HU","lat":27.7,"lon":-77.3,"wind_kt":90,"pressure_mb":969,"radius_34kt_nm":null},{"date":"19990829","time":"0000","status":"HU","lat":28.3,"lon":-77.7,"wind_kt":90,"pressure_mb":969,"radius_34kt_nm":null},{"date":"19990829","time":"0600","status":"HU","lat":29,"lon":-77.9,"wind_kt":90,"pressure_mb":970,"radius_34kt_nm":null},{"date":"19990829","time":"1200","status":"HU","lat":29.9,"lon":-78.4,"wind_kt":90,"pressure_mb":971,"radius_34kt_nm":null},{"date":"19990829","time":"1800","status":"HU","lat":30.8,"lon":-78.4,"wind_kt":90,"pressure_mb":967,"radius_34kt_nm":null},{"date":"19990830","time":"0000","status":"HU","lat":31.9,"lon":-78.1,"wind_kt":90,"pressure_mb":964,"radius_34kt_nm":null},{"date":"19990830","time":"0600","status":"HU","lat":32.8,"lon":-77.6,"wind_kt":90,"pressure_mb":962,"radius_34kt_nm":null},{"date":"19990830","time":"1200","status":"HU","lat":33.6,"lon":-76.5,"wind_kt":85,"pressure_mb":965,"radius_34kt_nm":null},{"date":"19990830","time":"1800","status":"HU","lat":34.3,"lon":-74.8,"wind_kt":85,"pressure_mb":966,"radius_34kt_nm":null},{"date":"19990831","time":"0000","status":"HU","lat":34.9,"lon":-73.6,"wind_kt":80,"pressure_mb":971,"radius_34kt_nm":null},{"date":"19990831","time":"0600","status":"HU","lat":35.1,"lon":-72.9,"wind_kt":80,"pressure_mb":977,"radius_34kt_nm":null},{"date":"19990831","time":"1200","status":"HU","lat":35.2,"lon":-72.8,"wind_kt":75,"pressure_mb":983,"radius_34kt_nm":null},{"date":"19990831","time":"1800","status":"HU","lat":35.1,"lon":-73.3,"wind_kt":70,"pressure_mb":984,"radius_34kt_nm":null},{"date":"19990901","time":"0000","status":"TS","lat":35.2,"lon":-73.6,"wind_kt":60,"pressure_mb":986,"radius_34kt_nm":null},{"date":"19990901","time":"0600","status":"TS","lat":35,"lon":-73.4,"wind_kt":55,"pressure_mb":987,"radius_34kt_nm":null},{"date":"19990901","time":"1200","status":"TS","lat":35.4,"lon":-73.5,"wind_kt":50,"pressure_mb":989,"radius_34kt_nm":null},{"date":"19990901","time":"1800","status":"TS","lat":35.5,"lon":-73.8,"wind_kt":50,"pressure_mb":988,"radius_34kt_nm":null},{"date":"19990902","time":"0000","status":"TS","lat":35.4,"lon":-73.7,"wind_kt":50,"pressure_mb":988,"radius_34kt_nm":null},{"date":"19990902","time":"0600","status":"TS","lat":35.2,"lon":-73.6,"wind_kt":45,"pressure_mb":989,"radius_34kt_nm":null},{"date":"19990902","time":"1200","status":"TS","lat":35.1,"lon":-73.7,"wind_kt":45,"pressure_mb":989,"radius_34kt_nm":null},{"date":"19990902","time":"1800","status":"TS","lat":34.8,"lon":-73.9,"wind_kt":45,"pressure_mb":990,"radius_34kt_nm":null},{"date":"19990903","time":"0000","status":"TS","lat":34.2,"lon":-74,"wind_kt":45,"pressure_mb":989,"radius_34kt_nm":null},{"date":"19990903","time":"0600","status":"TS","lat":33.6,"lon":-74.1,"wind_kt":45,"pressure_mb":989,"radius_34kt_nm":null},{"date":"19990903","time":"1200","status":"TS","lat":33.2,"lon":-73.9,"wind_kt":45,"pressure_mb":988,"radius_34kt_nm":null},{"date":"19990903","time":"1800","status":"TS","lat":33,"lon":-73.8,"wind_kt":50,"pressure_mb":987,"radius_34kt_nm":null},{"date":"19990904","time":"0000","status":"TS","lat":33.1,"lon":-74,"wind_kt":50,"pressure_mb":987,"radius_34kt_nm":null},{"date":"19990904","time":"0600","status":"TS","lat":33.3,"lon":-74.5,"wind_kt":55,"pressure_mb":986,"radius_34kt_nm":null},{"date":"19990904","time":"1200","status":"TS","lat":33.9,"lon":-75.3,"wind_kt":55,"pressure_mb":986,"radius_34kt_nm":null},{"date":"19990904","time":"1800","status":"TS","lat":34.5,"lon":-76,"wind_kt":60,"pressure_mb":986,"radius_34kt_nm":null},{"date":"19990904","time":"2100","status":"TS","lat":34.8,"lon":-76.5,"wind_kt":60,"pressure_mb":984,"radius_34kt_nm":null},{"date":"19990905","time":"0000","status":"TS","lat":35,"lon":-76.8,"wind_kt":50,"pressure_mb":985,"radius_34kt_nm":null},{"date":"19990905","time":"0600","status":"TS","lat":35.5,"lon":-77.7,"wind_kt":35,"pressure_mb":989,"radius_34kt_nm":null},{"date":"19990905","time":"1200","status":"TD","lat":36.1,"lon":-78.8,"wind_kt":30,"pressure_mb":994,"radius_34kt_nm":null},{"date":"19990905","time":"1800","status":"TD","lat":36.2,"lon":-79.4,"wind_kt":25,"pressure_mb":998,"radius_34kt_nm":null},{"date":"19990906","time":"0000","status":"TD","lat":36.2,"lon":-79.9,"wind_kt":25,"pressure_mb":1000,"radius_34kt_nm":null},{"date":"19990906","time":"0600","status":"TD","lat":36.4,"lon":-80.1,"wind_kt":20,"pressure_mb":1004,"radius_34kt_nm":null},{"date":"19990906","time":"1200","status":"TD","lat":37,"lon":-79.9,"wind_kt":20,"pressure_mb":1005,"radius_34kt_nm":null},{"date":"19990906","time":"1800","status":"TD","lat":37.7,"lon":-79.5,"wind_kt":20,"pressure_mb":1008,"radius_34kt_nm":null},{"date":"19990907","time":"0000","status":"TD","lat":38.5,"lon":-78.5,"wind_kt":20,"pressure_mb":1009,"radius_34kt_nm":null},{"date":"19990907","time":"0600","status":"TD","lat":40.8,"lon":-77,"wind_kt":20,"pressure_mb":1008,"radius_34kt_nm":null},{"date":"19990907","time":"1200","status":"TD","lat":42.7,"lon":-77.7,"wind_kt":20,"pressure_mb":1007,"radius_34kt_nm":null},{"date":"19990907","time":"1800","status":"EX","lat":43.5,"lon":-77.7,"wind_kt":20,"pressure_mb":1006,"radius_34kt_nm":null},{"date":"19990908","time":"0000","status":"EX","lat":43.5,"lon":-76.5,"wind_kt":20,"pressure_mb":1006,"radius_34kt_nm":null},{"date":"19990908","time":"0600","status":"EX","lat":44,"lon":-75.8,"wind_kt":20,"pressure_mb":1006,"radius_34kt_nm":null},{"date":"19990908","time":"1200","status":"EX","lat":44.9,"lon":-74.8,"wind_kt":20,"pressure_mb":1006,"radius_34kt_nm":null},{"date":"19990908","time":"1800","status":"EX","lat":45.5,"lon":-75.6,"wind_kt":20,"pressure_mb":1005,"radius_34kt_nm":null}]}},{"type":"Feature","geometry":{"type":"LineString","coordinates":[[-53.6,11.5],[-53.8,11.5],[-53.9,11.6],[-53.9,12.1],[-54.2,12.6],[-54.8,12.8],[-55.2,13.2],[-55.7,13.8],[-56.2,14.3],[-56.6,15],[-57,15.8],[-57.1,17],[-57,18],[-57,19],[-57,20],[-56.6,21.1],[-56.7,22.4],[-56.7,23.8]]},"properties":{"id":"hur-al061999","event_type":"hurricane","name":"EMILY","year":1999,"max_wind_kt":45,"min_pressure_mb":1004,"category":0,"preliminary":false,"start_date":"19990824","end_date":"19990828","track":[{"date":"19990824","time":"0600","status":"TD","lat":11.5,"lon":-53.6,"wind_kt":30,"pressure_mb":1007,"radius_34kt_nm":null},{"date":"19990824","time":"1200","status":"TS","lat":11.5,"lon":-53.8,"wind_kt":35,"pressure_mb":1006,"radius_34kt_nm":null},{"date":"19990824","time":"1800","status":"TS","lat":11.6,"lon":-53.9,"wind_kt":45,"pressure_mb":1004,"radius_34kt_nm":null},{"date":"19990825","time":"0000","status":"TS","lat":12.1,"lon":-53.9,"wind_kt":45,"pressure_mb":1005,"radius_34kt_nm":null},{"date":"19990825","time":"0600","status":"TS","lat":12.6,"lon":-54.2,"wind_kt":40,"pressure_mb":1006,"radius_34kt_nm":null},{"date":"19990825","time":"1200","status":"TS","lat":12.8,"lon":-54.8,"wind_kt":40,"pressure_mb":1007,"radius_34kt_nm":null},{"date":"19990825","time":"1800","status":"TS","lat":13.2,"lon":-55.2,"wind_kt":40,"pressure_mb":1005,"radius_34kt_nm":null},{"date":"19990826","time":"0000","status":"TS","lat":13.8,"lon":-55.7,"wind_kt":40,"pressure_mb":1005,"radius_34kt_nm":null},{"date":"19990826","time":"0600","status":"TS","lat":14.3,"lon":-56.2,"wind_kt":40,"pressure_mb":1007,"radius_34kt_nm":null},{"date":"19990826","time":"1200","status":"TS","lat":15,"lon":-56.6,"wind_kt":40,"pressure_mb":1010,"radius_34kt_nm":null},{"date":"19990826","time":"1800","status":"TS","lat":15.8,"lon":-57,"wind_kt":35,"pressure_mb":1010,"radius_34kt_nm":null},{"date":"19990827","time":"0000","status":"TS","lat":17,"lon":-57.1,"wind_kt":35,"pressure_mb":1010,"radius_34kt_nm":null},{"date":"19990827","time":"0600","status":"TS","lat":18,"lon":-57,"wind_kt":35,"pressure_mb":1011,"radius_34kt_nm":null},{"date":"19990827","time":"1200","status":"TS","lat":19,"lon":-57,"wind_kt":35,"pressure_mb":1009,"radius_34kt_nm":null},{"date":"19990827","time":"1800","status":"TS","lat":20,"lon":-57,"wind_kt":40,"pressure_mb":1007,"radius_34kt_nm":null},{"date":"19990828","time":"0000","status":"TS","lat":21.1,"lon":-56.6,"wind_kt":40,"pressure_mb":1007,"radius_34kt_nm":null},{"date":"19990828","time":"0600","status":"TS","lat":22.4,"lon":-56.7,"wind_kt":35,"pressure_mb":1009,"radius_34kt_nm":null},{"date":"19990828","time":"1200","status":"TD","lat":23.8,"lon":-56.7,"wind_kt":30,"pressure_mb":1009,"radius_34kt_nm":null}]}},{"type":"Feature","geometry":{"type":"LineString","coordinates":[[-96.4,21.6],[-96.7,22],[-97.2,22.6],[-97.7,23.2],[-98,23.8],[-98.1,24],[-98.5,24.3],[-99,25]]},"properties":{"id":"hur-al071999","event_type":"hurricane","name":null,"year":1999,"max_wind_kt":30,"min_pressure_mb":1006,"category":-1,"preliminary":false,"start_date":"19990905","end_date":"19990907","track":[{"date":"19990905","time":"1800","status":"TD","lat":21.6,"lon":-96.4,"wind_kt":25,"pressure_mb":1006,"radius_34kt_nm":null},{"date":"19990906","time":"0000","status":"TD","lat":22,"lon":-96.7,"wind_kt":30,"pressure_mb":1006,"radius_34kt_nm":null},{"date":"19990906","time":"0600","status":"TD","lat":22.6,"lon":-97.2,"wind_kt":30,"pressure_mb":1006,"radius_34kt_nm":null},{"date":"19990906","time":"1200","status":"TD","lat":23.2,"lon":-97.7,"wind_kt":30,"pressure_mb":1006,"radius_34kt_nm":null},{"date":"19990906","time":"1800","status":"TD","lat":23.8,"lon":-98,"wind_kt":30,"pressure_mb":1006,"radius_34kt_nm":null},{"date":"19990907","time":"0000","status":"TD","lat":24,"lon":-98.1,"wind_kt":30,"pressure_mb":1006,"radius_34kt_nm":null},{"date":"19990907","time":"0600","status":"TD","lat":24.3,"lon":-98.5,"wind_kt":30,"pressure_mb":1006,"radius_34kt_nm":null},{"date":"19990907","time":"1200","status":"TD","lat":25,"lon":-99,"wind_kt":25,"pressure_mb":1007,"radius_34kt_nm":null}]}},{"type":"Feature","geometry":{"type":"LineString","coordinates":[[-45.6,14.6],[-46.9,15],[-48.2,15.3],[-49.6,15.8],[-51.1,16.3],[-52.6,16.7],[-53.9,17.1],[-55.1,17.3],[-56.3,17.9],[-57.2,18.3],[-58.2,18.6],[-58.8,19.3],[-59.6,20.2],[-60.4,20.8],[-61.1,21.4],[-62,21.9],[-63,22.5],[-64.1,22.7],[-65.2,22.8],[-66.2,23],[-67.4,23.2],[-68.7,23.4],[-70,23.6],[-71.4,23.9],[-72.9,24.1],[-74,24.5],[-75.3,24.9],[-76.3,25.4],[-77,26.1],[-77.1,26.3],[-77.7,27.1],[-78.5,28.2],[-78.9,29.3],[-79.1,30.6],[-78.7,32.1],[-78,33.7],[-78,33.8],[-76.8,35.7],[-75.3,38],[-73.5,40.6],[-72.1,42.1],[-70.6,43.3],[-68.9,44.2],[-67.3,44.8],[-65.5,45.4],[-63,46.6],[-59.3,47.7],[-56.3,48],[-52.5,48.5],[-48,49.5]]},"properties":{"id":"hur-al081999","event_type":"hurricane","name":"FLOYD","year":1999,"max_wind_kt":135,"min_pressure_mb":921,"category":4,"preliminary":false,"start_date":"19990907","end_date":"19990919","track":[{"date":"19990907","time":"1800","status":"TD","lat":14.6,"lon":-45.6,"wind_kt":25,"pressure_mb":1008,"radius_34kt_nm":null},{"date":"19990908","time":"0000","status":"TD","lat":15,"lon":-46.9,"wind_kt":30,"pressure_mb":1007,"radius_34kt_nm":null},{"date":"19990908","time":"0600","status":"TS","lat":15.3,"lon":-48.2,"wind_kt":35,"pressure_mb":1005,"radius_34kt_nm":null},{"date":"19990908","time":"1200","status":"TS","lat":15.8,"lon":-49.6,"wind_kt":40,"pressure_mb":1003,"radius_34kt_nm":null},{"date":"19990908","time":"1800","status":"TS","lat":16.3,"lon":-51.1,"wind_kt":45,"pressure_mb":1000,"radius_34kt_nm":null},{"date":"19990909","time":"0000","status":"TS","lat":16.7,"lon":-52.6,"wind_kt":45,"pressure_mb":1000,"radius_34kt_nm":null},{"date":"19990909","time":"0600","status":"TS","lat":17.1,"lon":-53.9,"wind_kt":45,"pressure_mb":1003,"radius_34kt_nm":null},{"date":"19990909","time":"1200","status":"TS","lat":17.3,"lon":-55.1,"wind_kt":50,"pressure_mb":1003,"radius_34kt_nm":null},{"date":"19990909","time":"1800","status":"TS","lat":17.9,"lon":-56.3,"wind_kt":60,"pressure_mb":996,"radius_34kt_nm":null},{"date":"19990910","time":"0000","status":"TS","lat":18.3,"lon":-57.2,"wind_kt":60,"pressure_mb":995,"radius_34kt_nm":null},{"date":"19990910","time":"0600","status":"TS","lat":18.6,"lon":-58.2,"wind_kt":60,"pressure_mb":990,"radius_34kt_nm":null},{"date":"19990910","time":"1200","status":"HU","lat":19.3,"lon":-58.8,"wind_kt":70,"pressure_mb":989,"radius_34kt_nm":null},{"date":"19990910","time":"1800","status":"HU","lat":20.2,"lon":-59.6,"wind_kt":70,"pressure_mb":975,"radius_34kt_nm":null},{"date":"19990911","time":"0000","status":"HU","lat":20.8,"lon":-60.4,"wind_kt":80,"pressure_mb":971,"radius_34kt_nm":null},{"date":"19990911","time":"0600","status":"HU","lat":21.4,"lon":-61.1,"wind_kt":95,"pressure_mb":963,"radius_34kt_nm":null},{"date":"19990911","time":"1200","status":"HU","lat":21.9,"lon":-62,"wind_kt":95,"pressure_mb":962,"radius_34kt_nm":null},{"date":"19990911","time":"1800","status":"HU","lat":22.5,"lon":-63,"wind_kt":90,"pressure_mb":966,"radius_34kt_nm":null},{"date":"19990912","time":"0000","status":"HU","lat":22.7,"lon":-64.1,"wind_kt":85,"pressure_mb":967,"radius_34kt_nm":null},{"date":"19990912","time":"0600","status":"HU","lat":22.8,"lon":-65.2,"wind_kt":95,"pressure_mb":960,"radius_34kt_nm":null},{"date":"19990912","time":"1200","status":"HU","lat":23,"lon":-66.2,"wind_kt":105,"pressure_mb":955,"radius_34kt_nm":null},{"date":"19990912","time":"1800","status":"HU","lat":23.2,"lon":-67.4,"wind_kt":115,"pressure_mb":940,"radius_34kt_nm":null},{"date":"19990913","time":"0000","status":"HU","lat":23.4,"lon":-68.7,"wind_kt":125,"pressure_mb":931,"radius_34kt_nm":null},{"date":"19990913","time":"0600","status":"HU","lat":23.6,"lon":-70,"wind_kt":135,"pressure_mb":922,"radius_34kt_nm":null},{"date":"19990913","time":"1200","status":"HU","lat":23.9,"lon":-71.4,"wind_kt":135,"pressure_mb":921,"radius_34kt_nm":null},{"date":"19990913","time":"1800","status":"HU","lat":24.1,"lon":-72.9,"wind_kt":125,"pressure_mb":923,"radius_34kt_nm":null},{"date":"19990914","time":"0000","status":"HU","lat":24.5,"lon":-74,"wind_kt":115,"pressure_mb":924,"radius_34kt_nm":null},{"date":"19990914","time":"0600","status":"HU","lat":24.9,"lon":-75.3,"wind_kt":105,"pressure_mb":927,"radius_34kt_nm":null},{"date":"19990914","time":"1200","status":"HU","lat":25.4,"lon":-76.3,"wind_kt":105,"pressure_mb":930,"radius_34kt_nm":null},{"date":"19990914","time":"1800","status":"HU","lat":26.1,"lon":-77,"wind_kt":110,"pressure_mb":930,"radius_34kt_nm":null},{"date":"19990914","time":"1900","status":"HU","lat":26.3,"lon":-77.1,"wind_kt":110,"pressure_mb":932,"radius_34kt_nm":null},{"date":"19990915","time":"0000","status":"HU","lat":27.1,"lon":-77.7,"wind_kt":115,"pressure_mb":933,"radius_34kt_nm":null},{"date":"19990915","time":"0600","status":"HU","lat":28.2,"lon":-78.5,"wind_kt":110,"pressure_mb":935,"radius_34kt_nm":null},{"date":"19990915","time":"1200","status":"HU","lat":29.3,"lon":-78.9,"wind_kt":100,"pressure_mb":943,"radius_34kt_nm":null},{"date":"19990915","time":"1800","status":"HU","lat":30.6,"lon":-79.1,"wind_kt":95,"pressure_mb":947,"radius_34kt_nm":null},{"date":"19990916","time":"0000","status":"HU","lat":32.1,"lon":-78.7,"wind_kt":90,"pressure_mb":950,"radius_34kt_nm":null},{"date":"19990916","time":"0600","status":"HU","lat":33.7,"lon":-78,"wind_kt":90,"pressure_mb":956,"radius_34kt_nm":null},{"date":"19990916","time":"0630","status":"HU","lat":33.8,"lon":-78,"wind_kt":90,"pressure_mb":956,"radius_34kt_nm":null},{"date":"19990916","time":"1200","status":"HU","lat":35.7,"lon":-76.8,"wind_kt":70,"pressure_mb":967,"radius_34kt_nm":null},{"date":"19990916","time":"1800","status":"TS","lat":38,"lon":-75.3,"wind_kt":60,"pressure_mb":974,"radius_34kt_nm":null},{"date":"19990917","time":"0000","status":"TS","lat":40.6,"lon":-73.5,"wind_kt":50,"pressure_mb":980,"radius_34kt_nm":null},{"date":"19990917","time":"0600","status":"TS","lat":42.1,"lon":-72.1,"wind_kt":50,"pressure_mb":983,"radius_34kt_nm":null},{"date":"19990917","time":"1200","status":"EX","lat":43.3,"lon":-70.6,"wind_kt":45,"pressure_mb":984,"radius_34kt_nm":null},{"date":"19990917","time":"1800","status":"EX","lat":44.2,"lon":-68.9,"wind_kt":45,"pressure_mb":985,"radius_34kt_nm":null},{"date":"19990918","time":"0000","status":"EX","lat":44.8,"lon":-67.3,"wind_kt":40,"pressure_mb":987,"radius_34kt_nm":null},{"date":"19990918","time":"0600","status":"EX","lat":45.4,"lon":-65.5,"wind_kt":35,"pressure_mb":990,"radius_34kt_nm":null},{"date":"19990918","time":"1200","status":"EX","lat":46.6,"lon":-63,"wind_kt":35,"pressure_mb":992,"radius_34kt_nm":null},{"date":"19990918","time":"1800","status":"EX","lat":47.7,"lon":-59.3,"wind_kt":35,"pressure_mb":992,"radius_34kt_nm":null},{"date":"19990919","time":"0000","status":"EX","lat":48,"lon":-56.3,"wind_kt":35,"pressure_mb":992,"radius_34kt_nm":null},{"date":"19990919","time":"0600","status":"EX","lat":48.5,"lon":-52.5,"wind_kt":35,"pressure_mb":994,"radius_34kt_nm":null},{"date":"19990919","time":"1200","status":"EX","lat":49.5,"lon":-48,"wind_kt":40,"pressure_mb":992,"radius_34kt_nm":null}]}},{"type":"Feature","geometry":{"type":"LineString","coordinates":[[-24.2,12.6],[-26.1,12.9],[-28,13.3],[-29.8,13.8],[-31.9,14.2],[-33.8,14.8],[-35.6,15.1],[-37.3,15.4],[-39.2,15.9],[-40.8,16.1],[-42.2,16.3],[-43.5,16.6],[-44.6,16.8],[-45.8,17.1],[-46.9,17.2],[-47.9,17.4],[-48.9,17.5],[-50,17.7],[-50.8,17.8],[-51.7,18],[-52.6,18.2],[-53.4,18.6],[-54.2,19],[-55,19.4],[-55.7,19.9],[-56.3,20.4],[-56.8,20.9],[-57.1,21.6],[-57.4,22.2],[-57.8,22.8],[-58.1,23.4],[-58.7,24.1],[-59.2,24.7],[-60,25.5],[-60.7,26.2],[-61.4,26.8],[-62.4,27.6],[-62.7,28.3],[-62.9,29.2],[-62.8,30.1],[-62.6,31.3],[-62.1,32.7],[-61.2,34.3],[-60.4,36.2],[-59.4,38.1],[-57.9,40.3],[-55.6,42.2],[-54.5,44.6],[-51.9,46.6]]},"properties":{"id":"hur-al091999","event_type":"hurricane","name":"GERT","year":1999,"max_wind_kt":130,"min_pressure_mb":930,"category":4,"preliminary":false,"start_date":"19990911","end_date":"19990923","track":[{"date":"19990911","time":"1200","status":"TD","lat":12.6,"lon":-24.2,"wind_kt":30,"pressure_mb":1006,"radius_34kt_nm":null},{"date":"19990911","time":"1800","status":"TD","lat":12.9,"lon":-26.1,"wind_kt":30,"pressure_mb":1005,"radius_34kt_nm":null},{"date":"19990912","time":"0000","status":"TD","lat":13.3,"lon":-28,"wind_kt":30,"pressure_mb":1006,"radius_34kt_nm":null},{"date":"19990912","time":"0600","status":"TD","lat":13.8,"lon":-29.8,"wind_kt":30,"pressure_mb":1005,"radius_34kt_nm":null},{"date":"19990912","time":"1200","status":"TS","lat":14.2,"lon":-31.9,"wind_kt":35,"pressure_mb":1001,"radius_34kt_nm":null},{"date":"19990912","time":"1800","status":"TS","lat":14.8,"lon":-33.8,"wind_kt":45,"pressure_mb":997,"radius_34kt_nm":null},{"date":"19990913","time":"0000","status":"TS","lat":15.1,"lon":-35.6,"wind_kt":55,"pressure_mb":995,"radius_34kt_nm":null},{"date":"19990913","time":"0600","status":"TS","lat":15.4,"lon":-37.3,"wind_kt":60,"pressure_mb":990,"radius_34kt_nm":null},{"date":"19990913","time":"1200","status":"HU","lat":15.9,"lon":-39.2,"wind_kt":65,"pressure_mb":984,"radius_34kt_nm":null},{"date":"19990913","time":"1800","status":"HU","lat":16.1,"lon":-40.8,"wind_kt":70,"pressure_mb":979,"radius_34kt_nm":null},{"date":"19990914","time":"0000","status":"HU","lat":16.3,"lon":-42.2,"wind_kt":75,"pressure_mb":976,"radius_34kt_nm":null},{"date":"19990914","time":"0600","status":"HU","lat":16.6,"lon":-43.5,"wind_kt":85,"pressure_mb":973,"radius_34kt_nm":null},{"date":"19990914","time":"1200","status":"HU","lat":16.8,"lon":-44.6,"wind_kt":90,"pressure_mb":968,"radius_34kt_nm":null},{"date":"19990914","time":"1800","status":"HU","lat":17.1,"lon":-45.8,"wind_kt":95,"pressure_mb":962,"radius_34kt_nm":null},{"date":"19990915","time":"0000","status":"HU","lat":17.2,"lon":-46.9,"wind_kt":100,"pressure_mb":955,"radius_34kt_nm":null},{"date":"19990915","time":"0600","status":"HU","lat":17.4,"lon":-47.9,"wind_kt":110,"pressure_mb":948,"radius_34kt_nm":null},{"date":"19990915","time":"1200","status":"HU","lat":17.5,"lon":-48.9,"wind_kt":115,"pressure_mb":940,"radius_34kt_nm":null},{"date":"19990915","time":"1800","status":"HU","lat":17.7,"lon":-50,"wind_kt":125,"pressure_mb":933,"radius_34kt_nm":null},{"date":"19990916","time":"0000","status":"HU","lat":17.8,"lon":-50.8,"wind_kt":130,"pressure_mb":930,"radius_34kt_nm":null},{"date":"19990916","time":"0600","status":"HU","lat":18,"lon":-51.7,"wind_kt":130,"pressure_mb":933,"radius_34kt_nm":null},{"date":"19990916","time":"1200","status":"HU","lat":18.2,"lon":-52.6,"wind_kt":125,"pressure_mb":941,"radius_34kt_nm":null},{"date":"19990916","time":"1800","status":"HU","lat":18.6,"lon":-53.4,"wind_kt":120,"pressure_mb":940,"radius_34kt_nm":null},{"date":"19990917","time":"0000","status":"HU","lat":19,"lon":-54.2,"wind_kt":115,"pressure_mb":944,"radius_34kt_nm":null},{"date":"19990917","time":"0600","status":"HU","lat":19.4,"lon":-55,"wind_kt":125,"pressure_mb":942,"radius_34kt_nm":null},{"date":"19990917","time":"1200","status":"HU","lat":19.9,"lon":-55.7,"wind_kt":125,"pressure_mb":945,"radius_34kt_nm":null},{"date":"19990917","time":"1800","status":"HU","lat":20.4,"lon":-56.3,"wind_kt":115,"pressure_mb":950,"radius_34kt_nm":null},{"date":"19990918","time":"0000","status":"HU","lat":20.9,"lon":-56.8,"wind_kt":110,"pressure_mb":953,"radius_34kt_nm":null},{"date":"19990918","time":"0600","status":"HU","lat":21.6,"lon":-57.1,"wind_kt":105,"pressure_mb":954,"radius_34kt_nm":null},{"date":"19990918","time":"1200","status":"HU","lat":22.2,"lon":-57.4,"wind_kt":105,"pressure_mb":953,"radius_34kt_nm":null},{"date":"19990918","time":"1800","status":"HU","lat":22.8,"lon":-57.8,"wind_kt":105,"pressure_mb":950,"radius_34kt_nm":null},{"date":"19990919","time":"0000","status":"HU","lat":23.4,"lon":-58.1,"wind_kt":110,"pressure_mb":947,"radius_34kt_nm":null},{"date":"19990919","time":"0600","status":"HU","lat":24.1,"lon":-58.7,"wind_kt":115,"pressure_mb":946,"radius_34kt_nm":null},{"date":"19990919","time":"1200","status":"HU","lat":24.7,"lon":-59.2,"wind_kt":115,"pressure_mb":946,"radius_34kt_nm":null},{"date":"19990919","time":"1800","status":"HU","lat":25.5,"lon":-60,"wind_kt":115,"pressure_mb":946,"radius_34kt_nm":null},{"date":"19990920","time":"0000","status":"HU","lat":26.2,"lon":-60.7,"wind_kt":115,"pressure_mb":947,"radius_34kt_nm":null},{"date":"19990920","time":"0600","status":"HU","lat":26.8,"lon":-61.4,"wind_kt":110,"pressure_mb":947,"radius_34kt_nm":null},{"date":"19990920","time":"1200","status":"HU","lat":27.6,"lon":-62.4,"wind_kt":105,"pressure_mb":948,"radius_34kt_nm":null},{"date":"19990920","time":"1800","status":"HU","lat":28.3,"lon":-62.7,"wind_kt":100,"pressure_mb":949,"radius_34kt_nm":null},{"date":"19990921","time":"0000","status":"HU","lat":29.2,"lon":-62.9,"wind_kt":95,"pressure_mb":950,"radius_34kt_nm":null},{"date":"19990921","time":"0600","status":"HU","lat":30.1,"lon":-62.8,"wind_kt":90,"pressure_mb":952,"radius_34kt_nm":null},{"date":"19990921","time":"1200","status":"HU","lat":31.3,"lon":-62.6,"wind_kt":85,"pressure_mb":955,"radius_34kt_nm":null},{"date":"19990921","time":"1800","status":"HU","lat":32.7,"lon":-62.1,"wind_kt":80,"pressure_mb":958,"radius_34kt_nm":null},{"date":"19990922","time":"0000","status":"HU","lat":34.3,"lon":-61.2,"wind_kt":75,"pressure_mb":960,"radius_34kt_nm":null},{"date":"19990922","time":"0600","status":"HU","lat":36.2,"lon":-60.4,"wind_kt":75,"pressure_mb":961,"radius_34kt_nm":null},{"date":"19990922","time":"1200","status":"HU","lat":38.1,"lon":-59.4,"wind_kt":70,"pressure_mb":962,"radius_34kt_nm":null},{"date":"19990922","time":"1800","status":"HU","lat":40.3,"lon":-57.9,"wind_kt":65,"pressure_mb":963,"radius_34kt_nm":null},{"date":"19990923","time":"0000","status":"TS","lat":42.2,"lon":-55.6,"wind_kt":60,"pressure_mb":964,"radius_34kt_nm":null},{"date":"19990923","time":"0600","status":"TS","lat":44.6,"lon":-54.5,"wind_kt":60,"pressure_mb":968,"radius_34kt_nm":null},{"date":"19990923","time":"1200","status":"EX","lat":46.6,"lon":-51.9,"wind_kt":60,"pressure_mb":972,"radius_34kt_nm":null}]}},{"type":"Feature","geometry":{"type":"LineString","coordinates":[[-87.8,25],[-87.8,25.5],[-87.8,26],[-87.4,26.3],[-86.9,26.6],[-86.3,27],[-85.5,27],[-84.6,27.1],[-83.9,26.5],[-83.7,26.3],[-82.8,26],[-81.7,25.9],[-81.5,25.9],[-78.6,26.9]]},"properties":{"id":"hur-al101999","event_type":"hurricane","name":"HARVEY","year":1999,"max_wind_kt":50,"min_pressure_mb":994,"category":0,"preliminary":false,"start_date":"19990919","end_date":"19990922","track":[{"date":"19990919","time":"0600","status":"TD","lat":25,"lon":-87.8,"wind_kt":30,"pressure_mb":1005,"radius_34kt_nm":null},{"date":"19990919","time":"1200","status":"TD","lat":25.5,"lon":-87.8,"wind_kt":30,"pressure_mb":1004,"radius_34kt_nm":null},{"date":"19990919","time":"1800","status":"TD","lat":26,"lon":-87.8,"wind_kt":30,"pressure_mb":1003,"radius_34kt_nm":null},{"date":"19990920","time":"0000","status":"TS","lat":26.3,"lon":-87.4,"wind_kt":40,"pressure_mb":1002,"radius_34kt_nm":null},{"date":"19990920","time":"0600","status":"TS","lat":26.6,"lon":-86.9,"wind_kt":40,"pressure_mb":1001,"radius_34kt_nm":null},{"date":"19990920","time":"1200","status":"TS","lat":27,"lon":-86.3,"wind_kt":40,"pressure_mb":998,"radius_34kt_nm":null},{"date":"19990920","time":"1800","status":"TS","lat":27,"lon":-85.5,"wind_kt":50,"pressure_mb":998,"radius_34kt_nm":null},{"date":"19990921","time":"0000","status":"TS","lat":27.1,"lon":-84.6,"wind_kt":50,"pressure_mb":995,"radius_34kt_nm":null},{"date":"19990921","time":"0600","status":"TS","lat":26.5,"lon":-83.9,"wind_kt":50,"pressure_mb":995,"radius_34kt_nm":null},{"date":"19990921","time":"0800","status":"TS","lat":26.3,"lon":-83.7,"wind_kt":50,"pressure_mb":994,"radius_34kt_nm":null},{"date":"19990921","time":"1200","status":"TS","lat":26,"lon":-82.8,"wind_kt":50,"pressure_mb":996,"radius_34kt_nm":null},{"date":"19990921","time":"1700","status":"TS","lat":25.9,"lon":-81.7,"wind_kt":50,"pressure_mb":999,"radius_34kt_nm":null},{"date":"19990921","time":"1800","status":"TS","lat":25.9,"lon":-81.5,"wind_kt":50,"pressure_mb":999,"radius_34kt_nm":null},{"date":"19990922","time":"0000","status":"TS","lat":26.9,"lon":-78.6,"wind_kt":40,"pressure_mb":1000,"radius_34kt_nm":null}]}},{"type":"Feature","geometry":{"type":"LineString","coordinates":[[-94.1,20.1],[-94,19.5],[-94,19],[-93.8,18.9],[-94.2,19.1],[-94.5,19.4],[-94.8,19.6],[-95,19.6],[-95.4,19.5],[-96.4,20.4]]},"properties":{"id":"hur-al111999","event_type":"hurricane","name":null,"year":1999,"max_wind_kt":30,"min_pressure_mb":1002,"category":-1,"preliminary":false,"start_date":"19991004","end_date":"19991006","track":[{"date":"19991004","time":"0600","status":"TD","lat":20.1,"lon":-94.1,"wind_kt":30,"pressure_mb":1005,"radius_34kt_nm":null},{"date":"19991004","time":"1200","status":"TD","lat":19.5,"lon":-94,"wind_kt":30,"pressure_mb":1004,"radius_34kt_nm":null},{"date":"19991004","time":"1800","status":"TD","lat":19,"lon":-94,"wind_kt":30,"pressure_mb":1003,"radius_34kt_nm":null},{"date":"19991005","time":"0000","status":"TD","lat":18.9,"lon":-93.8,"wind_kt":30,"pressure_mb":1002,"radius_34kt_nm":null},{"date":"19991005","time":"0600","status":"TD","lat":19.1,"lon":-94.2,"wind_kt":30,"pressure_mb":1003,"radius_34kt_nm":null},{"date":"19991005","time":"1200","status":"TD","lat":19.4,"lon":-94.5,"wind_kt":30,"pressure_mb":1004,"radius_34kt_nm":null},{"date":"19991005","time":"1800","status":"TD","lat":19.6,"lon":-94.8,"wind_kt":30,"pressure_mb":1005,"radius_34kt_nm":null},{"date":"19991006","time":"0000","status":"TD","lat":19.6,"lon":-95,"wind_kt":30,"pressure_mb":1006,"radius_34kt_nm":null},{"date":"19991006","time":"0600","status":"TD","lat":19.5,"lon":-95.4,"wind_kt":30,"pressure_mb":1007,"radius_34kt_nm":null},{"date":"19991006","time":"1200","status":"TD","lat":20.4,"lon":-96.4,"wind_kt":30,"pressure_mb":1007,"radius_34kt_nm":null}]}},{"type":"Feature","geometry":{"type":"LineString","coordinates":[[-44.8,14.4],[-45.4,14.8],[-45.8,15],[-46,15.2],[-46.2,15.4],[-46.5,15.6],[-46.7,15.8],[-47.1,16],[-47.5,16.4],[-47.7,16.6],[-47.9,16.8],[-48.5,17.3]]},"properties":{"id":"hur-al121999","event_type":"hurricane","name":null,"year":1999,"max_wind_kt":30,"min_pressure_mb":1007,"category":-1,"preliminary":false,"start_date":"19991006","end_date":"19991008","track":[{"date":"19991006","time":"0000","status":"TD","lat":14.4,"lon":-44.8,"wind_kt":30,"pressure_mb":1008,"radius_34kt_nm":null},{"date":"19991006","time":"0600","status":"TD","lat":14.8,"lon":-45.4,"wind_kt":30,"pressure_mb":1008,"radius_34kt_nm":null},{"date":"19991006","time":"1200","status":"TD","lat":15,"lon":-45.8,"wind_kt":30,"pressure_mb":1007,"radius_34kt_nm":null},{"date":"19991006","time":"1800","status":"TD","lat":15.2,"lon":-46,"wind_kt":30,"pressure_mb":1007,"radius_34kt_nm":null},{"date":"19991007","time":"0000","status":"TD","lat":15.4,"lon":-46.2,"wind_kt":30,"pressure_mb":1008,"radius_34kt_nm":null},{"date":"19991007","time":"0600","status":"TD","lat":15.6,"lon":-46.5,"wind_kt":30,"pressure_mb":1008,"radius_34kt_nm":null},{"date":"19991007","time":"1200","status":"TD","lat":15.8,"lon":-46.7,"wind_kt":30,"pressure_mb":1008,"radius_34kt_nm":null},{"date":"19991007","time":"1800","status":"TD","lat":16,"lon":-47.1,"wind_kt":30,"pressure_mb":1008,"radius_34kt_nm":null},{"date":"19991008","time":"0000","status":"TD","lat":16.4,"lon":-47.5,"wind_kt":30,"pressure_mb":1008,"radius_34kt_nm":null},{"date":"19991008","time":"0600","status":"TD","lat":16.6,"lon":-47.7,"wind_kt":30,"pressure_mb":1008,"radius_34kt_nm":null},{"date":"19991008","time":"1200","status":"TD","lat":16.8,"lon":-47.9,"wind_kt":30,"pressure_mb":1008,"radius_34kt_nm":null},{"date":"19991008","time":"1800","status":"TD","lat":17.3,"lon":-48.5,"wind_kt":25,"pressure_mb":1010,"radius_34kt_nm":null}]}},{"type":"Feature","geometry":{"type":"LineString","coordinates":[[-82,15.9],[-83,16.4],[-83.2,16.7],[-83.3,17.3],[-83.4,18.5],[-83.6,19.8],[-83.6,20.7],[-83.6,21],[-82.9,21.3],[-82.4,22.4],[-82.5,22.7],[-82.6,23.1],[-82.2,23.8],[-81.8,24.4],[-81.6,24.6],[-81.3,25.1],[-81.1,25.3],[-80.6,26.1],[-80.2,27],[-80.1,27.8],[-79.9,28.6],[-79.8,29.4],[-79.8,30.2],[-79.7,31.2],[-79,32.2],[-77.4,33.4],[-75.2,34.8],[-74.4,35.4],[-71.6,36.8],[-67.4,39],[-61,41.5],[-51.5,44.9],[-48,48],[-45,51]]},"properties":{"id":"hur-al131999","event_type":"hurricane","name":"IRENE","year":1999,"max_wind_kt":95,"min_pressure_mb":958,"category":2,"preliminary":false,"start_date":"19991012","end_date":"19991019","track":[{"date":"19991012","time":"1200","status":"LO","lat":15.9,"lon":-82,"wind_kt":20,"pressure_mb":1006,"radius_34kt_nm":null},{"date":"19991012","time":"1800","status":"LO","lat":16.4,"lon":-83,"wind_kt":20,"pressure_mb":1006,"radius_34kt_nm":null},{"date":"19991013","time":"0000","status":"LO","lat":16.7,"lon":-83.2,"wind_kt":20,"pressure_mb":1005,"radius_34kt_nm":null},{"date":"19991013","time":"0600","status":"TD","lat":17.3,"lon":-83.3,"wind_kt":30,"pressure_mb":1004,"radius_34kt_nm":null},{"date":"19991013","time":"1200","status":"TS","lat":18.5,"lon":-83.4,"wind_kt":35,"pressure_mb":1003,"radius_34kt_nm":null},{"date":"19991013","time":"1800","status":"TS","lat":19.8,"lon":-83.6,"wind_kt":45,"pressure_mb":1001,"radius_34kt_nm":null},{"date":"19991014","time":"0000","status":"TS","lat":20.7,"lon":-83.6,"wind_kt":55,"pressure_mb":999,"radius_34kt_nm":null},{"date":"19991014","time":"0600","status":"TS","lat":21,"lon":-83.6,"wind_kt":60,"pressure_mb":999,"radius_34kt_nm":null},{"date":"19991014","time":"1200","status":"TS","lat":21.3,"lon":-82.9,"wind_kt":60,"pressure_mb":997,"radius_34kt_nm":null},{"date":"19991014","time":"1800","status":"TS","lat":22.4,"lon":-82.4,"wind_kt":60,"pressure_mb":995,"radius_34kt_nm":null},{"date":"19991014","time":"1900","status":"TS","lat":22.7,"lon":-82.5,"wind_kt":60,"pressure_mb":986,"radius_34kt_nm":null},{"date":"19991015","time":"0000","status":"TS","lat":23.1,"lon":-82.6,"wind_kt":60,"pressure_mb":988,"radius_34kt_nm":null},{"date":"19991015","time":"0600","status":"HU","lat":23.8,"lon":-82.2,"wind_kt":65,"pressure_mb":988,"radius_34kt_nm":null},{"date":"19991015","time":"1200","status":"HU","lat":24.4,"lon":-81.8,"wind_kt":65,"pressure_mb":987,"radius_34kt_nm":null},{"date":"19991015","time":"1300","status":"HU","lat":24.6,"lon":-81.6,"wind_kt":65,"pressure_mb":987,"radius_34kt_nm":null},{"date":"19991015","time":"1800","status":"HU","lat":25.1,"lon":-81.3,"wind_kt":65,"pressure_mb":986,"radius_34kt_nm":null},{"date":"19991015","time":"2000","status":"HU","lat":25.3,"lon":-81.1,"wind_kt":70,"pressure_mb":987,"radius_34kt_nm":null},{"date":"19991016","time":"0000","status":"HU","lat":26.1,"lon":-80.6,"wind_kt":65,"pressure_mb":986,"radius_34kt_nm":null},{"date":"19991016","time":"0600","status":"HU","lat":27,"lon":-80.2,"wind_kt":65,"pressure_mb":985,"radius_34kt_nm":null},{"date":"19991016","time":"1200","status":"HU","lat":27.8,"lon":-80.1,"wind_kt":65,"pressure_mb":982,"radius_34kt_nm":null},{"date":"19991016","time":"1800","status":"HU","lat":28.6,"lon":-79.9,"wind_kt":65,"pressure_mb":984,"radius_34kt_nm":null},{"date":"19991017","time":"0000","status":"HU","lat":29.4,"lon":-79.8,"wind_kt":65,"pressure_mb":984,"radius_34kt_nm":null},{"date":"19991017","time":"0600","status":"HU","lat":30.2,"lon":-79.8,"wind_kt":65,"pressure_mb":985,"radius_34kt_nm":null},{"date":"19991017","time":"1200","status":"HU","lat":31.2,"lon":-79.7,"wind_kt":65,"pressure_mb":984,"radius_34kt_nm":null},{"date":"19991017","time":"1800","status":"HU","lat":32.2,"lon":-79,"wind_kt":70,"pressure_mb":978,"radius_34kt_nm":null},{"date":"19991018","time":"0000","status":"HU","lat":33.4,"lon":-77.4,"wind_kt":80,"pressure_mb":976,"radius_34kt_nm":null},{"date":"19991018","time":"0600","status":"HU","lat":34.8,"lon":-75.2,"wind_kt":95,"pressure_mb":964,"radius_34kt_nm":null},{"date":"19991018","time":"0756","status":"HU","lat":35.4,"lon":-74.4,"wind_kt":95,"pressure_mb":958,"radius_34kt_nm":null},{"date":"19991018","time":"1200","status":"HU","lat":36.8,"lon":-71.6,"wind_kt":90,"pressure_mb":960,"radius_34kt_nm":null},{"date":"19991018","time":"1800","status":"HU","lat":39,"lon":-67.4,"wind_kt":80,"pressure_mb":968,"radius_34kt_nm":null},{"date":"19991019","time":"0000","status":"HU","lat":41.5,"lon":-61,"wind_kt":80,"pressure_mb":968,"radius_34kt_nm":null},{"date":"19991019","time":"0600","status":"EX","lat":44.9,"lon":-51.5,"wind_kt":80,"pressure_mb":968,"radius_34kt_nm":null},{"date":"19991019","time":"1200","status":"EX","lat":48,"lon":-48,"wind_kt":80,"pressure_mb":968,"radius_34kt_nm":null},{"date":"19991019","time":"1800","status":"EX","lat":51,"lon":-45,"wind_kt":80,"pressure_mb":968,"radius_34kt_nm":null}]}},{"type":"Feature","geometry":{"type":"LineString","coordinates":[[-50.8,9.8],[-51.8,10.3],[-52.8,10.9],[-53.9,11.5],[-55.1,12.2],[-56.1,12.9],[-57.1,13.5],[-58.1,14.1],[-58.9,14.9],[-59.5,15.7],[-60.2,16.3],[-61.1,16.8],[-61.7,17.1],[-62,17.2],[-62.7,17.6],[-63.8,18.1],[-64.6,18.4],[-64.8,18.5],[-65.3,19],[-65.8,19.4],[-66.1,19.9],[-65.9,20.5],[-65.6,21.1],[-65.2,22],[-64.8,23],[-64.3,24],[-63.8,25.2],[-63.1,26.6],[-62.2,28],[-61.1,29.7],[-59.8,32.2],[-58.1,34.9],[-55.8,37.9],[-51.8,40]]},"properties":{"id":"hur-al141999","event_type":"hurricane","name":"JOSE","year":1999,"max_wind_kt":85,"min_pressure_mb":979,"category":2,"preliminary":false,"start_date":"19991017","end_date":"19991025","track":[{"date":"19991017","time":"1800","status":"TD","lat":9.8,"lon":-50.8,"wind_kt":25,"pressure_mb":1006,"radius_34kt_nm":null},{"date":"19991018","time":"0000","status":"TD","lat":10.3,"lon":-51.8,"wind_kt":30,"pressure_mb":1005,"radius_34kt_nm":null},{"date":"19991018","time":"0600","status":"TS","lat":10.9,"lon":-52.8,"wind_kt":35,"pressure_mb":1004,"radius_34kt_nm":null},{"date":"19991018","time":"1200","status":"TS","lat":11.5,"lon":-53.9,"wind_kt":40,"pressure_mb":1003,"radius_34kt_nm":null},{"date":"19991018","time":"1800","status":"TS","lat":12.2,"lon":-55.1,"wind_kt":40,"pressure_mb":1002,"radius_34kt_nm":null},{"date":"19991019","time":"0000","status":"TS","lat":12.9,"lon":-56.1,"wind_kt":45,"pressure_mb":1000,"radius_34kt_nm":null},{"date":"19991019","time":"0600","status":"TS","lat":13.5,"lon":-57.1,"wind_kt":55,"pressure_mb":994,"radius_34kt_nm":null},{"date":"19991019","time":"1200","status":"TS","lat":14.1,"lon":-58.1,"wind_kt":60,"pressure_mb":994,"radius_34kt_nm":null},{"date":"19991019","time":"1800","status":"HU","lat":14.9,"lon":-58.9,"wind_kt":65,"pressure_mb":992,"radius_34kt_nm":null},{"date":"19991020","time":"0000","status":"HU","lat":15.7,"lon":-59.5,"wind_kt":70,"pressure_mb":987,"radius_34kt_nm":null},{"date":"19991020","time":"0600","status":"HU","lat":16.3,"lon":-60.2,"wind_kt":80,"pressure_mb":979,"radius_34kt_nm":null},{"date":"19991020","time":"1200","status":"HU","lat":16.8,"lon":-61.1,"wind_kt":85,"pressure_mb":980,"radius_34kt_nm":null},{"date":"19991020","time":"1600","status":"HU","lat":17.1,"lon":-61.7,"wind_kt":80,"pressure_mb":982,"radius_34kt_nm":null},{"date":"19991020","time":"1800","status":"HU","lat":17.2,"lon":-62,"wind_kt":80,"pressure_mb":983,"radius_34kt_nm":null},{"date":"19991021","time":"0000","status":"HU","lat":17.6,"lon":-62.7,"wind_kt":75,"pressure_mb":990,"radius_34kt_nm":null},{"date":"19991021","time":"0600","status":"HU","lat":18.1,"lon":-63.8,"wind_kt":65,"pressure_mb":992,"radius_34kt_nm":null},{"date":"19991021","time":"1105","status":"TS","lat":18.4,"lon":-64.6,"wind_kt":60,"pressure_mb":996,"radius_34kt_nm":null},{"date":"19991021","time":"1200","status":"TS","lat":18.5,"lon":-64.8,"wind_kt":60,"pressure_mb":996,"radius_34kt_nm":null},{"date":"19991021","time":"1800","status":"TS","lat":19,"lon":-65.3,"wind_kt":55,"pressure_mb":994,"radius_34kt_nm":null},{"date":"19991022","time":"0000","status":"TS","lat":19.4,"lon":-65.8,"wind_kt":50,"pressure_mb":993,"radius_34kt_nm":null},{"date":"19991022","time":"0600","status":"TS","lat":19.9,"lon":-66.1,"wind_kt":50,"pressure_mb":992,"radius_34kt_nm":null},{"date":"19991022","time":"1200","status":"TS","lat":20.5,"lon":-65.9,"wind_kt":50,"pressure_mb":992,"radius_34kt_nm":null},{"date":"19991022","time":"1800","status":"TS","lat":21.1,"lon":-65.6,"wind_kt":50,"pressure_mb":993,"radius_34kt_nm":null},{"date":"19991023","time":"0000","status":"TS","lat":22,"lon":-65.2,"wind_kt":50,"pressure_mb":994,"radius_34kt_nm":null},{"date":"19991023","time":"0600","status":"TS","lat":23,"lon":-64.8,"wind_kt":50,"pressure_mb":995,"radius_34kt_nm":null},{"date":"19991023","time":"1200","status":"TS","lat":24,"lon":-64.3,"wind_kt":55,"pressure_mb":995,"radius_34kt_nm":null},{"date":"19991023","time":"1800","status":"TS","lat":25.2,"lon":-63.8,"wind_kt":55,"pressure_mb":995,"radius_34kt_nm":null},{"date":"19991024","time":"0000","status":"TS","lat":26.6,"lon":-63.1,"wind_kt":55,"pressure_mb":995,"radius_34kt_nm":null},{"date":"19991024","time":"0600","status":"TS","lat":28,"lon":-62.2,"wind_kt":60,"pressure_mb":990,"radius_34kt_nm":null},{"date":"19991024","time":"1200","status":"HU","lat":29.7,"lon":-61.1,"wind_kt":65,"pressure_mb":987,"radius_34kt_nm":null},{"date":"19991024","time":"1800","status":"HU","lat":32.2,"lon":-59.8,"wind_kt":65,"pressure_mb":987,"radius_34kt_nm":null},{"date":"19991025","time":"0000","status":"TS","lat":34.9,"lon":-58.1,"wind_kt":60,"pressure_mb":990,"radius_34kt_nm":null},{"date":"19991025","time":"0600","status":"TS","lat":37.9,"lon":-55.8,"wind_kt":55,"pressure_mb":994,"radius_34kt_nm":null},{"date":"19991025","time":"1200","status":"EX","lat":40,"lon":-51.8,"wind_kt":50,"pressure_mb":996,"radius_34kt_nm":null}]}},{"type":"Feature","geometry":{"type":"LineString","coordinates":[[-80.9,11.4],[-81.6,11.6],[-82,12],[-82.6,12.6],[-82.9,13.2],[-83.4,13.8],[-84,14.1],[-84.5,14.3],[-85.2,14.7],[-86.6,16],[-87.4,17.2],[-88,18.4],[-88.7,19.4],[-89.6,19.9],[-89.8,20.4],[-89.8,21.2]]},"properties":{"id":"hur-al151999","event_type":"hurricane","name":"KATRINA","year":1999,"max_wind_kt":35,"min_pressure_mb":999,"category":0,"preliminary":false,"start_date":"19991028","end_date":"19991101","track":[{"date":"19991028","time":"1800","status":"TD","lat":11.4,"lon":-80.9,"wind_kt":30,"pressure_mb":1001,"radius_34kt_nm":null},{"date":"19991029","time":"0000","status":"TD","lat":11.6,"lon":-81.6,"wind_kt":30,"pressure_mb":1001,"radius_34kt_nm":null},{"date":"19991029","time":"0600","status":"TD","lat":12,"lon":-82,"wind_kt":30,"pressure_mb":1001,"radius_34kt_nm":null},{"date":"19991029","time":"1200","status":"TD","lat":12.6,"lon":-82.6,"wind_kt":30,"pressure_mb":1000,"radius_34kt_nm":null},{"date":"19991029","time":"1800","status":"TS","lat":13.2,"lon":-82.9,"wind_kt":35,"pressure_mb":1000,"radius_34kt_nm":null},{"date":"19991030","time":"0000","status":"TS","lat":13.8,"lon":-83.4,"wind_kt":35,"pressure_mb":999,"radius_34kt_nm":null},{"date":"19991030","time":"0600","status":"TD","lat":14.1,"lon":-84,"wind_kt":30,"pressure_mb":1000,"radius_34kt_nm":null},{"date":"19991030","time":"1200","status":"TD","lat":14.3,"lon":-84.5,"wind_kt":25,"pressure_mb":1001,"radius_34kt_nm":null},{"date":"19991030","time":"1800","status":"TD","lat":14.7,"lon":-85.2,"wind_kt":25,"pressure_mb":1003,"radius_34kt_nm":null},{"date":"19991031","time":"0000","status":"TD","lat":16,"lon":-86.6,"wind_kt":25,"pressure_mb":1005,"radius_34kt_nm":null},{"date":"19991031","time":"0600","status":"TD","lat":17.2,"lon":-87.4,"wind_kt":25,"pressure_mb":1007,"radius_34kt_nm":null},{"date":"19991031","time":"1200","status":"TD","lat":18.4,"lon":-88,"wind_kt":25,"pressure_mb":1008,"radius_34kt_nm":null},{"date":"19991031","time":"1800","status":"TD","lat":19.4,"lon":-88.7,"wind_kt":25,"pressure_mb":1009,"radius_34kt_nm":null},{"date":"19991101","time":"0000","status":"TD","lat":19.9,"lon":-89.6,"wind_kt":20,"pressure_mb":1010,"radius_34kt_nm":null},{"date":"19991101","time":"0600","status":"TD","lat":20.4,"lon":-89.8,"wind_kt":20,"pressure_mb":1011,"radius_34kt_nm":null},{"date":"19991101","time":"1200","status":"TD","lat":21.2,"lon":-89.8,"wind_kt":20,"pressure_mb":1011,"radius_34kt_nm":null}]}},{"type":"Feature","geometry":{"type":"LineString","coordinates":[[-81.6,16.7],[-81.1,16.5],[-80.5,16.4],[-79.9,16.4],[-79.3,16.3],[-78.6,16],[-77.7,15.5],[-76.4,15.1],[-74.8,14.8],[-73.4,15.1],[-72,15.1],[-70.5,15.1],[-69,15.5],[-67.6,15.9],[-66.5,16.4],[-65.5,16.8],[-64.8,17.4],[-64.2,17.6],[-63.9,17.8],[-63.6,17.9],[-63.3,18],[-63.1,18.1],[-62.9,18],[-62.8,17.9],[-62.5,17.6],[-61.8,17.3],[-61.1,17],[-60.4,16.5],[-59.8,15.9],[-59,16],[-58.1,16.5],[-57.1,17.2],[-56.7,18],[-56.1,18.4],[-55.7,18.5],[-55.3,18.5],[-54.7,18.5],[-53.8,18.5],[-52.8,18.5]]},"properties":{"id":"hur-al161999","event_type":"hurricane","name":"LENNY","year":1999,"max_wind_kt":135,"min_pressure_mb":933,"category":4,"preliminary":false,"start_date":"19991113","end_date":"19991123","track":[{"date":"19991113","time":"1800","status":"TD","lat":16.7,"lon":-81.6,"wind_kt":30,"pressure_mb":1003,"radius_34kt_nm":null},{"date":"19991114","time":"0000","status":"TD","lat":16.5,"lon":-81.1,"wind_kt":30,"pressure_mb":1003,"radius_34kt_nm":null},{"date":"19991114","time":"0600","status":"TD","lat":16.4,"lon":-80.5,"wind_kt":30,"pressure_mb":1002,"radius_34kt_nm":null},{"date":"19991114","time":"1200","status":"TS","lat":16.4,"lon":-79.9,"wind_kt":40,"pressure_mb":1000,"radius_34kt_nm":null},{"date":"19991114","time":"1800","status":"TS","lat":16.3,"lon":-79.3,"wind_kt":55,"pressure_mb":992,"radius_34kt_nm":null},{"date":"19991115","time":"0000","status":"HU","lat":16,"lon":-78.6,"wind_kt":70,"pressure_mb":988,"radius_34kt_nm":null},{"date":"19991115","time":"0600","status":"HU","lat":15.5,"lon":-77.7,"wind_kt":75,"pressure_mb":977,"radius_34kt_nm":null},{"date":"19991115","time":"1200","status":"HU","lat":15.1,"lon":-76.4,"wind_kt":85,"pressure_mb":971,"radius_34kt_nm":null},{"date":"19991115","time":"1800","status":"HU","lat":14.8,"lon":-74.8,"wind_kt":75,"pressure_mb":983,"radius_34kt_nm":null},{"date":"19991116","time":"0000","status":"HU","lat":15.1,"lon":-73.4,"wind_kt":75,"pressure_mb":982,"radius_34kt_nm":null},{"date":"19991116","time":"0600","status":"HU","lat":15.1,"lon":-72,"wind_kt":75,"pressure_mb":974,"radius_34kt_nm":null},{"date":"19991116","time":"1200","status":"HU","lat":15.1,"lon":-70.5,"wind_kt":85,"pressure_mb":971,"radius_34kt_nm":null},{"date":"19991116","time":"1800","status":"HU","lat":15.5,"lon":-69,"wind_kt":85,"pressure_mb":967,"radius_34kt_nm":null},{"date":"19991117","time":"0000","status":"HU","lat":15.9,"lon":-67.6,"wind_kt":100,"pressure_mb":959,"radius_34kt_nm":null},{"date":"19991117","time":"0600","status":"HU","lat":16.4,"lon":-66.5,"wind_kt":105,"pressure_mb":952,"radius_34kt_nm":null},{"date":"19991117","time":"1200","status":"HU","lat":16.8,"lon":-65.5,"wind_kt":115,"pressure_mb":946,"radius_34kt_nm":null},{"date":"19991117","time":"1800","status":"HU","lat":17.4,"lon":-64.8,"wind_kt":135,"pressure_mb":933,"radius_34kt_nm":null},{"date":"19991118","time":"0000","status":"HU","lat":17.6,"lon":-64.2,"wind_kt":130,"pressure_mb":940,"radius_34kt_nm":null},{"date":"19991118","time":"0600","status":"HU","lat":17.8,"lon":-63.9,"wind_kt":125,"pressure_mb":944,"radius_34kt_nm":null},{"date":"19991118","time":"1200","status":"HU","lat":17.9,"lon":-63.6,"wind_kt":120,"pressure_mb":953,"radius_34kt_nm":null},{"date":"19991118","time":"1800","status":"HU","lat":18,"lon":-63.3,"wind_kt":110,"pressure_mb":966,"radius_34kt_nm":null},{"date":"19991119","time":"0000","status":"HU","lat":18.1,"lon":-63.1,"wind_kt":85,"pressure_mb":975,"radius_34kt_nm":null},{"date":"19991119","time":"0600","status":"HU","lat":18,"lon":-62.9,"wind_kt":75,"pressure_mb":979,"radius_34kt_nm":null},{"date":"19991119","time":"1200","status":"HU","lat":17.9,"lon":-62.8,"wind_kt":70,"pressure_mb":986,"radius_34kt_nm":null},{"date":"19991119","time":"1800","status":"TS","lat":17.6,"lon":-62.5,"wind_kt":60,"pressure_mb":994,"radius_34kt_nm":null},{"date":"19991120","time":"0000","status":"TS","lat":17.3,"lon":-61.8,"wind_kt":55,"pressure_mb":994,"radius_34kt_nm":null},{"date":"19991120","time":"0600","status":"TS","lat":17,"lon":-61.1,"wind_kt":55,"pressure_mb":995,"radius_34kt_nm":null},{"date":"19991120","time":"1200","status":"TS","lat":16.5,"lon":-60.4,"wind_kt":50,"pressure_mb":996,"radius_34kt_nm":null},{"date":"19991120","time":"1800","status":"TS","lat":15.9,"lon":-59.8,"wind_kt":45,"pressure_mb":998,"radius_34kt_nm":null},{"date":"19991121","time":"0000","status":"TS","lat":16,"lon":-59,"wind_kt":40,"pressure_mb":998,"radius_34kt_nm":null},{"date":"19991121","time":"0600","status":"TD","lat":16.5,"lon":-58.1,"wind_kt":30,"pressure_mb":998,"radius_34kt_nm":null},{"date":"19991121","time":"1200","status":"TD","lat":17.2,"lon":-57.1,"wind_kt":30,"pressure_mb":999,"radius_34kt_nm":null},{"date":"19991121","time":"1800","status":"TD","lat":18,"lon":-56.7,"wind_kt":25,"pressure_mb":1000,"radius_34kt_nm":null},{"date":"19991122","time":"0000","status":"TD","lat":18.4,"lon":-56.1,"wind_kt":25,"pressure_mb":1001,"radius_34kt_nm":null},{"date":"19991122","time":"0600","status":"TD","lat":18.5,"lon":-55.7,"wind_kt":25,"pressure_mb":1002,"radius_34kt_nm":null},{"date":"19991122","time":"1200","status":"TD","lat":18.5,"lon":-55.3,"wind_kt":25,"pressure_mb":1004,"radius_34kt_nm":null},{"date":"19991122","time":"1800","status":"TD","lat":18.5,"lon":-54.7,"wind_kt":20,"pressure_mb":1005,"radius_34kt_nm":null},{"date":"19991123","time":"0000","status":"TD","lat":18.5,"lon":-53.8,"wind_kt":20,"pressure_mb":1006,"radius_34kt_nm":null},{"date":"19991123","time":"0600","status":"TD","lat":18.5,"lon":-52.8,"wind_kt":20,"pressure_mb":1006,"radius_34kt_nm":null}]}}]}