{"type":"FeatureCollection","features":[{"type":"Feature","geometry":{"type":"LineString","coordinates":[[-93,21],[-92.8,20.9],[-93.1,20.7],[-93.5,20.8]]},"properties":{"id":"hur-al012000","event_type":"hurricane","name":null,"year":2000,"max_wind_kt":25,"min_pressure_mb":1008,"category":-1,"preliminary":false,"start_date":"20000607","end_date":"20000608","track":[{"date":"20000607","time":"1800","status":"TD","lat":21,"lon":-93,"wind_kt":25,"pressure_mb":1008},{"date":"20000608","time":"0000","status":"TD","lat":20.9,"lon":-92.8,"wind_kt":25,"pressure_mb":1009},{"date":"20000608","time":"0600","status":"TD","lat":20.7,"lon":-93.1,"wind_kt":25,"pressure_mb":1010},{"date":"20000608","time":"1200","status":"TD","lat":20.8,"lon":-93.5,"wind_kt":25,"pressure_mb":1010}]}},{"type":"Feature","geometry":{"type":"LineString","coordinates":[[-19.8,9.5],[-21,9.6],[-22.6,9.9],[-24.5,10.2],[-26.2,10.1],[-27.8,9.9],[-29.3,9.9],[-30.1,10.1],[-32.6,10.1],[-34.2,10],[-36.2,9.8],[-38.2,9.7]]},"properties":{"id":"hur-al022000","event_type":"hurricane","name":null,"year":2000,"max_wind_kt":30,"min_pressure_mb":1008,"category":-1,"preliminary":false,"start_date":"20000623","end_date":"20000625","track":[{"date":"20000623","time":"0000","status":"TD","lat":9.5,"lon":-19.8,"wind_kt":25,"pressure_mb":1010},{"date":"20000623","time":"0600","status":"TD","lat":9.6,"lon":-21,"wind_kt":30,"pressure_mb":1009},{"date":"20000623","time":"1200","status":"TD","lat":9.9,"lon":-22.6,"wind_kt":30,"pressure_mb":1009},{"date":"20000623","time":"1800","status":"TD","lat":10.2,"lon":-24.5,"wind_kt":30,"pressure_mb":1009},{"date":"20000624","time":"0000","status":"TD","lat":10.1,"lon":-26.2,"wind_kt":30,"pressure_mb":1009},{"date":"20000624","time":"0600","status":"TD","lat":9.9,"lon":-27.8,"wind_kt":30,"pressure_mb":1009},{"date":"20000624","time":"1200","status":"TD","lat":9.9,"lon":-29.3,"wind_kt":30,"pressure_mb":1009},{"date":"20000624","time":"1800","status":"TD","lat":10.1,"lon":-30.1,"wind_kt":30,"pressure_mb":1009},{"date":"20000625","time":"0000","status":"TD","lat":10.1,"lon":-32.6,"wind_kt":30,"pressure_mb":1009},{"date":"20000625","time":"0600","status":"TD","lat":10,"lon":-34.2,"wind_kt":30,"pressure_mb":1008},{"date":"20000625","time":"1200","status":"TD","lat":9.8,"lon":-36.2,"wind_kt":30,"pressure_mb":1009},{"date":"20000625","time":"1800","status":"TD","lat":9.7,"lon":-38.2,"wind_kt":25,"pressure_mb":1010}]}},{"type":"Feature","geometry":{"type":"LineString","coordinates":[[-18,10.8],[-20.1,11.5],[-22.3,12],[-23.8,12.3],[-25.2,12.7],[-26.7,13.2],[-28.2,13.7],[-29.8,14.1],[-31.4,14.5],[-33.2,14.5],[-34.4,14.6],[-35.4,14.7],[-36.6,15.2],[-38.1,15.7],[-39.6,16],[-41,16.2],[-42.2,16.5],[-43.6,16.7],[-44.9,17],[-45.7,17.7],[-46.5,18.6],[-47.2,19.6],[-48.5,20.6],[-49.9,21.9],[-51.3,23.4],[-52.6,24.8],[-54,26.1],[-55.3,27.5],[-56.7,28.8],[-57.7,29.9],[-58.4,31.1],[-58.6,32.2],[-58.5,33.3],[-58,34.3],[-56.7,35.1],[-55.3,35.9],[-53.8,36.8],[-52,37.4],[-50.3,38],[-48.3,38.4],[-46.3,38.8],[-44.2,39],[-42.2,39.1],[-40.6,39.1],[-39.3,39.1],[-38.5,38.9],[-38.5,38.3],[-38.5,37.3],[-38.9,36.6],[-39.4,36.1],[-40.2,35.4],[-41.3,34.6],[-42.4,33.9],[-43.5,33.4],[-44.2,33],[-44.9,33],[-45.8,33],[-46.5,33.2],[-47.1,33.6],[-47.6,34.2],[-48,34.7],[-48.1,34.9],[-48.2,35.3],[-48.2,35.6],[-48.2,36],[-48.1,36.4],[-48,36.7],[-47.9,37.1],[-47.7,37.4],[-47.5,37.9],[-47.3,38.3],[-47.2,38.9],[-46.7,40],[-45.9,41.2],[-45.4,42.6],[-44,44],[-42.1,46.1],[-39.5,48.3],[-36.8,50.7],[-35.4,53.2],[-34,57],[-30.3,59.5],[-25.5,62],[-23,65.5],[-20,68],[-12.5,69],[-4.9,70.7]]},"properties":{"id":"hur-al032000","event_type":"hurricane","name":"ALBERTO","year":2000,"max_wind_kt":110,"min_pressure_mb":950,"category":3,"preliminary":false,"start_date":"20000803","end_date":"20000825","track":[{"date":"20000803","time":"1800","status":"TD","lat":10.8,"lon":-18,"wind_kt":25,"pressure_mb":1007},{"date":"20000804","time":"0000","status":"TD","lat":11.5,"lon":-20.1,"wind_kt":30,"pressure_mb":1005},{"date":"20000804","time":"0600","status":"TS","lat":12,"lon":-22.3,"wind_kt":35,"pressure_mb":1004},{"date":"20000804","time":"1200","status":"TS","lat":12.3,"lon":-23.8,"wind_kt":35,"pressure_mb":1003},{"date":"20000804","time":"1800","status":"TS","lat":12.7,"lon":-25.2,"wind_kt":40,"pressure_mb":1002},{"date":"20000805","time":"0000","status":"TS","lat":13.2,"lon":-26.7,"wind_kt":40,"pressure_mb":1001},{"date":"20000805","time":"0600","status":"TS","lat":13.7,"lon":-28.2,"wind_kt":45,"pressure_mb":1000},{"date":"20000805","time":"1200","status":"TS","lat":14.1,"lon":-29.8,"wind_kt":45,"pressure_mb":999},{"date":"20000805","time":"1800","status":"TS","lat":14.5,"lon":-31.4,"wind_kt":55,"pressure_mb":994},{"date":"20000806","time":"0000","status":"HU","lat":14.5,"lon":-33.2,"wind_kt":65,"pressure_mb":987},{"date":"20000806","time":"0600","status":"HU","lat":14.6,"lon":-34.4,"wind_kt":65,"pressure_mb":985},{"date":"20000806","time":"1200","status":"HU","lat":14.7,"lon":-35.4,"wind_kt":70,"pressure_mb":983},{"date":"20000806","time":"1800","status":"HU","lat":15.2,"lon":-36.6,"wind_kt":75,"pressure_mb":981},{"date":"20000807","time":"0000","status":"HU","lat":15.7,"lon":-38.1,"wind_kt":75,"pressure_mb":979},{"date":"20000807","time":"0600","status":"HU","lat":16,"lon":-39.6,"wind_kt":80,"pressure_mb":978},{"date":"20000807","time":"1200","status":"HU","lat":16.2,"lon":-41,"wind_kt":80,"pressure_mb":977},{"date":"20000807","time":"1800","status":"HU","lat":16.5,"lon":-42.2,"wind_kt":80,"pressure_mb":978},{"date":"20000808","time":"0000","status":"HU","lat":16.7,"lon":-43.6,"wind_kt":75,"pressure_mb":979},{"date":"20000808","time":"0600","status":"HU","lat":17,"lon":-44.9,"wind_kt":70,"pressure_mb":982},{"date":"20000808","time":"1200","status":"HU","lat":17.7,"lon":-45.7,"wind_kt":70,"pressure_mb":985},{"date":"20000808","time":"1800","status":"HU","lat":18.6,"lon":-46.5,"wind_kt":65,"pressure_mb":987},{"date":"20000809","time":"0000","status":"TS","lat":19.6,"lon":-47.2,"wind_kt":60,"pressure_mb":989},{"date":"20000809","time":"0600","status":"TS","lat":20.6,"lon":-48.5,"wind_kt":60,"pressure_mb":992},{"date":"20000809","time":"1200","status":"TS","lat":21.9,"lon":-49.9,"wind_kt":55,"pressure_mb":994},{"date":"20000809","time":"1800","status":"TS","lat":23.4,"lon":-51.3,"wind_kt":60,"pressure_mb":991},{"date":"20000810","time":"0000","status":"HU","lat":24.8,"lon":-52.6,"wind_kt":65,"pressure_mb":988},{"date":"20000810","time":"0600","status":"HU","lat":26.1,"lon":-54,"wind_kt":65,"pressure_mb":987},{"date":"20000810","time":"1200","status":"HU","lat":27.5,"lon":-55.3,"wind_kt":65,"pressure_mb":986},{"date":"20000810","time":"1800","status":"HU","lat":28.8,"lon":-56.7,"wind_kt":65,"pressure_mb":984},{"date":"20000811","time":"0000","status":"HU","lat":29.9,"lon":-57.7,"wind_kt":70,"pressure_mb":982},{"date":"20000811","time":"0600","status":"HU","lat":31.1,"lon":-58.4,"wind_kt":75,"pressure_mb":979},{"date":"20000811","time":"1200","status":"HU","lat":32.2,"lon":-58.6,"wind_kt":80,"pressure_mb":976},{"date":"20000811","time":"1800","status":"HU","lat":33.3,"lon":-58.5,"wind_kt":85,"pressure_mb":973},{"date":"20000812","time":"0000","status":"HU","lat":34.3,"lon":-58,"wind_kt":90,"pressure_mb":970},{"date":"20000812","time":"0600","status":"HU","lat":35.1,"lon":-56.7,"wind_kt":100,"pressure_mb":960},{"date":"20000812","time":"1200","status":"HU","lat":35.9,"lon":-55.3,"wind_kt":110,"pressure_mb":950},{"date":"20000812","time":"1800","status":"HU","lat":36.8,"lon":-53.8,"wind_kt":110,"pressure_mb":954},{"date":"20000813","time":"0000","status":"HU","lat":37.4,"lon":-52,"wind_kt":105,"pressure_mb":958},{"date":"20000813","time":"0600","status":"HU","lat":38,"lon":-50.3,"wind_kt":95,"pressure_mb":966},{"date":"20000813","time":"1200","status":"HU","lat":38.4,"lon":-48.3,"wind_kt":85,"pressure_mb":973},{"date":"20000813","time":"1800","status":"HU","lat":38.8,"lon":-46.3,"wind_kt":75,"pressure_mb":980},{"date":"20000814","time":"0000","status":"HU","lat":39,"lon":-44.2,"wind_kt":65,"pressure_mb":987},{"date":"20000814","time":"0600","status":"TS","lat":39.1,"lon":-42.2,"wind_kt":60,"pressure_mb":991},{"date":"20000814","time":"1200","status":"TS","lat":39.1,"lon":-40.6,"wind_kt":55,"pressure_mb":994},{"date":"20000814","time":"1800","status":"TS","lat":39.1,"lon":-39.3,"wind_kt":50,"pressure_mb":997},{"date":"20000815","time":"0000","status":"TS","lat":38.9,"lon":-38.5,"wind_kt":45,"pressure_mb":1000},{"date":"20000815","time":"0600","status":"TS","lat":38.3,"lon":-38.5,"wind_kt":45,"pressure_mb":1001},{"date":"20000815","time":"1200","status":"TS","lat":37.3,"lon":-38.5,"wind_kt":45,"pressure_mb":1002},{"date":"20000815","time":"1800","status":"TS","lat":36.6,"lon":-38.9,"wind_kt":40,"pressure_mb":1002},{"date":"20000816","time":"0000","status":"TS","lat":36.1,"lon":-39.4,"wind_kt":40,"pressure_mb":1003},{"date":"20000816","time":"0600","status":"TS","lat":35.4,"lon":-40.2,"wind_kt":40,"pressure_mb":1003},{"date":"20000816","time":"1200","status":"TS","lat":34.6,"lon":-41.3,"wind_kt":40,"pressure_mb":1003},{"date":"20000816","time":"1800","status":"TS","lat":33.9,"lon":-42.4,"wind_kt":40,"pressure_mb":1002},{"date":"20000817","time":"0000","status":"TS","lat":33.4,"lon":-43.5,"wind_kt":45,"pressure_mb":1001},{"date":"20000817","time":"0600","status":"TS","lat":33,"lon":-44.2,"wind_kt":45,"pressure_mb":1000},{"date":"20000817","time":"1200","status":"TS","lat":33,"lon":-44.9,"wind_kt":50,"pressure_mb":998},{"date":"20000817","time":"1800","status":"TS","lat":33,"lon":-45.8,"wind_kt":50,"pressure_mb":997},{"date":"20000818","time":"0000","status":"TS","lat":33.2,"lon":-46.5,"wind_kt":55,"pressure_mb":995},{"date":"20000818","time":"0600","status":"TS","lat":33.6,"lon":-47.1,"wind_kt":55,"pressure_mb":993},{"date":"20000818","time":"1200","status":"TS","lat":34.2,"lon":-47.6,"wind_kt":60,"pressure_mb":991},{"date":"20000818","time":"1800","status":"HU","lat":34.7,"lon":-48,"wind_kt":65,"pressure_mb":987},{"date":"20000819","time":"0000","status":"HU","lat":34.9,"lon":-48.1,"wind_kt":75,"pressure_mb":979},{"date":"20000819","time":"0600","status":"HU","lat":35.3,"lon":-48.2,"wind_kt":80,"pressure_mb":976},{"date":"20000819","time":"1200","status":"HU","lat":35.6,"lon":-48.2,"wind_kt":85,"pressure_mb":973},{"date":"20000819","time":"1800","status":"HU","lat":36,"lon":-48.2,"wind_kt":90,"pressure_mb":970},{"date":"20000820","time":"0000","status":"HU","lat":36.4,"lon":-48.1,"wind_kt":90,"pressure_mb":970},{"date":"20000820","time":"0600","status":"HU","lat":36.7,"lon":-48,"wind_kt":90,"pressure_mb":971},{"date":"20000820","time":"1200","status":"HU","lat":37.1,"lon":-47.9,"wind_kt":85,"pressure_mb":972},{"date":"20000820","time":"1800","status":"HU","lat":37.4,"lon":-47.7,"wind_kt":85,"pressure_mb":973},{"date":"20000821","time":"0000","status":"HU","lat":37.9,"lon":-47.5,"wind_kt":85,"pressure_mb":974},{"date":"20000821","time":"0600","status":"HU","lat":38.3,"lon":-47.3,"wind_kt":80,"pressure_mb":976},{"date":"20000821","time":"1200","status":"HU","lat":38.9,"lon":-47.2,"wind_kt":80,"pressure_mb":977},{"date":"20000821","time":"1800","status":"HU","lat":40,"lon":-46.7,"wind_kt":80,"pressure_mb":978},{"date":"20000822","time":"0000","status":"HU","lat":41.2,"lon":-45.9,"wind_kt":75,"pressure_mb":979},{"date":"20000822","time":"0600","status":"HU","lat":42.6,"lon":-45.4,"wind_kt":75,"pressure_mb":981},{"date":"20000822","time":"1200","status":"HU","lat":44,"lon":-44,"wind_kt":70,"pressure_mb":983},{"date":"20000822","time":"1800","status":"HU","lat":46.1,"lon":-42.1,"wind_kt":65,"pressure_mb":985},{"date":"20000823","time":"0000","status":"HU","lat":48.3,"lon":-39.5,"wind_kt":65,"pressure_mb":987},{"date":"20000823","time":"0600","status":"TS","lat":50.7,"lon":-36.8,"wind_kt":55,"pressure_mb":994},{"date":"20000823","time":"1200","status":"EX","lat":53.2,"lon":-35.4,"wind_kt":45,"pressure_mb":997},{"date":"20000823","time":"1800","status":"EX","lat":57,"lon":-34,"wind_kt":45,"pressure_mb":997},{"date":"20000824","time":"0000","status":"EX","lat":59.5,"lon":-30.3,"wind_kt":40,"pressure_mb":995},{"date":"20000824","time":"0600","status":"EX","lat":62,"lon":-25.5,"wind_kt":35,"pressure_mb":992},{"date":"20000824","time":"1200","status":"EX","lat":65.5,"lon":-23,"wind_kt":35,"pressure_mb":990},{"date":"20000824","time":"1800","status":"EX","lat":68,"lon":-20,"wind_kt":30,"pressure_mb":992},{"date":"20000825","time":"0000","status":"EX","lat":69,"lon":-12.5,"wind_kt":30,"pressure_mb":990},{"date":"20000825","time":"0600","status":"EX","lat":70.7,"lon":-4.9,"wind_kt":30,"pressure_mb":994}]}},{"type":"Feature","geometry":{"type":"LineString","coordinates":[[-74.2,28.2],[-75.1,28.1],[-76,28],[-76.8,27.9],[-77.4,27.9],[-77.9,27.9],[-78.6,28],[-79.3,28.3],[-78.9,28.7],[-78.3,28.9],[-77.8,29.2],[-77.2,29.4],[-76.5,29.6]]},"properties":{"id":"hur-al042000","event_type":"hurricane","name":null,"year":2000,"max_wind_kt":30,"min_pressure_mb":1009,"category":-1,"preliminary":false,"start_date":"20000808","end_date":"20000811","track":[{"date":"20000808","time":"1200","status":"TD","lat":28.2,"lon":-74.2,"wind_kt":30,"pressure_mb":1011},{"date":"20000808","time":"1800","status":"TD","lat":28.1,"lon":-75.1,"wind_kt":30,"pressure_mb":1010},{"date":"20000809","time":"0000","status":"TD","lat":28,"lon":-76,"wind_kt":30,"pressure_mb":1010},{"date":"20000809","time":"0600","status":"TD","lat":27.9,"lon":-76.8,"wind_kt":30,"pressure_mb":1010},{"date":"20000809","time":"1200","status":"TD","lat":27.9,"lon":-77.4,"wind_kt":30,"pressure_mb":1010},{"date":"20000809","time":"1800","status":"TD","lat":27.9,"lon":-77.9,"wind_kt":30,"pressure_mb":1010},{"date":"20000810","time":"0000","status":"TD","lat":28,"lon":-78.6,"wind_kt":30,"pressure_mb":1009},{"date":"20000810","time":"0600","status":"TD","lat":28.3,"lon":-79.3,"wind_kt":30,"pressure_mb":1010},{"date":"20000810","time":"1200","status":"TD","lat":28.7,"lon":-78.9,"wind_kt":30,"pressure_mb":1010},{"date":"20000810","time":"1800","status":"TD","lat":28.9,"lon":-78.3,"wind_kt":25,"pressure_mb":1011},{"date":"20000811","time":"0000","status":"TD","lat":29.2,"lon":-77.8,"wind_kt":25,"pressure_mb":1011},{"date":"20000811","time":"0600","status":"TD","lat":29.4,"lon":-77.2,"wind_kt":25,"pressure_mb":1012},{"date":"20000811","time":"1200","status":"TD","lat":29.6,"lon":-76.5,"wind_kt":25,"pressure_mb":1013}]}},{"type":"Feature","geometry":{"type":"LineString","coordinates":[[-93.5,22.5],[-93.8,22.7],[-94.6,23.1],[-95.4,23.5],[-96.3,23.9],[-97,24.1],[-97.7,24.5],[-98.6,24.9],[-99.8,25.2]]},"properties":{"id":"hur-al052000","event_type":"hurricane","name":"BERYL","year":2000,"max_wind_kt":45,"min_pressure_mb":1007,"category":0,"preliminary":false,"start_date":"20000813","end_date":"20000815","track":[{"date":"20000813","time":"1800","status":"TD","lat":22.5,"lon":-93.5,"wind_kt":30,"pressure_mb":1008},{"date":"20000814","time":"0000","status":"TD","lat":22.7,"lon":-93.8,"wind_kt":30,"pressure_mb":1008},{"date":"20000814","time":"0600","status":"TS","lat":23.1,"lon":-94.6,"wind_kt":35,"pressure_mb":1007},{"date":"20000814","time":"1200","status":"TS","lat":23.5,"lon":-95.4,"wind_kt":40,"pressure_mb":1009},{"date":"20000814","time":"1800","status":"TS","lat":23.9,"lon":-96.3,"wind_kt":45,"pressure_mb":1009},{"date":"20000815","time":"0000","status":"TS","lat":24.1,"lon":-97,"wind_kt":45,"pressure_mb":1007},{"date":"20000815","time":"0600","status":"TS","lat":24.5,"lon":-97.7,"wind_kt":45,"pressure_mb":1009},{"date":"20000815","time":"1200","status":"TD","lat":24.9,"lon":-98.6,"wind_kt":30,"pressure_mb":1010},{"date":"20000815","time":"1800","status":"TD","lat":25.2,"lon":-99.8,"wind_kt":25,"pressure_mb":1012}]}},{"type":"Feature","geometry":{"type":"LineString","coordinates":[[-51.9,14.2],[-52.8,14.7],[-53.4,15.2],[-54.1,15.6],[-55.4,16.2],[-56.5,16.8],[-57.7,17.3],[-59,17.8],[-60.4,18.3]]},"properties":{"id":"hur-al062000","event_type":"hurricane","name":"CHRIS","year":2000,"max_wind_kt":35,"min_pressure_mb":1008,"category":0,"preliminary":false,"start_date":"20000817","end_date":"20000819","track":[{"date":"20000817","time":"1200","status":"TD","lat":14.2,"lon":-51.9,"wind_kt":25,"pressure_mb":1009},{"date":"20000817","time":"1800","status":"TD","lat":14.7,"lon":-52.8,"wind_kt":25,"pressure_mb":1009},{"date":"20000818","time":"0000","status":"TD","lat":15.2,"lon":-53.4,"wind_kt":25,"pressure_mb":1009},{"date":"20000818","time":"0600","status":"TD","lat":15.6,"lon":-54.1,"wind_kt":30,"pressure_mb":1009},{"date":"20000818","time":"1200","status":"TS","lat":16.2,"lon":-55.4,"wind_kt":35,"pressure_mb":1008},{"date":"20000818","time":"1800","status":"TD","lat":16.8,"lon":-56.5,"wind_kt":30,"pressure_mb":1011},{"date":"20000819","time":"0000","status":"TD","lat":17.3,"lon":-57.7,"wind_kt":25,"pressure_mb":1012},{"date":"20000819","time":"0600","status":"TD","lat":17.8,"lon":-59,"wind_kt":25,"pressure_mb":1012},{"date":"20000819","time":"1200","status":"TD","lat":18.3,"lon":-60.4,"wind_kt":20,"pressure_mb":1013}]}},{"type":"Feature","geometry":{"type":"LineString","coordinates":[[-44.5,12],[-45.3,12.6],[-46.8,13.3],[-48.8,14],[-50.6,14.7],[-52.1,15.1],[-54,15.4],[-56.3,15.7],[-58.5,16.1],[-60.1,16.8],[-60.9,17.1],[-61.7,17.5],[-62.8,17.9],[-63.5,18.1],[-64.4,18.5],[-65.4,18.8],[-66.7,19.2],[-68.1,19.5],[-69.7,19.8],[-71.5,20],[-73.3,19.9],[-75.1,19.6],[-77,19.5]]},"properties":{"id":"hur-al072000","event_type":"hurricane","name":"DEBBY","year":2000,"max_wind_kt":75,"min_pressure_mb":991,"category":1,"preliminary":false,"start_date":"20000819","end_date":"20000824","track":[{"date":"20000819","time":"1800","status":"TD","lat":12,"lon":-44.5,"wind_kt":30,"pressure_mb":1010},{"date":"20000820","time":"0000","status":"TD","lat":12.6,"lon":-45.3,"wind_kt":30,"pressure_mb":1010},{"date":"20000820","time":"0600","status":"TS","lat":13.3,"lon":-46.8,"wind_kt":35,"pressure_mb":1009},{"date":"20000820","time":"1200","status":"TS","lat":14,"lon":-48.8,"wind_kt":40,"pressure_mb":1008},{"date":"20000820","time":"1800","status":"TS","lat":14.7,"lon":-50.6,"wind_kt":45,"pressure_mb":1007},{"date":"20000821","time":"0000","status":"TS","lat":15.1,"lon":-52.1,"wind_kt":55,"pressure_mb":1006},{"date":"20000821","time":"0600","status":"HU","lat":15.4,"lon":-54,"wind_kt":65,"pressure_mb":1005},{"date":"20000821","time":"1200","status":"HU","lat":15.7,"lon":-56.3,"wind_kt":75,"pressure_mb":1004},{"date":"20000821","time":"1800","status":"HU","lat":16.1,"lon":-58.5,"wind_kt":75,"pressure_mb":1004},{"date":"20000822","time":"0000","status":"HU","lat":16.8,"lon":-60.1,"wind_kt":70,"pressure_mb":995},{"date":"20000822","time":"0300","status":"HU","lat":17.1,"lon":-60.9,"wind_kt":70,"pressure_mb":991},{"date":"20000822","time":"0600","status":"HU","lat":17.5,"lon":-61.7,"wind_kt":65,"pressure_mb":993},{"date":"20000822","time":"0915","status":"HU","lat":17.9,"lon":-62.8,"wind_kt":65,"pressure_mb":993},{"date":"20000822","time":"1200","status":"HU","lat":18.1,"lon":-63.5,"wind_kt":65,"pressure_mb":994},{"date":"20000822","time":"1500","status":"HU","lat":18.5,"lon":-64.4,"wind_kt":65,"pressure_mb":994},{"date":"20000822","time":"1800","status":"HU","lat":18.8,"lon":-65.4,"wind_kt":65,"pressure_mb":995},{"date":"20000823","time":"0000","status":"HU","lat":19.2,"lon":-66.7,"wind_kt":65,"pressure_mb":995},{"date":"20000823","time":"0600","status":"HU","lat":19.5,"lon":-68.1,"wind_kt":65,"pressure_mb":995},{"date":"20000823","time":"1200","status":"TS","lat":19.8,"lon":-69.7,"wind_kt":60,"pressure_mb":1005},{"date":"20000823","time":"1800","status":"TS","lat":20,"lon":-71.5,"wind_kt":50,"pressure_mb":1009},{"date":"20000824","time":"0000","status":"TS","lat":19.9,"lon":-73.3,"wind_kt":40,"pressure_mb":1010},{"date":"20000824","time":"0600","status":"TS","lat":19.6,"lon":-75.1,"wind_kt":35,"pressure_mb":1011},{"date":"20000824","time":"1200","status":"TD","lat":19.5,"lon":-77,"wind_kt":30,"pressure_mb":1011}]}},{"type":"Feature","geometry":{"type":"LineString","coordinates":[[-45.2,14.8],[-47,15],[-48.3,15.6],[-49.5,16.2],[-50.8,16.9],[-52.1,17.5],[-53.6,18.2],[-55,18.8],[-56.6,19.4],[-58,20]]},"properties":{"id":"hur-al082000","event_type":"hurricane","name":"ERNESTO","year":2000,"max_wind_kt":35,"min_pressure_mb":1008,"category":0,"preliminary":false,"start_date":"20000901","end_date":"20000903","track":[{"date":"20000901","time":"1200","status":"TD","lat":14.8,"lon":-45.2,"wind_kt":25,"pressure_mb":1009},{"date":"20000901","time":"1800","status":"TD","lat":15,"lon":-47,"wind_kt":30,"pressure_mb":1009},{"date":"20000902","time":"0000","status":"TD","lat":15.6,"lon":-48.3,"wind_kt":30,"pressure_mb":1009},{"date":"20000902","time":"0600","status":"TS","lat":16.2,"lon":-49.5,"wind_kt":35,"pressure_mb":1008},{"date":"20000902","time":"1200","status":"TS","lat":16.9,"lon":-50.8,"wind_kt":35,"pressure_mb":1008},{"date":"20000902","time":"1800","status":"TS","lat":17.5,"lon":-52.1,"wind_kt":35,"pressure_mb":1008},{"date":"20000903","time":"0000","status":"TS","lat":18.2,"lon":-53.6,"wind_kt":35,"pressure_mb":1008},{"date":"20000903","time":"0600","status":"TS","lat":18.8,"lon":-55,"wind_kt":35,"pressure_mb":1008},{"date":"20000903","time":"1200","status":"TS","lat":19.4,"lon":-56.6,"wind_kt":35,"pressure_mb":1008},{"date":"20000903","time":"1800","status":"TD","lat":20,"lon":-58,"wind_kt":30,"pressure_mb":1009}]}},{"type":"Feature","geometry":{"type":"LineString","coordinates":[[-93.5,27.5],[-93.5,28],[-93.5,28.5],[-93.8,29.3],[-93.9,29.9],[-94,30]]},"properties":{"id":"hur-al092000","event_type":"hurricane","name":null,"year":2000,"max_wind_kt":30,"min_pressure_mb":1008,"category":-1,"preliminary":false,"start_date":"20000908","end_date":"20000909","track":[{"date":"20000908","time":"1800","status":"TD","lat":27.5,"lon":-93.5,"wind_kt":25,"pressure_mb":1009},{"date":"20000908","time":"2100","status":"TD","lat":28,"lon":-93.5,"wind_kt":30,"pressure_mb":1008},{"date":"20000909","time":"0000","status":"TD","lat":28.5,"lon":-93.5,"wind_kt":30,"pressure_mb":1009},{"date":"20000909","time":"0600","status":"TD","lat":29.3,"lon":-93.8,"wind_kt":25,"pressure_mb":1009},{"date":"20000909","time":"1000","status":"TD","lat":29.9,"lon":-93.9,"wind_kt":25,"pressure_mb":1009},{"date":"20000909","time":"1200","status":"TD","lat":30,"lon":-94,"wind_kt":25,"pressure_mb":1010}]}},{"type":"Feature","geometry":{"type":"LineString","coordinates":[[-70.9,30.9],[-71.3,30.8],[-71.8,30.7],[-72.2,30.4],[-72.6,30.1],[-72.7,30.1],[-72.8,30.2],[-73.1,30.3],[-73.3,30.6],[-73.7,30.8],[-74,30.7],[-73.8,30.7],[-73.7,30.5],[-73.6,30.2],[-73.6,29.6],[-73.4,29.5],[-73.1,29.3],[-72.8,29.2],[-72.4,29.1],[-71.2,29.8],[-69.7,30.1],[-67.5,30.8],[-66.1,32.6],[-64.2,34.3],[-61.8,36.1],[-59.5,37.9],[-57.4,40.1],[-55,42.5],[-53,45.5]]},"properties":{"id":"hur-al102000","event_type":"hurricane","name":"FLORENCE","year":2000,"max_wind_kt":70,"min_pressure_mb":985,"category":1,"preliminary":false,"start_date":"20000910","end_date":"20000917","track":[{"date":"20000910","time":"1800","status":"SD","lat":30.9,"lon":-70.9,"wind_kt":30,"pressure_mb":1007},{"date":"20000911","time":"0000","status":"SD","lat":30.8,"lon":-71.3,"wind_kt":30,"pressure_mb":1007},{"date":"20000911","time":"0600","status":"TD","lat":30.7,"lon":-71.8,"wind_kt":30,"pressure_mb":1006},{"date":"20000911","time":"1200","status":"TS","lat":30.4,"lon":-72.2,"wind_kt":45,"pressure_mb":1002},{"date":"20000911","time":"1800","status":"HU","lat":30.1,"lon":-72.6,"wind_kt":65,"pressure_mb":998},{"date":"20000912","time":"0000","status":"HU","lat":30.1,"lon":-72.7,"wind_kt":65,"pressure_mb":992},{"date":"20000912","time":"0600","status":"TS","lat":30.2,"lon":-72.8,"wind_kt":60,"pressure_mb":993},{"date":"20000912","time":"1200","status":"TS","lat":30.3,"lon":-73.1,"wind_kt":60,"pressure_mb":991},{"date":"20000912","time":"1800","status":"HU","lat":30.6,"lon":-73.3,"wind_kt":65,"pressure_mb":987},{"date":"20000913","time":"0000","status":"HU","lat":30.8,"lon":-73.7,"wind_kt":65,"pressure_mb":986},{"date":"20000913","time":"0600","status":"HU","lat":30.7,"lon":-74,"wind_kt":65,"pressure_mb":986},{"date":"20000913","time":"1200","status":"TS","lat":30.7,"lon":-73.8,"wind_kt":60,"pressure_mb":987},{"date":"20000913","time":"1800","status":"TS","lat":30.5,"lon":-73.7,"wind_kt":55,"pressure_mb":989},{"date":"20000914","time":"0000","status":"TS","lat":30.2,"lon":-73.6,"wind_kt":50,"pressure_mb":991},{"date":"20000914","time":"0600","status":"TS","lat":29.6,"lon":-73.6,"wind_kt":45,"pressure_mb":993},{"date":"20000914","time":"1200","status":"TS","lat":29.5,"lon":-73.4,"wind_kt":45,"pressure_mb":994},{"date":"20000914","time":"1800","status":"TS","lat":29.3,"lon":-73.1,"wind_kt":45,"pressure_mb":995},{"date":"20000915","time":"0000","status":"TS","lat":29.2,"lon":-72.8,"wind_kt":45,"pressure_mb":995},{"date":"20000915","time":"0600","status":"TS","lat":29.1,"lon":-72.4,"wind_kt":45,"pressure_mb":996},{"date":"20000915","time":"1200","status":"TS","lat":29.8,"lon":-71.2,"wind_kt":50,"pressure_mb":997},{"date":"20000915","time":"1800","status":"TS","lat":30.1,"lon":-69.7,"wind_kt":60,"pressure_mb":997},{"date":"20000916","time":"0000","status":"HU","lat":30.8,"lon":-67.5,"wind_kt":65,"pressure_mb":994},{"date":"20000916","time":"0600","status":"HU","lat":32.6,"lon":-66.1,"wind_kt":65,"pressure_mb":988},{"date":"20000916","time":"1200","status":"HU","lat":34.3,"lon":-64.2,"wind_kt":65,"pressure_mb":987},{"date":"20000916","time":"1800","status":"HU","lat":36.1,"lon":-61.8,"wind_kt":70,"pressure_mb":985},{"date":"20000917","time":"0000","status":"TS","lat":37.9,"lon":-59.5,"wind_kt":60,"pressure_mb":990},{"date":"20000917","time":"0600","status":"TS","lat":40.1,"lon":-57.4,"wind_kt":55,"pressure_mb":995},{"date":"20000917","time":"1200","status":"TS","lat":42.5,"lon":-55,"wind_kt":50,"pressure_mb":1000},{"date":"20000917","time":"1800","status":"TS","lat":45.5,"lon":-53,"wind_kt":50,"pressure_mb":1002}]}},{"type":"Feature","geometry":{"type":"LineString","coordinates":[[-87.3,19.8],[-87.4,20.4],[-87.7,20.7],[-88,21],[-88.7,21.4],[-87.8,21.6],[-86.7,22.5],[-86.6,22.9],[-86.3,23.5],[-85.9,24.3],[-85.4,25.2],[-84.9,26.1],[-84.3,27.1],[-83.8,28],[-83.4,28.9],[-83.2,29.3],[-83,29.8],[-82.3,31],[-81.5,32.3],[-80.2,33.5],[-79,35],[-78.2,37],[-76,38.5],[-74,40],[-72,41.5],[-69.5,42],[-67.2,42.5],[-65,43],[-63,43.5]]},"properties":{"id":"hur-al112000","event_type":"hurricane","name":"GORDON","year":2000,"max_wind_kt":70,"min_pressure_mb":981,"category":1,"preliminary":false,"start_date":"20000914","end_date":"20000921","track":[{"date":"20000914","time":"1200","status":"TD","lat":19.8,"lon":-87.3,"wind_kt":25,"pressure_mb":1008},{"date":"20000914","time":"1800","status":"TD","lat":20.4,"lon":-87.4,"wind_kt":25,"pressure_mb":1007},{"date":"20000915","time":"0000","status":"TD","lat":20.7,"lon":-87.7,"wind_kt":25,"pressure_mb":1007},{"date":"20000915","time":"0600","status":"TD","lat":21,"lon":-88,"wind_kt":25,"pressure_mb":1006},{"date":"20000915","time":"1200","status":"TD","lat":21.4,"lon":-88.7,"wind_kt":25,"pressure_mb":1004},{"date":"20000915","time":"1800","status":"TD","lat":21.6,"lon":-87.8,"wind_kt":30,"pressure_mb":1004},{"date":"20000916","time":"0000","status":"TS","lat":22.5,"lon":-86.7,"wind_kt":40,"pressure_mb":1000},{"date":"20000916","time":"0600","status":"TS","lat":22.9,"lon":-86.6,"wind_kt":50,"pressure_mb":997},{"date":"20000916","time":"1200","status":"TS","lat":23.5,"lon":-86.3,"wind_kt":55,"pressure_mb":992},{"date":"20000916","time":"1800","status":"TS","lat":24.3,"lon":-85.9,"wind_kt":60,"pressure_mb":983},{"date":"20000917","time":"0000","status":"HU","lat":25.2,"lon":-85.4,"wind_kt":65,"pressure_mb":985},{"date":"20000917","time":"0600","status":"HU","lat":26.1,"lon":-84.9,"wind_kt":70,"pressure_mb":981},{"date":"20000917","time":"1200","status":"HU","lat":27.1,"lon":-84.3,"wind_kt":65,"pressure_mb":987},{"date":"20000917","time":"1800","status":"HU","lat":28,"lon":-83.8,"wind_kt":65,"pressure_mb":985},{"date":"20000918","time":"0000","status":"TS","lat":28.9,"lon":-83.4,"wind_kt":60,"pressure_mb":989},{"date":"20000918","time":"0300","status":"TS","lat":29.3,"lon":-83.2,"wind_kt":55,"pressure_mb":991},{"date":"20000918","time":"0600","status":"TS","lat":29.8,"lon":-83,"wind_kt":40,"pressure_mb":1000},{"date":"20000918","time":"1200","status":"TD","lat":31,"lon":-82.3,"wind_kt":30,"pressure_mb":1006},{"date":"20000918","time":"1800","status":"EX","lat":32.3,"lon":-81.5,"wind_kt":25,"pressure_mb":1011},{"date":"20000919","time":"0000","status":"EX","lat":33.5,"lon":-80.2,"wind_kt":25,"pressure_mb":1011},{"date":"20000919","time":"0600","status":"EX","lat":35,"lon":-79,"wind_kt":20,"pressure_mb":1011},{"date":"20000919","time":"1200","status":"EX","lat":37,"lon":-78.2,"wind_kt":20,"pressure_mb":1010},{"date":"20000919","time":"1800","status":"EX","lat":38.5,"lon":-76,"wind_kt":25,"pressure_mb":1008},{"date":"20000920","time":"0000","status":"EX","lat":40,"lon":-74,"wind_kt":25,"pressure_mb":1007},{"date":"20000920","time":"0600","status":"EX","lat":41.5,"lon":-72,"wind_kt":25,"pressure_mb":1005},{"date":"20000920","time":"1200","status":"EX","lat":42,"lon":-69.5,"wind_kt":30,"pressure_mb":1005},{"date":"20000920","time":"1800","status":"EX","lat":42.5,"lon":-67.2,"wind_kt":30,"pressure_mb":1005},{"date":"20000921","time":"0000","status":"EX","lat":43,"lon":-65,"wind_kt":30,"pressure_mb":1004},{"date":"20000921","time":"0600","status":"EX","lat":43.5,"lon":-63,"wind_kt":30,"pressure_mb":1003}]}},{"type":"Feature","geometry":{"type":"LineString","coordinates":[[-52.2,14.9],[-53,15.3],[-53.6,15.6],[-54.4,15.8],[-55.9,16.1],[-58,16.4],[-59.9,16.6],[-61.7,16.6],[-63.6,16.4],[-65.6,16.7],[-67.1,17],[-68.7,17.1],[-70.6,17.2],[-72.5,17.4],[-74.4,17.6],[-76.3,18.3],[-78.3,18.9],[-79.6,19.4],[-81,19.9],[-82.6,20.7],[-84.3,21.8],[-85.4,23],[-86.1,23.9],[-86.6,24.9],[-87,26.1],[-87.1,27.1],[-87.2,28.4],[-87.2,29.5],[-86.6,30.5],[-85.4,31.6],[-83.5,32.9],[-81.7,33.6],[-80,34.4],[-78,35.4],[-76.1,36.4],[-74.7,37.2],[-72.5,38],[-70.1,39.2],[-66.8,40.1],[-62.2,41.6],[-55.5,44],[-48.8,46.1]]},"properties":{"id":"hur-al122000","event_type":"hurricane","name":"HELENE","year":2000,"max_wind_kt":60,"min_pressure_mb":986,"category":0,"preliminary":false,"start_date":"20000915","end_date":"20000925","track":[{"date":"20000915","time":"1200","status":"TD","lat":14.9,"lon":-52.2,"wind_kt":25,"pressure_mb":1010},{"date":"20000915","time":"1800","status":"TD","lat":15.3,"lon":-53,"wind_kt":25,"pressure_mb":1010},{"date":"20000916","time":"0000","status":"TD","lat":15.6,"lon":-53.6,"wind_kt":25,"pressure_mb":1010},{"date":"20000916","time":"0600","status":"TD","lat":15.8,"lon":-54.4,"wind_kt":25,"pressure_mb":1010},{"date":"20000916","time":"1200","status":"TD","lat":16.1,"lon":-55.9,"wind_kt":30,"pressure_mb":1010},{"date":"20000916","time":"1800","status":"WV","lat":16.4,"lon":-58,"wind_kt":30,"pressure_mb":1010},{"date":"20000917","time":"0000","status":"WV","lat":16.6,"lon":-59.9,"wind_kt":30,"pressure_mb":1010},{"date":"20000917","time":"0600","status":"WV","lat":16.6,"lon":-61.7,"wind_kt":30,"pressure_mb":1010},{"date":"20000917","time":"1200","status":"WV","lat":16.4,"lon":-63.6,"wind_kt":30,"pressure_mb":1010},{"date":"20000917","time":"1800","status":"WV","lat":16.7,"lon":-65.6,"wind_kt":30,"pressure_mb":1010},{"date":"20000918","time":"0000","status":"WV","lat":17,"lon":-67.1,"wind_kt":30,"pressure_mb":1010},{"date":"20000918","time":"0600","status":"WV","lat":17.1,"lon":-68.7,"wind_kt":30,"pressure_mb":1010},{"date":"20000918","time":"1200","status":"WV","lat":17.2,"lon":-70.6,"wind_kt":30,"pressure_mb":1010},{"date":"20000918","time":"1800","status":"WV","lat":17.4,"lon":-72.5,"wind_kt":30,"pressure_mb":1010},{"date":"20000919","time":"0000","status":"WV","lat":17.6,"lon":-74.4,"wind_kt":30,"pressure_mb":1010},{"date":"20000919","time":"0600","status":"WV","lat":18.3,"lon":-76.3,"wind_kt":30,"pressure_mb":1010},{"date":"20000919","time":"1200","status":"WV","lat":18.9,"lon":-78.3,"wind_kt":30,"pressure_mb":1010},{"date":"20000919","time":"1800","status":"TD","lat":19.4,"lon":-79.6,"wind_kt":30,"pressure_mb":1010},{"date":"20000920","time":"0000","status":"TD","lat":19.9,"lon":-81,"wind_kt":30,"pressure_mb":1010},{"date":"20000920","time":"0600","status":"TD","lat":20.7,"lon":-82.6,"wind_kt":25,"pressure_mb":1010},{"date":"20000920","time":"1200","status":"TD","lat":21.8,"lon":-84.3,"wind_kt":25,"pressure_mb":1010},{"date":"20000920","time":"1800","status":"TD","lat":23,"lon":-85.4,"wind_kt":25,"pressure_mb":1010},{"date":"20000921","time":"0000","status":"TD","lat":23.9,"lon":-86.1,"wind_kt":25,"pressure_mb":1008},{"date":"20000921","time":"0600","status":"TS","lat":24.9,"lon":-86.6,"wind_kt":35,"pressure_mb":1007},{"date":"20000921","time":"1200","status":"TS","lat":26.1,"lon":-87,"wind_kt":45,"pressure_mb":1006},{"date":"20000921","time":"1800","status":"TS","lat":27.1,"lon":-87.1,"wind_kt":60,"pressure_mb":999},{"date":"20000922","time":"0000","status":"TS","lat":28.4,"lon":-87.2,"wind_kt":60,"pressure_mb":996},{"date":"20000922","time":"0600","status":"TS","lat":29.5,"lon":-87.2,"wind_kt":50,"pressure_mb":1001},{"date":"20000922","time":"1200","status":"TS","lat":30.5,"lon":-86.6,"wind_kt":35,"pressure_mb":1006},{"date":"20000922","time":"1800","status":"TD","lat":31.6,"lon":-85.4,"wind_kt":25,"pressure_mb":1010},{"date":"20000923","time":"0000","status":"TD","lat":32.9,"lon":-83.5,"wind_kt":25,"pressure_mb":1011},{"date":"20000923","time":"0600","status":"TD","lat":33.6,"lon":-81.7,"wind_kt":25,"pressure_mb":1012},{"date":"20000923","time":"1200","status":"TD","lat":34.4,"lon":-80,"wind_kt":25,"pressure_mb":1011},{"date":"20000923","time":"1800","status":"TS","lat":35.4,"lon":-78,"wind_kt":35,"pressure_mb":1010},{"date":"20000924","time":"0000","status":"TS","lat":36.4,"lon":-76.1,"wind_kt":40,"pressure_mb":1008},{"date":"20000924","time":"0600","status":"TS","lat":37.2,"lon":-74.7,"wind_kt":45,"pressure_mb":1005},{"date":"20000924","time":"1200","status":"TS","lat":38,"lon":-72.5,"wind_kt":45,"pressure_mb":1001},{"date":"20000924","time":"1800","status":"TS","lat":39.2,"lon":-70.1,"wind_kt":45,"pressure_mb":997},{"date":"20000925","time":"0000","status":"TS","lat":40.1,"lon":-66.8,"wind_kt":55,"pressure_mb":993},{"date":"20000925","time":"0600","status":"TS","lat":41.6,"lon":-62.2,"wind_kt":60,"pressure_mb":986},{"date":"20000925","time":"1200","status":"TS","lat":44,"lon":-55.5,"wind_kt":55,"pressure_mb":988},{"date":"20000925","time":"1800","status":"TS","lat":46.1,"lon":-48.8,"wind_kt":45,"pressure_mb":990}]}},{"type":"Feature","geometry":{"type":"LineString","coordinates":[[-23,11.5],[-24.5,11.9],[-25.9,12.3],[-27.2,12.7],[-28.7,13.1],[-30.1,13.5],[-31.2,13.7],[-32.3,13.9],[-33.2,14.3],[-34.2,14.6],[-35,14.9],[-35.8,15.1],[-36.8,15.5],[-37.8,15.8],[-38.6,16.3],[-39.5,16.7],[-40.4,17.2],[-41.2,17.6],[-42,17.9],[-42.9,18.3],[-43.9,18.6],[-45,19.1],[-46,19.6],[-47,20.4],[-48.1,21],[-49.5,21.9],[-50.6,22.8],[-52,23.8],[-52.9,25],[-54.2,26.6],[-55.1,28],[-55.9,29.7],[-56.2,31.2],[-55.9,32.9],[-55.2,34.4],[-54,35.7],[-51.8,37],[-49.8,38.3],[-47.9,39.7],[-45.7,40.9],[-43.6,42.1],[-39.5,43.5],[-36.5,44.5],[-33,45.7],[-29,47],[-25,48.5],[-20.5,49.5],[-16.5,50.5],[-12,52],[-9,55],[-6,58],[-4,62]]},"properties":{"id":"hur-al132000","event_type":"hurricane","name":"ISAAC","year":2000,"max_wind_kt":120,"min_pressure_mb":943,"category":4,"preliminary":false,"start_date":"20000921","end_date":"20001004","track":[{"date":"20000921","time":"1200","status":"TD","lat":11.5,"lon":-23,"wind_kt":30,"pressure_mb":1008},{"date":"20000921","time":"1800","status":"TD","lat":11.9,"lon":-24.5,"wind_kt":30,"pressure_mb":1008},{"date":"20000922","time":"0000","status":"TS","lat":12.3,"lon":-25.9,"wind_kt":35,"pressure_mb":1005},{"date":"20000922","time":"0600","status":"TS","lat":12.7,"lon":-27.2,"wind_kt":40,"pressure_mb":1001},{"date":"20000922","time":"1200","status":"TS","lat":13.1,"lon":-28.7,"wind_kt":45,"pressure_mb":1000},{"date":"20000922","time":"1800","status":"TS","lat":13.5,"lon":-30.1,"wind_kt":45,"pressure_mb":1000},{"date":"20000923","time":"0000","status":"TS","lat":13.7,"lon":-31.2,"wind_kt":50,"pressure_mb":997},{"date":"20000923","time":"0600","status":"TS","lat":13.9,"lon":-32.3,"wind_kt":55,"pressure_mb":994},{"date":"20000923","time":"1200","status":"HU","lat":14.3,"lon":-33.2,"wind_kt":70,"pressure_mb":984},{"date":"20000923","time":"1800","status":"HU","lat":14.6,"lon":-34.2,"wind_kt":85,"pressure_mb":973},{"date":"20000924","time":"0000","status":"HU","lat":14.9,"lon":-35,"wind_kt":105,"pressure_mb":960},{"date":"20000924","time":"0600","status":"HU","lat":15.1,"lon":-35.8,"wind_kt":100,"pressure_mb":960},{"date":"20000924","time":"1200","status":"HU","lat":15.5,"lon":-36.8,"wind_kt":100,"pressure_mb":960},{"date":"20000924","time":"1800","status":"HU","lat":15.8,"lon":-37.8,"wind_kt":100,"pressure_mb":960},{"date":"20000925","time":"0000","status":"HU","lat":16.3,"lon":-38.6,"wind_kt":95,"pressure_mb":965},{"date":"20000925","time":"0600","status":"HU","lat":16.7,"lon":-39.5,"wind_kt":95,"pressure_mb":965},{"date":"20000925","time":"1200","status":"HU","lat":17.2,"lon":-40.4,"wind_kt":90,"pressure_mb":970},{"date":"20000925","time":"1800","status":"HU","lat":17.6,"lon":-41.2,"wind_kt":90,"pressure_mb":970},{"date":"20000926","time":"0000","status":"HU","lat":17.9,"lon":-42,"wind_kt":90,"pressure_mb":970},{"date":"20000926","time":"0600","status":"HU","lat":18.3,"lon":-42.9,"wind_kt":85,"pressure_mb":973},{"date":"20000926","time":"1200","status":"HU","lat":18.6,"lon":-43.9,"wind_kt":75,"pressure_mb":980},{"date":"20000926","time":"1800","status":"HU","lat":19.1,"lon":-45,"wind_kt":75,"pressure_mb":980},{"date":"20000927","time":"0000","status":"HU","lat":19.6,"lon":-46,"wind_kt":80,"pressure_mb":977},{"date":"20000927","time":"0600","status":"HU","lat":20.4,"lon":-47,"wind_kt":85,"pressure_mb":973},{"date":"20000927","time":"1200","status":"HU","lat":21,"lon":-48.1,"wind_kt":90,"pressure_mb":970},{"date":"20000927","time":"1800","status":"HU","lat":21.9,"lon":-49.5,"wind_kt":95,"pressure_mb":965},{"date":"20000928","time":"0000","status":"HU","lat":22.8,"lon":-50.6,"wind_kt":100,"pressure_mb":960},{"date":"20000928","time":"0600","status":"HU","lat":23.8,"lon":-52,"wind_kt":105,"pressure_mb":955},{"date":"20000928","time":"1200","status":"HU","lat":25,"lon":-52.9,"wind_kt":110,"pressure_mb":950},{"date":"20000928","time":"1800","status":"HU","lat":26.6,"lon":-54.2,"wind_kt":120,"pressure_mb":943},{"date":"20000929","time":"0000","status":"HU","lat":28,"lon":-55.1,"wind_kt":115,"pressure_mb":948},{"date":"20000929","time":"0600","status":"HU","lat":29.7,"lon":-55.9,"wind_kt":110,"pressure_mb":950},{"date":"20000929","time":"1200","status":"HU","lat":31.2,"lon":-56.2,"wind_kt":105,"pressure_mb":955},{"date":"20000929","time":"1800","status":"HU","lat":32.9,"lon":-55.9,"wind_kt":90,"pressure_mb":965},{"date":"20000930","time":"0000","status":"HU","lat":34.4,"lon":-55.2,"wind_kt":85,"pressure_mb":970},{"date":"20000930","time":"0600","status":"HU","lat":35.7,"lon":-54,"wind_kt":80,"pressure_mb":975},{"date":"20000930","time":"1200","status":"HU","lat":37,"lon":-51.8,"wind_kt":75,"pressure_mb":979},{"date":"20000930","time":"1800","status":"HU","lat":38.3,"lon":-49.8,"wind_kt":70,"pressure_mb":985},{"date":"20001001","time":"0000","status":"HU","lat":39.7,"lon":-47.9,"wind_kt":65,"pressure_mb":987},{"date":"20001001","time":"0600","status":"TS","lat":40.9,"lon":-45.7,"wind_kt":60,"pressure_mb":990},{"date":"20001001","time":"1200","status":"TS","lat":42.1,"lon":-43.6,"wind_kt":55,"pressure_mb":990},{"date":"20001001","time":"1800","status":"EX","lat":43.5,"lon":-39.5,"wind_kt":55,"pressure_mb":990},{"date":"20001002","time":"0000","status":"EX","lat":44.5,"lon":-36.5,"wind_kt":55,"pressure_mb":982},{"date":"20001002","time":"0600","status":"EX","lat":45.7,"lon":-33,"wind_kt":60,"pressure_mb":972},{"date":"20001002","time":"1200","status":"EX","lat":47,"lon":-29,"wind_kt":60,"pressure_mb":975},{"date":"20001002","time":"1800","status":"EX","lat":48.5,"lon":-25,"wind_kt":60,"pressure_mb":976},{"date":"20001003","time":"0000","status":"EX","lat":49.5,"lon":-20.5,"wind_kt":60,"pressure_mb":976},{"date":"20001003","time":"0600","status":"EX","lat":50.5,"lon":-16.5,"wind_kt":60,"pressure_mb":978},{"date":"20001003","time":"1200","status":"EX","lat":52,"lon":-12,"wind_kt":55,"pressure_mb":982},{"date":"20001003","time":"1800","status":"EX","lat":55,"lon":-9,"wind_kt":45,"pressure_mb":988},{"date":"20001004","time":"0000","status":"EX","lat":58,"lon":-6,"wind_kt":45,"pressure_mb":989},{"date":"20001004","time":"0600","status":"EX","lat":62,"lon":-4,"wind_kt":45,"pressure_mb":994}]}},{"type":"Feature","geometry":{"type":"LineString","coordinates":[[-29.6,11.2],[-30.7,11.4],[-31.9,11.5],[-33,11.6],[-34.1,11.6],[-35.3,11.7],[-36.4,12.1],[-37.6,12.2],[-38.8,12.4],[-40.1,12.5],[-41.3,12.4],[-42.5,12.2],[-43.8,11.7],[-45,11.3],[-46.1,10.9],[-47.2,10.7],[-48.6,10.5],[-50.1,10.5],[-51.7,10.4],[-53.3,10.3],[-54.9,10.3],[-56.6,10.5],[-58,10.7],[-59.5,11],[-60.9,11.3],[-62.3,11.7],[-63.5,11.9],[-64.9,11.9]]},"properties":{"id":"hur-al142000","event_type":"hurricane","name":"JOYCE","year":2000,"max_wind_kt":80,"min_pressure_mb":975,"category":1,"preliminary":false,"start_date":"20000925","end_date":"20001002","track":[{"date":"20000925","time":"1200","status":"TD","lat":11.2,"lon":-29.6,"wind_kt":25,"pressure_mb":1009},{"date":"20000925","time":"1800","status":"TD","lat":11.4,"lon":-30.7,"wind_kt":30,"pressure_mb":1009},{"date":"20000926","time":"0000","status":"TS","lat":11.5,"lon":-31.9,"wind_kt":35,"pressure_mb":1008},{"date":"20000926","time":"0600","status":"TS","lat":11.6,"lon":-33,"wind_kt":35,"pressure_mb":1007},{"date":"20000926","time":"1200","status":"TS","lat":11.6,"lon":-34.1,"wind_kt":35,"pressure_mb":1005},{"date":"20000926","time":"1800","status":"TS","lat":11.7,"lon":-35.3,"wind_kt":40,"pressure_mb":1002},{"date":"20000927","time":"0000","status":"TS","lat":12.1,"lon":-36.4,"wind_kt":50,"pressure_mb":998},{"date":"20000927","time":"0600","status":"TS","lat":12.2,"lon":-37.6,"wind_kt":55,"pressure_mb":993},{"date":"20000927","time":"1200","status":"HU","lat":12.4,"lon":-38.8,"wind_kt":65,"pressure_mb":985},{"date":"20000927","time":"1800","status":"HU","lat":12.5,"lon":-40.1,"wind_kt":70,"pressure_mb":978},{"date":"20000928","time":"0000","status":"HU","lat":12.4,"lon":-41.3,"wind_kt":75,"pressure_mb":976},{"date":"20000928","time":"0600","status":"HU","lat":12.2,"lon":-42.5,"wind_kt":80,"pressure_mb":975},{"date":"20000928","time":"1200","status":"HU","lat":11.7,"lon":-43.8,"wind_kt":80,"pressure_mb":975},{"date":"20000928","time":"1800","status":"HU","lat":11.3,"lon":-45,"wind_kt":75,"pressure_mb":976},{"date":"20000929","time":"0000","status":"HU","lat":10.9,"lon":-46.1,"wind_kt":75,"pressure_mb":977},{"date":"20000929","time":"0600","status":"HU","lat":10.7,"lon":-47.2,"wind_kt":70,"pressure_mb":980},{"date":"20000929","time":"1200","status":"HU","lat":10.5,"lon":-48.6,"wind_kt":65,"pressure_mb":984},{"date":"20000929","time":"1800","status":"TS","lat":10.5,"lon":-50.1,"wind_kt":60,"pressure_mb":988},{"date":"20000930","time":"0000","status":"TS","lat":10.4,"lon":-51.7,"wind_kt":55,"pressure_mb":992},{"date":"20000930","time":"0600","status":"TS","lat":10.3,"lon":-53.3,"wind_kt":50,"pressure_mb":996},{"date":"20000930","time":"1200","status":"TS","lat":10.3,"lon":-54.9,"wind_kt":45,"pressure_mb":1000},{"date":"20000930","time":"1800","status":"TS","lat":10.5,"lon":-56.6,"wind_kt":40,"pressure_mb":1003},{"date":"20001001","time":"0000","status":"TS","lat":10.7,"lon":-58,"wind_kt":40,"pressure_mb":1005},{"date":"20001001","time":"0600","status":"TS","lat":11,"lon":-59.5,"wind_kt":35,"pressure_mb":1006},{"date":"20001001","time":"1200","status":"TS","lat":11.3,"lon":-60.9,"wind_kt":35,"pressure_mb":1007},{"date":"20001001","time":"1800","status":"TD","lat":11.7,"lon":-62.3,"wind_kt":30,"pressure_mb":1008},{"date":"20001002","time":"0000","status":"TD","lat":11.9,"lon":-63.5,"wind_kt":30,"pressure_mb":1009},{"date":"20001002","time":"0600","status":"TD","lat":11.9,"lon":-64.9,"wind_kt":25,"pressure_mb":1009}]}},{"type":"Feature","geometry":{"type":"LineString","coordinates":[[-82.9,16.1],[-83.3,16.2],[-83.6,16.6],[-84,16.9],[-84.8,17.4],[-85.4,17.7],[-86,17.9],[-86.4,17.9],[-86.7,17.9],[-86.9,17.9],[-87.2,17.9],[-87.3,17.9],[-87.4,17.9],[-87.7,17.9],[-87.9,17.8],[-87.8,17.6],[-87.8,17.7],[-87.9,17.7],[-88,17.9],[-88,17.9],[-88.2,17.9],[-88.4,18],[-88.8,18.3],[-89.5,18.6],[-90.4,19],[-91.4,19.5],[-92.5,19.9],[-93.5,20.3],[-94.8,20.7],[-96.1,21.2],[-97,21.8],[-97.9,22.6],[-99,23.2],[-100,23.5],[-101,23.8]]},"properties":{"id":"hur-al152000","event_type":"hurricane","name":"KEITH","year":2000,"max_wind_kt":120,"min_pressure_mb":939,"category":4,"preliminary":false,"start_date":"20000928","end_date":"20001006","track":[{"date":"20000928","time":"1800","status":"TD","lat":16.1,"lon":-82.9,"wind_kt":25,"pressure_mb":1005},{"date":"20000929","time":"0000","status":"TD","lat":16.2,"lon":-83.3,"wind_kt":25,"pressure_mb":1004},{"date":"20000929","time":"0600","status":"TD","lat":16.6,"lon":-83.6,"wind_kt":30,"pressure_mb":1003},{"date":"20000929","time":"1200","status":"TD","lat":16.9,"lon":-84,"wind_kt":30,"pressure_mb":1002},{"date":"20000929","time":"1800","status":"TS","lat":17.4,"lon":-84.8,"wind_kt":40,"pressure_mb":1000},{"date":"20000930","time":"0000","status":"TS","lat":17.7,"lon":-85.4,"wind_kt":45,"pressure_mb":993},{"date":"20000930","time":"0600","status":"TS","lat":17.9,"lon":-86,"wind_kt":55,"pressure_mb":987},{"date":"20000930","time":"1200","status":"HU","lat":17.9,"lon":-86.4,"wind_kt":65,"pressure_mb":982},{"date":"20000930","time":"1800","status":"HU","lat":17.9,"lon":-86.7,"wind_kt":75,"pressure_mb":977},{"date":"20001001","time":"0000","status":"HU","lat":17.9,"lon":-86.9,"wind_kt":100,"pressure_mb":955},{"date":"20001001","time":"0600","status":"HU","lat":17.9,"lon":-87.2,"wind_kt":120,"pressure_mb":941},{"date":"20001001","time":"0700","status":"HU","lat":17.9,"lon":-87.3,"wind_kt":120,"pressure_mb":939},{"date":"20001001","time":"1200","status":"HU","lat":17.9,"lon":-87.4,"wind_kt":115,"pressure_mb":944},{"date":"20001001","time":"1800","status":"HU","lat":17.9,"lon":-87.7,"wind_kt":110,"pressure_mb":950},{"date":"20001002","time":"0000","status":"HU","lat":17.8,"lon":-87.9,"wind_kt":100,"pressure_mb":959},{"date":"20001002","time":"0600","status":"HU","lat":17.6,"lon":-87.8,"wind_kt":80,"pressure_mb":974},{"date":"20001002","time":"1200","status":"HU","lat":17.7,"lon":-87.8,"wind_kt":70,"pressure_mb":980},{"date":"20001002","time":"1800","status":"HU","lat":17.7,"lon":-87.9,"wind_kt":65,"pressure_mb":987},{"date":"20001002","time":"2300","status":"HU","lat":17.9,"lon":-88,"wind_kt":65,"pressure_mb":988},{"date":"20001003","time":"0000","status":"TS","lat":17.9,"lon":-88,"wind_kt":60,"pressure_mb":989},{"date":"20001003","time":"0300","status":"TS","lat":17.9,"lon":-88.2,"wind_kt":60,"pressure_mb":990},{"date":"20001003","time":"0600","status":"TS","lat":18,"lon":-88.4,"wind_kt":45,"pressure_mb":990},{"date":"20001003","time":"1200","status":"TD","lat":18.3,"lon":-88.8,"wind_kt":30,"pressure_mb":995},{"date":"20001003","time":"1800","status":"TD","lat":18.6,"lon":-89.5,"wind_kt":30,"pressure_mb":998},{"date":"20001004","time":"0000","status":"TD","lat":19,"lon":-90.4,"wind_kt":25,"pressure_mb":1000},{"date":"20001004","time":"0600","status":"TD","lat":19.5,"lon":-91.4,"wind_kt":30,"pressure_mb":1000},{"date":"20001004","time":"1200","status":"TS","lat":19.9,"lon":-92.5,"wind_kt":35,"pressure_mb":999},{"date":"20001004","time":"1800","status":"TS","lat":20.3,"lon":-93.5,"wind_kt":40,"pressure_mb":996},{"date":"20001005","time":"0000","status":"TS","lat":20.7,"lon":-94.8,"wind_kt":60,"pressure_mb":988},{"date":"20001005","time":"0600","status":"HU","lat":21.2,"lon":-96.1,"wind_kt":65,"pressure_mb":987},{"date":"20001005","time":"1200","status":"HU","lat":21.8,"lon":-97,"wind_kt":75,"pressure_mb":983},{"date":"20001005","time":"1800","status":"HU","lat":22.6,"lon":-97.9,"wind_kt":80,"pressure_mb":980},{"date":"20001006","time":"0000","status":"TS","lat":23.2,"lon":-99,"wind_kt":45,"pressure_mb":988},{"date":"20001006","time":"0600","status":"TD","lat":23.5,"lon":-100,"wind_kt":30,"pressure_mb":1002},{"date":"20001006","time":"1200","status":"TD","lat":23.8,"lon":-101,"wind_kt":20,"pressure_mb":1007}]}},{"type":"Feature","geometry":{"type":"LineString","coordinates":[[-81.4,29],[-80.8,29.5],[-79.9,29.7],[-78.6,29.8],[-77.3,29.9],[-75.9,30.2],[-74.3,30.3],[-73.1,30.6],[-72.4,30.9],[-71.8,31.3],[-70.7,32.1],[-69.6,33.1],[-68.3,35.4],[-66.7,37.4],[-64,40],[-60,43],[-57,46],[-54,49],[-50,51],[-46,53],[-41,55],[-36,56],[-30,56],[-24,55],[-17,54],[-10,53]]},"properties":{"id":"hur-al162000","event_type":"hurricane","name":"LESLIE","year":2000,"max_wind_kt":60,"min_pressure_mb":973,"category":0,"preliminary":false,"start_date":"20001004","end_date":"20001010","track":[{"date":"20001004","time":"1200","status":"SD","lat":29,"lon":-81.4,"wind_kt":30,"pressure_mb":1012},{"date":"20001004","time":"1800","status":"SD","lat":29.5,"lon":-80.8,"wind_kt":30,"pressure_mb":1012},{"date":"20001005","time":"0000","status":"SD","lat":29.7,"lon":-79.9,"wind_kt":30,"pressure_mb":1010},{"date":"20001005","time":"0600","status":"SD","lat":29.8,"lon":-78.6,"wind_kt":30,"pressure_mb":1010},{"date":"20001005","time":"1200","status":"TS","lat":29.9,"lon":-77.3,"wind_kt":35,"pressure_mb":1009},{"date":"20001005","time":"1800","status":"TS","lat":30.2,"lon":-75.9,"wind_kt":35,"pressure_mb":1009},{"date":"20001006","time":"0000","status":"TS","lat":30.3,"lon":-74.3,"wind_kt":35,"pressure_mb":1010},{"date":"20001006","time":"0600","status":"TS","lat":30.6,"lon":-73.1,"wind_kt":40,"pressure_mb":1006},{"date":"20001006","time":"1200","status":"TS","lat":30.9,"lon":-72.4,"wind_kt":40,"pressure_mb":1007},{"date":"20001006","time":"1800","status":"TS","lat":31.3,"lon":-71.8,"wind_kt":40,"pressure_mb":1007},{"date":"20001007","time":"0000","status":"TS","lat":32.1,"lon":-70.7,"wind_kt":40,"pressure_mb":1006},{"date":"20001007","time":"0600","status":"TS","lat":33.1,"lon":-69.6,"wind_kt":40,"pressure_mb":1006},{"date":"20001007","time":"1200","status":"TS","lat":35.4,"lon":-68.3,"wind_kt":40,"pressure_mb":1006},{"date":"20001007","time":"1800","status":"EX","lat":37.4,"lon":-66.7,"wind_kt":40,"pressure_mb":1005},{"date":"20001008","time":"0000","status":"EX","lat":40,"lon":-64,"wind_kt":40,"pressure_mb":1004},{"date":"20001008","time":"0600","status":"EX","lat":43,"lon":-60,"wind_kt":40,"pressure_mb":1003},{"date":"20001008","time":"1200","status":"EX","lat":46,"lon":-57,"wind_kt":40,"pressure_mb":1003},{"date":"20001008","time":"1800","status":"EX","lat":49,"lon":-54,"wind_kt":35,"pressure_mb":1005},{"date":"20001009","time":"0000","status":"EX","lat":51,"lon":-50,"wind_kt":35,"pressure_mb":1007},{"date":"20001009","time":"0600","status":"EX","lat":53,"lon":-46,"wind_kt":35,"pressure_mb":1006},{"date":"20001009","time":"1200","status":"EX","lat":55,"lon":-41,"wind_kt":35,"pressure_mb":1005},{"date":"20001009","time":"1800","status":"EX","lat":56,"lon":-36,"wind_kt":35,"pressure_mb":1003},{"date":"20001010","time":"0000","status":"EX","lat":56,"lon":-30,"wind_kt":40,"pressure_mb":999},{"date":"20001010","time":"0600","status":"EX","lat":55,"lon":-24,"wind_kt":50,"pressure_mb":987},{"date":"20001010","time":"1200","status":"EX","lat":54,"lon":-17,"wind_kt":55,"pressure_mb":980},{"date":"20001010","time":"1800","status":"EX","lat":53,"lon":-10,"wind_kt":60,"pressure_mb":973}]}},{"type":"Feature","geometry":{"type":"LineString","coordinates":[[-71.2,30],[-71.5,30],[-71.8,29.9],[-71.9,29.9],[-71.7,29.7],[-71.4,29.8],[-71.1,29.9],[-71,29.8],[-70.9,29.8],[-70.9,30.1],[-70.9,30.4],[-70.8,30.8],[-70.4,31.5],[-69.5,32.6],[-67.8,34.2],[-65.5,36.3],[-61.6,39.8],[-58.5,44],[-56.5,48],[-56,50],[-53.5,51],[-50.5,52]]},"properties":{"id":"hur-al172000","event_type":"hurricane","name":"MICHAEL","year":2000,"max_wind_kt":85,"min_pressure_mb":965,"category":2,"preliminary":false,"start_date":"20001015","end_date":"20001020","track":[{"date":"20001015","time":"1200","status":"SD","lat":30,"lon":-71.2,"wind_kt":30,"pressure_mb":1007},{"date":"20001015","time":"1800","status":"SD","lat":30,"lon":-71.5,"wind_kt":30,"pressure_mb":1006},{"date":"20001016","time":"0000","status":"SS","lat":29.9,"lon":-71.8,"wind_kt":35,"pressure_mb":1005},{"date":"20001016","time":"0600","status":"SS","lat":29.9,"lon":-71.9,"wind_kt":35,"pressure_mb":1005},{"date":"20001016","time":"1200","status":"SS","lat":29.7,"lon":-71.7,"wind_kt":35,"pressure_mb":1005},{"date":"20001016","time":"1800","status":"SS","lat":29.8,"lon":-71.4,"wind_kt":35,"pressure_mb":1004},{"date":"20001017","time":"0000","status":"TS","lat":29.9,"lon":-71.1,"wind_kt":35,"pressure_mb":1003},{"date":"20001017","time":"0600","status":"TS","lat":29.8,"lon":-71,"wind_kt":45,"pressure_mb":1000},{"date":"20001017","time":"1200","status":"TS","lat":29.8,"lon":-70.9,"wind_kt":55,"pressure_mb":995},{"date":"20001017","time":"1800","status":"HU","lat":30.1,"lon":-70.9,"wind_kt":65,"pressure_mb":988},{"date":"20001018","time":"0000","status":"HU","lat":30.4,"lon":-70.9,"wind_kt":65,"pressure_mb":988},{"date":"20001018","time":"0600","status":"HU","lat":30.8,"lon":-70.8,"wind_kt":65,"pressure_mb":986},{"date":"20001018","time":"1200","status":"HU","lat":31.5,"lon":-70.4,"wind_kt":65,"pressure_mb":984},{"date":"20001018","time":"1800","status":"HU","lat":32.6,"lon":-69.5,"wind_kt":70,"pressure_mb":979},{"date":"20001019","time":"0000","status":"HU","lat":34.2,"lon":-67.8,"wind_kt":75,"pressure_mb":983},{"date":"20001019","time":"0600","status":"HU","lat":36.3,"lon":-65.5,"wind_kt":65,"pressure_mb":986},{"date":"20001019","time":"1200","status":"HU","lat":39.8,"lon":-61.6,"wind_kt":75,"pressure_mb":979},{"date":"20001019","time":"1800","status":"HU","lat":44,"lon":-58.5,"wind_kt":85,"pressure_mb":965},{"date":"20001020","time":"0000","status":"EX","lat":48,"lon":-56.5,"wind_kt":75,"pressure_mb":966},{"date":"20001020","time":"0600","status":"EX","lat":50,"lon":-56,"wind_kt":70,"pressure_mb":966},{"date":"20001020","time":"1200","status":"EX","lat":51,"lon":-53.5,"wind_kt":65,"pressure_mb":968},{"date":"20001020","time":"1800","status":"EX","lat":52,"lon":-50.5,"wind_kt":60,"pressure_mb":970}]}},{"type":"Feature","geometry":{"type":"LineString","coordinates":[[-59.9,26.2],[-59.4,27.5],[-58.8,28.7],[-58,29.7],[-57.2,30.4],[-56.3,31.4],[-55.2,32.4],[-53.5,33.3],[-52.3,34.1],[-51.3,34.8],[-50.5,35.7],[-49,37],[-47,39]]},"properties":{"id":"hur-al182000","event_type":"hurricane","name":"NADINE","year":2000,"max_wind_kt":50,"min_pressure_mb":999,"category":0,"preliminary":false,"start_date":"20001019","end_date":"20001022","track":[{"date":"20001019","time":"1200","status":"TD","lat":26.2,"lon":-59.9,"wind_kt":25,"pressure_mb":1009},{"date":"20001019","time":"1800","status":"TD","lat":27.5,"lon":-59.4,"wind_kt":30,"pressure_mb":1008},{"date":"20001020","time":"0000","status":"TD","lat":28.7,"lon":-58.8,"wind_kt":30,"pressure_mb":1008},{"date":"20001020","time":"0600","status":"TD","lat":29.7,"lon":-58,"wind_kt":30,"pressure_mb":1005},{"date":"20001020","time":"1200","status":"TS","lat":30.4,"lon":-57.2,"wind_kt":35,"pressure_mb":1003},{"date":"20001020","time":"1800","status":"TS","lat":31.4,"lon":-56.3,"wind_kt":40,"pressure_mb":1000},{"date":"20001021","time":"0000","status":"TS","lat":32.4,"lon":-55.2,"wind_kt":50,"pressure_mb":999},{"date":"20001021","time":"0600","status":"TS","lat":33.3,"lon":-53.5,"wind_kt":50,"pressure_mb":1000},{"date":"20001021","time":"1200","status":"TS","lat":34.1,"lon":-52.3,"wind_kt":50,"pressure_mb":1000},{"date":"20001021","time":"1800","status":"TS","lat":34.8,"lon":-51.3,"wind_kt":45,"pressure_mb":1000},{"date":"20001022","time":"0000","status":"EX","lat":35.7,"lon":-50.5,"wind_kt":40,"pressure_mb":1004},{"date":"20001022","time":"0600","status":"EX","lat":37,"lon":-49,"wind_kt":40,"pressure_mb":1005},{"date":"20001022","time":"1200","status":"EX","lat":39,"lon":-47,"wind_kt":35,"pressure_mb":1005}]}},{"type":"Feature","geometry":{"type":"LineString","coordinates":[[-69.5,21.5],[-70,22.5],[-70.9,23.5],[-71.7,24.5],[-71.7,25.7],[-71.7,26.6],[-71.8,27.4],[-72.1,28.3],[-72.5,29.2],[-72.6,30],[-72.5,30.9],[-71.6,32.6],[-70.7,34.2],[-69.9,35.7],[-68.1,36.5],[-65.5,38],[-62.6,40.5],[-61.6,41.7],[-60,44],[-59.5,46]]},"properties":{"id":"hur-al192000","event_type":"hurricane","name":null,"year":2000,"max_wind_kt":55,"min_pressure_mb":976,"category":0,"preliminary":false,"start_date":"20001025","end_date":"20001029","track":[{"date":"20001025","time":"0000","status":"EX","lat":21.5,"lon":-69.5,"wind_kt":30,"pressure_mb":1009},{"date":"20001025","time":"0600","status":"EX","lat":22.5,"lon":-70,"wind_kt":35,"pressure_mb":1007},{"date":"20001025","time":"1200","status":"EX","lat":23.5,"lon":-70.9,"wind_kt":35,"pressure_mb":1006},{"date":"20001025","time":"1800","status":"SS","lat":24.5,"lon":-71.7,"wind_kt":35,"pressure_mb":1005},{"date":"20001026","time":"0000","status":"SS","lat":25.7,"lon":-71.7,"wind_kt":35,"pressure_mb":1004},{"date":"20001026","time":"0600","status":"SS","lat":26.6,"lon":-71.7,"wind_kt":35,"pressure_mb":1003},{"date":"20001026","time":"1200","status":"SS","lat":27.4,"lon":-71.8,"wind_kt":40,"pressure_mb":1002},{"date":"20001026","time":"1800","status":"SS","lat":28.3,"lon":-72.1,"wind_kt":45,"pressure_mb":1000},{"date":"20001027","time":"0000","status":"SS","lat":29.2,"lon":-72.5,"wind_kt":50,"pressure_mb":997},{"date":"20001027","time":"0600","status":"SS","lat":30,"lon":-72.6,"wind_kt":50,"pressure_mb":997},{"date":"20001027","time":"1200","status":"SS","lat":30.9,"lon":-72.5,"wind_kt":50,"pressure_mb":997},{"date":"20001027","time":"1800","status":"SS","lat":32.6,"lon":-71.6,"wind_kt":50,"pressure_mb":996},{"date":"20001028","time":"0000","status":"SS","lat":34.2,"lon":-70.7,"wind_kt":50,"pressure_mb":994},{"date":"20001028","time":"0600","status":"SS","lat":35.7,"lon":-69.9,"wind_kt":50,"pressure_mb":992},{"date":"20001028","time":"1200","status":"SS","lat":36.5,"lon":-68.1,"wind_kt":50,"pressure_mb":990},{"date":"20001028","time":"1800","status":"SS","lat":38,"lon":-65.5,"wind_kt":55,"pressure_mb":984},{"date":"20001029","time":"0000","status":"SS","lat":40.5,"lon":-62.6,"wind_kt":55,"pressure_mb":978},{"date":"20001029","time":"0200","status":"SS","lat":41.7,"lon":-61.6,"wind_kt":55,"pressure_mb":976},{"date":"20001029","time":"0600","status":"EX","lat":44,"lon":-60,"wind_kt":50,"pressure_mb":980},{"date":"20001029","time":"1200","status":"EX","lat":46,"lon":-59.5,"wind_kt":45,"pressure_mb":992}]}},{"type":"Feature","geometry":{"type":"LineString","coordinates":[[-95,27.5],[-95.3,28.5],[-95.3,28.9],[-95.3,29.3],[-95.2,30.1],[-95.2,31],[-95,31.5],[-95,31.6],[-94.9,31.8],[-94.9,31.4],[-95,31.1],[-95.6,30.9],[-96.1,30.7],[-96.2,30.4],[-96.1,30.2],[-95.9,29.9],[-95.8,29.6],[-95.8,29.3],[-95.6,28.9],[-95.2,28.6],[-94.7,28.6],[-94.3,28.7],[-93.5,28.8],[-92.3,29.1],[-91.6,29.6],[-90.5,30],[-89.4,30.7],[-88.4,31],[-87.4,31.3],[-86.1,31.8],[-84.7,32.4],[-83.6,32.8],[-82.6,33.1],[-81.6,33.4],[-80.7,33.7],[-79.6,34],[-78.5,34.3],[-77.9,34.6],[-77.7,34.7],[-77.6,34.6],[-77.2,34.6],[-77,34.9],[-76.9,35.5],[-76.8,35.9],[-76.6,36.3],[-76.2,36.6],[-75.9,36.8],[-75.5,37.2],[-75.4,37.8],[-74.5,38.6],[-73.4,39.3],[-72.1,40],[-70.8,40.6],[-69.4,41.3],[-67.4,42],[-64.6,42.7],[-61,43.5]]},"properties":{"id":"hur-al012001","event_type":"hurricane","name":"ALLISON","year":2001,"max_wind_kt":50,"min_pressure_mb":1000,"category":0,"preliminary":false,"start_date":"20010605","end_date":"20010619","track":[{"date":"20010605","time":"1200","status":"TS","lat":27.5,"lon":-95,"wind_kt":40,"pressure_mb":1007},{"date":"20010605","time":"1800","status":"TS","lat":28.5,"lon":-95.3,"wind_kt":50,"pressure_mb":1002},{"date":"20010605","time":"2100","status":"TS","lat":28.9,"lon":-95.3,"wind_kt":45,"pressure_mb":1003},{"date":"20010606","time":"0000","status":"TS","lat":29.3,"lon":-95.3,"wind_kt":45,"pressure_mb":1003},{"date":"20010606","time":"0600","status":"TD","lat":30.1,"lon":-95.2,"wind_kt":30,"pressure_mb":1006},{"date":"20010606","time":"1200","status":"TD","lat":31,"lon":-95.2,"wind_kt":20,"pressure_mb":1005},{"date":"20010606","time":"1800","status":"TD","lat":31.5,"lon":-95,"wind_kt":20,"pressure_mb":1005},{"date":"20010607","time":"0000","status":"TD","lat":31.6,"lon":-95,"wind_kt":20,"pressure_mb":1005},{"date":"20010607","time":"0600","status":"TD","lat":31.8,"lon":-94.9,"wind_kt":20,"pressure_mb":1006},{"date":"20010607","time":"1200","status":"TD","lat":31.4,"lon":-94.9,"wind_kt":20,"pressure_mb":1006},{"date":"20010607","time":"1800","status":"TD","lat":31.1,"lon":-95,"wind_kt":15,"pressure_mb":1007},{"date":"20010608","time":"0000","status":"TD","lat":30.9,"lon":-95.6,"wind_kt":15,"pressure_mb":1002},{"date":"20010608","time":"0600","status":"TD","lat":30.7,"lon":-96.1,"wind_kt":20,"pressure_mb":1004},{"date":"20010608","time":"1200","status":"TD","lat":30.4,"lon":-96.2,"wind_kt":20,"pressure_mb":1007},{"date":"20010608","time":"1800","status":"TD","lat":30.2,"lon":-96.1,"wind_kt":20,"pressure_mb":1007},{"date":"20010609","time":"0000","status":"TD","lat":29.9,"lon":-95.9,"wind_kt":20,"pressure_mb":1007},{"date":"20010609","time":"0600","status":"TD","lat":29.6,"lon":-95.8,"wind_kt":20,"pressure_mb":1007},{"date":"20010609","time":"1200","status":"TD","lat":29.3,"lon":-95.8,"wind_kt":20,"pressure_mb":1007},{"date":"20010609","time":"1800","status":"TD","lat":28.9,"lon":-95.6,"wind_kt":20,"pressure_mb":1008},{"date":"20010610","time":"0000","status":"SD","lat":28.6,"lon":-95.2,"wind_kt":20,"pressure_mb":1008},{"date":"20010610","time":"0600","status":"SD","lat":28.6,"lon":-94.7,"wind_kt":25,"pressure_mb":1007},{"date":"20010610","time":"1200","status":"SD","lat":28.7,"lon":-94.3,"wind_kt":25,"pressure_mb":1006},{"date":"20010610","time":"1800","status":"SD","lat":28.8,"lon":-93.5,"wind_kt":30,"pressure_mb":1006},{"date":"20010611","time":"0000","status":"SD","lat":29.1,"lon":-92.3,"wind_kt":30,"pressure_mb":1005},{"date":"20010611","time":"0200","status":"SD","lat":29.6,"lon":-91.6,"wind_kt":30,"pressure_mb":1004},{"date":"20010611","time":"0600","status":"SS","lat":30,"lon":-90.5,"wind_kt":35,"pressure_mb":1003},{"date":"20010611","time":"1200","status":"SS","lat":30.7,"lon":-89.4,"wind_kt":40,"pressure_mb":1000},{"date":"20010611","time":"1800","status":"SS","lat":31,"lon":-88.4,"wind_kt":35,"pressure_mb":1002},{"date":"20010612","time":"0000","status":"SD","lat":31.3,"lon":-87.4,"wind_kt":25,"pressure_mb":1004},{"date":"20010612","time":"0600","status":"SD","lat":31.8,"lon":-86.1,"wind_kt":20,"pressure_mb":1005},{"date":"20010612","time":"1200","status":"SD","lat":32.4,"lon":-84.7,"wind_kt":20,"pressure_mb":1006},{"date":"20010612","time":"1800","status":"SD","lat":32.8,"lon":-83.6,"wind_kt":20,"pressure_mb":1006},{"date":"20010613","time":"0000","status":"SD","lat":33.1,"lon":-82.6,"wind_kt":20,"pressure_mb":1006},{"date":"20010613","time":"0600","status":"SD","lat":33.4,"lon":-81.6,"wind_kt":25,"pressure_mb":1004},{"date":"20010613","time":"1200","status":"SD","lat":33.7,"lon":-80.7,"wind_kt":25,"pressure_mb":1005},{"date":"20010613","time":"1800","status":"SD","lat":34,"lon":-79.6,"wind_kt":25,"pressure_mb":1006},{"date":"20010614","time":"0000","status":"SD","lat":34.3,"lon":-78.5,"wind_kt":25,"pressure_mb":1006},{"date":"20010614","time":"0600","status":"SD","lat":34.6,"lon":-77.9,"wind_kt":25,"pressure_mb":1006},{"date":"20010614","time":"1200","status":"SD","lat":34.7,"lon":-77.7,"wind_kt":25,"pressure_mb":1007},{"date":"20010614","time":"1800","status":"SD","lat":34.6,"lon":-77.6,"wind_kt":25,"pressure_mb":1008},{"date":"20010615","time":"0000","status":"SD","lat":34.6,"lon":-77.2,"wind_kt":25,"pressure_mb":1008},{"date":"20010615","time":"0600","status":"SD","lat":34.9,"lon":-77,"wind_kt":25,"pressure_mb":1008},{"date":"20010615","time":"1200","status":"SD","lat":35.5,"lon":-76.9,"wind_kt":25,"pressure_mb":1008},{"date":"20010615","time":"1800","status":"SD","lat":35.9,"lon":-76.8,"wind_kt":25,"pressure_mb":1009},{"date":"20010616","time":"0000","status":"SD","lat":36.3,"lon":-76.6,"wind_kt":25,"pressure_mb":1007},{"date":"20010616","time":"0600","status":"SD","lat":36.6,"lon":-76.2,"wind_kt":25,"pressure_mb":1007},{"date":"20010616","time":"1200","status":"SD","lat":36.8,"lon":-75.9,"wind_kt":25,"pressure_mb":1007},{"date":"20010616","time":"1800","status":"SD","lat":37.2,"lon":-75.5,"wind_kt":25,"pressure_mb":1006},{"date":"20010617","time":"0000","status":"SD","lat":37.8,"lon":-75.4,"wind_kt":25,"pressure_mb":1006},{"date":"20010617","time":"0600","status":"SD","lat":38.6,"lon":-74.5,"wind_kt":30,"pressure_mb":1005},{"date":"20010617","time":"1200","status":"SS","lat":39.3,"lon":-73.4,"wind_kt":40,"pressure_mb":1004},{"date":"20010617","time":"1800","status":"SS","lat":40,"lon":-72.1,"wind_kt":35,"pressure_mb":1005},{"date":"20010618","time":"0000","status":"EX","lat":40.6,"lon":-70.8,"wind_kt":30,"pressure_mb":1006},{"date":"20010618","time":"0600","status":"EX","lat":41.3,"lon":-69.4,"wind_kt":30,"pressure_mb":1008},{"date":"20010618","time":"1200","status":"EX","lat":42,"lon":-67.4,"wind_kt":30,"pressure_mb":1009},{"date":"20010618","time":"1800","status":"EX","lat":42.7,"lon":-64.6,"wind_kt":25,"pressure_mb":1011},{"date":"20010619","time":"0000","status":"EX","lat":43.5,"lon":-61,"wind_kt":20,"pressure_mb":1012}]}},{"type":"Feature","geometry":{"type":"LineString","coordinates":[[-42.1,10.9],[-43.8,11.4],[-45.3,11.8],[-46.9,12.5],[-48.5,13.1]]},"properties":{"id":"hur-al022001","event_type":"hurricane","name":null,"year":2001,"max_wind_kt":25,"min_pressure_mb":1010,"category":-1,"preliminary":false,"start_date":"20010711","end_date":"20010712","track":[{"date":"20010711","time":"1800","status":"TD","lat":10.9,"lon":-42.1,"wind_kt":25,"pressure_mb":1011},{"date":"20010712","time":"0000","status":"TD","lat":11.4,"lon":-43.8,"wind_kt":25,"pressure_mb":1010},{"date":"20010712","time":"0600","status":"TD","lat":11.8,"lon":-45.3,"wind_kt":25,"pressure_mb":1011},{"date":"20010712","time":"1200","status":"TD","lat":12.5,"lon":-46.9,"wind_kt":25,"pressure_mb":1011},{"date":"20010712","time":"1800","status":"TD","lat":13.1,"lon":-48.5,"wind_kt":25,"pressure_mb":1012}]}},{"type":"Feature","geometry":{"type":"LineString","coordinates":[[-84.8,25.7],[-84.9,26.2],[-85.6,26.4],[-86.3,26.6],[-87,26.9],[-87.2,26.8],[-87.5,26.7],[-87.8,26.6],[-87.7,26.9],[-87.5,27.1],[-87.3,27.3],[-86.7,27.5],[-86.4,28.1],[-86.4,28.6],[-86.3,29.5],[-86.3,30.4],[-86.4,30.6],[-86.9,31.8],[-87.7,32.7],[-88.5,33.3],[-89.1,34],[-89.7,34.7],[-89.8,35.6],[-89.9,36.6],[-90,37.5]]},"properties":{"id":"hur-al032001","event_type":"hurricane","name":"BARRY","year":2001,"max_wind_kt":60,"min_pressure_mb":990,"category":0,"preliminary":false,"start_date":"20010802","end_date":"20010808","track":[{"date":"20010802","time":"1200","status":"TD","lat":25.7,"lon":-84.8,"wind_kt":30,"pressure_mb":1011},{"date":"20010802","time":"1800","status":"TS","lat":26.2,"lon":-84.9,"wind_kt":45,"pressure_mb":1010},{"date":"20010803","time":"0000","status":"TS","lat":26.4,"lon":-85.6,"wind_kt":40,"pressure_mb":1007},{"date":"20010803","time":"0600","status":"TS","lat":26.6,"lon":-86.3,"wind_kt":35,"pressure_mb":1008},{"date":"20010803","time":"1200","status":"TS","lat":26.9,"lon":-87,"wind_kt":35,"pressure_mb":1007},{"date":"20010803","time":"1800","status":"TS","lat":26.8,"lon":-87.2,"wind_kt":35,"pressure_mb":1007},{"date":"20010804","time":"0000","status":"TD","lat":26.7,"lon":-87.5,"wind_kt":30,"pressure_mb":1005},{"date":"20010804","time":"0600","status":"TD","lat":26.6,"lon":-87.8,"wind_kt":30,"pressure_mb":1005},{"date":"20010804","time":"1200","status":"TD","lat":26.9,"lon":-87.7,"wind_kt":30,"pressure_mb":1006},{"date":"20010804","time":"1800","status":"TS","lat":27.1,"lon":-87.5,"wind_kt":35,"pressure_mb":1005},{"date":"20010805","time":"0000","status":"TS","lat":27.3,"lon":-87.3,"wind_kt":35,"pressure_mb":1003},{"date":"20010805","time":"0600","status":"TS","lat":27.5,"lon":-86.7,"wind_kt":40,"pressure_mb":1004},{"date":"20010805","time":"1200","status":"TS","lat":28.1,"lon":-86.4,"wind_kt":50,"pressure_mb":990},{"date":"20010805","time":"1800","status":"TS","lat":28.6,"lon":-86.4,"wind_kt":60,"pressure_mb":991},{"date":"20010806","time":"0000","status":"TS","lat":29.5,"lon":-86.3,"wind_kt":60,"pressure_mb":992},{"date":"20010806","time":"0500","status":"TS","lat":30.4,"lon":-86.3,"wind_kt":60,"pressure_mb":990},{"date":"20010806","time":"0600","status":"TS","lat":30.6,"lon":-86.4,"wind_kt":60,"pressure_mb":991},{"date":"20010806","time":"1200","status":"TD","lat":31.8,"lon":-86.9,"wind_kt":25,"pressure_mb":1007},{"date":"20010806","time":"1800","status":"TD","lat":32.7,"lon":-87.7,"wind_kt":20,"pressure_mb":1009},{"date":"20010807","time":"0000","status":"TD","lat":33.3,"lon":-88.5,"wind_kt":15,"pressure_mb":1012},{"date":"20010807","time":"0600","status":"LO","lat":34,"lon":-89.1,"wind_kt":15,"pressure_mb":1015},{"date":"20010807","time":"1200","status":"LO","lat":34.7,"lon":-89.7,"wind_kt":10,"pressure_mb":1017},{"date":"20010807","time":"1800","status":"LO","lat":35.6,"lon":-89.8,"wind_kt":10,"pressure_mb":1018},{"date":"20010808","time":"0000","status":"LO","lat":36.6,"lon":-89.9,"wind_kt":10,"pressure_mb":1016},{"date":"20010808","time":"0600","status":"LO","lat":37.5,"lon":-90,"wind_kt":10,"pressure_mb":1017}]}},{"type":"Feature","geometry":{"type":"LineString","coordinates":[[-37,12.8],[-39.3,12.9],[-41.6,12.6],[-43.9,12.3],[-46.3,12.3],[-48.8,12.4],[-51.3,12.4],[-53.9,12.7],[-57.2,12.7],[-60.6,13.1],[-62.8,13.3],[-64.6,13.7],[-66.4,14.2],[-68.2,14.4],[-70.4,14.6],[-72.9,14.8],[-75.2,15.3],[-77.2,15.3],[-78.4,15.4],[-79.6,15.7],[-81.1,16.2],[-82.6,16.7],[-84.1,17.1],[-85.6,17.5],[-86.7,17.9],[-87.7,18.1],[-87.8,18.1],[-88.1,18.2],[-88.7,18.4],[-89.5,18.6],[-90.3,18.7],[-91.2,18.4],[-92.2,17.9]]},"properties":{"id":"hur-al042001","event_type":"hurricane","name":"CHANTAL","year":2001,"max_wind_kt":60,"min_pressure_mb":997,"category":0,"preliminary":false,"start_date":"20010814","end_date":"20010822","track":[{"date":"20010814","time":"1800","status":"TD","lat":12.8,"lon":-37,"wind_kt":25,"pressure_mb":1010},{"date":"20010815","time":"0000","status":"TD","lat":12.9,"lon":-39.3,"wind_kt":25,"pressure_mb":1010},{"date":"20010815","time":"0600","status":"TD","lat":12.6,"lon":-41.6,"wind_kt":25,"pressure_mb":1010},{"date":"20010815","time":"1200","status":"TD","lat":12.3,"lon":-43.9,"wind_kt":30,"pressure_mb":1010},{"date":"20010815","time":"1800","status":"TD","lat":12.3,"lon":-46.3,"wind_kt":30,"pressure_mb":1010},{"date":"20010816","time":"0000","status":"TD","lat":12.4,"lon":-48.8,"wind_kt":30,"pressure_mb":1010},{"date":"20010816","time":"0600","status":"TD","lat":12.4,"lon":-51.3,"wind_kt":30,"pressure_mb":1011},{"date":"20010816","time":"1200","status":"WV","lat":12.7,"lon":-53.9,"wind_kt":30,"pressure_mb":1012},{"date":"20010816","time":"1800","status":"WV","lat":12.7,"lon":-57.2,"wind_kt":30,"pressure_mb":1012},{"date":"20010817","time":"0000","status":"WV","lat":13.1,"lon":-60.6,"wind_kt":35,"pressure_mb":1011},{"date":"20010817","time":"0600","status":"WV","lat":13.3,"lon":-62.8,"wind_kt":35,"pressure_mb":1011},{"date":"20010817","time":"1200","status":"TS","lat":13.7,"lon":-64.6,"wind_kt":35,"pressure_mb":1010},{"date":"20010817","time":"1800","status":"TS","lat":14.2,"lon":-66.4,"wind_kt":35,"pressure_mb":1006},{"date":"20010818","time":"0000","status":"TS","lat":14.4,"lon":-68.2,"wind_kt":45,"pressure_mb":1004},{"date":"20010818","time":"0600","status":"TS","lat":14.6,"lon":-70.4,"wind_kt":55,"pressure_mb":1003},{"date":"20010818","time":"1200","status":"TS","lat":14.8,"lon":-72.9,"wind_kt":50,"pressure_mb":1006},{"date":"20010818","time":"1800","status":"TS","lat":15.3,"lon":-75.2,"wind_kt":50,"pressure_mb":1003},{"date":"20010819","time":"0000","status":"TS","lat":15.3,"lon":-77.2,"wind_kt":55,"pressure_mb":1002},{"date":"20010819","time":"0600","status":"TS","lat":15.4,"lon":-78.4,"wind_kt":60,"pressure_mb":997},{"date":"20010819","time":"1200","status":"TS","lat":15.7,"lon":-79.6,"wind_kt":60,"pressure_mb":1004},{"date":"20010819","time":"1800","status":"TS","lat":16.2,"lon":-81.1,"wind_kt":55,"pressure_mb":1005},{"date":"20010820","time":"0000","status":"TS","lat":16.7,"lon":-82.6,"wind_kt":50,"pressure_mb":1007},{"date":"20010820","time":"0600","status":"TS","lat":17.1,"lon":-84.1,"wind_kt":50,"pressure_mb":1008},{"date":"20010820","time":"1200","status":"TS","lat":17.5,"lon":-85.6,"wind_kt":50,"pressure_mb":1007},{"date":"20010820","time":"1800","status":"TS","lat":17.9,"lon":-86.7,"wind_kt":55,"pressure_mb":1006},{"date":"20010821","time":"0000","status":"TS","lat":18.1,"lon":-87.7,"wind_kt":60,"pressure_mb":1000},{"date":"20010821","time":"0200","status":"TS","lat":18.1,"lon":-87.8,"wind_kt":60,"pressure_mb":999},{"date":"20010821","time":"0600","status":"TS","lat":18.2,"lon":-88.1,"wind_kt":55,"pressure_mb":1000},{"date":"20010821","time":"1200","status":"TS","lat":18.4,"lon":-88.7,"wind_kt":45,"pressure_mb":1002},{"date":"20010821","time":"1800","status":"TS","lat":18.6,"lon":-89.5,"wind_kt":35,"pressure_mb":1006},{"date":"20010822","time":"0000","status":"TD","lat":18.7,"lon":-90.3,"wind_kt":25,"pressure_mb":1007},{"date":"20010822","time":"0600","status":"TD","lat":18.4,"lon":-91.2,"wind_kt":25,"pressure_mb":1008},{"date":"20010822","time":"1200","status":"TD","lat":17.9,"lon":-92.2,"wind_kt":25,"pressure_mb":1009}]}},{"type":"Feature","geometry":{"type":"LineString","coordinates":[[-64.3,17.9],[-65.9,19.1],[-67.4,19.8],[-68.9,20.7],[-69.8,21.6],[-70.2,23],[-70.8,24.6],[-70.7,26.6],[-70.7,28.6],[-70.2,30.3],[-69.4,31.5],[-67.9,32.7],[-66.5,34],[-66,35],[-66,35],[-66,35],[-65.5,35.2],[-65,35.5],[-63.3,36.3],[-62,37.7],[-60.7,38.9],[-59.4,40.6],[-57.5,42.1],[-56,43.5],[-53.4,44],[-50.5,45.5],[-48.5,47],[-45,49],[-40.9,51]]},"properties":{"id":"hur-al052001","event_type":"hurricane","name":"DEAN","year":2001,"max_wind_kt":60,"min_pressure_mb":994,"category":0,"preliminary":false,"start_date":"20010822","end_date":"20010829","track":[{"date":"20010822","time":"1200","status":"TS","lat":17.9,"lon":-64.3,"wind_kt":45,"pressure_mb":1010},{"date":"20010822","time":"1800","status":"TS","lat":19.1,"lon":-65.9,"wind_kt":50,"pressure_mb":1009},{"date":"20010823","time":"0000","status":"TS","lat":19.8,"lon":-67.4,"wind_kt":50,"pressure_mb":1010},{"date":"20010823","time":"0600","status":"TS","lat":20.7,"lon":-68.9,"wind_kt":50,"pressure_mb":1010},{"date":"20010823","time":"1200","status":"TD","lat":21.6,"lon":-69.8,"wind_kt":30,"pressure_mb":1012},{"date":"20010823","time":"1800","status":"WV","lat":23,"lon":-70.2,"wind_kt":25,"pressure_mb":1012},{"date":"20010824","time":"0000","status":"LO","lat":24.6,"lon":-70.8,"wind_kt":25,"pressure_mb":1013},{"date":"20010824","time":"0600","status":"LO","lat":26.6,"lon":-70.7,"wind_kt":25,"pressure_mb":1013},{"date":"20010824","time":"1200","status":"LO","lat":28.6,"lon":-70.7,"wind_kt":25,"pressure_mb":1012},{"date":"20010824","time":"1800","status":"LO","lat":30.3,"lon":-70.2,"wind_kt":25,"pressure_mb":1012},{"date":"20010825","time":"0000","status":"LO","lat":31.5,"lon":-69.4,"wind_kt":25,"pressure_mb":1011},{"date":"20010825","time":"0600","status":"LO","lat":32.7,"lon":-67.9,"wind_kt":25,"pressure_mb":1011},{"date":"20010825","time":"1200","status":"LO","lat":34,"lon":-66.5,"wind_kt":25,"pressure_mb":1010},{"date":"20010825","time":"1800","status":"LO","lat":35,"lon":-66,"wind_kt":25,"pressure_mb":1008},{"date":"20010826","time":"0000","status":"LO","lat":35,"lon":-66,"wind_kt":25,"pressure_mb":1008},{"date":"20010826","time":"0600","status":"LO","lat":35,"lon":-66,"wind_kt":25,"pressure_mb":1008},{"date":"20010826","time":"1200","status":"LO","lat":35.2,"lon":-65.5,"wind_kt":25,"pressure_mb":1008},{"date":"20010826","time":"1800","status":"TD","lat":35.5,"lon":-65,"wind_kt":30,"pressure_mb":1004},{"date":"20010827","time":"0000","status":"TS","lat":36.3,"lon":-63.3,"wind_kt":40,"pressure_mb":1001},{"date":"20010827","time":"0600","status":"TS","lat":37.7,"lon":-62,"wind_kt":50,"pressure_mb":1000},{"date":"20010827","time":"1200","status":"TS","lat":38.9,"lon":-60.7,"wind_kt":55,"pressure_mb":996},{"date":"20010827","time":"1800","status":"TS","lat":40.6,"lon":-59.4,"wind_kt":60,"pressure_mb":994},{"date":"20010828","time":"0000","status":"TS","lat":42.1,"lon":-57.5,"wind_kt":60,"pressure_mb":995},{"date":"20010828","time":"0600","status":"TS","lat":43.5,"lon":-56,"wind_kt":55,"pressure_mb":996},{"date":"20010828","time":"1200","status":"TS","lat":44,"lon":-53.4,"wind_kt":50,"pressure_mb":997},{"date":"20010828","time":"1800","status":"EX","lat":45.5,"lon":-50.5,"wind_kt":45,"pressure_mb":998},{"date":"20010829","time":"0000","status":"EX","lat":47,"lon":-48.5,"wind_kt":45,"pressure_mb":999},{"date":"20010829","time":"0600","status":"EX","lat":49,"lon":-45,"wind_kt":45,"pressure_mb":999},{"date":"20010829","time":"1200","status":"EX","lat":51,"lon":-40.9,"wind_kt":40,"pressure_mb":1000}]}},{"type":"Feature","geometry":{"type":"LineString","coordinates":[[-34.3,12.5],[-35.9,12.9],[-37.5,13.2],[-39,13.5],[-40.6,14.1],[-42.2,14.7],[-43.7,15.3],[-45.3,15.9],[-47.1,16.3],[-48.7,16.7],[-50.3,17],[-52,17],[-53.4,17.2],[-54.8,17.4],[-55.9,17.8],[-57,18.1],[-57.9,19],[-58.1,20.1],[-58.2,21.2],[-58.3,22.2],[-58.4,23.2],[-58.1,23.9],[-57.6,24.4],[-57.8,24.9],[-58,25.3],[-58.3,26],[-58.8,26.5],[-59.2,27.2],[-59.8,28.4],[-60.4,29.7],[-61.3,30.6],[-62.2,31.5],[-62.8,32.4],[-63.3,33.3],[-64.1,34.2],[-64.7,34.9],[-65.4,35.7],[-65.7,36.4],[-65.9,36.9],[-65.6,37.4],[-65.1,37.8],[-64.3,38],[-63.3,38],[-62.6,37.9],[-62,37.9],[-61.4,38.1],[-61,38.3],[-60.6,38.8],[-60.2,39.6],[-59.3,40.6],[-58.1,42],[-56.7,43.3],[-55.2,44.7],[-52.7,46.7],[-51,49],[-49,52],[-47.5,55],[-46,58],[-44.5,60],[-42,61.5],[-38.9,63],[-35,65]]},"properties":{"id":"hur-al062001","event_type":"hurricane","name":"ERIN","year":2001,"max_wind_kt":105,"min_pressure_mb":968,"category":3,"preliminary":false,"start_date":"20010901","end_date":"20010917","track":[{"date":"20010901","time":"1800","status":"TD","lat":12.5,"lon":-34.3,"wind_kt":30,"pressure_mb":1006},{"date":"20010902","time":"0000","status":"TD","lat":12.9,"lon":-35.9,"wind_kt":30,"pressure_mb":1005},{"date":"20010902","time":"0600","status":"TS","lat":13.2,"lon":-37.5,"wind_kt":40,"pressure_mb":1002},{"date":"20010902","time":"1200","status":"TS","lat":13.5,"lon":-39,"wind_kt":45,"pressure_mb":1003},{"date":"20010902","time":"1800","status":"TS","lat":14.1,"lon":-40.6,"wind_kt":45,"pressure_mb":1003},{"date":"20010903","time":"0000","status":"TS","lat":14.7,"lon":-42.2,"wind_kt":45,"pressure_mb":1003},{"date":"20010903","time":"0600","status":"TS","lat":15.3,"lon":-43.7,"wind_kt":50,"pressure_mb":1003},{"date":"20010903","time":"1200","status":"TS","lat":15.9,"lon":-45.3,"wind_kt":50,"pressure_mb":1003},{"date":"20010903","time":"1800","status":"TS","lat":16.3,"lon":-47.1,"wind_kt":40,"pressure_mb":1002},{"date":"20010904","time":"0000","status":"TS","lat":16.7,"lon":-48.7,"wind_kt":40,"pressure_mb":1002},{"date":"20010904","time":"0600","status":"TS","lat":17,"lon":-50.3,"wind_kt":45,"pressure_mb":1000},{"date":"20010904","time":"1200","status":"TS","lat":17,"lon":-52,"wind_kt":45,"pressure_mb":1000},{"date":"20010904","time":"1800","status":"TS","lat":17.2,"lon":-53.4,"wind_kt":45,"pressure_mb":1000},{"date":"20010905","time":"0000","status":"TS","lat":17.4,"lon":-54.8,"wind_kt":45,"pressure_mb":1000},{"date":"20010905","time":"0600","status":"TS","lat":17.8,"lon":-55.9,"wind_kt":45,"pressure_mb":1000},{"date":"20010905","time":"1200","status":"TS","lat":18.1,"lon":-57,"wind_kt":35,"pressure_mb":1013},{"date":"20010905","time":"1800","status":"LO","lat":19,"lon":-57.9,"wind_kt":25,"pressure_mb":1014},{"date":"20010906","time":"0000","status":"LO","lat":20.1,"lon":-58.1,"wind_kt":15,"pressure_mb":1015},{"date":"20010906","time":"0600","status":"LO","lat":21.2,"lon":-58.2,"wind_kt":15,"pressure_mb":1015},{"date":"20010906","time":"1200","status":"LO","lat":22.2,"lon":-58.3,"wind_kt":20,"pressure_mb":1014},{"date":"20010906","time":"1800","status":"TD","lat":23.2,"lon":-58.4,"wind_kt":25,"pressure_mb":1013},{"date":"20010907","time":"0000","status":"TD","lat":23.9,"lon":-58.1,"wind_kt":25,"pressure_mb":1012},{"date":"20010907","time":"0600","status":"TD","lat":24.4,"lon":-57.6,"wind_kt":30,"pressure_mb":1008},{"date":"20010907","time":"1200","status":"TD","lat":24.9,"lon":-57.8,"wind_kt":30,"pressure_mb":1008},{"date":"20010907","time":"1800","status":"TS","lat":25.3,"lon":-58,"wind_kt":35,"pressure_mb":1005},{"date":"20010908","time":"0000","status":"TS","lat":26,"lon":-58.3,"wind_kt":35,"pressure_mb":1004},{"date":"20010908","time":"0600","status":"TS","lat":26.5,"lon":-58.8,"wind_kt":40,"pressure_mb":999},{"date":"20010908","time":"1200","status":"TS","lat":27.2,"lon":-59.2,"wind_kt":45,"pressure_mb":999},{"date":"20010908","time":"1800","status":"TS","lat":28.4,"lon":-59.8,"wind_kt":60,"pressure_mb":994},{"date":"20010909","time":"0000","status":"HU","lat":29.7,"lon":-60.4,"wind_kt":75,"pressure_mb":987},{"date":"20010909","time":"0600","status":"HU","lat":30.6,"lon":-61.3,"wind_kt":90,"pressure_mb":982},{"date":"20010909","time":"1200","status":"HU","lat":31.5,"lon":-62.2,"wind_kt":95,"pressure_mb":979},{"date":"20010909","time":"1800","status":"HU","lat":32.4,"lon":-62.8,"wind_kt":105,"pressure_mb":968},{"date":"20010910","time":"0000","status":"HU","lat":33.3,"lon":-63.3,"wind_kt":105,"pressure_mb":969},{"date":"20010910","time":"0600","status":"HU","lat":34.2,"lon":-64.1,"wind_kt":105,"pressure_mb":969},{"date":"20010910","time":"1200","status":"HU","lat":34.9,"lon":-64.7,"wind_kt":100,"pressure_mb":969},{"date":"20010910","time":"1800","status":"HU","lat":35.7,"lon":-65.4,"wind_kt":90,"pressure_mb":970},{"date":"20010911","time":"0000","status":"HU","lat":36.4,"lon":-65.7,"wind_kt":80,"pressure_mb":973},{"date":"20010911","time":"0600","status":"HU","lat":36.9,"lon":-65.9,"wind_kt":80,"pressure_mb":976},{"date":"20010911","time":"1200","status":"HU","lat":37.4,"lon":-65.6,"wind_kt":80,"pressure_mb":976},{"date":"20010911","time":"1800","status":"HU","lat":37.8,"lon":-65.1,"wind_kt":80,"pressure_mb":976},{"date":"20010912","time":"0000","status":"HU","lat":38,"lon":-64.3,"wind_kt":80,"pressure_mb":976},{"date":"20010912","time":"0600","status":"HU","lat":38,"lon":-63.3,"wind_kt":75,"pressure_mb":979},{"date":"20010912","time":"1200","status":"HU","lat":37.9,"lon":-62.6,"wind_kt":75,"pressure_mb":979},{"date":"20010912","time":"1800","status":"HU","lat":37.9,"lon":-62,"wind_kt":75,"pressure_mb":979},{"date":"20010913","time":"0000","status":"HU","lat":38.1,"lon":-61.4,"wind_kt":75,"pressure_mb":979},{"date":"20010913","time":"0600","status":"HU","lat":38.3,"lon":-61,"wind_kt":70,"pressure_mb":982},{"date":"20010913","time":"1200","status":"HU","lat":38.8,"lon":-60.6,"wind_kt":70,"pressure_mb":982},{"date":"20010913","time":"1800","status":"HU","lat":39.6,"lon":-60.2,"wind_kt":70,"pressure_mb":982},{"date":"20010914","time":"0000","status":"HU","lat":40.6,"lon":-59.3,"wind_kt":70,"pressure_mb":982},{"date":"20010914","time":"0600","status":"HU","lat":42,"lon":-58.1,"wind_kt":65,"pressure_mb":987},{"date":"20010914","time":"1200","status":"HU","lat":43.3,"lon":-56.7,"wind_kt":65,"pressure_mb":987},{"date":"20010914","time":"1800","status":"HU","lat":44.7,"lon":-55.2,"wind_kt":65,"pressure_mb":984},{"date":"20010915","time":"0000","status":"TS","lat":46.7,"lon":-52.7,"wind_kt":60,"pressure_mb":981},{"date":"20010915","time":"0600","status":"EX","lat":49,"lon":-51,"wind_kt":60,"pressure_mb":981},{"date":"20010915","time":"1200","status":"EX","lat":52,"lon":-49,"wind_kt":55,"pressure_mb":978},{"date":"20010915","time":"1800","status":"EX","lat":55,"lon":-47.5,"wind_kt":55,"pressure_mb":976},{"date":"20010916","time":"0000","status":"EX","lat":58,"lon":-46,"wind_kt":55,"pressure_mb":972},{"date":"20010916","time":"0600","status":"EX","lat":60,"lon":-44.5,"wind_kt":55,"pressure_mb":976},{"date":"20010916","time":"1200","status":"EX","lat":61.5,"lon":-42,"wind_kt":55,"pressure_mb":981},{"date":"20010916","time":"1800","status":"EX","lat":63,"lon":-38.9,"wind_kt":50,"pressure_mb":985},{"date":"20010917","time":"0000","status":"EX","lat":65,"lon":-35,"wind_kt":40,"pressure_mb":995}]}},{"type":"Feature","geometry":{"type":"LineString","coordinates":[[-28.4,13.9],[-29.5,14.4],[-31,14.8],[-33,15],[-35.1,15],[-37,15],[-38.7,15],[-40.2,15],[-41.7,15],[-43.1,15.2],[-43.7,16],[-44.8,16.5],[-45.8,16.9],[-46.8,17.3],[-47.4,17.8],[-47.7,18.6],[-48,19.4],[-48.4,20.2],[-48.8,21],[-48.9,22],[-49,22.9],[-48.9,23.9],[-48.6,24.8],[-48.4,25.9],[-48,27.1],[-47.2,28.2],[-46.6,29.3],[-45.5,30.1],[-44.3,30.9],[-42.8,31.2],[-41.4,31.5],[-39.5,31.7],[-37.6,32.1],[-36,32.1],[-34.8,32.6],[-33.3,33.4],[-32.4,34.3],[-32,35.1],[-31.7,35.4],[-31.5,35.3],[-31.8,35.2],[-32,35],[-32,34.8],[-31.9,34.7],[-31.7,34.7],[-31.6,34.6]]},"properties":{"id":"hur-al072001","event_type":"hurricane","name":"FELIX","year":2001,"max_wind_kt":100,"min_pressure_mb":962,"category":3,"preliminary":false,"start_date":"20010907","end_date":"20010919","track":[{"date":"20010907","time":"1800","status":"TD","lat":13.9,"lon":-28.4,"wind_kt":30,"pressure_mb":1008},{"date":"20010908","time":"0000","status":"TD","lat":14.4,"lon":-29.5,"wind_kt":30,"pressure_mb":1007},{"date":"20010908","time":"0600","status":"TD","lat":14.8,"lon":-31,"wind_kt":30,"pressure_mb":1007},{"date":"20010908","time":"1200","status":"TD","lat":15,"lon":-33,"wind_kt":30,"pressure_mb":1008},{"date":"20010908","time":"1800","status":"WV","lat":15,"lon":-35.1,"wind_kt":25,"pressure_mb":1009},{"date":"20010909","time":"0000","status":"WV","lat":15,"lon":-37,"wind_kt":25,"pressure_mb":1009},{"date":"20010909","time":"0600","status":"WV","lat":15,"lon":-38.7,"wind_kt":25,"pressure_mb":1009},{"date":"20010909","time":"1200","status":"WV","lat":15,"lon":-40.2,"wind_kt":25,"pressure_mb":1009},{"date":"20010909","time":"1800","status":"WV","lat":15,"lon":-41.7,"wind_kt":25,"pressure_mb":1009},{"date":"20010910","time":"0000","status":"WV","lat":15.2,"lon":-43.1,"wind_kt":25,"pressure_mb":1009},{"date":"20010910","time":"0600","status":"TD","lat":16,"lon":-43.7,"wind_kt":30,"pressure_mb":1008},{"date":"20010910","time":"1200","status":"TD","lat":16.5,"lon":-44.8,"wind_kt":30,"pressure_mb":1008},{"date":"20010910","time":"1800","status":"TD","lat":16.9,"lon":-45.8,"wind_kt":30,"pressure_mb":1007},{"date":"20010911","time":"0000","status":"TD","lat":17.3,"lon":-46.8,"wind_kt":30,"pressure_mb":1006},{"date":"20010911","time":"0600","status":"TD","lat":17.8,"lon":-47.4,"wind_kt":30,"pressure_mb":1004},{"date":"20010911","time":"1200","status":"TS","lat":18.6,"lon":-47.7,"wind_kt":35,"pressure_mb":1003},{"date":"20010911","time":"1800","status":"TS","lat":19.4,"lon":-48,"wind_kt":35,"pressure_mb":1003},{"date":"20010912","time":"0000","status":"TS","lat":20.2,"lon":-48.4,"wind_kt":40,"pressure_mb":1000},{"date":"20010912","time":"0600","status":"TS","lat":21,"lon":-48.8,"wind_kt":45,"pressure_mb":998},{"date":"20010912","time":"1200","status":"TS","lat":22,"lon":-48.9,"wind_kt":55,"pressure_mb":994},{"date":"20010912","time":"1800","status":"TS","lat":22.9,"lon":-49,"wind_kt":60,"pressure_mb":993},{"date":"20010913","time":"0000","status":"HU","lat":23.9,"lon":-48.9,"wind_kt":65,"pressure_mb":987},{"date":"20010913","time":"0600","status":"HU","lat":24.8,"lon":-48.6,"wind_kt":75,"pressure_mb":979},{"date":"20010913","time":"1200","status":"HU","lat":25.9,"lon":-48.4,"wind_kt":85,"pressure_mb":972},{"date":"20010913","time":"1800","status":"HU","lat":27.1,"lon":-48,"wind_kt":95,"pressure_mb":966},{"date":"20010914","time":"0000","status":"HU","lat":28.2,"lon":-47.2,"wind_kt":100,"pressure_mb":962},{"date":"20010914","time":"0600","status":"HU","lat":29.3,"lon":-46.6,"wind_kt":100,"pressure_mb":962},{"date":"20010914","time":"1200","status":"HU","lat":30.1,"lon":-45.5,"wind_kt":95,"pressure_mb":966},{"date":"20010914","time":"1800","status":"HU","lat":30.9,"lon":-44.3,"wind_kt":90,"pressure_mb":970},{"date":"20010915","time":"0000","status":"HU","lat":31.2,"lon":-42.8,"wind_kt":90,"pressure_mb":970},{"date":"20010915","time":"0600","status":"HU","lat":31.5,"lon":-41.4,"wind_kt":90,"pressure_mb":970},{"date":"20010915","time":"1200","status":"HU","lat":31.7,"lon":-39.5,"wind_kt":90,"pressure_mb":970},{"date":"20010915","time":"1800","status":"HU","lat":32.1,"lon":-37.6,"wind_kt":85,"pressure_mb":975},{"date":"20010916","time":"0000","status":"HU","lat":32.1,"lon":-36,"wind_kt":85,"pressure_mb":975},{"date":"20010916","time":"0600","status":"HU","lat":32.6,"lon":-34.8,"wind_kt":80,"pressure_mb":976},{"date":"20010916","time":"1200","status":"HU","lat":33.4,"lon":-33.3,"wind_kt":75,"pressure_mb":977},{"date":"20010916","time":"1800","status":"HU","lat":34.3,"lon":-32.4,"wind_kt":70,"pressure_mb":979},{"date":"20010917","time":"0000","status":"HU","lat":35.1,"lon":-32,"wind_kt":70,"pressure_mb":981},{"date":"20010917","time":"0600","status":"HU","lat":35.4,"lon":-31.7,"wind_kt":65,"pressure_mb":983},{"date":"20010917","time":"1200","status":"TS","lat":35.3,"lon":-31.5,"wind_kt":60,"pressure_mb":985},{"date":"20010917","time":"1800","status":"TS","lat":35.2,"lon":-31.8,"wind_kt":55,"pressure_mb":990},{"date":"20010918","time":"0000","status":"TS","lat":35,"lon":-32,"wind_kt":45,"pressure_mb":995},{"date":"20010918","time":"0600","status":"TS","lat":34.8,"lon":-32,"wind_kt":40,"pressure_mb":998},{"date":"20010918","time":"1200","status":"TS","lat":34.7,"lon":-31.9,"wind_kt":35,"pressure_mb":1001},{"date":"20010918","time":"1800","status":"TD","lat":34.7,"lon":-31.7,"wind_kt":30,"pressure_mb":1002},{"date":"20010919","time":"0000","status":"TD","lat":34.6,"lon":-31.6,"wind_kt":25,"pressure_mb":1002}]}},{"type":"Feature","geometry":{"type":"LineString","coordinates":[[-84.1,25.8],[-84.6,25.7],[-85,25.7],[-85.3,25.6],[-85.4,25.4],[-85.7,25.1],[-85.3,25.2],[-84.9,25.3],[-84.5,25.4],[-84.1,25.4],[-83.6,25.8],[-82.6,27.1],[-81.8,28],[-81.4,28.6],[-80.9,28.6],[-80.1,28.9],[-79,29.8],[-77.9,30.4],[-76.8,30.8],[-74.9,31.6],[-72.8,32.3],[-70.7,33.1],[-68.5,34],[-66.6,35.3],[-64.7,36.2],[-62.9,36.9],[-61.8,37.9],[-60.4,39],[-58.9,40.2],[-57.5,41.5],[-55.5,42.8],[-54,43.5],[-52,46.5],[-48.5,48.5],[-46,50],[-43,52],[-40,54],[-37.5,55],[-35,55],[-32.5,56],[-31,57.5]]},"properties":{"id":"hur-al082001","event_type":"hurricane","name":"GABRIELLE","year":2001,"max_wind_kt":70,"min_pressure_mb":975,"category":1,"preliminary":false,"start_date":"20010911","end_date":"20010921","track":[{"date":"20010911","time":"1800","status":"TD","lat":25.8,"lon":-84.1,"wind_kt":25,"pressure_mb":1010},{"date":"20010912","time":"0000","status":"TD","lat":25.7,"lon":-84.6,"wind_kt":25,"pressure_mb":1009},{"date":"20010912","time":"0600","status":"TD","lat":25.7,"lon":-85,"wind_kt":25,"pressure_mb":1008},{"date":"20010912","time":"1200","status":"TD","lat":25.6,"lon":-85.3,"wind_kt":25,"pressure_mb":1008},{"date":"20010912","time":"1800","status":"TD","lat":25.4,"lon":-85.4,"wind_kt":30,"pressure_mb":1007},{"date":"20010913","time":"0000","status":"TD","lat":25.1,"lon":-85.7,"wind_kt":30,"pressure_mb":1005},{"date":"20010913","time":"0600","status":"TD","lat":25.2,"lon":-85.3,"wind_kt":30,"pressure_mb":1005},{"date":"20010913","time":"1200","status":"TS","lat":25.3,"lon":-84.9,"wind_kt":35,"pressure_mb":1003},{"date":"20010913","time":"1800","status":"TS","lat":25.4,"lon":-84.5,"wind_kt":40,"pressure_mb":998},{"date":"20010914","time":"0000","status":"TS","lat":25.4,"lon":-84.1,"wind_kt":45,"pressure_mb":997},{"date":"20010914","time":"0600","status":"TS","lat":25.8,"lon":-83.6,"wind_kt":50,"pressure_mb":992},{"date":"20010914","time":"1200","status":"TS","lat":27.1,"lon":-82.6,"wind_kt":60,"pressure_mb":983},{"date":"20010914","time":"1800","status":"TS","lat":28,"lon":-81.8,"wind_kt":45,"pressure_mb":994},{"date":"20010915","time":"0000","status":"TS","lat":28.6,"lon":-81.4,"wind_kt":40,"pressure_mb":995},{"date":"20010915","time":"0600","status":"TS","lat":28.6,"lon":-80.9,"wind_kt":40,"pressure_mb":995},{"date":"20010915","time":"1200","status":"TS","lat":28.9,"lon":-80.1,"wind_kt":40,"pressure_mb":998},{"date":"20010915","time":"1800","status":"TS","lat":29.8,"lon":-79,"wind_kt":45,"pressure_mb":999},{"date":"20010916","time":"0000","status":"TS","lat":30.4,"lon":-77.9,"wind_kt":50,"pressure_mb":998},{"date":"20010916","time":"0600","status":"TS","lat":30.8,"lon":-76.8,"wind_kt":50,"pressure_mb":998},{"date":"20010916","time":"1200","status":"TS","lat":31.6,"lon":-74.9,"wind_kt":55,"pressure_mb":995},{"date":"20010916","time":"1800","status":"TS","lat":32.3,"lon":-72.8,"wind_kt":55,"pressure_mb":995},{"date":"20010917","time":"0000","status":"HU","lat":33.1,"lon":-70.7,"wind_kt":65,"pressure_mb":991},{"date":"20010917","time":"0600","status":"HU","lat":34,"lon":-68.5,"wind_kt":65,"pressure_mb":991},{"date":"20010917","time":"1200","status":"HU","lat":35.3,"lon":-66.6,"wind_kt":70,"pressure_mb":983},{"date":"20010917","time":"1800","status":"HU","lat":36.2,"lon":-64.7,"wind_kt":70,"pressure_mb":983},{"date":"20010918","time":"0000","status":"TS","lat":36.9,"lon":-62.9,"wind_kt":60,"pressure_mb":987},{"date":"20010918","time":"0600","status":"TS","lat":37.9,"lon":-61.8,"wind_kt":55,"pressure_mb":990},{"date":"20010918","time":"1200","status":"TS","lat":39,"lon":-60.4,"wind_kt":55,"pressure_mb":990},{"date":"20010918","time":"1800","status":"TS","lat":40.2,"lon":-58.9,"wind_kt":60,"pressure_mb":980},{"date":"20010919","time":"0000","status":"TS","lat":41.5,"lon":-57.5,"wind_kt":60,"pressure_mb":975},{"date":"20010919","time":"0600","status":"EX","lat":42.8,"lon":-55.5,"wind_kt":55,"pressure_mb":976},{"date":"20010919","time":"1200","status":"EX","lat":43.5,"lon":-54,"wind_kt":60,"pressure_mb":978},{"date":"20010919","time":"1800","status":"EX","lat":46.5,"lon":-52,"wind_kt":60,"pressure_mb":986},{"date":"20010920","time":"0000","status":"EX","lat":48.5,"lon":-48.5,"wind_kt":60,"pressure_mb":988},{"date":"20010920","time":"0600","status":"EX","lat":50,"lon":-46,"wind_kt":60,"pressure_mb":986},{"date":"20010920","time":"1200","status":"EX","lat":52,"lon":-43,"wind_kt":60,"pressure_mb":984},{"date":"20010920","time":"1800","status":"EX","lat":54,"lon":-40,"wind_kt":65,"pressure_mb":981},{"date":"20010921","time":"0000","status":"EX","lat":55,"lon":-37.5,"wind_kt":65,"pressure_mb":981},{"date":"20010921","time":"0600","status":"EX","lat":55,"lon":-35,"wind_kt":65,"pressure_mb":981},{"date":"20010921","time":"1200","status":"EX","lat":56,"lon":-32.5,"wind_kt":60,"pressure_mb":984},{"date":"20010921","time":"1800","status":"EX","lat":57.5,"lon":-31,"wind_kt":55,"pressure_mb":987}]}},{"type":"Feature","geometry":{"type":"LineString","coordinates":[[-81.9,13.4],[-82.7,13.6],[-83.5,13.9],[-85.1,14.5]]},"properties":{"id":"hur-al092001","event_type":"hurricane","name":null,"year":2001,"max_wind_kt":30,"min_pressure_mb":1005,"category":-1,"preliminary":false,"start_date":"20010919","end_date":"20010920","track":[{"date":"20010919","time":"1800","status":"TD","lat":13.4,"lon":-81.9,"wind_kt":30,"pressure_mb":1008},{"date":"20010919","time":"2100","status":"TD","lat":13.6,"lon":-82.7,"wind_kt":30,"pressure_mb":1005},{"date":"20010920","time":"0000","status":"TD","lat":13.9,"lon":-83.5,"wind_kt":30,"pressure_mb":1006},{"date":"20010920","time":"0600","status":"TD","lat":14.5,"lon":-85.1,"wind_kt":25,"pressure_mb":1008}]}},{"type":"Feature","geometry":{"type":"LineString","coordinates":[[-64.2,25.1],[-65,25.8],[-65.5,26.5],[-65.9,27.2],[-66.3,27.9],[-66.7,28.6],[-67,29.3],[-67.3,30.1],[-67.5,31],[-67.4,31.9],[-67.1,32.8],[-66.8,33.8],[-66.3,35],[-65.4,35.9],[-64.3,36.8],[-63.4,37.7],[-62.4,38.5],[-61.6,39.2],[-60.7,39.6],[-60.3,40.4],[-59.2,41],[-57.5,41.8],[-54.6,42.2],[-51.3,42.4],[-47.5,42.2],[-44.5,41.5]]},"properties":{"id":"hur-al102001","event_type":"hurricane","name":"HUMBERTO","year":2001,"max_wind_kt":90,"min_pressure_mb":970,"category":2,"preliminary":false,"start_date":"20010921","end_date":"20010927","track":[{"date":"20010921","time":"1200","status":"TD","lat":25.1,"lon":-64.2,"wind_kt":25,"pressure_mb":1012},{"date":"20010921","time":"1800","status":"TD","lat":25.8,"lon":-65,"wind_kt":25,"pressure_mb":1012},{"date":"20010922","time":"0000","status":"TD","lat":26.5,"lon":-65.5,"wind_kt":25,"pressure_mb":1010},{"date":"20010922","time":"0600","status":"TD","lat":27.2,"lon":-65.9,"wind_kt":30,"pressure_mb":1010},{"date":"20010922","time":"1200","status":"TS","lat":27.9,"lon":-66.3,"wind_kt":40,"pressure_mb":1007},{"date":"20010922","time":"1800","status":"TS","lat":28.6,"lon":-66.7,"wind_kt":50,"pressure_mb":998},{"date":"20010923","time":"0000","status":"TS","lat":29.3,"lon":-67,"wind_kt":55,"pressure_mb":995},{"date":"20010923","time":"0600","status":"TS","lat":30.1,"lon":-67.3,"wind_kt":55,"pressure_mb":994},{"date":"20010923","time":"1200","status":"HU","lat":31,"lon":-67.5,"wind_kt":65,"pressure_mb":990},{"date":"20010923","time":"1800","status":"HU","lat":31.9,"lon":-67.4,"wind_kt":80,"pressure_mb":986},{"date":"20010924","time":"0000","status":"HU","lat":32.8,"lon":-67.1,"wind_kt":85,"pressure_mb":983},{"date":"20010924","time":"0600","status":"HU","lat":33.8,"lon":-66.8,"wind_kt":75,"pressure_mb":989},{"date":"20010924","time":"1200","status":"HU","lat":35,"lon":-66.3,"wind_kt":70,"pressure_mb":990},{"date":"20010924","time":"1800","status":"HU","lat":35.9,"lon":-65.4,"wind_kt":70,"pressure_mb":991},{"date":"20010925","time":"0000","status":"HU","lat":36.8,"lon":-64.3,"wind_kt":65,"pressure_mb":992},{"date":"20010925","time":"0600","status":"HU","lat":37.7,"lon":-63.4,"wind_kt":65,"pressure_mb":992},{"date":"20010925","time":"1200","status":"HU","lat":38.5,"lon":-62.4,"wind_kt":65,"pressure_mb":992},{"date":"20010925","time":"1800","status":"HU","lat":39.2,"lon":-61.6,"wind_kt":65,"pressure_mb":990},{"date":"20010926","time":"0000","status":"HU","lat":39.6,"lon":-60.7,"wind_kt":65,"pressure_mb":990},{"date":"20010926","time":"0600","status":"HU","lat":40.4,"lon":-60.3,"wind_kt":75,"pressure_mb":980},{"date":"20010926","time":"1200","status":"HU","lat":41,"lon":-59.2,"wind_kt":90,"pressure_mb":970},{"date":"20010926","time":"1800","status":"HU","lat":41.8,"lon":-57.5,"wind_kt":80,"pressure_mb":977},{"date":"20010927","time":"0000","status":"HU","lat":42.2,"lon":-54.6,"wind_kt":70,"pressure_mb":987},{"date":"20010927","time":"0600","status":"HU","lat":42.4,"lon":-51.3,"wind_kt":65,"pressure_mb":991},{"date":"20010927","time":"1200","status":"TS","lat":42.2,"lon":-47.5,"wind_kt":60,"pressure_mb":994},{"date":"20010927","time":"1800","status":"TS","lat":41.5,"lon":-44.5,"wind_kt":45,"pressure_mb":996}]}},{"type":"Feature","geometry":{"type":"LineString","coordinates":[[-58.2,12.3],[-59.9,12.8],[-61.4,13.4],[-63,14],[-64.5,14.8],[-66,15.5],[-67.7,15.7],[-69,16],[-70.5,16.5],[-72.2,16.9],[-74,16.9],[-75.3,16.9],[-77,17.3],[-78.9,17.4],[-80.6,17.3],[-82.3,17.2],[-84,17.1],[-86,16.8],[-88,16.5],[-88.4,16.3],[-89.9,16.2],[-91.9,16.2]]},"properties":{"id":"hur-al112001","event_type":"hurricane","name":"IRIS","year":2001,"max_wind_kt":125,"min_pressure_mb":948,"category":4,"preliminary":false,"start_date":"20011004","end_date":"20011009","track":[{"date":"20011004","time":"1200","status":"TD","lat":12.3,"lon":-58.2,"wind_kt":25,"pressure_mb":1011},{"date":"20011004","time":"1800","status":"TD","lat":12.8,"lon":-59.9,"wind_kt":30,"pressure_mb":1010},{"date":"20011005","time":"0000","status":"TD","lat":13.4,"lon":-61.4,"wind_kt":30,"pressure_mb":1010},{"date":"20011005","time":"0600","status":"TD","lat":14,"lon":-63,"wind_kt":30,"pressure_mb":1010},{"date":"20011005","time":"1200","status":"TS","lat":14.8,"lon":-64.5,"wind_kt":35,"pressure_mb":1008},{"date":"20011005","time":"1800","status":"TS","lat":15.5,"lon":-66,"wind_kt":45,"pressure_mb":1005},{"date":"20011006","time":"0000","status":"TS","lat":15.7,"lon":-67.7,"wind_kt":50,"pressure_mb":1001},{"date":"20011006","time":"0600","status":"TS","lat":16,"lon":-69,"wind_kt":55,"pressure_mb":998},{"date":"20011006","time":"1200","status":"TS","lat":16.5,"lon":-70.5,"wind_kt":55,"pressure_mb":998},{"date":"20011006","time":"1800","status":"HU","lat":16.9,"lon":-72.2,"wind_kt":65,"pressure_mb":992},{"date":"20011007","time":"0000","status":"HU","lat":16.9,"lon":-74,"wind_kt":75,"pressure_mb":993},{"date":"20011007","time":"0600","status":"HU","lat":16.9,"lon":-75.3,"wind_kt":75,"pressure_mb":989},{"date":"20011007","time":"1200","status":"HU","lat":17.3,"lon":-77,"wind_kt":75,"pressure_mb":989},{"date":"20011007","time":"1800","status":"HU","lat":17.4,"lon":-78.9,"wind_kt":75,"pressure_mb":991},{"date":"20011008","time":"0000","status":"HU","lat":17.3,"lon":-80.6,"wind_kt":80,"pressure_mb":988},{"date":"20011008","time":"0600","status":"HU","lat":17.2,"lon":-82.3,"wind_kt":90,"pressure_mb":963},{"date":"20011008","time":"1200","status":"HU","lat":17.1,"lon":-84,"wind_kt":120,"pressure_mb":950},{"date":"20011008","time":"1800","status":"HU","lat":16.8,"lon":-86,"wind_kt":115,"pressure_mb":950},{"date":"20011009","time":"0000","status":"HU","lat":16.5,"lon":-88,"wind_kt":125,"pressure_mb":948},{"date":"20011009","time":"0200","status":"HU","lat":16.3,"lon":-88.4,"wind_kt":125,"pressure_mb":948},{"date":"20011009","time":"0600","status":"TS","lat":16.2,"lon":-89.9,"wind_kt":60,"pressure_mb":1005},{"date":"20011009","time":"1200","status":"TD","lat":16.2,"lon":-91.9,"wind_kt":30,"pressure_mb":1004}]}},{"type":"Feature","geometry":{"type":"LineString","coordinates":[[-50.6,10.6],[-52.1,10.8],[-53.8,11],[-55.7,11.3],[-57.7,11.7],[-59.5,12.5],[-60.2,13.1],[-62,13.8],[-64,14.2],[-66,14.5]]},"properties":{"id":"hur-al122001","event_type":"hurricane","name":"JERRY","year":2001,"max_wind_kt":45,"min_pressure_mb":1004,"category":0,"preliminary":false,"start_date":"20011006","end_date":"20011008","track":[{"date":"20011006","time":"1200","status":"TD","lat":10.6,"lon":-50.6,"wind_kt":25,"pressure_mb":1008},{"date":"20011006","time":"1800","status":"TD","lat":10.8,"lon":-52.1,"wind_kt":30,"pressure_mb":1007},{"date":"20011007","time":"0000","status":"TS","lat":11,"lon":-53.8,"wind_kt":35,"pressure_mb":1007},{"date":"20011007","time":"0600","status":"TS","lat":11.3,"lon":-55.7,"wind_kt":40,"pressure_mb":1007},{"date":"20011007","time":"1200","status":"TS","lat":11.7,"lon":-57.7,"wind_kt":45,"pressure_mb":1007},{"date":"20011007","time":"1800","status":"TS","lat":12.5,"lon":-59.5,"wind_kt":45,"pressure_mb":1007},{"date":"20011008","time":"0000","status":"TS","lat":13.1,"lon":-60.2,"wind_kt":45,"pressure_mb":1006},{"date":"20011008","time":"0600","status":"TS","lat":13.8,"lon":-62,"wind_kt":45,"pressure_mb":1004},{"date":"20011008","time":"1200","status":"TS","lat":14.2,"lon":-64,"wind_kt":35,"pressure_mb":1007},{"date":"20011008","time":"1800","status":"TD","lat":14.5,"lon":-66,"wind_kt":25,"pressure_mb":1008}]}},{"type":"Feature","geometry":{"type":"LineString","coordinates":[[-63,27.5],[-62.5,29.8],[-63.5,30.8],[-64.7,31.8],[-65.8,32.2],[-65.8,32.8],[-66.3,33.5],[-66.1,34.2],[-65.3,34.9],[-64.8,36.2],[-64.6,37.3],[-64,37.9],[-63.7,38.6],[-63.9,39.3],[-64.1,40.1],[-64.4,40.9],[-65,42.3],[-64.8,44.2],[-62,48]]},"properties":{"id":"hur-al132001","event_type":"hurricane","name":"KAREN","year":2001,"max_wind_kt":70,"min_pressure_mb":982,"category":1,"preliminary":false,"start_date":"20011011","end_date":"20011015","track":[{"date":"20011011","time":"0600","status":"EX","lat":27.5,"lon":-63,"wind_kt":30,"pressure_mb":1009},{"date":"20011011","time":"1200","status":"EX","lat":29.8,"lon":-62.5,"wind_kt":35,"pressure_mb":1003},{"date":"20011011","time":"1800","status":"EX","lat":30.8,"lon":-63.5,"wind_kt":45,"pressure_mb":998},{"date":"20011012","time":"0000","status":"SS","lat":31.8,"lon":-64.7,"wind_kt":60,"pressure_mb":991},{"date":"20011012","time":"0600","status":"SS","lat":32.2,"lon":-65.8,"wind_kt":60,"pressure_mb":988},{"date":"20011012","time":"1200","status":"SS","lat":32.8,"lon":-65.8,"wind_kt":60,"pressure_mb":988},{"date":"20011012","time":"1800","status":"SS","lat":33.5,"lon":-66.3,"wind_kt":60,"pressure_mb":988},{"date":"20011013","time":"0000","status":"SS","lat":34.2,"lon":-66.1,"wind_kt":60,"pressure_mb":988},{"date":"20011013","time":"0600","status":"TS","lat":34.9,"lon":-65.3,"wind_kt":60,"pressure_mb":988},{"date":"20011013","time":"1200","status":"TS","lat":36.2,"lon":-64.8,"wind_kt":60,"pressure_mb":986},{"date":"20011013","time":"1800","status":"HU","lat":37.3,"lon":-64.6,"wind_kt":65,"pressure_mb":985},{"date":"20011014","time":"0000","status":"HU","lat":37.9,"lon":-64,"wind_kt":65,"pressure_mb":985},{"date":"20011014","time":"0600","status":"HU","lat":38.6,"lon":-63.7,"wind_kt":70,"pressure_mb":982},{"date":"20011014","time":"1200","status":"TS","lat":39.3,"lon":-63.9,"wind_kt":60,"pressure_mb":988},{"date":"20011014","time":"1800","status":"TS","lat":40.1,"lon":-64.1,"wind_kt":55,"pressure_mb":992},{"date":"20011015","time":"0000","status":"TS","lat":40.9,"lon":-64.4,"wind_kt":50,"pressure_mb":995},{"date":"20011015","time":"0600","status":"TS","lat":42.3,"lon":-65,"wind_kt":45,"pressure_mb":997},{"date":"20011015","time":"1200","status":"TS","lat":44.2,"lon":-64.8,"wind_kt":40,"pressure_mb":998},{"date":"20011015","time":"1800","status":"EX","lat":48,"lon":-62,"wind_kt":40,"pressure_mb":1002}]}},{"type":"Feature","geometry":{"type":"LineString","coordinates":[[-34.9,27.2],[-36.1,27.5],[-37.4,27.5],[-38.7,27.5],[-39.8,27.5],[-41,27.5],[-41.3,27.2],[-41.9,27.7],[-42.7,27.8],[-43.7,28],[-44.6,28.5],[-45.5,29.4],[-45.6,30.9],[-46,32.8],[-44.9,34.9],[-43.1,37.4]]},"properties":{"id":"hur-al142001","event_type":"hurricane","name":"LORENZO","year":2001,"max_wind_kt":35,"min_pressure_mb":1007,"category":0,"preliminary":false,"start_date":"20011027","end_date":"20011031","track":[{"date":"20011027","time":"1200","status":"TD","lat":27.2,"lon":-34.9,"wind_kt":30,"pressure_mb":1010},{"date":"20011027","time":"1800","status":"TD","lat":27.5,"lon":-36.1,"wind_kt":30,"pressure_mb":1009},{"date":"20011028","time":"0000","status":"TD","lat":27.5,"lon":-37.4,"wind_kt":30,"pressure_mb":1009},{"date":"20011028","time":"0600","status":"TD","lat":27.5,"lon":-38.7,"wind_kt":30,"pressure_mb":1009},{"date":"20011028","time":"1200","status":"TD","lat":27.5,"lon":-39.8,"wind_kt":30,"pressure_mb":1009},{"date":"20011028","time":"1800","status":"TD","lat":27.5,"lon":-41,"wind_kt":30,"pressure_mb":1009},{"date":"20011029","time":"0000","status":"TD","lat":27.2,"lon":-41.3,"wind_kt":30,"pressure_mb":1009},{"date":"20011029","time":"0600","status":"TD","lat":27.7,"lon":-41.9,"wind_kt":30,"pressure_mb":1009},{"date":"20011029","time":"1200","status":"TD","lat":27.8,"lon":-42.7,"wind_kt":30,"pressure_mb":1009},{"date":"20011029","time":"1800","status":"TD","lat":28,"lon":-43.7,"wind_kt":30,"pressure_mb":1009},{"date":"20011030","time":"0000","status":"TS","lat":28.5,"lon":-44.6,"wind_kt":35,"pressure_mb":1007},{"date":"20011030","time":"0600","status":"TS","lat":29.4,"lon":-45.5,"wind_kt":35,"pressure_mb":1007},{"date":"20011030","time":"1200","status":"TS","lat":30.9,"lon":-45.6,"wind_kt":35,"pressure_mb":1007},{"date":"20011030","time":"1800","status":"TS","lat":32.8,"lon":-46,"wind_kt":35,"pressure_mb":1008},{"date":"20011031","time":"0000","status":"TS","lat":34.9,"lon":-44.9,"wind_kt":35,"pressure_mb":1008},{"date":"20011031","time":"0600","status":"TS","lat":37.4,"lon":-43.1,"wind_kt":35,"pressure_mb":1008}]}},{"type":"Feature","geometry":{"type":"LineString","coordinates":[[-83.6,13.3],[-83.6,13.7],[-84.1,13.7],[-83.9,13.3],[-83.5,13],[-83.6,13.7],[-83.4,14.3],[-83.2,14.8],[-83.1,15.3],[-83.1,15.8],[-83.4,16.5],[-83.6,16.8],[-83.8,17],[-83.9,17.3],[-83.9,17.5],[-84,17.8],[-84,18],[-84,18.5],[-84.3,18.8],[-84.3,18.9],[-84.1,19.3],[-83.9,19.4],[-83.7,19.7],[-83.3,20.1],[-82.5,20.8],[-81.8,21.5],[-81.2,22.1],[-80.9,22.3],[-79.7,23.1],[-78,24.3],[-76.4,25.4],[-74.5,26.3],[-72.6,26.9],[-69.7,27.3],[-66.5,28.7]]},"properties":{"id":"hur-al152001","event_type":"hurricane","name":"MICHELLE","year":2001,"max_wind_kt":120,"min_pressure_mb":933,"category":4,"preliminary":false,"start_date":"20011029","end_date":"20011106","track":[{"date":"20011029","time":"1800","status":"TD","lat":13.3,"lon":-83.6,"wind_kt":30,"pressure_mb":1004},{"date":"20011030","time":"0000","status":"TD","lat":13.7,"lon":-83.6,"wind_kt":30,"pressure_mb":1004},{"date":"20011030","time":"0600","status":"TD","lat":13.7,"lon":-84.1,"wind_kt":30,"pressure_mb":1005},{"date":"20011030","time":"1200","status":"TD","lat":13.3,"lon":-83.9,"wind_kt":30,"pressure_mb":1005},{"date":"20011030","time":"1800","status":"TD","lat":13,"lon":-83.5,"wind_kt":30,"pressure_mb":1006},{"date":"20011031","time":"0000","status":"TD","lat":13.7,"lon":-83.6,"wind_kt":30,"pressure_mb":1004},{"date":"20011031","time":"0600","status":"TD","lat":14.3,"lon":-83.4,"wind_kt":30,"pressure_mb":1005},{"date":"20011031","time":"1200","status":"TD","lat":14.8,"lon":-83.2,"wind_kt":30,"pressure_mb":1004},{"date":"20011031","time":"1800","status":"TD","lat":15.3,"lon":-83.1,"wind_kt":30,"pressure_mb":1004},{"date":"20011101","time":"0000","status":"TS","lat":15.8,"lon":-83.1,"wind_kt":35,"pressure_mb":1001},{"date":"20011101","time":"0600","status":"TS","lat":16.5,"lon":-83.4,"wind_kt":45,"pressure_mb":999},{"date":"20011101","time":"1200","status":"TS","lat":16.8,"lon":-83.6,"wind_kt":50,"pressure_mb":995},{"date":"20011101","time":"1800","status":"TS","lat":17,"lon":-83.8,"wind_kt":50,"pressure_mb":993},{"date":"20011102","time":"0000","status":"TS","lat":17.3,"lon":-83.9,"wind_kt":55,"pressure_mb":991},{"date":"20011102","time":"0600","status":"TS","lat":17.5,"lon":-83.9,"wind_kt":60,"pressure_mb":988},{"date":"20011102","time":"1200","status":"HU","lat":17.8,"lon":-84,"wind_kt":70,"pressure_mb":979},{"date":"20011102","time":"1800","status":"HU","lat":18,"lon":-84,"wind_kt":80,"pressure_mb":969},{"date":"20011103","time":"0000","status":"HU","lat":18.5,"lon":-84,"wind_kt":90,"pressure_mb":957},{"date":"20011103","time":"0600","status":"HU","lat":18.8,"lon":-84.3,"wind_kt":105,"pressure_mb":942},{"date":"20011103","time":"1200","status":"HU","lat":18.9,"lon":-84.3,"wind_kt":115,"pressure_mb":937},{"date":"20011103","time":"1800","status":"HU","lat":19.3,"lon":-84.1,"wind_kt":110,"pressure_mb":934},{"date":"20011103","time":"2100","status":"HU","lat":19.4,"lon":-83.9,"wind_kt":110,"pressure_mb":933},{"date":"20011104","time":"0000","status":"HU","lat":19.7,"lon":-83.7,"wind_kt":115,"pressure_mb":938},{"date":"20011104","time":"0600","status":"HU","lat":20.1,"lon":-83.3,"wind_kt":120,"pressure_mb":944},{"date":"20011104","time":"1200","status":"HU","lat":20.8,"lon":-82.5,"wind_kt":120,"pressure_mb":947},{"date":"20011104","time":"1800","status":"HU","lat":21.5,"lon":-81.8,"wind_kt":120,"pressure_mb":949},{"date":"20011104","time":"2300","status":"HU","lat":22.1,"lon":-81.2,"wind_kt":115,"pressure_mb":950},{"date":"20011105","time":"0000","status":"HU","lat":22.3,"lon":-80.9,"wind_kt":105,"pressure_mb":953},{"date":"20011105","time":"0600","status":"HU","lat":23.1,"lon":-79.7,"wind_kt":80,"pressure_mb":972},{"date":"20011105","time":"1200","status":"HU","lat":24.3,"lon":-78,"wind_kt":80,"pressure_mb":974},{"date":"20011105","time":"1800","status":"HU","lat":25.4,"lon":-76.4,"wind_kt":75,"pressure_mb":980},{"date":"20011106","time":"0000","status":"EX","lat":26.3,"lon":-74.5,"wind_kt":75,"pressure_mb":980},{"date":"20011106","time":"0600","status":"EX","lat":26.9,"lon":-72.6,"wind_kt":75,"pressure_mb":980},{"date":"20011106","time":"1200","status":"EX","lat":27.3,"lon":-69.7,"wind_kt":65,"pressure_mb":984},{"date":"20011106","time":"1800","status":"EX","lat":28.7,"lon":-66.5,"wind_kt":55,"pressure_mb":989}]}},{"type":"Feature","geometry":{"type":"LineString","coordinates":[[-50.4,33.9],[-50.4,34.1],[-50.4,34.3],[-50.3,35.2],[-50.1,36.1],[-50.1,37],[-50.3,37.8],[-50.2,38.8],[-49.7,39.7],[-49.2,41.3],[-48.5,43],[-48,45]]},"properties":{"id":"hur-al162001","event_type":"hurricane","name":"NOEL","year":2001,"max_wind_kt":65,"min_pressure_mb":986,"category":1,"preliminary":false,"start_date":"20011104","end_date":"20011106","track":[{"date":"20011104","time":"0000","status":"SS","lat":33.9,"lon":-50.4,"wind_kt":45,"pressure_mb":988},{"date":"20011104","time":"0600","status":"SS","lat":34.1,"lon":-50.4,"wind_kt":45,"pressure_mb":990},{"date":"20011104","time":"1200","status":"SS","lat":34.3,"lon":-50.4,"wind_kt":45,"pressure_mb":993},{"date":"20011104","time":"1800","status":"SS","lat":35.2,"lon":-50.3,"wind_kt":50,"pressure_mb":993},{"date":"20011105","time":"0000","status":"SS","lat":36.1,"lon":-50.1,"wind_kt":55,"pressure_mb":991},{"date":"20011105","time":"0600","status":"SS","lat":37,"lon":-50.1,"wind_kt":60,"pressure_mb":988},{"date":"20011105","time":"1200","status":"HU","lat":37.8,"lon":-50.3,"wind_kt":65,"pressure_mb":986},{"date":"20011105","time":"1800","status":"HU","lat":38.8,"lon":-50.2,"wind_kt":65,"pressure_mb":986},{"date":"20011106","time":"0000","status":"TS","lat":39.7,"lon":-49.7,"wind_kt":60,"pressure_mb":990},{"date":"20011106","time":"0600","status":"TS","lat":41.3,"lon":-49.2,"wind_kt":55,"pressure_mb":994},{"date":"20011106","time":"1200","status":"EX","lat":43,"lon":-48.5,"wind_kt":50,"pressure_mb":996},{"date":"20011106","time":"1800","status":"EX","lat":45,"lon":-48,"wind_kt":50,"pressure_mb":1000}]}},{"type":"Feature","geometry":{"type":"LineString","coordinates":[[-51,30.5],[-51,30.2],[-50.7,29.7],[-50.3,29.3],[-50,29.3],[-49.8,29.5],[-49.5,30.3],[-50.6,31.3],[-52,31.8],[-53.5,31.7],[-55,30.8],[-55.3,30.3],[-55.6,30.1],[-55.9,30.6],[-56,31.1],[-56.2,32.1],[-57,32.6],[-57.2,31.5],[-56,32],[-55.8,32.3],[-55.7,32.6],[-56.2,32.4],[-57,31.4],[-57.6,30.3],[-58.7,29.3],[-60.1,28.4],[-61.8,27.3],[-63.2,26.2],[-64.7,25.3],[-66.2,24.5],[-67.1,23.7],[-67.7,23.4],[-68,23.1],[-68.3,22.8],[-68.6,23],[-68.9,23.4],[-68.9,24.3],[-69.2,25.5],[-69.5,26.4],[-69.7,27],[-69.9,27.4],[-69.9,27.8],[-69.6,27.7],[-69.1,27.7],[-68.2,27.8],[-68,27.8],[-67.4,27]]},"properties":{"id":"hur-al172001","event_type":"hurricane","name":"OLGA","year":2001,"max_wind_kt":80,"min_pressure_mb":973,"category":1,"preliminary":false,"start_date":"20011123","end_date":"20011204","track":[{"date":"20011123","time":"0600","status":"EX","lat":30.5,"lon":-51,"wind_kt":25,"pressure_mb":1003},{"date":"20011123","time":"1200","status":"EX","lat":30.2,"lon":-51,"wind_kt":25,"pressure_mb":1000},{"date":"20011123","time":"1800","status":"EX","lat":29.7,"lon":-50.7,"wind_kt":30,"pressure_mb":994},{"date":"20011124","time":"0000","status":"SS","lat":29.3,"lon":-50.3,"wind_kt":50,"pressure_mb":990},{"date":"20011124","time":"0600","status":"SS","lat":29.3,"lon":-50,"wind_kt":50,"pressure_mb":990},{"date":"20011124","time":"1200","status":"TS","lat":29.5,"lon":-49.8,"wind_kt":50,"pressure_mb":989},{"date":"20011124","time":"1800","status":"TS","lat":30.3,"lon":-49.5,"wind_kt":50,"pressure_mb":989},{"date":"20011125","time":"0000","status":"TS","lat":31.3,"lon":-50.6,"wind_kt":50,"pressure_mb":989},{"date":"20011125","time":"0600","status":"TS","lat":31.8,"lon":-52,"wind_kt":50,"pressure_mb":989},{"date":"20011125","time":"1200","status":"TS","lat":31.7,"lon":-53.5,"wind_kt":55,"pressure_mb":989},{"date":"20011125","time":"1800","status":"TS","lat":30.8,"lon":-55,"wind_kt":60,"pressure_mb":987},{"date":"20011126","time":"0000","status":"TS","lat":30.3,"lon":-55.3,"wind_kt":60,"pressure_mb":979},{"date":"20011126","time":"0600","status":"TS","lat":30.1,"lon":-55.6,"wind_kt":60,"pressure_mb":979},{"date":"20011126","time":"1200","status":"HU","lat":30.6,"lon":-55.9,"wind_kt":65,"pressure_mb":979},{"date":"20011126","time":"1800","status":"HU","lat":31.1,"lon":-56,"wind_kt":65,"pressure_mb":977},{"date":"20011127","time":"0000","status":"HU","lat":32.1,"lon":-56.2,"wind_kt":75,"pressure_mb":975},{"date":"20011127","time":"0600","status":"HU","lat":32.6,"lon":-57,"wind_kt":80,"pressure_mb":973},{"date":"20011127","time":"1200","status":"HU","lat":31.5,"lon":-57.2,"wind_kt":80,"pressure_mb":974},{"date":"20011127","time":"1800","status":"HU","lat":32,"lon":-56,"wind_kt":75,"pressure_mb":975},{"date":"20011128","time":"0000","status":"HU","lat":32.3,"lon":-55.8,"wind_kt":75,"pressure_mb":975},{"date":"20011128","time":"0600","status":"HU","lat":32.6,"lon":-55.7,"wind_kt":75,"pressure_mb":975},{"date":"20011128","time":"1200","status":"HU","lat":32.4,"lon":-56.2,"wind_kt":75,"pressure_mb":977},{"date":"20011128","time":"1800","status":"HU","lat":31.4,"lon":-57,"wind_kt":70,"pressure_mb":979},{"date":"20011129","time":"0000","status":"HU","lat":30.3,"lon":-57.6,"wind_kt":65,"pressure_mb":987},{"date":"20011129","time":"0600","status":"TS","lat":29.3,"lon":-58.7,"wind_kt":60,"pressure_mb":990},{"date":"20011129","time":"1200","status":"TS","lat":28.4,"lon":-60.1,"wind_kt":60,"pressure_mb":992},{"date":"20011129","time":"1800","status":"TS","lat":27.3,"lon":-61.8,"wind_kt":55,"pressure_mb":994},{"date":"20011130","time":"0000","status":"TS","lat":26.2,"lon":-63.2,"wind_kt":45,"pressure_mb":998},{"date":"20011130","time":"0600","status":"TS","lat":25.3,"lon":-64.7,"wind_kt":35,"pressure_mb":1001},{"date":"20011130","time":"1200","status":"TD","lat":24.5,"lon":-66.2,"wind_kt":30,"pressure_mb":1003},{"date":"20011130","time":"1800","status":"TD","lat":23.7,"lon":-67.1,"wind_kt":30,"pressure_mb":1004},{"date":"20011201","time":"0000","status":"TD","lat":23.4,"lon":-67.7,"wind_kt":30,"pressure_mb":1004},{"date":"20011201","time":"0600","status":"TD","lat":23.1,"lon":-68,"wind_kt":30,"pressure_mb":1005},{"date":"20011201","time":"1200","status":"TD","lat":22.8,"lon":-68.3,"wind_kt":30,"pressure_mb":1004},{"date":"20011201","time":"1800","status":"TD","lat":23,"lon":-68.6,"wind_kt":30,"pressure_mb":1004},{"date":"20011202","time":"0000","status":"TS","lat":23.4,"lon":-68.9,"wind_kt":35,"pressure_mb":1003},{"date":"20011202","time":"0600","status":"TS","lat":24.3,"lon":-68.9,"wind_kt":35,"pressure_mb":1003},{"date":"20011202","time":"1200","status":"TS","lat":25.5,"lon":-69.2,"wind_kt":40,"pressure_mb":1001},{"date":"20011202","time":"1800","status":"TS","lat":26.4,"lon":-69.5,"wind_kt":40,"pressure_mb":1001},{"date":"20011203","time":"0000","status":"TS","lat":27,"lon":-69.7,"wind_kt":35,"pressure_mb":1004},{"date":"20011203","time":"0600","status":"TS","lat":27.4,"lon":-69.9,"wind_kt":35,"pressure_mb":1005},{"date":"20011203","time":"1200","status":"TS","lat":27.8,"lon":-69.9,"wind_kt":35,"pressure_mb":1005},{"date":"20011203","time":"1800","status":"TS","lat":27.7,"lon":-69.6,"wind_kt":35,"pressure_mb":1005},{"date":"20011204","time":"0000","status":"TD","lat":27.7,"lon":-69.1,"wind_kt":30,"pressure_mb":1006},{"date":"20011204","time":"0600","status":"TD","lat":27.8,"lon":-68.2,"wind_kt":30,"pressure_mb":1006},{"date":"20011204","time":"1200","status":"TD","lat":27.8,"lon":-68,"wind_kt":30,"pressure_mb":1006},{"date":"20011204","time":"1800","status":"TD","lat":27,"lon":-67.4,"wind_kt":30,"pressure_mb":1006}]}},{"type":"Feature","geometry":{"type":"LineString","coordinates":[[-76.8,34.3],[-75.1,35],[-73.3,35.5],[-71,36.1],[-68.2,36.8],[-65.1,37.9],[-61.7,38.6],[-57.9,40.5],[-54.5,42.5],[-53,44.5],[-53.9,46.5],[-54,48],[-53,49],[-52.5,50.5],[-52.5,53],[-53,55.5],[-53,58],[-52,57],[-51.5,56.5],[-51,56]]},"properties":{"id":"hur-al012002","event_type":"hurricane","name":"ARTHUR","year":2002,"max_wind_kt":50,"min_pressure_mb":992,"category":0,"preliminary":false,"start_date":"20020714","end_date":"20020719","track":[{"date":"20020714","time":"1800","status":"TD","lat":34.3,"lon":-76.8,"wind_kt":30,"pressure_mb":1009},{"date":"20020715","time":"0000","status":"TD","lat":35,"lon":-75.1,"wind_kt":30,"pressure_mb":1008},{"date":"20020715","time":"0600","status":"TS","lat":35.5,"lon":-73.3,"wind_kt":35,"pressure_mb":1006},{"date":"20020715","time":"1200","status":"TS","lat":36.1,"lon":-71,"wind_kt":45,"pressure_mb":1004},{"date":"20020715","time":"1800","status":"TS","lat":36.8,"lon":-68.2,"wind_kt":45,"pressure_mb":1002},{"date":"20020716","time":"0000","status":"TS","lat":37.9,"lon":-65.1,"wind_kt":50,"pressure_mb":1000},{"date":"20020716","time":"0600","status":"TS","lat":38.6,"lon":-61.7,"wind_kt":50,"pressure_mb":998},{"date":"20020716","time":"1200","status":"TS","lat":40.5,"lon":-57.9,"wind_kt":50,"pressure_mb":998},{"date":"20020716","time":"1800","status":"TS","lat":42.5,"lon":-54.5,"wind_kt":50,"pressure_mb":997},{"date":"20020717","time":"0000","status":"EX","lat":44.5,"lon":-53,"wind_kt":50,"pressure_mb":998},{"date":"20020717","time":"0600","status":"EX","lat":46.5,"lon":-53.9,"wind_kt":45,"pressure_mb":999},{"date":"20020717","time":"1200","status":"EX","lat":48,"lon":-54,"wind_kt":40,"pressure_mb":1002},{"date":"20020717","time":"1800","status":"EX","lat":49,"lon":-53,"wind_kt":40,"pressure_mb":1001},{"date":"20020718","time":"0000","status":"EX","lat":50.5,"lon":-52.5,"wind_kt":40,"pressure_mb":999},{"date":"20020718","time":"0600","status":"EX","lat":53,"lon":-52.5,"wind_kt":40,"pressure_mb":997},{"date":"20020718","time":"1200","status":"EX","lat":55.5,"lon":-53,"wind_kt":35,"pressure_mb":995},{"date":"20020718","time":"1800","status":"EX","lat":58,"lon":-53,"wind_kt":35,"pressure_mb":992},{"date":"20020719","time":"0000","status":"EX","lat":57,"lon":-52,"wind_kt":35,"pressure_mb":996},{"date":"20020719","time":"0600","status":"EX","lat":56.5,"lon":-51.5,"wind_kt":35,"pressure_mb":1000},{"date":"20020719","time":"1200","status":"EX","lat":56,"lon":-51,"wind_kt":35,"pressure_mb":1005}]}},{"type":"Feature","geometry":{"type":"LineString","coordinates":[[-88.5,29],[-89.2,29.3],[-89.2,29.4],[-89.3,29.4],[-89.7,29.6],[-90.1,30.5],[-90.6,30.9],[-91,30.9],[-91.4,30.8],[-91.5,30.6],[-91.6,30.3],[-91.7,30],[-92.2,29.7],[-92.7,29.4],[-93.2,29],[-93.8,28.6],[-94.4,28.2],[-95.3,27.7],[-96.1,26.9],[-96.6,27],[-97.1,27.2],[-97.4,27.3],[-97.7,27.5]]},"properties":{"id":"hur-al022002","event_type":"hurricane","name":"BERTHA","year":2002,"max_wind_kt":35,"min_pressure_mb":1007,"category":0,"preliminary":false,"start_date":"20020804","end_date":"20020809","track":[{"date":"20020804","time":"1800","status":"TD","lat":29,"lon":-88.5,"wind_kt":25,"pressure_mb":1012},{"date":"20020805","time":"0000","status":"TS","lat":29.3,"lon":-89.2,"wind_kt":35,"pressure_mb":1008},{"date":"20020805","time":"0100","status":"TS","lat":29.4,"lon":-89.2,"wind_kt":35,"pressure_mb":1007},{"date":"20020805","time":"0200","status":"TS","lat":29.4,"lon":-89.3,"wind_kt":35,"pressure_mb":1008},{"date":"20020805","time":"0600","status":"TS","lat":29.6,"lon":-89.7,"wind_kt":35,"pressure_mb":1008},{"date":"20020805","time":"1200","status":"TD","lat":30.5,"lon":-90.1,"wind_kt":25,"pressure_mb":1010},{"date":"20020805","time":"1800","status":"TD","lat":30.9,"lon":-90.6,"wind_kt":20,"pressure_mb":1011},{"date":"20020806","time":"0000","status":"TD","lat":30.9,"lon":-91,"wind_kt":15,"pressure_mb":1012},{"date":"20020806","time":"0600","status":"TD","lat":30.8,"lon":-91.4,"wind_kt":15,"pressure_mb":1013},{"date":"20020806","time":"1200","status":"TD","lat":30.6,"lon":-91.5,"wind_kt":15,"pressure_mb":1013},{"date":"20020806","time":"1800","status":"TD","lat":30.3,"lon":-91.6,"wind_kt":15,"pressure_mb":1012},{"date":"20020807","time":"0000","status":"TD","lat":30,"lon":-91.7,"wind_kt":20,"pressure_mb":1010},{"date":"20020807","time":"0600","status":"TD","lat":29.7,"lon":-92.2,"wind_kt":20,"pressure_mb":1011},{"date":"20020807","time":"1200","status":"TD","lat":29.4,"lon":-92.7,"wind_kt":25,"pressure_mb":1011},{"date":"20020807","time":"1800","status":"TD","lat":29,"lon":-93.2,"wind_kt":25,"pressure_mb":1010},{"date":"20020808","time":"0000","status":"TD","lat":28.6,"lon":-93.8,"wind_kt":25,"pressure_mb":1010},{"date":"20020808","time":"0600","status":"TD","lat":28.2,"lon":-94.4,"wind_kt":25,"pressure_mb":1010},{"date":"20020808","time":"1200","status":"TD","lat":27.7,"lon":-95.3,"wind_kt":20,"pressure_mb":1011},{"date":"20020808","time":"1800","status":"TD","lat":26.9,"lon":-96.1,"wind_kt":20,"pressure_mb":1011},{"date":"20020809","time":"0000","status":"TD","lat":27,"lon":-96.6,"wind_kt":20,"pressure_mb":1011},{"date":"20020809","time":"0600","status":"TD","lat":27.2,"lon":-97.1,"wind_kt":20,"pressure_mb":1011},{"date":"20020809","time":"0800","status":"TD","lat":27.3,"lon":-97.4,"wind_kt":20,"pressure_mb":1011},{"date":"20020809","time":"1200","status":"TD","lat":27.5,"lon":-97.7,"wind_kt":20,"pressure_mb":1012}]}},{"type":"Feature","geometry":{"type":"LineString","coordinates":[[-77.2,32],[-77.1,31.5],[-77,31.1],[-76.6,30.7],[-76.4,30.4],[-76.2,30.1],[-76.2,29.7],[-76,29.4],[-75.7,29.7],[-75.3,29.7],[-74.9,29.7],[-74,29.9],[-72,31]]},"properties":{"id":"hur-al032002","event_type":"hurricane","name":"CRISTOBAL","year":2002,"max_wind_kt":45,"min_pressure_mb":999,"category":0,"preliminary":false,"start_date":"20020805","end_date":"20020808","track":[{"date":"20020805","time":"1800","status":"TD","lat":32,"lon":-77.2,"wind_kt":30,"pressure_mb":1008},{"date":"20020806","time":"0000","status":"TD","lat":31.5,"lon":-77.1,"wind_kt":30,"pressure_mb":1004},{"date":"20020806","time":"0600","status":"TD","lat":31.1,"lon":-77,"wind_kt":30,"pressure_mb":1004},{"date":"20020806","time":"1200","status":"TD","lat":30.7,"lon":-76.6,"wind_kt":30,"pressure_mb":1004},{"date":"20020806","time":"1800","status":"TS","lat":30.4,"lon":-76.4,"wind_kt":35,"pressure_mb":1002},{"date":"20020807","time":"0000","status":"TS","lat":30.1,"lon":-76.2,"wind_kt":40,"pressure_mb":999},{"date":"20020807","time":"0600","status":"TS","lat":29.7,"lon":-76.2,"wind_kt":40,"pressure_mb":999},{"date":"20020807","time":"1200","status":"TS","lat":29.4,"lon":-76,"wind_kt":40,"pressure_mb":999},{"date":"20020807","time":"1800","status":"TS","lat":29.7,"lon":-75.7,"wind_kt":40,"pressure_mb":1000},{"date":"20020808","time":"0000","status":"TS","lat":29.7,"lon":-75.3,"wind_kt":45,"pressure_mb":1000},{"date":"20020808","time":"0600","status":"TS","lat":29.7,"lon":-74.9,"wind_kt":45,"pressure_mb":1000},{"date":"20020808","time":"1200","status":"TS","lat":29.9,"lon":-74,"wind_kt":45,"pressure_mb":1003},{"date":"20020808","time":"1800","status":"TS","lat":31,"lon":-72,"wind_kt":45,"pressure_mb":1008}]}},{"type":"Feature","geometry":{"type":"LineString","coordinates":[[-31.2,9.5],[-32.2,9.7],[-33.1,9.7],[-34.5,10],[-36.3,10.3],[-37.7,10.8],[-39.1,11.5],[-40.9,12.1],[-42.9,12.8],[-44.9,13.2],[-46.8,13.6],[-48.4,14.1],[-49.9,14.8],[-51.2,15.6],[-52,16.4],[-52.5,17.1],[-52.9,17.9],[-53.3,18.5],[-53.7,19.3],[-53.7,19.6],[-52.9,21],[-52.4,22.2],[-52.4,23.1],[-52.4,23.5],[-52.5,23.5],[-52.5,24]]},"properties":{"id":"hur-al042002","event_type":"hurricane","name":"DOLLY","year":2002,"max_wind_kt":50,"min_pressure_mb":997,"category":0,"preliminary":false,"start_date":"20020829","end_date":"20020904","track":[{"date":"20020829","time":"1200","status":"TD","lat":9.5,"lon":-31.2,"wind_kt":30,"pressure_mb":1007},{"date":"20020829","time":"1800","status":"TS","lat":9.7,"lon":-32.2,"wind_kt":35,"pressure_mb":1005},{"date":"20020830","time":"0000","status":"TS","lat":9.7,"lon":-33.1,"wind_kt":40,"pressure_mb":1002},{"date":"20020830","time":"0600","status":"TS","lat":10,"lon":-34.5,"wind_kt":45,"pressure_mb":1000},{"date":"20020830","time":"1200","status":"TS","lat":10.3,"lon":-36.3,"wind_kt":50,"pressure_mb":997},{"date":"20020830","time":"1800","status":"TS","lat":10.8,"lon":-37.7,"wind_kt":50,"pressure_mb":1000},{"date":"20020831","time":"0000","status":"TS","lat":11.5,"lon":-39.1,"wind_kt":45,"pressure_mb":1000},{"date":"20020831","time":"0600","status":"TS","lat":12.1,"lon":-40.9,"wind_kt":40,"pressure_mb":1002},{"date":"20020831","time":"1200","status":"TS","lat":12.8,"lon":-42.9,"wind_kt":35,"pressure_mb":1005},{"date":"20020831","time":"1800","status":"TS","lat":13.2,"lon":-44.9,"wind_kt":35,"pressure_mb":1005},{"date":"20020901","time":"0000","status":"TS","lat":13.6,"lon":-46.8,"wind_kt":35,"pressure_mb":1005},{"date":"20020901","time":"0600","status":"TS","lat":14.1,"lon":-48.4,"wind_kt":35,"pressure_mb":1005},{"date":"20020901","time":"1200","status":"TS","lat":14.8,"lon":-49.9,"wind_kt":35,"pressure_mb":1005},{"date":"20020901","time":"1800","status":"TS","lat":15.6,"lon":-51.2,"wind_kt":40,"pressure_mb":1002},{"date":"20020902","time":"0000","status":"TS","lat":16.4,"lon":-52,"wind_kt":40,"pressure_mb":1001},{"date":"20020902","time":"0600","status":"TS","lat":17.1,"lon":-52.5,"wind_kt":40,"pressure_mb":1001},{"date":"20020902","time":"1200","status":"TS","lat":17.9,"lon":-52.9,"wind_kt":45,"pressure_mb":1000},{"date":"20020902","time":"1800","status":"TS","lat":18.5,"lon":-53.3,"wind_kt":45,"pressure_mb":1002},{"date":"20020903","time":"0000","status":"TS","lat":19.3,"lon":-53.7,"wind_kt":40,"pressure_mb":1002},{"date":"20020903","time":"0600","status":"TS","lat":19.6,"lon":-53.7,"wind_kt":45,"pressure_mb":1000},{"date":"20020903","time":"1200","status":"TS","lat":21,"lon":-52.9,"wind_kt":45,"pressure_mb":1000},{"date":"20020903","time":"1800","status":"TS","lat":22.2,"lon":-52.4,"wind_kt":45,"pressure_mb":1001},{"date":"20020904","time":"0000","status":"TS","lat":23.1,"lon":-52.4,"wind_kt":45,"pressure_mb":1001},{"date":"20020904","time":"0600","status":"TS","lat":23.5,"lon":-52.4,"wind_kt":35,"pressure_mb":1005},{"date":"20020904","time":"1200","status":"TD","lat":23.5,"lon":-52.5,"wind_kt":25,"pressure_mb":1009},{"date":"20020904","time":"1800","status":"LO","lat":24,"lon":-52.5,"wind_kt":20,"pressure_mb":1009}]}},{"type":"Feature","geometry":{"type":"LineString","coordinates":[[-78.8,29.2],[-79.1,29.7],[-79.7,30.1],[-79.6,30.4],[-79,30.5],[-78.6,30.5],[-78.5,30.4],[-78.4,30.4],[-79,30],[-79.1,29.9],[-79.5,29.9],[-79.8,29.9],[-80.5,29.7],[-81,29.4],[-81.1,29.4],[-81.6,29.2],[-82.4,28.9],[-83.4,28.6],[-83.9,28.4],[-84.7,28.3],[-86,28.5]]},"properties":{"id":"hur-al052002","event_type":"hurricane","name":"EDOUARD","year":2002,"max_wind_kt":55,"min_pressure_mb":1002,"category":0,"preliminary":false,"start_date":"20020901","end_date":"20020906","track":[{"date":"20020901","time":"1800","status":"TD","lat":29.2,"lon":-78.8,"wind_kt":30,"pressure_mb":1013},{"date":"20020902","time":"0000","status":"TD","lat":29.7,"lon":-79.1,"wind_kt":30,"pressure_mb":1011},{"date":"20020902","time":"0600","status":"TS","lat":30.1,"lon":-79.7,"wind_kt":35,"pressure_mb":1007},{"date":"20020902","time":"1200","status":"TS","lat":30.4,"lon":-79.6,"wind_kt":35,"pressure_mb":1007},{"date":"20020902","time":"1800","status":"TS","lat":30.5,"lon":-79,"wind_kt":35,"pressure_mb":1005},{"date":"20020903","time":"0000","status":"TS","lat":30.5,"lon":-78.6,"wind_kt":35,"pressure_mb":1003},{"date":"20020903","time":"0600","status":"TS","lat":30.4,"lon":-78.5,"wind_kt":35,"pressure_mb":1003},{"date":"20020903","time":"1200","status":"TS","lat":30.4,"lon":-78.4,"wind_kt":55,"pressure_mb":1002},{"date":"20020903","time":"1800","status":"TS","lat":30,"lon":-79,"wind_kt":45,"pressure_mb":1004},{"date":"20020904","time":"0000","status":"TS","lat":29.9,"lon":-79.1,"wind_kt":40,"pressure_mb":1005},{"date":"20020904","time":"0600","status":"TS","lat":29.9,"lon":-79.5,"wind_kt":35,"pressure_mb":1002},{"date":"20020904","time":"1200","status":"TS","lat":29.9,"lon":-79.8,"wind_kt":35,"pressure_mb":1006},{"date":"20020904","time":"1800","status":"TS","lat":29.7,"lon":-80.5,"wind_kt":35,"pressure_mb":1009},{"date":"20020905","time":"0000","status":"TS","lat":29.4,"lon":-81,"wind_kt":35,"pressure_mb":1008},{"date":"20020905","time":"0045","status":"TS","lat":29.4,"lon":-81.1,"wind_kt":35,"pressure_mb":1009},{"date":"20020905","time":"0600","status":"TD","lat":29.2,"lon":-81.6,"wind_kt":25,"pressure_mb":1011},{"date":"20020905","time":"1200","status":"TD","lat":28.9,"lon":-82.4,"wind_kt":20,"pressure_mb":1011},{"date":"20020905","time":"1800","status":"TD","lat":28.6,"lon":-83.4,"wind_kt":20,"pressure_mb":1011},{"date":"20020906","time":"0000","status":"TD","lat":28.4,"lon":-83.9,"wind_kt":20,"pressure_mb":1009},{"date":"20020906","time":"0600","status":"TD","lat":28.3,"lon":-84.7,"wind_kt":20,"pressure_mb":1010},{"date":"20020906","time":"1200","status":"TD","lat":28.5,"lon":-86,"wind_kt":20,"pressure_mb":1008}]}},{"type":"Feature","geometry":{"type":"LineString","coordinates":[[-93.8,28],[-93.9,27.8],[-94.1,27.6],[-94.5,27.7],[-94.7,27.8],[-95,27.9],[-95.6,28.1],[-96.3,28.5],[-96.9,29.1],[-98.5,28.9],[-98.9,28.9],[-99.3,28.7],[-99.5,29],[-99.1,28.9],[-99.2,28.5],[-99.2,28.3],[-99.4,28.1],[-99.6,27.8],[-99.5,27.4],[-99.3,27],[-99.8,26.8],[-100.4,26.6],[-101,26.5]]},"properties":{"id":"hur-al062002","event_type":"hurricane","name":"FAY","year":2002,"max_wind_kt":50,"min_pressure_mb":998,"category":0,"preliminary":false,"start_date":"20020905","end_date":"20020911","track":[{"date":"20020905","time":"1800","status":"TD","lat":28,"lon":-93.8,"wind_kt":30,"pressure_mb":1009},{"date":"20020906","time":"0000","status":"TS","lat":27.8,"lon":-93.9,"wind_kt":35,"pressure_mb":1006},{"date":"20020906","time":"0600","status":"TS","lat":27.6,"lon":-94.1,"wind_kt":45,"pressure_mb":1005},{"date":"20020906","time":"1200","status":"TS","lat":27.7,"lon":-94.5,"wind_kt":50,"pressure_mb":1001},{"date":"20020906","time":"1800","status":"TS","lat":27.8,"lon":-94.7,"wind_kt":50,"pressure_mb":999},{"date":"20020907","time":"0000","status":"TS","lat":27.9,"lon":-95,"wind_kt":50,"pressure_mb":998},{"date":"20020907","time":"0600","status":"TS","lat":28.1,"lon":-95.6,"wind_kt":50,"pressure_mb":999},{"date":"20020907","time":"0900","status":"TS","lat":28.5,"lon":-96.3,"wind_kt":50,"pressure_mb":999},{"date":"20020907","time":"1200","status":"TD","lat":29.1,"lon":-96.9,"wind_kt":30,"pressure_mb":1002},{"date":"20020907","time":"1800","status":"TD","lat":28.9,"lon":-98.5,"wind_kt":25,"pressure_mb":1002},{"date":"20020908","time":"0000","status":"TD","lat":28.9,"lon":-98.9,"wind_kt":20,"pressure_mb":1003},{"date":"20020908","time":"0600","status":"LO","lat":28.7,"lon":-99.3,"wind_kt":15,"pressure_mb":1007},{"date":"20020908","time":"1200","status":"LO","lat":29,"lon":-99.5,"wind_kt":10,"pressure_mb":1007},{"date":"20020908","time":"1800","status":"LO","lat":28.9,"lon":-99.1,"wind_kt":10,"pressure_mb":1008},{"date":"20020909","time":"0000","status":"LO","lat":28.5,"lon":-99.2,"wind_kt":10,"pressure_mb":1008},{"date":"20020909","time":"0600","status":"LO","lat":28.3,"lon":-99.2,"wind_kt":10,"pressure_mb":1008},{"date":"20020909","time":"1200","status":"LO","lat":28.1,"lon":-99.4,"wind_kt":10,"pressure_mb":1009},{"date":"20020909","time":"1800","status":"LO","lat":27.8,"lon":-99.6,"wind_kt":10,"pressure_mb":1009},{"date":"20020910","time":"0000","status":"LO","lat":27.4,"lon":-99.5,"wind_kt":10,"pressure_mb":1008},{"date":"20020910","time":"0600","status":"LO","lat":27,"lon":-99.3,"wind_kt":10,"pressure_mb":1008},{"date":"20020910","time":"1200","status":"LO","lat":26.8,"lon":-99.8,"wind_kt":10,"pressure_mb":1008},{"date":"20020910","time":"1800","status":"LO","lat":26.6,"lon":-100.4,"wind_kt":10,"pressure_mb":1008},{"date":"20020911","time":"0000","status":"LO","lat":26.5,"lon":-101,"wind_kt":10,"pressure_mb":1007}]}},{"type":"Feature","geometry":{"type":"LineString","coordinates":[[-47.5,24.3],[-48.2,24.5],[-49.1,24.5],[-50.2,24.5],[-51.3,24.4]]},"properties":{"id":"hur-al072002","event_type":"hurricane","name":null,"year":2002,"max_wind_kt":30,"min_pressure_mb":1013,"category":-1,"preliminary":false,"start_date":"20020907","end_date":"20020908","track":[{"date":"20020907","time":"1200","status":"TD","lat":24.3,"lon":-47.5,"wind_kt":30,"pressure_mb":1013},{"date":"20020907","time":"1800","status":"TD","lat":24.5,"lon":-48.2,"wind_kt":30,"pressure_mb":1014},{"date":"20020908","time":"0000","status":"TD","lat":24.5,"lon":-49.1,"wind_kt":30,"pressure_mb":1015},{"date":"20020908","time":"0600","status":"TD","lat":24.5,"lon":-50.2,"wind_kt":25,"pressure_mb":1016},{"date":"20020908","time":"1200","status":"TD","lat":24.4,"lon":-51.3,"wind_kt":25,"pressure_mb":1016}]}},{"type":"Feature","geometry":{"type":"LineString","coordinates":[[-71,29],[-71.1,30.2],[-72.3,30.5],[-72.6,31.2],[-73.6,31.6],[-74.5,31.9],[-75.5,32.1],[-75.5,33],[-75.4,33.7],[-75.4,35],[-74.7,35.5],[-73,36.8],[-70.8,38],[-66.8,40.3],[-62.8,43.1],[-60.8,45.3],[-60.4,45.6],[-59.6,46.5],[-58.6,47.6],[-57.7,48.6],[-55.5,50.1],[-54,51],[-52.5,52.5],[-51.4,54.5],[-49.5,56],[-51.5,57],[-52.5,58],[-53.5,59.5],[-54,61],[-54.5,62.5]]},"properties":{"id":"hur-al082002","event_type":"hurricane","name":"GUSTAV","year":2002,"max_wind_kt":85,"min_pressure_mb":960,"category":2,"preliminary":false,"start_date":"20020908","end_date":"20020915","track":[{"date":"20020908","time":"1200","status":"SD","lat":29,"lon":-71,"wind_kt":30,"pressure_mb":1009},{"date":"20020908","time":"1800","status":"SS","lat":30.2,"lon":-71.1,"wind_kt":35,"pressure_mb":1007},{"date":"20020909","time":"0000","status":"SS","lat":30.5,"lon":-72.3,"wind_kt":40,"pressure_mb":1004},{"date":"20020909","time":"0600","status":"SS","lat":31.2,"lon":-72.6,"wind_kt":40,"pressure_mb":1003},{"date":"20020909","time":"1200","status":"SS","lat":31.6,"lon":-73.6,"wind_kt":40,"pressure_mb":1002},{"date":"20020909","time":"1800","status":"SS","lat":31.9,"lon":-74.5,"wind_kt":40,"pressure_mb":1002},{"date":"20020910","time":"0000","status":"SS","lat":32.1,"lon":-75.5,"wind_kt":45,"pressure_mb":996},{"date":"20020910","time":"0600","status":"SS","lat":33,"lon":-75.5,"wind_kt":50,"pressure_mb":990},{"date":"20020910","time":"1200","status":"TS","lat":33.7,"lon":-75.4,"wind_kt":50,"pressure_mb":987},{"date":"20020910","time":"1800","status":"TS","lat":35,"lon":-75.4,"wind_kt":55,"pressure_mb":985},{"date":"20020911","time":"0000","status":"TS","lat":35.5,"lon":-74.7,"wind_kt":55,"pressure_mb":983},{"date":"20020911","time":"0600","status":"TS","lat":36.8,"lon":-73,"wind_kt":60,"pressure_mb":977},{"date":"20020911","time":"1200","status":"HU","lat":38,"lon":-70.8,"wind_kt":70,"pressure_mb":971},{"date":"20020911","time":"1800","status":"HU","lat":40.3,"lon":-66.8,"wind_kt":85,"pressure_mb":964},{"date":"20020912","time":"0000","status":"HU","lat":43.1,"lon":-62.8,"wind_kt":80,"pressure_mb":962},{"date":"20020912","time":"0400","status":"HU","lat":45.3,"lon":-60.8,"wind_kt":80,"pressure_mb":960},{"date":"20020912","time":"0430","status":"HU","lat":45.6,"lon":-60.4,"wind_kt":80,"pressure_mb":960},{"date":"20020912","time":"0600","status":"HU","lat":46.5,"lon":-59.6,"wind_kt":75,"pressure_mb":960},{"date":"20020912","time":"0900","status":"HU","lat":47.6,"lon":-58.6,"wind_kt":65,"pressure_mb":963},{"date":"20020912","time":"1200","status":"EX","lat":48.6,"lon":-57.7,"wind_kt":60,"pressure_mb":965},{"date":"20020912","time":"1800","status":"EX","lat":50.1,"lon":-55.5,"wind_kt":60,"pressure_mb":967},{"date":"20020913","time":"0000","status":"EX","lat":51,"lon":-54,"wind_kt":55,"pressure_mb":968},{"date":"20020913","time":"0600","status":"EX","lat":52.5,"lon":-52.5,"wind_kt":50,"pressure_mb":968},{"date":"20020913","time":"1200","status":"EX","lat":54.5,"lon":-51.4,"wind_kt":45,"pressure_mb":972},{"date":"20020913","time":"1800","status":"EX","lat":56,"lon":-49.5,"wind_kt":45,"pressure_mb":976},{"date":"20020914","time":"0000","status":"EX","lat":57,"lon":-51.5,"wind_kt":40,"pressure_mb":982},{"date":"20020914","time":"0600","status":"EX","lat":58,"lon":-52.5,"wind_kt":35,"pressure_mb":984},{"date":"20020914","time":"1200","status":"EX","lat":59.5,"lon":-53.5,"wind_kt":30,"pressure_mb":989},{"date":"20020914","time":"1800","status":"EX","lat":61,"lon":-54,"wind_kt":30,"pressure_mb":992},{"date":"20020915","time":"0000","status":"EX","lat":62.5,"lon":-54.5,"wind_kt":20,"pressure_mb":998}]}},{"type":"Feature","geometry":{"type":"LineString","coordinates":[[-86.6,26.3],[-86.4,26.7],[-86.7,27],[-87.5,27.1],[-88,26.7],[-88.8,26.9],[-89.3,27.4],[-89.3,27.7],[-89.2,28],[-89.1,28.7],[-89.1,29.1],[-88.8,30],[-88.4,30.4],[-88,30.8],[-87,31.5],[-86,32],[-85,33]]},"properties":{"id":"hur-al092002","event_type":"hurricane","name":"HANNA","year":2002,"max_wind_kt":50,"min_pressure_mb":1001,"category":0,"preliminary":false,"start_date":"20020912","end_date":"20020915","track":[{"date":"20020912","time":"0000","status":"TD","lat":26.3,"lon":-86.6,"wind_kt":30,"pressure_mb":1001},{"date":"20020912","time":"0600","status":"TS","lat":26.7,"lon":-86.4,"wind_kt":35,"pressure_mb":1001},{"date":"20020912","time":"1200","status":"TS","lat":27,"lon":-86.7,"wind_kt":35,"pressure_mb":1001},{"date":"20020912","time":"1800","status":"TS","lat":27.1,"lon":-87.5,"wind_kt":35,"pressure_mb":1001},{"date":"20020913","time":"0000","status":"TS","lat":26.7,"lon":-88,"wind_kt":35,"pressure_mb":1001},{"date":"20020913","time":"0600","status":"TS","lat":26.9,"lon":-88.8,"wind_kt":40,"pressure_mb":1002},{"date":"20020913","time":"1200","status":"TS","lat":27.4,"lon":-89.3,"wind_kt":45,"pressure_mb":1002},{"date":"20020913","time":"1800","status":"TS","lat":27.7,"lon":-89.3,"wind_kt":45,"pressure_mb":1003},{"date":"20020914","time":"0000","status":"TS","lat":28,"lon":-89.2,"wind_kt":50,"pressure_mb":1001},{"date":"20020914","time":"0600","status":"TS","lat":28.7,"lon":-89.1,"wind_kt":50,"pressure_mb":1003},{"date":"20020914","time":"0800","status":"TS","lat":29.1,"lon":-89.1,"wind_kt":50,"pressure_mb":1003},{"date":"20020914","time":"1200","status":"TS","lat":30,"lon":-88.8,"wind_kt":50,"pressure_mb":1003},{"date":"20020914","time":"1500","status":"TS","lat":30.4,"lon":-88.4,"wind_kt":50,"pressure_mb":1002},{"date":"20020914","time":"1800","status":"TD","lat":30.8,"lon":-88,"wind_kt":30,"pressure_mb":1005},{"date":"20020915","time":"0000","status":"TD","lat":31.5,"lon":-87,"wind_kt":20,"pressure_mb":1009},{"date":"20020915","time":"0600","status":"TD","lat":32,"lon":-86,"wind_kt":20,"pressure_mb":1011},{"date":"20020915","time":"1200","status":"TD","lat":33,"lon":-85,"wind_kt":20,"pressure_mb":1014}]}},{"type":"Feature","geometry":{"type":"LineString","coordinates":[[-60.5,10],[-62.4,10.2],[-64.3,10.6],[-66.4,11.2],[-68.5,12.3],[-70.5,14.2],[-71.9,15],[-73.2,15.5],[-74.5,15.7],[-75.3,15.8],[-76.1,15.8],[-76.8,15.9],[-77.4,16.3],[-77.7,16.7],[-78.1,17.1],[-78.5,17.7],[-78.6,18.7],[-79.3,19.3],[-80.4,19.7],[-80.9,19.9],[-81.7,20.4],[-82.3,20.7],[-83,21.1],[-83.5,21.5],[-84,21.8],[-84.1,22],[-84.3,22.1],[-85.1,22.3],[-85.8,22],[-86.1,21.9],[-86.5,22.1],[-87.4,22],[-88.2,21.9],[-88.9,21.6],[-89.3,21.3],[-89.4,21],[-89.6,20.6],[-89.6,20.1],[-89.4,20.3],[-89.3,20.5],[-89.5,21],[-89.7,21.7],[-89.8,22.1],[-89.7,23],[-89.7,24.2],[-90.2,25.4],[-90.4,26.3],[-90.3,27.5],[-90.3,29.1],[-89.9,30],[-89.8,32.2],[-89,33],[-86.5,35],[-82.9,39.1],[-79.5,40.9]]},"properties":{"id":"hur-al102002","event_type":"hurricane","name":"ISIDORE","year":2002,"max_wind_kt":110,"min_pressure_mb":934,"category":3,"preliminary":false,"start_date":"20020914","end_date":"20020927","track":[{"date":"20020914","time":"1800","status":"TD","lat":10,"lon":-60.5,"wind_kt":25,"pressure_mb":1009},{"date":"20020915","time":"0000","status":"TD","lat":10.2,"lon":-62.4,"wind_kt":25,"pressure_mb":1009},{"date":"20020915","time":"0600","status":"TD","lat":10.6,"lon":-64.3,"wind_kt":25,"pressure_mb":1009},{"date":"20020915","time":"1200","status":"TD","lat":11.2,"lon":-66.4,"wind_kt":25,"pressure_mb":1009},{"date":"20020915","time":"1800","status":"WV","lat":12.3,"lon":-68.5,"wind_kt":25,"pressure_mb":1009},{"date":"20020916","time":"0000","status":"WV","lat":14.2,"lon":-70.5,"wind_kt":20,"pressure_mb":1009},{"date":"20020916","time":"0600","status":"WV","lat":15,"lon":-71.9,"wind_kt":20,"pressure_mb":1008},{"date":"20020916","time":"1200","status":"WV","lat":15.5,"lon":-73.2,"wind_kt":20,"pressure_mb":1008},{"date":"20020916","time":"1800","status":"WV","lat":15.7,"lon":-74.5,"wind_kt":20,"pressure_mb":1008},{"date":"20020917","time":"0000","status":"WV","lat":15.8,"lon":-75.3,"wind_kt":25,"pressure_mb":1008},{"date":"20020917","time":"0600","status":"WV","lat":15.8,"lon":-76.1,"wind_kt":25,"pressure_mb":1008},{"date":"20020917","time":"1200","status":"TD","lat":15.9,"lon":-76.8,"wind_kt":30,"pressure_mb":1008},{"date":"20020917","time":"1800","status":"TD","lat":16.3,"lon":-77.4,"wind_kt":30,"pressure_mb":1006},{"date":"20020918","time":"0000","status":"TD","lat":16.7,"lon":-77.7,"wind_kt":30,"pressure_mb":1006},{"date":"20020918","time":"0600","status":"TS","lat":17.1,"lon":-78.1,"wind_kt":35,"pressure_mb":1006},{"date":"20020918","time":"1200","status":"TS","lat":17.7,"lon":-78.5,"wind_kt":40,"pressure_mb":1004},{"date":"20020918","time":"1800","status":"TS","lat":18.7,"lon":-78.6,"wind_kt":45,"pressure_mb":1001},{"date":"20020919","time":"0000","status":"TS","lat":19.3,"lon":-79.3,"wind_kt":50,"pressure_mb":998},{"date":"20020919","time":"0600","status":"TS","lat":19.7,"lon":-80.4,"wind_kt":50,"pressure_mb":990},{"date":"20020919","time":"1200","status":"TS","lat":19.9,"lon":-80.9,"wind_kt":60,"pressure_mb":990},{"date":"20020919","time":"1800","status":"HU","lat":20.4,"lon":-81.7,"wind_kt":65,"pressure_mb":983},{"date":"20020920","time":"0000","status":"HU","lat":20.7,"lon":-82.3,"wind_kt":75,"pressure_mb":979},{"date":"20020920","time":"0600","status":"HU","lat":21.1,"lon":-83,"wind_kt":90,"pressure_mb":967},{"date":"20020920","time":"1200","status":"HU","lat":21.5,"lon":-83.5,"wind_kt":85,"pressure_mb":966},{"date":"20020920","time":"1800","status":"HU","lat":21.8,"lon":-84,"wind_kt":75,"pressure_mb":965},{"date":"20020920","time":"2100","status":"HU","lat":22,"lon":-84.1,"wind_kt":75,"pressure_mb":964},{"date":"20020921","time":"0000","status":"HU","lat":22.1,"lon":-84.3,"wind_kt":75,"pressure_mb":964},{"date":"20020921","time":"0600","status":"HU","lat":22.3,"lon":-85.1,"wind_kt":85,"pressure_mb":964},{"date":"20020921","time":"1200","status":"HU","lat":22,"lon":-85.8,"wind_kt":100,"pressure_mb":955},{"date":"20020921","time":"1800","status":"HU","lat":21.9,"lon":-86.1,"wind_kt":110,"pressure_mb":946},{"date":"20020922","time":"0000","status":"HU","lat":22.1,"lon":-86.5,"wind_kt":110,"pressure_mb":947},{"date":"20020922","time":"0600","status":"HU","lat":22,"lon":-87.4,"wind_kt":110,"pressure_mb":936},{"date":"20020922","time":"1200","status":"HU","lat":21.9,"lon":-88.2,"wind_kt":110,"pressure_mb":934},{"date":"20020922","time":"1800","status":"HU","lat":21.6,"lon":-88.9,"wind_kt":110,"pressure_mb":935},{"date":"20020922","time":"2100","status":"HU","lat":21.3,"lon":-89.3,"wind_kt":110,"pressure_mb":936},{"date":"20020923","time":"0000","status":"HU","lat":21,"lon":-89.4,"wind_kt":100,"pressure_mb":950},{"date":"20020923","time":"0600","status":"HU","lat":20.6,"lon":-89.6,"wind_kt":70,"pressure_mb":952},{"date":"20020923","time":"1200","status":"TS","lat":20.1,"lon":-89.6,"wind_kt":60,"pressure_mb":960},{"date":"20020923","time":"1800","status":"TS","lat":20.3,"lon":-89.4,"wind_kt":50,"pressure_mb":968},{"date":"20020924","time":"0000","status":"TS","lat":20.5,"lon":-89.3,"wind_kt":35,"pressure_mb":980},{"date":"20020924","time":"0600","status":"TS","lat":21,"lon":-89.5,"wind_kt":45,"pressure_mb":985},{"date":"20020924","time":"1200","status":"TS","lat":21.7,"lon":-89.7,"wind_kt":50,"pressure_mb":987},{"date":"20020924","time":"1800","status":"TS","lat":22.1,"lon":-89.8,"wind_kt":50,"pressure_mb":988},{"date":"20020925","time":"0000","status":"TS","lat":23,"lon":-89.7,"wind_kt":50,"pressure_mb":987},{"date":"20020925","time":"0600","status":"TS","lat":24.2,"lon":-89.7,"wind_kt":50,"pressure_mb":987},{"date":"20020925","time":"1200","status":"TS","lat":25.4,"lon":-90.2,"wind_kt":50,"pressure_mb":990},{"date":"20020925","time":"1800","status":"TS","lat":26.3,"lon":-90.4,"wind_kt":55,"pressure_mb":988},{"date":"20020926","time":"0000","status":"TS","lat":27.5,"lon":-90.3,"wind_kt":55,"pressure_mb":989},{"date":"20020926","time":"0600","status":"TS","lat":29.1,"lon":-90.3,"wind_kt":55,"pressure_mb":984},{"date":"20020926","time":"1200","status":"TS","lat":30,"lon":-89.9,"wind_kt":55,"pressure_mb":985},{"date":"20020926","time":"1800","status":"TS","lat":32.2,"lon":-89.8,"wind_kt":40,"pressure_mb":988},{"date":"20020927","time":"0000","status":"TD","lat":33,"lon":-89,"wind_kt":20,"pressure_mb":992},{"date":"20020927","time":"0600","status":"TD","lat":35,"lon":-86.5,"wind_kt":20,"pressure_mb":995},{"date":"20020927","time":"1200","status":"TD","lat":39.1,"lon":-82.9,"wind_kt":20,"pressure_mb":998},{"date":"20020927","time":"1800","status":"EX","lat":40.9,"lon":-79.5,"wind_kt":20,"pressure_mb":999}]}},{"type":"Feature","geometry":{"type":"LineString","coordinates":[[-52.4,32.7],[-52.7,33.2],[-52.7,33.7],[-52.7,34.7],[-52,35.5],[-50.5,36.6],[-48.8,38],[-46.7,39.5],[-43.3,41.5]]},"properties":{"id":"hur-al112002","event_type":"hurricane","name":"JOSEPHINE","year":2002,"max_wind_kt":50,"min_pressure_mb":1004,"category":0,"preliminary":false,"start_date":"20020917","end_date":"20020919","track":[{"date":"20020917","time":"1200","status":"TD","lat":32.7,"lon":-52.4,"wind_kt":30,"pressure_mb":1016},{"date":"20020917","time":"1800","status":"TD","lat":33.2,"lon":-52.7,"wind_kt":30,"pressure_mb":1015},{"date":"20020918","time":"0000","status":"TD","lat":33.7,"lon":-52.7,"wind_kt":30,"pressure_mb":1014},{"date":"20020918","time":"0600","status":"TS","lat":34.7,"lon":-52.7,"wind_kt":35,"pressure_mb":1009},{"date":"20020918","time":"1200","status":"TS","lat":35.5,"lon":-52,"wind_kt":35,"pressure_mb":1009},{"date":"20020918","time":"1800","status":"TS","lat":36.6,"lon":-50.5,"wind_kt":35,"pressure_mb":1009},{"date":"20020919","time":"0000","status":"TS","lat":38,"lon":-48.8,"wind_kt":35,"pressure_mb":1009},{"date":"20020919","time":"0600","status":"TS","lat":39.5,"lon":-46.7,"wind_kt":35,"pressure_mb":1009},{"date":"20020919","time":"1200","status":"EX","lat":41.5,"lon":-43.3,"wind_kt":50,"pressure_mb":1004}]}},{"type":"Feature","geometry":{"type":"LineString","coordinates":[[-51.8,28.3],[-51.4,29.3],[-51.6,30.4],[-51.6,31],[-51.3,31.7],[-50.9,32.4],[-50.5,32.8],[-49.9,33.2],[-49.5,33.3],[-49.1,33.2],[-49.4,32.7],[-49.5,32.3],[-49.6,31.9],[-50,31.4],[-50.4,31],[-50.7,30.6],[-51.1,30.3],[-52.1,30],[-53.7,29.7],[-54.4,29.3],[-55.3,29],[-56.6,28.6],[-57.5,28.2],[-58.3,27.9],[-59,27.8],[-59.5,27.5],[-60,27.1],[-60.4,27],[-60.8,26.8],[-61.4,26.5],[-62.3,26.3],[-62.9,26.5],[-63.2,26.7],[-63.7,27.1],[-64.4,27.2],[-64.7,27.7],[-64.7,28.1],[-64.6,28.7],[-64.7,29.1],[-65.5,29],[-66.7,27.8],[-66.8,28.2],[-66.8,28.5],[-67.2,28.5],[-67.5,28.5],[-67.7,28.4],[-67.8,28.5],[-67.6,28.8],[-66.9,29],[-66.7,29.1],[-66.6,29],[-67.2,29],[-67.7,29.3],[-68,29.4],[-68.4,29.6],[-69.5,30.1],[-70.2,30.6],[-70.9,31.1],[-71.6,31.6],[-71.3,32.3],[-70.8,32.9],[-70.1,33.2],[-69.7,33.6],[-69.7,33.3],[-69.7,32.8],[-69.7,32.6],[-70.4,32.6],[-70.8,32.6],[-70.9,32.7],[-71,32.6],[-71.2,32.1],[-71.3,31.4],[-71.9,30.7],[-72.4,29.8],[-73.3,29],[-74,28.7],[-74.8,28.5],[-75.8,28.4],[-77,28.3],[-78.1,28.4],[-79.5,28.9],[-80.2,29.8],[-80.8,30.7],[-80.7,31.8],[-79.5,33],[-79.3,33.2],[-78.4,33.9],[-78,34.2],[-75.9,35.4],[-74.1,36.7]]},"properties":{"id":"hur-al122002","event_type":"hurricane","name":"KYLE","year":2002,"max_wind_kt":75,"min_pressure_mb":980,"category":1,"preliminary":false,"start_date":"20020920","end_date":"20021012","track":[{"date":"20020920","time":"1800","status":"SD","lat":28.3,"lon":-51.8,"wind_kt":25,"pressure_mb":1007},{"date":"20020921","time":"0000","status":"SD","lat":29.3,"lon":-51.4,"wind_kt":30,"pressure_mb":1007},{"date":"20020921","time":"0600","status":"SS","lat":30.4,"lon":-51.6,"wind_kt":35,"pressure_mb":1007},{"date":"20020921","time":"1200","status":"SS","lat":31,"lon":-51.6,"wind_kt":35,"pressure_mb":1007},{"date":"20020921","time":"1800","status":"SS","lat":31.7,"lon":-51.3,"wind_kt":40,"pressure_mb":1006},{"date":"20020922","time":"0000","status":"SS","lat":32.4,"lon":-50.9,"wind_kt":45,"pressure_mb":1004},{"date":"20020922","time":"0600","status":"SS","lat":32.8,"lon":-50.5,"wind_kt":40,"pressure_mb":1006},{"date":"20020922","time":"1200","status":"SS","lat":33.2,"lon":-49.9,"wind_kt":40,"pressure_mb":1006},{"date":"20020922","time":"1800","status":"SS","lat":33.3,"lon":-49.5,"wind_kt":40,"pressure_mb":1006},{"date":"20020923","time":"0000","status":"TS","lat":33.2,"lon":-49.1,"wind_kt":35,"pressure_mb":1007},{"date":"20020923","time":"0600","status":"TS","lat":32.7,"lon":-49.4,"wind_kt":35,"pressure_mb":1007},{"date":"20020923","time":"1200","status":"TS","lat":32.3,"lon":-49.5,"wind_kt":35,"pressure_mb":1005},{"date":"20020923","time":"1800","status":"TS","lat":31.9,"lon":-49.6,"wind_kt":40,"pressure_mb":1003},{"date":"20020924","time":"0000","status":"TS","lat":31.4,"lon":-50,"wind_kt":40,"pressure_mb":1003},{"date":"20020924","time":"0600","status":"TS","lat":31,"lon":-50.4,"wind_kt":45,"pressure_mb":1000},{"date":"20020924","time":"1200","status":"TS","lat":30.6,"lon":-50.7,"wind_kt":50,"pressure_mb":997},{"date":"20020924","time":"1800","status":"TS","lat":30.3,"lon":-51.1,"wind_kt":55,"pressure_mb":994},{"date":"20020925","time":"0000","status":"TS","lat":30,"lon":-52.1,"wind_kt":55,"pressure_mb":994},{"date":"20020925","time":"0600","status":"TS","lat":29.7,"lon":-53.7,"wind_kt":55,"pressure_mb":994},{"date":"20020925","time":"1200","status":"TS","lat":29.3,"lon":-54.4,"wind_kt":60,"pressure_mb":990},{"date":"20020925","time":"1800","status":"HU","lat":29,"lon":-55.3,"wind_kt":65,"pressure_mb":987},{"date":"20020926","time":"0000","status":"HU","lat":28.6,"lon":-56.6,"wind_kt":65,"pressure_mb":987},{"date":"20020926","time":"0600","status":"HU","lat":28.2,"lon":-57.5,"wind_kt":70,"pressure_mb":984},{"date":"20020926","time":"1200","status":"HU","lat":27.9,"lon":-58.3,"wind_kt":75,"pressure_mb":982},{"date":"20020926","time":"1800","status":"HU","lat":27.8,"lon":-59,"wind_kt":75,"pressure_mb":981},{"date":"20020927","time":"0000","status":"HU","lat":27.5,"lon":-59.5,"wind_kt":75,"pressure_mb":980},{"date":"20020927","time":"0600","status":"HU","lat":27.1,"lon":-60,"wind_kt":75,"pressure_mb":982},{"date":"20020927","time":"1200","status":"HU","lat":27,"lon":-60.4,"wind_kt":75,"pressure_mb":982},{"date":"20020927","time":"1800","status":"HU","lat":26.8,"lon":-60.8,"wind_kt":70,"pressure_mb":984},{"date":"20020928","time":"0000","status":"HU","lat":26.5,"lon":-61.4,"wind_kt":70,"pressure_mb":984},{"date":"20020928","time":"0600","status":"HU","lat":26.3,"lon":-62.3,"wind_kt":65,"pressure_mb":987},{"date":"20020928","time":"1200","status":"TS","lat":26.5,"lon":-62.9,"wind_kt":60,"pressure_mb":990},{"date":"20020928","time":"1800","status":"TS","lat":26.7,"lon":-63.2,"wind_kt":50,"pressure_mb":997},{"date":"20020929","time":"0000","status":"TS","lat":27.1,"lon":-63.7,"wind_kt":45,"pressure_mb":1000},{"date":"20020929","time":"0600","status":"TS","lat":27.2,"lon":-64.4,"wind_kt":40,"pressure_mb":1002},{"date":"20020929","time":"1200","status":"TS","lat":27.7,"lon":-64.7,"wind_kt":40,"pressure_mb":1002},{"date":"20020929","time":"1800","status":"TS","lat":28.1,"lon":-64.7,"wind_kt":40,"pressure_mb":1002},{"date":"20020930","time":"0000","status":"TS","lat":28.7,"lon":-64.6,"wind_kt":40,"pressure_mb":1002},{"date":"20020930","time":"0600","status":"TS","lat":29.1,"lon":-64.7,"wind_kt":35,"pressure_mb":1003},{"date":"20020930","time":"1200","status":"TS","lat":29,"lon":-65.5,"wind_kt":35,"pressure_mb":1004},{"date":"20020930","time":"1800","status":"TD","lat":27.8,"lon":-66.7,"wind_kt":30,"pressure_mb":1005},{"date":"20021001","time":"0000","status":"TD","lat":28.2,"lon":-66.8,"wind_kt":30,"pressure_mb":1005},{"date":"20021001","time":"0600","status":"TD","lat":28.5,"lon":-66.8,"wind_kt":30,"pressure_mb":1008},{"date":"20021001","time":"1200","status":"TS","lat":28.5,"lon":-67.2,"wind_kt":35,"pressure_mb":1005},{"date":"20021001","time":"1800","status":"TS","lat":28.5,"lon":-67.5,"wind_kt":40,"pressure_mb":1002},{"date":"20021002","time":"0000","status":"TS","lat":28.4,"lon":-67.7,"wind_kt":45,"pressure_mb":1000},{"date":"20021002","time":"0600","status":"TS","lat":28.5,"lon":-67.8,"wind_kt":45,"pressure_mb":1000},{"date":"20021002","time":"1200","status":"TS","lat":28.8,"lon":-67.6,"wind_kt":50,"pressure_mb":997},{"date":"20021002","time":"1800","status":"TS","lat":29,"lon":-66.9,"wind_kt":55,"pressure_mb":994},{"date":"20021003","time":"0000","status":"TS","lat":29.1,"lon":-66.7,"wind_kt":55,"pressure_mb":994},{"date":"20021003","time":"0600","status":"TS","lat":29,"lon":-66.6,"wind_kt":55,"pressure_mb":994},{"date":"20021003","time":"1200","status":"TS","lat":29,"lon":-67.2,"wind_kt":50,"pressure_mb":1000},{"date":"20021003","time":"1800","status":"TS","lat":29.3,"lon":-67.7,"wind_kt":45,"pressure_mb":1000},{"date":"20021004","time":"0000","status":"TS","lat":29.4,"lon":-68,"wind_kt":45,"pressure_mb":1000},{"date":"20021004","time":"0600","status":"TS","lat":29.6,"lon":-68.4,"wind_kt":35,"pressure_mb":1000},{"date":"20021004","time":"1200","status":"TS","lat":30.1,"lon":-69.5,"wind_kt":35,"pressure_mb":1004},{"date":"20021004","time":"1800","status":"TS","lat":30.6,"lon":-70.2,"wind_kt":35,"pressure_mb":1004},{"date":"20021005","time":"0000","status":"TS","lat":31.1,"lon":-70.9,"wind_kt":35,"pressure_mb":1004},{"date":"20021005","time":"0600","status":"TD","lat":31.6,"lon":-71.6,"wind_kt":30,"pressure_mb":1006},{"date":"20021005","time":"1200","status":"TD","lat":32.3,"lon":-71.3,"wind_kt":30,"pressure_mb":1005},{"date":"20021005","time":"1800","status":"TD","lat":32.9,"lon":-70.8,"wind_kt":30,"pressure_mb":1005},{"date":"20021006","time":"0000","status":"TD","lat":33.2,"lon":-70.1,"wind_kt":30,"pressure_mb":1006},{"date":"20021006","time":"0600","status":"TD","lat":33.6,"lon":-69.7,"wind_kt":30,"pressure_mb":1008},{"date":"20021006","time":"1200","status":"TS","lat":33.3,"lon":-69.7,"wind_kt":35,"pressure_mb":1007},{"date":"20021006","time":"1800","status":"TS","lat":32.8,"lon":-69.7,"wind_kt":35,"pressure_mb":1006},{"date":"20021007","time":"0000","status":"TS","lat":32.6,"lon":-69.7,"wind_kt":35,"pressure_mb":1006},{"date":"20021007","time":"0600","status":"TS","lat":32.6,"lon":-70.4,"wind_kt":35,"pressure_mb":1006},{"date":"20021007","time":"1200","status":"TS","lat":32.6,"lon":-70.8,"wind_kt":35,"pressure_mb":1006},{"date":"20021007","time":"1800","status":"TS","lat":32.7,"lon":-70.9,"wind_kt":35,"pressure_mb":1006},{"date":"20021008","time":"0000","status":"TS","lat":32.6,"lon":-71,"wind_kt":35,"pressure_mb":1006},{"date":"20021008","time":"0600","status":"TS","lat":32.1,"lon":-71.2,"wind_kt":35,"pressure_mb":1006},{"date":"20021008","time":"1200","status":"TS","lat":31.4,"lon":-71.3,"wind_kt":35,"pressure_mb":1006},{"date":"20021008","time":"1800","status":"TD","lat":30.7,"lon":-71.9,"wind_kt":30,"pressure_mb":1009},{"date":"20021009","time":"0000","status":"TD","lat":29.8,"lon":-72.4,"wind_kt":30,"pressure_mb":1010},{"date":"20021009","time":"0600","status":"TD","lat":29,"lon":-73.3,"wind_kt":30,"pressure_mb":1009},{"date":"20021009","time":"1200","status":"TD","lat":28.7,"lon":-74,"wind_kt":30,"pressure_mb":1010},{"date":"20021009","time":"1800","status":"TD","lat":28.5,"lon":-74.8,"wind_kt":25,"pressure_mb":1011},{"date":"20021010","time":"0000","status":"TD","lat":28.4,"lon":-75.8,"wind_kt":25,"pressure_mb":1010},{"date":"20021010","time":"0600","status":"TD","lat":28.3,"lon":-77,"wind_kt":25,"pressure_mb":1010},{"date":"20021010","time":"1200","status":"TD","lat":28.4,"lon":-78.1,"wind_kt":25,"pressure_mb":1010},{"date":"20021010","time":"1800","status":"TD","lat":28.9,"lon":-79.5,"wind_kt":30,"pressure_mb":1010},{"date":"20021011","time":"0000","status":"TD","lat":29.8,"lon":-80.2,"wind_kt":30,"pressure_mb":1009},{"date":"20021011","time":"0600","status":"TS","lat":30.7,"lon":-80.8,"wind_kt":35,"pressure_mb":1008},{"date":"20021011","time":"1200","status":"TS","lat":31.8,"lon":-80.7,"wind_kt":35,"pressure_mb":1008},{"date":"20021011","time":"1700","status":"TS","lat":33,"lon":-79.5,"wind_kt":35,"pressure_mb":1011},{"date":"20021011","time":"1800","status":"TS","lat":33.2,"lon":-79.3,"wind_kt":35,"pressure_mb":1011},{"date":"20021011","time":"2200","status":"TS","lat":33.9,"lon":-78.4,"wind_kt":35,"pressure_mb":1011},{"date":"20021012","time":"0000","status":"TD","lat":34.2,"lon":-78,"wind_kt":30,"pressure_mb":1012},{"date":"20021012","time":"0600","status":"TS","lat":35.4,"lon":-75.9,"wind_kt":40,"pressure_mb":1009},{"date":"20021012","time":"1200","status":"TS","lat":36.7,"lon":-74.1,"wind_kt":40,"pressure_mb":1009}]}},{"type":"Feature","geometry":{"type":"LineString","coordinates":[[-44.6,10.2],[-46.5,10.3],[-48.5,10.8],[-50.4,11.2],[-52.2,11.8],[-54.6,12.1],[-56.8,12.2],[-58.7,12.4],[-60.4,12.5],[-62.1,12.7],[-63.7,12.8],[-64.9,13],[-66,13.2],[-66.9,13.5],[-67.5,13.7],[-68.2,14],[-68.9,14.2],[-69.8,14.5],[-71,14.9],[-72.2,15.3],[-73,15.6],[-73.5,15.7],[-74,15.9],[-74.6,16.1],[-75,16.7],[-75.1,17.4],[-75.6,17.5],[-75.4,18.1],[-75.7,18.5],[-76.1,18.8],[-76.8,18.8],[-77.2,18.7],[-77.6,18.7],[-78.1,19],[-78.7,19.1],[-79.6,19.6],[-79.8,19.7],[-80.3,20],[-81.1,20.5],[-82.2,21],[-83,21.3],[-83.2,21.6],[-84,22.1],[-84.4,22.4],[-85.7,23],[-87.2,23.6],[-88.3,24.4],[-89.5,25.4],[-89.9,25.9],[-90.3,26.7],[-91.4,28.1],[-92.1,29.2],[-92.2,29.5],[-92.4,30.5],[-92.1,31.9],[-91.4,33.5],[-90,35.8]]},"properties":{"id":"hur-al132002","event_type":"hurricane","name":"LILI","year":2002,"max_wind_kt":125,"min_pressure_mb":938,"category":4,"preliminary":false,"start_date":"20020921","end_date":"20021004","track":[{"date":"20020921","time":"1800","status":"TD","lat":10.2,"lon":-44.6,"wind_kt":25,"pressure_mb":1009},{"date":"20020922","time":"0000","status":"TD","lat":10.3,"lon":-46.5,"wind_kt":30,"pressure_mb":1007},{"date":"20020922","time":"0600","status":"TD","lat":10.8,"lon":-48.5,"wind_kt":30,"pressure_mb":1006},{"date":"20020922","time":"1200","status":"TD","lat":11.2,"lon":-50.4,"wind_kt":30,"pressure_mb":1006},{"date":"20020922","time":"1800","status":"TD","lat":11.8,"lon":-52.2,"wind_kt":30,"pressure_mb":1005},{"date":"20020923","time":"0000","status":"TS","lat":12.1,"lon":-54.6,"wind_kt":35,"pressure_mb":1005},{"date":"20020923","time":"0600","status":"TS","lat":12.2,"lon":-56.8,"wind_kt":40,"pressure_mb":1005},{"date":"20020923","time":"1200","status":"TS","lat":12.4,"lon":-58.7,"wind_kt":45,"pressure_mb":1004},{"date":"20020923","time":"1800","status":"TS","lat":12.5,"lon":-60.4,"wind_kt":50,"pressure_mb":1005},{"date":"20020924","time":"0000","status":"TS","lat":12.7,"lon":-62.1,"wind_kt":50,"pressure_mb":1006},{"date":"20020924","time":"0600","status":"TS","lat":12.8,"lon":-63.7,"wind_kt":50,"pressure_mb":1006},{"date":"20020924","time":"1200","status":"TS","lat":13,"lon":-64.9,"wind_kt":60,"pressure_mb":1004},{"date":"20020924","time":"1800","status":"TS","lat":13.2,"lon":-66,"wind_kt":50,"pressure_mb":1007},{"date":"20020925","time":"0000","status":"TS","lat":13.5,"lon":-66.9,"wind_kt":35,"pressure_mb":1008},{"date":"20020925","time":"0600","status":"TS","lat":13.7,"lon":-67.5,"wind_kt":35,"pressure_mb":1008},{"date":"20020925","time":"1200","status":"WV","lat":14,"lon":-68.2,"wind_kt":40,"pressure_mb":1008},{"date":"20020925","time":"1800","status":"WV","lat":14.2,"lon":-68.9,"wind_kt":40,"pressure_mb":1007},{"date":"20020926","time":"0000","status":"WV","lat":14.5,"lon":-69.8,"wind_kt":35,"pressure_mb":1007},{"date":"20020926","time":"0600","status":"WV","lat":14.9,"lon":-71,"wind_kt":35,"pressure_mb":1007},{"date":"20020926","time":"1200","status":"WV","lat":15.3,"lon":-72.2,"wind_kt":30,"pressure_mb":1007},{"date":"20020926","time":"1800","status":"WV","lat":15.6,"lon":-73,"wind_kt":30,"pressure_mb":1006},{"date":"20020927","time":"0000","status":"TD","lat":15.7,"lon":-73.5,"wind_kt":30,"pressure_mb":1006},{"date":"20020927","time":"0600","status":"TD","lat":15.9,"lon":-74,"wind_kt":30,"pressure_mb":1006},{"date":"20020927","time":"1200","status":"TS","lat":16.1,"lon":-74.6,"wind_kt":35,"pressure_mb":1003},{"date":"20020927","time":"1800","status":"TS","lat":16.7,"lon":-75,"wind_kt":40,"pressure_mb":1004},{"date":"20020928","time":"0000","status":"TS","lat":17.4,"lon":-75.1,"wind_kt":45,"pressure_mb":999},{"date":"20020928","time":"0600","status":"TS","lat":17.5,"lon":-75.6,"wind_kt":45,"pressure_mb":999},{"date":"20020928","time":"1200","status":"TS","lat":18.1,"lon":-75.4,"wind_kt":45,"pressure_mb":1002},{"date":"20020928","time":"1800","status":"TS","lat":18.5,"lon":-75.7,"wind_kt":45,"pressure_mb":1003},{"date":"20020929","time":"0000","status":"TS","lat":18.8,"lon":-76.1,"wind_kt":45,"pressure_mb":1001},{"date":"20020929","time":"0600","status":"TS","lat":18.8,"lon":-76.8,"wind_kt":40,"pressure_mb":999},{"date":"20020929","time":"1200","status":"TS","lat":18.7,"lon":-77.2,"wind_kt":45,"pressure_mb":994},{"date":"20020929","time":"1800","status":"TS","lat":18.7,"lon":-77.6,"wind_kt":50,"pressure_mb":994},{"date":"20020930","time":"0000","status":"TS","lat":19,"lon":-78.1,"wind_kt":55,"pressure_mb":993},{"date":"20020930","time":"0600","status":"TS","lat":19.1,"lon":-78.7,"wind_kt":60,"pressure_mb":990},{"date":"20020930","time":"1200","status":"HU","lat":19.6,"lon":-79.6,"wind_kt":65,"pressure_mb":986},{"date":"20020930","time":"1400","status":"HU","lat":19.7,"lon":-79.8,"wind_kt":65,"pressure_mb":986},{"date":"20020930","time":"1800","status":"HU","lat":20,"lon":-80.3,"wind_kt":65,"pressure_mb":984},{"date":"20021001","time":"0000","status":"HU","lat":20.5,"lon":-81.1,"wind_kt":70,"pressure_mb":978},{"date":"20021001","time":"0600","status":"HU","lat":21,"lon":-82.2,"wind_kt":75,"pressure_mb":970},{"date":"20021001","time":"1100","status":"HU","lat":21.3,"lon":-83,"wind_kt":90,"pressure_mb":971},{"date":"20021001","time":"1200","status":"HU","lat":21.6,"lon":-83.2,"wind_kt":90,"pressure_mb":971},{"date":"20021001","time":"1400","status":"HU","lat":22.1,"lon":-84,"wind_kt":90,"pressure_mb":971},{"date":"20021001","time":"1800","status":"HU","lat":22.4,"lon":-84.4,"wind_kt":90,"pressure_mb":971},{"date":"20021002","time":"0000","status":"HU","lat":23,"lon":-85.7,"wind_kt":90,"pressure_mb":967},{"date":"20021002","time":"0600","status":"HU","lat":23.6,"lon":-87.2,"wind_kt":100,"pressure_mb":962},{"date":"20021002","time":"1200","status":"HU","lat":24.4,"lon":-88.3,"wind_kt":110,"pressure_mb":952},{"date":"20021002","time":"1800","status":"HU","lat":25.4,"lon":-89.5,"wind_kt":120,"pressure_mb":941},{"date":"20021002","time":"2013","status":"HU","lat":25.9,"lon":-89.9,"wind_kt":125,"pressure_mb":938},{"date":"20021003","time":"0000","status":"HU","lat":26.7,"lon":-90.3,"wind_kt":125,"pressure_mb":940},{"date":"20021003","time":"0600","status":"HU","lat":28.1,"lon":-91.4,"wind_kt":105,"pressure_mb":957},{"date":"20021003","time":"1200","status":"HU","lat":29.2,"lon":-92.1,"wind_kt":80,"pressure_mb":962},{"date":"20021003","time":"1300","status":"HU","lat":29.5,"lon":-92.2,"wind_kt":80,"pressure_mb":963},{"date":"20021003","time":"1800","status":"TS","lat":30.5,"lon":-92.4,"wind_kt":60,"pressure_mb":976},{"date":"20021004","time":"0000","status":"TS","lat":31.9,"lon":-92.1,"wind_kt":40,"pressure_mb":985},{"date":"20021004","time":"0600","status":"TD","lat":33.5,"lon":-91.4,"wind_kt":30,"pressure_mb":994},{"date":"20021004","time":"1200","status":"TD","lat":35.8,"lon":-90,"wind_kt":25,"pressure_mb":997}]}},{"type":"Feature","geometry":{"type":"LineString","coordinates":[[-82.6,16.9],[-83.1,17.2],[-83.2,17.1],[-83,17.5],[-82.8,17.9],[-82.5,18.6],[-82.2,19.7],[-81.6,20.5],[-81,21.5],[-80.7,22],[-80.5,22.4]]},"properties":{"id":"hur-al142002","event_type":"hurricane","name":null,"year":2002,"max_wind_kt":30,"min_pressure_mb":1002,"category":-1,"preliminary":false,"start_date":"20021014","end_date":"20021016","track":[{"date":"20021014","time":"1200","status":"TD","lat":16.9,"lon":-82.6,"wind_kt":30,"pressure_mb":1008},{"date":"20021014","time":"1800","status":"TD","lat":17.2,"lon":-83.1,"wind_kt":30,"pressure_mb":1005},{"date":"20021015","time":"0000","status":"TD","lat":17.1,"lon":-83.2,"wind_kt":30,"pressure_mb":1004},{"date":"20021015","time":"0600","status":"TD","lat":17.5,"lon":-83,"wind_kt":30,"pressure_mb":1004},{"date":"20021015","time":"1200","status":"TD","lat":17.9,"lon":-82.8,"wind_kt":30,"pressure_mb":1004},{"date":"20021015","time":"1800","status":"TD","lat":18.6,"lon":-82.5,"wind_kt":30,"pressure_mb":1002},{"date":"20021016","time":"0000","status":"TD","lat":19.7,"lon":-82.2,"wind_kt":30,"pressure_mb":1003},{"date":"20021016","time":"0600","status":"TD","lat":20.5,"lon":-81.6,"wind_kt":30,"pressure_mb":1003},{"date":"20021016","time":"1200","status":"TD","lat":21.5,"lon":-81,"wind_kt":30,"pressure_mb":1005},{"date":"20021016","time":"1600","status":"TD","lat":22,"lon":-80.7,"wind_kt":25,"pressure_mb":1006},{"date":"20021016","time":"1800","status":"TD","lat":22.4,"lon":-80.5,"wind_kt":25,"pressure_mb":1006}]}},{"type":"Feature","geometry":{"type":"LineString","coordinates":[[-66.2,29.1],[-66,29.9],[-65.8,30.8],[-66.3,31.9],[-66.9,33],[-67.6,33.8],[-68.6,34.5],[-69.1,34.3],[-69,33.6],[-68.9,32.7],[-68.2,32],[-67.3,31.7],[-66.4,31.4],[-65.8,30.6],[-64.8,30],[-63.1,29.4],[-61.5,29.4],[-60.1,29.5],[-58.5,29.6],[-56.6,29.7],[-54.7,30],[-53,30.6],[-51.5,31.4],[-50.6,31.9],[-49.6,32.1],[-48.7,32],[-47.8,31.8],[-46.6,31.5],[-45.4,31.5],[-44.2,31.6],[-43.1,31.7],[-42.1,31.8],[-40.8,31.9],[-38.4,32.3],[-35.6,32.9],[-32.8,33.6],[-29.2,34.4],[-25.8,35.3],[-22.4,36.1]]},"properties":{"id":"hur-al012003","event_type":"hurricane","name":"ANA","year":2003,"max_wind_kt":50,"min_pressure_mb":994,"category":0,"preliminary":false,"start_date":"20030418","end_date":"20030427","track":[{"date":"20030418","time":"0000","status":"EX","lat":29.1,"lon":-66.2,"wind_kt":30,"pressure_mb":1008},{"date":"20030418","time":"0600","status":"EX","lat":29.9,"lon":-66,"wind_kt":30,"pressure_mb":1008},{"date":"20030418","time":"1200","status":"EX","lat":30.8,"lon":-65.8,"wind_kt":30,"pressure_mb":1008},{"date":"20030418","time":"1800","status":"EX","lat":31.9,"lon":-66.3,"wind_kt":30,"pressure_mb":1007},{"date":"20030419","time":"0000","status":"EX","lat":33,"lon":-66.9,"wind_kt":30,"pressure_mb":1007},{"date":"20030419","time":"0600","status":"EX","lat":33.8,"lon":-67.6,"wind_kt":35,"pressure_mb":1006},{"date":"20030419","time":"1200","status":"EX","lat":34.5,"lon":-68.6,"wind_kt":35,"pressure_mb":1006},{"date":"20030419","time":"1800","status":"EX","lat":34.3,"lon":-69.1,"wind_kt":35,"pressure_mb":1006},{"date":"20030420","time":"0000","status":"EX","lat":33.6,"lon":-69,"wind_kt":40,"pressure_mb":1005},{"date":"20030420","time":"0600","status":"SS","lat":32.7,"lon":-68.9,"wind_kt":40,"pressure_mb":1003},{"date":"20030420","time":"1200","status":"SS","lat":32,"lon":-68.2,"wind_kt":45,"pressure_mb":1000},{"date":"20030420","time":"1800","status":"SS","lat":31.7,"lon":-67.3,"wind_kt":45,"pressure_mb":998},{"date":"20030421","time":"0000","status":"TS","lat":31.4,"lon":-66.4,"wind_kt":50,"pressure_mb":995},{"date":"20030421","time":"0600","status":"TS","lat":30.6,"lon":-65.8,"wind_kt":50,"pressure_mb":995},{"date":"20030421","time":"1200","status":"TS","lat":30,"lon":-64.8,"wind_kt":50,"pressure_mb":995},{"date":"20030421","time":"1800","status":"TS","lat":29.4,"lon":-63.1,"wind_kt":50,"pressure_mb":994},{"date":"20030422","time":"0000","status":"TS","lat":29.4,"lon":-61.5,"wind_kt":50,"pressure_mb":994},{"date":"20030422","time":"0600","status":"TS","lat":29.5,"lon":-60.1,"wind_kt":50,"pressure_mb":994},{"date":"20030422","time":"1200","status":"TS","lat":29.6,"lon":-58.5,"wind_kt":45,"pressure_mb":995},{"date":"20030422","time":"1800","status":"TS","lat":29.7,"lon":-56.6,"wind_kt":45,"pressure_mb":996},{"date":"20030423","time":"0000","status":"TS","lat":30,"lon":-54.7,"wind_kt":40,"pressure_mb":998},{"date":"20030423","time":"0600","status":"TS","lat":30.6,"lon":-53,"wind_kt":40,"pressure_mb":1000},{"date":"20030423","time":"1200","status":"TS","lat":31.4,"lon":-51.5,"wind_kt":40,"pressure_mb":1000},{"date":"20030423","time":"1800","status":"TS","lat":31.9,"lon":-50.6,"wind_kt":35,"pressure_mb":1001},{"date":"20030424","time":"0000","status":"TS","lat":32.1,"lon":-49.6,"wind_kt":35,"pressure_mb":1003},{"date":"20030424","time":"0600","status":"EX","lat":32,"lon":-48.7,"wind_kt":35,"pressure_mb":1004},{"date":"20030424","time":"1200","status":"EX","lat":31.8,"lon":-47.8,"wind_kt":35,"pressure_mb":1005},{"date":"20030424","time":"1800","status":"EX","lat":31.5,"lon":-46.6,"wind_kt":35,"pressure_mb":1005},{"date":"20030425","time":"0000","status":"EX","lat":31.5,"lon":-45.4,"wind_kt":35,"pressure_mb":1005},{"date":"20030425","time":"0600","status":"EX","lat":31.6,"lon":-44.2,"wind_kt":35,"pressure_mb":1004},{"date":"20030425","time":"1200","status":"EX","lat":31.7,"lon":-43.1,"wind_kt":30,"pressure_mb":1003},{"date":"20030425","time":"1800","status":"EX","lat":31.8,"lon":-42.1,"wind_kt":30,"pressure_mb":1004},{"date":"20030426","time":"0000","status":"EX","lat":31.9,"lon":-40.8,"wind_kt":30,"pressure_mb":1005},{"date":"20030426","time":"0600","status":"EX","lat":32.3,"lon":-38.4,"wind_kt":35,"pressure_mb":1002},{"date":"20030426","time":"1200","status":"EX","lat":32.9,"lon":-35.6,"wind_kt":35,"pressure_mb":1002},{"date":"20030426","time":"1800","status":"EX","lat":33.6,"lon":-32.8,"wind_kt":40,"pressure_mb":1002},{"date":"20030427","time":"0000","status":"EX","lat":34.4,"lon":-29.2,"wind_kt":40,"pressure_mb":1002},{"date":"20030427","time":"0600","status":"EX","lat":35.3,"lon":-25.8,"wind_kt":40,"pressure_mb":999},{"date":"20030427","time":"1200","status":"EX","lat":36.1,"lon":-22.4,"wind_kt":40,"pressure_mb":1000}]}},{"type":"Feature","geometry":{"type":"LineString","coordinates":[[-40.8,9.5],[-42.5,9.6],[-44.2,9.7],[-45.9,9.7]]},"properties":{"id":"hur-al022003","event_type":"hurricane","name":null,"year":2003,"max_wind_kt":30,"min_pressure_mb":1008,"category":-1,"preliminary":false,"start_date":"20030611","end_date":"20030611","track":[{"date":"20030611","time":"0000","status":"TD","lat":9.5,"lon":-40.8,"wind_kt":30,"pressure_mb":1009},{"date":"20030611","time":"0600","status":"TD","lat":9.6,"lon":-42.5,"wind_kt":30,"pressure_mb":1008},{"date":"20030611","time":"1200","status":"TD","lat":9.7,"lon":-44.2,"wind_kt":30,"pressure_mb":1008},{"date":"20030611","time":"1800","status":"TD","lat":9.7,"lon":-45.9,"wind_kt":30,"pressure_mb":1010}]}},{"type":"Feature","geometry":{"type":"LineString","coordinates":[[-89,19.5],[-89.3,20],[-89.4,20.3],[-89.8,21],[-90,22],[-90.5,23.4],[-91.1,24.6],[-91.3,25.9],[-91.5,27.1],[-91.5,28.2],[-91,29.1],[-91,29.3],[-90.3,30.4],[-89.3,31.6],[-88.4,32.7],[-87,33.6],[-86,34.1],[-84.5,35],[-83.5,35.6],[-82,36.5],[-79.5,37.3]]},"properties":{"id":"hur-al032003","event_type":"hurricane","name":"BILL","year":2003,"max_wind_kt":50,"min_pressure_mb":997,"category":0,"preliminary":false,"start_date":"20030628","end_date":"20030703","track":[{"date":"20030628","time":"0600","status":"LO","lat":19.5,"lon":-89,"wind_kt":20,"pressure_mb":1009},{"date":"20030628","time":"1200","status":"LO","lat":20,"lon":-89.3,"wind_kt":20,"pressure_mb":1008},{"date":"20030628","time":"1800","status":"LO","lat":20.3,"lon":-89.4,"wind_kt":20,"pressure_mb":1008},{"date":"20030629","time":"0000","status":"LO","lat":21,"lon":-89.8,"wind_kt":20,"pressure_mb":1008},{"date":"20030629","time":"0600","status":"TD","lat":22,"lon":-90,"wind_kt":30,"pressure_mb":1007},{"date":"20030629","time":"1200","status":"TS","lat":23.4,"lon":-90.5,"wind_kt":35,"pressure_mb":1007},{"date":"20030629","time":"1800","status":"TS","lat":24.6,"lon":-91.1,"wind_kt":40,"pressure_mb":1009},{"date":"20030630","time":"0000","status":"TS","lat":25.9,"lon":-91.3,"wind_kt":45,"pressure_mb":1008},{"date":"20030630","time":"0600","status":"TS","lat":27.1,"lon":-91.5,"wind_kt":45,"pressure_mb":1007},{"date":"20030630","time":"1200","status":"TS","lat":28.2,"lon":-91.5,"wind_kt":50,"pressure_mb":1002},{"date":"20030630","time":"1800","status":"TS","lat":29.1,"lon":-91,"wind_kt":50,"pressure_mb":997},{"date":"20030630","time":"1900","status":"TS","lat":29.3,"lon":-91,"wind_kt":50,"pressure_mb":997},{"date":"20030701","time":"0000","status":"TS","lat":30.4,"lon":-90.3,"wind_kt":45,"pressure_mb":998},{"date":"20030701","time":"0600","status":"TD","lat":31.6,"lon":-89.3,"wind_kt":30,"pressure_mb":1003},{"date":"20030701","time":"1200","status":"TD","lat":32.7,"lon":-88.4,"wind_kt":25,"pressure_mb":1004},{"date":"20030701","time":"1800","status":"TD","lat":33.6,"lon":-87,"wind_kt":20,"pressure_mb":1007},{"date":"20030702","time":"0000","status":"TD","lat":34.1,"lon":-86,"wind_kt":20,"pressure_mb":1007},{"date":"20030702","time":"0600","status":"TD","lat":35,"lon":-84.5,"wind_kt":20,"pressure_mb":1007},{"date":"20030702","time":"1200","status":"TD","lat":35.6,"lon":-83.5,"wind_kt":20,"pressure_mb":1009},{"date":"20030702","time":"1800","status":"EX","lat":36.5,"lon":-82,"wind_kt":20,"pressure_mb":1009},{"date":"20030703","time":"0000","status":"EX","lat":37.3,"lon":-79.5,"wind_kt":20,"pressure_mb":1009}]}},{"type":"Feature","geometry":{"type":"LineString","coordinates":[[-53.5,11.1],[-55.3,11.8],[-57.5,12.6],[-59.8,13.2],[-62,13.7],[-64.8,14],[-67.6,14.4],[-70,14.8],[-72,15],[-74.4,15.1],[-76.5,15.3],[-78.6,15.8],[-80.3,16.1],[-81.7,16.6],[-82.8,17.5],[-84.1,18.6],[-85.5,19.7],[-86.3,20.4],[-86.9,20.8],[-87.2,21.1],[-88.2,21.8],[-89.2,22.6],[-90.2,23.3],[-90.7,23.9],[-90.9,24.6],[-91.5,24.9],[-91.9,24.9],[-92.1,25.1],[-92.2,25.3],[-92.2,25.6],[-92.3,26],[-92.6,26.7],[-93,27.3],[-93.6,27.7],[-94.6,27.9],[-95.5,28.3],[-96.2,28.3],[-96.9,28.6],[-98.2,28.5],[-99.4,28.5],[-100.8,28.8],[-102.6,29.3],[-104.3,29.9],[-106,30.5],[-107.7,30.9]]},"properties":{"id":"hur-al042003","event_type":"hurricane","name":"CLAUDETTE","year":2003,"max_wind_kt":80,"min_pressure_mb":979,"category":1,"preliminary":false,"start_date":"20030707","end_date":"20030717","track":[{"date":"20030707","time":"0000","status":"WV","lat":11.1,"lon":-53.5,"wind_kt":25,"pressure_mb":1010},{"date":"20030707","time":"0600","status":"WV","lat":11.8,"lon":-55.3,"wind_kt":30,"pressure_mb":1010},{"date":"20030707","time":"1200","status":"WV","lat":12.6,"lon":-57.5,"wind_kt":30,"pressure_mb":1010},{"date":"20030707","time":"1800","status":"WV","lat":13.2,"lon":-59.8,"wind_kt":35,"pressure_mb":1010},{"date":"20030708","time":"0000","status":"WV","lat":13.7,"lon":-62,"wind_kt":35,"pressure_mb":1009},{"date":"20030708","time":"0600","status":"WV","lat":14,"lon":-64.8,"wind_kt":40,"pressure_mb":1009},{"date":"20030708","time":"1200","status":"WV","lat":14.4,"lon":-67.6,"wind_kt":40,"pressure_mb":1009},{"date":"20030708","time":"1800","status":"TS","lat":14.8,"lon":-70,"wind_kt":45,"pressure_mb":1006},{"date":"20030709","time":"0000","status":"TS","lat":15,"lon":-72,"wind_kt":50,"pressure_mb":1001},{"date":"20030709","time":"0600","status":"TS","lat":15.1,"lon":-74.4,"wind_kt":60,"pressure_mb":1003},{"date":"20030709","time":"1200","status":"TS","lat":15.3,"lon":-76.5,"wind_kt":55,"pressure_mb":1004},{"date":"20030709","time":"1800","status":"TS","lat":15.8,"lon":-78.6,"wind_kt":55,"pressure_mb":1002},{"date":"20030710","time":"0000","status":"TS","lat":16.1,"lon":-80.3,"wind_kt":55,"pressure_mb":1002},{"date":"20030710","time":"0600","status":"TS","lat":16.6,"lon":-81.7,"wind_kt":55,"pressure_mb":998},{"date":"20030710","time":"1200","status":"HU","lat":17.5,"lon":-82.8,"wind_kt":70,"pressure_mb":988},{"date":"20030710","time":"1800","status":"TS","lat":18.6,"lon":-84.1,"wind_kt":55,"pressure_mb":1003},{"date":"20030711","time":"0000","status":"TS","lat":19.7,"lon":-85.5,"wind_kt":50,"pressure_mb":1010},{"date":"20030711","time":"0600","status":"TS","lat":20.4,"lon":-86.3,"wind_kt":50,"pressure_mb":1009},{"date":"20030711","time":"1000","status":"TS","lat":20.8,"lon":-86.9,"wind_kt":50,"pressure_mb":1009},{"date":"20030711","time":"1200","status":"TS","lat":21.1,"lon":-87.2,"wind_kt":50,"pressure_mb":1009},{"date":"20030711","time":"1800","status":"TS","lat":21.8,"lon":-88.2,"wind_kt":45,"pressure_mb":1009},{"date":"20030712","time":"0000","status":"TS","lat":22.6,"lon":-89.2,"wind_kt":45,"pressure_mb":1008},{"date":"20030712","time":"0600","status":"TS","lat":23.3,"lon":-90.2,"wind_kt":45,"pressure_mb":1007},{"date":"20030712","time":"1200","status":"TS","lat":23.9,"lon":-90.7,"wind_kt":45,"pressure_mb":1006},{"date":"20030712","time":"1800","status":"TS","lat":24.6,"lon":-90.9,"wind_kt":45,"pressure_mb":1008},{"date":"20030713","time":"0000","status":"TS","lat":24.9,"lon":-91.5,"wind_kt":45,"pressure_mb":1003},{"date":"20030713","time":"0600","status":"TS","lat":24.9,"lon":-91.9,"wind_kt":45,"pressure_mb":1005},{"date":"20030713","time":"1200","status":"TS","lat":25.1,"lon":-92.1,"wind_kt":50,"pressure_mb":999},{"date":"20030713","time":"1800","status":"TS","lat":25.3,"lon":-92.2,"wind_kt":50,"pressure_mb":995},{"date":"20030714","time":"0000","status":"TS","lat":25.6,"lon":-92.2,"wind_kt":55,"pressure_mb":991},{"date":"20030714","time":"0600","status":"TS","lat":26,"lon":-92.3,"wind_kt":55,"pressure_mb":993},{"date":"20030714","time":"1200","status":"TS","lat":26.7,"lon":-92.6,"wind_kt":55,"pressure_mb":991},{"date":"20030714","time":"1800","status":"TS","lat":27.3,"lon":-93,"wind_kt":60,"pressure_mb":989},{"date":"20030715","time":"0000","status":"TS","lat":27.7,"lon":-93.6,"wind_kt":60,"pressure_mb":988},{"date":"20030715","time":"0600","status":"HU","lat":27.9,"lon":-94.6,"wind_kt":65,"pressure_mb":987},{"date":"20030715","time":"1200","status":"HU","lat":28.3,"lon":-95.5,"wind_kt":75,"pressure_mb":982},{"date":"20030715","time":"1530","status":"HU","lat":28.3,"lon":-96.2,"wind_kt":80,"pressure_mb":979},{"date":"20030715","time":"1800","status":"HU","lat":28.6,"lon":-96.9,"wind_kt":70,"pressure_mb":984},{"date":"20030716","time":"0000","status":"TS","lat":28.5,"lon":-98.2,"wind_kt":50,"pressure_mb":995},{"date":"20030716","time":"0600","status":"TS","lat":28.5,"lon":-99.4,"wind_kt":40,"pressure_mb":999},{"date":"20030716","time":"1200","status":"TS","lat":28.8,"lon":-100.8,"wind_kt":35,"pressure_mb":1003},{"date":"20030716","time":"1800","status":"TS","lat":29.3,"lon":-102.6,"wind_kt":35,"pressure_mb":1007},{"date":"20030717","time":"0000","status":"TD","lat":29.9,"lon":-104.3,"wind_kt":30,"pressure_mb":1014},{"date":"20030717","time":"0600","status":"LO","lat":30.5,"lon":-106,"wind_kt":25,"pressure_mb":1016},{"date":"20030717","time":"1200","status":"LO","lat":30.9,"lon":-107.7,"wind_kt":25,"pressure_mb":1016}]}},{"type":"Feature","geometry":{"type":"LineString","coordinates":[[-54.1,30.8],[-54.7,31.7],[-55.2,32.5],[-55.6,33.4],[-56.4,34.4],[-56.6,35.3],[-56.4,36.2],[-56,37.1],[-54.9,38.1],[-53.4,39.2],[-51.7,40.1],[-50,41.1],[-47.8,42.1],[-45.8,42.7],[-44,42.7],[-42.4,42.5],[-40.7,41.9],[-39.2,40.9],[-37.9,39.8],[-36.8,38.8],[-36.3,37.9],[-35.9,37.1],[-35.8,36.3],[-36.2,35.7],[-36.7,35.3],[-37.2,35.1],[-37.8,35],[-38.6,34.9],[-39,35.5],[-40,36],[-40.5,36],[-40.5,36.6],[-40,36.5],[-39.5,36.4],[-38.9,36.5],[-39.2,36.3],[-39,36],[-39,35.5],[-39.5,34.5],[-40,33.8],[-40.5,33],[-41,32],[-42,31],[-43.5,31]]},"properties":{"id":"hur-al052003","event_type":"hurricane","name":"DANNY","year":2003,"max_wind_kt":65,"min_pressure_mb":1000,"category":1,"preliminary":false,"start_date":"20030716","end_date":"20030727","track":[{"date":"20030716","time":"1200","status":"TD","lat":30.8,"lon":-54.1,"wind_kt":25,"pressure_mb":1017},{"date":"20030716","time":"1800","status":"TD","lat":31.7,"lon":-54.7,"wind_kt":30,"pressure_mb":1015},{"date":"20030717","time":"0000","status":"TS","lat":32.5,"lon":-55.2,"wind_kt":35,"pressure_mb":1013},{"date":"20030717","time":"0600","status":"TS","lat":33.4,"lon":-55.6,"wind_kt":45,"pressure_mb":1011},{"date":"20030717","time":"1200","status":"TS","lat":34.4,"lon":-56.4,"wind_kt":50,"pressure_mb":1009},{"date":"20030717","time":"1800","status":"TS","lat":35.3,"lon":-56.6,"wind_kt":55,"pressure_mb":1008},{"date":"20030718","time":"0000","status":"TS","lat":36.2,"lon":-56.4,"wind_kt":55,"pressure_mb":1007},{"date":"20030718","time":"0600","status":"TS","lat":37.1,"lon":-56,"wind_kt":55,"pressure_mb":1006},{"date":"20030718","time":"1200","status":"TS","lat":38.1,"lon":-54.9,"wind_kt":60,"pressure_mb":1003},{"date":"20030718","time":"1800","status":"HU","lat":39.2,"lon":-53.4,"wind_kt":65,"pressure_mb":1002},{"date":"20030719","time":"0000","status":"HU","lat":40.1,"lon":-51.7,"wind_kt":65,"pressure_mb":1001},{"date":"20030719","time":"0600","status":"HU","lat":41.1,"lon":-50,"wind_kt":65,"pressure_mb":1000},{"date":"20030719","time":"1200","status":"HU","lat":42.1,"lon":-47.8,"wind_kt":65,"pressure_mb":1001},{"date":"20030719","time":"1800","status":"TS","lat":42.7,"lon":-45.8,"wind_kt":60,"pressure_mb":1003},{"date":"20030720","time":"0000","status":"TS","lat":42.7,"lon":-44,"wind_kt":55,"pressure_mb":1005},{"date":"20030720","time":"0600","status":"TS","lat":42.5,"lon":-42.4,"wind_kt":45,"pressure_mb":1007},{"date":"20030720","time":"1200","status":"TS","lat":41.9,"lon":-40.7,"wind_kt":40,"pressure_mb":1008},{"date":"20030720","time":"1800","status":"TD","lat":40.9,"lon":-39.2,"wind_kt":30,"pressure_mb":1009},{"date":"20030721","time":"0000","status":"TD","lat":39.8,"lon":-37.9,"wind_kt":30,"pressure_mb":1009},{"date":"20030721","time":"0600","status":"LO","lat":38.8,"lon":-36.8,"wind_kt":30,"pressure_mb":1010},{"date":"20030721","time":"1200","status":"LO","lat":37.9,"lon":-36.3,"wind_kt":25,"pressure_mb":1011},{"date":"20030721","time":"1800","status":"LO","lat":37.1,"lon":-35.9,"wind_kt":25,"pressure_mb":1013},{"date":"20030722","time":"0000","status":"LO","lat":36.3,"lon":-35.8,"wind_kt":25,"pressure_mb":1015},{"date":"20030722","time":"0600","status":"LO","lat":35.7,"lon":-36.2,"wind_kt":25,"pressure_mb":1017},{"date":"20030722","time":"1200","status":"LO","lat":35.3,"lon":-36.7,"wind_kt":25,"pressure_mb":1018},{"date":"20030722","time":"1800","status":"LO","lat":35.1,"lon":-37.2,"wind_kt":25,"pressure_mb":1019},{"date":"20030723","time":"0000","status":"LO","lat":35,"lon":-37.8,"wind_kt":20,"pressure_mb":1020},{"date":"20030723","time":"0600","status":"LO","lat":34.9,"lon":-38.6,"wind_kt":20,"pressure_mb":1020},{"date":"20030723","time":"1200","status":"LO","lat":35.5,"lon":-39,"wind_kt":20,"pressure_mb":1020},{"date":"20030723","time":"1800","status":"LO","lat":36,"lon":-40,"wind_kt":20,"pressure_mb":1020},{"date":"20030724","time":"0000","status":"LO","lat":36,"lon":-40.5,"wind_kt":20,"pressure_mb":1021},{"date":"20030724","time":"0600","status":"LO","lat":36.6,"lon":-40.5,"wind_kt":20,"pressure_mb":1021},{"date":"20030724","time":"1200","status":"LO","lat":36.5,"lon":-40,"wind_kt":20,"pressure_mb":1021},{"date":"20030724","time":"1800","status":"LO","lat":36.4,"lon":-39.5,"wind_kt":20,"pressure_mb":1021},{"date":"20030725","time":"0000","status":"LO","lat":36.5,"lon":-38.9,"wind_kt":20,"pressure_mb":1022},{"date":"20030725","time":"0600","status":"LO","lat":36.3,"lon":-39.2,"wind_kt":20,"pressure_mb":1022},{"date":"20030725","time":"1200","status":"LO","lat":36,"lon":-39,"wind_kt":20,"pressure_mb":1022},{"date":"20030725","time":"1800","status":"LO","lat":35.5,"lon":-39,"wind_kt":20,"pressure_mb":1022},{"date":"20030726","time":"0000","status":"LO","lat":34.5,"lon":-39.5,"wind_kt":20,"pressure_mb":1023},{"date":"20030726","time":"0600","status":"LO","lat":33.8,"lon":-40,"wind_kt":20,"pressure_mb":1023},{"date":"20030726","time":"1200","status":"LO","lat":33,"lon":-40.5,"wind_kt":20,"pressure_mb":1023},{"date":"20030726","time":"1800","status":"LO","lat":32,"lon":-41,"wind_kt":20,"pressure_mb":1023},{"date":"20030727","time":"0000","status":"LO","lat":31,"lon":-42,"wind_kt":20,"pressure_mb":1024},{"date":"20030727","time":"0600","status":"LO","lat":31,"lon":-43.5,"wind_kt":20,"pressure_mb":1024}]}},{"type":"Feature","geometry":{"type":"LineString","coordinates":[[-43.5,12.3],[-45.2,12.5],[-47,12.7],[-48.8,12.9],[-50.9,13.2],[-53,13.5],[-55.1,13.8],[-57.4,14]]},"properties":{"id":"hur-al062003","event_type":"hurricane","name":null,"year":2003,"max_wind_kt":30,"min_pressure_mb":1010,"category":-1,"preliminary":false,"start_date":"20030719","end_date":"20030721","track":[{"date":"20030719","time":"1800","status":"TD","lat":12.3,"lon":-43.5,"wind_kt":30,"pressure_mb":1010},{"date":"20030720","time":"0000","status":"TD","lat":12.5,"lon":-45.2,"wind_kt":30,"pressure_mb":1010},{"date":"20030720","time":"0600","status":"TD","lat":12.7,"lon":-47,"wind_kt":30,"pressure_mb":1011},{"date":"20030720","time":"1200","status":"TD","lat":12.9,"lon":-48.8,"wind_kt":30,"pressure_mb":1011},{"date":"20030720","time":"1800","status":"TD","lat":13.2,"lon":-50.9,"wind_kt":30,"pressure_mb":1012},{"date":"20030721","time":"0000","status":"TD","lat":13.5,"lon":-53,"wind_kt":30,"pressure_mb":1012},{"date":"20030721","time":"0600","status":"TD","lat":13.8,"lon":-55.1,"wind_kt":30,"pressure_mb":1013},{"date":"20030721","time":"1200","status":"TD","lat":14,"lon":-57.4,"wind_kt":30,"pressure_mb":1012}]}},{"type":"Feature","geometry":{"type":"LineString","coordinates":[[-80.1,29.3],[-80.5,30.1],[-80.8,30.7],[-81.3,31.5],[-82,32.3],[-82.6,32.8],[-83,33]]},"properties":{"id":"hur-al072003","event_type":"hurricane","name":null,"year":2003,"max_wind_kt":30,"min_pressure_mb":1016,"category":-1,"preliminary":false,"start_date":"20030725","end_date":"20030727","track":[{"date":"20030725","time":"1200","status":"TD","lat":29.3,"lon":-80.1,"wind_kt":25,"pressure_mb":1017},{"date":"20030725","time":"1800","status":"TD","lat":30.1,"lon":-80.5,"wind_kt":25,"pressure_mb":1017},{"date":"20030726","time":"0000","status":"TD","lat":30.7,"lon":-80.8,"wind_kt":30,"pressure_mb":1016},{"date":"20030726","time":"0600","status":"TD","lat":31.5,"lon":-81.3,"wind_kt":25,"pressure_mb":1018},{"date":"20030726","time":"1200","status":"TD","lat":32.3,"lon":-82,"wind_kt":20,"pressure_mb":1022},{"date":"20030726","time":"1800","status":"TD","lat":32.8,"lon":-82.6,"wind_kt":15,"pressure_mb":1022},{"date":"20030727","time":"0000","status":"TD","lat":33,"lon":-83,"wind_kt":15,"pressure_mb":1022}]}},{"type":"Feature","geometry":{"type":"LineString","coordinates":[[-83.3,26.4],[-85.7,26.6],[-88.3,26.4],[-90.5,26.1],[-92.5,26],[-94.4,25.9],[-96.2,25.6],[-97.4,25.3],[-97.6,25.2],[-98.9,24.8],[-100.3,24.7]]},"properties":{"id":"hur-al082003","event_type":"hurricane","name":"ERIKA","year":2003,"max_wind_kt":65,"min_pressure_mb":986,"category":1,"preliminary":false,"start_date":"20030814","end_date":"20030817","track":[{"date":"20030814","time":"1800","status":"TS","lat":26.4,"lon":-83.3,"wind_kt":35,"pressure_mb":1011},{"date":"20030815","time":"0000","status":"TS","lat":26.6,"lon":-85.7,"wind_kt":40,"pressure_mb":1008},{"date":"20030815","time":"0600","status":"TS","lat":26.4,"lon":-88.3,"wind_kt":40,"pressure_mb":1008},{"date":"20030815","time":"1200","status":"TS","lat":26.1,"lon":-90.5,"wind_kt":45,"pressure_mb":1007},{"date":"20030815","time":"1800","status":"TS","lat":26,"lon":-92.5,"wind_kt":50,"pressure_mb":1001},{"date":"20030816","time":"0000","status":"TS","lat":25.9,"lon":-94.4,"wind_kt":55,"pressure_mb":995},{"date":"20030816","time":"0600","status":"TS","lat":25.6,"lon":-96.2,"wind_kt":60,"pressure_mb":988},{"date":"20030816","time":"1030","status":"HU","lat":25.3,"lon":-97.4,"wind_kt":65,"pressure_mb":986},{"date":"20030816","time":"1200","status":"HU","lat":25.2,"lon":-97.6,"wind_kt":65,"pressure_mb":988},{"date":"20030816","time":"1800","status":"TS","lat":24.8,"lon":-98.9,"wind_kt":35,"pressure_mb":1003},{"date":"20030817","time":"0000","status":"TD","lat":24.7,"lon":-100.3,"wind_kt":25,"pressure_mb":1008}]}},{"type":"Feature","geometry":{"type":"LineString","coordinates":[[-65.5,14.5],[-66.5,15.2],[-67.5,15.7],[-68.2,16.2]]},"properties":{"id":"hur-al092003","event_type":"hurricane","name":null,"year":2003,"max_wind_kt":30,"min_pressure_mb":1007,"category":-1,"preliminary":false,"start_date":"20030821","end_date":"20030822","track":[{"date":"20030821","time":"1800","status":"TD","lat":14.5,"lon":-65.5,"wind_kt":30,"pressure_mb":1009},{"date":"20030822","time":"0000","status":"TD","lat":15.2,"lon":-66.5,"wind_kt":30,"pressure_mb":1007},{"date":"20030822","time":"0600","status":"TD","lat":15.7,"lon":-67.5,"wind_kt":30,"pressure_mb":1008},{"date":"20030822","time":"1200","status":"TD","lat":16.2,"lon":-68.2,"wind_kt":30,"pressure_mb":1008}]}},{"type":"Feature","geometry":{"type":"LineString","coordinates":[[-30.7,14.6],[-32.3,14.7],[-34.2,14.9],[-36.2,15],[-38.2,15.1],[-40.1,15.2],[-41.8,15.4],[-43.1,15.5],[-44.3,15.8],[-45.6,16.3],[-46.9,16.7],[-48,17],[-49.2,17.3],[-50.3,17.6],[-51.4,17.8],[-52.5,18],[-53.5,18.2],[-54.3,18.3],[-55.3,18.5],[-56.3,18.7],[-57.3,19],[-58.3,19.3],[-59.2,19.6],[-59.9,20.1],[-60.7,20.5],[-61.3,20.9],[-61.8,21.3],[-62.3,21.9],[-62.8,22.5],[-63,23.2],[-63.3,23.8],[-63.8,24.8],[-64.3,25.8],[-64.6,27.1],[-65.1,28.6],[-65.3,30.1],[-65.3,31.8],[-64.7,33.4],[-64,34.9],[-62.4,36],[-60.4,36.9],[-58.2,37.9],[-55.7,39.1],[-53.4,40.6],[-50.7,42.3],[-47.9,44.3],[-44.7,46.3],[-40.8,48.7],[-36,51.7],[-32,54],[-29,56],[-27,58],[-27,60]]},"properties":{"id":"hur-al102003","event_type":"hurricane","name":"FABIAN","year":2003,"max_wind_kt":125,"min_pressure_mb":939,"category":4,"preliminary":false,"start_date":"20030827","end_date":"20030909","track":[{"date":"20030827","time":"1800","status":"TD","lat":14.6,"lon":-30.7,"wind_kt":25,"pressure_mb":1009},{"date":"20030828","time":"0000","status":"TD","lat":14.7,"lon":-32.3,"wind_kt":30,"pressure_mb":1008},{"date":"20030828","time":"0600","status":"TD","lat":14.9,"lon":-34.2,"wind_kt":30,"pressure_mb":1008},{"date":"20030828","time":"1200","status":"TS","lat":15,"lon":-36.2,"wind_kt":35,"pressure_mb":1006},{"date":"20030828","time":"1800","status":"TS","lat":15.1,"lon":-38.2,"wind_kt":40,"pressure_mb":1004},{"date":"20030829","time":"0000","status":"TS","lat":15.2,"lon":-40.1,"wind_kt":45,"pressure_mb":1000},{"date":"20030829","time":"0600","status":"TS","lat":15.4,"lon":-41.8,"wind_kt":50,"pressure_mb":997},{"date":"20030829","time":"1200","status":"TS","lat":15.5,"lon":-43.1,"wind_kt":50,"pressure_mb":997},{"date":"20030829","time":"1800","status":"TS","lat":15.8,"lon":-44.3,"wind_kt":60,"pressure_mb":990},{"date":"20030830","time":"0000","status":"HU","lat":16.3,"lon":-45.6,"wind_kt":65,"pressure_mb":987},{"date":"20030830","time":"0600","status":"HU","lat":16.7,"lon":-46.9,"wind_kt":70,"pressure_mb":984},{"date":"20030830","time":"1200","status":"HU","lat":17,"lon":-48,"wind_kt":85,"pressure_mb":973},{"date":"20030830","time":"1800","status":"HU","lat":17.3,"lon":-49.2,"wind_kt":100,"pressure_mb":960},{"date":"20030831","time":"0000","status":"HU","lat":17.6,"lon":-50.3,"wind_kt":110,"pressure_mb":952},{"date":"20030831","time":"0600","status":"HU","lat":17.8,"lon":-51.4,"wind_kt":110,"pressure_mb":952},{"date":"20030831","time":"1200","status":"HU","lat":18,"lon":-52.5,"wind_kt":110,"pressure_mb":952},{"date":"20030831","time":"1800","status":"HU","lat":18.2,"lon":-53.5,"wind_kt":115,"pressure_mb":948},{"date":"20030901","time":"0000","status":"HU","lat":18.3,"lon":-54.3,"wind_kt":120,"pressure_mb":945},{"date":"20030901","time":"0600","status":"HU","lat":18.5,"lon":-55.3,"wind_kt":120,"pressure_mb":949},{"date":"20030901","time":"1200","status":"HU","lat":18.7,"lon":-56.3,"wind_kt":120,"pressure_mb":949},{"date":"20030901","time":"1800","status":"HU","lat":19,"lon":-57.3,"wind_kt":125,"pressure_mb":944},{"date":"20030902","time":"0000","status":"HU","lat":19.3,"lon":-58.3,"wind_kt":125,"pressure_mb":943},{"date":"20030902","time":"0600","status":"HU","lat":19.6,"lon":-59.2,"wind_kt":120,"pressure_mb":945},{"date":"20030902","time":"1200","status":"HU","lat":20.1,"lon":-59.9,"wind_kt":120,"pressure_mb":945},{"date":"20030902","time":"1800","status":"HU","lat":20.5,"lon":-60.7,"wind_kt":120,"pressure_mb":946},{"date":"20030903","time":"0000","status":"HU","lat":20.9,"lon":-61.3,"wind_kt":115,"pressure_mb":945},{"date":"20030903","time":"0600","status":"HU","lat":21.3,"lon":-61.8,"wind_kt":110,"pressure_mb":945},{"date":"20030903","time":"1200","status":"HU","lat":21.9,"lon":-62.3,"wind_kt":110,"pressure_mb":945},{"date":"20030903","time":"1800","status":"HU","lat":22.5,"lon":-62.8,"wind_kt":110,"pressure_mb":944},{"date":"20030904","time":"0000","status":"HU","lat":23.2,"lon":-63,"wind_kt":115,"pressure_mb":939},{"date":"20030904","time":"0600","status":"HU","lat":23.8,"lon":-63.3,"wind_kt":105,"pressure_mb":944},{"date":"20030904","time":"1200","status":"HU","lat":24.8,"lon":-63.8,"wind_kt":105,"pressure_mb":944},{"date":"20030904","time":"1800","status":"HU","lat":25.8,"lon":-64.3,"wind_kt":110,"pressure_mb":941},{"date":"20030905","time":"0000","status":"HU","lat":27.1,"lon":-64.6,"wind_kt":115,"pressure_mb":940},{"date":"20030905","time":"0600","status":"HU","lat":28.6,"lon":-65.1,"wind_kt":105,"pressure_mb":946},{"date":"20030905","time":"1200","status":"HU","lat":30.1,"lon":-65.3,"wind_kt":105,"pressure_mb":951},{"date":"20030905","time":"1800","status":"HU","lat":31.8,"lon":-65.3,"wind_kt":105,"pressure_mb":950},{"date":"20030906","time":"0000","status":"HU","lat":33.4,"lon":-64.7,"wind_kt":100,"pressure_mb":953},{"date":"20030906","time":"0600","status":"HU","lat":34.9,"lon":-64,"wind_kt":100,"pressure_mb":956},{"date":"20030906","time":"1200","status":"HU","lat":36,"lon":-62.4,"wind_kt":100,"pressure_mb":957},{"date":"20030906","time":"1800","status":"HU","lat":36.9,"lon":-60.4,"wind_kt":100,"pressure_mb":958},{"date":"20030907","time":"0000","status":"HU","lat":37.9,"lon":-58.2,"wind_kt":90,"pressure_mb":962},{"date":"20030907","time":"0600","status":"HU","lat":39.1,"lon":-55.7,"wind_kt":85,"pressure_mb":965},{"date":"20030907","time":"1200","status":"HU","lat":40.6,"lon":-53.4,"wind_kt":80,"pressure_mb":967},{"date":"20030907","time":"1800","status":"HU","lat":42.3,"lon":-50.7,"wind_kt":75,"pressure_mb":972},{"date":"20030908","time":"0000","status":"HU","lat":44.3,"lon":-47.9,"wind_kt":70,"pressure_mb":975},{"date":"20030908","time":"0600","status":"HU","lat":46.3,"lon":-44.7,"wind_kt":70,"pressure_mb":977},{"date":"20030908","time":"1200","status":"HU","lat":48.7,"lon":-40.8,"wind_kt":65,"pressure_mb":980},{"date":"20030908","time":"1800","status":"EX","lat":51.7,"lon":-36,"wind_kt":65,"pressure_mb":980},{"date":"20030909","time":"0000","status":"EX","lat":54,"lon":-32,"wind_kt":60,"pressure_mb":980},{"date":"20030909","time":"0600","status":"EX","lat":56,"lon":-29,"wind_kt":50,"pressure_mb":982},{"date":"20030909","time":"1200","status":"EX","lat":58,"lon":-27,"wind_kt":50,"pressure_mb":982},{"date":"20030909","time":"1800","status":"EX","lat":60,"lon":-27,"wind_kt":40,"pressure_mb":990}]}},{"type":"Feature","geometry":{"type":"LineString","coordinates":[[-92.4,24.3],[-93.3,24.9],[-94.3,25.8],[-94.9,27.2],[-95.1,29],[-95.2,29.4],[-95.6,30.1],[-96.4,30.9],[-96.6,31.9],[-96.5,32.6],[-95.7,33.6],[-95,34.1],[-94.5,34.6]]},"properties":{"id":"hur-al112003","event_type":"hurricane","name":"GRACE","year":2003,"max_wind_kt":35,"min_pressure_mb":1007,"category":0,"preliminary":false,"start_date":"20030830","end_date":"20030902","track":[{"date":"20030830","time":"1200","status":"TD","lat":24.3,"lon":-92.4,"wind_kt":30,"pressure_mb":1008},{"date":"20030830","time":"1800","status":"TS","lat":24.9,"lon":-93.3,"wind_kt":35,"pressure_mb":1009},{"date":"20030831","time":"0000","status":"TS","lat":25.8,"lon":-94.3,"wind_kt":35,"pressure_mb":1009},{"date":"20030831","time":"0600","status":"TS","lat":27.2,"lon":-94.9,"wind_kt":35,"pressure_mb":1008},{"date":"20030831","time":"1100","status":"TS","lat":29,"lon":-95.1,"wind_kt":35,"pressure_mb":1007},{"date":"20030831","time":"1200","status":"TS","lat":29.4,"lon":-95.2,"wind_kt":35,"pressure_mb":1007},{"date":"20030831","time":"1800","status":"TD","lat":30.1,"lon":-95.6,"wind_kt":30,"pressure_mb":1009},{"date":"20030901","time":"0000","status":"TD","lat":30.9,"lon":-96.4,"wind_kt":25,"pressure_mb":1009},{"date":"20030901","time":"0600","status":"TD","lat":31.9,"lon":-96.6,"wind_kt":20,"pressure_mb":1010},{"date":"20030901","time":"1200","status":"TD","lat":32.6,"lon":-96.5,"wind_kt":20,"pressure_mb":1010},{"date":"20030901","time":"1800","status":"TD","lat":33.6,"lon":-95.7,"wind_kt":20,"pressure_mb":1011},{"date":"20030902","time":"0000","status":"TD","lat":34.1,"lon":-95,"wind_kt":15,"pressure_mb":1011},{"date":"20030902","time":"0600","status":"TD","lat":34.6,"lon":-94.5,"wind_kt":15,"pressure_mb":1013}]}},{"type":"Feature","geometry":{"type":"LineString","coordinates":[[-87.7,27.4],[-87.8,27.6],[-87.6,27.8],[-87.2,27.8],[-86.3,27.8],[-85.8,27.6],[-85.1,27.7],[-84.4,28.1],[-84.2,28.3],[-83.9,27.9],[-83.5,27.7],[-82.8,27.9],[-81.8,28.4],[-80.4,29.2],[-79.5,30],[-79.2,30.5],[-78.5,30.8],[-77.9,31.3],[-77.1,31.7],[-76.5,32.1],[-75.9,32.5],[-75.3,32.9]]},"properties":{"id":"hur-al122003","event_type":"hurricane","name":"HENRI","year":2003,"max_wind_kt":50,"min_pressure_mb":997,"category":0,"preliminary":false,"start_date":"20030903","end_date":"20030908","track":[{"date":"20030903","time":"1800","status":"TD","lat":27.4,"lon":-87.7,"wind_kt":25,"pressure_mb":1013},{"date":"20030904","time":"0000","status":"TD","lat":27.6,"lon":-87.8,"wind_kt":25,"pressure_mb":1011},{"date":"20030904","time":"0600","status":"TD","lat":27.8,"lon":-87.6,"wind_kt":25,"pressure_mb":1009},{"date":"20030904","time":"1200","status":"TD","lat":27.8,"lon":-87.2,"wind_kt":30,"pressure_mb":1010},{"date":"20030904","time":"1800","status":"TD","lat":27.8,"lon":-86.3,"wind_kt":30,"pressure_mb":1002},{"date":"20030905","time":"0000","status":"TD","lat":27.6,"lon":-85.8,"wind_kt":30,"pressure_mb":1004},{"date":"20030905","time":"0600","status":"TS","lat":27.7,"lon":-85.1,"wind_kt":35,"pressure_mb":1000},{"date":"20030905","time":"1200","status":"TS","lat":28.1,"lon":-84.4,"wind_kt":40,"pressure_mb":997},{"date":"20030905","time":"1800","status":"TS","lat":28.3,"lon":-84.2,"wind_kt":50,"pressure_mb":997},{"date":"20030906","time":"0000","status":"TD","lat":27.9,"lon":-83.9,"wind_kt":30,"pressure_mb":1002},{"date":"20030906","time":"0600","status":"TD","lat":27.7,"lon":-83.5,"wind_kt":30,"pressure_mb":1005},{"date":"20030906","time":"0900","status":"TD","lat":27.9,"lon":-82.8,"wind_kt":30,"pressure_mb":1006},{"date":"20030906","time":"1200","status":"TD","lat":28.4,"lon":-81.8,"wind_kt":25,"pressure_mb":1007},{"date":"20030906","time":"1800","status":"TD","lat":29.2,"lon":-80.4,"wind_kt":25,"pressure_mb":1006},{"date":"20030907","time":"0000","status":"TD","lat":30,"lon":-79.5,"wind_kt":30,"pressure_mb":1006},{"date":"20030907","time":"0600","status":"TD","lat":30.5,"lon":-79.2,"wind_kt":30,"pressure_mb":1008},{"date":"20030907","time":"1200","status":"TD","lat":30.8,"lon":-78.5,"wind_kt":30,"pressure_mb":1006},{"date":"20030907","time":"1800","status":"TD","lat":31.3,"lon":-77.9,"wind_kt":30,"pressure_mb":1006},{"date":"20030908","time":"0000","status":"TD","lat":31.7,"lon":-77.1,"wind_kt":30,"pressure_mb":1006},{"date":"20030908","time":"0600","status":"TD","lat":32.1,"lon":-76.5,"wind_kt":30,"pressure_mb":1007},{"date":"20030908","time":"1200","status":"TD","lat":32.5,"lon":-75.9,"wind_kt":30,"pressure_mb":1006},{"date":"20030908","time":"1800","status":"EX","lat":32.9,"lon":-75.3,"wind_kt":25,"pressure_mb":1006}]}},{"type":"Feature","geometry":{"type":"LineString","coordinates":[[-31.4,13.8],[-32.7,13.9],[-33.9,13.6],[-34.9,13.4],[-35.8,13.5],[-36.5,13.9],[-37.3,14.4],[-38.5,15.2],[-39.7,15.8],[-40.9,16.5],[-42,17.1],[-43.1,17.6],[-44.1,18.2],[-45.2,18.9],[-46.3,19.4],[-47.3,20],[-48.3,20.5],[-49.4,20.9],[-50.4,21.1],[-51.4,21.1],[-52.3,21.2],[-53.2,21.3],[-54,21.4],[-54.8,21.5],[-55.7,21.6],[-56.6,21.7],[-57.4,21.6],[-58.2,21.7],[-59.1,21.8],[-60.1,21.9],[-61,22.1],[-62.1,22.5],[-63.3,22.9],[-64.6,23.2],[-65.8,23.5],[-67,23.9],[-67.9,24.3],[-68.8,24.5],[-69.4,24.8],[-69.8,25.3],[-70.2,25.7],[-70.5,26.3],[-70.9,26.8],[-71.2,27.4],[-71.5,28.1],[-71.9,28.9],[-72.5,29.7],[-73,30.6],[-73.5,31.5],[-74.3,32.5],[-75.2,33.7],[-76.2,34.9],[-76.4,35.1],[-77.7,36.7],[-78.9,38.6],[-80.3,40.9],[-80.9,43.9],[-81,48]]},"properties":{"id":"hur-al132003","event_type":"hurricane","name":"ISABEL","year":2003,"max_wind_kt":145,"min_pressure_mb":915,"category":5,"preliminary":false,"start_date":"20030906","end_date":"20030920","track":[{"date":"20030906","time":"0000","status":"TD","lat":13.8,"lon":-31.4,"wind_kt":30,"pressure_mb":1009},{"date":"20030906","time":"0600","status":"TS","lat":13.9,"lon":-32.7,"wind_kt":35,"pressure_mb":1005},{"date":"20030906","time":"1200","status":"TS","lat":13.6,"lon":-33.9,"wind_kt":40,"pressure_mb":1003},{"date":"20030906","time":"1800","status":"TS","lat":13.4,"lon":-34.9,"wind_kt":45,"pressure_mb":1000},{"date":"20030907","time":"0000","status":"TS","lat":13.5,"lon":-35.8,"wind_kt":55,"pressure_mb":994},{"date":"20030907","time":"0600","status":"TS","lat":13.9,"lon":-36.5,"wind_kt":60,"pressure_mb":991},{"date":"20030907","time":"1200","status":"HU","lat":14.4,"lon":-37.3,"wind_kt":65,"pressure_mb":987},{"date":"20030907","time":"1800","status":"HU","lat":15.2,"lon":-38.5,"wind_kt":70,"pressure_mb":984},{"date":"20030908","time":"0000","status":"HU","lat":15.8,"lon":-39.7,"wind_kt":80,"pressure_mb":976},{"date":"20030908","time":"0600","status":"HU","lat":16.5,"lon":-40.9,"wind_kt":95,"pressure_mb":966},{"date":"20030908","time":"1200","status":"HU","lat":17.1,"lon":-42,"wind_kt":110,"pressure_mb":952},{"date":"20030908","time":"1800","status":"HU","lat":17.6,"lon":-43.1,"wind_kt":110,"pressure_mb":952},{"date":"20030909","time":"0000","status":"HU","lat":18.2,"lon":-44.1,"wind_kt":115,"pressure_mb":948},{"date":"20030909","time":"0600","status":"HU","lat":18.9,"lon":-45.2,"wind_kt":115,"pressure_mb":948},{"date":"20030909","time":"1200","status":"HU","lat":19.4,"lon":-46.3,"wind_kt":115,"pressure_mb":948},{"date":"20030909","time":"1800","status":"HU","lat":20,"lon":-47.3,"wind_kt":115,"pressure_mb":948},{"date":"20030910","time":"0000","status":"HU","lat":20.5,"lon":-48.3,"wind_kt":110,"pressure_mb":952},{"date":"20030910","time":"0600","status":"HU","lat":20.9,"lon":-49.4,"wind_kt":110,"pressure_mb":952},{"date":"20030910","time":"1200","status":"HU","lat":21.1,"lon":-50.4,"wind_kt":115,"pressure_mb":948},{"date":"20030910","time":"1800","status":"HU","lat":21.1,"lon":-51.4,"wind_kt":120,"pressure_mb":942},{"date":"20030911","time":"0000","status":"HU","lat":21.2,"lon":-52.3,"wind_kt":125,"pressure_mb":935},{"date":"20030911","time":"0600","status":"HU","lat":21.3,"lon":-53.2,"wind_kt":125,"pressure_mb":935},{"date":"20030911","time":"1200","status":"HU","lat":21.4,"lon":-54,"wind_kt":135,"pressure_mb":925},{"date":"20030911","time":"1800","status":"HU","lat":21.5,"lon":-54.8,"wind_kt":145,"pressure_mb":915},{"date":"20030912","time":"0000","status":"HU","lat":21.6,"lon":-55.7,"wind_kt":140,"pressure_mb":920},{"date":"20030912","time":"0600","status":"HU","lat":21.7,"lon":-56.6,"wind_kt":140,"pressure_mb":920},{"date":"20030912","time":"1200","status":"HU","lat":21.6,"lon":-57.4,"wind_kt":140,"pressure_mb":920},{"date":"20030912","time":"1800","status":"HU","lat":21.7,"lon":-58.2,"wind_kt":140,"pressure_mb":920},{"date":"20030913","time":"0000","status":"HU","lat":21.8,"lon":-59.1,"wind_kt":135,"pressure_mb":925},{"date":"20030913","time":"0600","status":"HU","lat":21.9,"lon":-60.1,"wind_kt":130,"pressure_mb":935},{"date":"20030913","time":"1200","status":"HU","lat":22.1,"lon":-61,"wind_kt":135,"pressure_mb":935},{"date":"20030913","time":"1800","status":"HU","lat":22.5,"lon":-62.1,"wind_kt":140,"pressure_mb":932},{"date":"20030914","time":"0000","status":"HU","lat":22.9,"lon":-63.3,"wind_kt":135,"pressure_mb":935},{"date":"20030914","time":"0600","status":"HU","lat":23.2,"lon":-64.6,"wind_kt":135,"pressure_mb":939},{"date":"20030914","time":"1200","status":"HU","lat":23.5,"lon":-65.8,"wind_kt":135,"pressure_mb":935},{"date":"20030914","time":"1800","status":"HU","lat":23.9,"lon":-67,"wind_kt":140,"pressure_mb":933},{"date":"20030915","time":"0000","status":"HU","lat":24.3,"lon":-67.9,"wind_kt":130,"pressure_mb":937},{"date":"20030915","time":"0600","status":"HU","lat":24.5,"lon":-68.8,"wind_kt":125,"pressure_mb":940},{"date":"20030915","time":"1200","status":"HU","lat":24.8,"lon":-69.4,"wind_kt":120,"pressure_mb":946},{"date":"20030915","time":"1800","status":"HU","lat":25.3,"lon":-69.8,"wind_kt":115,"pressure_mb":949},{"date":"20030916","time":"0000","status":"HU","lat":25.7,"lon":-70.2,"wind_kt":105,"pressure_mb":952},{"date":"20030916","time":"0600","status":"HU","lat":26.3,"lon":-70.5,"wind_kt":100,"pressure_mb":955},{"date":"20030916","time":"1200","status":"HU","lat":26.8,"lon":-70.9,"wind_kt":95,"pressure_mb":959},{"date":"20030916","time":"1800","status":"HU","lat":27.4,"lon":-71.2,"wind_kt":95,"pressure_mb":959},{"date":"20030917","time":"0000","status":"HU","lat":28.1,"lon":-71.5,"wind_kt":95,"pressure_mb":957},{"date":"20030917","time":"0600","status":"HU","lat":28.9,"lon":-71.9,"wind_kt":95,"pressure_mb":957},{"date":"20030917","time":"1200","status":"HU","lat":29.7,"lon":-72.5,"wind_kt":90,"pressure_mb":957},{"date":"20030917","time":"1800","status":"HU","lat":30.6,"lon":-73,"wind_kt":90,"pressure_mb":955},{"date":"20030918","time":"0000","status":"HU","lat":31.5,"lon":-73.5,"wind_kt":90,"pressure_mb":953},{"date":"20030918","time":"0600","status":"HU","lat":32.5,"lon":-74.3,"wind_kt":90,"pressure_mb":956},{"date":"20030918","time":"1200","status":"HU","lat":33.7,"lon":-75.2,"wind_kt":90,"pressure_mb":956},{"date":"20030918","time":"1700","status":"HU","lat":34.9,"lon":-76.2,"wind_kt":90,"pressure_mb":957},{"date":"20030918","time":"1800","status":"HU","lat":35.1,"lon":-76.4,"wind_kt":85,"pressure_mb":958},{"date":"20030919","time":"0000","status":"HU","lat":36.7,"lon":-77.7,"wind_kt":65,"pressure_mb":969},{"date":"20030919","time":"0600","status":"TS","lat":38.6,"lon":-78.9,"wind_kt":50,"pressure_mb":988},{"date":"20030919","time":"1200","status":"EX","lat":40.9,"lon":-80.3,"wind_kt":35,"pressure_mb":997},{"date":"20030919","time":"1800","status":"EX","lat":43.9,"lon":-80.9,"wind_kt":30,"pressure_mb":1000},{"date":"20030920","time":"0000","status":"EX","lat":48,"lon":-81,"wind_kt":25,"pressure_mb":1000}]}},{"type":"Feature","geometry":{"type":"LineString","coordinates":[[-21.7,11.6],[-22.2,11.4],[-22.6,11.2],[-23,11.2],[-23.6,11.6],[-24.4,12.4],[-24.9,13.6],[-25,14.6],[-25.1,15.3],[-25.2,15.9]]},"properties":{"id":"hur-al142003","event_type":"hurricane","name":null,"year":2003,"max_wind_kt":30,"min_pressure_mb":1007,"category":-1,"preliminary":false,"start_date":"20030908","end_date":"20030910","track":[{"date":"20030908","time":"0600","status":"TD","lat":11.6,"lon":-21.7,"wind_kt":25,"pressure_mb":1009},{"date":"20030908","time":"1200","status":"TD","lat":11.4,"lon":-22.2,"wind_kt":25,"pressure_mb":1009},{"date":"20030908","time":"1800","status":"TD","lat":11.2,"lon":-22.6,"wind_kt":25,"pressure_mb":1009},{"date":"20030909","time":"0000","status":"TD","lat":11.2,"lon":-23,"wind_kt":25,"pressure_mb":1008},{"date":"20030909","time":"0600","status":"TD","lat":11.6,"lon":-23.6,"wind_kt":25,"pressure_mb":1007},{"date":"20030909","time":"1200","status":"TD","lat":12.4,"lon":-24.4,"wind_kt":30,"pressure_mb":1007},{"date":"20030909","time":"1800","status":"TD","lat":13.6,"lon":-24.9,"wind_kt":30,"pressure_mb":1007},{"date":"20030910","time":"0000","status":"TD","lat":14.6,"lon":-25,"wind_kt":25,"pressure_mb":1008},{"date":"20030910","time":"0600","status":"TD","lat":15.3,"lon":-25.1,"wind_kt":25,"pressure_mb":1009},{"date":"20030910","time":"1200","status":"TD","lat":15.9,"lon":-25.2,"wind_kt":25,"pressure_mb":1010}]}},{"type":"Feature","geometry":{"type":"LineString","coordinates":[[-62.4,28.2],[-62.2,28.3],[-62,28.4],[-61.7,28.8],[-61.4,29.2],[-61.6,30.4],[-61.8,30.9],[-61.8,31.1],[-62,31.8],[-62,32.5],[-62,33.3],[-62.2,34.4],[-62.8,35.2],[-63.2,35.5],[-63.6,36.3],[-64,37.1],[-64.1,38.5],[-64.1,40.2],[-63.9,42.8],[-63.8,44.4],[-63.8,46],[-62.4,49.8]]},"properties":{"id":"hur-al152003","event_type":"hurricane","name":"JUAN","year":2003,"max_wind_kt":90,"min_pressure_mb":969,"category":2,"preliminary":false,"start_date":"20030924","end_date":"20030929","track":[{"date":"20030924","time":"1200","status":"TD","lat":28.2,"lon":-62.4,"wind_kt":25,"pressure_mb":1009},{"date":"20030924","time":"1800","status":"TD","lat":28.3,"lon":-62.2,"wind_kt":30,"pressure_mb":1007},{"date":"20030925","time":"0000","status":"TS","lat":28.4,"lon":-62,"wind_kt":35,"pressure_mb":1006},{"date":"20030925","time":"0600","status":"TS","lat":28.8,"lon":-61.7,"wind_kt":40,"pressure_mb":1002},{"date":"20030925","time":"1200","status":"TS","lat":29.2,"lon":-61.4,"wind_kt":45,"pressure_mb":1000},{"date":"20030925","time":"1800","status":"TS","lat":30.4,"lon":-61.6,"wind_kt":50,"pressure_mb":996},{"date":"20030926","time":"0000","status":"TS","lat":30.9,"lon":-61.8,"wind_kt":55,"pressure_mb":992},{"date":"20030926","time":"0600","status":"TS","lat":31.1,"lon":-61.8,"wind_kt":60,"pressure_mb":990},{"date":"20030926","time":"1200","status":"HU","lat":31.8,"lon":-62,"wind_kt":65,"pressure_mb":987},{"date":"20030926","time":"1800","status":"HU","lat":32.5,"lon":-62,"wind_kt":70,"pressure_mb":987},{"date":"20030927","time":"0000","status":"HU","lat":33.3,"lon":-62,"wind_kt":75,"pressure_mb":984},{"date":"20030927","time":"0600","status":"HU","lat":34.4,"lon":-62.2,"wind_kt":75,"pressure_mb":981},{"date":"20030927","time":"1200","status":"HU","lat":35.2,"lon":-62.8,"wind_kt":75,"pressure_mb":979},{"date":"20030927","time":"1800","status":"HU","lat":35.5,"lon":-63.2,"wind_kt":90,"pressure_mb":969},{"date":"20030928","time":"0000","status":"HU","lat":36.3,"lon":-63.6,"wind_kt":90,"pressure_mb":970},{"date":"20030928","time":"0600","status":"HU","lat":37.1,"lon":-64,"wind_kt":90,"pressure_mb":970},{"date":"20030928","time":"1200","status":"HU","lat":38.5,"lon":-64.1,"wind_kt":90,"pressure_mb":970},{"date":"20030928","time":"1800","status":"HU","lat":40.2,"lon":-64.1,"wind_kt":90,"pressure_mb":970},{"date":"20030929","time":"0000","status":"HU","lat":42.8,"lon":-63.9,"wind_kt":85,"pressure_mb":972},{"date":"20030929","time":"0300","status":"HU","lat":44.4,"lon":-63.8,"wind_kt":85,"pressure_mb":973},{"date":"20030929","time":"0600","status":"HU","lat":46,"lon":-63.8,"wind_kt":65,"pressure_mb":982},{"date":"20030929","time":"1200","status":"TS","lat":49.8,"lon":-62.4,"wind_kt":45,"pressure_mb":995}]}},{"type":"Feature","geometry":{"type":"LineString","coordinates":[[-37.7,11.8],[-38.5,12.8],[-39.4,14],[-40.2,15.2],[-41,16.6],[-41.8,18],[-43,19.2],[-43.8,20],[-44.2,21],[-44.5,22],[-44.3,23],[-43.6,23.9],[-42.6,24.8],[-41.3,26.1],[-39.9,27.2],[-38.2,28.3],[-36.8,29.2],[-35.4,30],[-34.8,30.8],[-35.1,31.8],[-36,32.6],[-37.1,32.5],[-38.3,32.4],[-39.6,32.2],[-40.9,31.7],[-42.1,31.1],[-43,30.3],[-43.6,30.1],[-44.7,29.9],[-45.8,29.6],[-46.9,29.4],[-47.8,29.4],[-49.1,29.6],[-50.3,29.9],[-51.6,30.1],[-52.8,30.1],[-54,30.2],[-54.7,30.3],[-55.5,30.4],[-56.1,30.7],[-56.4,31.4],[-56.2,32.3],[-56,33.5],[-55.6,35.2],[-55,36.9],[-54,38.6],[-52.1,40.5],[-49.5,43.8],[-47.2,47.5],[-44,52],[-40.5,56.5],[-37,59.5],[-33.4,61.1],[-28.7,62.1],[-24,62.5],[-19,62.6],[-12.6,62.5],[-6,63]]},"properties":{"id":"hur-al162003","event_type":"hurricane","name":"KATE","year":2003,"max_wind_kt":110,"min_pressure_mb":952,"category":3,"preliminary":false,"start_date":"20030925","end_date":"20031010","track":[{"date":"20030925","time":"1800","status":"TD","lat":11.8,"lon":-37.7,"wind_kt":30,"pressure_mb":1008},{"date":"20030926","time":"0000","status":"TD","lat":12.8,"lon":-38.5,"wind_kt":30,"pressure_mb":1008},{"date":"20030926","time":"0600","status":"TD","lat":14,"lon":-39.4,"wind_kt":30,"pressure_mb":1008},{"date":"20030926","time":"1200","status":"TD","lat":15.2,"lon":-40.2,"wind_kt":30,"pressure_mb":1007},{"date":"20030926","time":"1800","status":"TD","lat":16.6,"lon":-41,"wind_kt":30,"pressure_mb":1007},{"date":"20030927","time":"0000","status":"TD","lat":18,"lon":-41.8,"wind_kt":30,"pressure_mb":1007},{"date":"20030927","time":"0600","status":"TD","lat":19.2,"lon":-43,"wind_kt":30,"pressure_mb":1007},{"date":"20030927","time":"1200","status":"TD","lat":20,"lon":-43.8,"wind_kt":30,"pressure_mb":1007},{"date":"20030927","time":"1800","status":"TS","lat":21,"lon":-44.2,"wind_kt":35,"pressure_mb":1005},{"date":"20030928","time":"0000","status":"TS","lat":22,"lon":-44.5,"wind_kt":45,"pressure_mb":1000},{"date":"20030928","time":"0600","status":"TS","lat":23,"lon":-44.3,"wind_kt":50,"pressure_mb":997},{"date":"20030928","time":"1200","status":"TS","lat":23.9,"lon":-43.6,"wind_kt":50,"pressure_mb":997},{"date":"20030928","time":"1800","status":"TS","lat":24.8,"lon":-42.6,"wind_kt":50,"pressure_mb":997},{"date":"20030929","time":"0000","status":"TS","lat":26.1,"lon":-41.3,"wind_kt":50,"pressure_mb":997},{"date":"20030929","time":"0600","status":"TS","lat":27.2,"lon":-39.9,"wind_kt":55,"pressure_mb":994},{"date":"20030929","time":"1200","status":"TS","lat":28.3,"lon":-38.2,"wind_kt":55,"pressure_mb":991},{"date":"20030929","time":"1800","status":"HU","lat":29.2,"lon":-36.8,"wind_kt":65,"pressure_mb":987},{"date":"20030930","time":"0000","status":"HU","lat":30,"lon":-35.4,"wind_kt":65,"pressure_mb":987},{"date":"20030930","time":"0600","status":"TS","lat":30.8,"lon":-34.8,"wind_kt":55,"pressure_mb":992},{"date":"20030930","time":"1200","status":"TS","lat":31.8,"lon":-35.1,"wind_kt":55,"pressure_mb":992},{"date":"20030930","time":"1800","status":"TS","lat":32.6,"lon":-36,"wind_kt":50,"pressure_mb":996},{"date":"20031001","time":"0000","status":"TS","lat":32.5,"lon":-37.1,"wind_kt":50,"pressure_mb":997},{"date":"20031001","time":"0600","status":"TS","lat":32.4,"lon":-38.3,"wind_kt":50,"pressure_mb":997},{"date":"20031001","time":"1200","status":"TS","lat":32.2,"lon":-39.6,"wind_kt":55,"pressure_mb":994},{"date":"20031001","time":"1800","status":"HU","lat":31.7,"lon":-40.9,"wind_kt":65,"pressure_mb":987},{"date":"20031002","time":"0000","status":"HU","lat":31.1,"lon":-42.1,"wind_kt":65,"pressure_mb":987},{"date":"20031002","time":"0600","status":"HU","lat":30.3,"lon":-43,"wind_kt":75,"pressure_mb":979},{"date":"20031002","time":"1200","status":"HU","lat":30.1,"lon":-43.6,"wind_kt":75,"pressure_mb":979},{"date":"20031002","time":"1800","status":"HU","lat":29.9,"lon":-44.7,"wind_kt":80,"pressure_mb":976},{"date":"20031003","time":"0000","status":"HU","lat":29.6,"lon":-45.8,"wind_kt":80,"pressure_mb":976},{"date":"20031003","time":"0600","status":"HU","lat":29.4,"lon":-46.9,"wind_kt":90,"pressure_mb":970},{"date":"20031003","time":"1200","status":"HU","lat":29.4,"lon":-47.8,"wind_kt":90,"pressure_mb":970},{"date":"20031003","time":"1800","status":"HU","lat":29.6,"lon":-49.1,"wind_kt":100,"pressure_mb":962},{"date":"20031004","time":"0000","status":"HU","lat":29.9,"lon":-50.3,"wind_kt":100,"pressure_mb":962},{"date":"20031004","time":"0600","status":"HU","lat":30.1,"lon":-51.6,"wind_kt":100,"pressure_mb":962},{"date":"20031004","time":"1200","status":"HU","lat":30.1,"lon":-52.8,"wind_kt":105,"pressure_mb":956},{"date":"20031004","time":"1800","status":"HU","lat":30.2,"lon":-54,"wind_kt":110,"pressure_mb":952},{"date":"20031005","time":"0000","status":"HU","lat":30.3,"lon":-54.7,"wind_kt":100,"pressure_mb":962},{"date":"20031005","time":"0600","status":"HU","lat":30.4,"lon":-55.5,"wind_kt":95,"pressure_mb":968},{"date":"20031005","time":"1200","status":"HU","lat":30.7,"lon":-56.1,"wind_kt":90,"pressure_mb":973},{"date":"20031005","time":"1800","status":"HU","lat":31.4,"lon":-56.4,"wind_kt":85,"pressure_mb":975},{"date":"20031006","time":"0000","status":"HU","lat":32.3,"lon":-56.2,"wind_kt":80,"pressure_mb":977},{"date":"20031006","time":"0600","status":"HU","lat":33.5,"lon":-56,"wind_kt":80,"pressure_mb":977},{"date":"20031006","time":"1200","status":"HU","lat":35.2,"lon":-55.6,"wind_kt":75,"pressure_mb":979},{"date":"20031006","time":"1800","status":"HU","lat":36.9,"lon":-55,"wind_kt":70,"pressure_mb":983},{"date":"20031007","time":"0000","status":"HU","lat":38.6,"lon":-54,"wind_kt":65,"pressure_mb":987},{"date":"20031007","time":"0600","status":"TS","lat":40.5,"lon":-52.1,"wind_kt":60,"pressure_mb":987},{"date":"20031007","time":"1200","status":"TS","lat":43.8,"lon":-49.5,"wind_kt":60,"pressure_mb":987},{"date":"20031007","time":"1800","status":"TS","lat":47.5,"lon":-47.2,"wind_kt":60,"pressure_mb":980},{"date":"20031008","time":"0000","status":"EX","lat":52,"lon":-44,"wind_kt":60,"pressure_mb":978},{"date":"20031008","time":"0600","status":"EX","lat":56.5,"lon":-40.5,"wind_kt":65,"pressure_mb":974},{"date":"20031008","time":"1200","status":"EX","lat":59.5,"lon":-37,"wind_kt":65,"pressure_mb":974},{"date":"20031008","time":"1800","status":"EX","lat":61.1,"lon":-33.4,"wind_kt":65,"pressure_mb":970},{"date":"20031009","time":"0000","status":"EX","lat":62.1,"lon":-28.7,"wind_kt":60,"pressure_mb":970},{"date":"20031009","time":"0600","status":"EX","lat":62.5,"lon":-24,"wind_kt":55,"pressure_mb":972},{"date":"20031009","time":"1200","status":"EX","lat":62.6,"lon":-19,"wind_kt":55,"pressure_mb":973},{"date":"20031009","time":"1800","status":"EX","lat":62.5,"lon":-12.6,"wind_kt":50,"pressure_mb":976},{"date":"20031010","time":"0000","status":"EX","lat":63,"lon":-6,"wind_kt":50,"pressure_mb":980}]}},{"type":"Feature","geometry":{"type":"LineString","coordinates":[[-84.7,18.5],[-84.9,18.7],[-85.3,19],[-86,19.3],[-86.9,19.7],[-87.5,20],[-88.2,20.3],[-88.9,20.6],[-89.6,21],[-90.5,21.2],[-91.5,21.4],[-92.1,21.3],[-92.5,21.2],[-92.9,20.9],[-92.9,20.9],[-93,21],[-93.2,21],[-93.4,20.9],[-93.4,20.7],[-93.4,20.5],[-93.6,20.4],[-94,20.5],[-94.3,20.3],[-94.5,20.1],[-94.7,19.9],[-94.5,19.6],[-94,19.5],[-93.8,19.3],[-93.8,18.8],[-93.6,18.6],[-93.5,18.5],[-93.5,18.4],[-93.5,18.4],[-93.7,18.2],[-93.8,17.9],[-93.9,17.5],[-94.1,17.2],[-94.3,16.9],[-94.5,16.6],[-94.7,16.3],[-95,16],[-95.3,15.8]]},"properties":{"id":"hur-al172003","event_type":"hurricane","name":"LARRY","year":2003,"max_wind_kt":55,"min_pressure_mb":993,"category":0,"preliminary":false,"start_date":"20030927","end_date":"20031007","track":[{"date":"20030927","time":"1800","status":"LO","lat":18.5,"lon":-84.7,"wind_kt":15,"pressure_mb":1009},{"date":"20030928","time":"0000","status":"LO","lat":18.7,"lon":-84.9,"wind_kt":15,"pressure_mb":1009},{"date":"20030928","time":"0600","status":"LO","lat":19,"lon":-85.3,"wind_kt":20,"pressure_mb":1008},{"date":"20030928","time":"1200","status":"LO","lat":19.3,"lon":-86,"wind_kt":20,"pressure_mb":1008},{"date":"20030928","time":"1800","status":"LO","lat":19.7,"lon":-86.9,"wind_kt":20,"pressure_mb":1008},{"date":"20030929","time":"0000","status":"LO","lat":20,"lon":-87.5,"wind_kt":20,"pressure_mb":1007},{"date":"20030929","time":"0600","status":"LO","lat":20.3,"lon":-88.2,"wind_kt":20,"pressure_mb":1007},{"date":"20030929","time":"1200","status":"LO","lat":20.6,"lon":-88.9,"wind_kt":20,"pressure_mb":1007},{"date":"20030929","time":"1800","status":"LO","lat":21,"lon":-89.6,"wind_kt":20,"pressure_mb":1007},{"date":"20030930","time":"0000","status":"EX","lat":21.2,"lon":-90.5,"wind_kt":25,"pressure_mb":1007},{"date":"20030930","time":"0600","status":"EX","lat":21.4,"lon":-91.5,"wind_kt":25,"pressure_mb":1007},{"date":"20030930","time":"1200","status":"EX","lat":21.3,"lon":-92.1,"wind_kt":30,"pressure_mb":1007},{"date":"20030930","time":"1800","status":"EX","lat":21.2,"lon":-92.5,"wind_kt":35,"pressure_mb":1006},{"date":"20031001","time":"0000","status":"EX","lat":20.9,"lon":-92.9,"wind_kt":40,"pressure_mb":1006},{"date":"20031001","time":"0600","status":"EX","lat":20.9,"lon":-92.9,"wind_kt":40,"pressure_mb":1005},{"date":"20031001","time":"1200","status":"EX","lat":21,"lon":-93,"wind_kt":40,"pressure_mb":1004},{"date":"20031001","time":"1800","status":"TS","lat":21,"lon":-93.2,"wind_kt":45,"pressure_mb":1003},{"date":"20031002","time":"0000","status":"TS","lat":20.9,"lon":-93.4,"wind_kt":45,"pressure_mb":1002},{"date":"20031002","time":"0600","status":"TS","lat":20.7,"lon":-93.4,"wind_kt":45,"pressure_mb":1000},{"date":"20031002","time":"1200","status":"TS","lat":20.5,"lon":-93.4,"wind_kt":45,"pressure_mb":998},{"date":"20031002","time":"1800","status":"TS","lat":20.4,"lon":-93.6,"wind_kt":50,"pressure_mb":996},{"date":"20031003","time":"0000","status":"TS","lat":20.5,"lon":-94,"wind_kt":55,"pressure_mb":993},{"date":"20031003","time":"0600","status":"TS","lat":20.3,"lon":-94.3,"wind_kt":50,"pressure_mb":994},{"date":"20031003","time":"1200","status":"TS","lat":20.1,"lon":-94.5,"wind_kt":50,"pressure_mb":994},{"date":"20031003","time":"1800","status":"TS","lat":19.9,"lon":-94.7,"wind_kt":50,"pressure_mb":995},{"date":"20031004","time":"0000","status":"TS","lat":19.6,"lon":-94.5,"wind_kt":50,"pressure_mb":995},{"date":"20031004","time":"0600","status":"TS","lat":19.5,"lon":-94,"wind_kt":50,"pressure_mb":994},{"date":"20031004","time":"1200","status":"TS","lat":19.3,"lon":-93.8,"wind_kt":50,"pressure_mb":994},{"date":"20031004","time":"1800","status":"TS","lat":18.8,"lon":-93.8,"wind_kt":50,"pressure_mb":996},{"date":"20031005","time":"0000","status":"TS","lat":18.6,"lon":-93.6,"wind_kt":50,"pressure_mb":996},{"date":"20031005","time":"0600","status":"TS","lat":18.5,"lon":-93.5,"wind_kt":50,"pressure_mb":996},{"date":"20031005","time":"1000","status":"TS","lat":18.4,"lon":-93.5,"wind_kt":50,"pressure_mb":996},{"date":"20031005","time":"1200","status":"TS","lat":18.4,"lon":-93.5,"wind_kt":50,"pressure_mb":997},{"date":"20031005","time":"1800","status":"TS","lat":18.2,"lon":-93.7,"wind_kt":40,"pressure_mb":1000},{"date":"20031006","time":"0000","status":"TS","lat":17.9,"lon":-93.8,"wind_kt":35,"pressure_mb":1003},{"date":"20031006","time":"0600","status":"TD","lat":17.5,"lon":-93.9,"wind_kt":25,"pressure_mb":1005},{"date":"20031006","time":"1200","status":"LO","lat":17.2,"lon":-94.1,"wind_kt":20,"pressure_mb":1006},{"date":"20031006","time":"1800","status":"LO","lat":16.9,"lon":-94.3,"wind_kt":20,"pressure_mb":1006},{"date":"20031007","time":"0000","status":"LO","lat":16.6,"lon":-94.5,"wind_kt":15,"pressure_mb":1007},{"date":"20031007","time":"0600","status":"LO","lat":16.3,"lon":-94.7,"wind_kt":15,"pressure_mb":1007},{"date":"20031007","time":"1200","status":"LO","lat":16,"lon":-95,"wind_kt":15,"pressure_mb":1008},{"date":"20031007","time":"1800","status":"LO","lat":15.8,"lon":-95.3,"wind_kt":15,"pressure_mb":1009}]}},{"type":"Feature","geometry":{"type":"LineString","coordinates":[[-68.8,19.1],[-69.7,20.1],[-70.4,20.9],[-71.3,21.8],[-71.5,22.7],[-71.9,23.6],[-72.4,24],[-72.2,24.7],[-72,25.5],[-71,25.6],[-70.3,25.7],[-69.3,25.8],[-68.3,25.9],[-67.7,25.9]]},"properties":{"id":"hur-al182003","event_type":"hurricane","name":"MINDY","year":2003,"max_wind_kt":40,"min_pressure_mb":1002,"category":0,"preliminary":false,"start_date":"20031010","end_date":"20031014","track":[{"date":"20031010","time":"1800","status":"TS","lat":19.1,"lon":-68.8,"wind_kt":40,"pressure_mb":1004},{"date":"20031011","time":"0000","status":"TS","lat":20.1,"lon":-69.7,"wind_kt":40,"pressure_mb":1002},{"date":"20031011","time":"0600","status":"TS","lat":20.9,"lon":-70.4,"wind_kt":40,"pressure_mb":1003},{"date":"20031011","time":"1200","status":"TS","lat":21.8,"lon":-71.3,"wind_kt":35,"pressure_mb":1007},{"date":"20031011","time":"1800","status":"TS","lat":22.7,"lon":-71.5,"wind_kt":35,"pressure_mb":1007},{"date":"20031012","time":"0000","status":"TS","lat":23.6,"lon":-71.9,"wind_kt":35,"pressure_mb":1006},{"date":"20031012","time":"0600","status":"TD","lat":24,"lon":-72.4,"wind_kt":30,"pressure_mb":1007},{"date":"20031012","time":"1200","status":"TD","lat":24.7,"lon":-72.2,"wind_kt":30,"pressure_mb":1008},{"date":"20031012","time":"1800","status":"TD","lat":25.5,"lon":-72,"wind_kt":30,"pressure_mb":1008},{"date":"20031013","time":"0000","status":"TD","lat":25.6,"lon":-71,"wind_kt":30,"pressure_mb":1008},{"date":"20031013","time":"0600","status":"TD","lat":25.7,"lon":-70.3,"wind_kt":30,"pressure_mb":1008},{"date":"20031013","time":"1200","status":"TD","lat":25.8,"lon":-69.3,"wind_kt":30,"pressure_mb":1008},{"date":"20031013","time":"1800","status":"TD","lat":25.9,"lon":-68.3,"wind_kt":30,"pressure_mb":1007},{"date":"20031014","time":"0000","status":"TD","lat":25.9,"lon":-67.7,"wind_kt":25,"pressure_mb":1008}]}},{"type":"Feature","geometry":{"type":"LineString","coordinates":[[-37,9.5],[-37.7,9.5],[-38.4,9.6],[-38.9,9.9],[-39.5,10.2],[-40.3,10.5],[-41.1,10.7],[-41.9,10.9],[-42.5,11.2],[-43.1,11.5],[-43.7,11.8],[-44.3,12.2],[-45,12.6],[-45.6,13.1],[-46,13.5],[-46.6,14],[-47.2,14.4],[-47.6,15],[-48,15.5],[-48.1,16.1],[-48.1,16.3],[-47.9,16.3],[-47.8,16.5],[-47.7,16.7],[-47.6,17],[-47.4,17.3],[-47.3,17.6],[-47.5,17.6],[-47.7,17.4],[-47.9,17.6],[-48.1,17.8],[-48.9,18.1],[-49.7,18.4],[-50.3,18.6],[-51,18.7],[-52,18.6],[-52.9,18.5],[-53.6,18.5],[-54.1,18.8],[-54.6,19.5],[-55.4,20.4],[-56,21.5],[-56.4,22.5],[-56.9,23.6],[-56.7,25.1],[-56.4,27.1],[-56.1,28.8],[-55.7,30.2],[-54.8,31.4],[-53.5,32.2],[-52,32.4],[-50.5,32.5],[-49.5,31.9],[-49.1,30.7],[-49,29.3],[-49.6,28.3],[-50.5,27.4],[-52,26.7],[-53.7,26.4],[-55.5,26.6],[-57.3,27.1],[-59.1,27.9],[-60.8,28.9],[-62.8,29.5],[-65.1,29.4],[-67.1,29.3],[-68,29.5],[-68,30.1],[-67.2,30.4],[-66.4,30.4],[-65.8,30],[-65.3,29.3],[-65.5,28.7],[-66,28.3],[-66.3,27.7],[-66.4,27],[-66.3,26.4],[-66,26.5],[-66.3,27],[-67,27.7]]},"properties":{"id":"hur-al192003","event_type":"hurricane","name":"NICHOLAS","year":2003,"max_wind_kt":60,"min_pressure_mb":990,"category":0,"preliminary":false,"start_date":"20031013","end_date":"20031101","track":[{"date":"20031013","time":"0000","status":"TD","lat":9.5,"lon":-37,"wind_kt":25,"pressure_mb":1009},{"date":"20031013","time":"0600","status":"TD","lat":9.5,"lon":-37.7,"wind_kt":25,"pressure_mb":1008},{"date":"20031013","time":"1200","status":"TD","lat":9.6,"lon":-38.4,"wind_kt":25,"pressure_mb":1008},{"date":"20031013","time":"1800","status":"TD","lat":9.9,"lon":-38.9,"wind_kt":30,"pressure_mb":1007},{"date":"20031014","time":"0000","status":"TD","lat":10.2,"lon":-39.5,"wind_kt":30,"pressure_mb":1006},{"date":"20031014","time":"0600","status":"TD","lat":10.5,"lon":-40.3,"wind_kt":30,"pressure_mb":1006},{"date":"20031014","time":"1200","status":"TD","lat":10.7,"lon":-41.1,"wind_kt":30,"pressure_mb":1006},{"date":"20031014","time":"1800","status":"TS","lat":10.9,"lon":-41.9,"wind_kt":35,"pressure_mb":1005},{"date":"20031015","time":"0000","status":"TS","lat":11.2,"lon":-42.5,"wind_kt":40,"pressure_mb":1003},{"date":"20031015","time":"0600","status":"TS","lat":11.5,"lon":-43.1,"wind_kt":45,"pressure_mb":1000},{"date":"20031015","time":"1200","status":"TS","lat":11.8,"lon":-43.7,"wind_kt":45,"pressure_mb":1000},{"date":"20031015","time":"1800","status":"TS","lat":12.2,"lon":-44.3,"wind_kt":45,"pressure_mb":1000},{"date":"20031016","time":"0000","status":"TS","lat":12.6,"lon":-45,"wind_kt":45,"pressure_mb":1000},{"date":"20031016","time":"0600","status":"TS","lat":13.1,"lon":-45.6,"wind_kt":45,"pressure_mb":1000},{"date":"20031016","time":"1200","status":"TS","lat":13.5,"lon":-46,"wind_kt":50,"pressure_mb":997},{"date":"20031016","time":"1800","status":"TS","lat":14,"lon":-46.6,"wind_kt":55,"pressure_mb":994},{"date":"20031017","time":"0000","status":"TS","lat":14.4,"lon":-47.2,"wind_kt":55,"pressure_mb":995},{"date":"20031017","time":"0600","status":"TS","lat":15,"lon":-47.6,"wind_kt":55,"pressure_mb":994},{"date":"20031017","time":"1200","status":"TS","lat":15.5,"lon":-48,"wind_kt":60,"pressure_mb":990},{"date":"20031017","time":"1800","status":"TS","lat":16.1,"lon":-48.1,"wind_kt":55,"pressure_mb":994},{"date":"20031018","time":"0000","status":"TS","lat":16.3,"lon":-48.1,"wind_kt":55,"pressure_mb":994},{"date":"20031018","time":"0600","status":"TS","lat":16.3,"lon":-47.9,"wind_kt":55,"pressure_mb":994},{"date":"20031018","time":"1200","status":"TS","lat":16.5,"lon":-47.8,"wind_kt":55,"pressure_mb":994},{"date":"20031018","time":"1800","status":"TS","lat":16.7,"lon":-47.7,"wind_kt":50,"pressure_mb":997},{"date":"20031019","time":"0000","status":"TS","lat":17,"lon":-47.6,"wind_kt":50,"pressure_mb":997},{"date":"20031019","time":"0600","status":"TS","lat":17.3,"lon":-47.4,"wind_kt":50,"pressure_mb":997},{"date":"20031019","time":"1200","status":"TS","lat":17.6,"lon":-47.3,"wind_kt":50,"pressure_mb":997},{"date":"20031019","time":"1800","status":"TS","lat":17.6,"lon":-47.5,"wind_kt":45,"pressure_mb":1000},{"date":"20031020","time":"0000","status":"TS","lat":17.4,"lon":-47.7,"wind_kt":45,"pressure_mb":1000},{"date":"20031020","time":"0600","status":"TS","lat":17.6,"lon":-47.9,"wind_kt":45,"pressure_mb":1000},{"date":"20031020","time":"1200","status":"TS","lat":17.8,"lon":-48.1,"wind_kt":40,"pressure_mb":1002},{"date":"20031020","time":"1800","status":"TS","lat":18.1,"lon":-48.9,"wind_kt":35,"pressure_mb":1005},{"date":"20031021","time":"0000","status":"TS","lat":18.4,"lon":-49.7,"wind_kt":35,"pressure_mb":1005},{"date":"20031021","time":"0600","status":"TS","lat":18.6,"lon":-50.3,"wind_kt":40,"pressure_mb":1002},{"date":"20031021","time":"1200","status":"TS","lat":18.7,"lon":-51,"wind_kt":45,"pressure_mb":1000},{"date":"20031021","time":"1800","status":"TS","lat":18.6,"lon":-52,"wind_kt":45,"pressure_mb":1000},{"date":"20031022","time":"0000","status":"TS","lat":18.5,"lon":-52.9,"wind_kt":40,"pressure_mb":1002},{"date":"20031022","time":"0600","status":"TS","lat":18.5,"lon":-53.6,"wind_kt":35,"pressure_mb":1005},{"date":"20031022","time":"1200","status":"TS","lat":18.8,"lon":-54.1,"wind_kt":35,"pressure_mb":1005},{"date":"20031022","time":"1800","status":"TS","lat":19.5,"lon":-54.6,"wind_kt":35,"pressure_mb":1005},{"date":"20031023","time":"0000","status":"TS","lat":20.4,"lon":-55.4,"wind_kt":35,"pressure_mb":1005},{"date":"20031023","time":"0600","status":"TD","lat":21.5,"lon":-56,"wind_kt":30,"pressure_mb":1006},{"date":"20031023","time":"1200","status":"TD","lat":22.5,"lon":-56.4,"wind_kt":30,"pressure_mb":1007},{"date":"20031023","time":"1800","status":"TD","lat":23.6,"lon":-56.9,"wind_kt":30,"pressure_mb":1008},{"date":"20031024","time":"0000","status":"LO","lat":25.1,"lon":-56.7,"wind_kt":25,"pressure_mb":1009},{"date":"20031024","time":"0600","status":"LO","lat":27.1,"lon":-56.4,"wind_kt":25,"pressure_mb":1010},{"date":"20031024","time":"1200","status":"LO","lat":28.8,"lon":-56.1,"wind_kt":25,"pressure_mb":1011},{"date":"20031024","time":"1800","status":"EX","lat":30.2,"lon":-55.7,"wind_kt":25,"pressure_mb":1012},{"date":"20031025","time":"0000","status":"EX","lat":31.4,"lon":-54.8,"wind_kt":20,"pressure_mb":1013},{"date":"20031025","time":"0600","status":"EX","lat":32.2,"lon":-53.5,"wind_kt":20,"pressure_mb":1014},{"date":"20031025","time":"1200","status":"EX","lat":32.4,"lon":-52,"wind_kt":20,"pressure_mb":1014},{"date":"20031025","time":"1800","status":"EX","lat":32.5,"lon":-50.5,"wind_kt":20,"pressure_mb":1013},{"date":"20031026","time":"0000","status":"EX","lat":31.9,"lon":-49.5,"wind_kt":20,"pressure_mb":1013},{"date":"20031026","time":"0600","status":"EX","lat":30.7,"lon":-49.1,"wind_kt":25,"pressure_mb":1012},{"date":"20031026","time":"1200","status":"EX","lat":29.3,"lon":-49,"wind_kt":30,"pressure_mb":1010},{"date":"20031026","time":"1800","status":"EX","lat":28.3,"lon":-49.6,"wind_kt":30,"pressure_mb":1008},{"date":"20031027","time":"0000","status":"EX","lat":27.4,"lon":-50.5,"wind_kt":30,"pressure_mb":1007},{"date":"20031027","time":"0600","status":"EX","lat":26.7,"lon":-52,"wind_kt":35,"pressure_mb":1007},{"date":"20031027","time":"1200","status":"EX","lat":26.4,"lon":-53.7,"wind_kt":35,"pressure_mb":1007},{"date":"20031027","time":"1800","status":"EX","lat":26.6,"lon":-55.5,"wind_kt":35,"pressure_mb":1007},{"date":"20031028","time":"0000","status":"EX","lat":27.1,"lon":-57.3,"wind_kt":30,"pressure_mb":1008},{"date":"20031028","time":"0600","status":"EX","lat":27.9,"lon":-59.1,"wind_kt":30,"pressure_mb":1009},{"date":"20031028","time":"1200","status":"EX","lat":28.9,"lon":-60.8,"wind_kt":30,"pressure_mb":1009},{"date":"20031028","time":"1800","status":"EX","lat":29.5,"lon":-62.8,"wind_kt":30,"pressure_mb":1009},{"date":"20031029","time":"0000","status":"EX","lat":29.4,"lon":-65.1,"wind_kt":25,"pressure_mb":1009},{"date":"20031029","time":"0600","status":"EX","lat":29.3,"lon":-67.1,"wind_kt":25,"pressure_mb":1009},{"date":"20031029","time":"1200","status":"EX","lat":29.5,"lon":-68,"wind_kt":25,"pressure_mb":1009},{"date":"20031029","time":"1800","status":"EX","lat":30.1,"lon":-68,"wind_kt":25,"pressure_mb":1009},{"date":"20031030","time":"0000","status":"EX","lat":30.4,"lon":-67.2,"wind_kt":25,"pressure_mb":1009},{"date":"20031030","time":"0600","status":"EX","lat":30.4,"lon":-66.4,"wind_kt":25,"pressure_mb":1009},{"date":"20031030","time":"1200","status":"EX","lat":30,"lon":-65.8,"wind_kt":30,"pressure_mb":1008},{"date":"20031030","time":"1800","status":"EX","lat":29.3,"lon":-65.3,"wind_kt":30,"pressure_mb":1008},{"date":"20031031","time":"0000","status":"EX","lat":28.7,"lon":-65.5,"wind_kt":30,"pressure_mb":1008},{"date":"20031031","time":"0600","status":"LO","lat":28.3,"lon":-66,"wind_kt":30,"pressure_mb":1008},{"date":"20031031","time":"1200","status":"LO","lat":27.7,"lon":-66.3,"wind_kt":30,"pressure_mb":1007},{"date":"20031031","time":"1800","status":"LO","lat":27,"lon":-66.4,"wind_kt":30,"pressure_mb":1006},{"date":"20031101","time":"0000","status":"LO","lat":26.4,"lon":-66.3,"wind_kt":30,"pressure_mb":1005},{"date":"20031101","time":"0600","status":"LO","lat":26.5,"lon":-66,"wind_kt":30,"pressure_mb":1005},{"date":"20031101","time":"1200","status":"LO","lat":27,"lon":-66.3,"wind_kt":30,"pressure_mb":1005},{"date":"20031101","time":"1800","status":"LO","lat":27.7,"lon":-67,"wind_kt":30,"pressure_mb":1005}]}},{"type":"Feature","geometry":{"type":"LineString","coordinates":[[-76.2,12.9],[-75.7,13.3],[-75.2,13.7],[-74.8,13.9],[-74.4,14.1],[-73.8,14.3],[-73,15],[-72.5,15.9],[-72.2,16.6],[-72,17.2],[-71.5,17.8],[-71.4,17.9],[-70.6,18.9],[-69.5,20.5],[-68.1,22.4],[-65.9,23.5],[-63.7,24.4],[-61.6,25.4],[-59.5,26.3],[-57.1,27.4],[-54.2,28.9],[-51.1,30.4],[-47.7,31.9]]},"properties":{"id":"hur-al202003","event_type":"hurricane","name":"ODETTE","year":2003,"max_wind_kt":55,"min_pressure_mb":993,"category":0,"preliminary":false,"start_date":"20031204","end_date":"20031209","track":[{"date":"20031204","time":"1200","status":"TD","lat":12.9,"lon":-76.2,"wind_kt":30,"pressure_mb":1005},{"date":"20031204","time":"1800","status":"TS","lat":13.3,"lon":-75.7,"wind_kt":35,"pressure_mb":1003},{"date":"20031205","time":"0000","status":"TS","lat":13.7,"lon":-75.2,"wind_kt":45,"pressure_mb":1000},{"date":"20031205","time":"0600","status":"TS","lat":13.9,"lon":-74.8,"wind_kt":50,"pressure_mb":993},{"date":"20031205","time":"1200","status":"TS","lat":14.1,"lon":-74.4,"wind_kt":50,"pressure_mb":993},{"date":"20031205","time":"1800","status":"TS","lat":14.3,"lon":-73.8,"wind_kt":50,"pressure_mb":995},{"date":"20031206","time":"0000","status":"TS","lat":15,"lon":-73,"wind_kt":50,"pressure_mb":995},{"date":"20031206","time":"0600","status":"TS","lat":15.9,"lon":-72.5,"wind_kt":55,"pressure_mb":995},{"date":"20031206","time":"1200","status":"TS","lat":16.6,"lon":-72.2,"wind_kt":55,"pressure_mb":995},{"date":"20031206","time":"1800","status":"TS","lat":17.2,"lon":-72,"wind_kt":55,"pressure_mb":994},{"date":"20031206","time":"2300","status":"TS","lat":17.8,"lon":-71.5,"wind_kt":50,"pressure_mb":995},{"date":"20031207","time":"0000","status":"TS","lat":17.9,"lon":-71.4,"wind_kt":45,"pressure_mb":997},{"date":"20031207","time":"0600","status":"TS","lat":18.9,"lon":-70.6,"wind_kt":40,"pressure_mb":1000},{"date":"20031207","time":"1200","status":"TS","lat":20.5,"lon":-69.5,"wind_kt":40,"pressure_mb":1003},{"date":"20031207","time":"1800","status":"EX","lat":22.4,"lon":-68.1,"wind_kt":45,"pressure_mb":1002},{"date":"20031208","time":"0000","status":"EX","lat":23.5,"lon":-65.9,"wind_kt":45,"pressure_mb":1002},{"date":"20031208","time":"0600","status":"EX","lat":24.4,"lon":-63.7,"wind_kt":45,"pressure_mb":1004},{"date":"20031208","time":"1200","status":"EX","lat":25.4,"lon":-61.6,"wind_kt":40,"pressure_mb":1005},{"date":"20031208","time":"1800","status":"EX","lat":26.3,"lon":-59.5,"wind_kt":40,"pressure_mb":1005},{"date":"20031209","time":"0000","status":"EX","lat":27.4,"lon":-57.1,"wind_kt":40,"pressure_mb":1005},{"date":"20031209","time":"0600","status":"EX","lat":28.9,"lon":-54.2,"wind_kt":40,"pressure_mb":1006},{"date":"20031209","time":"1200","status":"EX","lat":30.4,"lon":-51.1,"wind_kt":40,"pressure_mb":1006},{"date":"20031209","time":"1800","status":"EX","lat":31.9,"lon":-47.7,"wind_kt":40,"pressure_mb":1006}]}},{"type":"Feature","geometry":{"type":"LineString","coordinates":[[-34.5,27.5],[-34.8,26.1],[-35.8,24.1],[-36.8,22.4],[-37.9,20.7],[-37.7,20.4],[-37.4,20],[-37.2,19.5],[-37,21],[-37,22.2],[-37.1,23.1],[-37.1,23.8],[-36.7,25],[-36.2,26],[-35,27.5]]},"properties":{"id":"hur-al212003","event_type":"hurricane","name":"PETER","year":2003,"max_wind_kt":60,"min_pressure_mb":990,"category":0,"preliminary":false,"start_date":"20031207","end_date":"20031211","track":[{"date":"20031207","time":"1800","status":"SS","lat":27.5,"lon":-34.5,"wind_kt":40,"pressure_mb":1005},{"date":"20031208","time":"0000","status":"SS","lat":26.1,"lon":-34.8,"wind_kt":40,"pressure_mb":1004},{"date":"20031208","time":"0600","status":"SS","lat":24.1,"lon":-35.8,"wind_kt":40,"pressure_mb":1004},{"date":"20031208","time":"1200","status":"SS","lat":22.4,"lon":-36.8,"wind_kt":40,"pressure_mb":1004},{"date":"20031208","time":"1800","status":"SS","lat":20.7,"lon":-37.9,"wind_kt":40,"pressure_mb":1004},{"date":"20031209","time":"0000","status":"SS","lat":20.4,"lon":-37.7,"wind_kt":40,"pressure_mb":1002},{"date":"20031209","time":"0600","status":"TS","lat":20,"lon":-37.4,"wind_kt":40,"pressure_mb":998},{"date":"20031209","time":"1200","status":"TS","lat":19.5,"lon":-37.2,"wind_kt":50,"pressure_mb":992},{"date":"20031209","time":"1800","status":"TS","lat":21,"lon":-37,"wind_kt":60,"pressure_mb":990},{"date":"20031210","time":"0000","status":"TS","lat":22.2,"lon":-37,"wind_kt":45,"pressure_mb":1000},{"date":"20031210","time":"0600","status":"TS","lat":23.1,"lon":-37.1,"wind_kt":35,"pressure_mb":1005},{"date":"20031210","time":"1200","status":"TD","lat":23.8,"lon":-37.1,"wind_kt":30,"pressure_mb":1005},{"date":"20031210","time":"1800","status":"TD","lat":25,"lon":-36.7,"wind_kt":30,"pressure_mb":1005},{"date":"20031211","time":"0000","status":"TD","lat":26,"lon":-36.2,"wind_kt":30,"pressure_mb":1005},{"date":"20031211","time":"0600","status":"EX","lat":27.5,"lon":-35,"wind_kt":30,"pressure_mb":1009}]}},{"type":"Feature","geometry":{"type":"LineString","coordinates":[[-78.3,30.3],[-78.8,31],[-79,31.5],[-79.1,31.6],[-79.2,31.6],[-79.3,31.5],[-79.4,31.4],[-79,31.3],[-78.7,31.8],[-78.2,32.4],[-77.4,33],[-76.4,34.2],[-75.2,35.3],[-73.7,36],[-72.1,36.8],[-70.2,37.3],[-68.3,37.8],[-66,38.5],[-63.1,39.5],[-59.6,40.8],[-55,42.7],[-49.3,44.5],[-44.2,46.1],[-37.5,47],[-32.7,47.4]]},"properties":{"id":"hur-al012004","event_type":"hurricane","name":"ALEX","year":2004,"max_wind_kt":105,"min_pressure_mb":957,"category":3,"preliminary":false,"start_date":"20040731","end_date":"20040806","track":[{"date":"20040731","time":"1800","status":"TD","lat":30.3,"lon":-78.3,"wind_kt":25,"pressure_mb":1010},{"date":"20040801","time":"0000","status":"TD","lat":31,"lon":-78.8,"wind_kt":25,"pressure_mb":1009},{"date":"20040801","time":"0600","status":"TD","lat":31.5,"lon":-79,"wind_kt":25,"pressure_mb":1009},{"date":"20040801","time":"1200","status":"TD","lat":31.6,"lon":-79.1,"wind_kt":30,"pressure_mb":1009},{"date":"20040801","time":"1800","status":"TS","lat":31.6,"lon":-79.2,"wind_kt":35,"pressure_mb":1009},{"date":"20040802","time":"0000","status":"TS","lat":31.5,"lon":-79.3,"wind_kt":35,"pressure_mb":1007},{"date":"20040802","time":"0600","status":"TS","lat":31.4,"lon":-79.4,"wind_kt":40,"pressure_mb":1005},{"date":"20040802","time":"1200","status":"TS","lat":31.3,"lon":-79,"wind_kt":50,"pressure_mb":992},{"date":"20040802","time":"1800","status":"TS","lat":31.8,"lon":-78.7,"wind_kt":50,"pressure_mb":993},{"date":"20040803","time":"0000","status":"TS","lat":32.4,"lon":-78.2,"wind_kt":60,"pressure_mb":987},{"date":"20040803","time":"0600","status":"HU","lat":33,"lon":-77.4,"wind_kt":70,"pressure_mb":983},{"date":"20040803","time":"1200","status":"HU","lat":34.2,"lon":-76.4,"wind_kt":85,"pressure_mb":974},{"date":"20040803","time":"1800","status":"HU","lat":35.3,"lon":-75.2,"wind_kt":85,"pressure_mb":972},{"date":"20040804","time":"0000","status":"HU","lat":36,"lon":-73.7,"wind_kt":80,"pressure_mb":974},{"date":"20040804","time":"0600","status":"HU","lat":36.8,"lon":-72.1,"wind_kt":80,"pressure_mb":973},{"date":"20040804","time":"1200","status":"HU","lat":37.3,"lon":-70.2,"wind_kt":85,"pressure_mb":973},{"date":"20040804","time":"1800","status":"HU","lat":37.8,"lon":-68.3,"wind_kt":95,"pressure_mb":965},{"date":"20040805","time":"0000","status":"HU","lat":38.5,"lon":-66,"wind_kt":105,"pressure_mb":957},{"date":"20040805","time":"0600","status":"HU","lat":39.5,"lon":-63.1,"wind_kt":105,"pressure_mb":957},{"date":"20040805","time":"1200","status":"HU","lat":40.8,"lon":-59.6,"wind_kt":100,"pressure_mb":962},{"date":"20040805","time":"1800","status":"HU","lat":42.7,"lon":-55,"wind_kt":90,"pressure_mb":970},{"date":"20040806","time":"0000","status":"HU","lat":44.5,"lon":-49.3,"wind_kt":75,"pressure_mb":978},{"date":"20040806","time":"0600","status":"HU","lat":46.1,"lon":-44.2,"wind_kt":65,"pressure_mb":984},{"date":"20040806","time":"1200","status":"TS","lat":47,"lon":-37.5,"wind_kt":50,"pressure_mb":987},{"date":"20040806","time":"1800","status":"EX","lat":47.4,"lon":-32.7,"wind_kt":30,"pressure_mb":992}]}},{"type":"Feature","geometry":{"type":"LineString","coordinates":[[-53.6,12.9],[-55.4,13.2],[-57.4,13.5],[-59.5,13.6],[-61.6,13.6],[-63.7,13.7],[-65.7,14],[-67.7,14.9],[-69.7,16],[-71.5,16.5],[-73,17],[-74.6,17.1],[-76.2,17.2],[-77.2,17],[-78.2,17.1],[-79.2,17.4],[-80.2,17.8],[-81.1,18.4],[-81.9,19],[-82.7,19.7],[-83.5,20.3],[-84.3,20.9],[-85.5,21.5],[-86.6,22],[-87.6,22.5],[-88.3,22.9],[-89,23.1],[-89.8,23.4],[-90.6,24],[-90.6,24.4],[-90.6,24.7],[-90.6,25.2],[-90.4,25.7],[-89.6,26.4],[-88.8,27],[-88.1,27.7],[-86.1,29],[-85.1,29.6],[-84,30.2],[-81.3,31.9],[-79,33.5],[-76.5,35.5],[-74.9,37.1],[-73.5,39]]},"properties":{"id":"hur-al022004","event_type":"hurricane","name":"BONNIE","year":2004,"max_wind_kt":55,"min_pressure_mb":1001,"category":0,"preliminary":false,"start_date":"20040803","end_date":"20040814","track":[{"date":"20040803","time":"1200","status":"TD","lat":12.9,"lon":-53.6,"wind_kt":25,"pressure_mb":1010},{"date":"20040803","time":"1800","status":"TD","lat":13.2,"lon":-55.4,"wind_kt":25,"pressure_mb":1010},{"date":"20040804","time":"0000","status":"TD","lat":13.5,"lon":-57.4,"wind_kt":30,"pressure_mb":1010},{"date":"20040804","time":"0600","status":"TD","lat":13.6,"lon":-59.5,"wind_kt":30,"pressure_mb":1010},{"date":"20040804","time":"1200","status":"TD","lat":13.6,"lon":-61.6,"wind_kt":30,"pressure_mb":1010},{"date":"20040804","time":"1800","status":"WV","lat":13.7,"lon":-63.7,"wind_kt":30,"pressure_mb":1010},{"date":"20040805","time":"0000","status":"WV","lat":14,"lon":-65.7,"wind_kt":25,"pressure_mb":1010},{"date":"20040805","time":"0600","status":"WV","lat":14.9,"lon":-67.7,"wind_kt":25,"pressure_mb":1010},{"date":"20040805","time":"1200","status":"WV","lat":16,"lon":-69.7,"wind_kt":25,"pressure_mb":1011},{"date":"20040805","time":"1800","status":"WV","lat":16.5,"lon":-71.5,"wind_kt":25,"pressure_mb":1011},{"date":"20040806","time":"0000","status":"WV","lat":17,"lon":-73,"wind_kt":25,"pressure_mb":1011},{"date":"20040806","time":"0600","status":"WV","lat":17.1,"lon":-74.6,"wind_kt":25,"pressure_mb":1011},{"date":"20040806","time":"1200","status":"WV","lat":17.2,"lon":-76.2,"wind_kt":25,"pressure_mb":1011},{"date":"20040806","time":"1800","status":"WV","lat":17,"lon":-77.2,"wind_kt":25,"pressure_mb":1011},{"date":"20040807","time":"0000","status":"WV","lat":17.1,"lon":-78.2,"wind_kt":25,"pressure_mb":1011},{"date":"20040807","time":"0600","status":"WV","lat":17.4,"lon":-79.2,"wind_kt":20,"pressure_mb":1013},{"date":"20040807","time":"1200","status":"WV","lat":17.8,"lon":-80.2,"wind_kt":20,"pressure_mb":1013},{"date":"20040807","time":"1800","status":"WV","lat":18.4,"lon":-81.1,"wind_kt":20,"pressure_mb":1013},{"date":"20040808","time":"0000","status":"WV","lat":19,"lon":-81.9,"wind_kt":20,"pressure_mb":1012},{"date":"20040808","time":"0600","status":"WV","lat":19.7,"lon":-82.7,"wind_kt":25,"pressure_mb":1010},{"date":"20040808","time":"1200","status":"TD","lat":20.3,"lon":-83.5,"wind_kt":25,"pressure_mb":1009},{"date":"20040808","time":"1800","status":"TD","lat":20.9,"lon":-84.3,"wind_kt":25,"pressure_mb":1008},{"date":"20040809","time":"0000","status":"TD","lat":21.5,"lon":-85.5,"wind_kt":25,"pressure_mb":1008},{"date":"20040809","time":"0600","status":"TD","lat":22,"lon":-86.6,"wind_kt":30,"pressure_mb":1008},{"date":"20040809","time":"1200","status":"TS","lat":22.5,"lon":-87.6,"wind_kt":35,"pressure_mb":1008},{"date":"20040809","time":"1800","status":"TS","lat":22.9,"lon":-88.3,"wind_kt":40,"pressure_mb":1007},{"date":"20040810","time":"0000","status":"TS","lat":23.1,"lon":-89,"wind_kt":45,"pressure_mb":1006},{"date":"20040810","time":"0600","status":"TS","lat":23.4,"lon":-89.8,"wind_kt":45,"pressure_mb":1005},{"date":"20040810","time":"1200","status":"TS","lat":24,"lon":-90.6,"wind_kt":50,"pressure_mb":1002},{"date":"20040810","time":"1800","status":"TS","lat":24.4,"lon":-90.6,"wind_kt":45,"pressure_mb":1003},{"date":"20040811","time":"0000","status":"TS","lat":24.7,"lon":-90.6,"wind_kt":40,"pressure_mb":1003},{"date":"20040811","time":"0600","status":"TS","lat":25.2,"lon":-90.6,"wind_kt":40,"pressure_mb":1003},{"date":"20040811","time":"1200","status":"TS","lat":25.7,"lon":-90.4,"wind_kt":45,"pressure_mb":1001},{"date":"20040811","time":"1800","status":"TS","lat":26.4,"lon":-89.6,"wind_kt":55,"pressure_mb":1001},{"date":"20040812","time":"0000","status":"TS","lat":27,"lon":-88.8,"wind_kt":50,"pressure_mb":1007},{"date":"20040812","time":"0600","status":"TS","lat":27.7,"lon":-88.1,"wind_kt":45,"pressure_mb":1008},{"date":"20040812","time":"1200","status":"TS","lat":29,"lon":-86.1,"wind_kt":45,"pressure_mb":1002},{"date":"20040812","time":"1400","status":"TS","lat":29.6,"lon":-85.1,"wind_kt":40,"pressure_mb":1002},{"date":"20040812","time":"1800","status":"TD","lat":30.2,"lon":-84,"wind_kt":30,"pressure_mb":1006},{"date":"20040813","time":"0000","status":"TD","lat":31.9,"lon":-81.3,"wind_kt":25,"pressure_mb":1008},{"date":"20040813","time":"0600","status":"TD","lat":33.5,"lon":-79,"wind_kt":25,"pressure_mb":1008},{"date":"20040813","time":"1200","status":"TD","lat":35.5,"lon":-76.5,"wind_kt":25,"pressure_mb":1008},{"date":"20040813","time":"1800","status":"TD","lat":37.1,"lon":-74.9,"wind_kt":25,"pressure_mb":1008},{"date":"20040814","time":"0000","status":"LO","lat":39,"lon":-73.5,"wind_kt":20,"pressure_mb":1012}]}},{"type":"Feature","geometry":{"type":"LineString","coordinates":[[-59.2,11.4],[-61.1,11.7],[-63.2,12.2],[-65.3,12.9],[-67.6,13.8],[-69.8,14.9],[-71.8,15.6],[-73.7,16],[-75.4,16.3],[-76.8,16.7],[-78.1,17.4],[-79.3,18.2],[-80.7,19.2],[-81.6,20.5],[-82.2,21.7],[-82.6,22.7],[-82.6,23],[-82.9,24.4],[-82.4,26.1],[-82.2,26.6],[-82.1,26.9],[-81.6,28.1],[-80.8,30.1],[-79.7,32.3],[-79.4,33],[-78.7,33.8],[-78.1,34.5],[-75.9,36.9],[-73.8,39.3],[-71.1,41.2]]},"properties":{"id":"hur-al032004","event_type":"hurricane","name":"CHARLEY","year":2004,"max_wind_kt":130,"min_pressure_mb":941,"category":4,"preliminary":false,"start_date":"20040809","end_date":"20040815","track":[{"date":"20040809","time":"1200","status":"TD","lat":11.4,"lon":-59.2,"wind_kt":30,"pressure_mb":1010},{"date":"20040809","time":"1800","status":"TD","lat":11.7,"lon":-61.1,"wind_kt":30,"pressure_mb":1009},{"date":"20040810","time":"0000","status":"TD","lat":12.2,"lon":-63.2,"wind_kt":30,"pressure_mb":1009},{"date":"20040810","time":"0600","status":"TS","lat":12.9,"lon":-65.3,"wind_kt":35,"pressure_mb":1007},{"date":"20040810","time":"1200","status":"TS","lat":13.8,"lon":-67.6,"wind_kt":40,"pressure_mb":1004},{"date":"20040810","time":"1800","status":"TS","lat":14.9,"lon":-69.8,"wind_kt":45,"pressure_mb":1000},{"date":"20040811","time":"0000","status":"TS","lat":15.6,"lon":-71.8,"wind_kt":55,"pressure_mb":999},{"date":"20040811","time":"0600","status":"TS","lat":16,"lon":-73.7,"wind_kt":55,"pressure_mb":999},{"date":"20040811","time":"1200","status":"TS","lat":16.3,"lon":-75.4,"wind_kt":60,"pressure_mb":995},{"date":"20040811","time":"1800","status":"HU","lat":16.7,"lon":-76.8,"wind_kt":65,"pressure_mb":993},{"date":"20040812","time":"0000","status":"HU","lat":17.4,"lon":-78.1,"wind_kt":65,"pressure_mb":992},{"date":"20040812","time":"0600","status":"HU","lat":18.2,"lon":-79.3,"wind_kt":75,"pressure_mb":988},{"date":"20040812","time":"1200","status":"HU","lat":19.2,"lon":-80.7,"wind_kt":80,"pressure_mb":984},{"date":"20040812","time":"1800","status":"HU","lat":20.5,"lon":-81.6,"wind_kt":90,"pressure_mb":980},{"date":"20040813","time":"0000","status":"HU","lat":21.7,"lon":-82.2,"wind_kt":90,"pressure_mb":976},{"date":"20040813","time":"0430","status":"HU","lat":22.7,"lon":-82.6,"wind_kt":105,"pressure_mb":966},{"date":"20040813","time":"0600","status":"HU","lat":23,"lon":-82.6,"wind_kt":105,"pressure_mb":966},{"date":"20040813","time":"1200","status":"HU","lat":24.4,"lon":-82.9,"wind_kt":95,"pressure_mb":969},{"date":"20040813","time":"1800","status":"HU","lat":26.1,"lon":-82.4,"wind_kt":125,"pressure_mb":947},{"date":"20040813","time":"1945","status":"HU","lat":26.6,"lon":-82.2,"wind_kt":130,"pressure_mb":941},{"date":"20040813","time":"2045","status":"HU","lat":26.9,"lon":-82.1,"wind_kt":125,"pressure_mb":942},{"date":"20040814","time":"0000","status":"HU","lat":28.1,"lon":-81.6,"wind_kt":75,"pressure_mb":970},{"date":"20040814","time":"0600","status":"HU","lat":30.1,"lon":-80.8,"wind_kt":75,"pressure_mb":993},{"date":"20040814","time":"1200","status":"HU","lat":32.3,"lon":-79.7,"wind_kt":65,"pressure_mb":988},{"date":"20040814","time":"1400","status":"HU","lat":33,"lon":-79.4,"wind_kt":70,"pressure_mb":992},{"date":"20040814","time":"1600","status":"HU","lat":33.8,"lon":-78.7,"wind_kt":65,"pressure_mb":997},{"date":"20040814","time":"1800","status":"TS","lat":34.5,"lon":-78.1,"wind_kt":60,"pressure_mb":1000},{"date":"20040815","time":"0000","status":"EX","lat":36.9,"lon":-75.9,"wind_kt":40,"pressure_mb":1012},{"date":"20040815","time":"0600","status":"EX","lat":39.3,"lon":-73.8,"wind_kt":35,"pressure_mb":1014},{"date":"20040815","time":"1200","status":"EX","lat":41.2,"lon":-71.1,"wind_kt":30,"pressure_mb":1018}]}},{"type":"Feature","geometry":{"type":"LineString","coordinates":[[-21.8,12.3],[-23,12.4],[-24.2,12.6],[-25.5,12.9],[-26.8,13.2],[-28.1,13.5],[-29.3,13.8],[-30.8,14.1],[-32.1,14.7],[-33.5,15.2],[-34.8,16],[-36,16.8],[-37.2,17.7],[-38.2,19],[-38.9,20.3],[-39.6,21.7],[-40,23.3],[-40.3,24.6],[-40.6,25.9],[-40.3,27.3],[-39.8,28.1],[-38.9,28.9],[-37.8,29.3],[-37.7,29.7],[-37.7,29.9],[-37.2,29.9],[-36.8,29.8],[-37,30.2],[-37.2,30.5],[-37.6,30.9],[-38,30.9],[-38.6,30.6],[-38.9,30.7],[-39.2,30.5],[-39.8,30.3],[-40.3,30.2],[-40.8,30.3],[-41.2,30.4],[-42,30.8],[-42.5,31.7],[-43.3,32.3],[-43.8,33.1],[-44.2,33.9],[-44.6,34.7],[-45,35.5],[-45.2,36.4]]},"properties":{"id":"hur-al042004","event_type":"hurricane","name":"DANIELLE","year":2004,"max_wind_kt":95,"min_pressure_mb":964,"category":2,"preliminary":false,"start_date":"20040813","end_date":"20040824","track":[{"date":"20040813","time":"1200","status":"TD","lat":12.3,"lon":-21.8,"wind_kt":30,"pressure_mb":1009},{"date":"20040813","time":"1800","status":"TD","lat":12.4,"lon":-23,"wind_kt":30,"pressure_mb":1009},{"date":"20040814","time":"0000","status":"TS","lat":12.6,"lon":-24.2,"wind_kt":35,"pressure_mb":1009},{"date":"20040814","time":"0600","status":"TS","lat":12.9,"lon":-25.5,"wind_kt":40,"pressure_mb":1004},{"date":"20040814","time":"1200","status":"TS","lat":13.2,"lon":-26.8,"wind_kt":45,"pressure_mb":1004},{"date":"20040814","time":"1800","status":"TS","lat":13.5,"lon":-28.1,"wind_kt":55,"pressure_mb":994},{"date":"20040815","time":"0000","status":"HU","lat":13.8,"lon":-29.3,"wind_kt":65,"pressure_mb":987},{"date":"20040815","time":"0600","status":"HU","lat":14.1,"lon":-30.8,"wind_kt":75,"pressure_mb":981},{"date":"20040815","time":"1200","status":"HU","lat":14.7,"lon":-32.1,"wind_kt":80,"pressure_mb":978},{"date":"20040815","time":"1800","status":"HU","lat":15.2,"lon":-33.5,"wind_kt":85,"pressure_mb":975},{"date":"20040816","time":"0000","status":"HU","lat":16,"lon":-34.8,"wind_kt":90,"pressure_mb":970},{"date":"20040816","time":"0600","status":"HU","lat":16.8,"lon":-36,"wind_kt":90,"pressure_mb":970},{"date":"20040816","time":"1200","status":"HU","lat":17.7,"lon":-37.2,"wind_kt":90,"pressure_mb":970},{"date":"20040816","time":"1800","status":"HU","lat":19,"lon":-38.2,"wind_kt":95,"pressure_mb":964},{"date":"20040817","time":"0000","status":"HU","lat":20.3,"lon":-38.9,"wind_kt":95,"pressure_mb":965},{"date":"20040817","time":"0600","status":"HU","lat":21.7,"lon":-39.6,"wind_kt":90,"pressure_mb":970},{"date":"20040817","time":"1200","status":"HU","lat":23.3,"lon":-40,"wind_kt":90,"pressure_mb":970},{"date":"20040817","time":"1800","status":"HU","lat":24.6,"lon":-40.3,"wind_kt":85,"pressure_mb":974},{"date":"20040818","time":"0000","status":"HU","lat":25.9,"lon":-40.6,"wind_kt":75,"pressure_mb":981},{"date":"20040818","time":"0600","status":"HU","lat":27.3,"lon":-40.3,"wind_kt":65,"pressure_mb":985},{"date":"20040818","time":"1200","status":"TS","lat":28.1,"lon":-39.8,"wind_kt":55,"pressure_mb":994},{"date":"20040818","time":"1800","status":"TS","lat":28.9,"lon":-38.9,"wind_kt":45,"pressure_mb":1005},{"date":"20040819","time":"0000","status":"TS","lat":29.3,"lon":-37.8,"wind_kt":40,"pressure_mb":1007},{"date":"20040819","time":"0600","status":"TS","lat":29.7,"lon":-37.7,"wind_kt":40,"pressure_mb":1007},{"date":"20040819","time":"1200","status":"TS","lat":29.9,"lon":-37.7,"wind_kt":35,"pressure_mb":1007},{"date":"20040819","time":"1800","status":"TS","lat":29.9,"lon":-37.2,"wind_kt":35,"pressure_mb":1007},{"date":"20040820","time":"0000","status":"TS","lat":29.8,"lon":-36.8,"wind_kt":35,"pressure_mb":1009},{"date":"20040820","time":"0600","status":"TS","lat":30.2,"lon":-37,"wind_kt":35,"pressure_mb":1010},{"date":"20040820","time":"1200","status":"TS","lat":30.5,"lon":-37.2,"wind_kt":35,"pressure_mb":1011},{"date":"20040820","time":"1800","status":"TD","lat":30.9,"lon":-37.6,"wind_kt":30,"pressure_mb":1012},{"date":"20040821","time":"0000","status":"TD","lat":30.9,"lon":-38,"wind_kt":30,"pressure_mb":1012},{"date":"20040821","time":"0600","status":"TD","lat":30.6,"lon":-38.6,"wind_kt":30,"pressure_mb":1013},{"date":"20040821","time":"1200","status":"TD","lat":30.7,"lon":-38.9,"wind_kt":25,"pressure_mb":1014},{"date":"20040821","time":"1800","status":"LO","lat":30.5,"lon":-39.2,"wind_kt":25,"pressure_mb":1014},{"date":"20040822","time":"0000","status":"LO","lat":30.3,"lon":-39.8,"wind_kt":25,"pressure_mb":1015},{"date":"20040822","time":"0600","status":"LO","lat":30.2,"lon":-40.3,"wind_kt":25,"pressure_mb":1015},{"date":"20040822","time":"1200","status":"LO","lat":30.3,"lon":-40.8,"wind_kt":25,"pressure_mb":1015},{"date":"20040822","time":"1800","status":"LO","lat":30.4,"lon":-41.2,"wind_kt":25,"pressure_mb":1016},{"date":"20040823","time":"0000","status":"LO","lat":30.8,"lon":-42,"wind_kt":25,"pressure_mb":1016},{"date":"20040823","time":"0600","status":"LO","lat":31.7,"lon":-42.5,"wind_kt":25,"pressure_mb":1017},{"date":"20040823","time":"1200","status":"LO","lat":32.3,"lon":-43.3,"wind_kt":25,"pressure_mb":1017},{"date":"20040823","time":"1800","status":"LO","lat":33.1,"lon":-43.8,"wind_kt":25,"pressure_mb":1017},{"date":"20040824","time":"0000","status":"LO","lat":33.9,"lon":-44.2,"wind_kt":20,"pressure_mb":1018},{"date":"20040824","time":"0600","status":"LO","lat":34.7,"lon":-44.6,"wind_kt":20,"pressure_mb":1018},{"date":"20040824","time":"1200","status":"LO","lat":35.5,"lon":-45,"wind_kt":20,"pressure_mb":1019},{"date":"20040824","time":"1800","status":"LO","lat":36.4,"lon":-45.2,"wind_kt":20,"pressure_mb":1019}]}},{"type":"Feature","geometry":{"type":"LineString","coordinates":[[-45.6,9],[-47.4,9.2],[-49.2,9.6],[-51.4,10.1],[-53.5,10.5],[-55.9,11],[-58.3,11.5],[-60.8,11.8],[-62.8,12.1]]},"properties":{"id":"hur-al052004","event_type":"hurricane","name":"EARL","year":2004,"max_wind_kt":45,"min_pressure_mb":1009,"category":0,"preliminary":false,"start_date":"20040813","end_date":"20040815","track":[{"date":"20040813","time":"1800","status":"TD","lat":9,"lon":-45.6,"wind_kt":30,"pressure_mb":1011},{"date":"20040814","time":"0000","status":"TD","lat":9.2,"lon":-47.4,"wind_kt":30,"pressure_mb":1011},{"date":"20040814","time":"0600","status":"TD","lat":9.6,"lon":-49.2,"wind_kt":30,"pressure_mb":1011},{"date":"20040814","time":"1200","status":"TD","lat":10.1,"lon":-51.4,"wind_kt":30,"pressure_mb":1011},{"date":"20040814","time":"1800","status":"TS","lat":10.5,"lon":-53.5,"wind_kt":35,"pressure_mb":1010},{"date":"20040815","time":"0000","status":"TS","lat":11,"lon":-55.9,"wind_kt":35,"pressure_mb":1010},{"date":"20040815","time":"0600","status":"TS","lat":11.5,"lon":-58.3,"wind_kt":45,"pressure_mb":1009},{"date":"20040815","time":"1200","status":"TS","lat":11.8,"lon":-60.8,"wind_kt":45,"pressure_mb":1009},{"date":"20040815","time":"1800","status":"TS","lat":12.1,"lon":-62.8,"wind_kt":35,"pressure_mb":1010}]}},{"type":"Feature","geometry":{"type":"LineString","coordinates":[[-35.2,11.1],[-36.8,11.2],[-38.3,11.3],[-39.8,11.5],[-41.5,11.9],[-42.9,12.3],[-44.5,12.8],[-45.8,13.3],[-46.8,13.7],[-47.8,14.2],[-48.5,14.7],[-49.3,15.4],[-50,15.9],[-50.9,16.6],[-51.6,17.2],[-52.3,17.7],[-52.9,18.1],[-53.6,18.4],[-54.4,18.6],[-55,18.8],[-55.8,18.9],[-56.8,19],[-58.1,19.2],[-59.3,19.4],[-60.7,19.6],[-62.1,19.8],[-63.5,20],[-65,20.3],[-66.4,20.6],[-67.9,21],[-68.1,21.1],[-69.1,21.4],[-70.4,21.8],[-71.4,22.2],[-72.5,22.7],[-72.8,22.8],[-73.5,23.2],[-74.3,23.8],[-74.5,24],[-75,24.2],[-75.6,24.6],[-75.7,24.7],[-76.1,25.1],[-76.3,25.3],[-77.1,25.7],[-77.5,26],[-77.9,26.4],[-78.2,26.6],[-78.5,26.8],[-79.1,26.8],[-79.4,27],[-80.2,27.2],[-80.2,27.2],[-80.7,27.4],[-81.7,27.8],[-82.3,28.1],[-83.3,28.6],[-83.7,29.2],[-84,30.1],[-84.6,31],[-85,31.5],[-85.2,32],[-85.1,32.5],[-84.7,33.4],[-84.3,34.3],[-83.2,36.1],[-82.1,37.8],[-81.3,38.7],[-80,40.5],[-77.7,42.8],[-75.7,44.3],[-73.3,45.3],[-70.5,46.2],[-67.3,46.6],[-64.2,47.2]]},"properties":{"id":"hur-al062004","event_type":"hurricane","name":"FRANCES","year":2004,"max_wind_kt":125,"min_pressure_mb":935,"category":4,"preliminary":false,"start_date":"20040825","end_date":"20040910","track":[{"date":"20040825","time":"0000","status":"TD","lat":11.1,"lon":-35.2,"wind_kt":25,"pressure_mb":1009},{"date":"20040825","time":"0600","status":"TD","lat":11.2,"lon":-36.8,"wind_kt":30,"pressure_mb":1008},{"date":"20040825","time":"1200","status":"TD","lat":11.3,"lon":-38.3,"wind_kt":30,"pressure_mb":1007},{"date":"20040825","time":"1800","status":"TS","lat":11.5,"lon":-39.8,"wind_kt":35,"pressure_mb":1005},{"date":"20040826","time":"0000","status":"TS","lat":11.9,"lon":-41.5,"wind_kt":40,"pressure_mb":1003},{"date":"20040826","time":"0600","status":"TS","lat":12.3,"lon":-42.9,"wind_kt":45,"pressure_mb":1000},{"date":"20040826","time":"1200","status":"TS","lat":12.8,"lon":-44.5,"wind_kt":55,"pressure_mb":994},{"date":"20040826","time":"1800","status":"HU","lat":13.3,"lon":-45.8,"wind_kt":65,"pressure_mb":987},{"date":"20040827","time":"0000","status":"HU","lat":13.7,"lon":-46.8,"wind_kt":70,"pressure_mb":984},{"date":"20040827","time":"0600","status":"HU","lat":14.2,"lon":-47.8,"wind_kt":75,"pressure_mb":980},{"date":"20040827","time":"1200","status":"HU","lat":14.7,"lon":-48.5,"wind_kt":90,"pressure_mb":970},{"date":"20040827","time":"1800","status":"HU","lat":15.4,"lon":-49.3,"wind_kt":100,"pressure_mb":962},{"date":"20040828","time":"0000","status":"HU","lat":15.9,"lon":-50,"wind_kt":100,"pressure_mb":962},{"date":"20040828","time":"0600","status":"HU","lat":16.6,"lon":-50.9,"wind_kt":100,"pressure_mb":962},{"date":"20040828","time":"1200","status":"HU","lat":17.2,"lon":-51.6,"wind_kt":105,"pressure_mb":958},{"date":"20040828","time":"1800","status":"HU","lat":17.7,"lon":-52.3,"wind_kt":115,"pressure_mb":948},{"date":"20040829","time":"0000","status":"HU","lat":18.1,"lon":-52.9,"wind_kt":115,"pressure_mb":948},{"date":"20040829","time":"0600","status":"HU","lat":18.4,"lon":-53.6,"wind_kt":115,"pressure_mb":948},{"date":"20040829","time":"1200","status":"HU","lat":18.6,"lon":-54.4,"wind_kt":115,"pressure_mb":948},{"date":"20040829","time":"1800","status":"HU","lat":18.8,"lon":-55,"wind_kt":110,"pressure_mb":948},{"date":"20040830","time":"0000","status":"HU","lat":18.9,"lon":-55.8,"wind_kt":105,"pressure_mb":954},{"date":"20040830","time":"0600","status":"HU","lat":19,"lon":-56.8,"wind_kt":100,"pressure_mb":958},{"date":"20040830","time":"1200","status":"HU","lat":19.2,"lon":-58.1,"wind_kt":100,"pressure_mb":956},{"date":"20040830","time":"1800","status":"HU","lat":19.4,"lon":-59.3,"wind_kt":110,"pressure_mb":948},{"date":"20040831","time":"0000","status":"HU","lat":19.6,"lon":-60.7,"wind_kt":110,"pressure_mb":946},{"date":"20040831","time":"0600","status":"HU","lat":19.8,"lon":-62.1,"wind_kt":115,"pressure_mb":950},{"date":"20040831","time":"1200","status":"HU","lat":20,"lon":-63.5,"wind_kt":120,"pressure_mb":949},{"date":"20040831","time":"1800","status":"HU","lat":20.3,"lon":-65,"wind_kt":125,"pressure_mb":942},{"date":"20040901","time":"0000","status":"HU","lat":20.6,"lon":-66.4,"wind_kt":120,"pressure_mb":941},{"date":"20040901","time":"0600","status":"HU","lat":21,"lon":-67.9,"wind_kt":120,"pressure_mb":939},{"date":"20040901","time":"0700","status":"HU","lat":21.1,"lon":-68.1,"wind_kt":120,"pressure_mb":935},{"date":"20040901","time":"1200","status":"HU","lat":21.4,"lon":-69.1,"wind_kt":120,"pressure_mb":937},{"date":"20040901","time":"1800","status":"HU","lat":21.8,"lon":-70.4,"wind_kt":120,"pressure_mb":941},{"date":"20040902","time":"0000","status":"HU","lat":22.2,"lon":-71.4,"wind_kt":120,"pressure_mb":939},{"date":"20040902","time":"0600","status":"HU","lat":22.7,"lon":-72.5,"wind_kt":125,"pressure_mb":937},{"date":"20040902","time":"0730","status":"HU","lat":22.8,"lon":-72.8,"wind_kt":125,"pressure_mb":936},{"date":"20040902","time":"1200","status":"HU","lat":23.2,"lon":-73.5,"wind_kt":120,"pressure_mb":939},{"date":"20040902","time":"1800","status":"HU","lat":23.8,"lon":-74.3,"wind_kt":115,"pressure_mb":948},{"date":"20040902","time":"1930","status":"HU","lat":24,"lon":-74.5,"wind_kt":110,"pressure_mb":948},{"date":"20040903","time":"0000","status":"HU","lat":24.2,"lon":-75,"wind_kt":105,"pressure_mb":948},{"date":"20040903","time":"0530","status":"HU","lat":24.6,"lon":-75.6,"wind_kt":100,"pressure_mb":954},{"date":"20040903","time":"0600","status":"HU","lat":24.7,"lon":-75.7,"wind_kt":100,"pressure_mb":954},{"date":"20040903","time":"1000","status":"HU","lat":25.1,"lon":-76.1,"wind_kt":95,"pressure_mb":956},{"date":"20040903","time":"1200","status":"HU","lat":25.3,"lon":-76.3,"wind_kt":95,"pressure_mb":958},{"date":"20040903","time":"1800","status":"HU","lat":25.7,"lon":-77.1,"wind_kt":90,"pressure_mb":960},{"date":"20040904","time":"0000","status":"HU","lat":26,"lon":-77.5,"wind_kt":85,"pressure_mb":960},{"date":"20040904","time":"0600","status":"HU","lat":26.4,"lon":-77.9,"wind_kt":85,"pressure_mb":960},{"date":"20040904","time":"1000","status":"HU","lat":26.6,"lon":-78.2,"wind_kt":90,"pressure_mb":961},{"date":"20040904","time":"1200","status":"HU","lat":26.8,"lon":-78.5,"wind_kt":90,"pressure_mb":962},{"date":"20040904","time":"1800","status":"HU","lat":26.8,"lon":-79.1,"wind_kt":90,"pressure_mb":962},{"date":"20040905","time":"0000","status":"HU","lat":27,"lon":-79.4,"wind_kt":95,"pressure_mb":958},{"date":"20040905","time":"0430","status":"HU","lat":27.2,"lon":-80.2,"wind_kt":90,"pressure_mb":960},{"date":"20040905","time":"0600","status":"HU","lat":27.2,"lon":-80.2,"wind_kt":90,"pressure_mb":960},{"date":"20040905","time":"1200","status":"HU","lat":27.4,"lon":-80.7,"wind_kt":80,"pressure_mb":969},{"date":"20040905","time":"1800","status":"TS","lat":27.8,"lon":-81.7,"wind_kt":60,"pressure_mb":975},{"date":"20040906","time":"0000","status":"TS","lat":28.1,"lon":-82.3,"wind_kt":55,"pressure_mb":978},{"date":"20040906","time":"0600","status":"TS","lat":28.6,"lon":-83.3,"wind_kt":55,"pressure_mb":981},{"date":"20040906","time":"1200","status":"TS","lat":29.2,"lon":-83.7,"wind_kt":55,"pressure_mb":982},{"date":"20040906","time":"1800","status":"TS","lat":30.1,"lon":-84,"wind_kt":50,"pressure_mb":982},{"date":"20040907","time":"0000","status":"TS","lat":31,"lon":-84.6,"wind_kt":35,"pressure_mb":984},{"date":"20040907","time":"0600","status":"TD","lat":31.5,"lon":-85,"wind_kt":30,"pressure_mb":988},{"date":"20040907","time":"1200","status":"TD","lat":32,"lon":-85.2,"wind_kt":25,"pressure_mb":992},{"date":"20040907","time":"1800","status":"TD","lat":32.5,"lon":-85.1,"wind_kt":25,"pressure_mb":996},{"date":"20040908","time":"0000","status":"TD","lat":33.4,"lon":-84.7,"wind_kt":25,"pressure_mb":998},{"date":"20040908","time":"0600","status":"TD","lat":34.3,"lon":-84.3,"wind_kt":25,"pressure_mb":1000},{"date":"20040908","time":"1200","status":"TD","lat":36.1,"lon":-83.2,"wind_kt":25,"pressure_mb":1001},{"date":"20040908","time":"1800","status":"TD","lat":37.8,"lon":-82.1,"wind_kt":25,"pressure_mb":1002},{"date":"20040909","time":"0000","status":"EX","lat":38.7,"lon":-81.3,"wind_kt":25,"pressure_mb":1001},{"date":"20040909","time":"0600","status":"EX","lat":40.5,"lon":-80,"wind_kt":30,"pressure_mb":1001},{"date":"20040909","time":"1200","status":"EX","lat":42.8,"lon":-77.7,"wind_kt":35,"pressure_mb":1001},{"date":"20040909","time":"1800","status":"EX","lat":44.3,"lon":-75.7,"wind_kt":30,"pressure_mb":1002},{"date":"20040910","time":"0000","status":"EX","lat":45.3,"lon":-73.3,"wind_kt":25,"pressure_mb":1003},{"date":"20040910","time":"0600","status":"EX","lat":46.2,"lon":-70.5,"wind_kt":20,"pressure_mb":1004},{"date":"20040910","time":"1200","status":"EX","lat":46.6,"lon":-67.3,"wind_kt":20,"pressure_mb":1005},{"date":"20040910","time":"1800","status":"EX","lat":47.2,"lon":-64.2,"wind_kt":20,"pressure_mb":1005}]}},{"type":"Feature","geometry":{"type":"LineString","coordinates":[[-78.1,31.8],[-78,31.6],[-78,31.4],[-78.2,31.3],[-78.5,31.3],[-78.8,31.3],[-79.1,31.5],[-79.4,32.1],[-79.5,32.8],[-79.6,33],[-79.6,33.5],[-79.4,34.2],[-79.1,34.9],[-78.7,35.6],[-77.8,36.4],[-76.6,37.2],[-74.8,38.1],[-72.9,39.1],[-70.5,40.2],[-67.5,41],[-63.5,41.7],[-59.6,43],[-55,45],[-50,47],[-44,48.5],[-38,50],[-32,51.1],[-28.9,52]]},"properties":{"id":"hur-al072004","event_type":"hurricane","name":"GASTON","year":2004,"max_wind_kt":65,"min_pressure_mb":985,"category":1,"preliminary":false,"start_date":"20040827","end_date":"20040903","track":[{"date":"20040827","time":"1200","status":"TD","lat":31.8,"lon":-78.1,"wind_kt":25,"pressure_mb":1015},{"date":"20040827","time":"1800","status":"TD","lat":31.6,"lon":-78,"wind_kt":25,"pressure_mb":1014},{"date":"20040828","time":"0000","status":"TD","lat":31.4,"lon":-78,"wind_kt":30,"pressure_mb":1011},{"date":"20040828","time":"0600","status":"TS","lat":31.3,"lon":-78.2,"wind_kt":35,"pressure_mb":1005},{"date":"20040828","time":"1200","status":"TS","lat":31.3,"lon":-78.5,"wind_kt":45,"pressure_mb":1000},{"date":"20040828","time":"1800","status":"TS","lat":31.3,"lon":-78.8,"wind_kt":50,"pressure_mb":997},{"date":"20040829","time":"0000","status":"TS","lat":31.5,"lon":-79.1,"wind_kt":55,"pressure_mb":994},{"date":"20040829","time":"0600","status":"TS","lat":32.1,"lon":-79.4,"wind_kt":60,"pressure_mb":991},{"date":"20040829","time":"1200","status":"HU","lat":32.8,"lon":-79.5,"wind_kt":65,"pressure_mb":986},{"date":"20040829","time":"1400","status":"HU","lat":33,"lon":-79.6,"wind_kt":65,"pressure_mb":985},{"date":"20040829","time":"1800","status":"TS","lat":33.5,"lon":-79.6,"wind_kt":45,"pressure_mb":992},{"date":"20040830","time":"0000","status":"TD","lat":34.2,"lon":-79.4,"wind_kt":30,"pressure_mb":995},{"date":"20040830","time":"0600","status":"TD","lat":34.9,"lon":-79.1,"wind_kt":30,"pressure_mb":998},{"date":"20040830","time":"1200","status":"TD","lat":35.6,"lon":-78.7,"wind_kt":25,"pressure_mb":1000},{"date":"20040830","time":"1800","status":"TD","lat":36.4,"lon":-77.8,"wind_kt":30,"pressure_mb":1002},{"date":"20040831","time":"0000","status":"TS","lat":37.2,"lon":-76.6,"wind_kt":35,"pressure_mb":1001},{"date":"20040831","time":"0600","status":"TS","lat":38.1,"lon":-74.8,"wind_kt":35,"pressure_mb":1001},{"date":"20040831","time":"1200","status":"TS","lat":39.1,"lon":-72.9,"wind_kt":35,"pressure_mb":1001},{"date":"20040831","time":"1800","status":"TS","lat":40.2,"lon":-70.5,"wind_kt":35,"pressure_mb":999},{"date":"20040901","time":"0000","status":"TS","lat":41,"lon":-67.5,"wind_kt":40,"pressure_mb":999},{"date":"20040901","time":"0600","status":"TS","lat":41.7,"lon":-63.5,"wind_kt":45,"pressure_mb":999},{"date":"20040901","time":"1200","status":"EX","lat":43,"lon":-59.6,"wind_kt":45,"pressure_mb":999},{"date":"20040901","time":"1800","status":"EX","lat":45,"lon":-55,"wind_kt":45,"pressure_mb":998},{"date":"20040902","time":"0000","status":"EX","lat":47,"lon":-50,"wind_kt":45,"pressure_mb":997},{"date":"20040902","time":"0600","status":"EX","lat":48.5,"lon":-44,"wind_kt":45,"pressure_mb":996},{"date":"20040902","time":"1200","status":"EX","lat":50,"lon":-38,"wind_kt":45,"pressure_mb":994},{"date":"20040902","time":"1800","status":"EX","lat":51.1,"lon":-32,"wind_kt":40,"pressure_mb":994},{"date":"20040903","time":"0000","status":"EX","lat":52,"lon":-28.9,"wind_kt":35,"pressure_mb":998}]}},{"type":"Feature","geometry":{"type":"LineString","coordinates":[[-65.2,29],[-65.7,29],[-66.2,29.1],[-66.6,29.2],[-67.2,29.7],[-68.4,30.1],[-69.2,30.5],[-69.8,31.1],[-70.5,31.8],[-71.1,32.6],[-71.5,33.8],[-71.5,35.8],[-71.4,37.6],[-71.3,39.9],[-70.9,41.5],[-70.5,43.1]]},"properties":{"id":"hur-al082004","event_type":"hurricane","name":"HERMINE","year":2004,"max_wind_kt":50,"min_pressure_mb":1002,"category":0,"preliminary":false,"start_date":"20040827","end_date":"20040831","track":[{"date":"20040827","time":"1800","status":"TD","lat":29,"lon":-65.2,"wind_kt":25,"pressure_mb":1016},{"date":"20040828","time":"0000","status":"TD","lat":29,"lon":-65.7,"wind_kt":25,"pressure_mb":1016},{"date":"20040828","time":"0600","status":"TD","lat":29.1,"lon":-66.2,"wind_kt":25,"pressure_mb":1016},{"date":"20040828","time":"1200","status":"TD","lat":29.2,"lon":-66.6,"wind_kt":30,"pressure_mb":1015},{"date":"20040828","time":"1800","status":"TD","lat":29.7,"lon":-67.2,"wind_kt":30,"pressure_mb":1015},{"date":"20040829","time":"0000","status":"TD","lat":30.1,"lon":-68.4,"wind_kt":30,"pressure_mb":1014},{"date":"20040829","time":"0600","status":"TD","lat":30.5,"lon":-69.2,"wind_kt":30,"pressure_mb":1014},{"date":"20040829","time":"1200","status":"TS","lat":31.1,"lon":-69.8,"wind_kt":35,"pressure_mb":1012},{"date":"20040829","time":"1800","status":"TS","lat":31.8,"lon":-70.5,"wind_kt":40,"pressure_mb":1005},{"date":"20040830","time":"0000","status":"TS","lat":32.6,"lon":-71.1,"wind_kt":40,"pressure_mb":1005},{"date":"20040830","time":"0600","status":"TS","lat":33.8,"lon":-71.5,"wind_kt":50,"pressure_mb":1002},{"date":"20040830","time":"1200","status":"TS","lat":35.8,"lon":-71.5,"wind_kt":45,"pressure_mb":1007},{"date":"20040830","time":"1800","status":"TS","lat":37.6,"lon":-71.4,"wind_kt":45,"pressure_mb":1008},{"date":"20040831","time":"0000","status":"TS","lat":39.9,"lon":-71.3,"wind_kt":35,"pressure_mb":1011},{"date":"20040831","time":"0600","status":"TS","lat":41.5,"lon":-70.9,"wind_kt":35,"pressure_mb":1012},{"date":"20040831","time":"1200","status":"EX","lat":43.1,"lon":-70.5,"wind_kt":25,"pressure_mb":1014}]}},{"type":"Feature","geometry":{"type":"LineString","coordinates":[[-27.6,9.7],[-28.7,9.7],[-30.3,9.7],[-32.1,9.5],[-33.6,9.3],[-35,9.1],[-36.5,8.9],[-38.2,8.9],[-39.9,9],[-41.4,9.3],[-43.4,9.5],[-45.1,9.8],[-46.8,10.2],[-48.5,10.6],[-50.5,10.8],[-52.5,11],[-54.4,11.3],[-56.1,11.2],[-57.8,11.3],[-59.4,11.6],[-61.1,11.8],[-61.8,11.9],[-62.6,12],[-64.1,12.3],[-65.5,12.6],[-67,13],[-68.3,13.3],[-69.5,13.7],[-70.8,14.2],[-71.9,14.7],[-72.8,15.2],[-73.8,15.7],[-74.7,16.2],[-75.8,16.8],[-76.5,17.3],[-77.2,17.4],[-77.6,17.4],[-78.4,17.7],[-79,18],[-79.6,18.2],[-80.4,18.4],[-81.2,18.8],[-81.5,18.9],[-82.1,19.1],[-82.8,19.5],[-83.5,19.9],[-84.1,20.4],[-84.7,20.9],[-84.8,21.2],[-85.1,21.6],[-85.2,21.7],[-85.6,22.4],[-86,23],[-86.5,23.7],[-87,24.7],[-87.4,25.6],[-87.9,26.7],[-88.2,27.9],[-88.2,28.9],[-87.9,30],[-87.9,30.2],[-87.7,31.4],[-87.4,32.5],[-86.5,33.8],[-85.7,34.7],[-84,35.4],[-82.3,36.2],[-80.5,37],[-78.5,37.7],[-76.7,38.4],[-75.5,38],[-74,37.5],[-74,36],[-74.5,34.5],[-75.8,32.8],[-77.5,31],[-78.5,29],[-78.7,27.5],[-79.1,26.4],[-79.7,26.1],[-80.6,25.9],[-81.7,25.8],[-82.8,25.2],[-84.1,24.8],[-86.1,25.1],[-87.3,26],[-88.6,26.5],[-89.5,27.1],[-91,27.9],[-92.2,28.9],[-92.7,29.2],[-93.2,29.6],[-93.6,29.8],[-94.2,30.1]]},"properties":{"id":"hur-al092004","event_type":"hurricane","name":"IVAN","year":2004,"max_wind_kt":145,"min_pressure_mb":910,"category":5,"preliminary":false,"start_date":"20040902","end_date":"20040924","track":[{"date":"20040902","time":"1800","status":"TD","lat":9.7,"lon":-27.6,"wind_kt":25,"pressure_mb":1009},{"date":"20040903","time":"0000","status":"TD","lat":9.7,"lon":-28.7,"wind_kt":30,"pressure_mb":1007},{"date":"20040903","time":"0600","status":"TS","lat":9.7,"lon":-30.3,"wind_kt":35,"pressure_mb":1005},{"date":"20040903","time":"1200","status":"TS","lat":9.5,"lon":-32.1,"wind_kt":40,"pressure_mb":1003},{"date":"20040903","time":"1800","status":"TS","lat":9.3,"lon":-33.6,"wind_kt":45,"pressure_mb":1000},{"date":"20040904","time":"0000","status":"TS","lat":9.1,"lon":-35,"wind_kt":45,"pressure_mb":999},{"date":"20040904","time":"0600","status":"TS","lat":8.9,"lon":-36.5,"wind_kt":50,"pressure_mb":997},{"date":"20040904","time":"1200","status":"TS","lat":8.9,"lon":-38.2,"wind_kt":50,"pressure_mb":997},{"date":"20040904","time":"1800","status":"TS","lat":9,"lon":-39.9,"wind_kt":55,"pressure_mb":994},{"date":"20040905","time":"0000","status":"TS","lat":9.3,"lon":-41.4,"wind_kt":60,"pressure_mb":991},{"date":"20040905","time":"0600","status":"HU","lat":9.5,"lon":-43.4,"wind_kt":65,"pressure_mb":987},{"date":"20040905","time":"1200","status":"HU","lat":9.8,"lon":-45.1,"wind_kt":85,"pressure_mb":977},{"date":"20040905","time":"1800","status":"HU","lat":10.2,"lon":-46.8,"wind_kt":110,"pressure_mb":955},{"date":"20040906","time":"0000","status":"HU","lat":10.6,"lon":-48.5,"wind_kt":115,"pressure_mb":948},{"date":"20040906","time":"0600","status":"HU","lat":10.8,"lon":-50.5,"wind_kt":110,"pressure_mb":950},{"date":"20040906","time":"1200","status":"HU","lat":11,"lon":-52.5,"wind_kt":110,"pressure_mb":955},{"date":"20040906","time":"1800","status":"HU","lat":11.3,"lon":-54.4,"wind_kt":90,"pressure_mb":969},{"date":"20040907","time":"0000","status":"HU","lat":11.2,"lon":-56.1,"wind_kt":90,"pressure_mb":964},{"date":"20040907","time":"0600","status":"HU","lat":11.3,"lon":-57.8,"wind_kt":95,"pressure_mb":965},{"date":"20040907","time":"1200","status":"HU","lat":11.6,"lon":-59.4,"wind_kt":100,"pressure_mb":963},{"date":"20040907","time":"1800","status":"HU","lat":11.8,"lon":-61.1,"wind_kt":105,"pressure_mb":956},{"date":"20040907","time":"2130","status":"HU","lat":11.9,"lon":-61.8,"wind_kt":110,"pressure_mb":952},{"date":"20040908","time":"0000","status":"HU","lat":12,"lon":-62.6,"wind_kt":115,"pressure_mb":950},{"date":"20040908","time":"0600","status":"HU","lat":12.3,"lon":-64.1,"wind_kt":120,"pressure_mb":946},{"date":"20040908","time":"1200","status":"HU","lat":12.6,"lon":-65.5,"wind_kt":120,"pressure_mb":955},{"date":"20040908","time":"1800","status":"HU","lat":13,"lon":-67,"wind_kt":120,"pressure_mb":950},{"date":"20040909","time":"0000","status":"HU","lat":13.3,"lon":-68.3,"wind_kt":130,"pressure_mb":938},{"date":"20040909","time":"0600","status":"HU","lat":13.7,"lon":-69.5,"wind_kt":140,"pressure_mb":925},{"date":"20040909","time":"1200","status":"HU","lat":14.2,"lon":-70.8,"wind_kt":140,"pressure_mb":919},{"date":"20040909","time":"1800","status":"HU","lat":14.7,"lon":-71.9,"wind_kt":130,"pressure_mb":921},{"date":"20040910","time":"0000","status":"HU","lat":15.2,"lon":-72.8,"wind_kt":130,"pressure_mb":923},{"date":"20040910","time":"0600","status":"HU","lat":15.7,"lon":-73.8,"wind_kt":125,"pressure_mb":930},{"date":"20040910","time":"1200","status":"HU","lat":16.2,"lon":-74.7,"wind_kt":125,"pressure_mb":934},{"date":"20040910","time":"1800","status":"HU","lat":16.8,"lon":-75.8,"wind_kt":120,"pressure_mb":940},{"date":"20040911","time":"0000","status":"HU","lat":17.3,"lon":-76.5,"wind_kt":135,"pressure_mb":926},{"date":"20040911","time":"0330","status":"HU","lat":17.4,"lon":-77.2,"wind_kt":130,"pressure_mb":924},{"date":"20040911","time":"0600","status":"HU","lat":17.4,"lon":-77.6,"wind_kt":130,"pressure_mb":923},{"date":"20040911","time":"1200","status":"HU","lat":17.7,"lon":-78.4,"wind_kt":125,"pressure_mb":925},{"date":"20040911","time":"1800","status":"HU","lat":18,"lon":-79,"wind_kt":145,"pressure_mb":920},{"date":"20040912","time":"0000","status":"HU","lat":18.2,"lon":-79.6,"wind_kt":145,"pressure_mb":910},{"date":"20040912","time":"0600","status":"HU","lat":18.4,"lon":-80.4,"wind_kt":135,"pressure_mb":915},{"date":"20040912","time":"1200","status":"HU","lat":18.8,"lon":-81.2,"wind_kt":135,"pressure_mb":919},{"date":"20040912","time":"1415","status":"HU","lat":18.9,"lon":-81.5,"wind_kt":130,"pressure_mb":920},{"date":"20040912","time":"1800","status":"HU","lat":19.1,"lon":-82.1,"wind_kt":130,"pressure_mb":920},{"date":"20040913","time":"0000","status":"HU","lat":19.5,"lon":-82.8,"wind_kt":140,"pressure_mb":916},{"date":"20040913","time":"0600","status":"HU","lat":19.9,"lon":-83.5,"wind_kt":140,"pressure_mb":920},{"date":"20040913","time":"1200","status":"HU","lat":20.4,"lon":-84.1,"wind_kt":140,"pressure_mb":915},{"date":"20040913","time":"1800","status":"HU","lat":20.9,"lon":-84.7,"wind_kt":140,"pressure_mb":912},{"date":"20040913","time":"2100","status":"HU","lat":21.2,"lon":-84.8,"wind_kt":140,"pressure_mb":910},{"date":"20040914","time":"0000","status":"HU","lat":21.6,"lon":-85.1,"wind_kt":140,"pressure_mb":914},{"date":"20040914","time":"0100","status":"HU","lat":21.7,"lon":-85.2,"wind_kt":140,"pressure_mb":916},{"date":"20040914","time":"0600","status":"HU","lat":22.4,"lon":-85.6,"wind_kt":140,"pressure_mb":924},{"date":"20040914","time":"1200","status":"HU","lat":23,"lon":-86,"wind_kt":125,"pressure_mb":930},{"date":"20040914","time":"1800","status":"HU","lat":23.7,"lon":-86.5,"wind_kt":120,"pressure_mb":931},{"date":"20040915","time":"0000","status":"HU","lat":24.7,"lon":-87,"wind_kt":120,"pressure_mb":928},{"date":"20040915","time":"0600","status":"HU","lat":25.6,"lon":-87.4,"wind_kt":120,"pressure_mb":935},{"date":"20040915","time":"1200","status":"HU","lat":26.7,"lon":-87.9,"wind_kt":115,"pressure_mb":939},{"date":"20040915","time":"1800","status":"HU","lat":27.9,"lon":-88.2,"wind_kt":115,"pressure_mb":937},{"date":"20040916","time":"0000","status":"HU","lat":28.9,"lon":-88.2,"wind_kt":110,"pressure_mb":931},{"date":"20040916","time":"0600","status":"HU","lat":30,"lon":-87.9,"wind_kt":105,"pressure_mb":943},{"date":"20040916","time":"0650","status":"HU","lat":30.2,"lon":-87.9,"wind_kt":105,"pressure_mb":946},{"date":"20040916","time":"1200","status":"HU","lat":31.4,"lon":-87.7,"wind_kt":70,"pressure_mb":965},{"date":"20040916","time":"1800","status":"TS","lat":32.5,"lon":-87.4,"wind_kt":50,"pressure_mb":975},{"date":"20040917","time":"0000","status":"TD","lat":33.8,"lon":-86.5,"wind_kt":30,"pressure_mb":986},{"date":"20040917","time":"0600","status":"TD","lat":34.7,"lon":-85.7,"wind_kt":25,"pressure_mb":991},{"date":"20040917","time":"1200","status":"TD","lat":35.4,"lon":-84,"wind_kt":20,"pressure_mb":994},{"date":"20040917","time":"1800","status":"TD","lat":36.2,"lon":-82.3,"wind_kt":20,"pressure_mb":996},{"date":"20040918","time":"0000","status":"TD","lat":37,"lon":-80.5,"wind_kt":20,"pressure_mb":999},{"date":"20040918","time":"0600","status":"TD","lat":37.7,"lon":-78.5,"wind_kt":15,"pressure_mb":998},{"date":"20040918","time":"1200","status":"TD","lat":38.4,"lon":-76.7,"wind_kt":15,"pressure_mb":1000},{"date":"20040918","time":"1800","status":"EX","lat":38,"lon":-75.5,"wind_kt":25,"pressure_mb":1002},{"date":"20040919","time":"0000","status":"EX","lat":37.5,"lon":-74,"wind_kt":35,"pressure_mb":1003},{"date":"20040919","time":"0600","status":"EX","lat":36,"lon":-74,"wind_kt":35,"pressure_mb":1005},{"date":"20040919","time":"1200","status":"EX","lat":34.5,"lon":-74.5,"wind_kt":35,"pressure_mb":1008},{"date":"20040919","time":"1800","status":"EX","lat":32.8,"lon":-75.8,"wind_kt":35,"pressure_mb":1008},{"date":"20040920","time":"0000","status":"EX","lat":31,"lon":-77.5,"wind_kt":35,"pressure_mb":1008},{"date":"20040920","time":"0600","status":"EX","lat":29,"lon":-78.5,"wind_kt":35,"pressure_mb":1008},{"date":"20040920","time":"1200","status":"EX","lat":27.5,"lon":-78.7,"wind_kt":30,"pressure_mb":1009},{"date":"20040920","time":"1800","status":"EX","lat":26.4,"lon":-79.1,"wind_kt":25,"pressure_mb":1009},{"date":"20040921","time":"0000","status":"EX","lat":26.1,"lon":-79.7,"wind_kt":25,"pressure_mb":1009},{"date":"20040921","time":"0600","status":"EX","lat":25.9,"lon":-80.6,"wind_kt":25,"pressure_mb":1009},{"date":"20040921","time":"1200","status":"EX","lat":25.8,"lon":-81.7,"wind_kt":25,"pressure_mb":1009},{"date":"20040921","time":"1800","status":"LO","lat":25.2,"lon":-82.8,"wind_kt":25,"pressure_mb":1010},{"date":"20040922","time":"0000","status":"LO","lat":24.8,"lon":-84.1,"wind_kt":25,"pressure_mb":1010},{"date":"20040922","time":"0600","status":"LO","lat":25.1,"lon":-86.1,"wind_kt":25,"pressure_mb":1010},{"date":"20040922","time":"1200","status":"LO","lat":26,"lon":-87.3,"wind_kt":25,"pressure_mb":1010},{"date":"20040922","time":"1800","status":"TD","lat":26.5,"lon":-88.6,"wind_kt":30,"pressure_mb":1008},{"date":"20040923","time":"0000","status":"TS","lat":27.1,"lon":-89.5,"wind_kt":35,"pressure_mb":1007},{"date":"20040923","time":"0600","status":"TS","lat":27.9,"lon":-91,"wind_kt":35,"pressure_mb":1007},{"date":"20040923","time":"1200","status":"TS","lat":28.9,"lon":-92.2,"wind_kt":50,"pressure_mb":998},{"date":"20040923","time":"1800","status":"TS","lat":29.2,"lon":-92.7,"wind_kt":40,"pressure_mb":1003},{"date":"20040924","time":"0000","status":"TD","lat":29.6,"lon":-93.2,"wind_kt":30,"pressure_mb":1003},{"date":"20040924","time":"0200","status":"TD","lat":29.8,"lon":-93.6,"wind_kt":30,"pressure_mb":1004},{"date":"20040924","time":"0600","status":"TD","lat":30.1,"lon":-94.2,"wind_kt":25,"pressure_mb":1009}]}},{"type":"Feature","geometry":{"type":"LineString","coordinates":[[-39.7,31.5],[-39.3,31.7],[-38.7,32],[-38.1,32.3],[-37.1,32.8],[-36,33.8],[-35,35.3],[-34.3,36.2],[-33.6,36.5],[-33.4,36],[-32.3,35.7],[-31,35.5],[-29.5,35.3]]},"properties":{"id":"hur-al102004","event_type":"hurricane","name":null,"year":2004,"max_wind_kt":30,"min_pressure_mb":1009,"category":-1,"preliminary":false,"start_date":"20040907","end_date":"20040910","track":[{"date":"20040907","time":"1200","status":"TD","lat":31.5,"lon":-39.7,"wind_kt":25,"pressure_mb":1009},{"date":"20040907","time":"1800","status":"TD","lat":31.7,"lon":-39.3,"wind_kt":25,"pressure_mb":1009},{"date":"20040908","time":"0000","status":"TD","lat":32,"lon":-38.7,"wind_kt":25,"pressure_mb":1010},{"date":"20040908","time":"0600","status":"TD","lat":32.3,"lon":-38.1,"wind_kt":25,"pressure_mb":1011},{"date":"20040908","time":"1200","status":"TD","lat":32.8,"lon":-37.1,"wind_kt":25,"pressure_mb":1012},{"date":"20040908","time":"1800","status":"TD","lat":33.8,"lon":-36,"wind_kt":25,"pressure_mb":1012},{"date":"20040909","time":"0000","status":"TD","lat":35.3,"lon":-35,"wind_kt":30,"pressure_mb":1012},{"date":"20040909","time":"0600","status":"TD","lat":36.2,"lon":-34.3,"wind_kt":30,"pressure_mb":1013},{"date":"20040909","time":"1200","status":"LO","lat":36.5,"lon":-33.6,"wind_kt":30,"pressure_mb":1013},{"date":"20040909","time":"1800","status":"LO","lat":36,"lon":-33.4,"wind_kt":30,"pressure_mb":1014},{"date":"20040910","time":"0000","status":"LO","lat":35.7,"lon":-32.3,"wind_kt":30,"pressure_mb":1014},{"date":"20040910","time":"0600","status":"LO","lat":35.5,"lon":-31,"wind_kt":25,"pressure_mb":1015},{"date":"20040910","time":"1200","status":"LO","lat":35.3,"lon":-29.5,"wind_kt":20,"pressure_mb":1016}]}},{"type":"Feature","geometry":{"type":"LineString","coordinates":[[-60,15.9],[-60.7,16],[-61.3,16.2],[-61.5,16.3],[-62.6,16.4],[-63.5,16.7],[-64,17.1],[-64.8,17.2],[-65.4,17.6],[-66,18],[-66.2,18.1],[-67.1,18.5],[-67.8,18.6],[-68.3,18.6],[-68.5,18.6],[-69,18.8],[-69.4,19.2],[-69.9,19.4],[-70.7,19.7],[-71.6,20],[-72,20.2],[-72.5,20.4],[-72.8,21.2],[-72.3,21.7],[-72.2,22.2],[-72.3,22.8],[-72.5,23.5],[-72.3,24.2],[-72.1,24.8],[-72,25.5],[-71.7,26.6],[-71.4,27.2],[-70.8,27.4],[-70.2,27.6],[-69.5,27.6],[-69.2,27.4],[-68.9,27.2],[-68.7,26.8],[-68.5,26.5],[-68.8,26.2],[-69,25.7],[-69.3,25.5],[-69.6,25.5],[-70,25.8],[-70.4,26],[-71.2,26.1],[-72.2,26.2],[-73.1,26.4],[-74.3,26.4],[-75.6,26.5],[-76.9,26.6],[-77.3,26.7],[-78.2,26.9],[-79.4,27.1],[-80.2,27.2],[-80.6,27.3],[-81.6,27.7],[-82.3,28.3],[-82.7,29.3],[-83.3,30.1],[-83.9,31.1],[-83.6,32.5],[-83.2,33.2],[-82.4,34.1],[-81,35.4],[-78.4,37.3],[-76.4,38.3],[-74.7,38.8],[-72.5,38.5]]},"properties":{"id":"hur-al112004","event_type":"hurricane","name":"JEANNE","year":2004,"max_wind_kt":105,"min_pressure_mb":950,"category":3,"preliminary":false,"start_date":"20040913","end_date":"20040929","track":[{"date":"20040913","time":"1800","status":"TD","lat":15.9,"lon":-60,"wind_kt":25,"pressure_mb":1010},{"date":"20040914","time":"0000","status":"TD","lat":16,"lon":-60.7,"wind_kt":25,"pressure_mb":1010},{"date":"20040914","time":"0400","status":"TD","lat":16.2,"lon":-61.3,"wind_kt":30,"pressure_mb":1009},{"date":"20040914","time":"0600","status":"TD","lat":16.3,"lon":-61.5,"wind_kt":30,"pressure_mb":1009},{"date":"20040914","time":"1200","status":"TS","lat":16.4,"lon":-62.6,"wind_kt":35,"pressure_mb":1006},{"date":"20040914","time":"1800","status":"TS","lat":16.7,"lon":-63.5,"wind_kt":50,"pressure_mb":996},{"date":"20040915","time":"0000","status":"TS","lat":17.1,"lon":-64,"wind_kt":55,"pressure_mb":996},{"date":"20040915","time":"0600","status":"TS","lat":17.2,"lon":-64.8,"wind_kt":55,"pressure_mb":994},{"date":"20040915","time":"1200","status":"TS","lat":17.6,"lon":-65.4,"wind_kt":60,"pressure_mb":991},{"date":"20040915","time":"1600","status":"TS","lat":18,"lon":-66,"wind_kt":60,"pressure_mb":991},{"date":"20040915","time":"1800","status":"TS","lat":18.1,"lon":-66.2,"wind_kt":60,"pressure_mb":991},{"date":"20040916","time":"0000","status":"TS","lat":18.5,"lon":-67.1,"wind_kt":60,"pressure_mb":993},{"date":"20040916","time":"0600","status":"TS","lat":18.6,"lon":-67.8,"wind_kt":60,"pressure_mb":992},{"date":"20040916","time":"1100","status":"HU","lat":18.6,"lon":-68.3,"wind_kt":70,"pressure_mb":985},{"date":"20040916","time":"1200","status":"HU","lat":18.6,"lon":-68.5,"wind_kt":70,"pressure_mb":984},{"date":"20040916","time":"1800","status":"HU","lat":18.8,"lon":-69,"wind_kt":65,"pressure_mb":988},{"date":"20040917","time":"0000","status":"TS","lat":19.2,"lon":-69.4,"wind_kt":60,"pressure_mb":990},{"date":"20040917","time":"0600","status":"TS","lat":19.4,"lon":-69.9,"wind_kt":55,"pressure_mb":990},{"date":"20040917","time":"1200","status":"TS","lat":19.7,"lon":-70.7,"wind_kt":50,"pressure_mb":990},{"date":"20040917","time":"1800","status":"TD","lat":20,"lon":-71.6,"wind_kt":30,"pressure_mb":1002},{"date":"20040918","time":"0000","status":"TS","lat":20.2,"lon":-72,"wind_kt":40,"pressure_mb":1000},{"date":"20040918","time":"0600","status":"TS","lat":20.4,"lon":-72.5,"wind_kt":45,"pressure_mb":1000},{"date":"20040918","time":"1200","status":"TS","lat":21.2,"lon":-72.8,"wind_kt":45,"pressure_mb":1000},{"date":"20040918","time":"1800","status":"TS","lat":21.7,"lon":-72.3,"wind_kt":40,"pressure_mb":1005},{"date":"20040919","time":"0000","status":"TS","lat":22.2,"lon":-72.2,"wind_kt":40,"pressure_mb":1002},{"date":"20040919","time":"0600","status":"TS","lat":22.8,"lon":-72.3,"wind_kt":40,"pressure_mb":1002},{"date":"20040919","time":"1200","status":"TS","lat":23.5,"lon":-72.5,"wind_kt":40,"pressure_mb":1000},{"date":"20040919","time":"1800","status":"TS","lat":24.2,"lon":-72.3,"wind_kt":45,"pressure_mb":996},{"date":"20040920","time":"0000","status":"TS","lat":24.8,"lon":-72.1,"wind_kt":50,"pressure_mb":994},{"date":"20040920","time":"0600","status":"TS","lat":25.5,"lon":-72,"wind_kt":55,"pressure_mb":992},{"date":"20040920","time":"1200","status":"TS","lat":26.6,"lon":-71.7,"wind_kt":60,"pressure_mb":989},{"date":"20040920","time":"1800","status":"HU","lat":27.2,"lon":-71.4,"wind_kt":75,"pressure_mb":984},{"date":"20040921","time":"0000","status":"HU","lat":27.4,"lon":-70.8,"wind_kt":75,"pressure_mb":982},{"date":"20040921","time":"0600","status":"HU","lat":27.6,"lon":-70.2,"wind_kt":75,"pressure_mb":972},{"date":"20040921","time":"1200","status":"HU","lat":27.6,"lon":-69.5,"wind_kt":75,"pressure_mb":972},{"date":"20040921","time":"1800","status":"HU","lat":27.4,"lon":-69.2,"wind_kt":75,"pressure_mb":972},{"date":"20040922","time":"0000","status":"HU","lat":27.2,"lon":-68.9,"wind_kt":80,"pressure_mb":972},{"date":"20040922","time":"0600","status":"HU","lat":26.8,"lon":-68.7,"wind_kt":85,"pressure_mb":968},{"date":"20040922","time":"1200","status":"HU","lat":26.5,"lon":-68.5,"wind_kt":85,"pressure_mb":968},{"date":"20040922","time":"1800","status":"HU","lat":26.2,"lon":-68.8,"wind_kt":85,"pressure_mb":967},{"date":"20040923","time":"0000","status":"HU","lat":25.7,"lon":-69,"wind_kt":85,"pressure_mb":966},{"date":"20040923","time":"0600","status":"HU","lat":25.5,"lon":-69.3,"wind_kt":85,"pressure_mb":966},{"date":"20040923","time":"1200","status":"HU","lat":25.5,"lon":-69.6,"wind_kt":80,"pressure_mb":966},{"date":"20040923","time":"1800","status":"HU","lat":25.8,"lon":-70,"wind_kt":75,"pressure_mb":966},{"date":"20040924","time":"0000","status":"HU","lat":26,"lon":-70.4,"wind_kt":70,"pressure_mb":966},{"date":"20040924","time":"0600","status":"HU","lat":26.1,"lon":-71.2,"wind_kt":75,"pressure_mb":969},{"date":"20040924","time":"1200","status":"HU","lat":26.2,"lon":-72.2,"wind_kt":80,"pressure_mb":969},{"date":"20040924","time":"1800","status":"HU","lat":26.4,"lon":-73.1,"wind_kt":85,"pressure_mb":968},{"date":"20040925","time":"0000","status":"HU","lat":26.4,"lon":-74.3,"wind_kt":85,"pressure_mb":964},{"date":"20040925","time":"0600","status":"HU","lat":26.5,"lon":-75.6,"wind_kt":90,"pressure_mb":960},{"date":"20040925","time":"1200","status":"HU","lat":26.6,"lon":-76.9,"wind_kt":100,"pressure_mb":957},{"date":"20040925","time":"1400","status":"HU","lat":26.7,"lon":-77.3,"wind_kt":100,"pressure_mb":956},{"date":"20040925","time":"1800","status":"HU","lat":26.9,"lon":-78.2,"wind_kt":105,"pressure_mb":952},{"date":"20040926","time":"0000","status":"HU","lat":27.1,"lon":-79.4,"wind_kt":105,"pressure_mb":951},{"date":"20040926","time":"0400","status":"HU","lat":27.2,"lon":-80.2,"wind_kt":105,"pressure_mb":950},{"date":"20040926","time":"0600","status":"HU","lat":27.3,"lon":-80.6,"wind_kt":95,"pressure_mb":953},{"date":"20040926","time":"1200","status":"HU","lat":27.7,"lon":-81.6,"wind_kt":75,"pressure_mb":965},{"date":"20040926","time":"1800","status":"TS","lat":28.3,"lon":-82.3,"wind_kt":55,"pressure_mb":970},{"date":"20040927","time":"0000","status":"TS","lat":29.3,"lon":-82.7,"wind_kt":45,"pressure_mb":978},{"date":"20040927","time":"0600","status":"TS","lat":30.1,"lon":-83.3,"wind_kt":40,"pressure_mb":981},{"date":"20040927","time":"1200","status":"TS","lat":31.1,"lon":-83.9,"wind_kt":35,"pressure_mb":987},{"date":"20040927","time":"1800","status":"TD","lat":32.5,"lon":-83.6,"wind_kt":30,"pressure_mb":993},{"date":"20040928","time":"0000","status":"TD","lat":33.2,"lon":-83.2,"wind_kt":25,"pressure_mb":998},{"date":"20040928","time":"0600","status":"TD","lat":34.1,"lon":-82.4,"wind_kt":20,"pressure_mb":999},{"date":"20040928","time":"1200","status":"TD","lat":35.4,"lon":-81,"wind_kt":20,"pressure_mb":1000},{"date":"20040928","time":"1800","status":"TD","lat":37.3,"lon":-78.4,"wind_kt":25,"pressure_mb":999},{"date":"20040929","time":"0000","status":"EX","lat":38.3,"lon":-76.4,"wind_kt":25,"pressure_mb":999},{"date":"20040929","time":"0600","status":"EX","lat":38.8,"lon":-74.7,"wind_kt":35,"pressure_mb":999},{"date":"20040929","time":"1200","status":"EX","lat":38.5,"lon":-72.5,"wind_kt":35,"pressure_mb":999}]}},{"type":"Feature","geometry":{"type":"LineString","coordinates":[[-29.2,11.2],[-30.7,11.2],[-32.1,11.2],[-33.3,11.2],[-34.4,11.6],[-35.3,12.1],[-36,13],[-37,13.9],[-38,14.5],[-38.8,15],[-39.7,15.6],[-40.8,15.9],[-41.6,16],[-42.4,16.3],[-43.4,16.7],[-44.5,16.8],[-45.2,17],[-46,17.5],[-46.5,18.1],[-47,18.7],[-47.3,19.6],[-47.8,20.8],[-48.3,22.3],[-48.8,23.7],[-49.4,24.9],[-49.5,26.2],[-48.7,27.5],[-47.7,29],[-46.3,30.7],[-44.4,32.5],[-43,34.5],[-41.9,36.8],[-41.2,39.5],[-40.5,42.6],[-40.5,45.5],[-40.5,48.1],[-38.9,50.4],[-36.5,53],[-32,56.1],[-26,59.5],[-17,62],[-8,63.5],[-2,64],[2.5,64],[7,64.5],[10.5,65],[12,65.3],[13.5,65.5]]},"properties":{"id":"hur-al122004","event_type":"hurricane","name":"KARL","year":2004,"max_wind_kt":125,"min_pressure_mb":938,"category":4,"preliminary":false,"start_date":"20040916","end_date":"20040928","track":[{"date":"20040916","time":"0600","status":"TD","lat":11.2,"lon":-29.2,"wind_kt":30,"pressure_mb":1008},{"date":"20040916","time":"1200","status":"TD","lat":11.2,"lon":-30.7,"wind_kt":30,"pressure_mb":1007},{"date":"20040916","time":"1800","status":"TS","lat":11.2,"lon":-32.1,"wind_kt":35,"pressure_mb":1005},{"date":"20040917","time":"0000","status":"TS","lat":11.2,"lon":-33.3,"wind_kt":40,"pressure_mb":1002},{"date":"20040917","time":"0600","status":"TS","lat":11.6,"lon":-34.4,"wind_kt":50,"pressure_mb":997},{"date":"20040917","time":"1200","status":"TS","lat":12.1,"lon":-35.3,"wind_kt":55,"pressure_mb":994},{"date":"20040917","time":"1800","status":"TS","lat":13,"lon":-36,"wind_kt":55,"pressure_mb":992},{"date":"20040918","time":"0000","status":"HU","lat":13.9,"lon":-37,"wind_kt":70,"pressure_mb":984},{"date":"20040918","time":"0600","status":"HU","lat":14.5,"lon":-38,"wind_kt":85,"pressure_mb":975},{"date":"20040918","time":"1200","status":"HU","lat":15,"lon":-38.8,"wind_kt":90,"pressure_mb":970},{"date":"20040918","time":"1800","status":"HU","lat":15.6,"lon":-39.7,"wind_kt":95,"pressure_mb":965},{"date":"20040919","time":"0000","status":"HU","lat":15.9,"lon":-40.8,"wind_kt":95,"pressure_mb":965},{"date":"20040919","time":"0600","status":"HU","lat":16,"lon":-41.6,"wind_kt":100,"pressure_mb":960},{"date":"20040919","time":"1200","status":"HU","lat":16.3,"lon":-42.4,"wind_kt":105,"pressure_mb":955},{"date":"20040919","time":"1800","status":"HU","lat":16.7,"lon":-43.4,"wind_kt":110,"pressure_mb":951},{"date":"20040920","time":"0000","status":"HU","lat":16.8,"lon":-44.5,"wind_kt":110,"pressure_mb":951},{"date":"20040920","time":"0600","status":"HU","lat":17,"lon":-45.2,"wind_kt":115,"pressure_mb":948},{"date":"20040920","time":"1200","status":"HU","lat":17.5,"lon":-46,"wind_kt":110,"pressure_mb":951},{"date":"20040920","time":"1800","status":"HU","lat":18.1,"lon":-46.5,"wind_kt":110,"pressure_mb":951},{"date":"20040921","time":"0000","status":"HU","lat":18.7,"lon":-47,"wind_kt":120,"pressure_mb":943},{"date":"20040921","time":"0600","status":"HU","lat":19.6,"lon":-47.3,"wind_kt":125,"pressure_mb":938},{"date":"20040921","time":"1200","status":"HU","lat":20.8,"lon":-47.8,"wind_kt":120,"pressure_mb":943},{"date":"20040921","time":"1800","status":"HU","lat":22.3,"lon":-48.3,"wind_kt":105,"pressure_mb":948},{"date":"20040922","time":"0000","status":"HU","lat":23.7,"lon":-48.8,"wind_kt":100,"pressure_mb":955},{"date":"20040922","time":"0600","status":"HU","lat":24.9,"lon":-49.4,"wind_kt":95,"pressure_mb":962},{"date":"20040922","time":"1200","status":"HU","lat":26.2,"lon":-49.5,"wind_kt":90,"pressure_mb":967},{"date":"20040922","time":"1800","status":"HU","lat":27.5,"lon":-48.7,"wind_kt":90,"pressure_mb":970},{"date":"20040923","time":"0000","status":"HU","lat":29,"lon":-47.7,"wind_kt":95,"pressure_mb":965},{"date":"20040923","time":"0600","status":"HU","lat":30.7,"lon":-46.3,"wind_kt":110,"pressure_mb":951},{"date":"20040923","time":"1200","status":"HU","lat":32.5,"lon":-44.4,"wind_kt":105,"pressure_mb":953},{"date":"20040923","time":"1800","status":"HU","lat":34.5,"lon":-43,"wind_kt":90,"pressure_mb":955},{"date":"20040924","time":"0000","status":"HU","lat":36.8,"lon":-41.9,"wind_kt":80,"pressure_mb":957},{"date":"20040924","time":"0600","status":"HU","lat":39.5,"lon":-41.2,"wind_kt":75,"pressure_mb":959},{"date":"20040924","time":"1200","status":"HU","lat":42.6,"lon":-40.5,"wind_kt":70,"pressure_mb":961},{"date":"20040924","time":"1800","status":"HU","lat":45.5,"lon":-40.5,"wind_kt":65,"pressure_mb":962},{"date":"20040925","time":"0000","status":"EX","lat":48.1,"lon":-40.5,"wind_kt":55,"pressure_mb":963},{"date":"20040925","time":"0600","status":"EX","lat":50.4,"lon":-38.9,"wind_kt":55,"pressure_mb":967},{"date":"20040925","time":"1200","status":"EX","lat":53,"lon":-36.5,"wind_kt":55,"pressure_mb":973},{"date":"20040925","time":"1800","status":"EX","lat":56.1,"lon":-32,"wind_kt":55,"pressure_mb":980},{"date":"20040926","time":"0000","status":"EX","lat":59.5,"lon":-26,"wind_kt":55,"pressure_mb":986},{"date":"20040926","time":"0600","status":"EX","lat":62,"lon":-17,"wind_kt":55,"pressure_mb":983},{"date":"20040926","time":"1200","status":"EX","lat":63.5,"lon":-8,"wind_kt":60,"pressure_mb":976},{"date":"20040926","time":"1800","status":"EX","lat":64,"lon":-2,"wind_kt":60,"pressure_mb":976},{"date":"20040927","time":"0000","status":"EX","lat":64,"lon":2.5,"wind_kt":55,"pressure_mb":980},{"date":"20040927","time":"0600","status":"EX","lat":64.5,"lon":7,"wind_kt":45,"pressure_mb":980},{"date":"20040927","time":"1200","status":"EX","lat":65,"lon":10.5,"wind_kt":40,"pressure_mb":986},{"date":"20040927","time":"1800","status":"EX","lat":65.3,"lon":12,"wind_kt":35,"pressure_mb":989},{"date":"20040928","time":"0000","status":"EX","lat":65.5,"lon":13.5,"wind_kt":30,"pressure_mb":992}]}},{"type":"Feature","geometry":{"type":"LineString","coordinates":[[-32.4,13.3],[-33.3,13.3],[-34.3,13.4],[-35.4,13.5],[-36.4,13.7],[-37.4,13.7],[-38.3,13.9],[-39.1,14.1],[-39.7,14.3],[-40.2,14.4],[-40.6,14.4],[-41.1,14.2],[-41.5,13.9],[-41.4,13.2],[-40.6,13],[-40,13.1],[-40.5,14.3],[-41.7,14.3],[-42.4,13.8],[-43.2,13.9],[-43.8,14],[-44.4,14.3],[-44.9,14.9],[-45.4,15.7],[-45.7,16.7],[-45.8,17.4],[-45.9,18],[-46,18.7],[-46,19.2],[-46,19.6],[-46.1,20],[-46.2,20.6],[-46.2,21.3],[-46.4,22],[-46.5,23],[-46.5,24.3],[-46.5,25.4],[-46.4,26.4],[-46.2,27.5],[-45.8,28.9],[-45.8,30.1],[-46.1,31.1],[-46.7,32],[-47.3,32.4],[-47.8,33.1],[-47.8,34.1],[-47.6,35.1],[-47,36.3],[-45.8,37.7],[-43.8,38.9],[-41.6,40.3],[-39.1,41.6],[-36,42.8],[-33,43.8],[-30,44.5]]},"properties":{"id":"hur-al132004","event_type":"hurricane","name":"LISA","year":2004,"max_wind_kt":65,"min_pressure_mb":987,"category":1,"preliminary":false,"start_date":"20040919","end_date":"20041003","track":[{"date":"20040919","time":"1800","status":"TD","lat":13.3,"lon":-32.4,"wind_kt":30,"pressure_mb":1004},{"date":"20040920","time":"0000","status":"TD","lat":13.3,"lon":-33.3,"wind_kt":30,"pressure_mb":1004},{"date":"20040920","time":"0600","status":"TD","lat":13.4,"lon":-34.3,"wind_kt":30,"pressure_mb":1004},{"date":"20040920","time":"1200","status":"TS","lat":13.5,"lon":-35.4,"wind_kt":40,"pressure_mb":1002},{"date":"20040920","time":"1800","status":"TS","lat":13.7,"lon":-36.4,"wind_kt":50,"pressure_mb":997},{"date":"20040921","time":"0000","status":"TS","lat":13.7,"lon":-37.4,"wind_kt":55,"pressure_mb":994},{"date":"20040921","time":"0600","status":"TS","lat":13.9,"lon":-38.3,"wind_kt":60,"pressure_mb":990},{"date":"20040921","time":"1200","status":"TS","lat":14.1,"lon":-39.1,"wind_kt":60,"pressure_mb":990},{"date":"20040921","time":"1800","status":"TS","lat":14.3,"lon":-39.7,"wind_kt":60,"pressure_mb":990},{"date":"20040922","time":"0000","status":"TS","lat":14.4,"lon":-40.2,"wind_kt":55,"pressure_mb":994},{"date":"20040922","time":"0600","status":"TS","lat":14.4,"lon":-40.6,"wind_kt":50,"pressure_mb":997},{"date":"20040922","time":"1200","status":"TS","lat":14.2,"lon":-41.1,"wind_kt":45,"pressure_mb":1000},{"date":"20040922","time":"1800","status":"TS","lat":13.9,"lon":-41.5,"wind_kt":45,"pressure_mb":1000},{"date":"20040923","time":"0000","status":"TS","lat":13.2,"lon":-41.4,"wind_kt":45,"pressure_mb":1000},{"date":"20040923","time":"0600","status":"TS","lat":13,"lon":-40.6,"wind_kt":40,"pressure_mb":1002},{"date":"20040923","time":"1200","status":"TS","lat":13.1,"lon":-40,"wind_kt":35,"pressure_mb":1003},{"date":"20040923","time":"1800","status":"TD","lat":14.3,"lon":-40.5,"wind_kt":30,"pressure_mb":1005},{"date":"20040924","time":"0000","status":"TD","lat":14.3,"lon":-41.7,"wind_kt":30,"pressure_mb":1005},{"date":"20040924","time":"0600","status":"TS","lat":13.8,"lon":-42.4,"wind_kt":40,"pressure_mb":1002},{"date":"20040924","time":"1200","status":"TS","lat":13.9,"lon":-43.2,"wind_kt":35,"pressure_mb":1003},{"date":"20040924","time":"1800","status":"TD","lat":14,"lon":-43.8,"wind_kt":30,"pressure_mb":1005},{"date":"20040925","time":"0000","status":"TD","lat":14.3,"lon":-44.4,"wind_kt":30,"pressure_mb":1005},{"date":"20040925","time":"0600","status":"TS","lat":14.9,"lon":-44.9,"wind_kt":35,"pressure_mb":1003},{"date":"20040925","time":"1200","status":"TS","lat":15.7,"lon":-45.4,"wind_kt":45,"pressure_mb":1000},{"date":"20040925","time":"1800","status":"TS","lat":16.7,"lon":-45.7,"wind_kt":45,"pressure_mb":1000},{"date":"20040926","time":"0000","status":"TS","lat":17.4,"lon":-45.8,"wind_kt":45,"pressure_mb":1000},{"date":"20040926","time":"0600","status":"TS","lat":18,"lon":-45.9,"wind_kt":50,"pressure_mb":997},{"date":"20040926","time":"1200","status":"TS","lat":18.7,"lon":-46,"wind_kt":55,"pressure_mb":994},{"date":"20040926","time":"1800","status":"TS","lat":19.2,"lon":-46,"wind_kt":50,"pressure_mb":997},{"date":"20040927","time":"0000","status":"TS","lat":19.6,"lon":-46,"wind_kt":45,"pressure_mb":1000},{"date":"20040927","time":"0600","status":"TS","lat":20,"lon":-46.1,"wind_kt":45,"pressure_mb":1000},{"date":"20040927","time":"1200","status":"TS","lat":20.6,"lon":-46.2,"wind_kt":45,"pressure_mb":1000},{"date":"20040927","time":"1800","status":"TS","lat":21.3,"lon":-46.2,"wind_kt":40,"pressure_mb":1002},{"date":"20040928","time":"0000","status":"TS","lat":22,"lon":-46.4,"wind_kt":40,"pressure_mb":1002},{"date":"20040928","time":"0600","status":"TS","lat":23,"lon":-46.5,"wind_kt":40,"pressure_mb":1002},{"date":"20040928","time":"1200","status":"TS","lat":24.3,"lon":-46.5,"wind_kt":45,"pressure_mb":1000},{"date":"20040928","time":"1800","status":"TS","lat":25.4,"lon":-46.5,"wind_kt":55,"pressure_mb":994},{"date":"20040929","time":"0000","status":"TS","lat":26.4,"lon":-46.4,"wind_kt":60,"pressure_mb":990},{"date":"20040929","time":"0600","status":"TS","lat":27.5,"lon":-46.2,"wind_kt":60,"pressure_mb":990},{"date":"20040929","time":"1200","status":"TS","lat":28.9,"lon":-45.8,"wind_kt":60,"pressure_mb":990},{"date":"20040929","time":"1800","status":"TS","lat":30.1,"lon":-45.8,"wind_kt":60,"pressure_mb":990},{"date":"20040930","time":"0000","status":"TS","lat":31.1,"lon":-46.1,"wind_kt":60,"pressure_mb":990},{"date":"20040930","time":"0600","status":"TS","lat":32,"lon":-46.7,"wind_kt":55,"pressure_mb":994},{"date":"20040930","time":"1200","status":"TS","lat":32.4,"lon":-47.3,"wind_kt":50,"pressure_mb":997},{"date":"20040930","time":"1800","status":"TS","lat":33.1,"lon":-47.8,"wind_kt":45,"pressure_mb":1000},{"date":"20041001","time":"0000","status":"TS","lat":34.1,"lon":-47.8,"wind_kt":50,"pressure_mb":997},{"date":"20041001","time":"0600","status":"TS","lat":35.1,"lon":-47.6,"wind_kt":55,"pressure_mb":994},{"date":"20041001","time":"1200","status":"TS","lat":36.3,"lon":-47,"wind_kt":60,"pressure_mb":990},{"date":"20041001","time":"1800","status":"TS","lat":37.7,"lon":-45.8,"wind_kt":60,"pressure_mb":990},{"date":"20041002","time":"0000","status":"TS","lat":38.9,"lon":-43.8,"wind_kt":60,"pressure_mb":990},{"date":"20041002","time":"0600","status":"HU","lat":40.3,"lon":-41.6,"wind_kt":65,"pressure_mb":987},{"date":"20041002","time":"1200","status":"HU","lat":41.6,"lon":-39.1,"wind_kt":65,"pressure_mb":987},{"date":"20041002","time":"1800","status":"TS","lat":42.8,"lon":-36,"wind_kt":55,"pressure_mb":994},{"date":"20041003","time":"0000","status":"TS","lat":43.8,"lon":-33,"wind_kt":50,"pressure_mb":997},{"date":"20041003","time":"0600","status":"EX","lat":44.5,"lon":-30,"wind_kt":45,"pressure_mb":1000}]}},{"type":"Feature","geometry":{"type":"LineString","coordinates":[[-95.4,24],[-94.2,24.1],[-93.7,24.6],[-93.2,25.3],[-92.8,26.3],[-92,26.8],[-91.4,27.3],[-91.2,28.1],[-91,29.2],[-90.9,29.4],[-90.9,30.4],[-91,32],[-91.9,33.6]]},"properties":{"id":"hur-al142004","event_type":"hurricane","name":"MATTHEW","year":2004,"max_wind_kt":40,"min_pressure_mb":997,"category":0,"preliminary":false,"start_date":"20041008","end_date":"20041011","track":[{"date":"20041008","time":"1200","status":"TD","lat":24,"lon":-95.4,"wind_kt":30,"pressure_mb":1007},{"date":"20041008","time":"1800","status":"TS","lat":24.1,"lon":-94.2,"wind_kt":35,"pressure_mb":1004},{"date":"20041009","time":"0000","status":"TS","lat":24.6,"lon":-93.7,"wind_kt":40,"pressure_mb":1000},{"date":"20041009","time":"0600","status":"TS","lat":25.3,"lon":-93.2,"wind_kt":35,"pressure_mb":1002},{"date":"20041009","time":"1200","status":"TS","lat":26.3,"lon":-92.8,"wind_kt":35,"pressure_mb":1002},{"date":"20041009","time":"1800","status":"TS","lat":26.8,"lon":-92,"wind_kt":40,"pressure_mb":997},{"date":"20041010","time":"0000","status":"TS","lat":27.3,"lon":-91.4,"wind_kt":40,"pressure_mb":998},{"date":"20041010","time":"0600","status":"TS","lat":28.1,"lon":-91.2,"wind_kt":40,"pressure_mb":999},{"date":"20041010","time":"1100","status":"TS","lat":29.2,"lon":-91,"wind_kt":35,"pressure_mb":999},{"date":"20041010","time":"1200","status":"TD","lat":29.4,"lon":-90.9,"wind_kt":30,"pressure_mb":1000},{"date":"20041010","time":"1800","status":"TD","lat":30.4,"lon":-90.9,"wind_kt":25,"pressure_mb":1002},{"date":"20041011","time":"0000","status":"EX","lat":32,"lon":-91,"wind_kt":25,"pressure_mb":1003},{"date":"20041011","time":"0600","status":"EX","lat":33.6,"lon":-91.9,"wind_kt":20,"pressure_mb":1005}]}},{"type":"Feature","geometry":{"type":"LineString","coordinates":[[-65.2,30],[-66.3,31],[-66.5,31.5],[-66.5,32.1],[-65.5,32.9],[-63.9,34.3],[-61.8,36],[-60.5,38.5]]},"properties":{"id":"hur-al152004","event_type":"hurricane","name":"NICOLE","year":2004,"max_wind_kt":45,"min_pressure_mb":986,"category":0,"preliminary":false,"start_date":"20041010","end_date":"20041011","track":[{"date":"20041010","time":"0000","status":"EX","lat":30,"lon":-65.2,"wind_kt":40,"pressure_mb":1000},{"date":"20041010","time":"0600","status":"SS","lat":31,"lon":-66.3,"wind_kt":40,"pressure_mb":1000},{"date":"20041010","time":"1200","status":"SS","lat":31.5,"lon":-66.5,"wind_kt":40,"pressure_mb":1000},{"date":"20041010","time":"1800","status":"SS","lat":32.1,"lon":-66.5,"wind_kt":40,"pressure_mb":998},{"date":"20041011","time":"0000","status":"SS","lat":32.9,"lon":-65.5,"wind_kt":40,"pressure_mb":994},{"date":"20041011","time":"0600","status":"SS","lat":34.3,"lon":-63.9,"wind_kt":40,"pressure_mb":992},{"date":"20041011","time":"1200","status":"SS","lat":36,"lon":-61.8,"wind_kt":45,"pressure_mb":986},{"date":"20041011","time":"1800","status":"SS","lat":38.5,"lon":-60.5,"wind_kt":45,"pressure_mb":986}]}},{"type":"Feature","geometry":{"type":"LineString","coordinates":[[-40,28],[-41,27.3],[-41.9,26.5],[-42.5,26.8],[-43.2,26.8],[-43.8,26.7],[-44.3,26.4],[-44.4,26.2],[-44.1,26.3],[-43.9,27.4],[-44,28.2],[-45.1,28.7],[-46.5,28.8],[-47.8,29],[-47.9,29.6],[-48.8,30.2],[-49.7,30.7],[-50.5,30.9],[-51,31.3],[-51,31.7],[-50.9,31.8],[-50.8,31.9],[-50.4,31.6],[-50.1,31],[-49.9,30.5],[-50.1,29.9],[-50.4,29.1],[-50.1,28.5],[-50.1,27.9],[-50.2,27.2],[-50.3,26.5],[-50.6,26.2],[-50.2,25.8],[-50.1,25.4],[-50.4,25],[-50.9,25.1],[-51.1,25.5],[-51.1,25.9],[-51.4,26.1]]},"properties":{"id":"hur-al162004","event_type":"hurricane","name":"OTTO","year":2004,"max_wind_kt":45,"min_pressure_mb":995,"category":0,"preliminary":false,"start_date":"20041126","end_date":"20041205","track":[{"date":"20041126","time":"0000","status":"EX","lat":28,"lon":-40,"wind_kt":30,"pressure_mb":1009},{"date":"20041126","time":"0600","status":"EX","lat":27.3,"lon":-41,"wind_kt":35,"pressure_mb":1006},{"date":"20041126","time":"1200","status":"EX","lat":26.5,"lon":-41.9,"wind_kt":35,"pressure_mb":1002},{"date":"20041126","time":"1800","status":"EX","lat":26.8,"lon":-42.5,"wind_kt":35,"pressure_mb":1000},{"date":"20041127","time":"0000","status":"EX","lat":26.8,"lon":-43.2,"wind_kt":35,"pressure_mb":1000},{"date":"20041127","time":"0600","status":"EX","lat":26.7,"lon":-43.8,"wind_kt":35,"pressure_mb":1000},{"date":"20041127","time":"1200","status":"EX","lat":26.4,"lon":-44.3,"wind_kt":35,"pressure_mb":1000},{"date":"20041127","time":"1800","status":"EX","lat":26.2,"lon":-44.4,"wind_kt":35,"pressure_mb":1000},{"date":"20041128","time":"0000","status":"EX","lat":26.3,"lon":-44.1,"wind_kt":35,"pressure_mb":1000},{"date":"20041128","time":"0600","status":"EX","lat":27.4,"lon":-43.9,"wind_kt":35,"pressure_mb":1000},{"date":"20041128","time":"1200","status":"EX","lat":28.2,"lon":-44,"wind_kt":35,"pressure_mb":1000},{"date":"20041128","time":"1800","status":"EX","lat":28.7,"lon":-45.1,"wind_kt":35,"pressure_mb":999},{"date":"20041129","time":"0000","status":"EX","lat":28.8,"lon":-46.5,"wind_kt":35,"pressure_mb":998},{"date":"20041129","time":"0600","status":"EX","lat":29,"lon":-47.8,"wind_kt":40,"pressure_mb":998},{"date":"20041129","time":"1200","status":"SS","lat":29.6,"lon":-47.9,"wind_kt":40,"pressure_mb":998},{"date":"20041129","time":"1800","status":"SS","lat":30.2,"lon":-48.8,"wind_kt":45,"pressure_mb":998},{"date":"20041130","time":"0000","status":"SS","lat":30.7,"lon":-49.7,"wind_kt":45,"pressure_mb":997},{"date":"20041130","time":"0600","status":"SS","lat":30.9,"lon":-50.5,"wind_kt":45,"pressure_mb":997},{"date":"20041130","time":"1200","status":"SS","lat":31.3,"lon":-51,"wind_kt":40,"pressure_mb":997},{"date":"20041130","time":"1800","status":"TS","lat":31.7,"lon":-51,"wind_kt":40,"pressure_mb":997},{"date":"20041201","time":"0000","status":"TS","lat":31.8,"lon":-50.9,"wind_kt":40,"pressure_mb":997},{"date":"20041201","time":"0600","status":"TS","lat":31.9,"lon":-50.8,"wind_kt":40,"pressure_mb":997},{"date":"20041201","time":"1200","status":"TS","lat":31.6,"lon":-50.4,"wind_kt":40,"pressure_mb":997},{"date":"20041201","time":"1800","status":"TS","lat":31,"lon":-50.1,"wind_kt":35,"pressure_mb":997},{"date":"20041202","time":"0000","status":"TS","lat":30.5,"lon":-49.9,"wind_kt":35,"pressure_mb":997},{"date":"20041202","time":"0600","status":"TS","lat":29.9,"lon":-50.1,"wind_kt":35,"pressure_mb":996},{"date":"20041202","time":"1200","status":"TD","lat":29.1,"lon":-50.4,"wind_kt":30,"pressure_mb":995},{"date":"20041202","time":"1800","status":"TD","lat":28.5,"lon":-50.1,"wind_kt":30,"pressure_mb":996},{"date":"20041203","time":"0000","status":"TD","lat":27.9,"lon":-50.1,"wind_kt":30,"pressure_mb":997},{"date":"20041203","time":"0600","status":"LO","lat":27.2,"lon":-50.2,"wind_kt":30,"pressure_mb":998},{"date":"20041203","time":"1200","status":"LO","lat":26.5,"lon":-50.3,"wind_kt":30,"pressure_mb":1000},{"date":"20041203","time":"1800","status":"LO","lat":26.2,"lon":-50.6,"wind_kt":25,"pressure_mb":1002},{"date":"20041204","time":"0000","status":"LO","lat":25.8,"lon":-50.2,"wind_kt":25,"pressure_mb":1005},{"date":"20041204","time":"0600","status":"LO","lat":25.4,"lon":-50.1,"wind_kt":25,"pressure_mb":1008},{"date":"20041204","time":"1200","status":"LO","lat":25,"lon":-50.4,"wind_kt":25,"pressure_mb":1010},{"date":"20041204","time":"1800","status":"LO","lat":25.1,"lon":-50.9,"wind_kt":25,"pressure_mb":1011},{"date":"20041205","time":"0000","status":"LO","lat":25.5,"lon":-51.1,"wind_kt":20,"pressure_mb":1012},{"date":"20041205","time":"0600","status":"LO","lat":25.9,"lon":-51.1,"wind_kt":20,"pressure_mb":1013},{"date":"20041205","time":"1200","status":"LO","lat":26.1,"lon":-51.4,"wind_kt":20,"pressure_mb":1014}]}},{"type":"Feature","geometry":{"type":"LineString","coordinates":[[-84,16.9],[-83.9,17.4],[-83.9,18.2],[-84,19],[-84.1,19.7],[-84.2,20.4],[-84.4,21.2],[-84.5,21.8],[-84.7,23],[-85.1,24.9],[-85.6,26.5],[-85.6,26.5],[-86.8,27.7],[-87.2,28.9],[-87.5,30.1],[-87.5,30.3],[-87.6,31.4],[-87.7,32.7],[-88,35],[-87.8,37],[-87.5,38.5],[-86,40.5],[-85,42],[-84,43],[-81.1,43.7],[-77.6,44.8]]},"properties":{"id":"hur-al012005","event_type":"hurricane","name":"ARLENE","year":2005,"max_wind_kt":60,"min_pressure_mb":989,"category":0,"preliminary":false,"start_date":"20050608","end_date":"20050614","track":[{"date":"20050608","time":"1800","status":"TD","lat":16.9,"lon":-84,"wind_kt":25,"pressure_mb":1004},{"date":"20050609","time":"0000","status":"TD","lat":17.4,"lon":-83.9,"wind_kt":30,"pressure_mb":1003},{"date":"20050609","time":"0600","status":"TS","lat":18.2,"lon":-83.9,"wind_kt":35,"pressure_mb":1003},{"date":"20050609","time":"1200","status":"TS","lat":19,"lon":-84,"wind_kt":35,"pressure_mb":1002},{"date":"20050609","time":"1800","status":"TS","lat":19.7,"lon":-84.1,"wind_kt":35,"pressure_mb":1002},{"date":"20050610","time":"0000","status":"TS","lat":20.4,"lon":-84.2,"wind_kt":40,"pressure_mb":1001},{"date":"20050610","time":"0600","status":"TS","lat":21.2,"lon":-84.4,"wind_kt":45,"pressure_mb":1000},{"date":"20050610","time":"0800","status":"TS","lat":21.8,"lon":-84.5,"wind_kt":45,"pressure_mb":1000},{"date":"20050610","time":"1200","status":"TS","lat":23,"lon":-84.7,"wind_kt":50,"pressure_mb":1000},{"date":"20050610","time":"1800","status":"TS","lat":24.9,"lon":-85.1,"wind_kt":55,"pressure_mb":995},{"date":"20050611","time":"0000","status":"TS","lat":26.5,"lon":-85.6,"wind_kt":60,"pressure_mb":990},{"date":"20050611","time":"0100","status":"TS","lat":26.5,"lon":-85.6,"wind_kt":60,"pressure_mb":989},{"date":"20050611","time":"0600","status":"TS","lat":27.7,"lon":-86.8,"wind_kt":60,"pressure_mb":993},{"date":"20050611","time":"1200","status":"TS","lat":28.9,"lon":-87.2,"wind_kt":55,"pressure_mb":990},{"date":"20050611","time":"1800","status":"TS","lat":30.1,"lon":-87.5,"wind_kt":50,"pressure_mb":991},{"date":"20050611","time":"1900","status":"TS","lat":30.3,"lon":-87.5,"wind_kt":50,"pressure_mb":991},{"date":"20050612","time":"0000","status":"TD","lat":31.4,"lon":-87.6,"wind_kt":30,"pressure_mb":994},{"date":"20050612","time":"0600","status":"TD","lat":32.7,"lon":-87.7,"wind_kt":25,"pressure_mb":998},{"date":"20050612","time":"1200","status":"TD","lat":35,"lon":-88,"wind_kt":20,"pressure_mb":1003},{"date":"20050612","time":"1800","status":"TD","lat":37,"lon":-87.8,"wind_kt":20,"pressure_mb":1005},{"date":"20050613","time":"0000","status":"TD","lat":38.5,"lon":-87.5,"wind_kt":20,"pressure_mb":1006},{"date":"20050613","time":"0600","status":"TD","lat":40.5,"lon":-86,"wind_kt":20,"pressure_mb":1006},{"date":"20050613","time":"1200","status":"LO","lat":42,"lon":-85,"wind_kt":20,"pressure_mb":1005},{"date":"20050613","time":"1800","status":"EX","lat":43,"lon":-84,"wind_kt":20,"pressure_mb":1005},{"date":"20050614","time":"0000","status":"EX","lat":43.7,"lon":-81.1,"wind_kt":20,"pressure_mb":1003},{"date":"20050614","time":"0600","status":"EX","lat":44.8,"lon":-77.6,"wind_kt":20,"pressure_mb":1001}]}},{"type":"Feature","geometry":{"type":"LineString","coordinates":[[-95.4,19.7],[-95.7,19.9],[-95.8,20],[-96.4,20.4],[-97.3,20.8],[-98.1,21.4],[-98.5,22]]},"properties":{"id":"hur-al022005","event_type":"hurricane","name":"BRET","year":2005,"max_wind_kt":35,"min_pressure_mb":1002,"category":0,"preliminary":false,"start_date":"20050628","end_date":"20050630","track":[{"date":"20050628","time":"1800","status":"TD","lat":19.7,"lon":-95.4,"wind_kt":30,"pressure_mb":1006},{"date":"20050628","time":"2235","status":"TS","lat":19.9,"lon":-95.7,"wind_kt":35,"pressure_mb":1002},{"date":"20050629","time":"0000","status":"TS","lat":20,"lon":-95.8,"wind_kt":35,"pressure_mb":1005},{"date":"20050629","time":"0600","status":"TS","lat":20.4,"lon":-96.4,"wind_kt":35,"pressure_mb":1005},{"date":"20050629","time":"1200","status":"TS","lat":20.8,"lon":-97.3,"wind_kt":35,"pressure_mb":1005},{"date":"20050629","time":"1800","status":"TD","lat":21.4,"lon":-98.1,"wind_kt":25,"pressure_mb":1007},{"date":"20050630","time":"0000","status":"TD","lat":22,"lon":-98.5,"wind_kt":25,"pressure_mb":1008}]}},{"type":"Feature","geometry":{"type":"LineString","coordinates":[[-86.7,18.3],[-87.2,18.6],[-87.6,19],[-87.9,19.3],[-88.5,20.9],[-89,22.3],[-89.7,23.9],[-90.2,25.1],[-90.4,26.4],[-90.5,27.6],[-90.3,28.5],[-90.1,29.2],[-90,29.6],[-89.5,30.2],[-88.9,30.8],[-88.1,31.6],[-87.2,32.4],[-86.2,33.2],[-84.1,34.6],[-81.8,35.6],[-80,37.1],[-78.3,37.8],[-76.7,38.4],[-74.8,39.1],[-72,39.5],[-70.7,40.8],[-69.8,41.6],[-69.6,43.5],[-69.8,44.9],[-70,45.5],[-67.6,46.5],[-66.4,48],[-64.5,48.5],[-62.5,48.5]]},"properties":{"id":"hur-al032005","event_type":"hurricane","name":"CINDY","year":2005,"max_wind_kt":65,"min_pressure_mb":991,"category":1,"preliminary":false,"start_date":"20050703","end_date":"20050711","track":[{"date":"20050703","time":"1800","status":"TD","lat":18.3,"lon":-86.7,"wind_kt":30,"pressure_mb":1009},{"date":"20050704","time":"0000","status":"TD","lat":18.6,"lon":-87.2,"wind_kt":30,"pressure_mb":1007},{"date":"20050704","time":"0330","status":"TD","lat":19,"lon":-87.6,"wind_kt":30,"pressure_mb":1007},{"date":"20050704","time":"0600","status":"TD","lat":19.3,"lon":-87.9,"wind_kt":30,"pressure_mb":1007},{"date":"20050704","time":"1200","status":"TD","lat":20.9,"lon":-88.5,"wind_kt":25,"pressure_mb":1011},{"date":"20050704","time":"1800","status":"TD","lat":22.3,"lon":-89,"wind_kt":30,"pressure_mb":1010},{"date":"20050705","time":"0000","status":"TD","lat":23.9,"lon":-89.7,"wind_kt":30,"pressure_mb":1009},{"date":"20050705","time":"0600","status":"TS","lat":25.1,"lon":-90.2,"wind_kt":35,"pressure_mb":1009},{"date":"20050705","time":"1200","status":"TS","lat":26.4,"lon":-90.4,"wind_kt":45,"pressure_mb":1002},{"date":"20050705","time":"1800","status":"TS","lat":27.6,"lon":-90.5,"wind_kt":60,"pressure_mb":997},{"date":"20050706","time":"0000","status":"HU","lat":28.5,"lon":-90.3,"wind_kt":65,"pressure_mb":992},{"date":"20050706","time":"0300","status":"HU","lat":29.2,"lon":-90.1,"wind_kt":65,"pressure_mb":991},{"date":"20050706","time":"0600","status":"TS","lat":29.6,"lon":-90,"wind_kt":50,"pressure_mb":994},{"date":"20050706","time":"0900","status":"TS","lat":30.2,"lon":-89.5,"wind_kt":45,"pressure_mb":995},{"date":"20050706","time":"1200","status":"TS","lat":30.8,"lon":-88.9,"wind_kt":40,"pressure_mb":998},{"date":"20050706","time":"1800","status":"TD","lat":31.6,"lon":-88.1,"wind_kt":30,"pressure_mb":1000},{"date":"20050707","time":"0000","status":"TD","lat":32.4,"lon":-87.2,"wind_kt":25,"pressure_mb":1004},{"date":"20050707","time":"0600","status":"TD","lat":33.2,"lon":-86.2,"wind_kt":20,"pressure_mb":1008},{"date":"20050707","time":"1200","status":"EX","lat":34.6,"lon":-84.1,"wind_kt":20,"pressure_mb":1009},{"date":"20050707","time":"1800","status":"EX","lat":35.6,"lon":-81.8,"wind_kt":20,"pressure_mb":1010},{"date":"20050708","time":"0000","status":"EX","lat":37.1,"lon":-80,"wind_kt":20,"pressure_mb":1010},{"date":"20050708","time":"0600","status":"EX","lat":37.8,"lon":-78.3,"wind_kt":20,"pressure_mb":1010},{"date":"20050708","time":"1200","status":"EX","lat":38.4,"lon":-76.7,"wind_kt":25,"pressure_mb":1009},{"date":"20050708","time":"1800","status":"EX","lat":39.1,"lon":-74.8,"wind_kt":25,"pressure_mb":1009},{"date":"20050709","time":"0000","status":"EX","lat":39.5,"lon":-72,"wind_kt":25,"pressure_mb":1009},{"date":"20050709","time":"0600","status":"EX","lat":40.8,"lon":-70.7,"wind_kt":25,"pressure_mb":1009},{"date":"20050709","time":"1200","status":"EX","lat":41.6,"lon":-69.8,"wind_kt":30,"pressure_mb":1007},{"date":"20050709","time":"1800","status":"EX","lat":43.5,"lon":-69.6,"wind_kt":30,"pressure_mb":1006},{"date":"20050710","time":"0000","status":"EX","lat":44.9,"lon":-69.8,"wind_kt":30,"pressure_mb":1006},{"date":"20050710","time":"0600","status":"EX","lat":45.5,"lon":-70,"wind_kt":30,"pressure_mb":1006},{"date":"20050710","time":"1200","status":"EX","lat":46.5,"lon":-67.6,"wind_kt":25,"pressure_mb":1006},{"date":"20050710","time":"1800","status":"EX","lat":48,"lon":-66.4,"wind_kt":20,"pressure_mb":1006},{"date":"20050711","time":"0000","status":"EX","lat":48.5,"lon":-64.5,"wind_kt":20,"pressure_mb":1006},{"date":"20050711","time":"0600","status":"EX","lat":48.5,"lon":-62.5,"wind_kt":20,"pressure_mb":1006}]}},{"type":"Feature","geometry":{"type":"LineString","coordinates":[[-60.8,12],[-61.6,12.1],[-62.5,12.2],[-64.2,12.5],[-65.9,13],[-67.3,13.6],[-68.5,14.3],[-69.7,14.7],[-70.9,15.1],[-71.9,15.6],[-73,16.2],[-74.1,16.7],[-74.9,17.6],[-76.1,18.5],[-77.1,19.4],[-77.6,19.9],[-78.4,20.3],[-79.5,20.9],[-80.6,22],[-80.7,22.1],[-81.6,22.7],[-82.5,23.4],[-83.4,24.3],[-84.2,25.2],[-85,26.1],[-85.8,27.2],[-86.3,28.5],[-86.9,29.9],[-87.1,30.4],[-87.7,31.5],[-88.5,32.6],[-88.8,33.9],[-89.1,35.3],[-89.2,36.4],[-89,37.1],[-88.7,37.7],[-88.3,38.1],[-87.8,38.5],[-87.2,38.9],[-86.5,39.2],[-85.8,39.2],[-85.7,39.2],[-85.6,39],[-85.6,38.7],[-85.6,38.4],[-85.8,38.1],[-86.2,37.9],[-86.4,38.1],[-86.6,38.4],[-86.8,38.6],[-86.5,39.4],[-86.2,40.2],[-85.2,40.8],[-84.1,41.3],[-83.2,42.2],[-82.3,43.1],[-81.4,43.9],[-80.5,44.6],[-79.8,45.8]]},"properties":{"id":"hur-al042005","event_type":"hurricane","name":"DENNIS","year":2005,"max_wind_kt":130,"min_pressure_mb":930,"category":4,"preliminary":false,"start_date":"20050704","end_date":"20050718","track":[{"date":"20050704","time":"1800","status":"TD","lat":12,"lon":-60.8,"wind_kt":25,"pressure_mb":1010},{"date":"20050704","time":"2100","status":"TD","lat":12.1,"lon":-61.6,"wind_kt":30,"pressure_mb":1010},{"date":"20050705","time":"0000","status":"TD","lat":12.2,"lon":-62.5,"wind_kt":30,"pressure_mb":1009},{"date":"20050705","time":"0600","status":"TD","lat":12.5,"lon":-64.2,"wind_kt":30,"pressure_mb":1008},{"date":"20050705","time":"1200","status":"TS","lat":13,"lon":-65.9,"wind_kt":35,"pressure_mb":1007},{"date":"20050705","time":"1800","status":"TS","lat":13.6,"lon":-67.3,"wind_kt":40,"pressure_mb":1005},{"date":"20050706","time":"0000","status":"TS","lat":14.3,"lon":-68.5,"wind_kt":45,"pressure_mb":1000},{"date":"20050706","time":"0600","status":"TS","lat":14.7,"lon":-69.7,"wind_kt":50,"pressure_mb":995},{"date":"20050706","time":"1200","status":"TS","lat":15.1,"lon":-70.9,"wind_kt":55,"pressure_mb":991},{"date":"20050706","time":"1800","status":"TS","lat":15.6,"lon":-71.9,"wind_kt":60,"pressure_mb":989},{"date":"20050707","time":"0000","status":"HU","lat":16.2,"lon":-73,"wind_kt":70,"pressure_mb":982},{"date":"20050707","time":"0600","status":"HU","lat":16.7,"lon":-74.1,"wind_kt":80,"pressure_mb":972},{"date":"20050707","time":"1200","status":"HU","lat":17.6,"lon":-74.9,"wind_kt":90,"pressure_mb":967},{"date":"20050707","time":"1800","status":"HU","lat":18.5,"lon":-76.1,"wind_kt":100,"pressure_mb":957},{"date":"20050708","time":"0000","status":"HU","lat":19.4,"lon":-77.1,"wind_kt":120,"pressure_mb":951},{"date":"20050708","time":"0245","status":"HU","lat":19.9,"lon":-77.6,"wind_kt":120,"pressure_mb":956},{"date":"20050708","time":"0600","status":"HU","lat":20.3,"lon":-78.4,"wind_kt":110,"pressure_mb":953},{"date":"20050708","time":"1200","status":"HU","lat":20.9,"lon":-79.5,"wind_kt":130,"pressure_mb":938},{"date":"20050708","time":"1800","status":"HU","lat":22,"lon":-80.6,"wind_kt":120,"pressure_mb":941},{"date":"20050708","time":"1845","status":"HU","lat":22.1,"lon":-80.7,"wind_kt":120,"pressure_mb":941},{"date":"20050709","time":"0000","status":"HU","lat":22.7,"lon":-81.6,"wind_kt":100,"pressure_mb":960},{"date":"20050709","time":"0600","status":"HU","lat":23.4,"lon":-82.5,"wind_kt":75,"pressure_mb":973},{"date":"20050709","time":"1200","status":"HU","lat":24.3,"lon":-83.4,"wind_kt":80,"pressure_mb":967},{"date":"20050709","time":"1800","status":"HU","lat":25.2,"lon":-84.2,"wind_kt":90,"pressure_mb":962},{"date":"20050710","time":"0000","status":"HU","lat":26.1,"lon":-85,"wind_kt":110,"pressure_mb":942},{"date":"20050710","time":"0600","status":"HU","lat":27.2,"lon":-85.8,"wind_kt":125,"pressure_mb":935},{"date":"20050710","time":"1200","status":"HU","lat":28.5,"lon":-86.3,"wind_kt":120,"pressure_mb":930},{"date":"20050710","time":"1800","status":"HU","lat":29.9,"lon":-86.9,"wind_kt":110,"pressure_mb":942},{"date":"20050710","time":"1930","status":"HU","lat":30.4,"lon":-87.1,"wind_kt":105,"pressure_mb":946},{"date":"20050711","time":"0000","status":"TS","lat":31.5,"lon":-87.7,"wind_kt":45,"pressure_mb":970},{"date":"20050711","time":"0600","status":"TD","lat":32.6,"lon":-88.5,"wind_kt":30,"pressure_mb":991},{"date":"20050711","time":"1200","status":"TD","lat":33.9,"lon":-88.8,"wind_kt":25,"pressure_mb":997},{"date":"20050711","time":"1800","status":"TD","lat":35.3,"lon":-89.1,"wind_kt":20,"pressure_mb":1002},{"date":"20050712","time":"0000","status":"TD","lat":36.4,"lon":-89.2,"wind_kt":20,"pressure_mb":1003},{"date":"20050712","time":"0600","status":"TD","lat":37.1,"lon":-89,"wind_kt":15,"pressure_mb":1005},{"date":"20050712","time":"1200","status":"TD","lat":37.7,"lon":-88.7,"wind_kt":15,"pressure_mb":1007},{"date":"20050712","time":"1800","status":"TD","lat":38.1,"lon":-88.3,"wind_kt":15,"pressure_mb":1008},{"date":"20050713","time":"0000","status":"TD","lat":38.5,"lon":-87.8,"wind_kt":15,"pressure_mb":1009},{"date":"20050713","time":"0600","status":"TD","lat":38.9,"lon":-87.2,"wind_kt":15,"pressure_mb":1010},{"date":"20050713","time":"1200","status":"LO","lat":39.2,"lon":-86.5,"wind_kt":15,"pressure_mb":1010},{"date":"20050713","time":"1800","status":"LO","lat":39.2,"lon":-85.8,"wind_kt":15,"pressure_mb":1010},{"date":"20050714","time":"0000","status":"LO","lat":39.2,"lon":-85.7,"wind_kt":10,"pressure_mb":1009},{"date":"20050714","time":"0600","status":"LO","lat":39,"lon":-85.6,"wind_kt":10,"pressure_mb":1009},{"date":"20050714","time":"1200","status":"LO","lat":38.7,"lon":-85.6,"wind_kt":10,"pressure_mb":1010},{"date":"20050714","time":"1800","status":"LO","lat":38.4,"lon":-85.6,"wind_kt":10,"pressure_mb":1010},{"date":"20050715","time":"0000","status":"LO","lat":38.1,"lon":-85.8,"wind_kt":10,"pressure_mb":1009},{"date":"20050715","time":"0600","status":"LO","lat":37.9,"lon":-86.2,"wind_kt":10,"pressure_mb":1010},{"date":"20050715","time":"1200","status":"LO","lat":38.1,"lon":-86.4,"wind_kt":10,"pressure_mb":1012},{"date":"20050715","time":"1800","status":"LO","lat":38.4,"lon":-86.6,"wind_kt":10,"pressure_mb":1012},{"date":"20050716","time":"0000","status":"LO","lat":38.6,"lon":-86.8,"wind_kt":10,"pressure_mb":1011},{"date":"20050716","time":"0600","status":"LO","lat":39.4,"lon":-86.5,"wind_kt":10,"pressure_mb":1013},{"date":"20050716","time":"1200","status":"LO","lat":40.2,"lon":-86.2,"wind_kt":10,"pressure_mb":1013},{"date":"20050716","time":"1800","status":"LO","lat":40.8,"lon":-85.2,"wind_kt":10,"pressure_mb":1014},{"date":"20050717","time":"0000","status":"LO","lat":41.3,"lon":-84.1,"wind_kt":10,"pressure_mb":1013},{"date":"20050717","time":"0600","status":"LO","lat":42.2,"lon":-83.2,"wind_kt":10,"pressure_mb":1013},{"date":"20050717","time":"1200","status":"LO","lat":43.1,"lon":-82.3,"wind_kt":10,"pressure_mb":1013},{"date":"20050717","time":"1800","status":"LO","lat":43.9,"lon":-81.4,"wind_kt":10,"pressure_mb":1012},{"date":"20050718","time":"0000","status":"LO","lat":44.6,"lon":-80.5,"wind_kt":10,"pressure_mb":1010},{"date":"20050718","time":"0600","status":"LO","lat":45.8,"lon":-79.8,"wind_kt":10,"pressure_mb":1009}]}},{"type":"Feature","geometry":{"type":"LineString","coordinates":[[-42.4,10.7],[-43.4,10.8],[-44.4,10.9],[-45.4,11],[-46.8,11],[-48.5,11],[-50.2,11],[-52,11],[-53.7,11],[-55.4,11.1],[-57.2,11.2],[-58.9,11.4],[-60.2,11.6],[-61.5,11.9],[-61.8,12],[-63.2,12.4],[-64.9,12.9],[-66.7,13.3],[-68.4,13.7],[-70.1,14.1],[-71.8,14.5],[-73.4,14.9],[-75,15.4],[-76.5,15.9],[-78,16.4],[-79.5,17.1],[-81.2,17.7],[-82.8,18.3],[-84.3,18.9],[-85.8,19.5],[-87.3,20.3],[-87.4,20.3],[-88.9,21.3],[-90.3,22],[-91.5,22.6],[-92.8,23.2],[-94,23.7],[-95.1,24.1],[-96.1,24.4],[-96.9,24.6],[-97.6,24.8],[-98.7,25],[-99.7,25],[-100.5,25],[-101.1,25]]},"properties":{"id":"hur-al052005","event_type":"hurricane","name":"EMILY","year":2005,"max_wind_kt":140,"min_pressure_mb":929,"category":5,"preliminary":false,"start_date":"20050711","end_date":"20050721","track":[{"date":"20050711","time":"0000","status":"TD","lat":10.7,"lon":-42.4,"wind_kt":25,"pressure_mb":1010},{"date":"20050711","time":"0600","status":"TD","lat":10.8,"lon":-43.4,"wind_kt":30,"pressure_mb":1009},{"date":"20050711","time":"1200","status":"TD","lat":10.9,"lon":-44.4,"wind_kt":30,"pressure_mb":1009},{"date":"20050711","time":"1800","status":"TD","lat":11,"lon":-45.4,"wind_kt":30,"pressure_mb":1007},{"date":"20050712","time":"0000","status":"TS","lat":11,"lon":-46.8,"wind_kt":35,"pressure_mb":1006},{"date":"20050712","time":"0600","status":"TS","lat":11,"lon":-48.5,"wind_kt":40,"pressure_mb":1005},{"date":"20050712","time":"1200","status":"TS","lat":11,"lon":-50.2,"wind_kt":45,"pressure_mb":1004},{"date":"20050712","time":"1800","status":"TS","lat":11,"lon":-52,"wind_kt":45,"pressure_mb":1004},{"date":"20050713","time":"0000","status":"TS","lat":11,"lon":-53.7,"wind_kt":45,"pressure_mb":1003},{"date":"20050713","time":"0600","status":"TS","lat":11.1,"lon":-55.4,"wind_kt":45,"pressure_mb":1003},{"date":"20050713","time":"1200","status":"TS","lat":11.2,"lon":-57.2,"wind_kt":50,"pressure_mb":1003},{"date":"20050713","time":"1800","status":"TS","lat":11.4,"lon":-58.9,"wind_kt":55,"pressure_mb":1003},{"date":"20050714","time":"0000","status":"HU","lat":11.6,"lon":-60.2,"wind_kt":70,"pressure_mb":999},{"date":"20050714","time":"0600","status":"HU","lat":11.9,"lon":-61.5,"wind_kt":75,"pressure_mb":991},{"date":"20050714","time":"0700","status":"HU","lat":12,"lon":-61.8,"wind_kt":75,"pressure_mb":989},{"date":"20050714","time":"1200","status":"HU","lat":12.4,"lon":-63.2,"wind_kt":85,"pressure_mb":980},{"date":"20050714","time":"1800","status":"HU","lat":12.9,"lon":-64.9,"wind_kt":100,"pressure_mb":971},{"date":"20050715","time":"0000","status":"HU","lat":13.3,"lon":-66.7,"wind_kt":110,"pressure_mb":959},{"date":"20050715","time":"0600","status":"HU","lat":13.7,"lon":-68.4,"wind_kt":115,"pressure_mb":952},{"date":"20050715","time":"1200","status":"HU","lat":14.1,"lon":-70.1,"wind_kt":115,"pressure_mb":964},{"date":"20050715","time":"1800","status":"HU","lat":14.5,"lon":-71.8,"wind_kt":95,"pressure_mb":969},{"date":"20050716","time":"0000","status":"HU","lat":14.9,"lon":-73.4,"wind_kt":110,"pressure_mb":958},{"date":"20050716","time":"0600","status":"HU","lat":15.4,"lon":-75,"wind_kt":120,"pressure_mb":953},{"date":"20050716","time":"1200","status":"HU","lat":15.9,"lon":-76.5,"wind_kt":130,"pressure_mb":944},{"date":"20050716","time":"1800","status":"HU","lat":16.4,"lon":-78,"wind_kt":135,"pressure_mb":937},{"date":"20050717","time":"0000","status":"HU","lat":17.1,"lon":-79.5,"wind_kt":140,"pressure_mb":929},{"date":"20050717","time":"0600","status":"HU","lat":17.7,"lon":-81.2,"wind_kt":135,"pressure_mb":940},{"date":"20050717","time":"1200","status":"HU","lat":18.3,"lon":-82.8,"wind_kt":130,"pressure_mb":946},{"date":"20050717","time":"1800","status":"HU","lat":18.9,"lon":-84.3,"wind_kt":125,"pressure_mb":948},{"date":"20050718","time":"0000","status":"HU","lat":19.5,"lon":-85.8,"wind_kt":120,"pressure_mb":951},{"date":"20050718","time":"0600","status":"HU","lat":20.3,"lon":-87.3,"wind_kt":115,"pressure_mb":955},{"date":"20050718","time":"0630","status":"HU","lat":20.3,"lon":-87.4,"wind_kt":115,"pressure_mb":955},{"date":"20050718","time":"1200","status":"HU","lat":21.3,"lon":-88.9,"wind_kt":65,"pressure_mb":975},{"date":"20050718","time":"1800","status":"HU","lat":22,"lon":-90.3,"wind_kt":65,"pressure_mb":984},{"date":"20050719","time":"0000","status":"HU","lat":22.6,"lon":-91.5,"wind_kt":75,"pressure_mb":981},{"date":"20050719","time":"0600","status":"HU","lat":23.2,"lon":-92.8,"wind_kt":80,"pressure_mb":980},{"date":"20050719","time":"1200","status":"HU","lat":23.7,"lon":-94,"wind_kt":80,"pressure_mb":977},{"date":"20050719","time":"1800","status":"HU","lat":24.1,"lon":-95.1,"wind_kt":85,"pressure_mb":959},{"date":"20050720","time":"0000","status":"HU","lat":24.4,"lon":-96.1,"wind_kt":110,"pressure_mb":948},{"date":"20050720","time":"0600","status":"HU","lat":24.6,"lon":-96.9,"wind_kt":110,"pressure_mb":944},{"date":"20050720","time":"1200","status":"HU","lat":24.8,"lon":-97.6,"wind_kt":110,"pressure_mb":944},{"date":"20050720","time":"1800","status":"HU","lat":25,"lon":-98.7,"wind_kt":70,"pressure_mb":975},{"date":"20050721","time":"0000","status":"TS","lat":25,"lon":-99.7,"wind_kt":45,"pressure_mb":995},{"date":"20050721","time":"0600","status":"TD","lat":25,"lon":-100.5,"wind_kt":30,"pressure_mb":1000},{"date":"20050721","time":"1200","status":"TD","lat":25,"lon":-101.1,"wind_kt":25,"pressure_mb":1007}]}},{"type":"Feature","geometry":{"type":"LineString","coordinates":[[-75,25],[-75.9,25.7],[-76.4,26.2],[-76.8,26.6],[-76.7,27.4],[-76.6,28.1],[-76.1,28.7],[-75.4,29.2],[-74.7,29.7],[-73.5,30.1],[-72.6,30.3],[-71.9,30.7],[-71.2,31.1],[-71.2,31.1],[-70.5,31],[-69.8,30.9],[-69.6,30.9],[-68.6,30.9],[-68.2,31.2],[-68.1,31.7],[-68.3,32.2],[-68.5,32.4],[-68.8,32.8],[-69.1,33.2],[-69.3,33.6],[-69.4,34.2],[-69.3,35],[-69.1,36],[-68,37.1],[-66.6,38.4],[-64.8,39.6],[-62.8,40.8],[-60.2,42.2],[-57.5,43.5],[-54.6,44.7],[-51.7,45.8],[-48.8,46.4],[-46,47.5]]},"properties":{"id":"hur-al062005","event_type":"hurricane","name":"FRANKLIN","year":2005,"max_wind_kt":60,"min_pressure_mb":997,"category":0,"preliminary":false,"start_date":"20050721","end_date":"20050731","track":[{"date":"20050721","time":"1800","status":"TD","lat":25,"lon":-75,"wind_kt":30,"pressure_mb":1010},{"date":"20050722","time":"0000","status":"TS","lat":25.7,"lon":-75.9,"wind_kt":40,"pressure_mb":1009},{"date":"20050722","time":"0600","status":"TS","lat":26.2,"lon":-76.4,"wind_kt":40,"pressure_mb":1008},{"date":"20050722","time":"1200","status":"TS","lat":26.6,"lon":-76.8,"wind_kt":45,"pressure_mb":1007},{"date":"20050722","time":"1800","status":"TS","lat":27.4,"lon":-76.7,"wind_kt":45,"pressure_mb":1006},{"date":"20050723","time":"0000","status":"TS","lat":28.1,"lon":-76.6,"wind_kt":45,"pressure_mb":1003},{"date":"20050723","time":"0600","status":"TS","lat":28.7,"lon":-76.1,"wind_kt":50,"pressure_mb":1001},{"date":"20050723","time":"1200","status":"TS","lat":29.2,"lon":-75.4,"wind_kt":60,"pressure_mb":1001},{"date":"20050723","time":"1800","status":"TS","lat":29.7,"lon":-74.7,"wind_kt":60,"pressure_mb":1001},{"date":"20050724","time":"0000","status":"TS","lat":30.1,"lon":-73.5,"wind_kt":55,"pressure_mb":1001},{"date":"20050724","time":"0600","status":"TS","lat":30.3,"lon":-72.6,"wind_kt":55,"pressure_mb":1001},{"date":"20050724","time":"1200","status":"TS","lat":30.7,"lon":-71.9,"wind_kt":45,"pressure_mb":1001},{"date":"20050724","time":"1800","status":"TS","lat":31.1,"lon":-71.2,"wind_kt":45,"pressure_mb":1000},{"date":"20050725","time":"0000","status":"TS","lat":31.1,"lon":-71.2,"wind_kt":40,"pressure_mb":1000},{"date":"20050725","time":"0600","status":"TS","lat":31,"lon":-70.5,"wind_kt":40,"pressure_mb":1000},{"date":"20050725","time":"1200","status":"TS","lat":30.9,"lon":-69.8,"wind_kt":40,"pressure_mb":999},{"date":"20050725","time":"1800","status":"TS","lat":30.9,"lon":-69.6,"wind_kt":40,"pressure_mb":999},{"date":"20050726","time":"0000","status":"TS","lat":30.9,"lon":-68.6,"wind_kt":35,"pressure_mb":1000},{"date":"20050726","time":"0600","status":"TS","lat":31.2,"lon":-68.2,"wind_kt":35,"pressure_mb":1001},{"date":"20050726","time":"1200","status":"TS","lat":31.7,"lon":-68.1,"wind_kt":35,"pressure_mb":1002},{"date":"20050726","time":"1800","status":"TS","lat":32.2,"lon":-68.3,"wind_kt":35,"pressure_mb":1001},{"date":"20050727","time":"0000","status":"TS","lat":32.4,"lon":-68.5,"wind_kt":40,"pressure_mb":1000},{"date":"20050727","time":"0600","status":"TS","lat":32.8,"lon":-68.8,"wind_kt":40,"pressure_mb":1000},{"date":"20050727","time":"1200","status":"TS","lat":33.2,"lon":-69.1,"wind_kt":45,"pressure_mb":999},{"date":"20050727","time":"1800","status":"TS","lat":33.6,"lon":-69.3,"wind_kt":45,"pressure_mb":999},{"date":"20050728","time":"0000","status":"TS","lat":34.2,"lon":-69.4,"wind_kt":50,"pressure_mb":997},{"date":"20050728","time":"0600","status":"TS","lat":35,"lon":-69.3,"wind_kt":50,"pressure_mb":997},{"date":"20050728","time":"1200","status":"TS","lat":36,"lon":-69.1,"wind_kt":45,"pressure_mb":999},{"date":"20050728","time":"1800","status":"TS","lat":37.1,"lon":-68,"wind_kt":50,"pressure_mb":997},{"date":"20050729","time":"0000","status":"TS","lat":38.4,"lon":-66.6,"wind_kt":50,"pressure_mb":997},{"date":"20050729","time":"0600","status":"TS","lat":39.6,"lon":-64.8,"wind_kt":50,"pressure_mb":997},{"date":"20050729","time":"1200","status":"TS","lat":40.8,"lon":-62.8,"wind_kt":50,"pressure_mb":997},{"date":"20050729","time":"1800","status":"TS","lat":42.2,"lon":-60.2,"wind_kt":50,"pressure_mb":999},{"date":"20050730","time":"0000","status":"EX","lat":43.5,"lon":-57.5,"wind_kt":50,"pressure_mb":1001},{"date":"20050730","time":"0600","status":"EX","lat":44.7,"lon":-54.6,"wind_kt":45,"pressure_mb":1003},{"date":"20050730","time":"1200","status":"EX","lat":45.8,"lon":-51.7,"wind_kt":40,"pressure_mb":1005},{"date":"20050730","time":"1800","status":"EX","lat":46.4,"lon":-48.8,"wind_kt":40,"pressure_mb":1006},{"date":"20050731","time":"0000","status":"EX","lat":47.5,"lon":-46,"wind_kt":40,"pressure_mb":1006}]}},{"type":"Feature","geometry":{"type":"LineString","coordinates":[[-92.9,19.3],[-93.8,19.8],[-95,20.8],[-95.8,21],[-96.6,21.4],[-97.6,21.8],[-98.6,22.3],[-100,22.5],[-101.4,22.5]]},"properties":{"id":"hur-al072005","event_type":"hurricane","name":"GERT","year":2005,"max_wind_kt":40,"min_pressure_mb":1005,"category":0,"preliminary":false,"start_date":"20050723","end_date":"20050725","track":[{"date":"20050723","time":"1800","status":"TD","lat":19.3,"lon":-92.9,"wind_kt":25,"pressure_mb":1011},{"date":"20050724","time":"0000","status":"TD","lat":19.8,"lon":-93.8,"wind_kt":30,"pressure_mb":1009},{"date":"20050724","time":"0600","status":"TS","lat":20.8,"lon":-95,"wind_kt":35,"pressure_mb":1009},{"date":"20050724","time":"1200","status":"TS","lat":21,"lon":-95.8,"wind_kt":35,"pressure_mb":1008},{"date":"20050724","time":"1800","status":"TS","lat":21.4,"lon":-96.6,"wind_kt":35,"pressure_mb":1007},{"date":"20050725","time":"0000","status":"TS","lat":21.8,"lon":-97.6,"wind_kt":40,"pressure_mb":1005},{"date":"20050725","time":"0600","status":"TD","lat":22.3,"lon":-98.6,"wind_kt":30,"pressure_mb":1006},{"date":"20050725","time":"1200","status":"TD","lat":22.5,"lon":-100,"wind_kt":25,"pressure_mb":1006},{"date":"20050725","time":"1800","status":"LO","lat":22.5,"lon":-101.4,"wind_kt":20,"pressure_mb":1007}]}},{"type":"Feature","geometry":{"type":"LineString","coordinates":[[-68.8,28.2],[-68.7,28.9],[-68.6,29.5],[-68.3,30.3],[-67.7,30.9],[-66.4,31.3],[-65,31.6],[-63.6,31.9],[-62.1,32],[-60.5,32.1],[-59.4,32.4],[-58.5,32.5],[-57.7,32.5],[-57.1,32.6],[-56.8,33],[-56.7,33.5],[-56.7,33.5],[-55.5,34.1],[-54.9,35.1],[-54,36],[-52.9,36.8],[-51.9,37.6],[-50.7,38.6],[-48.6,39.6],[-46.9,40.4],[-45,41.2],[-43,41.8],[-41.1,42.3],[-39,43],[-37.1,44],[-35.2,44.5],[-34.1,44.5],[-33.1,44.4],[-32.2,44.2],[-31.5,43.9],[-31,43.5],[-30.7,43.3],[-30.5,43],[-30.8,42.5],[-31.4,42],[-31.5,41.3],[-31.5,40.7],[-31.5,40.5],[-31.5,40.5],[-32,41.2],[-32.5,42]]},"properties":{"id":"hur-al082005","event_type":"hurricane","name":"HARVEY","year":2005,"max_wind_kt":55,"min_pressure_mb":994,"category":0,"preliminary":false,"start_date":"20050802","end_date":"20050814","track":[{"date":"20050802","time":"1800","status":"TD","lat":28.2,"lon":-68.8,"wind_kt":30,"pressure_mb":1006},{"date":"20050803","time":"0000","status":"TD","lat":28.9,"lon":-68.7,"wind_kt":30,"pressure_mb":1005},{"date":"20050803","time":"0600","status":"TS","lat":29.5,"lon":-68.6,"wind_kt":40,"pressure_mb":1003},{"date":"20050803","time":"1200","status":"TS","lat":30.3,"lon":-68.3,"wind_kt":45,"pressure_mb":1001},{"date":"20050803","time":"1800","status":"TS","lat":30.9,"lon":-67.7,"wind_kt":50,"pressure_mb":999},{"date":"20050804","time":"0000","status":"TS","lat":31.3,"lon":-66.4,"wind_kt":50,"pressure_mb":997},{"date":"20050804","time":"0600","status":"TS","lat":31.6,"lon":-65,"wind_kt":50,"pressure_mb":995},{"date":"20050804","time":"1200","status":"TS","lat":31.9,"lon":-63.6,"wind_kt":50,"pressure_mb":995},{"date":"20050804","time":"1800","status":"TS","lat":32,"lon":-62.1,"wind_kt":55,"pressure_mb":994},{"date":"20050805","time":"0000","status":"TS","lat":32.1,"lon":-60.5,"wind_kt":55,"pressure_mb":994},{"date":"20050805","time":"0600","status":"TS","lat":32.4,"lon":-59.4,"wind_kt":55,"pressure_mb":994},{"date":"20050805","time":"1200","status":"TS","lat":32.5,"lon":-58.5,"wind_kt":50,"pressure_mb":995},{"date":"20050805","time":"1800","status":"TS","lat":32.5,"lon":-57.7,"wind_kt":45,"pressure_mb":997},{"date":"20050806","time":"0000","status":"TS","lat":32.6,"lon":-57.1,"wind_kt":45,"pressure_mb":997},{"date":"20050806","time":"0600","status":"TS","lat":33,"lon":-56.8,"wind_kt":50,"pressure_mb":995},{"date":"20050806","time":"1200","status":"TS","lat":33.5,"lon":-56.7,"wind_kt":50,"pressure_mb":995},{"date":"20050806","time":"1800","status":"TS","lat":33.5,"lon":-56.7,"wind_kt":50,"pressure_mb":995},{"date":"20050807","time":"0000","status":"TS","lat":34.1,"lon":-55.5,"wind_kt":50,"pressure_mb":995},{"date":"20050807","time":"0600","status":"TS","lat":35.1,"lon":-54.9,"wind_kt":50,"pressure_mb":995},{"date":"20050807","time":"1200","status":"TS","lat":36,"lon":-54,"wind_kt":45,"pressure_mb":998},{"date":"20050807","time":"1800","status":"TS","lat":36.8,"lon":-52.9,"wind_kt":45,"pressure_mb":998},{"date":"20050808","time":"0000","status":"TS","lat":37.6,"lon":-51.9,"wind_kt":45,"pressure_mb":998},{"date":"20050808","time":"0600","status":"TS","lat":38.6,"lon":-50.7,"wind_kt":45,"pressure_mb":998},{"date":"20050808","time":"1200","status":"TS","lat":39.6,"lon":-48.6,"wind_kt":45,"pressure_mb":998},{"date":"20050808","time":"1800","status":"TS","lat":40.4,"lon":-46.9,"wind_kt":45,"pressure_mb":998},{"date":"20050809","time":"0000","status":"EX","lat":41.2,"lon":-45,"wind_kt":45,"pressure_mb":997},{"date":"20050809","time":"0600","status":"EX","lat":41.8,"lon":-43,"wind_kt":50,"pressure_mb":995},{"date":"20050809","time":"1200","status":"EX","lat":42.3,"lon":-41.1,"wind_kt":50,"pressure_mb":995},{"date":"20050809","time":"1800","status":"EX","lat":43,"lon":-39,"wind_kt":50,"pressure_mb":994},{"date":"20050810","time":"0000","status":"EX","lat":44,"lon":-37.1,"wind_kt":50,"pressure_mb":994},{"date":"20050810","time":"0600","status":"EX","lat":44.5,"lon":-35.2,"wind_kt":50,"pressure_mb":994},{"date":"20050810","time":"1200","status":"EX","lat":44.5,"lon":-34.1,"wind_kt":50,"pressure_mb":994},{"date":"20050810","time":"1800","status":"EX","lat":44.4,"lon":-33.1,"wind_kt":50,"pressure_mb":994},{"date":"20050811","time":"0000","status":"EX","lat":44.2,"lon":-32.2,"wind_kt":45,"pressure_mb":997},{"date":"20050811","time":"0600","status":"EX","lat":43.9,"lon":-31.5,"wind_kt":40,"pressure_mb":1000},{"date":"20050811","time":"1200","status":"EX","lat":43.5,"lon":-31,"wind_kt":35,"pressure_mb":1003},{"date":"20050811","time":"1800","status":"EX","lat":43.3,"lon":-30.7,"wind_kt":30,"pressure_mb":1005},{"date":"20050812","time":"0000","status":"EX","lat":43,"lon":-30.5,"wind_kt":30,"pressure_mb":1007},{"date":"20050812","time":"0600","status":"EX","lat":42.5,"lon":-30.8,"wind_kt":30,"pressure_mb":1008},{"date":"20050812","time":"1200","status":"EX","lat":42,"lon":-31.4,"wind_kt":30,"pressure_mb":1009},{"date":"20050812","time":"1800","status":"LO","lat":41.3,"lon":-31.5,"wind_kt":25,"pressure_mb":1010},{"date":"20050813","time":"0000","status":"LO","lat":40.7,"lon":-31.5,"wind_kt":25,"pressure_mb":1010},{"date":"20050813","time":"0600","status":"LO","lat":40.5,"lon":-31.5,"wind_kt":25,"pressure_mb":1011},{"date":"20050813","time":"1200","status":"LO","lat":40.5,"lon":-31.5,"wind_kt":25,"pressure_mb":1011},{"date":"20050813","time":"1800","status":"LO","lat":41.2,"lon":-32,"wind_kt":25,"pressure_mb":1012},{"date":"20050814","time":"0000","status":"LO","lat":42,"lon":-32.5,"wind_kt":25,"pressure_mb":1015}]}},{"type":"Feature","geometry":{"type":"LineString","coordinates":[[-33.5,12.9],[-34.5,13.6],[-35.5,14.6],[-36.8,15.6],[-38.4,16.6],[-39.8,17.2],[-40.5,17.7],[-41.6,18.2],[-42.8,18.8],[-43.5,19.3],[-44.2,19.7],[-45,20.2],[-46,20.8],[-47.2,21.3],[-48.3,21.8],[-49.9,22.2],[-50.9,22.4],[-52,22.5],[-52.9,22.4],[-53.7,22.4],[-54.8,22.4],[-55.7,22.4],[-56.5,22.3],[-57.2,22.4],[-58.1,22.8],[-59.3,23.3],[-60.4,23.9],[-61.7,24.7],[-62.9,25.4],[-63.8,26.3],[-65.1,27.2],[-66.3,27.9],[-67.1,28.4],[-67.7,28.9],[-68.2,29.6],[-69,30],[-69.4,30.8],[-69.9,31.6],[-70.2,32.1],[-70.1,33.1],[-70,34],[-69.5,34.9],[-68.7,35.7],[-67.7,36.3],[-66.5,36.5],[-65.1,36.6],[-64,36.6],[-63,36.6],[-62,36.5],[-61.3,36.5],[-60.6,36.5],[-59.1,36.9],[-57.3,37.6],[-55,38.6],[-52.3,40.3],[-48.9,43.3]]},"properties":{"id":"hur-al092005","event_type":"hurricane","name":"IRENE","year":2005,"max_wind_kt":90,"min_pressure_mb":970,"category":2,"preliminary":false,"start_date":"20050804","end_date":"20050818","track":[{"date":"20050804","time":"1800","status":"TD","lat":12.9,"lon":-33.5,"wind_kt":25,"pressure_mb":1009},{"date":"20050805","time":"0000","status":"TD","lat":13.6,"lon":-34.5,"wind_kt":25,"pressure_mb":1009},{"date":"20050805","time":"0600","status":"TD","lat":14.6,"lon":-35.5,"wind_kt":25,"pressure_mb":1009},{"date":"20050805","time":"1200","status":"TD","lat":15.6,"lon":-36.8,"wind_kt":30,"pressure_mb":1008},{"date":"20050805","time":"1800","status":"TD","lat":16.6,"lon":-38.4,"wind_kt":30,"pressure_mb":1008},{"date":"20050806","time":"0000","status":"TD","lat":17.2,"lon":-39.8,"wind_kt":30,"pressure_mb":1008},{"date":"20050806","time":"0600","status":"TD","lat":17.7,"lon":-40.5,"wind_kt":30,"pressure_mb":1008},{"date":"20050806","time":"1200","status":"TD","lat":18.2,"lon":-41.6,"wind_kt":30,"pressure_mb":1008},{"date":"20050806","time":"1800","status":"TD","lat":18.8,"lon":-42.8,"wind_kt":30,"pressure_mb":1008},{"date":"20050807","time":"0000","status":"TD","lat":19.3,"lon":-43.5,"wind_kt":30,"pressure_mb":1008},{"date":"20050807","time":"0600","status":"TD","lat":19.7,"lon":-44.2,"wind_kt":30,"pressure_mb":1007},{"date":"20050807","time":"1200","status":"TS","lat":20.2,"lon":-45,"wind_kt":35,"pressure_mb":1005},{"date":"20050807","time":"1800","status":"TS","lat":20.8,"lon":-46,"wind_kt":35,"pressure_mb":1005},{"date":"20050808","time":"0000","status":"TS","lat":21.3,"lon":-47.2,"wind_kt":35,"pressure_mb":1005},{"date":"20050808","time":"0600","status":"TS","lat":21.8,"lon":-48.3,"wind_kt":35,"pressure_mb":1006},{"date":"20050808","time":"1200","status":"TD","lat":22.2,"lon":-49.9,"wind_kt":30,"pressure_mb":1009},{"date":"20050808","time":"1800","status":"TD","lat":22.4,"lon":-50.9,"wind_kt":30,"pressure_mb":1009},{"date":"20050809","time":"0000","status":"TD","lat":22.5,"lon":-52,"wind_kt":30,"pressure_mb":1009},{"date":"20050809","time":"0600","status":"TD","lat":22.4,"lon":-52.9,"wind_kt":30,"pressure_mb":1009},{"date":"20050809","time":"1200","status":"TD","lat":22.4,"lon":-53.7,"wind_kt":30,"pressure_mb":1009},{"date":"20050809","time":"1800","status":"TD","lat":22.4,"lon":-54.8,"wind_kt":30,"pressure_mb":1009},{"date":"20050810","time":"0000","status":"TD","lat":22.4,"lon":-55.7,"wind_kt":30,"pressure_mb":1009},{"date":"20050810","time":"0600","status":"TD","lat":22.3,"lon":-56.5,"wind_kt":30,"pressure_mb":1009},{"date":"20050810","time":"1200","status":"TD","lat":22.4,"lon":-57.2,"wind_kt":30,"pressure_mb":1009},{"date":"20050810","time":"1800","status":"TD","lat":22.8,"lon":-58.1,"wind_kt":30,"pressure_mb":1008},{"date":"20050811","time":"0000","status":"TS","lat":23.3,"lon":-59.3,"wind_kt":35,"pressure_mb":1005},{"date":"20050811","time":"0600","status":"TS","lat":23.9,"lon":-60.4,"wind_kt":40,"pressure_mb":1003},{"date":"20050811","time":"1200","status":"TS","lat":24.7,"lon":-61.7,"wind_kt":45,"pressure_mb":1001},{"date":"20050811","time":"1800","status":"TS","lat":25.4,"lon":-62.9,"wind_kt":45,"pressure_mb":1001},{"date":"20050812","time":"0000","status":"TS","lat":26.3,"lon":-63.8,"wind_kt":45,"pressure_mb":1001},{"date":"20050812","time":"0600","status":"TS","lat":27.2,"lon":-65.1,"wind_kt":55,"pressure_mb":998},{"date":"20050812","time":"1200","status":"TS","lat":27.9,"lon":-66.3,"wind_kt":55,"pressure_mb":996},{"date":"20050812","time":"1800","status":"TS","lat":28.4,"lon":-67.1,"wind_kt":55,"pressure_mb":995},{"date":"20050813","time":"0000","status":"TS","lat":28.9,"lon":-67.7,"wind_kt":60,"pressure_mb":993},{"date":"20050813","time":"0600","status":"TS","lat":29.6,"lon":-68.2,"wind_kt":60,"pressure_mb":996},{"date":"20050813","time":"1200","status":"TS","lat":30,"lon":-69,"wind_kt":60,"pressure_mb":997},{"date":"20050813","time":"1800","status":"TS","lat":30.8,"lon":-69.4,"wind_kt":60,"pressure_mb":1000},{"date":"20050814","time":"0000","status":"TS","lat":31.6,"lon":-69.9,"wind_kt":60,"pressure_mb":997},{"date":"20050814","time":"0600","status":"TS","lat":32.1,"lon":-70.2,"wind_kt":55,"pressure_mb":999},{"date":"20050814","time":"1200","status":"TS","lat":33.1,"lon":-70.1,"wind_kt":55,"pressure_mb":999},{"date":"20050814","time":"1800","status":"TS","lat":34,"lon":-70,"wind_kt":60,"pressure_mb":994},{"date":"20050815","time":"0000","status":"HU","lat":34.9,"lon":-69.5,"wind_kt":70,"pressure_mb":989},{"date":"20050815","time":"0600","status":"HU","lat":35.7,"lon":-68.7,"wind_kt":75,"pressure_mb":985},{"date":"20050815","time":"1200","status":"HU","lat":36.3,"lon":-67.7,"wind_kt":75,"pressure_mb":985},{"date":"20050815","time":"1800","status":"HU","lat":36.5,"lon":-66.5,"wind_kt":80,"pressure_mb":980},{"date":"20050816","time":"0000","status":"HU","lat":36.6,"lon":-65.1,"wind_kt":80,"pressure_mb":980},{"date":"20050816","time":"0600","status":"HU","lat":36.6,"lon":-64,"wind_kt":80,"pressure_mb":978},{"date":"20050816","time":"1200","status":"HU","lat":36.6,"lon":-63,"wind_kt":85,"pressure_mb":975},{"date":"20050816","time":"1800","status":"HU","lat":36.5,"lon":-62,"wind_kt":90,"pressure_mb":970},{"date":"20050817","time":"0000","status":"HU","lat":36.5,"lon":-61.3,"wind_kt":80,"pressure_mb":978},{"date":"20050817","time":"0600","status":"HU","lat":36.5,"lon":-60.6,"wind_kt":75,"pressure_mb":983},{"date":"20050817","time":"1200","status":"HU","lat":36.9,"lon":-59.1,"wind_kt":65,"pressure_mb":987},{"date":"20050817","time":"1800","status":"HU","lat":37.6,"lon":-57.3,"wind_kt":65,"pressure_mb":987},{"date":"20050818","time":"0000","status":"TS","lat":38.6,"lon":-55,"wind_kt":60,"pressure_mb":990},{"date":"20050818","time":"0600","status":"TS","lat":40.3,"lon":-52.3,"wind_kt":60,"pressure_mb":990},{"date":"20050818","time":"1200","status":"TS","lat":43.3,"lon":-48.9,"wind_kt":50,"pressure_mb":992}]}},{"type":"Feature","geometry":{"type":"LineString","coordinates":[[-43.6,13.3],[-44.7,13.8],[-45.7,13.8],[-46,13.4],[-46.4,13.5],[-46.7,13.9],[-47.4,14.4],[-48.4,14.5],[-49.3,14.6],[-49.9,14.8],[-50.4,15.1],[-51.1,15.5],[-52,16],[-53.2,16.1],[-54.1,16.1],[-54.9,16.1],[-55.6,16.7],[-56.6,17.1],[-57.7,17.3],[-58.9,17.6],[-60.1,18]]},"properties":{"id":"hur-al102005","event_type":"hurricane","name":"TEN","year":2005,"max_wind_kt":30,"min_pressure_mb":1008,"category":-1,"preliminary":false,"start_date":"20050813","end_date":"20050818","track":[{"date":"20050813","time":"1200","status":"TD","lat":13.3,"lon":-43.6,"wind_kt":25,"pressure_mb":1009},{"date":"20050813","time":"1800","status":"TD","lat":13.8,"lon":-44.7,"wind_kt":30,"pressure_mb":1008},{"date":"20050814","time":"0000","status":"TD","lat":13.8,"lon":-45.7,"wind_kt":30,"pressure_mb":1008},{"date":"20050814","time":"0600","status":"TD","lat":13.4,"lon":-46,"wind_kt":25,"pressure_mb":1009},{"date":"20050814","time":"1200","status":"TD","lat":13.5,"lon":-46.4,"wind_kt":25,"pressure_mb":1009},{"date":"20050814","time":"1800","status":"LO","lat":13.9,"lon":-46.7,"wind_kt":25,"pressure_mb":1010},{"date":"20050815","time":"0000","status":"LO","lat":14.4,"lon":-47.4,"wind_kt":25,"pressure_mb":1010},{"date":"20050815","time":"0600","status":"LO","lat":14.5,"lon":-48.4,"wind_kt":25,"pressure_mb":1010},{"date":"20050815","time":"1200","status":"LO","lat":14.6,"lon":-49.3,"wind_kt":25,"pressure_mb":1010},{"date":"20050815","time":"1800","status":"LO","lat":14.8,"lon":-49.9,"wind_kt":25,"pressure_mb":1010},{"date":"20050816","time":"0000","status":"LO","lat":15.1,"lon":-50.4,"wind_kt":25,"pressure_mb":1010},{"date":"20050816","time":"0600","status":"LO","lat":15.5,"lon":-51.1,"wind_kt":25,"pressure_mb":1010},{"date":"20050816","time":"1200","status":"LO","lat":16,"lon":-52,"wind_kt":25,"pressure_mb":1010},{"date":"20050816","time":"1800","status":"LO","lat":16.1,"lon":-53.2,"wind_kt":25,"pressure_mb":1010},{"date":"20050817","time":"0000","status":"LO","lat":16.1,"lon":-54.1,"wind_kt":25,"pressure_mb":1010},{"date":"20050817","time":"0600","status":"LO","lat":16.1,"lon":-54.9,"wind_kt":25,"pressure_mb":1010},{"date":"20050817","time":"1200","status":"LO","lat":16.7,"lon":-55.6,"wind_kt":25,"pressure_mb":1010},{"date":"20050817","time":"1800","status":"LO","lat":17.1,"lon":-56.6,"wind_kt":25,"pressure_mb":1010},{"date":"20050818","time":"0000","status":"LO","lat":17.3,"lon":-57.7,"wind_kt":25,"pressure_mb":1010},{"date":"20050818","time":"0600","status":"LO","lat":17.6,"lon":-58.9,"wind_kt":25,"pressure_mb":1012},{"date":"20050818","time":"1200","status":"LO","lat":18,"lon":-60.1,"wind_kt":25,"pressure_mb":1014}]}},{"type":"Feature","geometry":{"type":"LineString","coordinates":[[-94.5,19.4],[-95,19.6],[-95.7,19.7],[-96.4,19.7],[-96.7,19.7],[-97.7,19.7]]},"properties":{"id":"hur-al112005","event_type":"hurricane","name":"JOSE","year":2005,"max_wind_kt":50,"min_pressure_mb":998,"category":0,"preliminary":false,"start_date":"20050822","end_date":"20050823","track":[{"date":"20050822","time":"1200","status":"TD","lat":19.4,"lon":-94.5,"wind_kt":30,"pressure_mb":1006},{"date":"20050822","time":"1800","status":"TS","lat":19.6,"lon":-95,"wind_kt":35,"pressure_mb":1004},{"date":"20050823","time":"0000","status":"TS","lat":19.7,"lon":-95.7,"wind_kt":45,"pressure_mb":1001},{"date":"20050823","time":"0330","status":"TS","lat":19.7,"lon":-96.4,"wind_kt":50,"pressure_mb":998},{"date":"20050823","time":"0600","status":"TS","lat":19.7,"lon":-96.7,"wind_kt":35,"pressure_mb":1002},{"date":"20050823","time":"1200","status":"TD","lat":19.7,"lon":-97.7,"wind_kt":25,"pressure_mb":1005}]}},{"type":"Feature","geometry":{"type":"LineString","coordinates":[[-75.1,23.1],[-75.7,23.4],[-76.2,23.8],[-76.5,24.5],[-76.9,25.4],[-77.7,26],[-78.4,26.1],[-79,26.2],[-79.6,26.2],[-80.1,26],[-80.3,25.9],[-81.3,25.4],[-82,25.1],[-82.6,24.9],[-83.3,24.6],[-84,24.4],[-84.7,24.4],[-85.3,24.5],[-85.9,24.8],[-86.7,25.2],[-87.7,25.7],[-88.6,26.3],[-89.2,27.2],[-89.6,28.2],[-89.6,29.3],[-89.6,29.5],[-89.6,30.2],[-89.6,31.1],[-89.1,32.6],[-88.6,34.1],[-88,35.6],[-87,37],[-85.3,38.6],[-82.9,40.1]]},"properties":{"id":"hur-al122005","event_type":"hurricane","name":"KATRINA","year":2005,"max_wind_kt":150,"min_pressure_mb":902,"category":5,"preliminary":false,"start_date":"20050823","end_date":"20050831","track":[{"date":"20050823","time":"1800","status":"TD","lat":23.1,"lon":-75.1,"wind_kt":30,"pressure_mb":1008},{"date":"20050824","time":"0000","status":"TD","lat":23.4,"lon":-75.7,"wind_kt":30,"pressure_mb":1007},{"date":"20050824","time":"0600","status":"TD","lat":23.8,"lon":-76.2,"wind_kt":30,"pressure_mb":1007},{"date":"20050824","time":"1200","status":"TS","lat":24.5,"lon":-76.5,"wind_kt":35,"pressure_mb":1006},{"date":"20050824","time":"1800","status":"TS","lat":25.4,"lon":-76.9,"wind_kt":40,"pressure_mb":1003},{"date":"20050825","time":"0000","status":"TS","lat":26,"lon":-77.7,"wind_kt":45,"pressure_mb":1000},{"date":"20050825","time":"0600","status":"TS","lat":26.1,"lon":-78.4,"wind_kt":50,"pressure_mb":997},{"date":"20050825","time":"1200","status":"TS","lat":26.2,"lon":-79,"wind_kt":55,"pressure_mb":994},{"date":"20050825","time":"1800","status":"TS","lat":26.2,"lon":-79.6,"wind_kt":60,"pressure_mb":988},{"date":"20050825","time":"2230","status":"HU","lat":26,"lon":-80.1,"wind_kt":70,"pressure_mb":984},{"date":"20050826","time":"0000","status":"HU","lat":25.9,"lon":-80.3,"wind_kt":70,"pressure_mb":983},{"date":"20050826","time":"0600","status":"HU","lat":25.4,"lon":-81.3,"wind_kt":65,"pressure_mb":987},{"date":"20050826","time":"1200","status":"HU","lat":25.1,"lon":-82,"wind_kt":75,"pressure_mb":979},{"date":"20050826","time":"1800","status":"HU","lat":24.9,"lon":-82.6,"wind_kt":85,"pressure_mb":968},{"date":"20050827","time":"0000","status":"HU","lat":24.6,"lon":-83.3,"wind_kt":90,"pressure_mb":959},{"date":"20050827","time":"0600","status":"HU","lat":24.4,"lon":-84,"wind_kt":95,"pressure_mb":950},{"date":"20050827","time":"1200","status":"HU","lat":24.4,"lon":-84.7,"wind_kt":100,"pressure_mb":942},{"date":"20050827","time":"1800","status":"HU","lat":24.5,"lon":-85.3,"wind_kt":100,"pressure_mb":948},{"date":"20050828","time":"0000","status":"HU","lat":24.8,"lon":-85.9,"wind_kt":100,"pressure_mb":941},{"date":"20050828","time":"0600","status":"HU","lat":25.2,"lon":-86.7,"wind_kt":125,"pressure_mb":930},{"date":"20050828","time":"1200","status":"HU","lat":25.7,"lon":-87.7,"wind_kt":145,"pressure_mb":909},{"date":"20050828","time":"1800","status":"HU","lat":26.3,"lon":-88.6,"wind_kt":150,"pressure_mb":902},{"date":"20050829","time":"0000","status":"HU","lat":27.2,"lon":-89.2,"wind_kt":140,"pressure_mb":905},{"date":"20050829","time":"0600","status":"HU","lat":28.2,"lon":-89.6,"wind_kt":125,"pressure_mb":913},{"date":"20050829","time":"1110","status":"HU","lat":29.3,"lon":-89.6,"wind_kt":110,"pressure_mb":920},{"date":"20050829","time":"1200","status":"HU","lat":29.5,"lon":-89.6,"wind_kt":110,"pressure_mb":923},{"date":"20050829","time":"1445","status":"HU","lat":30.2,"lon":-89.6,"wind_kt":105,"pressure_mb":928},{"date":"20050829","time":"1800","status":"HU","lat":31.1,"lon":-89.6,"wind_kt":80,"pressure_mb":948},{"date":"20050830","time":"0000","status":"TS","lat":32.6,"lon":-89.1,"wind_kt":50,"pressure_mb":961},{"date":"20050830","time":"0600","status":"TS","lat":34.1,"lon":-88.6,"wind_kt":40,"pressure_mb":978},{"date":"20050830","time":"1200","status":"TD","lat":35.6,"lon":-88,"wind_kt":30,"pressure_mb":985},{"date":"20050830","time":"1800","status":"TD","lat":37,"lon":-87,"wind_kt":30,"pressure_mb":990},{"date":"20050831","time":"0000","status":"EX","lat":38.6,"lon":-85.3,"wind_kt":30,"pressure_mb":994},{"date":"20050831","time":"0600","status":"EX","lat":40.1,"lon":-82.9,"wind_kt":25,"pressure_mb":996}]}},{"type":"Feature","geometry":{"type":"LineString","coordinates":[[-45.1,14],[-46.4,14.9],[-47.6,15.7],[-48.9,17],[-50.6,17.7],[-52.5,18.5],[-53.2,20.5],[-53.6,22.1],[-54.2,24.2],[-53.6,25.5],[-52.7,26.9],[-51.6,28],[-50.4,29],[-50.1,30.1],[-50.3,31.1],[-51.2,31.9],[-51.4,31.9],[-51.5,32.3],[-52,32.4],[-52.3,32.6],[-52.3,33.2],[-52.7,33.9],[-53.2,34.7],[-53.9,35.5],[-54.2,36.6],[-53.9,37.4]]},"properties":{"id":"hur-al132005","event_type":"hurricane","name":"LEE","year":2005,"max_wind_kt":35,"min_pressure_mb":1006,"category":0,"preliminary":false,"start_date":"20050828","end_date":"20050903","track":[{"date":"20050828","time":"1200","status":"TD","lat":14,"lon":-45.1,"wind_kt":25,"pressure_mb":1009},{"date":"20050828","time":"1800","status":"TD","lat":14.9,"lon":-46.4,"wind_kt":25,"pressure_mb":1007},{"date":"20050829","time":"0000","status":"TD","lat":15.7,"lon":-47.6,"wind_kt":25,"pressure_mb":1007},{"date":"20050829","time":"0600","status":"TD","lat":17,"lon":-48.9,"wind_kt":25,"pressure_mb":1007},{"date":"20050829","time":"1200","status":"TD","lat":17.7,"lon":-50.6,"wind_kt":25,"pressure_mb":1008},{"date":"20050829","time":"1800","status":"LO","lat":18.5,"lon":-52.5,"wind_kt":20,"pressure_mb":1009},{"date":"20050830","time":"0000","status":"LO","lat":20.5,"lon":-53.2,"wind_kt":20,"pressure_mb":1010},{"date":"20050830","time":"0600","status":"LO","lat":22.1,"lon":-53.6,"wind_kt":20,"pressure_mb":1010},{"date":"20050830","time":"1200","status":"LO","lat":24.2,"lon":-54.2,"wind_kt":20,"pressure_mb":1010},{"date":"20050830","time":"1800","status":"LO","lat":25.5,"lon":-53.6,"wind_kt":25,"pressure_mb":1010},{"date":"20050831","time":"0000","status":"LO","lat":26.9,"lon":-52.7,"wind_kt":25,"pressure_mb":1010},{"date":"20050831","time":"0600","status":"TD","lat":28,"lon":-51.6,"wind_kt":30,"pressure_mb":1007},{"date":"20050831","time":"1200","status":"TS","lat":29,"lon":-50.4,"wind_kt":35,"pressure_mb":1006},{"date":"20050831","time":"1800","status":"TS","lat":30.1,"lon":-50.1,"wind_kt":35,"pressure_mb":1007},{"date":"20050901","time":"0000","status":"TD","lat":31.1,"lon":-50.3,"wind_kt":30,"pressure_mb":1009},{"date":"20050901","time":"0600","status":"TD","lat":31.9,"lon":-51.2,"wind_kt":30,"pressure_mb":1010},{"date":"20050901","time":"1200","status":"TD","lat":31.9,"lon":-51.4,"wind_kt":30,"pressure_mb":1010},{"date":"20050901","time":"1800","status":"TD","lat":32.3,"lon":-51.5,"wind_kt":30,"pressure_mb":1010},{"date":"20050902","time":"0000","status":"TD","lat":32.4,"lon":-52,"wind_kt":25,"pressure_mb":1010},{"date":"20050902","time":"0600","status":"LO","lat":32.6,"lon":-52.3,"wind_kt":25,"pressure_mb":1010},{"date":"20050902","time":"1200","status":"LO","lat":33.2,"lon":-52.3,"wind_kt":25,"pressure_mb":1010},{"date":"20050902","time":"1800","status":"LO","lat":33.9,"lon":-52.7,"wind_kt":25,"pressure_mb":1010},{"date":"20050903","time":"0000","status":"LO","lat":34.7,"lon":-53.2,"wind_kt":25,"pressure_mb":1010},{"date":"20050903","time":"0600","status":"LO","lat":35.5,"lon":-53.9,"wind_kt":25,"pressure_mb":1010},{"date":"20050903","time":"1200","status":"LO","lat":36.6,"lon":-54.2,"wind_kt":25,"pressure_mb":1010},{"date":"20050903","time":"1800","status":"LO","lat":37.4,"lon":-53.9,"wind_kt":25,"pressure_mb":1010}]}},{"type":"Feature","geometry":{"type":"LineString","coordinates":[[-45.5,18.8],[-46.2,19.3],[-47.2,19.9],[-48.3,20.5],[-49.4,21.1],[-50.2,21.5],[-51,22],[-52,23],[-53.1,24.4],[-54,25.5],[-54.6,26.5],[-55.1,27.5],[-55.5,28.6],[-56,29.6],[-56.5,30.2],[-56.8,30.9],[-56.8,31.5],[-56.7,32.1],[-56.6,32.6],[-56.5,33],[-56,33.5],[-55.4,33.9],[-54.6,34.4],[-53.3,34.8],[-51.8,35.6],[-50.8,36.5],[-49.9,37.2],[-49,37.9],[-48,38.7],[-47.2,39.1],[-46.4,39.4],[-44.9,39.8],[-43.4,40.4],[-42.1,41.1],[-40.6,41.9],[-39.2,42.9],[-37.7,44.5],[-36.3,46],[-35,48],[-34,50],[-32.9,52],[-32,54],[-31,55.5],[-29,57],[-26,58.5],[-23,61],[-21,62],[-19,62.9],[-16,63.5],[-10,63],[0,63]]},"properties":{"id":"hur-al142005","event_type":"hurricane","name":"MARIA","year":2005,"max_wind_kt":100,"min_pressure_mb":962,"category":3,"preliminary":false,"start_date":"20050901","end_date":"20050914","track":[{"date":"20050901","time":"1200","status":"TD","lat":18.8,"lon":-45.5,"wind_kt":30,"pressure_mb":1008},{"date":"20050901","time":"1800","status":"TD","lat":19.3,"lon":-46.2,"wind_kt":30,"pressure_mb":1008},{"date":"20050902","time":"0000","status":"TD","lat":19.9,"lon":-47.2,"wind_kt":30,"pressure_mb":1008},{"date":"20050902","time":"0600","status":"TD","lat":20.5,"lon":-48.3,"wind_kt":30,"pressure_mb":1008},{"date":"20050902","time":"1200","status":"TS","lat":21.1,"lon":-49.4,"wind_kt":35,"pressure_mb":1006},{"date":"20050902","time":"1800","status":"TS","lat":21.5,"lon":-50.2,"wind_kt":40,"pressure_mb":1003},{"date":"20050903","time":"0000","status":"TS","lat":22,"lon":-51,"wind_kt":45,"pressure_mb":1001},{"date":"20050903","time":"0600","status":"TS","lat":23,"lon":-52,"wind_kt":45,"pressure_mb":1000},{"date":"20050903","time":"1200","status":"TS","lat":24.4,"lon":-53.1,"wind_kt":50,"pressure_mb":997},{"date":"20050903","time":"1800","status":"TS","lat":25.5,"lon":-54,"wind_kt":55,"pressure_mb":994},{"date":"20050904","time":"0000","status":"TS","lat":26.5,"lon":-54.6,"wind_kt":60,"pressure_mb":990},{"date":"20050904","time":"0600","status":"HU","lat":27.5,"lon":-55.1,"wind_kt":65,"pressure_mb":987},{"date":"20050904","time":"1200","status":"HU","lat":28.6,"lon":-55.5,"wind_kt":65,"pressure_mb":987},{"date":"20050904","time":"1800","status":"HU","lat":29.6,"lon":-56,"wind_kt":75,"pressure_mb":980},{"date":"20050905","time":"0000","status":"HU","lat":30.2,"lon":-56.5,"wind_kt":75,"pressure_mb":980},{"date":"20050905","time":"0600","status":"HU","lat":30.9,"lon":-56.8,"wind_kt":80,"pressure_mb":977},{"date":"20050905","time":"1200","status":"HU","lat":31.5,"lon":-56.8,"wind_kt":85,"pressure_mb":975},{"date":"20050905","time":"1800","status":"HU","lat":32.1,"lon":-56.7,"wind_kt":90,"pressure_mb":970},{"date":"20050906","time":"0000","status":"HU","lat":32.6,"lon":-56.6,"wind_kt":100,"pressure_mb":962},{"date":"20050906","time":"0600","status":"HU","lat":33,"lon":-56.5,"wind_kt":90,"pressure_mb":970},{"date":"20050906","time":"1200","status":"HU","lat":33.5,"lon":-56,"wind_kt":80,"pressure_mb":975},{"date":"20050906","time":"1800","status":"HU","lat":33.9,"lon":-55.4,"wind_kt":75,"pressure_mb":980},{"date":"20050907","time":"0000","status":"HU","lat":34.4,"lon":-54.6,"wind_kt":65,"pressure_mb":987},{"date":"20050907","time":"0600","status":"HU","lat":34.8,"lon":-53.3,"wind_kt":70,"pressure_mb":983},{"date":"20050907","time":"1200","status":"HU","lat":35.6,"lon":-51.8,"wind_kt":75,"pressure_mb":980},{"date":"20050907","time":"1800","status":"HU","lat":36.5,"lon":-50.8,"wind_kt":75,"pressure_mb":980},{"date":"20050908","time":"0000","status":"HU","lat":37.2,"lon":-49.9,"wind_kt":70,"pressure_mb":982},{"date":"20050908","time":"0600","status":"HU","lat":37.9,"lon":-49,"wind_kt":65,"pressure_mb":985},{"date":"20050908","time":"1200","status":"HU","lat":38.7,"lon":-48,"wind_kt":65,"pressure_mb":985},{"date":"20050908","time":"1800","status":"HU","lat":39.1,"lon":-47.2,"wind_kt":65,"pressure_mb":985},{"date":"20050909","time":"0000","status":"TS","lat":39.4,"lon":-46.4,"wind_kt":60,"pressure_mb":987},{"date":"20050909","time":"0600","status":"TS","lat":39.8,"lon":-44.9,"wind_kt":55,"pressure_mb":987},{"date":"20050909","time":"1200","status":"TS","lat":40.4,"lon":-43.4,"wind_kt":55,"pressure_mb":988},{"date":"20050909","time":"1800","status":"TS","lat":41.1,"lon":-42.1,"wind_kt":50,"pressure_mb":988},{"date":"20050910","time":"0000","status":"TS","lat":41.9,"lon":-40.6,"wind_kt":50,"pressure_mb":988},{"date":"20050910","time":"0600","status":"TS","lat":42.9,"lon":-39.2,"wind_kt":50,"pressure_mb":988},{"date":"20050910","time":"1200","status":"EX","lat":44.5,"lon":-37.7,"wind_kt":50,"pressure_mb":980},{"date":"20050910","time":"1800","status":"EX","lat":46,"lon":-36.3,"wind_kt":55,"pressure_mb":975},{"date":"20050911","time":"0000","status":"EX","lat":48,"lon":-35,"wind_kt":60,"pressure_mb":975},{"date":"20050911","time":"0600","status":"EX","lat":50,"lon":-34,"wind_kt":60,"pressure_mb":974},{"date":"20050911","time":"1200","status":"EX","lat":52,"lon":-32.9,"wind_kt":65,"pressure_mb":971},{"date":"20050911","time":"1800","status":"EX","lat":54,"lon":-32,"wind_kt":65,"pressure_mb":968},{"date":"20050912","time":"0000","status":"EX","lat":55.5,"lon":-31,"wind_kt":65,"pressure_mb":962},{"date":"20050912","time":"0600","status":"EX","lat":57,"lon":-29,"wind_kt":65,"pressure_mb":967},{"date":"20050912","time":"1200","status":"EX","lat":58.5,"lon":-26,"wind_kt":65,"pressure_mb":970},{"date":"20050912","time":"1800","status":"EX","lat":61,"lon":-23,"wind_kt":60,"pressure_mb":972},{"date":"20050913","time":"0000","status":"EX","lat":62,"lon":-21,"wind_kt":55,"pressure_mb":974},{"date":"20050913","time":"0600","status":"EX","lat":62.9,"lon":-19,"wind_kt":50,"pressure_mb":976},{"date":"20050913","time":"1200","status":"EX","lat":63.5,"lon":-16,"wind_kt":45,"pressure_mb":980},{"date":"20050913","time":"1800","status":"EX","lat":63,"lon":-10,"wind_kt":45,"pressure_mb":983},{"date":"20050914","time":"0000","status":"EX","lat":63,"lon":0,"wind_kt":45,"pressure_mb":984}]}},{"type":"Feature","geometry":{"type":"LineString","coordinates":[[-67,28.4],[-66.6,28.4],[-66.5,28.5],[-66.5,28.5],[-66.4,28.6],[-66.3,28.7],[-66.3,28.7],[-66.2,28.9],[-66,29.3],[-65.7,29.6],[-65,30],[-63.8,30.5],[-62.7,31.4],[-61.1,32.6],[-59.1,33.4],[-55.8,34],[-53.4,34.5],[-50.8,34.7],[-49,34.6],[-45.9,34.5],[-44.1,34.9],[-42.1,35.2],[-40.6,36],[-38.3,37.4],[-35.6,39.2],[-33.3,41.6],[-32,43.5],[-28.1,44],[-25,46]]},"properties":{"id":"hur-al152005","event_type":"hurricane","name":"NATE","year":2005,"max_wind_kt":80,"min_pressure_mb":979,"category":1,"preliminary":false,"start_date":"20050905","end_date":"20050912","track":[{"date":"20050905","time":"1800","status":"TD","lat":28.4,"lon":-67,"wind_kt":30,"pressure_mb":1008},{"date":"20050906","time":"0000","status":"TS","lat":28.4,"lon":-66.6,"wind_kt":35,"pressure_mb":1005},{"date":"20050906","time":"0600","status":"TS","lat":28.5,"lon":-66.5,"wind_kt":40,"pressure_mb":1002},{"date":"20050906","time":"1200","status":"TS","lat":28.5,"lon":-66.5,"wind_kt":50,"pressure_mb":1000},{"date":"20050906","time":"1800","status":"TS","lat":28.6,"lon":-66.4,"wind_kt":50,"pressure_mb":997},{"date":"20050907","time":"0000","status":"TS","lat":28.7,"lon":-66.3,"wind_kt":55,"pressure_mb":994},{"date":"20050907","time":"0600","status":"TS","lat":28.7,"lon":-66.3,"wind_kt":60,"pressure_mb":990},{"date":"20050907","time":"1200","status":"HU","lat":28.9,"lon":-66.2,"wind_kt":65,"pressure_mb":987},{"date":"20050907","time":"1800","status":"HU","lat":29.3,"lon":-66,"wind_kt":70,"pressure_mb":985},{"date":"20050908","time":"0000","status":"HU","lat":29.6,"lon":-65.7,"wind_kt":75,"pressure_mb":984},{"date":"20050908","time":"0600","status":"HU","lat":30,"lon":-65,"wind_kt":75,"pressure_mb":982},{"date":"20050908","time":"1200","status":"HU","lat":30.5,"lon":-63.8,"wind_kt":75,"pressure_mb":982},{"date":"20050908","time":"1800","status":"HU","lat":31.4,"lon":-62.7,"wind_kt":75,"pressure_mb":982},{"date":"20050909","time":"0000","status":"HU","lat":32.6,"lon":-61.1,"wind_kt":80,"pressure_mb":979},{"date":"20050909","time":"0600","status":"HU","lat":33.4,"lon":-59.1,"wind_kt":70,"pressure_mb":985},{"date":"20050909","time":"1200","status":"HU","lat":34,"lon":-55.8,"wind_kt":65,"pressure_mb":986},{"date":"20050909","time":"1800","status":"TS","lat":34.5,"lon":-53.4,"wind_kt":55,"pressure_mb":991},{"date":"20050910","time":"0000","status":"TS","lat":34.7,"lon":-50.8,"wind_kt":55,"pressure_mb":997},{"date":"20050910","time":"0600","status":"TS","lat":34.6,"lon":-49,"wind_kt":45,"pressure_mb":997},{"date":"20050910","time":"1200","status":"TS","lat":34.5,"lon":-45.9,"wind_kt":45,"pressure_mb":997},{"date":"20050910","time":"1800","status":"EX","lat":34.9,"lon":-44.1,"wind_kt":45,"pressure_mb":997},{"date":"20050911","time":"0000","status":"EX","lat":35.2,"lon":-42.1,"wind_kt":40,"pressure_mb":999},{"date":"20050911","time":"0600","status":"EX","lat":36,"lon":-40.6,"wind_kt":40,"pressure_mb":1000},{"date":"20050911","time":"1200","status":"EX","lat":37.4,"lon":-38.3,"wind_kt":40,"pressure_mb":1001},{"date":"20050911","time":"1800","status":"EX","lat":39.2,"lon":-35.6,"wind_kt":40,"pressure_mb":1001},{"date":"20050912","time":"0000","status":"EX","lat":41.6,"lon":-33.3,"wind_kt":40,"pressure_mb":1002},{"date":"20050912","time":"0600","status":"EX","lat":43.5,"lon":-32,"wind_kt":35,"pressure_mb":1002},{"date":"20050912","time":"1200","status":"EX","lat":44,"lon":-28.1,"wind_kt":35,"pressure_mb":1003},{"date":"20050912","time":"1800","status":"EX","lat":46,"lon":-25,"wind_kt":35,"pressure_mb":1003}]}},{"type":"Feature","geometry":{"type":"LineString","coordinates":[[-78.6,25.8],[-78.3,26.3],[-78.3,26.6],[-78.3,26.8],[-78.5,27.4],[-78.8,27.9],[-79.2,28.7],[-79.3,28.8],[-79.3,28.8],[-79.6,28.7],[-79.6,28.6],[-79.5,28.6],[-79.3,28.6],[-79.3,28.9],[-79.1,29.3],[-78.5,29.8],[-77.5,30.2],[-76.9,30.9],[-76.6,31.5],[-76.2,31.7],[-75.9,31.8],[-75.9,31.7],[-75.7,31.6],[-75.9,31.4],[-76.2,31.2],[-76.6,31.2],[-76.9,31.5],[-77.3,31.7],[-77.7,31.8],[-77.9,31.9],[-78,32.1],[-78.1,32.3],[-78.1,32.6],[-78,32.9],[-77.7,33.4],[-77.5,33.9],[-76.9,34.2],[-76.3,34.5],[-75.8,34.7],[-75.6,34.7],[-75.1,34.6],[-74.8,34.7],[-74.4,35.4],[-73.6,36.4],[-72.7,37.3],[-71.4,38.7],[-69.7,40],[-67.3,41.6],[-64.9,43.2],[-62.6,44.8],[-59.9,46.2],[-56.2,47.4],[-52.3,48.4],[-48.8,49],[-45.7,49.5],[-42.1,50],[-38.5,50.9],[-34.7,51.5],[-30.5,52.2],[-26.5,52.8],[-22,53.8],[-17.7,55.3],[-14.6,57.6],[-11.9,59.8],[-8.4,61.7],[-4.5,63.6],[-1,65.6],[1.9,67.5],[6.6,68.8]]},"properties":{"id":"hur-al162005","event_type":"hurricane","name":"OPHELIA","year":2005,"max_wind_kt":75,"min_pressure_mb":976,"category":1,"preliminary":false,"start_date":"20050906","end_date":"20050923","track":[{"date":"20050906","time":"0600","status":"TD","lat":25.8,"lon":-78.6,"wind_kt":25,"pressure_mb":1009},{"date":"20050906","time":"1200","status":"TD","lat":26.3,"lon":-78.3,"wind_kt":25,"pressure_mb":1010},{"date":"20050906","time":"1600","status":"TD","lat":26.6,"lon":-78.3,"wind_kt":25,"pressure_mb":1010},{"date":"20050906","time":"1800","status":"TD","lat":26.8,"lon":-78.3,"wind_kt":25,"pressure_mb":1010},{"date":"20050907","time":"0000","status":"TD","lat":27.4,"lon":-78.5,"wind_kt":30,"pressure_mb":1006},{"date":"20050907","time":"0600","status":"TS","lat":27.9,"lon":-78.8,"wind_kt":35,"pressure_mb":1003},{"date":"20050907","time":"1200","status":"TS","lat":28.7,"lon":-79.2,"wind_kt":40,"pressure_mb":1000},{"date":"20050907","time":"1800","status":"TS","lat":28.8,"lon":-79.3,"wind_kt":45,"pressure_mb":997},{"date":"20050908","time":"0000","status":"TS","lat":28.8,"lon":-79.3,"wind_kt":45,"pressure_mb":994},{"date":"20050908","time":"0600","status":"TS","lat":28.7,"lon":-79.6,"wind_kt":50,"pressure_mb":994},{"date":"20050908","time":"1200","status":"TS","lat":28.6,"lon":-79.6,"wind_kt":55,"pressure_mb":988},{"date":"20050908","time":"1800","status":"TS","lat":28.6,"lon":-79.5,"wind_kt":60,"pressure_mb":988},{"date":"20050909","time":"0000","status":"HU","lat":28.6,"lon":-79.3,"wind_kt":65,"pressure_mb":990},{"date":"20050909","time":"0600","status":"TS","lat":28.9,"lon":-79.3,"wind_kt":55,"pressure_mb":990},{"date":"20050909","time":"1200","status":"TS","lat":29.3,"lon":-79.1,"wind_kt":55,"pressure_mb":983},{"date":"20050909","time":"1800","status":"HU","lat":29.8,"lon":-78.5,"wind_kt":65,"pressure_mb":983},{"date":"20050910","time":"0000","status":"TS","lat":30.2,"lon":-77.5,"wind_kt":60,"pressure_mb":983},{"date":"20050910","time":"0600","status":"TS","lat":30.9,"lon":-76.9,"wind_kt":60,"pressure_mb":984},{"date":"20050910","time":"1200","status":"HU","lat":31.5,"lon":-76.6,"wind_kt":65,"pressure_mb":976},{"date":"20050910","time":"1800","status":"HU","lat":31.7,"lon":-76.2,"wind_kt":70,"pressure_mb":977},{"date":"20050911","time":"0000","status":"HU","lat":31.8,"lon":-75.9,"wind_kt":70,"pressure_mb":977},{"date":"20050911","time":"0600","status":"HU","lat":31.7,"lon":-75.9,"wind_kt":75,"pressure_mb":978},{"date":"20050911","time":"1200","status":"HU","lat":31.6,"lon":-75.7,"wind_kt":70,"pressure_mb":978},{"date":"20050911","time":"1800","status":"HU","lat":31.4,"lon":-75.9,"wind_kt":65,"pressure_mb":978},{"date":"20050912","time":"0000","status":"TS","lat":31.2,"lon":-76.2,"wind_kt":60,"pressure_mb":980},{"date":"20050912","time":"0600","status":"TS","lat":31.2,"lon":-76.6,"wind_kt":60,"pressure_mb":985},{"date":"20050912","time":"1200","status":"TS","lat":31.5,"lon":-76.9,"wind_kt":55,"pressure_mb":988},{"date":"20050912","time":"1800","status":"TS","lat":31.7,"lon":-77.3,"wind_kt":60,"pressure_mb":989},{"date":"20050913","time":"0000","status":"TS","lat":31.8,"lon":-77.7,"wind_kt":60,"pressure_mb":989},{"date":"20050913","time":"0600","status":"TS","lat":31.9,"lon":-77.9,"wind_kt":60,"pressure_mb":990},{"date":"20050913","time":"1200","status":"TS","lat":32.1,"lon":-78,"wind_kt":60,"pressure_mb":989},{"date":"20050913","time":"1800","status":"TS","lat":32.3,"lon":-78.1,"wind_kt":60,"pressure_mb":988},{"date":"20050914","time":"0000","status":"HU","lat":32.6,"lon":-78.1,"wind_kt":65,"pressure_mb":985},{"date":"20050914","time":"0600","status":"HU","lat":32.9,"lon":-78,"wind_kt":70,"pressure_mb":980},{"date":"20050914","time":"1200","status":"HU","lat":33.4,"lon":-77.7,"wind_kt":75,"pressure_mb":980},{"date":"20050914","time":"1800","status":"HU","lat":33.9,"lon":-77.5,"wind_kt":75,"pressure_mb":979},{"date":"20050915","time":"0000","status":"HU","lat":34.2,"lon":-76.9,"wind_kt":75,"pressure_mb":979},{"date":"20050915","time":"0600","status":"HU","lat":34.5,"lon":-76.3,"wind_kt":70,"pressure_mb":982},{"date":"20050915","time":"1200","status":"HU","lat":34.7,"lon":-75.8,"wind_kt":65,"pressure_mb":984},{"date":"20050915","time":"1800","status":"HU","lat":34.7,"lon":-75.6,"wind_kt":65,"pressure_mb":986},{"date":"20050916","time":"0000","status":"TS","lat":34.6,"lon":-75.1,"wind_kt":60,"pressure_mb":987},{"date":"20050916","time":"0600","status":"TS","lat":34.7,"lon":-74.8,"wind_kt":55,"pressure_mb":993},{"date":"20050916","time":"1200","status":"TS","lat":35.4,"lon":-74.4,"wind_kt":50,"pressure_mb":995},{"date":"20050916","time":"1800","status":"TS","lat":36.4,"lon":-73.6,"wind_kt":55,"pressure_mb":993},{"date":"20050917","time":"0000","status":"TS","lat":37.3,"lon":-72.7,"wind_kt":55,"pressure_mb":995},{"date":"20050917","time":"0600","status":"TS","lat":38.7,"lon":-71.4,"wind_kt":50,"pressure_mb":1000},{"date":"20050917","time":"1200","status":"TS","lat":40,"lon":-69.7,"wind_kt":50,"pressure_mb":997},{"date":"20050917","time":"1800","status":"TS","lat":41.6,"lon":-67.3,"wind_kt":50,"pressure_mb":995},{"date":"20050918","time":"0000","status":"EX","lat":43.2,"lon":-64.9,"wind_kt":45,"pressure_mb":996},{"date":"20050918","time":"0600","status":"EX","lat":44.8,"lon":-62.6,"wind_kt":45,"pressure_mb":1000},{"date":"20050918","time":"1200","status":"EX","lat":46.2,"lon":-59.9,"wind_kt":45,"pressure_mb":1000},{"date":"20050918","time":"1800","status":"EX","lat":47.4,"lon":-56.2,"wind_kt":45,"pressure_mb":999},{"date":"20050919","time":"0000","status":"EX","lat":48.4,"lon":-52.3,"wind_kt":45,"pressure_mb":1000},{"date":"20050919","time":"0600","status":"EX","lat":49,"lon":-48.8,"wind_kt":45,"pressure_mb":1001},{"date":"20050919","time":"1200","status":"EX","lat":49.5,"lon":-45.7,"wind_kt":45,"pressure_mb":1000},{"date":"20050919","time":"1800","status":"EX","lat":50,"lon":-42.1,"wind_kt":45,"pressure_mb":999},{"date":"20050920","time":"0000","status":"EX","lat":50.9,"lon":-38.5,"wind_kt":45,"pressure_mb":998},{"date":"20050920","time":"0600","status":"EX","lat":51.5,"lon":-34.7,"wind_kt":40,"pressure_mb":1000},{"date":"20050920","time":"1200","status":"EX","lat":52.2,"lon":-30.5,"wind_kt":40,"pressure_mb":1003},{"date":"20050920","time":"1800","status":"EX","lat":52.8,"lon":-26.5,"wind_kt":40,"pressure_mb":1001},{"date":"20050921","time":"0000","status":"EX","lat":53.8,"lon":-22,"wind_kt":40,"pressure_mb":998},{"date":"20050921","time":"0600","status":"EX","lat":55.3,"lon":-17.7,"wind_kt":35,"pressure_mb":998},{"date":"20050921","time":"1200","status":"EX","lat":57.6,"lon":-14.6,"wind_kt":35,"pressure_mb":998},{"date":"20050921","time":"1800","status":"EX","lat":59.8,"lon":-11.9,"wind_kt":35,"pressure_mb":996},{"date":"20050922","time":"0000","status":"EX","lat":61.7,"lon":-8.4,"wind_kt":35,"pressure_mb":993},{"date":"20050922","time":"0600","status":"EX","lat":63.6,"lon":-4.5,"wind_kt":35,"pressure_mb":993},{"date":"20050922","time":"1200","status":"EX","lat":65.6,"lon":-1,"wind_kt":35,"pressure_mb":994},{"date":"20050922","time":"1800","status":"EX","lat":67.5,"lon":1.9,"wind_kt":30,"pressure_mb":995},{"date":"20050923","time":"0000","status":"EX","lat":68.8,"lon":6.6,"wind_kt":30,"pressure_mb":997}]}},{"type":"Feature","geometry":{"type":"LineString","coordinates":[[-54.5,13.3],[-54.9,13.5],[-55.1,13.9],[-55.3,14.4],[-55.5,14.9],[-55.7,15.6],[-55.8,16.2],[-55.9,16.7],[-56.2,17.2],[-56.4,17.5],[-56.6,17.7],[-56.8,17.9],[-57,18.1],[-57.2,18.5],[-57.2,18.9],[-57.1,19.4],[-57,19.9],[-56.9,20.8],[-56.7,22.4],[-56.8,23.8],[-57.2,25.2],[-57.6,26.7],[-58.2,28.3],[-60.1,30.2],[-62.2,30.5],[-63.7,30.2],[-63.8,29.2],[-62.8,28.6]]},"properties":{"id":"hur-al172005","event_type":"hurricane","name":"PHILIPPE","year":2005,"max_wind_kt":70,"min_pressure_mb":985,"category":1,"preliminary":false,"start_date":"20050917","end_date":"20050924","track":[{"date":"20050917","time":"1200","status":"TD","lat":13.3,"lon":-54.5,"wind_kt":30,"pressure_mb":1008},{"date":"20050917","time":"1800","status":"TS","lat":13.5,"lon":-54.9,"wind_kt":35,"pressure_mb":1007},{"date":"20050918","time":"0000","status":"TS","lat":13.9,"lon":-55.1,"wind_kt":40,"pressure_mb":1003},{"date":"20050918","time":"0600","status":"TS","lat":14.4,"lon":-55.3,"wind_kt":45,"pressure_mb":1000},{"date":"20050918","time":"1200","status":"TS","lat":14.9,"lon":-55.5,"wind_kt":50,"pressure_mb":996},{"date":"20050918","time":"1800","status":"TS","lat":15.6,"lon":-55.7,"wind_kt":55,"pressure_mb":993},{"date":"20050919","time":"0000","status":"HU","lat":16.2,"lon":-55.8,"wind_kt":65,"pressure_mb":987},{"date":"20050919","time":"0600","status":"HU","lat":16.7,"lon":-55.9,"wind_kt":65,"pressure_mb":987},{"date":"20050919","time":"1200","status":"HU","lat":17.2,"lon":-56.2,"wind_kt":65,"pressure_mb":987},{"date":"20050919","time":"1800","status":"HU","lat":17.5,"lon":-56.4,"wind_kt":65,"pressure_mb":987},{"date":"20050920","time":"0000","status":"HU","lat":17.7,"lon":-56.6,"wind_kt":70,"pressure_mb":985},{"date":"20050920","time":"0600","status":"HU","lat":17.9,"lon":-56.8,"wind_kt":65,"pressure_mb":987},{"date":"20050920","time":"1200","status":"TS","lat":18.1,"lon":-57,"wind_kt":60,"pressure_mb":990},{"date":"20050920","time":"1800","status":"TS","lat":18.5,"lon":-57.2,"wind_kt":55,"pressure_mb":992},{"date":"20050921","time":"0000","status":"TS","lat":18.9,"lon":-57.2,"wind_kt":55,"pressure_mb":994},{"date":"20050921","time":"0600","status":"TS","lat":19.4,"lon":-57.1,"wind_kt":50,"pressure_mb":997},{"date":"20050921","time":"1200","status":"TS","lat":19.9,"lon":-57,"wind_kt":45,"pressure_mb":1000},{"date":"20050921","time":"1800","status":"TS","lat":20.8,"lon":-56.9,"wind_kt":40,"pressure_mb":1001},{"date":"20050922","time":"0000","status":"TS","lat":22.4,"lon":-56.7,"wind_kt":35,"pressure_mb":1002},{"date":"20050922","time":"0600","status":"TS","lat":23.8,"lon":-56.8,"wind_kt":35,"pressure_mb":1003},{"date":"20050922","time":"1200","status":"TS","lat":25.2,"lon":-57.2,"wind_kt":35,"pressure_mb":1003},{"date":"20050922","time":"1800","status":"TS","lat":26.7,"lon":-57.6,"wind_kt":35,"pressure_mb":1003},{"date":"20050923","time":"0000","status":"TS","lat":28.3,"lon":-58.2,"wind_kt":35,"pressure_mb":1003},{"date":"20050923","time":"0600","status":"TS","lat":30.2,"lon":-60.1,"wind_kt":35,"pressure_mb":1003},{"date":"20050923","time":"1200","status":"TD","lat":30.5,"lon":-62.2,"wind_kt":30,"pressure_mb":1003},{"date":"20050923","time":"1800","status":"LO","lat":30.2,"lon":-63.7,"wind_kt":30,"pressure_mb":1003},{"date":"20050924","time":"0000","status":"LO","lat":29.2,"lon":-63.8,"wind_kt":30,"pressure_mb":1003},{"date":"20050924","time":"0600","status":"LO","lat":28.6,"lon":-62.8,"wind_kt":25,"pressure_mb":1004}]}},{"type":"Feature","geometry":{"type":"LineString","coordinates":[[-69.9,21.3],[-70.7,21.6],[-71.5,21.9],[-72.3,22.2],[-73,22.4],[-73.8,22.6],[-74.7,22.8],[-75.9,23.1],[-77.2,23.3],[-78.8,23.5],[-80.3,23.7],[-81.6,23.9],[-82.7,24.1],[-84,24.2],[-85.2,24.2],[-86.2,24.3],[-86.9,24.5],[-87.3,24.7],[-87.6,24.8],[-88.3,25.2],[-89.1,25.6],[-89.9,26],[-90.7,26.5],[-91.5,27.1],[-92.3,27.8],[-93,28.6],[-93.6,29.4],[-93.7,29.7],[-94.1,30.5],[-94.1,31.6],[-94,32.7],[-93.6,33.7],[-92.5,34.7],[-91.4,35.8],[-90.1,37],[-88,39.5]]},"properties":{"id":"hur-al182005","event_type":"hurricane","name":"RITA","year":2005,"max_wind_kt":155,"min_pressure_mb":895,"category":5,"preliminary":false,"start_date":"20050918","end_date":"20050926","track":[{"date":"20050918","time":"0000","status":"TD","lat":21.3,"lon":-69.9,"wind_kt":25,"pressure_mb":1009},{"date":"20050918","time":"0600","status":"TD","lat":21.6,"lon":-70.7,"wind_kt":25,"pressure_mb":1009},{"date":"20050918","time":"1200","status":"TD","lat":21.9,"lon":-71.5,"wind_kt":30,"pressure_mb":1007},{"date":"20050918","time":"1800","status":"TS","lat":22.2,"lon":-72.3,"wind_kt":35,"pressure_mb":1005},{"date":"20050919","time":"0000","status":"TS","lat":22.4,"lon":-73,"wind_kt":45,"pressure_mb":1002},{"date":"20050919","time":"0600","status":"TS","lat":22.6,"lon":-73.8,"wind_kt":50,"pressure_mb":999},{"date":"20050919","time":"1200","status":"TS","lat":22.8,"lon":-74.7,"wind_kt":55,"pressure_mb":997},{"date":"20050919","time":"1800","status":"TS","lat":23.1,"lon":-75.9,"wind_kt":60,"pressure_mb":994},{"date":"20050920","time":"0000","status":"TS","lat":23.3,"lon":-77.2,"wind_kt":60,"pressure_mb":992},{"date":"20050920","time":"0600","status":"TS","lat":23.5,"lon":-78.8,"wind_kt":60,"pressure_mb":990},{"date":"20050920","time":"1200","status":"HU","lat":23.7,"lon":-80.3,"wind_kt":70,"pressure_mb":985},{"date":"20050920","time":"1800","status":"HU","lat":23.9,"lon":-81.6,"wind_kt":85,"pressure_mb":975},{"date":"20050921","time":"0000","status":"HU","lat":24.1,"lon":-82.7,"wind_kt":95,"pressure_mb":967},{"date":"20050921","time":"0600","status":"HU","lat":24.2,"lon":-84,"wind_kt":110,"pressure_mb":955},{"date":"20050921","time":"1200","status":"HU","lat":24.2,"lon":-85.2,"wind_kt":120,"pressure_mb":941},{"date":"20050921","time":"1800","status":"HU","lat":24.3,"lon":-86.2,"wind_kt":145,"pressure_mb":920},{"date":"20050922","time":"0000","status":"HU","lat":24.5,"lon":-86.9,"wind_kt":150,"pressure_mb":897},{"date":"20050922","time":"0300","status":"HU","lat":24.7,"lon":-87.3,"wind_kt":155,"pressure_mb":895},{"date":"20050922","time":"0600","status":"HU","lat":24.8,"lon":-87.6,"wind_kt":155,"pressure_mb":897},{"date":"20050922","time":"1200","status":"HU","lat":25.2,"lon":-88.3,"wind_kt":140,"pressure_mb":908},{"date":"20050922","time":"1800","status":"HU","lat":25.6,"lon":-89.1,"wind_kt":125,"pressure_mb":913},{"date":"20050923","time":"0000","status":"HU","lat":26,"lon":-89.9,"wind_kt":120,"pressure_mb":915},{"date":"20050923","time":"0600","status":"HU","lat":26.5,"lon":-90.7,"wind_kt":115,"pressure_mb":924},{"date":"20050923","time":"1200","status":"HU","lat":27.1,"lon":-91.5,"wind_kt":115,"pressure_mb":927},{"date":"20050923","time":"1800","status":"HU","lat":27.8,"lon":-92.3,"wind_kt":110,"pressure_mb":930},{"date":"20050924","time":"0000","status":"HU","lat":28.6,"lon":-93,"wind_kt":105,"pressure_mb":931},{"date":"20050924","time":"0600","status":"HU","lat":29.4,"lon":-93.6,"wind_kt":100,"pressure_mb":935},{"date":"20050924","time":"0740","status":"HU","lat":29.7,"lon":-93.7,"wind_kt":100,"pressure_mb":937},{"date":"20050924","time":"1200","status":"HU","lat":30.5,"lon":-94.1,"wind_kt":65,"pressure_mb":949},{"date":"20050924","time":"1800","status":"TS","lat":31.6,"lon":-94.1,"wind_kt":45,"pressure_mb":974},{"date":"20050925","time":"0000","status":"TS","lat":32.7,"lon":-94,"wind_kt":35,"pressure_mb":982},{"date":"20050925","time":"0600","status":"TD","lat":33.7,"lon":-93.6,"wind_kt":30,"pressure_mb":989},{"date":"20050925","time":"1200","status":"TD","lat":34.7,"lon":-92.5,"wind_kt":25,"pressure_mb":995},{"date":"20050925","time":"1800","status":"TD","lat":35.8,"lon":-91.4,"wind_kt":25,"pressure_mb":1000},{"date":"20050926","time":"0000","status":"TD","lat":37,"lon":-90.1,"wind_kt":20,"pressure_mb":1003},{"date":"20050926","time":"0600","status":"LO","lat":39.5,"lon":-88,"wind_kt":20,"pressure_mb":1006}]}},{"type":"Feature","geometry":{"type":"LineString","coordinates":[[-32.7,11.8],[-33,12.2],[-33.3,12.7],[-33.5,13.3],[-33.7,13.8],[-33.9,14.4],[-33.8,15],[-34.3,15.7],[-35.3,16.6]]},"properties":{"id":"hur-al192005","event_type":"hurricane","name":"NINETEEN","year":2005,"max_wind_kt":30,"min_pressure_mb":1006,"category":-1,"preliminary":false,"start_date":"20050930","end_date":"20051002","track":[{"date":"20050930","time":"1200","status":"TD","lat":11.8,"lon":-32.7,"wind_kt":25,"pressure_mb":1009},{"date":"20050930","time":"1800","status":"TD","lat":12.2,"lon":-33,"wind_kt":30,"pressure_mb":1007},{"date":"20051001","time":"0000","status":"TD","lat":12.7,"lon":-33.3,"wind_kt":30,"pressure_mb":1006},{"date":"20051001","time":"0600","status":"TD","lat":13.3,"lon":-33.5,"wind_kt":30,"pressure_mb":1008},{"date":"20051001","time":"1200","status":"TD","lat":13.8,"lon":-33.7,"wind_kt":30,"pressure_mb":1008},{"date":"20051001","time":"1800","status":"TD","lat":14.4,"lon":-33.9,"wind_kt":30,"pressure_mb":1008},{"date":"20051002","time":"0000","status":"TD","lat":15,"lon":-33.8,"wind_kt":30,"pressure_mb":1008},{"date":"20051002","time":"0600","status":"TD","lat":15.7,"lon":-34.3,"wind_kt":25,"pressure_mb":1008},{"date":"20051002","time":"1200","status":"TD","lat":16.6,"lon":-35.3,"wind_kt":25,"pressure_mb":1009}]}},{"type":"Feature","geometry":{"type":"LineString","coordinates":[[-85.6,18.9],[-86.2,19.1],[-86.7,19.3],[-87.2,19.5],[-87.5,19.6],[-87.9,19.8],[-88.8,20.3],[-89.8,20.5],[-91,20.5],[-91.7,20.3],[-92.2,20.1],[-93.2,19.8],[-94.1,19.2],[-94.9,18.6],[-95.6,17.9],[-96.4,17.2],[-97,16.9]]},"properties":{"id":"hur-al202005","event_type":"hurricane","name":"STAN","year":2005,"max_wind_kt":70,"min_pressure_mb":977,"category":1,"preliminary":false,"start_date":"20051001","end_date":"20051005","track":[{"date":"20051001","time":"1200","status":"TD","lat":18.9,"lon":-85.6,"wind_kt":25,"pressure_mb":1007},{"date":"20051001","time":"1800","status":"TD","lat":19.1,"lon":-86.2,"wind_kt":30,"pressure_mb":1005},{"date":"20051002","time":"0000","status":"TD","lat":19.3,"lon":-86.7,"wind_kt":30,"pressure_mb":1004},{"date":"20051002","time":"0600","status":"TS","lat":19.5,"lon":-87.2,"wind_kt":40,"pressure_mb":1003},{"date":"20051002","time":"1000","status":"TS","lat":19.6,"lon":-87.5,"wind_kt":35,"pressure_mb":1003},{"date":"20051002","time":"1200","status":"TS","lat":19.8,"lon":-87.9,"wind_kt":35,"pressure_mb":1003},{"date":"20051002","time":"1800","status":"TS","lat":20.3,"lon":-88.8,"wind_kt":35,"pressure_mb":1004},{"date":"20051003","time":"0000","status":"TD","lat":20.5,"lon":-89.8,"wind_kt":30,"pressure_mb":1003},{"date":"20051003","time":"0600","status":"TS","lat":20.5,"lon":-91,"wind_kt":35,"pressure_mb":1003},{"date":"20051003","time":"1200","status":"TS","lat":20.3,"lon":-91.7,"wind_kt":40,"pressure_mb":1000},{"date":"20051003","time":"1800","status":"TS","lat":20.1,"lon":-92.2,"wind_kt":50,"pressure_mb":997},{"date":"20051004","time":"0000","status":"TS","lat":19.8,"lon":-93.2,"wind_kt":55,"pressure_mb":990},{"date":"20051004","time":"0600","status":"HU","lat":19.2,"lon":-94.1,"wind_kt":65,"pressure_mb":987},{"date":"20051004","time":"1200","status":"HU","lat":18.6,"lon":-94.9,"wind_kt":70,"pressure_mb":977},{"date":"20051004","time":"1800","status":"TS","lat":17.9,"lon":-95.6,"wind_kt":45,"pressure_mb":988},{"date":"20051005","time":"0000","status":"TD","lat":17.2,"lon":-96.4,"wind_kt":30,"pressure_mb":1000},{"date":"20051005","time":"0600","status":"TD","lat":16.9,"lon":-97,"wind_kt":25,"pressure_mb":1004}]}},{"type":"Feature","geometry":{"type":"LineString","coordinates":[[-31.8,33.8],[-30.2,34.8],[-28.5,35.9],[-26.7,37.1],[-25,38.8],[-23.3,41],[-23,43.6]]},"properties":{"id":"hur-al212005","event_type":"hurricane","name":null,"year":2005,"max_wind_kt":45,"min_pressure_mb":997,"category":0,"preliminary":false,"start_date":"20051004","end_date":"20051005","track":[{"date":"20051004","time":"0000","status":"LO","lat":33.8,"lon":-31.8,"wind_kt":30,"pressure_mb":1012},{"date":"20051004","time":"0600","status":"SD","lat":34.8,"lon":-30.2,"wind_kt":30,"pressure_mb":1009},{"date":"20051004","time":"1200","status":"SS","lat":35.9,"lon":-28.5,"wind_kt":35,"pressure_mb":1004},{"date":"20051004","time":"1800","status":"SS","lat":37.1,"lon":-26.7,"wind_kt":45,"pressure_mb":997},{"date":"20051005","time":"0000","status":"SS","lat":38.8,"lon":-25,"wind_kt":45,"pressure_mb":997},{"date":"20051005","time":"0600","status":"EX","lat":41,"lon":-23.3,"wind_kt":40,"pressure_mb":1000},{"date":"20051005","time":"1200","status":"EX","lat":43.6,"lon":-23,"wind_kt":40,"pressure_mb":1002}]}},{"type":"Feature","geometry":{"type":"LineString","coordinates":[[-79.7,27.3],[-80.2,28.3],[-80.9,29.5],[-81.4,30.4],[-81.6,30.5],[-82.8,31.3],[-84.6,31.8],[-85.8,31.2],[-85.6,30.3]]},"properties":{"id":"hur-al222005","event_type":"hurricane","name":"TAMMY","year":2005,"max_wind_kt":45,"min_pressure_mb":1001,"category":0,"preliminary":false,"start_date":"20051005","end_date":"20051007","track":[{"date":"20051005","time":"0600","status":"TS","lat":27.3,"lon":-79.7,"wind_kt":35,"pressure_mb":1006},{"date":"20051005","time":"1200","status":"TS","lat":28.3,"lon":-80.2,"wind_kt":40,"pressure_mb":1004},{"date":"20051005","time":"1800","status":"TS","lat":29.5,"lon":-80.9,"wind_kt":45,"pressure_mb":1001},{"date":"20051005","time":"2300","status":"TS","lat":30.4,"lon":-81.4,"wind_kt":45,"pressure_mb":1002},{"date":"20051006","time":"0000","status":"TS","lat":30.5,"lon":-81.6,"wind_kt":45,"pressure_mb":1002},{"date":"20051006","time":"0600","status":"TS","lat":31.3,"lon":-82.8,"wind_kt":35,"pressure_mb":1005},{"date":"20051006","time":"1200","status":"TD","lat":31.8,"lon":-84.6,"wind_kt":25,"pressure_mb":1005},{"date":"20051006","time":"1800","status":"TD","lat":31.2,"lon":-85.8,"wind_kt":15,"pressure_mb":1006},{"date":"20051007","time":"0000","status":"LO","lat":30.3,"lon":-85.6,"wind_kt":10,"pressure_mb":1005}]}},{"type":"Feature","geometry":{"type":"LineString","coordinates":[[-57.4,26.1],[-58.5,27.7],[-60.1,28.8],[-62,29.3],[-63.3,29.3],[-64.5,29.5],[-65.2,30],[-66,30.7],[-67.5,31.6],[-68.9,32.5],[-70,33.5],[-71,34.3],[-71.7,35.5],[-71.8,36.7],[-71.7,37.8],[-71.9,38.5],[-72.4,38.8],[-73,38.9],[-73.5,38.7],[-73.5,38.3],[-73.5,37.7],[-73,37.2],[-73,37.8],[-73.4,38],[-73.8,37.6],[-73.8,38.6],[-73.8,39.6]]},"properties":{"id":"hur-al232005","event_type":"hurricane","name":"TWENTY-TWO","year":2005,"max_wind_kt":40,"min_pressure_mb":1005,"category":0,"preliminary":false,"start_date":"20051008","end_date":"20051014","track":[{"date":"20051008","time":"0600","status":"SD","lat":26.1,"lon":-57.4,"wind_kt":30,"pressure_mb":1009},{"date":"20051008","time":"1200","status":"SD","lat":27.7,"lon":-58.5,"wind_kt":30,"pressure_mb":1008},{"date":"20051008","time":"1800","status":"SD","lat":28.8,"lon":-60.1,"wind_kt":30,"pressure_mb":1009},{"date":"20051009","time":"0000","status":"SD","lat":29.3,"lon":-62,"wind_kt":25,"pressure_mb":1009},{"date":"20051009","time":"0600","status":"SD","lat":29.3,"lon":-63.3,"wind_kt":25,"pressure_mb":1009},{"date":"20051009","time":"1200","status":"SD","lat":29.5,"lon":-64.5,"wind_kt":25,"pressure_mb":1009},{"date":"20051009","time":"1800","status":"SD","lat":30,"lon":-65.2,"wind_kt":25,"pressure_mb":1009},{"date":"20051010","time":"0000","status":"SD","lat":30.7,"lon":-66,"wind_kt":25,"pressure_mb":1009},{"date":"20051010","time":"0600","status":"LO","lat":31.6,"lon":-67.5,"wind_kt":25,"pressure_mb":1009},{"date":"20051010","time":"1200","status":"LO","lat":32.5,"lon":-68.9,"wind_kt":30,"pressure_mb":1009},{"date":"20051010","time":"1800","status":"LO","lat":33.5,"lon":-70,"wind_kt":30,"pressure_mb":1008},{"date":"20051011","time":"0000","status":"LO","lat":34.3,"lon":-71,"wind_kt":30,"pressure_mb":1008},{"date":"20051011","time":"0600","status":"LO","lat":35.5,"lon":-71.7,"wind_kt":30,"pressure_mb":1008},{"date":"20051011","time":"1200","status":"EX","lat":36.7,"lon":-71.8,"wind_kt":30,"pressure_mb":1008},{"date":"20051011","time":"1800","status":"EX","lat":37.8,"lon":-71.7,"wind_kt":30,"pressure_mb":1008},{"date":"20051012","time":"0000","status":"EX","lat":38.5,"lon":-71.9,"wind_kt":30,"pressure_mb":1009},{"date":"20051012","time":"0600","status":"EX","lat":38.8,"lon":-72.4,"wind_kt":30,"pressure_mb":1010},{"date":"20051012","time":"1200","status":"EX","lat":38.9,"lon":-73,"wind_kt":35,"pressure_mb":1011},{"date":"20051012","time":"1800","status":"EX","lat":38.7,"lon":-73.5,"wind_kt":40,"pressure_mb":1011},{"date":"20051013","time":"0000","status":"EX","lat":38.3,"lon":-73.5,"wind_kt":40,"pressure_mb":1010},{"date":"20051013","time":"0600","status":"EX","lat":37.7,"lon":-73.5,"wind_kt":40,"pressure_mb":1010},{"date":"20051013","time":"1200","status":"EX","lat":37.2,"lon":-73,"wind_kt":40,"pressure_mb":1008},{"date":"20051013","time":"1800","status":"EX","lat":37.8,"lon":-73,"wind_kt":40,"pressure_mb":1006},{"date":"20051014","time":"0000","status":"EX","lat":38,"lon":-73.4,"wind_kt":40,"pressure_mb":1006},{"date":"20051014","time":"0600","status":"EX","lat":37.6,"lon":-73.8,"wind_kt":40,"pressure_mb":1005},{"date":"20051014","time":"1200","status":"EX","lat":38.6,"lon":-73.8,"wind_kt":35,"pressure_mb":1005},{"date":"20051014","time":"1800","status":"EX","lat":39.6,"lon":-73.8,"wind_kt":30,"pressure_mb":1005}]}},{"type":"Feature","geometry":{"type":"LineString","coordinates":[[-20.6,32.9],[-20.3,33],[-20.1,33.1],[-20,33.2],[-19.6,33.4],[-19.3,33.8],[-18.9,34.1],[-18.3,34.3],[-17.2,34.5],[-15.3,34.7],[-12.8,35.4],[-10.5,36.1],[-8.3,36.7],[-7.1,37.2],[-6,37.7]]},"properties":{"id":"hur-al242005","event_type":"hurricane","name":"VINCE","year":2005,"max_wind_kt":65,"min_pressure_mb":988,"category":1,"preliminary":false,"start_date":"20051008","end_date":"20051011","track":[{"date":"20051008","time":"0600","status":"SS","lat":32.9,"lon":-20.6,"wind_kt":40,"pressure_mb":1001},{"date":"20051008","time":"1200","status":"SS","lat":33,"lon":-20.3,"wind_kt":45,"pressure_mb":1000},{"date":"20051008","time":"1800","status":"SS","lat":33.1,"lon":-20.1,"wind_kt":45,"pressure_mb":1000},{"date":"20051009","time":"0000","status":"SS","lat":33.2,"lon":-20,"wind_kt":45,"pressure_mb":999},{"date":"20051009","time":"0600","status":"SS","lat":33.4,"lon":-19.6,"wind_kt":50,"pressure_mb":998},{"date":"20051009","time":"1200","status":"TS","lat":33.8,"lon":-19.3,"wind_kt":55,"pressure_mb":995},{"date":"20051009","time":"1800","status":"HU","lat":34.1,"lon":-18.9,"wind_kt":65,"pressure_mb":988},{"date":"20051010","time":"0000","status":"TS","lat":34.3,"lon":-18.3,"wind_kt":60,"pressure_mb":990},{"date":"20051010","time":"0600","status":"TS","lat":34.5,"lon":-17.2,"wind_kt":50,"pressure_mb":992},{"date":"20051010","time":"1200","status":"TS","lat":34.7,"lon":-15.3,"wind_kt":45,"pressure_mb":995},{"date":"20051010","time":"1800","status":"TS","lat":35.4,"lon":-12.8,"wind_kt":35,"pressure_mb":998},{"date":"20051011","time":"0000","status":"TD","lat":36.1,"lon":-10.5,"wind_kt":30,"pressure_mb":1000},{"date":"20051011","time":"0600","status":"TD","lat":36.7,"lon":-8.3,"wind_kt":30,"pressure_mb":1002},{"date":"20051011","time":"0900","status":"TD","lat":37.2,"lon":-7.1,"wind_kt":30,"pressure_mb":1002},{"date":"20051011","time":"1200","status":"TD","lat":37.7,"lon":-6,"wind_kt":30,"pressure_mb":1003}]}},{"type":"Feature","geometry":{"type":"LineString","coordinates":[[-78.5,17.6],[-78.8,17.6],[-79,17.5],[-79.2,17.5],[-79.4,17.5],[-79.6,17.4],[-79.6,16.9],[-79.7,16.3],[-79.8,16],[-79.9,15.8],[-79.9,15.7],[-80.3,16.2],[-81.1,16.6],[-81.8,16.6],[-82.2,17],[-82.8,17.3],[-83.4,17.4],[-84,17.9],[-84.7,18.1],[-85.2,18.3],[-85.5,18.6],[-85.8,19.1],[-86.1,19.5],[-86.4,20.1],[-86.7,20.3],[-86.8,20.6],[-86.8,20.6],[-86.9,20.8],[-87,20.8],[-87.1,21],[-87.1,21.3],[-87,21.6],[-86.8,21.8],[-86.1,22.4],[-85.4,23.1],[-84.3,24],[-83.1,25],[-81.7,25.9],[-81,26.2],[-78.8,28],[-76,30.1],[-72,33.3],[-67.9,36.8],[-63.5,40.5],[-60,42.5],[-57.5,44],[-55,45],[-52,45.5]]},"properties":{"id":"hur-al252005","event_type":"hurricane","name":"WILMA","year":2005,"max_wind_kt":160,"min_pressure_mb":882,"category":5,"preliminary":false,"start_date":"20051015","end_date":"20051026","track":[{"date":"20051015","time":"1800","status":"TD","lat":17.6,"lon":-78.5,"wind_kt":25,"pressure_mb":1004},{"date":"20051016","time":"0000","status":"TD","lat":17.6,"lon":-78.8,"wind_kt":25,"pressure_mb":1004},{"date":"20051016","time":"0600","status":"TD","lat":17.5,"lon":-79,"wind_kt":30,"pressure_mb":1003},{"date":"20051016","time":"1200","status":"TD","lat":17.5,"lon":-79.2,"wind_kt":30,"pressure_mb":1003},{"date":"20051016","time":"1800","status":"TD","lat":17.5,"lon":-79.4,"wind_kt":30,"pressure_mb":1002},{"date":"20051017","time":"0000","status":"TD","lat":17.4,"lon":-79.6,"wind_kt":30,"pressure_mb":1001},{"date":"20051017","time":"0600","status":"TS","lat":16.9,"lon":-79.6,"wind_kt":35,"pressure_mb":1000},{"date":"20051017","time":"1200","status":"TS","lat":16.3,"lon":-79.7,"wind_kt":40,"pressure_mb":999},{"date":"20051017","time":"1800","status":"TS","lat":16,"lon":-79.8,"wind_kt":45,"pressure_mb":997},{"date":"20051018","time":"0000","status":"TS","lat":15.8,"lon":-79.9,"wind_kt":55,"pressure_mb":988},{"date":"20051018","time":"0600","status":"TS","lat":15.7,"lon":-79.9,"wind_kt":60,"pressure_mb":982},{"date":"20051018","time":"1200","status":"HU","lat":16.2,"lon":-80.3,"wind_kt":65,"pressure_mb":979},{"date":"20051018","time":"1800","status":"HU","lat":16.6,"lon":-81.1,"wind_kt":75,"pressure_mb":975},{"date":"20051019","time":"0000","status":"HU","lat":16.6,"lon":-81.8,"wind_kt":130,"pressure_mb":946},{"date":"20051019","time":"0600","status":"HU","lat":17,"lon":-82.2,"wind_kt":150,"pressure_mb":892},{"date":"20051019","time":"1200","status":"HU","lat":17.3,"lon":-82.8,"wind_kt":160,"pressure_mb":882},{"date":"20051019","time":"1800","status":"HU","lat":17.4,"lon":-83.4,"wind_kt":140,"pressure_mb":892},{"date":"20051020","time":"0000","status":"HU","lat":17.9,"lon":-84,"wind_kt":135,"pressure_mb":892},{"date":"20051020","time":"0600","status":"HU","lat":18.1,"lon":-84.7,"wind_kt":130,"pressure_mb":901},{"date":"20051020","time":"1200","status":"HU","lat":18.3,"lon":-85.2,"wind_kt":130,"pressure_mb":910},{"date":"20051020","time":"1800","status":"HU","lat":18.6,"lon":-85.5,"wind_kt":130,"pressure_mb":917},{"date":"20051021","time":"0000","status":"HU","lat":19.1,"lon":-85.8,"wind_kt":130,"pressure_mb":924},{"date":"20051021","time":"0600","status":"HU","lat":19.5,"lon":-86.1,"wind_kt":130,"pressure_mb":930},{"date":"20051021","time":"1200","status":"HU","lat":20.1,"lon":-86.4,"wind_kt":125,"pressure_mb":929},{"date":"20051021","time":"1800","status":"HU","lat":20.3,"lon":-86.7,"wind_kt":120,"pressure_mb":926},{"date":"20051021","time":"2145","status":"HU","lat":20.6,"lon":-86.8,"wind_kt":130,"pressure_mb":927},{"date":"20051022","time":"0000","status":"HU","lat":20.6,"lon":-86.8,"wind_kt":120,"pressure_mb":930},{"date":"20051022","time":"0330","status":"HU","lat":20.8,"lon":-86.9,"wind_kt":115,"pressure_mb":933},{"date":"20051022","time":"0600","status":"HU","lat":20.8,"lon":-87,"wind_kt":110,"pressure_mb":935},{"date":"20051022","time":"1200","status":"HU","lat":21,"lon":-87.1,"wind_kt":100,"pressure_mb":947},{"date":"20051022","time":"1800","status":"HU","lat":21.3,"lon":-87.1,"wind_kt":85,"pressure_mb":958},{"date":"20051023","time":"0000","status":"HU","lat":21.6,"lon":-87,"wind_kt":85,"pressure_mb":960},{"date":"20051023","time":"0600","status":"HU","lat":21.8,"lon":-86.8,"wind_kt":85,"pressure_mb":962},{"date":"20051023","time":"1200","status":"HU","lat":22.4,"lon":-86.1,"wind_kt":85,"pressure_mb":961},{"date":"20051023","time":"1800","status":"HU","lat":23.1,"lon":-85.4,"wind_kt":90,"pressure_mb":963},{"date":"20051024","time":"0000","status":"HU","lat":24,"lon":-84.3,"wind_kt":95,"pressure_mb":958},{"date":"20051024","time":"0600","status":"HU","lat":25,"lon":-83.1,"wind_kt":110,"pressure_mb":953},{"date":"20051024","time":"1030","status":"HU","lat":25.9,"lon":-81.7,"wind_kt":105,"pressure_mb":950},{"date":"20051024","time":"1200","status":"HU","lat":26.2,"lon":-81,"wind_kt":95,"pressure_mb":950},{"date":"20051024","time":"1800","status":"HU","lat":28,"lon":-78.8,"wind_kt":105,"pressure_mb":955},{"date":"20051025","time":"0000","status":"HU","lat":30.1,"lon":-76,"wind_kt":110,"pressure_mb":955},{"date":"20051025","time":"0600","status":"HU","lat":33.3,"lon":-72,"wind_kt":100,"pressure_mb":963},{"date":"20051025","time":"1200","status":"HU","lat":36.8,"lon":-67.9,"wind_kt":90,"pressure_mb":970},{"date":"20051025","time":"1800","status":"HU","lat":40.5,"lon":-63.5,"wind_kt":75,"pressure_mb":976},{"date":"20051026","time":"0000","status":"EX","lat":42.5,"lon":-60,"wind_kt":60,"pressure_mb":978},{"date":"20051026","time":"0600","status":"EX","lat":44,"lon":-57.5,"wind_kt":55,"pressure_mb":982},{"date":"20051026","time":"1200","status":"EX","lat":45,"lon":-55,"wind_kt":50,"pressure_mb":986},{"date":"20051026","time":"1800","status":"EX","lat":45.5,"lon":-52,"wind_kt":40,"pressure_mb":990}]}},{"type":"Feature","geometry":{"type":"LineString","coordinates":[[-67.5,15.8],[-68.5,16.5],[-69.6,17.3],[-70.5,17.8],[-71.3,18.3],[-72.2,18.6],[-72.7,19.8],[-72.9,21.6],[-73,23.5],[-72.4,25.1],[-70.8,27.9]]},"properties":{"id":"hur-al262005","event_type":"hurricane","name":"ALPHA","year":2005,"max_wind_kt":45,"min_pressure_mb":998,"category":0,"preliminary":false,"start_date":"20051022","end_date":"20051024","track":[{"date":"20051022","time":"1200","status":"TD","lat":15.8,"lon":-67.5,"wind_kt":30,"pressure_mb":1007},{"date":"20051022","time":"1800","status":"TS","lat":16.5,"lon":-68.5,"wind_kt":35,"pressure_mb":1005},{"date":"20051023","time":"0000","status":"TS","lat":17.3,"lon":-69.6,"wind_kt":45,"pressure_mb":1000},{"date":"20051023","time":"0600","status":"TS","lat":17.8,"lon":-70.5,"wind_kt":45,"pressure_mb":998},{"date":"20051023","time":"1000","status":"TS","lat":18.3,"lon":-71.3,"wind_kt":45,"pressure_mb":1000},{"date":"20051023","time":"1200","status":"TS","lat":18.6,"lon":-72.2,"wind_kt":35,"pressure_mb":1002},{"date":"20051023","time":"1800","status":"TD","lat":19.8,"lon":-72.7,"wind_kt":30,"pressure_mb":1004},{"date":"20051024","time":"0000","status":"TD","lat":21.6,"lon":-72.9,"wind_kt":30,"pressure_mb":1004},{"date":"20051024","time":"0600","status":"TD","lat":23.5,"lon":-73,"wind_kt":30,"pressure_mb":1004},{"date":"20051024","time":"1200","status":"TD","lat":25.1,"lon":-72.4,"wind_kt":30,"pressure_mb":1004},{"date":"20051024","time":"1800","status":"TD","lat":27.9,"lon":-70.8,"wind_kt":30,"pressure_mb":1004}]}},{"type":"Feature","geometry":{"type":"LineString","coordinates":[[-80.9,10.4],[-81.1,10.7],[-81.3,11],[-81.3,11.3],[-81.3,11.6],[-81.2,11.9],[-81.1,12.3],[-81,12.8],[-81.1,13.2],[-81.2,13.4],[-81.4,13.6],[-81.6,13.7],[-82.1,13.7],[-82.6,13.6],[-83.1,13.3],[-83.5,12.9],[-84.1,12.7],[-84.9,12.7]]},"properties":{"id":"hur-al272005","event_type":"hurricane","name":"BETA","year":2005,"max_wind_kt":100,"min_pressure_mb":962,"category":3,"preliminary":false,"start_date":"20051026","end_date":"20051031","track":[{"date":"20051026","time":"1800","status":"TD","lat":10.4,"lon":-80.9,"wind_kt":30,"pressure_mb":1007},{"date":"20051027","time":"0000","status":"TD","lat":10.7,"lon":-81.1,"wind_kt":30,"pressure_mb":1007},{"date":"20051027","time":"0600","status":"TS","lat":11,"lon":-81.3,"wind_kt":35,"pressure_mb":1005},{"date":"20051027","time":"1200","status":"TS","lat":11.3,"lon":-81.3,"wind_kt":45,"pressure_mb":1000},{"date":"20051027","time":"1800","status":"TS","lat":11.6,"lon":-81.3,"wind_kt":50,"pressure_mb":997},{"date":"20051028","time":"0000","status":"TS","lat":11.9,"lon":-81.2,"wind_kt":50,"pressure_mb":995},{"date":"20051028","time":"0600","status":"TS","lat":12.3,"lon":-81.1,"wind_kt":50,"pressure_mb":994},{"date":"20051028","time":"1200","status":"TS","lat":12.8,"lon":-81,"wind_kt":50,"pressure_mb":993},{"date":"20051028","time":"1800","status":"TS","lat":13.2,"lon":-81.1,"wind_kt":50,"pressure_mb":991},{"date":"20051029","time":"0000","status":"TS","lat":13.4,"lon":-81.2,"wind_kt":60,"pressure_mb":988},{"date":"20051029","time":"0600","status":"HU","lat":13.6,"lon":-81.4,"wind_kt":70,"pressure_mb":985},{"date":"20051029","time":"1200","status":"HU","lat":13.7,"lon":-81.6,"wind_kt":75,"pressure_mb":982},{"date":"20051029","time":"1800","status":"HU","lat":13.7,"lon":-82.1,"wind_kt":75,"pressure_mb":980},{"date":"20051030","time":"0000","status":"HU","lat":13.6,"lon":-82.6,"wind_kt":90,"pressure_mb":970},{"date":"20051030","time":"0600","status":"HU","lat":13.3,"lon":-83.1,"wind_kt":100,"pressure_mb":962},{"date":"20051030","time":"1200","status":"HU","lat":12.9,"lon":-83.5,"wind_kt":90,"pressure_mb":970},{"date":"20051030","time":"1800","status":"TS","lat":12.7,"lon":-84.1,"wind_kt":55,"pressure_mb":990},{"date":"20051031","time":"0000","status":"TD","lat":12.7,"lon":-84.9,"wind_kt":20,"pressure_mb":1000}]}},{"type":"Feature","geometry":{"type":"LineString","coordinates":[[-62.1,13.2],[-62.8,13.6],[-63.4,13.8],[-64.2,14.1],[-65,14.2],[-66,14.3],[-67.1,14.4],[-68.4,14.7],[-69.9,14.8],[-71.5,14.8],[-73.1,14.7],[-75.4,14.8],[-77.6,15],[-79.7,15.3],[-81.7,15.6],[-83.1,15.8],[-84.1,15.8],[-84.8,15.7],[-85.5,15.5],[-85.6,15.7],[-85.6,16],[-85.6,16.1],[-85.4,16.1],[-85.2,16.2],[-85,16.4],[-85,16.6],[-85.2,16.7],[-85.5,16.9],[-85.5,17.1],[-85.2,17],[-84.8,16.7],[-84.3,16.4],[-83.5,15.4]]},"properties":{"id":"hur-al282005","event_type":"hurricane","name":"GAMMA","year":2005,"max_wind_kt":45,"min_pressure_mb":1002,"category":0,"preliminary":false,"start_date":"20051114","end_date":"20051122","track":[{"date":"20051114","time":"0000","status":"TD","lat":13.2,"lon":-62.1,"wind_kt":30,"pressure_mb":1007},{"date":"20051114","time":"0600","status":"TD","lat":13.6,"lon":-62.8,"wind_kt":30,"pressure_mb":1006},{"date":"20051114","time":"1200","status":"TD","lat":13.8,"lon":-63.4,"wind_kt":30,"pressure_mb":1006},{"date":"20051114","time":"1800","status":"TD","lat":14.1,"lon":-64.2,"wind_kt":30,"pressure_mb":1005},{"date":"20051115","time":"0000","status":"TD","lat":14.2,"lon":-65,"wind_kt":30,"pressure_mb":1004},{"date":"20051115","time":"0600","status":"TS","lat":14.3,"lon":-66,"wind_kt":35,"pressure_mb":1004},{"date":"20051115","time":"1200","status":"TS","lat":14.4,"lon":-67.1,"wind_kt":35,"pressure_mb":1004},{"date":"20051115","time":"1800","status":"TD","lat":14.7,"lon":-68.4,"wind_kt":30,"pressure_mb":1005},{"date":"20051116","time":"0000","status":"TD","lat":14.8,"lon":-69.9,"wind_kt":30,"pressure_mb":1006},{"date":"20051116","time":"0600","status":"TD","lat":14.8,"lon":-71.5,"wind_kt":30,"pressure_mb":1006},{"date":"20051116","time":"1200","status":"TD","lat":14.7,"lon":-73.1,"wind_kt":25,"pressure_mb":1006},{"date":"20051116","time":"1800","status":"WV","lat":14.8,"lon":-75.4,"wind_kt":25,"pressure_mb":1006},{"date":"20051117","time":"0000","status":"WV","lat":15,"lon":-77.6,"wind_kt":25,"pressure_mb":1007},{"date":"20051117","time":"0600","status":"WV","lat":15.3,"lon":-79.7,"wind_kt":25,"pressure_mb":1008},{"date":"20051117","time":"1200","status":"WV","lat":15.6,"lon":-81.7,"wind_kt":30,"pressure_mb":1007},{"date":"20051117","time":"1800","status":"WV","lat":15.8,"lon":-83.1,"wind_kt":30,"pressure_mb":1007},{"date":"20051118","time":"0000","status":"WV","lat":15.8,"lon":-84.1,"wind_kt":30,"pressure_mb":1007},{"date":"20051118","time":"0600","status":"WV","lat":15.7,"lon":-84.8,"wind_kt":30,"pressure_mb":1006},{"date":"20051118","time":"1200","status":"WV","lat":15.5,"lon":-85.5,"wind_kt":30,"pressure_mb":1006},{"date":"20051118","time":"1800","status":"TS","lat":15.7,"lon":-85.6,"wind_kt":35,"pressure_mb":1006},{"date":"20051119","time":"0000","status":"TS","lat":16,"lon":-85.6,"wind_kt":40,"pressure_mb":1005},{"date":"20051119","time":"0600","status":"TS","lat":16.1,"lon":-85.6,"wind_kt":40,"pressure_mb":1004},{"date":"20051119","time":"1200","status":"TS","lat":16.1,"lon":-85.4,"wind_kt":45,"pressure_mb":1002},{"date":"20051119","time":"1800","status":"TS","lat":16.2,"lon":-85.2,"wind_kt":40,"pressure_mb":1004},{"date":"20051120","time":"0000","status":"TS","lat":16.4,"lon":-85,"wind_kt":40,"pressure_mb":1005},{"date":"20051120","time":"0600","status":"TS","lat":16.6,"lon":-85,"wind_kt":35,"pressure_mb":1006},{"date":"20051120","time":"1200","status":"TD","lat":16.7,"lon":-85.2,"wind_kt":30,"pressure_mb":1007},{"date":"20051120","time":"1800","status":"TD","lat":16.9,"lon":-85.5,"wind_kt":30,"pressure_mb":1007},{"date":"20051121","time":"0000","status":"TD","lat":17.1,"lon":-85.5,"wind_kt":25,"pressure_mb":1008},{"date":"20051121","time":"0600","status":"LO","lat":17,"lon":-85.2,"wind_kt":25,"pressure_mb":1008},{"date":"20051121","time":"1200","status":"LO","lat":16.7,"lon":-84.8,"wind_kt":25,"pressure_mb":1008},{"date":"20051121","time":"1800","status":"LO","lat":16.4,"lon":-84.3,"wind_kt":25,"pressure_mb":1009},{"date":"20051122","time":"0000","status":"LO","lat":15.4,"lon":-83.5,"wind_kt":25,"pressure_mb":1009}]}},{"type":"Feature","geometry":{"type":"LineString","coordinates":[[-48,27],[-47.5,26.7],[-46.7,26.7],[-45.9,27.2],[-44.8,27.7],[-43.5,28],[-42.2,28.3],[-41.1,29],[-40.1,29.9],[-39.6,30.9],[-40.1,31.5],[-39.9,31.4],[-39.8,31.2],[-40.5,30.7],[-40.9,29.9],[-41.3,28.8],[-41.2,27.4],[-40.8,26.4],[-40.2,25.5],[-39.6,25],[-39,24.8],[-38.9,24.6],[-39,24.1],[-39.3,23.8],[-39.6,23.3],[-39.8,22.8],[-39.8,22.3],[-39.4,21.8],[-38.4,22],[-37.3,22.6],[-35.8,23.5],[-34,24.8],[-31.9,26.7],[-29.9,28.3],[-27.5,29.1],[-24.8,29.9],[-21.6,30.2],[-18.2,30.2],[-14.6,30.2],[-10.9,30.7],[-6.6,32.6],[-1,35.3]]},"properties":{"id":"hur-al292005","event_type":"hurricane","name":"DELTA","year":2005,"max_wind_kt":60,"min_pressure_mb":980,"category":0,"preliminary":false,"start_date":"20051119","end_date":"20051129","track":[{"date":"20051119","time":"1200","status":"EX","lat":27,"lon":-48,"wind_kt":25,"pressure_mb":1010},{"date":"20051119","time":"1800","status":"EX","lat":26.7,"lon":-47.5,"wind_kt":25,"pressure_mb":1009},{"date":"20051120","time":"0000","status":"EX","lat":26.7,"lon":-46.7,"wind_kt":25,"pressure_mb":1008},{"date":"20051120","time":"0600","status":"EX","lat":27.2,"lon":-45.9,"wind_kt":25,"pressure_mb":1008},{"date":"20051120","time":"1200","status":"EX","lat":27.7,"lon":-44.8,"wind_kt":30,"pressure_mb":1007},{"date":"20051120","time":"1800","status":"EX","lat":28,"lon":-43.5,"wind_kt":35,"pressure_mb":1003},{"date":"20051121","time":"0000","status":"EX","lat":28.3,"lon":-42.2,"wind_kt":35,"pressure_mb":1000},{"date":"20051121","time":"0600","status":"EX","lat":29,"lon":-41.1,"wind_kt":35,"pressure_mb":998},{"date":"20051121","time":"1200","status":"EX","lat":29.9,"lon":-40.1,"wind_kt":35,"pressure_mb":996},{"date":"20051121","time":"1800","status":"EX","lat":30.9,"lon":-39.6,"wind_kt":40,"pressure_mb":994},{"date":"20051122","time":"0000","status":"EX","lat":31.5,"lon":-40.1,"wind_kt":40,"pressure_mb":992},{"date":"20051122","time":"0600","status":"EX","lat":31.4,"lon":-39.9,"wind_kt":45,"pressure_mb":990},{"date":"20051122","time":"1200","status":"EX","lat":31.2,"lon":-39.8,"wind_kt":45,"pressure_mb":988},{"date":"20051122","time":"1800","status":"SS","lat":30.7,"lon":-40.5,"wind_kt":45,"pressure_mb":986},{"date":"20051123","time":"0000","status":"SS","lat":29.9,"lon":-40.9,"wind_kt":45,"pressure_mb":984},{"date":"20051123","time":"0600","status":"SS","lat":28.8,"lon":-41.3,"wind_kt":45,"pressure_mb":983},{"date":"20051123","time":"1200","status":"TS","lat":27.4,"lon":-41.2,"wind_kt":50,"pressure_mb":983},{"date":"20051123","time":"1800","status":"TS","lat":26.4,"lon":-40.8,"wind_kt":50,"pressure_mb":983},{"date":"20051124","time":"0000","status":"TS","lat":25.5,"lon":-40.2,"wind_kt":55,"pressure_mb":982},{"date":"20051124","time":"0600","status":"TS","lat":25,"lon":-39.6,"wind_kt":55,"pressure_mb":981},{"date":"20051124","time":"1200","status":"TS","lat":24.8,"lon":-39,"wind_kt":60,"pressure_mb":980},{"date":"20051124","time":"1800","status":"TS","lat":24.6,"lon":-38.9,"wind_kt":60,"pressure_mb":980},{"date":"20051125","time":"0000","status":"TS","lat":24.1,"lon":-39,"wind_kt":60,"pressure_mb":980},{"date":"20051125","time":"0600","status":"TS","lat":23.8,"lon":-39.3,"wind_kt":55,"pressure_mb":982},{"date":"20051125","time":"1200","status":"TS","lat":23.3,"lon":-39.6,"wind_kt":55,"pressure_mb":982},{"date":"20051125","time":"1800","status":"TS","lat":22.8,"lon":-39.8,"wind_kt":50,"pressure_mb":985},{"date":"20051126","time":"0000","status":"TS","lat":22.3,"lon":-39.8,"wind_kt":45,"pressure_mb":989},{"date":"20051126","time":"0600","status":"TS","lat":21.8,"lon":-39.4,"wind_kt":40,"pressure_mb":993},{"date":"20051126","time":"1200","status":"TS","lat":22,"lon":-38.4,"wind_kt":35,"pressure_mb":997},{"date":"20051126","time":"1800","status":"TS","lat":22.6,"lon":-37.3,"wind_kt":35,"pressure_mb":997},{"date":"20051127","time":"0000","status":"TS","lat":23.5,"lon":-35.8,"wind_kt":35,"pressure_mb":998},{"date":"20051127","time":"0600","status":"TS","lat":24.8,"lon":-34,"wind_kt":45,"pressure_mb":993},{"date":"20051127","time":"1200","status":"TS","lat":26.7,"lon":-31.9,"wind_kt":60,"pressure_mb":982},{"date":"20051127","time":"1800","status":"TS","lat":28.3,"lon":-29.9,"wind_kt":60,"pressure_mb":982},{"date":"20051128","time":"0000","status":"TS","lat":29.1,"lon":-27.5,"wind_kt":60,"pressure_mb":983},{"date":"20051128","time":"0600","status":"TS","lat":29.9,"lon":-24.8,"wind_kt":60,"pressure_mb":984},{"date":"20051128","time":"1200","status":"EX","lat":30.2,"lon":-21.6,"wind_kt":60,"pressure_mb":985},{"date":"20051128","time":"1800","status":"EX","lat":30.2,"lon":-18.2,"wind_kt":60,"pressure_mb":986},{"date":"20051129","time":"0000","status":"EX","lat":30.2,"lon":-14.6,"wind_kt":55,"pressure_mb":988},{"date":"20051129","time":"0600","status":"EX","lat":30.7,"lon":-10.9,"wind_kt":50,"pressure_mb":992},{"date":"20051129","time":"1200","status":"EX","lat":32.6,"lon":-6.6,"wind_kt":35,"pressure_mb":1000},{"date":"20051129","time":"1800","status":"EX","lat":35.3,"lon":-1,"wind_kt":30,"pressure_mb":1003}]}},{"type":"Feature","geometry":{"type":"LineString","coordinates":[[-49.2,31.5],[-50,31.6],[-50.8,31.4],[-51.5,31.4],[-52.5,31.1],[-53.5,30.8],[-54.2,30.1],[-53.8,29.7],[-52.7,30],[-51.9,30.8],[-51.3,31.4],[-50.6,31.9],[-49.8,32.5],[-48.9,33.2],[-47.9,33.9],[-47.1,34.3],[-46.2,34.5],[-45,34.5],[-43.7,34.5],[-42.3,34.3],[-41.1,34.4],[-39.8,34.3],[-38.8,34.3],[-37.8,34.2],[-36.7,34],[-35.5,33.8],[-34.6,33.7],[-33.8,33.4],[-33.7,33.1],[-33.7,32.3],[-34.2,31.6],[-34.9,30.8],[-36,30.1],[-37.1,29.4],[-38.1,28.7],[-38.8,28.2],[-39.3,27.4],[-40,26.5],[-40.5,25.9],[-40.6,25.5],[-40.4,25.1],[-40.1,24.7],[-39.2,24.7]]},"properties":{"id":"hur-al302005","event_type":"hurricane","name":"EPSILON","year":2005,"max_wind_kt":75,"min_pressure_mb":981,"category":1,"preliminary":false,"start_date":"20051129","end_date":"20051209","track":[{"date":"20051129","time":"0600","status":"TS","lat":31.5,"lon":-49.2,"wind_kt":45,"pressure_mb":993},{"date":"20051129","time":"1200","status":"TS","lat":31.6,"lon":-50,"wind_kt":45,"pressure_mb":993},{"date":"20051129","time":"1800","status":"TS","lat":31.4,"lon":-50.8,"wind_kt":45,"pressure_mb":993},{"date":"20051130","time":"0000","status":"TS","lat":31.4,"lon":-51.5,"wind_kt":45,"pressure_mb":993},{"date":"20051130","time":"0600","status":"TS","lat":31.1,"lon":-52.5,"wind_kt":50,"pressure_mb":992},{"date":"20051130","time":"1200","status":"TS","lat":30.8,"lon":-53.5,"wind_kt":55,"pressure_mb":991},{"date":"20051130","time":"1800","status":"TS","lat":30.1,"lon":-54.2,"wind_kt":50,"pressure_mb":991},{"date":"20051201","time":"0000","status":"TS","lat":29.7,"lon":-53.8,"wind_kt":50,"pressure_mb":992},{"date":"20051201","time":"0600","status":"TS","lat":30,"lon":-52.7,"wind_kt":50,"pressure_mb":992},{"date":"20051201","time":"1200","status":"TS","lat":30.8,"lon":-51.9,"wind_kt":50,"pressure_mb":992},{"date":"20051201","time":"1800","status":"TS","lat":31.4,"lon":-51.3,"wind_kt":55,"pressure_mb":991},{"date":"20051202","time":"0000","status":"TS","lat":31.9,"lon":-50.6,"wind_kt":55,"pressure_mb":991},{"date":"20051202","time":"0600","status":"TS","lat":32.5,"lon":-49.8,"wind_kt":55,"pressure_mb":990},{"date":"20051202","time":"1200","status":"TS","lat":33.2,"lon":-48.9,"wind_kt":60,"pressure_mb":989},{"date":"20051202","time":"1800","status":"HU","lat":33.9,"lon":-47.9,"wind_kt":65,"pressure_mb":987},{"date":"20051203","time":"0000","status":"HU","lat":34.3,"lon":-47.1,"wind_kt":65,"pressure_mb":987},{"date":"20051203","time":"0600","status":"HU","lat":34.5,"lon":-46.2,"wind_kt":65,"pressure_mb":987},{"date":"20051203","time":"1200","status":"HU","lat":34.5,"lon":-45,"wind_kt":65,"pressure_mb":987},{"date":"20051203","time":"1800","status":"HU","lat":34.5,"lon":-43.7,"wind_kt":65,"pressure_mb":987},{"date":"20051204","time":"0000","status":"HU","lat":34.3,"lon":-42.3,"wind_kt":65,"pressure_mb":987},{"date":"20051204","time":"0600","status":"HU","lat":34.4,"lon":-41.1,"wind_kt":65,"pressure_mb":987},{"date":"20051204","time":"1200","status":"HU","lat":34.3,"lon":-39.8,"wind_kt":70,"pressure_mb":984},{"date":"20051204","time":"1800","status":"HU","lat":34.3,"lon":-38.8,"wind_kt":70,"pressure_mb":985},{"date":"20051205","time":"0000","status":"HU","lat":34.2,"lon":-37.8,"wind_kt":70,"pressure_mb":985},{"date":"20051205","time":"0600","status":"HU","lat":34,"lon":-36.7,"wind_kt":75,"pressure_mb":981},{"date":"20051205","time":"1200","status":"HU","lat":33.8,"lon":-35.5,"wind_kt":75,"pressure_mb":981},{"date":"20051205","time":"1800","status":"HU","lat":33.7,"lon":-34.6,"wind_kt":70,"pressure_mb":985},{"date":"20051206","time":"0000","status":"HU","lat":33.4,"lon":-33.8,"wind_kt":65,"pressure_mb":986},{"date":"20051206","time":"0600","status":"HU","lat":33.1,"lon":-33.7,"wind_kt":65,"pressure_mb":986},{"date":"20051206","time":"1200","status":"HU","lat":32.3,"lon":-33.7,"wind_kt":65,"pressure_mb":987},{"date":"20051206","time":"1800","status":"HU","lat":31.6,"lon":-34.2,"wind_kt":65,"pressure_mb":987},{"date":"20051207","time":"0000","status":"HU","lat":30.8,"lon":-34.9,"wind_kt":65,"pressure_mb":987},{"date":"20051207","time":"0600","status":"HU","lat":30.1,"lon":-36,"wind_kt":65,"pressure_mb":987},{"date":"20051207","time":"1200","status":"HU","lat":29.4,"lon":-37.1,"wind_kt":65,"pressure_mb":987},{"date":"20051207","time":"1800","status":"TS","lat":28.7,"lon":-38.1,"wind_kt":60,"pressure_mb":991},{"date":"20051208","time":"0000","status":"TS","lat":28.2,"lon":-38.8,"wind_kt":50,"pressure_mb":997},{"date":"20051208","time":"0600","status":"TS","lat":27.4,"lon":-39.3,"wind_kt":35,"pressure_mb":1003},{"date":"20051208","time":"1200","status":"TD","lat":26.5,"lon":-40,"wind_kt":30,"pressure_mb":1005},{"date":"20051208","time":"1800","status":"LO","lat":25.9,"lon":-40.5,"wind_kt":30,"pressure_mb":1006},{"date":"20051209","time":"0000","status":"LO","lat":25.5,"lon":-40.6,"wind_kt":30,"pressure_mb":1007},{"date":"20051209","time":"0600","status":"LO","lat":25.1,"lon":-40.4,"wind_kt":25,"pressure_mb":1008},{"date":"20051209","time":"1200","status":"LO","lat":24.7,"lon":-40.1,"wind_kt":25,"pressure_mb":1009},{"date":"20051209","time":"1800","status":"LO","lat":24.7,"lon":-39.2,"wind_kt":25,"pressure_mb":1009}]}},{"type":"Feature","geometry":{"type":"LineString","coordinates":[[-35.6,23.9],[-36.1,24.2],[-36.6,24.7],[-37,25.2],[-37.3,25.6],[-37.6,25.7],[-37.9,25.7],[-38.1,25.7],[-38.3,25.6],[-38.4,25.4],[-38.5,25.2],[-38.6,25],[-38.9,24.6],[-39.7,24.3],[-40.4,23.8],[-40.8,23.6],[-41,23.4],[-41.3,23.3],[-41.6,23.2],[-42.1,23],[-42.4,22.6],[-42.9,22.1],[-43.6,21.9],[-44.6,21.7],[-45.6,21.7],[-46.6,21.9],[-47.3,22.2],[-47.9,22.7],[-48.4,23],[-49,23.1],[-49.6,23.1],[-50.2,23.3],[-51.4,23.7],[-52.7,24.2],[-54.2,24.8],[-55.7,26.3]]},"properties":{"id":"hur-al312005","event_type":"hurricane","name":"ZETA","year":2005,"max_wind_kt":55,"min_pressure_mb":994,"category":0,"preliminary":false,"start_date":"20051230","end_date":"20060107","track":[{"date":"20051230","time":"0000","status":"TD","lat":23.9,"lon":-35.6,"wind_kt":30,"pressure_mb":1009},{"date":"20051230","time":"0600","status":"TS","lat":24.2,"lon":-36.1,"wind_kt":40,"pressure_mb":1005},{"date":"20051230","time":"1200","status":"TS","lat":24.7,"lon":-36.6,"wind_kt":45,"pressure_mb":1002},{"date":"20051230","time":"1800","status":"TS","lat":25.2,"lon":-37,"wind_kt":45,"pressure_mb":1000},{"date":"20051231","time":"0000","status":"TS","lat":25.6,"lon":-37.3,"wind_kt":45,"pressure_mb":1000},{"date":"20051231","time":"0600","status":"TS","lat":25.7,"lon":-37.6,"wind_kt":50,"pressure_mb":997},{"date":"20051231","time":"1200","status":"TS","lat":25.7,"lon":-37.9,"wind_kt":50,"pressure_mb":997},{"date":"20051231","time":"1800","status":"TS","lat":25.7,"lon":-38.1,"wind_kt":45,"pressure_mb":1000},{"date":"20060101","time":"0000","status":"TS","lat":25.6,"lon":-38.3,"wind_kt":50,"pressure_mb":997},{"date":"20060101","time":"0600","status":"TS","lat":25.4,"lon":-38.4,"wind_kt":50,"pressure_mb":997},{"date":"20060101","time":"1200","status":"TS","lat":25.2,"lon":-38.5,"wind_kt":50,"pressure_mb":997},{"date":"20060101","time":"1800","status":"TS","lat":25,"lon":-38.6,"wind_kt":55,"pressure_mb":994},{"date":"20060102","time":"0000","status":"TS","lat":24.6,"lon":-38.9,"wind_kt":55,"pressure_mb":994},{"date":"20060102","time":"0600","status":"TS","lat":24.3,"lon":-39.7,"wind_kt":50,"pressure_mb":997},{"date":"20060102","time":"1200","status":"TS","lat":23.8,"lon":-40.4,"wind_kt":45,"pressure_mb":1000},{"date":"20060102","time":"1800","status":"TS","lat":23.6,"lon":-40.8,"wind_kt":50,"pressure_mb":997},{"date":"20060103","time":"0000","status":"TS","lat":23.4,"lon":-41,"wind_kt":55,"pressure_mb":994},{"date":"20060103","time":"0600","status":"TS","lat":23.3,"lon":-41.3,"wind_kt":55,"pressure_mb":994},{"date":"20060103","time":"1200","status":"TS","lat":23.2,"lon":-41.6,"wind_kt":55,"pressure_mb":994},{"date":"20060103","time":"1800","status":"TS","lat":23,"lon":-42.1,"wind_kt":55,"pressure_mb":994},{"date":"20060104","time":"0000","status":"TS","lat":22.6,"lon":-42.4,"wind_kt":55,"pressure_mb":994},{"date":"20060104","time":"0600","status":"TS","lat":22.1,"lon":-42.9,"wind_kt":50,"pressure_mb":997},{"date":"20060104","time":"1200","status":"TS","lat":21.9,"lon":-43.6,"wind_kt":45,"pressure_mb":1000},{"date":"20060104","time":"1800","status":"TS","lat":21.7,"lon":-44.6,"wind_kt":40,"pressure_mb":1002},{"date":"20060105","time":"0000","status":"TS","lat":21.7,"lon":-45.6,"wind_kt":35,"pressure_mb":1005},{"date":"20060105","time":"0600","status":"TS","lat":21.9,"lon":-46.6,"wind_kt":35,"pressure_mb":1005},{"date":"20060105","time":"1200","status":"TS","lat":22.2,"lon":-47.3,"wind_kt":35,"pressure_mb":1006},{"date":"20060105","time":"1800","status":"TS","lat":22.7,"lon":-47.9,"wind_kt":35,"pressure_mb":1007},{"date":"20060106","time":"0000","status":"TS","lat":23,"lon":-48.4,"wind_kt":35,"pressure_mb":1007},{"date":"20060106","time":"0600","status":"TD","lat":23.1,"lon":-49,"wind_kt":30,"pressure_mb":1007},{"date":"20060106","time":"1200","status":"TD","lat":23.1,"lon":-49.6,"wind_kt":30,"pressure_mb":1008},{"date":"20060106","time":"1800","status":"LO","lat":23.3,"lon":-50.2,"wind_kt":25,"pressure_mb":1009},{"date":"20060107","time":"0000","status":"LO","lat":23.7,"lon":-51.4,"wind_kt":25,"pressure_mb":1009},{"date":"20060107","time":"0600","status":"LO","lat":24.2,"lon":-52.7,"wind_kt":25,"pressure_mb":1012},{"date":"20060107","time":"1200","status":"LO","lat":24.8,"lon":-54.2,"wind_kt":25,"pressure_mb":1014},{"date":"20060107","time":"1800","status":"LO","lat":26.3,"lon":-55.7,"wind_kt":25,"pressure_mb":1016}]}},{"type":"Feature","geometry":{"type":"LineString","coordinates":[[-85,20],[-85.3,21],[-85.7,21.9],[-86.3,22.5],[-87.1,23.1],[-87.8,23.6],[-87.8,24.3],[-87.8,25],[-87.4,25.8],[-86.3,26.8],[-85.4,27.5],[-85,28],[-84.4,28.8],[-84.1,29.5],[-83.7,29.9],[-83.5,30.3],[-82.8,31.3],[-81.9,32.8],[-80.7,34.3],[-77.5,35.5],[-73,37],[-69.9,38.8],[-66.8,40.9],[-64.2,42.6],[-62,44],[-58.5,46],[-55,47.4],[-51.5,49.3],[-45.2,50.8],[-39,51.5],[-34.5,53],[-29,54],[-23,54.5],[-16,54.5],[-12,54.5],[-9,55],[-5.5,56.5],[-3,57]]},"properties":{"id":"hur-al012006","event_type":"hurricane","name":"ALBERTO","year":2006,"max_wind_kt":60,"min_pressure_mb":969,"category":0,"preliminary":false,"start_date":"20060610","end_date":"20060619","track":[{"date":"20060610","time":"0600","status":"TD","lat":20,"lon":-85,"wind_kt":25,"pressure_mb":1004},{"date":"20060610","time":"1200","status":"TD","lat":21,"lon":-85.3,"wind_kt":30,"pressure_mb":1003},{"date":"20060610","time":"1800","status":"TD","lat":21.9,"lon":-85.7,"wind_kt":30,"pressure_mb":1003},{"date":"20060611","time":"0000","status":"TS","lat":22.5,"lon":-86.3,"wind_kt":35,"pressure_mb":1003},{"date":"20060611","time":"0600","status":"TS","lat":23.1,"lon":-87.1,"wind_kt":35,"pressure_mb":1003},{"date":"20060611","time":"1200","status":"TS","lat":23.6,"lon":-87.8,"wind_kt":40,"pressure_mb":1002},{"date":"20060611","time":"1800","status":"TS","lat":24.3,"lon":-87.8,"wind_kt":40,"pressure_mb":1004},{"date":"20060612","time":"0000","status":"TS","lat":25,"lon":-87.8,"wind_kt":40,"pressure_mb":1004},{"date":"20060612","time":"0600","status":"TS","lat":25.8,"lon":-87.4,"wind_kt":45,"pressure_mb":1004},{"date":"20060612","time":"1200","status":"TS","lat":26.8,"lon":-86.3,"wind_kt":60,"pressure_mb":1000},{"date":"20060612","time":"1800","status":"TS","lat":27.5,"lon":-85.4,"wind_kt":60,"pressure_mb":997},{"date":"20060613","time":"0000","status":"TS","lat":28,"lon":-85,"wind_kt":60,"pressure_mb":995},{"date":"20060613","time":"0600","status":"TS","lat":28.8,"lon":-84.4,"wind_kt":55,"pressure_mb":995},{"date":"20060613","time":"1200","status":"TS","lat":29.5,"lon":-84.1,"wind_kt":45,"pressure_mb":996},{"date":"20060613","time":"1630","status":"TS","lat":29.9,"lon":-83.7,"wind_kt":40,"pressure_mb":998},{"date":"20060613","time":"1800","status":"TS","lat":30.3,"lon":-83.5,"wind_kt":35,"pressure_mb":997},{"date":"20060614","time":"0000","status":"TS","lat":31.3,"lon":-82.8,"wind_kt":35,"pressure_mb":1001},{"date":"20060614","time":"0600","status":"TD","lat":32.8,"lon":-81.9,"wind_kt":30,"pressure_mb":1003},{"date":"20060614","time":"1200","status":"EX","lat":34.3,"lon":-80.7,"wind_kt":35,"pressure_mb":1003},{"date":"20060614","time":"1800","status":"EX","lat":35.5,"lon":-77.5,"wind_kt":35,"pressure_mb":1002},{"date":"20060615","time":"0000","status":"EX","lat":37,"lon":-73,"wind_kt":45,"pressure_mb":999},{"date":"20060615","time":"0600","status":"EX","lat":38.8,"lon":-69.9,"wind_kt":45,"pressure_mb":990},{"date":"20060615","time":"1200","status":"EX","lat":40.9,"lon":-66.8,"wind_kt":50,"pressure_mb":979},{"date":"20060615","time":"1800","status":"EX","lat":42.6,"lon":-64.2,"wind_kt":55,"pressure_mb":971},{"date":"20060616","time":"0000","status":"EX","lat":44,"lon":-62,"wind_kt":55,"pressure_mb":969},{"date":"20060616","time":"0600","status":"EX","lat":46,"lon":-58.5,"wind_kt":50,"pressure_mb":972},{"date":"20060616","time":"1200","status":"EX","lat":47.4,"lon":-55,"wind_kt":45,"pressure_mb":985},{"date":"20060616","time":"1800","status":"EX","lat":49.3,"lon":-51.5,"wind_kt":40,"pressure_mb":990},{"date":"20060617","time":"0000","status":"EX","lat":50.8,"lon":-45.2,"wind_kt":40,"pressure_mb":995},{"date":"20060617","time":"0600","status":"EX","lat":51.5,"lon":-39,"wind_kt":40,"pressure_mb":995},{"date":"20060617","time":"1200","status":"EX","lat":53,"lon":-34.5,"wind_kt":40,"pressure_mb":995},{"date":"20060617","time":"1800","status":"EX","lat":54,"lon":-29,"wind_kt":35,"pressure_mb":995},{"date":"20060618","time":"0000","status":"EX","lat":54.5,"lon":-23,"wind_kt":30,"pressure_mb":995},{"date":"20060618","time":"0600","status":"EX","lat":54.5,"lon":-16,"wind_kt":30,"pressure_mb":995},{"date":"20060618","time":"1200","status":"EX","lat":54.5,"lon":-12,"wind_kt":30,"pressure_mb":995},{"date":"20060618","time":"1800","status":"EX","lat":55,"lon":-9,"wind_kt":30,"pressure_mb":997},{"date":"20060619","time":"0000","status":"EX","lat":56.5,"lon":-5.5,"wind_kt":30,"pressure_mb":999},{"date":"20060619","time":"0600","status":"EX","lat":57,"lon":-3,"wind_kt":30,"pressure_mb":999}]}},{"type":"Feature","geometry":{"type":"LineString","coordinates":[[-68.7,37.2],[-68.2,37.7],[-67.6,38.3],[-66.4,39.1],[-65.1,40],[-63.7,41.1],[-62.1,42.4],[-60.1,43.7],[-58,45.5],[-55.8,47.1],[-52.9,48.6],[-49.4,49.2],[-46.1,49.8]]},"properties":{"id":"hur-al022006","event_type":"hurricane","name":null,"year":2006,"max_wind_kt":45,"min_pressure_mb":998,"category":0,"preliminary":false,"start_date":"20060716","end_date":"20060719","track":[{"date":"20060716","time":"1200","status":"EX","lat":37.2,"lon":-68.7,"wind_kt":30,"pressure_mb":1009},{"date":"20060716","time":"1800","status":"EX","lat":37.7,"lon":-68.2,"wind_kt":30,"pressure_mb":1009},{"date":"20060717","time":"0000","status":"EX","lat":38.3,"lon":-67.6,"wind_kt":30,"pressure_mb":1009},{"date":"20060717","time":"0600","status":"TD","lat":39.1,"lon":-66.4,"wind_kt":30,"pressure_mb":1008},{"date":"20060717","time":"1200","status":"TS","lat":40,"lon":-65.1,"wind_kt":40,"pressure_mb":1003},{"date":"20060717","time":"1800","status":"TS","lat":41.1,"lon":-63.7,"wind_kt":45,"pressure_mb":998},{"date":"20060718","time":"0000","status":"TS","lat":42.4,"lon":-62.1,"wind_kt":40,"pressure_mb":999},{"date":"20060718","time":"0600","status":"TS","lat":43.7,"lon":-60.1,"wind_kt":35,"pressure_mb":1004},{"date":"20060718","time":"1200","status":"LO","lat":45.5,"lon":-58,"wind_kt":30,"pressure_mb":1007},{"date":"20060718","time":"1800","status":"LO","lat":47.1,"lon":-55.8,"wind_kt":25,"pressure_mb":1009},{"date":"20060719","time":"0000","status":"LO","lat":48.6,"lon":-52.9,"wind_kt":25,"pressure_mb":1012},{"date":"20060719","time":"0600","status":"LO","lat":49.2,"lon":-49.4,"wind_kt":25,"pressure_mb":1012},{"date":"20060719","time":"1200","status":"LO","lat":49.8,"lon":-46.1,"wind_kt":25,"pressure_mb":1014}]}},{"type":"Feature","geometry":{"type":"LineString","coordinates":[[-73.3,32.3],[-73.3,33],[-73.5,33.8],[-73.7,34.5],[-73.6,35.2],[-73.5,35.9],[-73.2,36.6],[-73.2,37.4],[-73,38.3],[-72.5,39.1],[-71.8,39.8],[-70.5,41],[-70.1,41.3],[-68.4,42.4],[-66.3,43.8],[-63.3,45.5],[-60,47.2],[-56.5,48.5]]},"properties":{"id":"hur-al032006","event_type":"hurricane","name":"BERYL","year":2006,"max_wind_kt":50,"min_pressure_mb":1000,"category":0,"preliminary":false,"start_date":"20060718","end_date":"20060722","track":[{"date":"20060718","time":"1200","status":"TD","lat":32.3,"lon":-73.3,"wind_kt":30,"pressure_mb":1010},{"date":"20060718","time":"1800","status":"TS","lat":33,"lon":-73.3,"wind_kt":35,"pressure_mb":1008},{"date":"20060719","time":"0000","status":"TS","lat":33.8,"lon":-73.5,"wind_kt":35,"pressure_mb":1006},{"date":"20060719","time":"0600","status":"TS","lat":34.5,"lon":-73.7,"wind_kt":35,"pressure_mb":1005},{"date":"20060719","time":"1200","status":"TS","lat":35.2,"lon":-73.6,"wind_kt":40,"pressure_mb":1004},{"date":"20060719","time":"1800","status":"TS","lat":35.9,"lon":-73.5,"wind_kt":50,"pressure_mb":1003},{"date":"20060720","time":"0000","status":"TS","lat":36.6,"lon":-73.2,"wind_kt":50,"pressure_mb":1002},{"date":"20060720","time":"0600","status":"TS","lat":37.4,"lon":-73.2,"wind_kt":50,"pressure_mb":1001},{"date":"20060720","time":"1200","status":"TS","lat":38.3,"lon":-73,"wind_kt":50,"pressure_mb":1002},{"date":"20060720","time":"1800","status":"TS","lat":39.1,"lon":-72.5,"wind_kt":45,"pressure_mb":1002},{"date":"20060721","time":"0000","status":"TS","lat":39.8,"lon":-71.8,"wind_kt":45,"pressure_mb":1003},{"date":"20060721","time":"0600","status":"TS","lat":41,"lon":-70.5,"wind_kt":45,"pressure_mb":1000},{"date":"20060721","time":"0645","status":"TS","lat":41.3,"lon":-70.1,"wind_kt":45,"pressure_mb":1000},{"date":"20060721","time":"1200","status":"TS","lat":42.4,"lon":-68.4,"wind_kt":40,"pressure_mb":1002},{"date":"20060721","time":"1800","status":"EX","lat":43.8,"lon":-66.3,"wind_kt":35,"pressure_mb":1000},{"date":"20060722","time":"0000","status":"EX","lat":45.5,"lon":-63.3,"wind_kt":35,"pressure_mb":1002},{"date":"20060722","time":"0600","status":"EX","lat":47.2,"lon":-60,"wind_kt":35,"pressure_mb":1003},{"date":"20060722","time":"1200","status":"EX","lat":48.5,"lon":-56.5,"wind_kt":30,"pressure_mb":1004}]}},{"type":"Feature","geometry":{"type":"LineString","coordinates":[[-58.1,16.3],[-58.9,16.8],[-59.8,17.2],[-60.6,17.7],[-61.4,18.1],[-62.2,18.5],[-63,19],[-63.9,19.6],[-64.8,19.9],[-65.8,20.2],[-66.8,20.4],[-67.7,20.6],[-68.7,20.7],[-70.2,20.8],[-71.1,21.2],[-72.2,21.3],[-73.4,21.5],[-75,21.6],[-76.3,21.8],[-77.6,22.1],[-78.9,22.4],[-80.2,22.8],[-81.7,23.2]]},"properties":{"id":"hur-al042006","event_type":"hurricane","name":"CHRIS","year":2006,"max_wind_kt":55,"min_pressure_mb":1001,"category":0,"preliminary":false,"start_date":"20060801","end_date":"20060806","track":[{"date":"20060801","time":"0000","status":"TD","lat":16.3,"lon":-58.1,"wind_kt":30,"pressure_mb":1011},{"date":"20060801","time":"0600","status":"TS","lat":16.8,"lon":-58.9,"wind_kt":35,"pressure_mb":1009},{"date":"20060801","time":"1200","status":"TS","lat":17.2,"lon":-59.8,"wind_kt":40,"pressure_mb":1006},{"date":"20060801","time":"1800","status":"TS","lat":17.7,"lon":-60.6,"wind_kt":50,"pressure_mb":1004},{"date":"20060802","time":"0000","status":"TS","lat":18.1,"lon":-61.4,"wind_kt":50,"pressure_mb":1003},{"date":"20060802","time":"0600","status":"TS","lat":18.5,"lon":-62.2,"wind_kt":55,"pressure_mb":1001},{"date":"20060802","time":"1200","status":"TS","lat":19,"lon":-63,"wind_kt":55,"pressure_mb":1001},{"date":"20060802","time":"1800","status":"TS","lat":19.6,"lon":-63.9,"wind_kt":50,"pressure_mb":1004},{"date":"20060803","time":"0000","status":"TS","lat":19.9,"lon":-64.8,"wind_kt":50,"pressure_mb":1007},{"date":"20060803","time":"0600","status":"TS","lat":20.2,"lon":-65.8,"wind_kt":40,"pressure_mb":1010},{"date":"20060803","time":"1200","status":"TS","lat":20.4,"lon":-66.8,"wind_kt":35,"pressure_mb":1011},{"date":"20060803","time":"1800","status":"TD","lat":20.6,"lon":-67.7,"wind_kt":30,"pressure_mb":1011},{"date":"20060804","time":"0000","status":"TD","lat":20.7,"lon":-68.7,"wind_kt":30,"pressure_mb":1011},{"date":"20060804","time":"0600","status":"LO","lat":20.8,"lon":-70.2,"wind_kt":25,"pressure_mb":1011},{"date":"20060804","time":"1200","status":"LO","lat":21.2,"lon":-71.1,"wind_kt":25,"pressure_mb":1011},{"date":"20060804","time":"1800","status":"LO","lat":21.3,"lon":-72.2,"wind_kt":25,"pressure_mb":1012},{"date":"20060805","time":"0000","status":"LO","lat":21.5,"lon":-73.4,"wind_kt":25,"pressure_mb":1012},{"date":"20060805","time":"0600","status":"LO","lat":21.6,"lon":-75,"wind_kt":20,"pressure_mb":1012},{"date":"20060805","time":"1200","status":"LO","lat":21.8,"lon":-76.3,"wind_kt":20,"pressure_mb":1012},{"date":"20060805","time":"1800","status":"LO","lat":22.1,"lon":-77.6,"wind_kt":20,"pressure_mb":1012},{"date":"20060806","time":"0000","status":"LO","lat":22.4,"lon":-78.9,"wind_kt":20,"pressure_mb":1012},{"date":"20060806","time":"0600","status":"LO","lat":22.8,"lon":-80.2,"wind_kt":20,"pressure_mb":1013},{"date":"20060806","time":"1200","status":"LO","lat":23.2,"lon":-81.7,"wind_kt":15,"pressure_mb":1013}]}},{"type":"Feature","geometry":{"type":"LineString","coordinates":[[-21.7,11.6],[-22.7,12],[-23.9,12.6],[-25.3,13.4],[-26.7,14.2],[-28.1,14.9],[-29.5,15.7],[-31,16.7],[-32.4,17.6],[-33.9,18.4],[-35.5,19.2],[-37.1,20.1],[-38.7,20.9],[-40.2,21.7],[-41.5,22.6],[-42.7,23.6],[-44.1,24.4],[-45.1,24.8],[-46.1,25.2],[-46.9,25.7],[-47.5,26.5],[-48.1,27.3],[-48.8,28.3],[-49.1,29.4],[-48.9,30.6],[-48.3,32.1]]},"properties":{"id":"hur-al052006","event_type":"hurricane","name":"DEBBY","year":2006,"max_wind_kt":45,"min_pressure_mb":999,"category":0,"preliminary":false,"start_date":"20060821","end_date":"20060828","track":[{"date":"20060821","time":"1800","status":"TD","lat":11.6,"lon":-21.7,"wind_kt":30,"pressure_mb":1007},{"date":"20060822","time":"0000","status":"TD","lat":12,"lon":-22.7,"wind_kt":30,"pressure_mb":1007},{"date":"20060822","time":"0600","status":"TD","lat":12.6,"lon":-23.9,"wind_kt":30,"pressure_mb":1007},{"date":"20060822","time":"1200","status":"TD","lat":13.4,"lon":-25.3,"wind_kt":30,"pressure_mb":1007},{"date":"20060822","time":"1800","status":"TD","lat":14.2,"lon":-26.7,"wind_kt":30,"pressure_mb":1005},{"date":"20060823","time":"0000","status":"TS","lat":14.9,"lon":-28.1,"wind_kt":35,"pressure_mb":1003},{"date":"20060823","time":"0600","status":"TS","lat":15.7,"lon":-29.5,"wind_kt":40,"pressure_mb":1002},{"date":"20060823","time":"1200","status":"TS","lat":16.7,"lon":-31,"wind_kt":45,"pressure_mb":1001},{"date":"20060823","time":"1800","status":"TS","lat":17.6,"lon":-32.4,"wind_kt":45,"pressure_mb":1001},{"date":"20060824","time":"0000","status":"TS","lat":18.4,"lon":-33.9,"wind_kt":45,"pressure_mb":1000},{"date":"20060824","time":"0600","status":"TS","lat":19.2,"lon":-35.5,"wind_kt":45,"pressure_mb":999},{"date":"20060824","time":"1200","status":"TS","lat":20.1,"lon":-37.1,"wind_kt":45,"pressure_mb":1000},{"date":"20060824","time":"1800","status":"TS","lat":20.9,"lon":-38.7,"wind_kt":45,"pressure_mb":1000},{"date":"20060825","time":"0000","status":"TS","lat":21.7,"lon":-40.2,"wind_kt":45,"pressure_mb":1000},{"date":"20060825","time":"0600","status":"TS","lat":22.6,"lon":-41.5,"wind_kt":45,"pressure_mb":1001},{"date":"20060825","time":"1200","status":"TS","lat":23.6,"lon":-42.7,"wind_kt":40,"pressure_mb":1002},{"date":"20060825","time":"1800","status":"TS","lat":24.4,"lon":-44.1,"wind_kt":35,"pressure_mb":1005},{"date":"20060826","time":"0000","status":"TS","lat":24.8,"lon":-45.1,"wind_kt":35,"pressure_mb":1008},{"date":"20060826","time":"0600","status":"TD","lat":25.2,"lon":-46.1,"wind_kt":30,"pressure_mb":1009},{"date":"20060826","time":"1200","status":"LO","lat":25.7,"lon":-46.9,"wind_kt":25,"pressure_mb":1010},{"date":"20060826","time":"1800","status":"LO","lat":26.5,"lon":-47.5,"wind_kt":25,"pressure_mb":1011},{"date":"20060827","time":"0000","status":"LO","lat":27.3,"lon":-48.1,"wind_kt":25,"pressure_mb":1012},{"date":"20060827","time":"0600","status":"LO","lat":28.3,"lon":-48.8,"wind_kt":25,"pressure_mb":1012},{"date":"20060827","time":"1200","status":"LO","lat":29.4,"lon":-49.1,"wind_kt":25,"pressure_mb":1012},{"date":"20060827","time":"1800","status":"LO","lat":30.6,"lon":-48.9,"wind_kt":25,"pressure_mb":1012},{"date":"20060828","time":"0000","status":"LO","lat":32.1,"lon":-48.3,"wind_kt":25,"pressure_mb":1012}]}},{"type":"Feature","geometry":{"type":"LineString","coordinates":[[-61.6,12.7],[-63,13],[-64.4,13.3],[-65.8,13.7],[-67.1,14],[-68.3,14.3],[-69.5,14.6],[-70.4,15.1],[-71.2,15.7],[-72,16.3],[-72.7,16.9],[-73.4,17.4],[-74,17.8],[-74.6,18.3],[-75.2,19.1],[-75.5,19.9],[-75.6,20],[-76.4,20.8],[-77.4,21.6],[-78.5,22.4],[-79.3,23.2],[-79.9,23.9],[-80.4,24.7],[-80.6,24.9],[-80.7,25.2],[-80.8,25.3],[-81,26.1],[-80.9,27],[-80.7,28.1],[-80.4,29.4],[-79.9,30.6],[-79.2,31.9],[-78.4,33.2],[-78.1,33.9],[-78,34.5],[-77.6,35.8],[-77.2,36.6],[-77,37.1],[-76.8,37.6],[-76.7,38.2],[-76.7,38.9],[-76.7,39.9],[-77.1,41.3],[-77.5,43.1],[-77,44.5],[-75.8,45.6],[-74.4,46.5]]},"properties":{"id":"hur-al062006","event_type":"hurricane","name":"ERNESTO","year":2006,"max_wind_kt":65,"min_pressure_mb":985,"category":1,"preliminary":false,"start_date":"20060824","end_date":"20060904","track":[{"date":"20060824","time":"1800","status":"TD","lat":12.7,"lon":-61.6,"wind_kt":30,"pressure_mb":1008},{"date":"20060825","time":"0000","status":"TD","lat":13,"lon":-63,"wind_kt":30,"pressure_mb":1007},{"date":"20060825","time":"0600","status":"TD","lat":13.3,"lon":-64.4,"wind_kt":30,"pressure_mb":1005},{"date":"20060825","time":"1200","status":"TS","lat":13.7,"lon":-65.8,"wind_kt":35,"pressure_mb":1005},{"date":"20060825","time":"1800","status":"TS","lat":14,"lon":-67.1,"wind_kt":35,"pressure_mb":1004},{"date":"20060826","time":"0000","status":"TS","lat":14.3,"lon":-68.3,"wind_kt":40,"pressure_mb":1002},{"date":"20060826","time":"0600","status":"TS","lat":14.6,"lon":-69.5,"wind_kt":45,"pressure_mb":999},{"date":"20060826","time":"1200","status":"TS","lat":15.1,"lon":-70.4,"wind_kt":50,"pressure_mb":997},{"date":"20060826","time":"1800","status":"TS","lat":15.7,"lon":-71.2,"wind_kt":55,"pressure_mb":997},{"date":"20060827","time":"0000","status":"TS","lat":16.3,"lon":-72,"wind_kt":55,"pressure_mb":995},{"date":"20060827","time":"0600","status":"HU","lat":16.9,"lon":-72.7,"wind_kt":65,"pressure_mb":992},{"date":"20060827","time":"1200","status":"TS","lat":17.4,"lon":-73.4,"wind_kt":55,"pressure_mb":997},{"date":"20060827","time":"1800","status":"TS","lat":17.8,"lon":-74,"wind_kt":45,"pressure_mb":1002},{"date":"20060828","time":"0000","status":"TS","lat":18.3,"lon":-74.6,"wind_kt":40,"pressure_mb":1003},{"date":"20060828","time":"0600","status":"TS","lat":19.1,"lon":-75.2,"wind_kt":40,"pressure_mb":1004},{"date":"20060828","time":"1115","status":"TS","lat":19.9,"lon":-75.5,"wind_kt":35,"pressure_mb":1005},{"date":"20060828","time":"1200","status":"TS","lat":20,"lon":-75.6,"wind_kt":35,"pressure_mb":1005},{"date":"20060828","time":"1800","status":"TS","lat":20.8,"lon":-76.4,"wind_kt":35,"pressure_mb":1007},{"date":"20060829","time":"0000","status":"TS","lat":21.6,"lon":-77.4,"wind_kt":35,"pressure_mb":1007},{"date":"20060829","time":"0600","status":"TS","lat":22.4,"lon":-78.5,"wind_kt":40,"pressure_mb":1006},{"date":"20060829","time":"1200","status":"TS","lat":23.2,"lon":-79.3,"wind_kt":40,"pressure_mb":1006},{"date":"20060829","time":"1800","status":"TS","lat":23.9,"lon":-79.9,"wind_kt":40,"pressure_mb":1005},{"date":"20060830","time":"0000","status":"TS","lat":24.7,"lon":-80.4,"wind_kt":40,"pressure_mb":1004},{"date":"20060830","time":"0300","status":"TS","lat":24.9,"lon":-80.6,"wind_kt":40,"pressure_mb":1003},{"date":"20060830","time":"0500","status":"TS","lat":25.2,"lon":-80.7,"wind_kt":40,"pressure_mb":1003},{"date":"20060830","time":"0600","status":"TS","lat":25.3,"lon":-80.8,"wind_kt":40,"pressure_mb":1003},{"date":"20060830","time":"1200","status":"TS","lat":26.1,"lon":-81,"wind_kt":35,"pressure_mb":1002},{"date":"20060830","time":"1800","status":"TS","lat":27,"lon":-80.9,"wind_kt":35,"pressure_mb":1001},{"date":"20060831","time":"0000","status":"TS","lat":28.1,"lon":-80.7,"wind_kt":35,"pressure_mb":1000},{"date":"20060831","time":"0600","status":"TS","lat":29.4,"lon":-80.4,"wind_kt":45,"pressure_mb":999},{"date":"20060831","time":"1200","status":"TS","lat":30.6,"lon":-79.9,"wind_kt":55,"pressure_mb":995},{"date":"20060831","time":"1800","status":"TS","lat":31.9,"lon":-79.2,"wind_kt":60,"pressure_mb":993},{"date":"20060901","time":"0000","status":"TS","lat":33.2,"lon":-78.4,"wind_kt":60,"pressure_mb":988},{"date":"20060901","time":"0340","status":"TS","lat":33.9,"lon":-78.1,"wind_kt":60,"pressure_mb":985},{"date":"20060901","time":"0600","status":"TS","lat":34.5,"lon":-78,"wind_kt":50,"pressure_mb":985},{"date":"20060901","time":"1200","status":"TD","lat":35.8,"lon":-77.6,"wind_kt":30,"pressure_mb":991},{"date":"20060901","time":"1800","status":"EX","lat":36.6,"lon":-77.2,"wind_kt":40,"pressure_mb":997},{"date":"20060902","time":"0000","status":"EX","lat":37.1,"lon":-77,"wind_kt":40,"pressure_mb":1002},{"date":"20060902","time":"0600","status":"EX","lat":37.6,"lon":-76.8,"wind_kt":40,"pressure_mb":1005},{"date":"20060902","time":"1200","status":"EX","lat":38.2,"lon":-76.7,"wind_kt":40,"pressure_mb":1007},{"date":"20060902","time":"1800","status":"EX","lat":38.9,"lon":-76.7,"wind_kt":40,"pressure_mb":1010},{"date":"20060903","time":"0000","status":"EX","lat":39.9,"lon":-76.7,"wind_kt":35,"pressure_mb":1012},{"date":"20060903","time":"0600","status":"EX","lat":41.3,"lon":-77.1,"wind_kt":25,"pressure_mb":1014},{"date":"20060903","time":"1200","status":"EX","lat":43.1,"lon":-77.5,"wind_kt":20,"pressure_mb":1014},{"date":"20060903","time":"1800","status":"EX","lat":44.5,"lon":-77,"wind_kt":20,"pressure_mb":1015},{"date":"20060904","time":"0000","status":"EX","lat":45.6,"lon":-75.8,"wind_kt":20,"pressure_mb":1015},{"date":"20060904","time":"0600","status":"EX","lat":46.5,"lon":-74.4,"wind_kt":20,"pressure_mb":1014}]}},{"type":"Feature","geometry":{"type":"LineString","coordinates":[[-39.4,14.1],[-40,14.7],[-41,15.4],[-42.3,16],[-43.5,16.4],[-44.8,16.6],[-46.1,16.8],[-46.9,17],[-47.8,17.3],[-48.6,17.6],[-49.7,18.1],[-50.6,18.5],[-51.3,19],[-51.9,19.3],[-52.6,19.6],[-53.3,19.9],[-54.3,20.3],[-55.7,20.9],[-57.1,21.5],[-58.8,21.7],[-60.1,21.9],[-61,22.7],[-62.3,23.8],[-63.2,24.4],[-64,25.1],[-64.6,26.2],[-65.3,27.1],[-65.9,28.1],[-66.1,29.3],[-66.2,30.4],[-66.2,31.3],[-65.7,32.4],[-65,33.6],[-64.1,34.9],[-63.2,36.3],[-61.9,37.4],[-60.2,38.5],[-57.9,40.6],[-56.3,43.1],[-55.6,45.5],[-54,46.4],[-51.3,47.6],[-48.3,48.6],[-45.2,49.2],[-42.6,49.8],[-39.6,50],[-35.8,49.7],[-31.7,49.5],[-27.5,49.8],[-23.9,50.6],[-21,52.5],[-20.5,54.6],[-20.5,56.6],[-20.5,58.2],[-20.6,59.6],[-21.2,60.9],[-22.5,62],[-24.5,62.6],[-26.5,63],[-29,63],[-31.4,63],[-34,62]]},"properties":{"id":"hur-al072006","event_type":"hurricane","name":"FLORENCE","year":2006,"max_wind_kt":80,"min_pressure_mb":963,"category":1,"preliminary":false,"start_date":"20060903","end_date":"20060919","track":[{"date":"20060903","time":"1800","status":"TD","lat":14.1,"lon":-39.4,"wind_kt":30,"pressure_mb":1007},{"date":"20060904","time":"0000","status":"TD","lat":14.7,"lon":-40,"wind_kt":30,"pressure_mb":1007},{"date":"20060904","time":"0600","status":"TD","lat":15.4,"lon":-41,"wind_kt":30,"pressure_mb":1007},{"date":"20060904","time":"1200","status":"TD","lat":16,"lon":-42.3,"wind_kt":30,"pressure_mb":1007},{"date":"20060904","time":"1800","status":"TD","lat":16.4,"lon":-43.5,"wind_kt":30,"pressure_mb":1007},{"date":"20060905","time":"0000","status":"TD","lat":16.6,"lon":-44.8,"wind_kt":30,"pressure_mb":1007},{"date":"20060905","time":"0600","status":"TS","lat":16.8,"lon":-46.1,"wind_kt":35,"pressure_mb":1007},{"date":"20060905","time":"1200","status":"TS","lat":17,"lon":-46.9,"wind_kt":35,"pressure_mb":1005},{"date":"20060905","time":"1800","status":"TS","lat":17.3,"lon":-47.8,"wind_kt":40,"pressure_mb":1003},{"date":"20060906","time":"0000","status":"TS","lat":17.6,"lon":-48.6,"wind_kt":40,"pressure_mb":1003},{"date":"20060906","time":"0600","status":"TS","lat":18.1,"lon":-49.7,"wind_kt":40,"pressure_mb":1003},{"date":"20060906","time":"1200","status":"TS","lat":18.5,"lon":-50.6,"wind_kt":45,"pressure_mb":1003},{"date":"20060906","time":"1800","status":"TS","lat":19,"lon":-51.3,"wind_kt":45,"pressure_mb":1000},{"date":"20060907","time":"0000","status":"TS","lat":19.3,"lon":-51.9,"wind_kt":45,"pressure_mb":1000},{"date":"20060907","time":"0600","status":"TS","lat":19.6,"lon":-52.6,"wind_kt":45,"pressure_mb":1000},{"date":"20060907","time":"1200","status":"TS","lat":19.9,"lon":-53.3,"wind_kt":40,"pressure_mb":1002},{"date":"20060907","time":"1800","status":"TS","lat":20.3,"lon":-54.3,"wind_kt":40,"pressure_mb":1002},{"date":"20060908","time":"0000","status":"TS","lat":20.9,"lon":-55.7,"wind_kt":40,"pressure_mb":1002},{"date":"20060908","time":"0600","status":"TS","lat":21.5,"lon":-57.1,"wind_kt":40,"pressure_mb":1002},{"date":"20060908","time":"1200","status":"TS","lat":21.7,"lon":-58.8,"wind_kt":40,"pressure_mb":1002},{"date":"20060908","time":"1800","status":"TS","lat":21.9,"lon":-60.1,"wind_kt":45,"pressure_mb":1000},{"date":"20060909","time":"0000","status":"TS","lat":22.7,"lon":-61,"wind_kt":50,"pressure_mb":997},{"date":"20060909","time":"0600","status":"TS","lat":23.8,"lon":-62.3,"wind_kt":50,"pressure_mb":993},{"date":"20060909","time":"1200","status":"TS","lat":24.4,"lon":-63.2,"wind_kt":50,"pressure_mb":992},{"date":"20060909","time":"1800","status":"TS","lat":25.1,"lon":-64,"wind_kt":50,"pressure_mb":991},{"date":"20060910","time":"0000","status":"TS","lat":26.2,"lon":-64.6,"wind_kt":60,"pressure_mb":987},{"date":"20060910","time":"0600","status":"HU","lat":27.1,"lon":-65.3,"wind_kt":70,"pressure_mb":980},{"date":"20060910","time":"1200","status":"HU","lat":28.1,"lon":-65.9,"wind_kt":75,"pressure_mb":978},{"date":"20060910","time":"1800","status":"HU","lat":29.3,"lon":-66.1,"wind_kt":80,"pressure_mb":976},{"date":"20060911","time":"0000","status":"HU","lat":30.4,"lon":-66.2,"wind_kt":80,"pressure_mb":975},{"date":"20060911","time":"0600","status":"HU","lat":31.3,"lon":-66.2,"wind_kt":70,"pressure_mb":977},{"date":"20060911","time":"1200","status":"HU","lat":32.4,"lon":-65.7,"wind_kt":75,"pressure_mb":974},{"date":"20060911","time":"1800","status":"HU","lat":33.6,"lon":-65,"wind_kt":75,"pressure_mb":974},{"date":"20060912","time":"0000","status":"HU","lat":34.9,"lon":-64.1,"wind_kt":70,"pressure_mb":975},{"date":"20060912","time":"0600","status":"HU","lat":36.3,"lon":-63.2,"wind_kt":65,"pressure_mb":976},{"date":"20060912","time":"1200","status":"HU","lat":37.4,"lon":-61.9,"wind_kt":65,"pressure_mb":976},{"date":"20060912","time":"1800","status":"HU","lat":38.5,"lon":-60.2,"wind_kt":65,"pressure_mb":977},{"date":"20060913","time":"0000","status":"EX","lat":40.6,"lon":-57.9,"wind_kt":70,"pressure_mb":978},{"date":"20060913","time":"0600","status":"EX","lat":43.1,"lon":-56.3,"wind_kt":70,"pressure_mb":972},{"date":"20060913","time":"1200","status":"EX","lat":45.5,"lon":-55.6,"wind_kt":70,"pressure_mb":967},{"date":"20060913","time":"1800","status":"EX","lat":46.4,"lon":-54,"wind_kt":70,"pressure_mb":963},{"date":"20060914","time":"0000","status":"EX","lat":47.6,"lon":-51.3,"wind_kt":65,"pressure_mb":965},{"date":"20060914","time":"0600","status":"EX","lat":48.6,"lon":-48.3,"wind_kt":60,"pressure_mb":967},{"date":"20060914","time":"1200","status":"EX","lat":49.2,"lon":-45.2,"wind_kt":55,"pressure_mb":970},{"date":"20060914","time":"1800","status":"EX","lat":49.8,"lon":-42.6,"wind_kt":50,"pressure_mb":976},{"date":"20060915","time":"0000","status":"EX","lat":50,"lon":-39.6,"wind_kt":45,"pressure_mb":981},{"date":"20060915","time":"0600","status":"EX","lat":49.7,"lon":-35.8,"wind_kt":45,"pressure_mb":982},{"date":"20060915","time":"1200","status":"EX","lat":49.5,"lon":-31.7,"wind_kt":45,"pressure_mb":984},{"date":"20060915","time":"1800","status":"EX","lat":49.8,"lon":-27.5,"wind_kt":40,"pressure_mb":986},{"date":"20060916","time":"0000","status":"EX","lat":50.6,"lon":-23.9,"wind_kt":40,"pressure_mb":987},{"date":"20060916","time":"0600","status":"EX","lat":52.5,"lon":-21,"wind_kt":40,"pressure_mb":987},{"date":"20060916","time":"1200","status":"EX","lat":54.6,"lon":-20.5,"wind_kt":40,"pressure_mb":985},{"date":"20060916","time":"1800","status":"EX","lat":56.6,"lon":-20.5,"wind_kt":40,"pressure_mb":983},{"date":"20060917","time":"0000","status":"EX","lat":58.2,"lon":-20.5,"wind_kt":40,"pressure_mb":980},{"date":"20060917","time":"0600","status":"EX","lat":59.6,"lon":-20.6,"wind_kt":40,"pressure_mb":980},{"date":"20060917","time":"1200","status":"EX","lat":60.9,"lon":-21.2,"wind_kt":40,"pressure_mb":979},{"date":"20060917","time":"1800","status":"EX","lat":62,"lon":-22.5,"wind_kt":45,"pressure_mb":978},{"date":"20060918","time":"0000","status":"EX","lat":62.6,"lon":-24.5,"wind_kt":50,"pressure_mb":976},{"date":"20060918","time":"0600","status":"EX","lat":63,"lon":-26.5,"wind_kt":50,"pressure_mb":977},{"date":"20060918","time":"1200","status":"EX","lat":63,"lon":-29,"wind_kt":50,"pressure_mb":978},{"date":"20060918","time":"1800","status":"EX","lat":63,"lon":-31.4,"wind_kt":50,"pressure_mb":979},{"date":"20060919","time":"0000","status":"EX","lat":62,"lon":-34,"wind_kt":50,"pressure_mb":982}]}},{"type":"Feature","geometry":{"type":"LineString","coordinates":[[-53.8,20.2],[-54.5,20.3],[-55.3,20.6],[-56.3,20.9],[-57.1,21.4],[-57.6,21.8],[-58,22.3],[-58.2,22.8],[-58.2,23.4],[-58.1,24],[-58,24.7],[-57.9,25.6],[-57.7,26.5],[-57.4,27.3],[-56.8,28.2],[-56.2,29.1],[-55.4,29.8],[-54.6,30.3],[-53.8,30.8],[-53.5,31.1],[-53.5,31.1],[-53.5,31.1],[-53.6,31.2],[-53.8,31.3],[-53.9,31.5],[-53.8,31.9],[-53.7,32.4],[-53.3,33.3],[-52.9,34.1],[-52.1,35],[-50.6,36.1],[-48.7,36.9],[-46.3,37.5],[-43.3,38],[-40.2,38.1],[-37,38],[-33.5,37.8],[-29.9,37.7],[-26.1,37.6],[-22.6,37.8],[-18.5,38.5],[-14,40.1],[-10.4,43.8],[-9,48.5],[-9.5,52.5],[-10.5,54.5],[-14,57],[-18.5,56.5],[-19.5,56],[-20,54.5],[-20,52.5],[-17.7,50.7],[-14.5,49],[-10,48],[-8.5,48.5],[-8,49],[-7.5,50.5]]},"properties":{"id":"hur-al082006","event_type":"hurricane","name":"GORDON","year":2006,"max_wind_kt":105,"min_pressure_mb":955,"category":3,"preliminary":false,"start_date":"20060910","end_date":"20060924","track":[{"date":"20060910","time":"1800","status":"TD","lat":20.2,"lon":-53.8,"wind_kt":25,"pressure_mb":1012},{"date":"20060911","time":"0000","status":"TD","lat":20.3,"lon":-54.5,"wind_kt":30,"pressure_mb":1011},{"date":"20060911","time":"0600","status":"TD","lat":20.6,"lon":-55.3,"wind_kt":30,"pressure_mb":1010},{"date":"20060911","time":"1200","status":"TS","lat":20.9,"lon":-56.3,"wind_kt":35,"pressure_mb":1008},{"date":"20060911","time":"1800","status":"TS","lat":21.4,"lon":-57.1,"wind_kt":40,"pressure_mb":1005},{"date":"20060912","time":"0000","status":"TS","lat":21.8,"lon":-57.6,"wind_kt":50,"pressure_mb":1003},{"date":"20060912","time":"0600","status":"TS","lat":22.3,"lon":-58,"wind_kt":50,"pressure_mb":1000},{"date":"20060912","time":"1200","status":"TS","lat":22.8,"lon":-58.2,"wind_kt":50,"pressure_mb":998},{"date":"20060912","time":"1800","status":"TS","lat":23.4,"lon":-58.2,"wind_kt":55,"pressure_mb":994},{"date":"20060913","time":"0000","status":"HU","lat":24,"lon":-58.1,"wind_kt":65,"pressure_mb":987},{"date":"20060913","time":"0600","status":"HU","lat":24.7,"lon":-58,"wind_kt":70,"pressure_mb":984},{"date":"20060913","time":"1200","status":"HU","lat":25.6,"lon":-57.9,"wind_kt":80,"pressure_mb":980},{"date":"20060913","time":"1800","status":"HU","lat":26.5,"lon":-57.7,"wind_kt":95,"pressure_mb":965},{"date":"20060914","time":"0000","status":"HU","lat":27.3,"lon":-57.4,"wind_kt":105,"pressure_mb":955},{"date":"20060914","time":"0600","status":"HU","lat":28.2,"lon":-56.8,"wind_kt":105,"pressure_mb":956},{"date":"20060914","time":"1200","status":"HU","lat":29.1,"lon":-56.2,"wind_kt":105,"pressure_mb":956},{"date":"20060914","time":"1800","status":"HU","lat":29.8,"lon":-55.4,"wind_kt":105,"pressure_mb":958},{"date":"20060915","time":"0000","status":"HU","lat":30.3,"lon":-54.6,"wind_kt":100,"pressure_mb":960},{"date":"20060915","time":"0600","status":"HU","lat":30.8,"lon":-53.8,"wind_kt":95,"pressure_mb":965},{"date":"20060915","time":"1200","status":"HU","lat":31.1,"lon":-53.5,"wind_kt":85,"pressure_mb":973},{"date":"20060915","time":"1800","status":"HU","lat":31.1,"lon":-53.5,"wind_kt":80,"pressure_mb":976},{"date":"20060916","time":"0000","status":"HU","lat":31.1,"lon":-53.5,"wind_kt":75,"pressure_mb":980},{"date":"20060916","time":"0600","status":"HU","lat":31.2,"lon":-53.6,"wind_kt":70,"pressure_mb":983},{"date":"20060916","time":"1200","status":"HU","lat":31.3,"lon":-53.8,"wind_kt":65,"pressure_mb":987},{"date":"20060916","time":"1800","status":"HU","lat":31.5,"lon":-53.9,"wind_kt":65,"pressure_mb":987},{"date":"20060917","time":"0000","status":"HU","lat":31.9,"lon":-53.8,"wind_kt":65,"pressure_mb":987},{"date":"20060917","time":"0600","status":"HU","lat":32.4,"lon":-53.7,"wind_kt":65,"pressure_mb":987},{"date":"20060917","time":"1200","status":"HU","lat":33.3,"lon":-53.3,"wind_kt":70,"pressure_mb":983},{"date":"20060917","time":"1800","status":"HU","lat":34.1,"lon":-52.9,"wind_kt":70,"pressure_mb":983},{"date":"20060918","time":"0000","status":"HU","lat":35,"lon":-52.1,"wind_kt":75,"pressure_mb":981},{"date":"20060918","time":"0600","status":"HU","lat":36.1,"lon":-50.6,"wind_kt":75,"pressure_mb":979},{"date":"20060918","time":"1200","status":"HU","lat":36.9,"lon":-48.7,"wind_kt":80,"pressure_mb":976},{"date":"20060918","time":"1800","status":"HU","lat":37.5,"lon":-46.3,"wind_kt":85,"pressure_mb":972},{"date":"20060919","time":"0000","status":"HU","lat":38,"lon":-43.3,"wind_kt":85,"pressure_mb":972},{"date":"20060919","time":"0600","status":"HU","lat":38.1,"lon":-40.2,"wind_kt":90,"pressure_mb":970},{"date":"20060919","time":"1200","status":"HU","lat":38,"lon":-37,"wind_kt":80,"pressure_mb":977},{"date":"20060919","time":"1800","status":"HU","lat":37.8,"lon":-33.5,"wind_kt":75,"pressure_mb":979},{"date":"20060920","time":"0000","status":"HU","lat":37.7,"lon":-29.9,"wind_kt":70,"pressure_mb":980},{"date":"20060920","time":"0600","status":"HU","lat":37.6,"lon":-26.1,"wind_kt":70,"pressure_mb":980},{"date":"20060920","time":"1200","status":"HU","lat":37.8,"lon":-22.6,"wind_kt":65,"pressure_mb":983},{"date":"20060920","time":"1800","status":"HU","lat":38.5,"lon":-18.5,"wind_kt":65,"pressure_mb":983},{"date":"20060921","time":"0000","status":"EX","lat":40.1,"lon":-14,"wind_kt":60,"pressure_mb":984},{"date":"20060921","time":"0600","status":"EX","lat":43.8,"lon":-10.4,"wind_kt":55,"pressure_mb":986},{"date":"20060921","time":"1200","status":"EX","lat":48.5,"lon":-9,"wind_kt":55,"pressure_mb":982},{"date":"20060921","time":"1800","status":"EX","lat":52.5,"lon":-9.5,"wind_kt":55,"pressure_mb":978},{"date":"20060922","time":"0000","status":"EX","lat":54.5,"lon":-10.5,"wind_kt":60,"pressure_mb":975},{"date":"20060922","time":"0600","status":"EX","lat":57,"lon":-14,"wind_kt":65,"pressure_mb":974},{"date":"20060922","time":"1200","status":"EX","lat":56.5,"lon":-18.5,"wind_kt":55,"pressure_mb":976},{"date":"20060922","time":"1800","status":"EX","lat":56,"lon":-19.5,"wind_kt":45,"pressure_mb":980},{"date":"20060923","time":"0000","status":"EX","lat":54.5,"lon":-20,"wind_kt":45,"pressure_mb":982},{"date":"20060923","time":"0600","status":"EX","lat":52.5,"lon":-20,"wind_kt":40,"pressure_mb":986},{"date":"20060923","time":"1200","status":"EX","lat":50.7,"lon":-17.7,"wind_kt":35,"pressure_mb":993},{"date":"20060923","time":"1800","status":"EX","lat":49,"lon":-14.5,"wind_kt":35,"pressure_mb":994},{"date":"20060924","time":"0000","status":"EX","lat":48,"lon":-10,"wind_kt":30,"pressure_mb":995},{"date":"20060924","time":"0600","status":"EX","lat":48.5,"lon":-8.5,"wind_kt":30,"pressure_mb":996},{"date":"20060924","time":"1200","status":"EX","lat":49,"lon":-8,"wind_kt":30,"pressure_mb":998},{"date":"20060924","time":"1800","status":"EX","lat":50.5,"lon":-7.5,"wind_kt":25,"pressure_mb":1001}]}},{"type":"Feature","geometry":{"type":"LineString","coordinates":[[-22,11.9],[-23.2,11.9],[-24.6,11.9],[-26.1,12],[-28,12.2],[-30,12.5],[-31.9,12.9],[-33.8,13.2],[-35.6,13.6],[-37,14],[-38.3,14.4],[-39.6,14.8],[-40.8,15.5],[-42.1,16.2],[-43.3,17],[-44.3,17.7],[-45.3,18.4],[-46.2,18.9],[-47.1,19.4],[-47.9,19.9],[-48.4,20.3],[-48.8,20.8],[-49.1,21.4],[-49.4,22],[-49.7,22.7],[-50.4,23.6],[-51,24],[-51.7,24.3],[-52.5,24.4],[-53.5,24.4],[-54.4,24.5],[-55.2,24.9],[-56,25.4],[-56.7,25.9],[-57,26.8],[-57,27.8],[-57,29],[-57,30.2],[-56.6,31.4],[-55.9,32.5],[-55.1,33.6],[-53.7,34.9],[-51.7,35.7],[-49.6,36.4],[-47.5,37.1],[-45.4,37.7],[-43.2,38.6],[-40.9,39.5],[-38.2,40.6],[-35.9,42],[-34.7,43.2],[-33.3,44.1],[-31.7,44.7],[-29.8,44.9],[-27.6,45],[-25.2,45.5],[-22.7,46],[-20.1,47.2],[-17,49],[-13.3,51.3],[-10.1,53.9],[-7.6,56.3]]},"properties":{"id":"hur-al092006","event_type":"hurricane","name":"HELENE","year":2006,"max_wind_kt":105,"min_pressure_mb":955,"category":3,"preliminary":false,"start_date":"20060912","end_date":"20060927","track":[{"date":"20060912","time":"1200","status":"TD","lat":11.9,"lon":-22,"wind_kt":25,"pressure_mb":1007},{"date":"20060912","time":"1800","status":"TD","lat":11.9,"lon":-23.2,"wind_kt":30,"pressure_mb":1007},{"date":"20060913","time":"0000","status":"TD","lat":11.9,"lon":-24.6,"wind_kt":30,"pressure_mb":1007},{"date":"20060913","time":"0600","status":"TD","lat":12,"lon":-26.1,"wind_kt":30,"pressure_mb":1007},{"date":"20060913","time":"1200","status":"TD","lat":12.2,"lon":-28,"wind_kt":30,"pressure_mb":1007},{"date":"20060913","time":"1800","status":"TD","lat":12.5,"lon":-30,"wind_kt":30,"pressure_mb":1006},{"date":"20060914","time":"0000","status":"TS","lat":12.9,"lon":-31.9,"wind_kt":35,"pressure_mb":1005},{"date":"20060914","time":"0600","status":"TS","lat":13.2,"lon":-33.8,"wind_kt":35,"pressure_mb":1005},{"date":"20060914","time":"1200","status":"TS","lat":13.6,"lon":-35.6,"wind_kt":40,"pressure_mb":1003},{"date":"20060914","time":"1800","status":"TS","lat":14,"lon":-37,"wind_kt":40,"pressure_mb":1003},{"date":"20060915","time":"0000","status":"TS","lat":14.4,"lon":-38.3,"wind_kt":40,"pressure_mb":1002},{"date":"20060915","time":"0600","status":"TS","lat":14.8,"lon":-39.6,"wind_kt":45,"pressure_mb":1000},{"date":"20060915","time":"1200","status":"TS","lat":15.5,"lon":-40.8,"wind_kt":50,"pressure_mb":997},{"date":"20060915","time":"1800","status":"TS","lat":16.2,"lon":-42.1,"wind_kt":55,"pressure_mb":995},{"date":"20060916","time":"0000","status":"TS","lat":17,"lon":-43.3,"wind_kt":60,"pressure_mb":992},{"date":"20060916","time":"0600","status":"TS","lat":17.7,"lon":-44.3,"wind_kt":60,"pressure_mb":990},{"date":"20060916","time":"1200","status":"HU","lat":18.4,"lon":-45.3,"wind_kt":65,"pressure_mb":987},{"date":"20060916","time":"1800","status":"HU","lat":18.9,"lon":-46.2,"wind_kt":65,"pressure_mb":986},{"date":"20060917","time":"0000","status":"HU","lat":19.4,"lon":-47.1,"wind_kt":70,"pressure_mb":983},{"date":"20060917","time":"0600","status":"HU","lat":19.9,"lon":-47.9,"wind_kt":75,"pressure_mb":979},{"date":"20060917","time":"1200","status":"HU","lat":20.3,"lon":-48.4,"wind_kt":80,"pressure_mb":976},{"date":"20060917","time":"1800","status":"HU","lat":20.8,"lon":-48.8,"wind_kt":90,"pressure_mb":970},{"date":"20060918","time":"0000","status":"HU","lat":21.4,"lon":-49.1,"wind_kt":100,"pressure_mb":962},{"date":"20060918","time":"0600","status":"HU","lat":22,"lon":-49.4,"wind_kt":105,"pressure_mb":955},{"date":"20060918","time":"1200","status":"HU","lat":22.7,"lon":-49.7,"wind_kt":105,"pressure_mb":958},{"date":"20060918","time":"1800","status":"HU","lat":23.6,"lon":-50.4,"wind_kt":95,"pressure_mb":962},{"date":"20060919","time":"0000","status":"HU","lat":24,"lon":-51,"wind_kt":95,"pressure_mb":962},{"date":"20060919","time":"0600","status":"HU","lat":24.3,"lon":-51.7,"wind_kt":95,"pressure_mb":960},{"date":"20060919","time":"1200","status":"HU","lat":24.4,"lon":-52.5,"wind_kt":95,"pressure_mb":958},{"date":"20060919","time":"1800","status":"HU","lat":24.4,"lon":-53.5,"wind_kt":90,"pressure_mb":956},{"date":"20060920","time":"0000","status":"HU","lat":24.5,"lon":-54.4,"wind_kt":90,"pressure_mb":958},{"date":"20060920","time":"0600","status":"HU","lat":24.9,"lon":-55.2,"wind_kt":90,"pressure_mb":958},{"date":"20060920","time":"1200","status":"HU","lat":25.4,"lon":-56,"wind_kt":90,"pressure_mb":959},{"date":"20060920","time":"1800","status":"HU","lat":25.9,"lon":-56.7,"wind_kt":80,"pressure_mb":960},{"date":"20060921","time":"0000","status":"HU","lat":26.8,"lon":-57,"wind_kt":80,"pressure_mb":962},{"date":"20060921","time":"0600","status":"HU","lat":27.8,"lon":-57,"wind_kt":75,"pressure_mb":964},{"date":"20060921","time":"1200","status":"HU","lat":29,"lon":-57,"wind_kt":75,"pressure_mb":968},{"date":"20060921","time":"1800","status":"HU","lat":30.2,"lon":-57,"wind_kt":75,"pressure_mb":970},{"date":"20060922","time":"0000","status":"HU","lat":31.4,"lon":-56.6,"wind_kt":75,"pressure_mb":970},{"date":"20060922","time":"0600","status":"HU","lat":32.5,"lon":-55.9,"wind_kt":70,"pressure_mb":970},{"date":"20060922","time":"1200","status":"HU","lat":33.6,"lon":-55.1,"wind_kt":70,"pressure_mb":970},{"date":"20060922","time":"1800","status":"HU","lat":34.9,"lon":-53.7,"wind_kt":70,"pressure_mb":968},{"date":"20060923","time":"0000","status":"HU","lat":35.7,"lon":-51.7,"wind_kt":75,"pressure_mb":964},{"date":"20060923","time":"0600","status":"HU","lat":36.4,"lon":-49.6,"wind_kt":80,"pressure_mb":962},{"date":"20060923","time":"1200","status":"HU","lat":37.1,"lon":-47.5,"wind_kt":80,"pressure_mb":962},{"date":"20060923","time":"1800","status":"HU","lat":37.7,"lon":-45.4,"wind_kt":75,"pressure_mb":963},{"date":"20060924","time":"0000","status":"HU","lat":38.6,"lon":-43.2,"wind_kt":70,"pressure_mb":964},{"date":"20060924","time":"0600","status":"HU","lat":39.5,"lon":-40.9,"wind_kt":65,"pressure_mb":964},{"date":"20060924","time":"1200","status":"HU","lat":40.6,"lon":-38.2,"wind_kt":65,"pressure_mb":964},{"date":"20060924","time":"1800","status":"EX","lat":42,"lon":-35.9,"wind_kt":65,"pressure_mb":964},{"date":"20060925","time":"0000","status":"EX","lat":43.2,"lon":-34.7,"wind_kt":65,"pressure_mb":964},{"date":"20060925","time":"0600","status":"EX","lat":44.1,"lon":-33.3,"wind_kt":65,"pressure_mb":966},{"date":"20060925","time":"1200","status":"EX","lat":44.7,"lon":-31.7,"wind_kt":60,"pressure_mb":968},{"date":"20060925","time":"1800","status":"EX","lat":44.9,"lon":-29.8,"wind_kt":55,"pressure_mb":972},{"date":"20060926","time":"0000","status":"EX","lat":45,"lon":-27.6,"wind_kt":50,"pressure_mb":977},{"date":"20060926","time":"0600","status":"EX","lat":45.5,"lon":-25.2,"wind_kt":50,"pressure_mb":980},{"date":"20060926","time":"1200","status":"EX","lat":46,"lon":-22.7,"wind_kt":50,"pressure_mb":984},{"date":"20060926","time":"1800","status":"EX","lat":47.2,"lon":-20.1,"wind_kt":45,"pressure_mb":986},{"date":"20060927","time":"0000","status":"EX","lat":49,"lon":-17,"wind_kt":45,"pressure_mb":988},{"date":"20060927","time":"0600","status":"EX","lat":51.3,"lon":-13.3,"wind_kt":45,"pressure_mb":988},{"date":"20060927","time":"1200","status":"EX","lat":53.9,"lon":-10.1,"wind_kt":40,"pressure_mb":988},{"date":"20060927","time":"1800","status":"EX","lat":56.3,"lon":-7.6,"wind_kt":40,"pressure_mb":988}]}},{"type":"Feature","geometry":{"type":"LineString","coordinates":[[-52.6,26.1],[-53.4,26.8],[-54,27.4],[-54.4,28],[-54.6,28.6],[-54.9,28.9],[-55.4,29],[-55.8,29.2],[-56.5,29.5],[-57.1,29.8],[-57.7,30.1],[-58.5,30.6],[-59.2,31.3],[-59.8,32],[-60.2,32.8],[-60.3,33.8],[-60.3,35.2],[-59.6,37.2],[-58,39.8],[-56.2,42.5],[-53.7,45.5],[-51,47.6],[-49,48.6],[-47,49.5]]},"properties":{"id":"hur-al102006","event_type":"hurricane","name":"ISAAC","year":2006,"max_wind_kt":75,"min_pressure_mb":985,"category":1,"preliminary":false,"start_date":"20060927","end_date":"20061003","track":[{"date":"20060927","time":"1800","status":"TD","lat":26.1,"lon":-52.6,"wind_kt":30,"pressure_mb":1012},{"date":"20060928","time":"0000","status":"TD","lat":26.8,"lon":-53.4,"wind_kt":30,"pressure_mb":1012},{"date":"20060928","time":"0600","status":"TS","lat":27.4,"lon":-54,"wind_kt":35,"pressure_mb":1008},{"date":"20060928","time":"1200","status":"TS","lat":28,"lon":-54.4,"wind_kt":40,"pressure_mb":1006},{"date":"20060928","time":"1800","status":"TS","lat":28.6,"lon":-54.6,"wind_kt":40,"pressure_mb":1006},{"date":"20060929","time":"0000","status":"TS","lat":28.9,"lon":-54.9,"wind_kt":40,"pressure_mb":1006},{"date":"20060929","time":"0600","status":"TS","lat":29,"lon":-55.4,"wind_kt":40,"pressure_mb":1006},{"date":"20060929","time":"1200","status":"TS","lat":29.2,"lon":-55.8,"wind_kt":45,"pressure_mb":1003},{"date":"20060929","time":"1800","status":"TS","lat":29.5,"lon":-56.5,"wind_kt":50,"pressure_mb":1000},{"date":"20060930","time":"0000","status":"TS","lat":29.8,"lon":-57.1,"wind_kt":60,"pressure_mb":997},{"date":"20060930","time":"0600","status":"TS","lat":30.1,"lon":-57.7,"wind_kt":60,"pressure_mb":995},{"date":"20060930","time":"1200","status":"HU","lat":30.6,"lon":-58.5,"wind_kt":65,"pressure_mb":992},{"date":"20060930","time":"1800","status":"HU","lat":31.3,"lon":-59.2,"wind_kt":70,"pressure_mb":989},{"date":"20061001","time":"0000","status":"HU","lat":32,"lon":-59.8,"wind_kt":75,"pressure_mb":987},{"date":"20061001","time":"0600","status":"HU","lat":32.8,"lon":-60.2,"wind_kt":75,"pressure_mb":985},{"date":"20061001","time":"1200","status":"HU","lat":33.8,"lon":-60.3,"wind_kt":70,"pressure_mb":986},{"date":"20061001","time":"1800","status":"HU","lat":35.2,"lon":-60.3,"wind_kt":70,"pressure_mb":987},{"date":"20061002","time":"0000","status":"HU","lat":37.2,"lon":-59.6,"wind_kt":65,"pressure_mb":988},{"date":"20061002","time":"0600","status":"HU","lat":39.8,"lon":-58,"wind_kt":65,"pressure_mb":989},{"date":"20061002","time":"1200","status":"TS","lat":42.5,"lon":-56.2,"wind_kt":60,"pressure_mb":990},{"date":"20061002","time":"1800","status":"TS","lat":45.5,"lon":-53.7,"wind_kt":55,"pressure_mb":995},{"date":"20061003","time":"0000","status":"EX","lat":47.6,"lon":-51,"wind_kt":55,"pressure_mb":996},{"date":"20061003","time":"0600","status":"EX","lat":48.6,"lon":-49,"wind_kt":45,"pressure_mb":998},{"date":"20061003","time":"1200","status":"EX","lat":49.5,"lon":-47,"wind_kt":35,"pressure_mb":1000}]}},{"type":"Feature","geometry":{"type":"LineString","coordinates":[[-74,35.5],[-73,35],[-71.7,34.3],[-72.3,33.3],[-73.1,32.3],[-74,31.5],[-74.9,31],[-76,30.7],[-77.2,30.4],[-77.9,30.4],[-78.3,30.6],[-78.7,30.8],[-79.2,30.9],[-79.6,30.9],[-79.8,30.7],[-79.9,30.5],[-79.9,30.1],[-79.8,29.7],[-79.8,29.4],[-79.8,29.1],[-79.7,28.8],[-79.5,28.5],[-79.1,28.5],[-78.8,28.8],[-78.5,29.1],[-78,29.4],[-77.2,29.7],[-76,30.1],[-74.2,30.8],[-71.9,31.4],[-69.4,31.8]]},"properties":{"id":"hur-al012007","event_type":"hurricane","name":"ANDREA","year":2007,"max_wind_kt":65,"min_pressure_mb":998,"category":1,"preliminary":false,"start_date":"20070506","end_date":"20070514","track":[{"date":"20070506","time":"1200","status":"EX","lat":35.5,"lon":-74,"wind_kt":35,"pressure_mb":1012},{"date":"20070506","time":"1800","status":"EX","lat":35,"lon":-73,"wind_kt":40,"pressure_mb":1009},{"date":"20070507","time":"0000","status":"EX","lat":34.3,"lon":-71.7,"wind_kt":50,"pressure_mb":1005},{"date":"20070507","time":"0600","status":"EX","lat":33.3,"lon":-72.3,"wind_kt":65,"pressure_mb":998},{"date":"20070507","time":"1200","status":"EX","lat":32.3,"lon":-73.1,"wind_kt":65,"pressure_mb":998},{"date":"20070507","time":"1800","status":"EX","lat":31.5,"lon":-74,"wind_kt":65,"pressure_mb":998},{"date":"20070508","time":"0000","status":"EX","lat":31,"lon":-74.9,"wind_kt":55,"pressure_mb":1000},{"date":"20070508","time":"0600","status":"EX","lat":30.7,"lon":-76,"wind_kt":50,"pressure_mb":1001},{"date":"20070508","time":"1200","status":"EX","lat":30.4,"lon":-77.2,"wind_kt":50,"pressure_mb":1001},{"date":"20070508","time":"1800","status":"EX","lat":30.4,"lon":-77.9,"wind_kt":50,"pressure_mb":1001},{"date":"20070509","time":"0000","status":"EX","lat":30.6,"lon":-78.3,"wind_kt":50,"pressure_mb":1001},{"date":"20070509","time":"0600","status":"SS","lat":30.8,"lon":-78.7,"wind_kt":50,"pressure_mb":1001},{"date":"20070509","time":"1200","status":"SS","lat":30.9,"lon":-79.2,"wind_kt":45,"pressure_mb":1003},{"date":"20070509","time":"1800","status":"SS","lat":30.9,"lon":-79.6,"wind_kt":40,"pressure_mb":1003},{"date":"20070510","time":"0000","status":"SS","lat":30.7,"lon":-79.8,"wind_kt":40,"pressure_mb":1003},{"date":"20070510","time":"0600","status":"SS","lat":30.5,"lon":-79.9,"wind_kt":35,"pressure_mb":1003},{"date":"20070510","time":"1200","status":"SD","lat":30.1,"lon":-79.9,"wind_kt":30,"pressure_mb":1003},{"date":"20070510","time":"1800","status":"SD","lat":29.7,"lon":-79.8,"wind_kt":30,"pressure_mb":1003},{"date":"20070511","time":"0000","status":"SD","lat":29.4,"lon":-79.8,"wind_kt":30,"pressure_mb":1004},{"date":"20070511","time":"0600","status":"LO","lat":29.1,"lon":-79.8,"wind_kt":30,"pressure_mb":1004},{"date":"20070511","time":"1200","status":"LO","lat":28.8,"lon":-79.7,"wind_kt":25,"pressure_mb":1005},{"date":"20070511","time":"1800","status":"LO","lat":28.5,"lon":-79.5,"wind_kt":25,"pressure_mb":1005},{"date":"20070512","time":"0000","status":"LO","lat":28.5,"lon":-79.1,"wind_kt":25,"pressure_mb":1006},{"date":"20070512","time":"0600","status":"LO","lat":28.8,"lon":-78.8,"wind_kt":25,"pressure_mb":1006},{"date":"20070512","time":"1200","status":"LO","lat":29.1,"lon":-78.5,"wind_kt":25,"pressure_mb":1006},{"date":"20070512","time":"1800","status":"LO","lat":29.4,"lon":-78,"wind_kt":25,"pressure_mb":1006},{"date":"20070513","time":"0000","status":"LO","lat":29.7,"lon":-77.2,"wind_kt":25,"pressure_mb":1006},{"date":"20070513","time":"0600","status":"LO","lat":30.1,"lon":-76,"wind_kt":25,"pressure_mb":1006},{"date":"20070513","time":"1200","status":"LO","lat":30.8,"lon":-74.2,"wind_kt":25,"pressure_mb":1007},{"date":"20070513","time":"1800","status":"LO","lat":31.4,"lon":-71.9,"wind_kt":25,"pressure_mb":1007},{"date":"20070514","time":"0000","status":"LO","lat":31.8,"lon":-69.4,"wind_kt":25,"pressure_mb":1007}]}},{"type":"Feature","geometry":{"type":"LineString","coordinates":[[-87,18.1],[-86.9,18.7],[-86.8,19.1],[-86.6,19.6],[-86,20.1],[-85.8,21.2],[-85.8,22.3],[-85.7,23.6],[-85.2,24.3],[-84.6,25.1],[-83.2,27],[-82.7,27.5],[-82.1,29.7],[-81.4,31.4],[-81,32.1],[-80,32.8],[-78.4,33.7],[-76,35.3],[-74.6,37.2],[-73.2,39],[-72.1,40.7],[-70.8,42.4],[-69.5,44.6],[-68.5,47.5]]},"properties":{"id":"hur-al022007","event_type":"hurricane","name":"BARRY","year":2007,"max_wind_kt":50,"min_pressure_mb":990,"category":0,"preliminary":false,"start_date":"20070531","end_date":"20070605","track":[{"date":"20070531","time":"0000","status":"LO","lat":18.1,"lon":-87,"wind_kt":25,"pressure_mb":1008},{"date":"20070531","time":"0600","status":"LO","lat":18.7,"lon":-86.9,"wind_kt":25,"pressure_mb":1007},{"date":"20070531","time":"1200","status":"LO","lat":19.1,"lon":-86.8,"wind_kt":25,"pressure_mb":1006},{"date":"20070531","time":"1800","status":"LO","lat":19.6,"lon":-86.6,"wind_kt":25,"pressure_mb":1005},{"date":"20070601","time":"0000","status":"LO","lat":20.1,"lon":-86,"wind_kt":25,"pressure_mb":1005},{"date":"20070601","time":"0600","status":"LO","lat":21.2,"lon":-85.8,"wind_kt":25,"pressure_mb":1005},{"date":"20070601","time":"1200","status":"TD","lat":22.3,"lon":-85.8,"wind_kt":30,"pressure_mb":1004},{"date":"20070601","time":"1800","status":"TS","lat":23.6,"lon":-85.7,"wind_kt":40,"pressure_mb":1000},{"date":"20070602","time":"0000","status":"TS","lat":24.3,"lon":-85.2,"wind_kt":50,"pressure_mb":997},{"date":"20070602","time":"0600","status":"TS","lat":25.1,"lon":-84.6,"wind_kt":45,"pressure_mb":998},{"date":"20070602","time":"1200","status":"TS","lat":27,"lon":-83.2,"wind_kt":40,"pressure_mb":1000},{"date":"20070602","time":"1400","status":"TD","lat":27.5,"lon":-82.7,"wind_kt":30,"pressure_mb":1000},{"date":"20070602","time":"1800","status":"TD","lat":29.7,"lon":-82.1,"wind_kt":30,"pressure_mb":1001},{"date":"20070603","time":"0000","status":"EX","lat":31.4,"lon":-81.4,"wind_kt":35,"pressure_mb":997},{"date":"20070603","time":"0600","status":"EX","lat":32.1,"lon":-81,"wind_kt":40,"pressure_mb":994},{"date":"20070603","time":"1200","status":"EX","lat":32.8,"lon":-80,"wind_kt":40,"pressure_mb":994},{"date":"20070603","time":"1800","status":"EX","lat":33.7,"lon":-78.4,"wind_kt":40,"pressure_mb":994},{"date":"20070604","time":"0000","status":"EX","lat":35.3,"lon":-76,"wind_kt":40,"pressure_mb":992},{"date":"20070604","time":"0600","status":"EX","lat":37.2,"lon":-74.6,"wind_kt":40,"pressure_mb":990},{"date":"20070604","time":"1200","status":"EX","lat":39,"lon":-73.2,"wind_kt":40,"pressure_mb":990},{"date":"20070604","time":"1800","status":"EX","lat":40.7,"lon":-72.1,"wind_kt":35,"pressure_mb":991},{"date":"20070605","time":"0000","status":"EX","lat":42.4,"lon":-70.8,"wind_kt":35,"pressure_mb":992},{"date":"20070605","time":"0600","status":"EX","lat":44.6,"lon":-69.5,"wind_kt":30,"pressure_mb":992},{"date":"20070605","time":"1200","status":"EX","lat":47.5,"lon":-68.5,"wind_kt":30,"pressure_mb":992}]}},{"type":"Feature","geometry":{"type":"LineString","coordinates":[[-66.5,35.5],[-65.5,37.1],[-64.2,39.1],[-62.3,40.7],[-60,42.5],[-57.5,44],[-54.5,46],[-49.5,49],[-43,53],[-38.5,55.5],[-35.4,57.5],[-33.9,58.6],[-32.1,58.9],[-30.4,58.9],[-28,58.9],[-25.2,58.9],[-22.6,59.1],[-19.1,59.5],[-16.3,60.7],[-14,61.7],[-12,62.7],[-9.5,64],[-7,66]]},"properties":{"id":"hur-al032007","event_type":"hurricane","name":"CHANTAL","year":2007,"max_wind_kt":60,"min_pressure_mb":964,"category":0,"preliminary":false,"start_date":"20070731","end_date":"20070805","track":[{"date":"20070731","time":"0000","status":"TD","lat":35.5,"lon":-66.5,"wind_kt":30,"pressure_mb":1007},{"date":"20070731","time":"0600","status":"TS","lat":37.1,"lon":-65.5,"wind_kt":35,"pressure_mb":1004},{"date":"20070731","time":"1200","status":"TS","lat":39.1,"lon":-64.2,"wind_kt":45,"pressure_mb":999},{"date":"20070731","time":"1800","status":"TS","lat":40.7,"lon":-62.3,"wind_kt":45,"pressure_mb":999},{"date":"20070801","time":"0000","status":"TS","lat":42.5,"lon":-60,"wind_kt":45,"pressure_mb":994},{"date":"20070801","time":"0600","status":"EX","lat":44,"lon":-57.5,"wind_kt":45,"pressure_mb":992},{"date":"20070801","time":"1200","status":"EX","lat":46,"lon":-54.5,"wind_kt":55,"pressure_mb":990},{"date":"20070801","time":"1800","status":"EX","lat":49,"lon":-49.5,"wind_kt":60,"pressure_mb":988},{"date":"20070802","time":"0000","status":"EX","lat":53,"lon":-43,"wind_kt":60,"pressure_mb":985},{"date":"20070802","time":"0600","status":"EX","lat":55.5,"lon":-38.5,"wind_kt":50,"pressure_mb":975},{"date":"20070802","time":"1200","status":"EX","lat":57.5,"lon":-35.4,"wind_kt":50,"pressure_mb":970},{"date":"20070802","time":"1800","status":"EX","lat":58.6,"lon":-33.9,"wind_kt":55,"pressure_mb":967},{"date":"20070803","time":"0000","status":"EX","lat":58.9,"lon":-32.1,"wind_kt":60,"pressure_mb":964},{"date":"20070803","time":"0600","status":"EX","lat":58.9,"lon":-30.4,"wind_kt":60,"pressure_mb":964},{"date":"20070803","time":"1200","status":"EX","lat":58.9,"lon":-28,"wind_kt":60,"pressure_mb":964},{"date":"20070803","time":"1800","status":"EX","lat":58.9,"lon":-25.2,"wind_kt":55,"pressure_mb":967},{"date":"20070804","time":"0000","status":"EX","lat":59.1,"lon":-22.6,"wind_kt":55,"pressure_mb":967},{"date":"20070804","time":"0600","status":"EX","lat":59.5,"lon":-19.1,"wind_kt":50,"pressure_mb":970},{"date":"20070804","time":"1200","status":"EX","lat":60.7,"lon":-16.3,"wind_kt":50,"pressure_mb":975},{"date":"20070804","time":"1800","status":"EX","lat":61.7,"lon":-14,"wind_kt":45,"pressure_mb":978},{"date":"20070805","time":"0000","status":"EX","lat":62.7,"lon":-12,"wind_kt":45,"pressure_mb":980},{"date":"20070805","time":"0600","status":"EX","lat":64,"lon":-9.5,"wind_kt":45,"pressure_mb":982},{"date":"20070805","time":"1200","status":"EX","lat":66,"lon":-7,"wind_kt":35,"pressure_mb":985}]}},{"type":"Feature","geometry":{"type":"LineString","coordinates":[[-28.9,12.2],[-30.7,12.1],[-32.4,12],[-34.5,11.9],[-36.5,11.8],[-38.3,11.8],[-40.1,11.8],[-41.7,11.9],[-43.4,12],[-45.1,12.3],[-47,12.8],[-49.2,13],[-51.3,13.2],[-53.3,13.5],[-55.5,13.8],[-57.7,14],[-59.8,14.2],[-61.7,14.4],[-63.5,14.8],[-65.1,14.9],[-66.6,15],[-68,15.4],[-69.5,15.9],[-71,16.1],[-72.6,16.4],[-74.3,16.8],[-76,17.1],[-77.8,17.5],[-79.8,17.6],[-81.5,17.8],[-83.3,18],[-85.1,18.2],[-86.9,18.6],[-87.7,18.7],[-88.7,18.9],[-90.5,19.2],[-92.2,19.7],[-94,20.1],[-95.5,20.5],[-97,20.5],[-97.3,20.5],[-99,20.5]]},"properties":{"id":"hur-al042007","event_type":"hurricane","name":"DEAN","year":2007,"max_wind_kt":150,"min_pressure_mb":905,"category":5,"preliminary":false,"start_date":"20070813","end_date":"20070823","track":[{"date":"20070813","time":"0600","status":"TD","lat":12.2,"lon":-28.9,"wind_kt":30,"pressure_mb":1006},{"date":"20070813","time":"1200","status":"TD","lat":12.1,"lon":-30.7,"wind_kt":30,"pressure_mb":1005},{"date":"20070813","time":"1800","status":"TD","lat":12,"lon":-32.4,"wind_kt":30,"pressure_mb":1005},{"date":"20070814","time":"0000","status":"TD","lat":11.9,"lon":-34.5,"wind_kt":30,"pressure_mb":1005},{"date":"20070814","time":"0600","status":"TD","lat":11.8,"lon":-36.5,"wind_kt":30,"pressure_mb":1005},{"date":"20070814","time":"1200","status":"TS","lat":11.8,"lon":-38.3,"wind_kt":35,"pressure_mb":1004},{"date":"20070814","time":"1800","status":"TS","lat":11.8,"lon":-40.1,"wind_kt":40,"pressure_mb":1002},{"date":"20070815","time":"0000","status":"TS","lat":11.9,"lon":-41.7,"wind_kt":50,"pressure_mb":997},{"date":"20070815","time":"0600","status":"TS","lat":12,"lon":-43.4,"wind_kt":50,"pressure_mb":997},{"date":"20070815","time":"1200","status":"TS","lat":12.3,"lon":-45.1,"wind_kt":50,"pressure_mb":997},{"date":"20070815","time":"1800","status":"TS","lat":12.8,"lon":-47,"wind_kt":55,"pressure_mb":994},{"date":"20070816","time":"0000","status":"TS","lat":13,"lon":-49.2,"wind_kt":60,"pressure_mb":991},{"date":"20070816","time":"0600","status":"HU","lat":13.2,"lon":-51.3,"wind_kt":70,"pressure_mb":984},{"date":"20070816","time":"1200","status":"HU","lat":13.5,"lon":-53.3,"wind_kt":80,"pressure_mb":972},{"date":"20070816","time":"1800","status":"HU","lat":13.8,"lon":-55.5,"wind_kt":80,"pressure_mb":972},{"date":"20070817","time":"0000","status":"HU","lat":14,"lon":-57.7,"wind_kt":80,"pressure_mb":976},{"date":"20070817","time":"0600","status":"HU","lat":14.2,"lon":-59.8,"wind_kt":80,"pressure_mb":975},{"date":"20070817","time":"1200","status":"HU","lat":14.4,"lon":-61.7,"wind_kt":90,"pressure_mb":967},{"date":"20070817","time":"1800","status":"HU","lat":14.8,"lon":-63.5,"wind_kt":110,"pressure_mb":961},{"date":"20070818","time":"0000","status":"HU","lat":14.9,"lon":-65.1,"wind_kt":125,"pressure_mb":944},{"date":"20070818","time":"0600","status":"HU","lat":15,"lon":-66.6,"wind_kt":145,"pressure_mb":929},{"date":"20070818","time":"1200","status":"HU","lat":15.4,"lon":-68,"wind_kt":145,"pressure_mb":923},{"date":"20070818","time":"1800","status":"HU","lat":15.9,"lon":-69.5,"wind_kt":130,"pressure_mb":930},{"date":"20070819","time":"0000","status":"HU","lat":16.1,"lon":-71,"wind_kt":120,"pressure_mb":920},{"date":"20070819","time":"0600","status":"HU","lat":16.4,"lon":-72.6,"wind_kt":120,"pressure_mb":921},{"date":"20070819","time":"1200","status":"HU","lat":16.8,"lon":-74.3,"wind_kt":125,"pressure_mb":923},{"date":"20070819","time":"1800","status":"HU","lat":17.1,"lon":-76,"wind_kt":125,"pressure_mb":930},{"date":"20070820","time":"0000","status":"HU","lat":17.5,"lon":-77.8,"wind_kt":125,"pressure_mb":926},{"date":"20070820","time":"0600","status":"HU","lat":17.6,"lon":-79.8,"wind_kt":130,"pressure_mb":926},{"date":"20070820","time":"1200","status":"HU","lat":17.8,"lon":-81.5,"wind_kt":130,"pressure_mb":926},{"date":"20070820","time":"1800","status":"HU","lat":18,"lon":-83.3,"wind_kt":135,"pressure_mb":924},{"date":"20070821","time":"0000","status":"HU","lat":18.2,"lon":-85.1,"wind_kt":145,"pressure_mb":914},{"date":"20070821","time":"0600","status":"HU","lat":18.6,"lon":-86.9,"wind_kt":150,"pressure_mb":907},{"date":"20070821","time":"0830","status":"HU","lat":18.7,"lon":-87.7,"wind_kt":150,"pressure_mb":905},{"date":"20070821","time":"1200","status":"HU","lat":18.9,"lon":-88.7,"wind_kt":110,"pressure_mb":935},{"date":"20070821","time":"1800","status":"HU","lat":19.2,"lon":-90.5,"wind_kt":75,"pressure_mb":960},{"date":"20070822","time":"0000","status":"HU","lat":19.7,"lon":-92.2,"wind_kt":65,"pressure_mb":979},{"date":"20070822","time":"0600","status":"HU","lat":20.1,"lon":-94,"wind_kt":70,"pressure_mb":979},{"date":"20070822","time":"1200","status":"HU","lat":20.5,"lon":-95.5,"wind_kt":80,"pressure_mb":976},{"date":"20070822","time":"1630","status":"HU","lat":20.5,"lon":-97,"wind_kt":85,"pressure_mb":974},{"date":"20070822","time":"1800","status":"HU","lat":20.5,"lon":-97.3,"wind_kt":75,"pressure_mb":974},{"date":"20070823","time":"0000","status":"TD","lat":20.5,"lon":-99,"wind_kt":30,"pressure_mb":998}]}},{"type":"Feature","geometry":{"type":"LineString","coordinates":[[-90.7,23.7],[-91.8,24.5],[-92.9,25.2],[-94,25.8],[-95.2,26.3],[-96.2,27.2],[-96.9,28],[-97.1,28.1],[-97.8,28.8],[-98.6,29.4],[-99.5,30],[-100.6,30.5],[-101.4,31.1],[-101.8,31.8],[-101.8,32.5],[-101.5,33.2],[-101,34],[-100.1,34.8],[-98.8,35.6],[-97.7,35.6],[-96.5,35.9]]},"properties":{"id":"hur-al052007","event_type":"hurricane","name":"ERIN","year":2007,"max_wind_kt":50,"min_pressure_mb":995,"category":0,"preliminary":false,"start_date":"20070815","end_date":"20070819","track":[{"date":"20070815","time":"0000","status":"TD","lat":23.7,"lon":-90.7,"wind_kt":25,"pressure_mb":1006},{"date":"20070815","time":"0600","status":"TD","lat":24.5,"lon":-91.8,"wind_kt":25,"pressure_mb":1006},{"date":"20070815","time":"1200","status":"TD","lat":25.2,"lon":-92.9,"wind_kt":30,"pressure_mb":1005},{"date":"20070815","time":"1800","status":"TS","lat":25.8,"lon":-94,"wind_kt":35,"pressure_mb":1004},{"date":"20070816","time":"0000","status":"TS","lat":26.3,"lon":-95.2,"wind_kt":35,"pressure_mb":1003},{"date":"20070816","time":"0600","status":"TS","lat":27.2,"lon":-96.2,"wind_kt":35,"pressure_mb":1005},{"date":"20070816","time":"1030","status":"TD","lat":28,"lon":-96.9,"wind_kt":30,"pressure_mb":1006},{"date":"20070816","time":"1200","status":"TD","lat":28.1,"lon":-97.1,"wind_kt":30,"pressure_mb":1006},{"date":"20070816","time":"1800","status":"TD","lat":28.8,"lon":-97.8,"wind_kt":25,"pressure_mb":1006},{"date":"20070817","time":"0000","status":"TD","lat":29.4,"lon":-98.6,"wind_kt":25,"pressure_mb":1006},{"date":"20070817","time":"0600","status":"TD","lat":30,"lon":-99.5,"wind_kt":25,"pressure_mb":1007},{"date":"20070817","time":"1200","status":"LO","lat":30.5,"lon":-100.6,"wind_kt":20,"pressure_mb":1008},{"date":"20070817","time":"1800","status":"LO","lat":31.1,"lon":-101.4,"wind_kt":20,"pressure_mb":1008},{"date":"20070818","time":"0000","status":"LO","lat":31.8,"lon":-101.8,"wind_kt":20,"pressure_mb":1008},{"date":"20070818","time":"0600","status":"LO","lat":32.5,"lon":-101.8,"wind_kt":20,"pressure_mb":1008},{"date":"20070818","time":"1200","status":"LO","lat":33.2,"lon":-101.5,"wind_kt":20,"pressure_mb":1008},{"date":"20070818","time":"1800","status":"LO","lat":34,"lon":-101,"wind_kt":20,"pressure_mb":1007},{"date":"20070819","time":"0000","status":"LO","lat":34.8,"lon":-100.1,"wind_kt":25,"pressure_mb":1004},{"date":"20070819","time":"0600","status":"LO","lat":35.6,"lon":-98.8,"wind_kt":50,"pressure_mb":995},{"date":"20070819","time":"1200","status":"LO","lat":35.6,"lon":-97.7,"wind_kt":35,"pressure_mb":1002},{"date":"20070819","time":"1800","status":"LO","lat":35.9,"lon":-96.5,"wind_kt":20,"pressure_mb":1007}]}},{"type":"Feature","geometry":{"type":"LineString","coordinates":[[-56.6,11.5],[-58,11.5],[-59.4,12.1],[-61.1,12.1],[-61.7,12.1],[-62.8,12.2],[-64.5,12.4],[-66.1,12.6],[-67.8,12.7],[-69.4,13],[-71.1,13.4],[-73,13.8],[-75,14],[-75.3,14],[-76.9,14.2],[-78.7,14.3],[-80.4,14.4],[-81.9,14.3],[-83.2,14.3],[-84.4,14.3],[-85.4,14.6],[-86.4,15],[-87.3,15.5],[-88.3,16.1],[-89.5,16.5],[-90.8,16.7],[-92.4,17.2],[-93.8,17.7]]},"properties":{"id":"hur-al062007","event_type":"hurricane","name":"FELIX","year":2007,"max_wind_kt":150,"min_pressure_mb":929,"category":5,"preliminary":false,"start_date":"20070831","end_date":"20070906","track":[{"date":"20070831","time":"1200","status":"TD","lat":11.5,"lon":-56.6,"wind_kt":25,"pressure_mb":1009},{"date":"20070831","time":"1800","status":"TD","lat":11.5,"lon":-58,"wind_kt":30,"pressure_mb":1008},{"date":"20070901","time":"0000","status":"TS","lat":12.1,"lon":-59.4,"wind_kt":35,"pressure_mb":1007},{"date":"20070901","time":"0600","status":"TS","lat":12.1,"lon":-61.1,"wind_kt":40,"pressure_mb":1005},{"date":"20070901","time":"0845","status":"TS","lat":12.1,"lon":-61.7,"wind_kt":45,"pressure_mb":1001},{"date":"20070901","time":"1200","status":"TS","lat":12.2,"lon":-62.8,"wind_kt":50,"pressure_mb":1001},{"date":"20070901","time":"1800","status":"TS","lat":12.4,"lon":-64.5,"wind_kt":60,"pressure_mb":999},{"date":"20070902","time":"0000","status":"HU","lat":12.6,"lon":-66.1,"wind_kt":65,"pressure_mb":992},{"date":"20070902","time":"0600","status":"HU","lat":12.7,"lon":-67.8,"wind_kt":85,"pressure_mb":985},{"date":"20070902","time":"1200","status":"HU","lat":13,"lon":-69.4,"wind_kt":90,"pressure_mb":980},{"date":"20070902","time":"1800","status":"HU","lat":13.4,"lon":-71.1,"wind_kt":115,"pressure_mb":962},{"date":"20070903","time":"0000","status":"HU","lat":13.8,"lon":-73,"wind_kt":150,"pressure_mb":935},{"date":"20070903","time":"0600","status":"HU","lat":14,"lon":-75,"wind_kt":150,"pressure_mb":930},{"date":"20070903","time":"0700","status":"HU","lat":14,"lon":-75.3,"wind_kt":150,"pressure_mb":929},{"date":"20070903","time":"1200","status":"HU","lat":14.2,"lon":-76.9,"wind_kt":140,"pressure_mb":937},{"date":"20070903","time":"1800","status":"HU","lat":14.3,"lon":-78.7,"wind_kt":115,"pressure_mb":951},{"date":"20070904","time":"0000","status":"HU","lat":14.4,"lon":-80.4,"wind_kt":115,"pressure_mb":950},{"date":"20070904","time":"0600","status":"HU","lat":14.3,"lon":-81.9,"wind_kt":135,"pressure_mb":939},{"date":"20070904","time":"1200","status":"HU","lat":14.3,"lon":-83.2,"wind_kt":140,"pressure_mb":934},{"date":"20070904","time":"1800","status":"HU","lat":14.3,"lon":-84.4,"wind_kt":85,"pressure_mb":962},{"date":"20070905","time":"0000","status":"TS","lat":14.6,"lon":-85.4,"wind_kt":50,"pressure_mb":982},{"date":"20070905","time":"0600","status":"TD","lat":15,"lon":-86.4,"wind_kt":25,"pressure_mb":1004},{"date":"20070905","time":"1200","status":"LO","lat":15.5,"lon":-87.3,"wind_kt":20,"pressure_mb":1006},{"date":"20070905","time":"1800","status":"LO","lat":16.1,"lon":-88.3,"wind_kt":20,"pressure_mb":1007},{"date":"20070906","time":"0000","status":"LO","lat":16.5,"lon":-89.5,"wind_kt":20,"pressure_mb":1007},{"date":"20070906","time":"0600","status":"LO","lat":16.7,"lon":-90.8,"wind_kt":20,"pressure_mb":1007},{"date":"20070906","time":"1200","status":"LO","lat":17.2,"lon":-92.4,"wind_kt":20,"pressure_mb":1007},{"date":"20070906","time":"1800","status":"LO","lat":17.7,"lon":-93.8,"wind_kt":15,"pressure_mb":1010}]}},{"type":"Feature","geometry":{"type":"LineString","coordinates":[[-71.8,30.1],[-72.8,30.5],[-73.8,31.1],[-74.6,31.8],[-75.4,32.6],[-76,33.5],[-76.4,34.3],[-76.4,34.8],[-76.3,35.2],[-75.8,36],[-75,36.7],[-73.8,37.1],[-72,37.5],[-70,37.9],[-68,38.4]]},"properties":{"id":"hur-al072007","event_type":"hurricane","name":"GABRIELLE","year":2007,"max_wind_kt":50,"min_pressure_mb":1004,"category":0,"preliminary":false,"start_date":"20070908","end_date":"20070911","track":[{"date":"20070908","time":"0000","status":"SS","lat":30.1,"lon":-71.8,"wind_kt":40,"pressure_mb":1011},{"date":"20070908","time":"0600","status":"SS","lat":30.5,"lon":-72.8,"wind_kt":40,"pressure_mb":1010},{"date":"20070908","time":"1200","status":"SS","lat":31.1,"lon":-73.8,"wind_kt":35,"pressure_mb":1010},{"date":"20070908","time":"1800","status":"TS","lat":31.8,"lon":-74.6,"wind_kt":35,"pressure_mb":1009},{"date":"20070909","time":"0000","status":"TS","lat":32.6,"lon":-75.4,"wind_kt":40,"pressure_mb":1007},{"date":"20070909","time":"0600","status":"TS","lat":33.5,"lon":-76,"wind_kt":45,"pressure_mb":1004},{"date":"20070909","time":"1200","status":"TS","lat":34.3,"lon":-76.4,"wind_kt":50,"pressure_mb":1004},{"date":"20070909","time":"1530","status":"TS","lat":34.8,"lon":-76.4,"wind_kt":50,"pressure_mb":1005},{"date":"20070909","time":"1800","status":"TS","lat":35.2,"lon":-76.3,"wind_kt":45,"pressure_mb":1006},{"date":"20070910","time":"0000","status":"TS","lat":36,"lon":-75.8,"wind_kt":40,"pressure_mb":1007},{"date":"20070910","time":"0600","status":"TD","lat":36.7,"lon":-75,"wind_kt":30,"pressure_mb":1008},{"date":"20070910","time":"1200","status":"TD","lat":37.1,"lon":-73.8,"wind_kt":30,"pressure_mb":1009},{"date":"20070910","time":"1800","status":"TD","lat":37.5,"lon":-72,"wind_kt":30,"pressure_mb":1010},{"date":"20070911","time":"0000","status":"TD","lat":37.9,"lon":-70,"wind_kt":30,"pressure_mb":1010},{"date":"20070911","time":"0600","status":"TD","lat":38.4,"lon":-68,"wind_kt":30,"pressure_mb":1010}]}},{"type":"Feature","geometry":{"type":"LineString","coordinates":[[-43.6,13],[-44.3,13],[-45.1,13.1],[-45.9,13.4],[-46.7,13.7],[-47.5,14.1],[-48.1,14.4],[-48.6,14.7],[-49.3,15],[-49.9,15.3],[-50.5,15.6],[-51.2,15.9],[-52.2,16.2],[-53.3,16.3],[-54.4,16.5],[-55.4,16.7],[-56.3,16.9],[-57.2,17.1],[-58.1,17.2],[-59,17.3],[-59.9,17.5],[-60.6,18],[-61,18.4],[-61.4,18.8],[-61.7,19],[-62,19.1]]},"properties":{"id":"hur-al082007","event_type":"hurricane","name":"INGRID","year":2007,"max_wind_kt":40,"min_pressure_mb":1002,"category":0,"preliminary":false,"start_date":"20070912","end_date":"20070918","track":[{"date":"20070912","time":"0600","status":"TD","lat":13,"lon":-43.6,"wind_kt":25,"pressure_mb":1009},{"date":"20070912","time":"1200","status":"TD","lat":13,"lon":-44.3,"wind_kt":30,"pressure_mb":1008},{"date":"20070912","time":"1800","status":"TD","lat":13.1,"lon":-45.1,"wind_kt":30,"pressure_mb":1007},{"date":"20070913","time":"0000","status":"TD","lat":13.4,"lon":-45.9,"wind_kt":30,"pressure_mb":1006},{"date":"20070913","time":"0600","status":"TS","lat":13.7,"lon":-46.7,"wind_kt":35,"pressure_mb":1005},{"date":"20070913","time":"1200","status":"TS","lat":14.1,"lon":-47.5,"wind_kt":35,"pressure_mb":1005},{"date":"20070913","time":"1800","status":"TS","lat":14.4,"lon":-48.1,"wind_kt":35,"pressure_mb":1004},{"date":"20070914","time":"0000","status":"TS","lat":14.7,"lon":-48.6,"wind_kt":35,"pressure_mb":1002},{"date":"20070914","time":"0600","status":"TS","lat":15,"lon":-49.3,"wind_kt":35,"pressure_mb":1003},{"date":"20070914","time":"1200","status":"TS","lat":15.3,"lon":-49.9,"wind_kt":40,"pressure_mb":1004},{"date":"20070914","time":"1800","status":"TS","lat":15.6,"lon":-50.5,"wind_kt":40,"pressure_mb":1004},{"date":"20070915","time":"0000","status":"TS","lat":15.9,"lon":-51.2,"wind_kt":35,"pressure_mb":1005},{"date":"20070915","time":"0600","status":"TS","lat":16.2,"lon":-52.2,"wind_kt":35,"pressure_mb":1005},{"date":"20070915","time":"1200","status":"TS","lat":16.3,"lon":-53.3,"wind_kt":35,"pressure_mb":1005},{"date":"20070915","time":"1800","status":"TD","lat":16.5,"lon":-54.4,"wind_kt":30,"pressure_mb":1006},{"date":"20070916","time":"0000","status":"TD","lat":16.7,"lon":-55.4,"wind_kt":30,"pressure_mb":1006},{"date":"20070916","time":"0600","status":"TD","lat":16.9,"lon":-56.3,"wind_kt":30,"pressure_mb":1006},{"date":"20070916","time":"1200","status":"TD","lat":17.1,"lon":-57.2,"wind_kt":30,"pressure_mb":1006},{"date":"20070916","time":"1800","status":"TD","lat":17.2,"lon":-58.1,"wind_kt":30,"pressure_mb":1007},{"date":"20070917","time":"0000","status":"TD","lat":17.3,"lon":-59,"wind_kt":25,"pressure_mb":1009},{"date":"20070917","time":"0600","status":"LO","lat":17.5,"lon":-59.9,"wind_kt":25,"pressure_mb":1010},{"date":"20070917","time":"1200","status":"LO","lat":18,"lon":-60.6,"wind_kt":25,"pressure_mb":1010},{"date":"20070917","time":"1800","status":"LO","lat":18.4,"lon":-61,"wind_kt":25,"pressure_mb":1010},{"date":"20070918","time":"0000","status":"LO","lat":18.8,"lon":-61.4,"wind_kt":20,"pressure_mb":1011},{"date":"20070918","time":"0600","status":"LO","lat":19,"lon":-61.7,"wind_kt":20,"pressure_mb":1011},{"date":"20070918","time":"1200","status":"LO","lat":19.1,"lon":-62,"wind_kt":20,"pressure_mb":1011}]}},{"type":"Feature","geometry":{"type":"LineString","coordinates":[[-95,27.3],[-95.1,27.8],[-95,28.3],[-94.8,28.8],[-94.4,29.5],[-94.3,29.6],[-93.6,30.3],[-92.9,31],[-92.3,31.7],[-91.3,32.4],[-90.2,32.7]]},"properties":{"id":"hur-al092007","event_type":"hurricane","name":"HUMBERTO","year":2007,"max_wind_kt":80,"min_pressure_mb":985,"category":1,"preliminary":false,"start_date":"20070912","end_date":"20070914","track":[{"date":"20070912","time":"0600","status":"LO","lat":27.3,"lon":-95,"wind_kt":25,"pressure_mb":1009},{"date":"20070912","time":"1200","status":"TS","lat":27.8,"lon":-95.1,"wind_kt":35,"pressure_mb":1006},{"date":"20070912","time":"1800","status":"TS","lat":28.3,"lon":-95,"wind_kt":45,"pressure_mb":1001},{"date":"20070913","time":"0000","status":"TS","lat":28.8,"lon":-94.8,"wind_kt":55,"pressure_mb":997},{"date":"20070913","time":"0600","status":"HU","lat":29.5,"lon":-94.4,"wind_kt":80,"pressure_mb":985},{"date":"20070913","time":"0700","status":"HU","lat":29.6,"lon":-94.3,"wind_kt":80,"pressure_mb":985},{"date":"20070913","time":"1200","status":"HU","lat":30.3,"lon":-93.6,"wind_kt":65,"pressure_mb":989},{"date":"20070913","time":"1800","status":"TS","lat":31,"lon":-92.9,"wind_kt":35,"pressure_mb":1000},{"date":"20070914","time":"0000","status":"TD","lat":31.7,"lon":-92.3,"wind_kt":25,"pressure_mb":1006},{"date":"20070914","time":"0600","status":"LO","lat":32.4,"lon":-91.3,"wind_kt":20,"pressure_mb":1009},{"date":"20070914","time":"1200","status":"LO","lat":32.7,"lon":-90.2,"wind_kt":20,"pressure_mb":1012}]}},{"type":"Feature","geometry":{"type":"LineString","coordinates":[[-85.4,29.1],[-86.1,29.7],[-86.7,30.4],[-87.7,30.7]]},"properties":{"id":"hur-al102007","event_type":"hurricane","name":"TEN","year":2007,"max_wind_kt":30,"min_pressure_mb":1005,"category":-1,"preliminary":false,"start_date":"20070921","end_date":"20070922","track":[{"date":"20070921","time":"1200","status":"SD","lat":29.1,"lon":-85.4,"wind_kt":30,"pressure_mb":1005},{"date":"20070921","time":"1800","status":"TD","lat":29.7,"lon":-86.1,"wind_kt":30,"pressure_mb":1005},{"date":"20070922","time":"0000","status":"TD","lat":30.4,"lon":-86.7,"wind_kt":25,"pressure_mb":1006},{"date":"20070922","time":"0600","status":"LO","lat":30.7,"lon":-87.7,"wind_kt":20,"pressure_mb":1007}]}},{"type":"Feature","geometry":{"type":"LineString","coordinates":[[-46.1,36.2],[-46.1,36.2],[-46.3,36],[-46.3,36.5],[-46.3,37.1],[-45.9,38.1],[-44.7,39.3],[-43.5,41]]},"properties":{"id":"hur-al112007","event_type":"hurricane","name":"JERRY","year":2007,"max_wind_kt":35,"min_pressure_mb":1003,"category":0,"preliminary":false,"start_date":"20070923","end_date":"20070924","track":[{"date":"20070923","time":"0000","status":"SD","lat":36.2,"lon":-46.1,"wind_kt":30,"pressure_mb":1008},{"date":"20070923","time":"0600","status":"SS","lat":36.2,"lon":-46.1,"wind_kt":35,"pressure_mb":1007},{"date":"20070923","time":"1200","status":"SS","lat":36,"lon":-46.3,"wind_kt":35,"pressure_mb":1004},{"date":"20070923","time":"1800","status":"SS","lat":36.5,"lon":-46.3,"wind_kt":35,"pressure_mb":1004},{"date":"20070924","time":"0000","status":"TS","lat":37.1,"lon":-46.3,"wind_kt":35,"pressure_mb":1003},{"date":"20070924","time":"0600","status":"TS","lat":38.1,"lon":-45.9,"wind_kt":35,"pressure_mb":1004},{"date":"20070924","time":"1200","status":"TS","lat":39.3,"lon":-44.7,"wind_kt":35,"pressure_mb":1004},{"date":"20070924","time":"1800","status":"TD","lat":41,"lon":-43.5,"wind_kt":30,"pressure_mb":1004}]}},{"type":"Feature","geometry":{"type":"LineString","coordinates":[[-35.9,10],[-37,10.3],[-38,10.6],[-39.2,10.8],[-40.4,10.9],[-41.5,11.2],[-42.4,11.7],[-43.3,12.3],[-44.6,12.8],[-45.7,13.2],[-46.8,13.5],[-47.9,14.1],[-48.8,14.1],[-49,14.3],[-49,14.6],[-49.4,15.8],[-51,16.1],[-52.6,16.3],[-54.2,16.8]]},"properties":{"id":"hur-al122007","event_type":"hurricane","name":"KAREN","year":2007,"max_wind_kt":65,"min_pressure_mb":988,"category":1,"preliminary":false,"start_date":"20070925","end_date":"20070929","track":[{"date":"20070925","time":"0000","status":"TD","lat":10,"lon":-35.9,"wind_kt":30,"pressure_mb":1006},{"date":"20070925","time":"0600","status":"TS","lat":10.3,"lon":-37,"wind_kt":35,"pressure_mb":1005},{"date":"20070925","time":"1200","status":"TS","lat":10.6,"lon":-38,"wind_kt":35,"pressure_mb":1005},{"date":"20070925","time":"1800","status":"TS","lat":10.8,"lon":-39.2,"wind_kt":35,"pressure_mb":1005},{"date":"20070926","time":"0000","status":"TS","lat":10.9,"lon":-40.4,"wind_kt":40,"pressure_mb":1003},{"date":"20070926","time":"0600","status":"TS","lat":11.2,"lon":-41.5,"wind_kt":50,"pressure_mb":997},{"date":"20070926","time":"1200","status":"HU","lat":11.7,"lon":-42.4,"wind_kt":65,"pressure_mb":988},{"date":"20070926","time":"1800","status":"HU","lat":12.3,"lon":-43.3,"wind_kt":65,"pressure_mb":990},{"date":"20070927","time":"0000","status":"TS","lat":12.8,"lon":-44.6,"wind_kt":60,"pressure_mb":995},{"date":"20070927","time":"0600","status":"TS","lat":13.2,"lon":-45.7,"wind_kt":55,"pressure_mb":998},{"date":"20070927","time":"1200","status":"TS","lat":13.5,"lon":-46.8,"wind_kt":55,"pressure_mb":1002},{"date":"20070927","time":"1800","status":"TS","lat":14.1,"lon":-47.9,"wind_kt":50,"pressure_mb":1005},{"date":"20070928","time":"0000","status":"TS","lat":14.1,"lon":-48.8,"wind_kt":50,"pressure_mb":1005},{"date":"20070928","time":"0600","status":"TS","lat":14.3,"lon":-49,"wind_kt":40,"pressure_mb":1007},{"date":"20070928","time":"1200","status":"TS","lat":14.6,"lon":-49,"wind_kt":35,"pressure_mb":1008},{"date":"20070928","time":"1800","status":"TS","lat":15.8,"lon":-49.4,"wind_kt":35,"pressure_mb":1008},{"date":"20070929","time":"0000","status":"TS","lat":16.1,"lon":-51,"wind_kt":35,"pressure_mb":1008},{"date":"20070929","time":"0600","status":"TD","lat":16.3,"lon":-52.6,"wind_kt":30,"pressure_mb":1008},{"date":"20070929","time":"1200","status":"LO","lat":16.8,"lon":-54.2,"wind_kt":30,"pressure_mb":1009}]}},{"type":"Feature","geometry":{"type":"LineString","coordinates":[[-94.8,21.8],[-95.2,21.7],[-95,21.2],[-94.7,21],[-94.4,21.2],[-94.7,21.2],[-94.8,20.8],[-95.1,20.6],[-95.7,20.5],[-96.3,20.5],[-97,20.5],[-97.1,20.5],[-98,20.5],[-98.7,20.7]]},"properties":{"id":"hur-al132007","event_type":"hurricane","name":"LORENZO","year":2007,"max_wind_kt":70,"min_pressure_mb":990,"category":1,"preliminary":false,"start_date":"20070925","end_date":"20070928","track":[{"date":"20070925","time":"1800","status":"TD","lat":21.8,"lon":-94.8,"wind_kt":25,"pressure_mb":1009},{"date":"20070926","time":"0000","status":"TD","lat":21.7,"lon":-95.2,"wind_kt":25,"pressure_mb":1008},{"date":"20070926","time":"0600","status":"TD","lat":21.2,"lon":-95,"wind_kt":25,"pressure_mb":1007},{"date":"20070926","time":"1200","status":"TD","lat":21,"lon":-94.7,"wind_kt":30,"pressure_mb":1008},{"date":"20070926","time":"1800","status":"TD","lat":21.2,"lon":-94.4,"wind_kt":30,"pressure_mb":1009},{"date":"20070927","time":"0000","status":"TD","lat":21.2,"lon":-94.7,"wind_kt":30,"pressure_mb":1008},{"date":"20070927","time":"0600","status":"TD","lat":20.8,"lon":-94.8,"wind_kt":30,"pressure_mb":1009},{"date":"20070927","time":"1200","status":"TS","lat":20.6,"lon":-95.1,"wind_kt":45,"pressure_mb":1006},{"date":"20070927","time":"1800","status":"TS","lat":20.5,"lon":-95.7,"wind_kt":60,"pressure_mb":1001},{"date":"20070928","time":"0000","status":"HU","lat":20.5,"lon":-96.3,"wind_kt":70,"pressure_mb":990},{"date":"20070928","time":"0500","status":"HU","lat":20.5,"lon":-97,"wind_kt":65,"pressure_mb":993},{"date":"20070928","time":"0600","status":"HU","lat":20.5,"lon":-97.1,"wind_kt":65,"pressure_mb":993},{"date":"20070928","time":"1200","status":"TD","lat":20.5,"lon":-98,"wind_kt":30,"pressure_mb":1002},{"date":"20070928","time":"1800","status":"TD","lat":20.7,"lon":-98.7,"wind_kt":20,"pressure_mb":1008}]}},{"type":"Feature","geometry":{"type":"LineString","coordinates":[[-25.8,14],[-26.2,14],[-26.6,14],[-27,14.2],[-27.4,14.5],[-28.1,15],[-29,15.3],[-29.9,15.6],[-30.9,15.8],[-32,15.9],[-33.3,16.1],[-34.8,16.2],[-36,16.3],[-37.2,16.5],[-38.6,16.9],[-40.1,17.2],[-41.5,17.5],[-42.6,18.2],[-43.5,18.9],[-44.5,19.5],[-45.5,20.1],[-46.5,20.7],[-47.5,21.3],[-48.7,21.7],[-49.7,22],[-50.7,22.4],[-51.3,23.1],[-51.9,23.7],[-52.5,24.3],[-53,24.5],[-53.5,24.6]]},"properties":{"id":"hur-al142007","event_type":"hurricane","name":"MELISSA","year":2007,"max_wind_kt":35,"min_pressure_mb":1005,"category":0,"preliminary":false,"start_date":"20070928","end_date":"20071005","track":[{"date":"20070928","time":"0600","status":"TD","lat":14,"lon":-25.8,"wind_kt":25,"pressure_mb":1010},{"date":"20070928","time":"1200","status":"TD","lat":14,"lon":-26.2,"wind_kt":30,"pressure_mb":1009},{"date":"20070928","time":"1800","status":"TD","lat":14,"lon":-26.6,"wind_kt":30,"pressure_mb":1008},{"date":"20070929","time":"0000","status":"TD","lat":14.2,"lon":-27,"wind_kt":30,"pressure_mb":1007},{"date":"20070929","time":"0600","status":"TS","lat":14.5,"lon":-27.4,"wind_kt":35,"pressure_mb":1006},{"date":"20070929","time":"1200","status":"TS","lat":15,"lon":-28.1,"wind_kt":35,"pressure_mb":1005},{"date":"20070929","time":"1800","status":"TS","lat":15.3,"lon":-29,"wind_kt":35,"pressure_mb":1005},{"date":"20070930","time":"0000","status":"TS","lat":15.6,"lon":-29.9,"wind_kt":35,"pressure_mb":1005},{"date":"20070930","time":"0600","status":"TD","lat":15.8,"lon":-30.9,"wind_kt":30,"pressure_mb":1006},{"date":"20070930","time":"1200","status":"TD","lat":15.9,"lon":-32,"wind_kt":25,"pressure_mb":1007},{"date":"20070930","time":"1800","status":"LO","lat":16.1,"lon":-33.3,"wind_kt":25,"pressure_mb":1007},{"date":"20071001","time":"0000","status":"LO","lat":16.2,"lon":-34.8,"wind_kt":25,"pressure_mb":1007},{"date":"20071001","time":"0600","status":"LO","lat":16.3,"lon":-36,"wind_kt":25,"pressure_mb":1007},{"date":"20071001","time":"1200","status":"LO","lat":16.5,"lon":-37.2,"wind_kt":25,"pressure_mb":1008},{"date":"20071001","time":"1800","status":"LO","lat":16.9,"lon":-38.6,"wind_kt":25,"pressure_mb":1008},{"date":"20071002","time":"0000","status":"LO","lat":17.2,"lon":-40.1,"wind_kt":25,"pressure_mb":1009},{"date":"20071002","time":"0600","status":"LO","lat":17.5,"lon":-41.5,"wind_kt":20,"pressure_mb":1010},{"date":"20071002","time":"1200","status":"LO","lat":18.2,"lon":-42.6,"wind_kt":20,"pressure_mb":1010},{"date":"20071002","time":"1800","status":"LO","lat":18.9,"lon":-43.5,"wind_kt":25,"pressure_mb":1010},{"date":"20071003","time":"0000","status":"LO","lat":19.5,"lon":-44.5,"wind_kt":25,"pressure_mb":1010},{"date":"20071003","time":"0600","status":"LO","lat":20.1,"lon":-45.5,"wind_kt":25,"pressure_mb":1010},{"date":"20071003","time":"1200","status":"LO","lat":20.7,"lon":-46.5,"wind_kt":25,"pressure_mb":1010},{"date":"20071003","time":"1800","status":"LO","lat":21.3,"lon":-47.5,"wind_kt":30,"pressure_mb":1010},{"date":"20071004","time":"0000","status":"LO","lat":21.7,"lon":-48.7,"wind_kt":25,"pressure_mb":1010},{"date":"20071004","time":"0600","status":"LO","lat":22,"lon":-49.7,"wind_kt":25,"pressure_mb":1010},{"date":"20071004","time":"1200","status":"LO","lat":22.4,"lon":-50.7,"wind_kt":25,"pressure_mb":1010},{"date":"20071004","time":"1800","status":"LO","lat":23.1,"lon":-51.3,"wind_kt":25,"pressure_mb":1010},{"date":"20071005","time":"0000","status":"LO","lat":23.7,"lon":-51.9,"wind_kt":25,"pressure_mb":1010},{"date":"20071005","time":"0600","status":"LO","lat":24.3,"lon":-52.5,"wind_kt":25,"pressure_mb":1010},{"date":"20071005","time":"1200","status":"LO","lat":24.5,"lon":-53,"wind_kt":20,"pressure_mb":1011},{"date":"20071005","time":"1800","status":"LO","lat":24.6,"lon":-53.5,"wind_kt":20,"pressure_mb":1011}]}},{"type":"Feature","geometry":{"type":"LineString","coordinates":[[-52.6,29.5],[-51,30.1],[-50,30],[-49.6,30.1],[-49.4,30.2],[-49.4,30.5],[-49.9,30.9],[-50.3,31.3],[-50.3,31.8],[-50,32.5],[-49.2,33.1],[-48.3,33.7],[-46.8,34.6],[-44.7,35.6],[-43,36],[-41.4,36.1],[-39.9,36.1],[-38.8,36.3],[-37,37.4],[-35.2,38.6],[-33.5,39.8],[-31.8,40.8],[-30.1,41.9],[-28.4,43.7],[-26.7,45.8],[-25.2,48.7]]},"properties":{"id":"hur-al152007","event_type":"hurricane","name":"FIFTEEN","year":2007,"max_wind_kt":45,"min_pressure_mb":996,"category":0,"preliminary":false,"start_date":"20071011","end_date":"20071017","track":[{"date":"20071011","time":"1200","status":"TD","lat":29.5,"lon":-52.6,"wind_kt":30,"pressure_mb":1011},{"date":"20071011","time":"1800","status":"TD","lat":30.1,"lon":-51,"wind_kt":30,"pressure_mb":1011},{"date":"20071012","time":"0000","status":"TD","lat":30,"lon":-50,"wind_kt":30,"pressure_mb":1011},{"date":"20071012","time":"0600","status":"TD","lat":30.1,"lon":-49.6,"wind_kt":30,"pressure_mb":1011},{"date":"20071012","time":"1200","status":"TD","lat":30.2,"lon":-49.4,"wind_kt":25,"pressure_mb":1011},{"date":"20071012","time":"1800","status":"TD","lat":30.5,"lon":-49.4,"wind_kt":25,"pressure_mb":1012},{"date":"20071013","time":"0000","status":"LO","lat":30.9,"lon":-49.9,"wind_kt":25,"pressure_mb":1012},{"date":"20071013","time":"0600","status":"LO","lat":31.3,"lon":-50.3,"wind_kt":25,"pressure_mb":1012},{"date":"20071013","time":"1200","status":"LO","lat":31.8,"lon":-50.3,"wind_kt":25,"pressure_mb":1013},{"date":"20071013","time":"1800","status":"LO","lat":32.5,"lon":-50,"wind_kt":25,"pressure_mb":1012},{"date":"20071014","time":"0000","status":"LO","lat":33.1,"lon":-49.2,"wind_kt":25,"pressure_mb":1012},{"date":"20071014","time":"0600","status":"LO","lat":33.7,"lon":-48.3,"wind_kt":25,"pressure_mb":1012},{"date":"20071014","time":"1200","status":"EX","lat":34.6,"lon":-46.8,"wind_kt":25,"pressure_mb":1010},{"date":"20071014","time":"1800","status":"EX","lat":35.6,"lon":-44.7,"wind_kt":25,"pressure_mb":1010},{"date":"20071015","time":"0000","status":"EX","lat":36,"lon":-43,"wind_kt":25,"pressure_mb":1009},{"date":"20071015","time":"0600","status":"EX","lat":36.1,"lon":-41.4,"wind_kt":30,"pressure_mb":1006},{"date":"20071015","time":"1200","status":"EX","lat":36.1,"lon":-39.9,"wind_kt":30,"pressure_mb":1005},{"date":"20071015","time":"1800","status":"EX","lat":36.3,"lon":-38.8,"wind_kt":30,"pressure_mb":1004},{"date":"20071016","time":"0000","status":"EX","lat":37.4,"lon":-37,"wind_kt":30,"pressure_mb":1003},{"date":"20071016","time":"0600","status":"EX","lat":38.6,"lon":-35.2,"wind_kt":30,"pressure_mb":1000},{"date":"20071016","time":"1200","status":"EX","lat":39.8,"lon":-33.5,"wind_kt":35,"pressure_mb":999},{"date":"20071016","time":"1800","status":"EX","lat":40.8,"lon":-31.8,"wind_kt":40,"pressure_mb":996},{"date":"20071017","time":"0000","status":"EX","lat":41.9,"lon":-30.1,"wind_kt":45,"pressure_mb":996},{"date":"20071017","time":"0600","status":"EX","lat":43.7,"lon":-28.4,"wind_kt":45,"pressure_mb":997},{"date":"20071017","time":"1200","status":"EX","lat":45.8,"lon":-26.7,"wind_kt":45,"pressure_mb":998},{"date":"20071017","time":"1800","status":"EX","lat":48.7,"lon":-25.2,"wind_kt":40,"pressure_mb":999}]}},{"type":"Feature","geometry":{"type":"LineString","coordinates":[[-60.2,18],[-60.7,18],[-61.2,18.1],[-61.7,18.4],[-62.3,18.8],[-62.9,19.1],[-63.5,19.2],[-64.1,19.1],[-64.8,18.8],[-65.7,18],[-66.7,17.2],[-67.7,16.5],[-68.5,16.1],[-69.3,15.7],[-70.1,15.3],[-71,15.4],[-71.2,15.7],[-71.4,16],[-71.6,16.3],[-71.8,16.6],[-72.1,17.1],[-72.4,18],[-72.5,18.1],[-72.9,19.2],[-73.6,20.2],[-74.6,21],[-75.8,21.1],[-76.8,20.8],[-77.4,20.8],[-77.8,21.2],[-78.1,21.8],[-78.3,22.5],[-78.8,22.6],[-78.6,22.9],[-78.3,23.4],[-78,23.9],[-77.9,24.1],[-77.4,25],[-77.3,25.1],[-76.5,26.4],[-75.6,27.7],[-74.4,28.7],[-73.3,30.3],[-72.4,32.3],[-71.7,34.3],[-70.9,36.4],[-69.7,38.8],[-68.2,41.1],[-66.2,43.6],[-64.3,47.5],[-62.2,51.2],[-59.6,54.8],[-57.6,57.9],[-55.4,60.4],[-53.3,62.3],[-50.4,64.2]]},"properties":{"id":"hur-al162007","event_type":"hurricane","name":"NOEL","year":2007,"max_wind_kt":75,"min_pressure_mb":965,"category":1,"preliminary":false,"start_date":"20071024","end_date":"20071106","track":[{"date":"20071024","time":"0000","status":"LO","lat":18,"lon":-60.2,"wind_kt":20,"pressure_mb":1010},{"date":"20071024","time":"0600","status":"LO","lat":18,"lon":-60.7,"wind_kt":25,"pressure_mb":1009},{"date":"20071024","time":"1200","status":"LO","lat":18.1,"lon":-61.2,"wind_kt":25,"pressure_mb":1009},{"date":"20071024","time":"1800","status":"LO","lat":18.4,"lon":-61.7,"wind_kt":25,"pressure_mb":1009},{"date":"20071025","time":"0000","status":"LO","lat":18.8,"lon":-62.3,"wind_kt":25,"pressure_mb":1009},{"date":"20071025","time":"0600","status":"LO","lat":19.1,"lon":-62.9,"wind_kt":25,"pressure_mb":1007},{"date":"20071025","time":"1200","status":"LO","lat":19.2,"lon":-63.5,"wind_kt":25,"pressure_mb":1007},{"date":"20071025","time":"1800","status":"LO","lat":19.1,"lon":-64.1,"wind_kt":25,"pressure_mb":1006},{"date":"20071026","time":"0000","status":"LO","lat":18.8,"lon":-64.8,"wind_kt":25,"pressure_mb":1005},{"date":"20071026","time":"0600","status":"LO","lat":18,"lon":-65.7,"wind_kt":25,"pressure_mb":1005},{"date":"20071026","time":"1200","status":"LO","lat":17.2,"lon":-66.7,"wind_kt":25,"pressure_mb":1004},{"date":"20071026","time":"1800","status":"LO","lat":16.5,"lon":-67.7,"wind_kt":25,"pressure_mb":1004},{"date":"20071027","time":"0000","status":"LO","lat":16.1,"lon":-68.5,"wind_kt":25,"pressure_mb":1004},{"date":"20071027","time":"0600","status":"LO","lat":15.7,"lon":-69.3,"wind_kt":25,"pressure_mb":1004},{"date":"20071027","time":"1200","status":"LO","lat":15.3,"lon":-70.1,"wind_kt":25,"pressure_mb":1004},{"date":"20071027","time":"1800","status":"LO","lat":15.4,"lon":-71,"wind_kt":25,"pressure_mb":1004},{"date":"20071028","time":"0000","status":"TD","lat":15.7,"lon":-71.2,"wind_kt":30,"pressure_mb":1003},{"date":"20071028","time":"0600","status":"TD","lat":16,"lon":-71.4,"wind_kt":30,"pressure_mb":1002},{"date":"20071028","time":"1200","status":"TS","lat":16.3,"lon":-71.6,"wind_kt":40,"pressure_mb":999},{"date":"20071028","time":"1800","status":"TS","lat":16.6,"lon":-71.8,"wind_kt":50,"pressure_mb":996},{"date":"20071029","time":"0000","status":"TS","lat":17.1,"lon":-72.1,"wind_kt":50,"pressure_mb":999},{"date":"20071029","time":"0600","status":"TS","lat":18,"lon":-72.4,"wind_kt":45,"pressure_mb":1002},{"date":"20071029","time":"0700","status":"TS","lat":18.1,"lon":-72.5,"wind_kt":45,"pressure_mb":1002},{"date":"20071029","time":"1200","status":"TS","lat":19.2,"lon":-72.9,"wind_kt":40,"pressure_mb":1002},{"date":"20071029","time":"1800","status":"TS","lat":20.2,"lon":-73.6,"wind_kt":45,"pressure_mb":1001},{"date":"20071030","time":"0000","status":"TS","lat":21,"lon":-74.6,"wind_kt":45,"pressure_mb":999},{"date":"20071030","time":"0600","status":"TS","lat":21.1,"lon":-75.8,"wind_kt":50,"pressure_mb":997},{"date":"20071030","time":"1200","status":"TS","lat":20.8,"lon":-76.8,"wind_kt":40,"pressure_mb":999},{"date":"20071030","time":"1800","status":"TS","lat":20.8,"lon":-77.4,"wind_kt":35,"pressure_mb":1000},{"date":"20071031","time":"0000","status":"TS","lat":21.2,"lon":-77.8,"wind_kt":35,"pressure_mb":1000},{"date":"20071031","time":"0600","status":"TS","lat":21.8,"lon":-78.1,"wind_kt":35,"pressure_mb":1000},{"date":"20071031","time":"1200","status":"TS","lat":22.5,"lon":-78.3,"wind_kt":45,"pressure_mb":995},{"date":"20071031","time":"1800","status":"TS","lat":22.6,"lon":-78.8,"wind_kt":45,"pressure_mb":995},{"date":"20071101","time":"0000","status":"TS","lat":22.9,"lon":-78.6,"wind_kt":50,"pressure_mb":995},{"date":"20071101","time":"0600","status":"TS","lat":23.4,"lon":-78.3,"wind_kt":50,"pressure_mb":993},{"date":"20071101","time":"1200","status":"TS","lat":23.9,"lon":-78,"wind_kt":50,"pressure_mb":993},{"date":"20071101","time":"1315","status":"TS","lat":24.1,"lon":-77.9,"wind_kt":50,"pressure_mb":993},{"date":"20071101","time":"1745","status":"TS","lat":25,"lon":-77.4,"wind_kt":55,"pressure_mb":992},{"date":"20071101","time":"1800","status":"TS","lat":25.1,"lon":-77.3,"wind_kt":55,"pressure_mb":992},{"date":"20071102","time":"0000","status":"HU","lat":26.4,"lon":-76.5,"wind_kt":70,"pressure_mb":981},{"date":"20071102","time":"0600","status":"HU","lat":27.7,"lon":-75.6,"wind_kt":70,"pressure_mb":981},{"date":"20071102","time":"1200","status":"HU","lat":28.7,"lon":-74.4,"wind_kt":70,"pressure_mb":981},{"date":"20071102","time":"1800","status":"HU","lat":30.3,"lon":-73.3,"wind_kt":70,"pressure_mb":980},{"date":"20071103","time":"0000","status":"EX","lat":32.3,"lon":-72.4,"wind_kt":70,"pressure_mb":980},{"date":"20071103","time":"0600","status":"EX","lat":34.3,"lon":-71.7,"wind_kt":70,"pressure_mb":980},{"date":"20071103","time":"1200","status":"EX","lat":36.4,"lon":-70.9,"wind_kt":75,"pressure_mb":974},{"date":"20071103","time":"1800","status":"EX","lat":38.8,"lon":-69.7,"wind_kt":75,"pressure_mb":970},{"date":"20071104","time":"0000","status":"EX","lat":41.1,"lon":-68.2,"wind_kt":70,"pressure_mb":968},{"date":"20071104","time":"0600","status":"EX","lat":43.6,"lon":-66.2,"wind_kt":65,"pressure_mb":965},{"date":"20071104","time":"1200","status":"EX","lat":47.5,"lon":-64.3,"wind_kt":60,"pressure_mb":966},{"date":"20071104","time":"1800","status":"EX","lat":51.2,"lon":-62.2,"wind_kt":60,"pressure_mb":966},{"date":"20071105","time":"0000","status":"EX","lat":54.8,"lon":-59.6,"wind_kt":60,"pressure_mb":967},{"date":"20071105","time":"0600","status":"EX","lat":57.9,"lon":-57.6,"wind_kt":55,"pressure_mb":967},{"date":"20071105","time":"1200","status":"EX","lat":60.4,"lon":-55.4,"wind_kt":55,"pressure_mb":968},{"date":"20071105","time":"1800","status":"EX","lat":62.3,"lon":-53.3,"wind_kt":55,"pressure_mb":974},{"date":"20071106","time":"0000","status":"EX","lat":64.2,"lon":-50.4,"wind_kt":45,"pressure_mb":983}]}},{"type":"Feature","geometry":{"type":"LineString","coordinates":[[-61.8,18.3],[-63.2,18.3],[-64.7,18.4],[-66.3,18.5],[-66.5,18.4],[-67.4,18.3],[-68.4,18.5],[-70,19],[-71.9,19.1],[-73.8,19.1],[-75.7,19],[-77.2,18.9],[-78.7,19],[-80.1,19.4],[-81.3,19.6],[-82.3,19.7],[-83.3,19.7],[-84.2,19.6],[-85.1,19.5],[-85.8,20],[-86.5,20.6],[-87.4,21.7],[-88.2,23.3],[-87.2,25],[-85.2,26.3]]},"properties":{"id":"hur-al172007","event_type":"hurricane","name":"OLGA","year":2007,"max_wind_kt":50,"min_pressure_mb":1003,"category":0,"preliminary":false,"start_date":"20071210","end_date":"20071216","track":[{"date":"20071210","time":"1200","status":"LO","lat":18.3,"lon":-61.8,"wind_kt":35,"pressure_mb":1009},{"date":"20071210","time":"1800","status":"LO","lat":18.3,"lon":-63.2,"wind_kt":35,"pressure_mb":1008},{"date":"20071211","time":"0000","status":"SS","lat":18.4,"lon":-64.7,"wind_kt":35,"pressure_mb":1007},{"date":"20071211","time":"0600","status":"SS","lat":18.5,"lon":-66.3,"wind_kt":40,"pressure_mb":1005},{"date":"20071211","time":"0700","status":"SS","lat":18.4,"lon":-66.5,"wind_kt":40,"pressure_mb":1005},{"date":"20071211","time":"1200","status":"SS","lat":18.3,"lon":-67.4,"wind_kt":45,"pressure_mb":1004},{"date":"20071211","time":"1800","status":"TS","lat":18.5,"lon":-68.4,"wind_kt":50,"pressure_mb":1003},{"date":"20071212","time":"0000","status":"TS","lat":19,"lon":-70,"wind_kt":50,"pressure_mb":1003},{"date":"20071212","time":"0600","status":"TS","lat":19.1,"lon":-71.9,"wind_kt":40,"pressure_mb":1005},{"date":"20071212","time":"1200","status":"TS","lat":19.1,"lon":-73.8,"wind_kt":35,"pressure_mb":1008},{"date":"20071212","time":"1800","status":"TD","lat":19,"lon":-75.7,"wind_kt":30,"pressure_mb":1008},{"date":"20071213","time":"0000","status":"LO","lat":18.9,"lon":-77.2,"wind_kt":30,"pressure_mb":1008},{"date":"20071213","time":"0600","status":"LO","lat":19,"lon":-78.7,"wind_kt":30,"pressure_mb":1007},{"date":"20071213","time":"1200","status":"LO","lat":19.4,"lon":-80.1,"wind_kt":30,"pressure_mb":1007},{"date":"20071213","time":"1800","status":"LO","lat":19.6,"lon":-81.3,"wind_kt":30,"pressure_mb":1007},{"date":"20071214","time":"0000","status":"LO","lat":19.7,"lon":-82.3,"wind_kt":30,"pressure_mb":1007},{"date":"20071214","time":"0600","status":"LO","lat":19.7,"lon":-83.3,"wind_kt":30,"pressure_mb":1007},{"date":"20071214","time":"1200","status":"LO","lat":19.6,"lon":-84.2,"wind_kt":30,"pressure_mb":1007},{"date":"20071214","time":"1800","status":"LO","lat":19.5,"lon":-85.1,"wind_kt":30,"pressure_mb":1007},{"date":"20071215","time":"0000","status":"LO","lat":20,"lon":-85.8,"wind_kt":30,"pressure_mb":1006},{"date":"20071215","time":"0600","status":"LO","lat":20.6,"lon":-86.5,"wind_kt":30,"pressure_mb":1006},{"date":"20071215","time":"1200","status":"LO","lat":21.7,"lon":-87.4,"wind_kt":30,"pressure_mb":1007},{"date":"20071215","time":"1800","status":"LO","lat":23.3,"lon":-88.2,"wind_kt":30,"pressure_mb":1007},{"date":"20071216","time":"0000","status":"LO","lat":25,"lon":-87.2,"wind_kt":30,"pressure_mb":1005},{"date":"20071216","time":"0600","status":"LO","lat":26.3,"lon":-85.2,"wind_kt":25,"pressure_mb":1006}]}},{"type":"Feature","geometry":{"type":"LineString","coordinates":[[-87.5,17.5],[-88,17.8],[-88.2,17.9],[-88.4,18],[-88.8,18.2],[-89.2,18.3],[-89.8,18.2],[-90.4,18],[-90.8,17.8],[-91.1,17.6]]},"properties":{"id":"hur-al012008","event_type":"hurricane","name":"ARTHUR","year":2008,"max_wind_kt":40,"min_pressure_mb":1004,"category":0,"preliminary":false,"start_date":"20080531","end_date":"20080602","track":[{"date":"20080531","time":"0000","status":"TS","lat":17.5,"lon":-87.5,"wind_kt":35,"pressure_mb":1005},{"date":"20080531","time":"0600","status":"TS","lat":17.8,"lon":-88,"wind_kt":40,"pressure_mb":1004},{"date":"20080531","time":"0900","status":"TS","lat":17.9,"lon":-88.2,"wind_kt":40,"pressure_mb":1004},{"date":"20080531","time":"1200","status":"TS","lat":18,"lon":-88.4,"wind_kt":35,"pressure_mb":1005},{"date":"20080531","time":"1800","status":"TS","lat":18.2,"lon":-88.8,"wind_kt":35,"pressure_mb":1005},{"date":"20080601","time":"0000","status":"TS","lat":18.3,"lon":-89.2,"wind_kt":35,"pressure_mb":1006},{"date":"20080601","time":"0600","status":"TS","lat":18.2,"lon":-89.8,"wind_kt":35,"pressure_mb":1006},{"date":"20080601","time":"1200","status":"TD","lat":18,"lon":-90.4,"wind_kt":30,"pressure_mb":1006},{"date":"20080601","time":"1800","status":"TD","lat":17.8,"lon":-90.8,"wind_kt":30,"pressure_mb":1006},{"date":"20080602","time":"0000","status":"LO","lat":17.6,"lon":-91.1,"wind_kt":25,"pressure_mb":1006}]}},{"type":"Feature","geometry":{"type":"LineString","coordinates":[[-22.9,12.7],[-24,13.1],[-25.2,13.2],[-26.5,13.4],[-27.8,14],[-29.2,14.8],[-30.8,15.4],[-32.6,15.8],[-34.4,16.3],[-36.4,16.4],[-38.4,16.6],[-40.3,16.8],[-42.3,17],[-44.3,17.6],[-46.2,18.4],[-47.9,18.8],[-49.4,19.1],[-50.7,19.4],[-51.6,19.9],[-51.9,20.3],[-52.2,20.6],[-52.9,21.1],[-53.5,21.8],[-54.4,22.4],[-55.2,22.7],[-56.1,23.2],[-57,23.8],[-57.8,24.5],[-58.6,25.2],[-59.1,25.7],[-59.8,26.3],[-60.5,26.9],[-61,27.4],[-61.5,27.8],[-61.8,28.3],[-62.1,28.8],[-62.3,29.3],[-62.5,29.5],[-62.5,29.7],[-62.5,29.9],[-62.4,29.9],[-62.5,29.8],[-62.7,29.9],[-62.9,30.1],[-63.1,30.5],[-63.5,31],[-63.8,31.6],[-64.1,32.5],[-63.8,33.5],[-63.5,34.3],[-63,35.3],[-62.5,36.2],[-61.8,36.7],[-61.3,36.8],[-60.9,36.8],[-60.7,36.3],[-60.3,35.7],[-59.7,34.9],[-58.9,34.3],[-57.8,33.9],[-56,33.7],[-54.4,34.4],[-53,35.5],[-51.5,36.9],[-49.7,38.6],[-48,40.4],[-46.3,42.1],[-44.3,43.7],[-42.4,45.3],[-40,47.6],[-37,50],[-34,53],[-31,55.1],[-27,58.5]]},"properties":{"id":"hur-al022008","event_type":"hurricane","name":"BERTHA","year":2008,"max_wind_kt":110,"min_pressure_mb":952,"category":3,"preliminary":false,"start_date":"20080703","end_date":"20080721","track":[{"date":"20080703","time":"0600","status":"TD","lat":12.7,"lon":-22.9,"wind_kt":30,"pressure_mb":1008},{"date":"20080703","time":"1200","status":"TS","lat":13.1,"lon":-24,"wind_kt":35,"pressure_mb":1006},{"date":"20080703","time":"1800","status":"TS","lat":13.2,"lon":-25.2,"wind_kt":35,"pressure_mb":1006},{"date":"20080704","time":"0000","status":"TS","lat":13.4,"lon":-26.5,"wind_kt":40,"pressure_mb":1006},{"date":"20080704","time":"0600","status":"TS","lat":14,"lon":-27.8,"wind_kt":40,"pressure_mb":1003},{"date":"20080704","time":"1200","status":"TS","lat":14.8,"lon":-29.2,"wind_kt":45,"pressure_mb":1000},{"date":"20080704","time":"1800","status":"TS","lat":15.4,"lon":-30.8,"wind_kt":45,"pressure_mb":1000},{"date":"20080705","time":"0000","status":"TS","lat":15.8,"lon":-32.6,"wind_kt":45,"pressure_mb":1000},{"date":"20080705","time":"0600","status":"TS","lat":16.3,"lon":-34.4,"wind_kt":45,"pressure_mb":1000},{"date":"20080705","time":"1200","status":"TS","lat":16.4,"lon":-36.4,"wind_kt":45,"pressure_mb":1000},{"date":"20080705","time":"1800","status":"TS","lat":16.6,"lon":-38.4,"wind_kt":45,"pressure_mb":1000},{"date":"20080706","time":"0000","status":"TS","lat":16.8,"lon":-40.3,"wind_kt":45,"pressure_mb":1000},{"date":"20080706","time":"0600","status":"TS","lat":17,"lon":-42.3,"wind_kt":45,"pressure_mb":1000},{"date":"20080706","time":"1200","status":"TS","lat":17.6,"lon":-44.3,"wind_kt":45,"pressure_mb":1000},{"date":"20080706","time":"1800","status":"TS","lat":18.4,"lon":-46.2,"wind_kt":45,"pressure_mb":1000},{"date":"20080707","time":"0000","status":"TS","lat":18.8,"lon":-47.9,"wind_kt":55,"pressure_mb":994},{"date":"20080707","time":"0600","status":"HU","lat":19.1,"lon":-49.4,"wind_kt":65,"pressure_mb":987},{"date":"20080707","time":"1200","status":"HU","lat":19.4,"lon":-50.7,"wind_kt":80,"pressure_mb":975},{"date":"20080707","time":"1800","status":"HU","lat":19.9,"lon":-51.6,"wind_kt":100,"pressure_mb":960},{"date":"20080707","time":"2100","status":"HU","lat":20.3,"lon":-51.9,"wind_kt":110,"pressure_mb":952},{"date":"20080708","time":"0000","status":"HU","lat":20.6,"lon":-52.2,"wind_kt":105,"pressure_mb":955},{"date":"20080708","time":"0600","status":"HU","lat":21.1,"lon":-52.9,"wind_kt":105,"pressure_mb":955},{"date":"20080708","time":"1200","status":"HU","lat":21.8,"lon":-53.5,"wind_kt":90,"pressure_mb":970},{"date":"20080708","time":"1800","status":"HU","lat":22.4,"lon":-54.4,"wind_kt":75,"pressure_mb":980},{"date":"20080709","time":"0000","status":"HU","lat":22.7,"lon":-55.2,"wind_kt":70,"pressure_mb":985},{"date":"20080709","time":"0600","status":"HU","lat":23.2,"lon":-56.1,"wind_kt":65,"pressure_mb":987},{"date":"20080709","time":"1200","status":"HU","lat":23.8,"lon":-57,"wind_kt":65,"pressure_mb":987},{"date":"20080709","time":"1800","status":"HU","lat":24.5,"lon":-57.8,"wind_kt":85,"pressure_mb":974},{"date":"20080710","time":"0000","status":"HU","lat":25.2,"lon":-58.6,"wind_kt":90,"pressure_mb":970},{"date":"20080710","time":"0600","status":"HU","lat":25.7,"lon":-59.1,"wind_kt":90,"pressure_mb":970},{"date":"20080710","time":"1200","status":"HU","lat":26.3,"lon":-59.8,"wind_kt":80,"pressure_mb":977},{"date":"20080710","time":"1800","status":"HU","lat":26.9,"lon":-60.5,"wind_kt":75,"pressure_mb":980},{"date":"20080711","time":"0000","status":"HU","lat":27.4,"lon":-61,"wind_kt":75,"pressure_mb":980},{"date":"20080711","time":"0600","status":"HU","lat":27.8,"lon":-61.5,"wind_kt":75,"pressure_mb":980},{"date":"20080711","time":"1200","status":"HU","lat":28.3,"lon":-61.8,"wind_kt":75,"pressure_mb":980},{"date":"20080711","time":"1800","status":"HU","lat":28.8,"lon":-62.1,"wind_kt":80,"pressure_mb":976},{"date":"20080712","time":"0000","status":"HU","lat":29.3,"lon":-62.3,"wind_kt":80,"pressure_mb":976},{"date":"20080712","time":"0600","status":"HU","lat":29.5,"lon":-62.5,"wind_kt":80,"pressure_mb":976},{"date":"20080712","time":"1200","status":"HU","lat":29.7,"lon":-62.5,"wind_kt":75,"pressure_mb":976},{"date":"20080712","time":"1800","status":"HU","lat":29.9,"lon":-62.5,"wind_kt":65,"pressure_mb":983},{"date":"20080713","time":"0000","status":"HU","lat":29.9,"lon":-62.4,"wind_kt":65,"pressure_mb":984},{"date":"20080713","time":"0600","status":"HU","lat":29.8,"lon":-62.5,"wind_kt":65,"pressure_mb":985},{"date":"20080713","time":"1200","status":"TS","lat":29.9,"lon":-62.7,"wind_kt":60,"pressure_mb":988},{"date":"20080713","time":"1800","status":"TS","lat":30.1,"lon":-62.9,"wind_kt":55,"pressure_mb":991},{"date":"20080714","time":"0000","status":"TS","lat":30.5,"lon":-63.1,"wind_kt":55,"pressure_mb":990},{"date":"20080714","time":"0600","status":"TS","lat":31,"lon":-63.5,"wind_kt":55,"pressure_mb":990},{"date":"20080714","time":"1200","status":"TS","lat":31.6,"lon":-63.8,"wind_kt":55,"pressure_mb":994},{"date":"20080714","time":"1800","status":"TS","lat":32.5,"lon":-64.1,"wind_kt":60,"pressure_mb":995},{"date":"20080715","time":"0000","status":"TS","lat":33.5,"lon":-63.8,"wind_kt":60,"pressure_mb":995},{"date":"20080715","time":"0600","status":"TS","lat":34.3,"lon":-63.5,"wind_kt":60,"pressure_mb":995},{"date":"20080715","time":"1200","status":"TS","lat":35.3,"lon":-63,"wind_kt":60,"pressure_mb":995},{"date":"20080715","time":"1800","status":"TS","lat":36.2,"lon":-62.5,"wind_kt":60,"pressure_mb":995},{"date":"20080716","time":"0000","status":"TS","lat":36.7,"lon":-61.8,"wind_kt":60,"pressure_mb":995},{"date":"20080716","time":"0600","status":"TS","lat":36.8,"lon":-61.3,"wind_kt":60,"pressure_mb":995},{"date":"20080716","time":"1200","status":"TS","lat":36.8,"lon":-60.9,"wind_kt":60,"pressure_mb":995},{"date":"20080716","time":"1800","status":"TS","lat":36.3,"lon":-60.7,"wind_kt":60,"pressure_mb":995},{"date":"20080717","time":"0000","status":"TS","lat":35.7,"lon":-60.3,"wind_kt":55,"pressure_mb":996},{"date":"20080717","time":"0600","status":"TS","lat":34.9,"lon":-59.7,"wind_kt":50,"pressure_mb":997},{"date":"20080717","time":"1200","status":"TS","lat":34.3,"lon":-58.9,"wind_kt":50,"pressure_mb":997},{"date":"20080717","time":"1800","status":"TS","lat":33.9,"lon":-57.8,"wind_kt":50,"pressure_mb":997},{"date":"20080718","time":"0000","status":"TS","lat":33.7,"lon":-56,"wind_kt":50,"pressure_mb":997},{"date":"20080718","time":"0600","status":"TS","lat":34.4,"lon":-54.4,"wind_kt":55,"pressure_mb":995},{"date":"20080718","time":"1200","status":"TS","lat":35.5,"lon":-53,"wind_kt":55,"pressure_mb":995},{"date":"20080718","time":"1800","status":"HU","lat":36.9,"lon":-51.5,"wind_kt":65,"pressure_mb":989},{"date":"20080719","time":"0000","status":"HU","lat":38.6,"lon":-49.7,"wind_kt":65,"pressure_mb":989},{"date":"20080719","time":"0600","status":"HU","lat":40.4,"lon":-48,"wind_kt":65,"pressure_mb":989},{"date":"20080719","time":"1200","status":"HU","lat":42.1,"lon":-46.3,"wind_kt":65,"pressure_mb":989},{"date":"20080719","time":"1800","status":"HU","lat":43.7,"lon":-44.3,"wind_kt":65,"pressure_mb":989},{"date":"20080720","time":"0000","status":"TS","lat":45.3,"lon":-42.4,"wind_kt":60,"pressure_mb":990},{"date":"20080720","time":"0600","status":"TS","lat":47.6,"lon":-40,"wind_kt":60,"pressure_mb":985},{"date":"20080720","time":"1200","status":"EX","lat":50,"lon":-37,"wind_kt":60,"pressure_mb":985},{"date":"20080720","time":"1800","status":"EX","lat":53,"lon":-34,"wind_kt":55,"pressure_mb":990},{"date":"20080721","time":"0000","status":"EX","lat":55.1,"lon":-31,"wind_kt":50,"pressure_mb":990},{"date":"20080721","time":"0600","status":"EX","lat":58.5,"lon":-27,"wind_kt":45,"pressure_mb":990}]}},{"type":"Feature","geometry":{"type":"LineString","coordinates":[[-79.8,31.7],[-79.4,32.2],[-78.8,32.4],[-78.2,32.8],[-77.8,33.2],[-77.4,33.7],[-76.7,34.1],[-76.1,34.5],[-75.4,34.9],[-74.3,35.6],[-73.2,36.2],[-72,36.8],[-70.7,37.4],[-69.2,38.4],[-67,40],[-64.2,41.7],[-60.7,43.3],[-57.5,44.4]]},"properties":{"id":"hur-al032008","event_type":"hurricane","name":"CRISTOBAL","year":2008,"max_wind_kt":55,"min_pressure_mb":998,"category":0,"preliminary":false,"start_date":"20080719","end_date":"20080723","track":[{"date":"20080719","time":"0000","status":"TD","lat":31.7,"lon":-79.8,"wind_kt":25,"pressure_mb":1010},{"date":"20080719","time":"0600","status":"TD","lat":32.2,"lon":-79.4,"wind_kt":25,"pressure_mb":1009},{"date":"20080719","time":"1200","status":"TS","lat":32.4,"lon":-78.8,"wind_kt":35,"pressure_mb":1007},{"date":"20080719","time":"1800","status":"TS","lat":32.8,"lon":-78.2,"wind_kt":45,"pressure_mb":1006},{"date":"20080720","time":"0000","status":"TS","lat":33.2,"lon":-77.8,"wind_kt":45,"pressure_mb":1006},{"date":"20080720","time":"0600","status":"TS","lat":33.7,"lon":-77.4,"wind_kt":45,"pressure_mb":1006},{"date":"20080720","time":"1200","status":"TS","lat":34.1,"lon":-76.7,"wind_kt":45,"pressure_mb":1006},{"date":"20080720","time":"1800","status":"TS","lat":34.5,"lon":-76.1,"wind_kt":45,"pressure_mb":1007},{"date":"20080721","time":"0000","status":"TS","lat":34.9,"lon":-75.4,"wind_kt":45,"pressure_mb":1005},{"date":"20080721","time":"0600","status":"TS","lat":35.6,"lon":-74.3,"wind_kt":50,"pressure_mb":1004},{"date":"20080721","time":"1200","status":"TS","lat":36.2,"lon":-73.2,"wind_kt":55,"pressure_mb":1000},{"date":"20080721","time":"1800","status":"TS","lat":36.8,"lon":-72,"wind_kt":55,"pressure_mb":1000},{"date":"20080722","time":"0000","status":"TS","lat":37.4,"lon":-70.7,"wind_kt":55,"pressure_mb":1000},{"date":"20080722","time":"0600","status":"TS","lat":38.4,"lon":-69.2,"wind_kt":55,"pressure_mb":1000},{"date":"20080722","time":"1200","status":"TS","lat":40,"lon":-67,"wind_kt":55,"pressure_mb":998},{"date":"20080722","time":"1800","status":"TS","lat":41.7,"lon":-64.2,"wind_kt":50,"pressure_mb":1000},{"date":"20080723","time":"0000","status":"TS","lat":43.3,"lon":-60.7,"wind_kt":45,"pressure_mb":1001},{"date":"20080723","time":"0600","status":"TS","lat":44.4,"lon":-57.5,"wind_kt":40,"pressure_mb":1004}]}},{"type":"Feature","geometry":{"type":"LineString","coordinates":[[-83.6,17.8],[-84.6,18.6],[-85.8,19.8],[-87,20.8],[-87.2,20.9],[-88.8,21.8],[-90.4,22.8],[-92,23],[-93.3,23.2],[-94.1,23.7],[-94.9,24.3],[-95.7,24.9],[-96.2,25.4],[-96.7,25.9],[-96.8,26],[-97.2,26.4],[-97.2,26.4],[-97.4,26.4],[-97.8,26.5],[-98.3,26.7],[-98.9,27.2],[-100,27.9],[-101.4,28.3],[-102.7,28.5],[-104,28.8],[-105,29.4],[-105.7,30],[-106,30.5],[-106.3,31],[-106.7,31.9],[-106.3,32.9]]},"properties":{"id":"hur-al042008","event_type":"hurricane","name":"DOLLY","year":2008,"max_wind_kt":85,"min_pressure_mb":963,"category":2,"preliminary":false,"start_date":"20080720","end_date":"20080727","track":[{"date":"20080720","time":"1200","status":"TS","lat":17.8,"lon":-83.6,"wind_kt":40,"pressure_mb":1008},{"date":"20080720","time":"1800","status":"TS","lat":18.6,"lon":-84.6,"wind_kt":40,"pressure_mb":1008},{"date":"20080721","time":"0000","status":"TS","lat":19.8,"lon":-85.8,"wind_kt":45,"pressure_mb":1007},{"date":"20080721","time":"0530","status":"TS","lat":20.8,"lon":-87,"wind_kt":45,"pressure_mb":1007},{"date":"20080721","time":"0600","status":"TS","lat":20.9,"lon":-87.2,"wind_kt":45,"pressure_mb":1007},{"date":"20080721","time":"1200","status":"TS","lat":21.8,"lon":-88.8,"wind_kt":45,"pressure_mb":1005},{"date":"20080721","time":"1800","status":"TS","lat":22.8,"lon":-90.4,"wind_kt":45,"pressure_mb":1005},{"date":"20080722","time":"0000","status":"TS","lat":23,"lon":-92,"wind_kt":45,"pressure_mb":1000},{"date":"20080722","time":"0600","status":"TS","lat":23.2,"lon":-93.3,"wind_kt":45,"pressure_mb":999},{"date":"20080722","time":"1200","status":"TS","lat":23.7,"lon":-94.1,"wind_kt":55,"pressure_mb":993},{"date":"20080722","time":"1800","status":"TS","lat":24.3,"lon":-94.9,"wind_kt":60,"pressure_mb":990},{"date":"20080723","time":"0000","status":"HU","lat":24.9,"lon":-95.7,"wind_kt":65,"pressure_mb":982},{"date":"20080723","time":"0600","status":"HU","lat":25.4,"lon":-96.2,"wind_kt":70,"pressure_mb":982},{"date":"20080723","time":"1200","status":"HU","lat":25.9,"lon":-96.7,"wind_kt":85,"pressure_mb":967},{"date":"20080723","time":"1400","status":"HU","lat":26,"lon":-96.8,"wind_kt":85,"pressure_mb":963},{"date":"20080723","time":"1800","status":"HU","lat":26.4,"lon":-97.2,"wind_kt":75,"pressure_mb":967},{"date":"20080723","time":"1820","status":"HU","lat":26.4,"lon":-97.2,"wind_kt":75,"pressure_mb":967},{"date":"20080723","time":"2000","status":"HU","lat":26.4,"lon":-97.4,"wind_kt":70,"pressure_mb":967},{"date":"20080724","time":"0000","status":"HU","lat":26.5,"lon":-97.8,"wind_kt":65,"pressure_mb":976},{"date":"20080724","time":"0600","status":"TS","lat":26.7,"lon":-98.3,"wind_kt":55,"pressure_mb":986},{"date":"20080724","time":"1200","status":"TS","lat":27.2,"lon":-98.9,"wind_kt":45,"pressure_mb":992},{"date":"20080724","time":"1800","status":"TS","lat":27.9,"lon":-100,"wind_kt":35,"pressure_mb":995},{"date":"20080725","time":"0000","status":"TD","lat":28.3,"lon":-101.4,"wind_kt":25,"pressure_mb":1000},{"date":"20080725","time":"0600","status":"TD","lat":28.5,"lon":-102.7,"wind_kt":25,"pressure_mb":1004},{"date":"20080725","time":"1200","status":"TD","lat":28.8,"lon":-104,"wind_kt":25,"pressure_mb":1008},{"date":"20080725","time":"1800","status":"TD","lat":29.4,"lon":-105,"wind_kt":25,"pressure_mb":1009},{"date":"20080726","time":"0000","status":"LO","lat":30,"lon":-105.7,"wind_kt":20,"pressure_mb":1012},{"date":"20080726","time":"0600","status":"LO","lat":30.5,"lon":-106,"wind_kt":20,"pressure_mb":1011},{"date":"20080726","time":"1200","status":"LO","lat":31,"lon":-106.3,"wind_kt":20,"pressure_mb":1010},{"date":"20080726","time":"1800","status":"LO","lat":31.9,"lon":-106.7,"wind_kt":20,"pressure_mb":1014},{"date":"20080727","time":"0000","status":"LO","lat":32.9,"lon":-106.3,"wind_kt":20,"pressure_mb":1016}]}},{"type":"Feature","geometry":{"type":"LineString","coordinates":[[-87.4,28.1],[-87.8,28.1],[-88.5,28.1],[-89.6,28.1],[-90.3,28.1],[-91,28.3],[-91.7,28.5],[-92.9,29],[-94.2,29.6],[-94.8,30],[-95.7,30.6],[-97,31.4],[-98,32],[-98.7,32.7]]},"properties":{"id":"hur-al052008","event_type":"hurricane","name":"EDOUARD","year":2008,"max_wind_kt":55,"min_pressure_mb":996,"category":0,"preliminary":false,"start_date":"20080803","end_date":"20080806","track":[{"date":"20080803","time":"1200","status":"TD","lat":28.1,"lon":-87.4,"wind_kt":25,"pressure_mb":1010},{"date":"20080803","time":"1800","status":"TD","lat":28.1,"lon":-87.8,"wind_kt":30,"pressure_mb":1009},{"date":"20080804","time":"0000","status":"TS","lat":28.1,"lon":-88.5,"wind_kt":45,"pressure_mb":1002},{"date":"20080804","time":"0600","status":"TS","lat":28.1,"lon":-89.6,"wind_kt":40,"pressure_mb":1005},{"date":"20080804","time":"1200","status":"TS","lat":28.1,"lon":-90.3,"wind_kt":40,"pressure_mb":1002},{"date":"20080804","time":"1800","status":"TS","lat":28.3,"lon":-91,"wind_kt":40,"pressure_mb":1001},{"date":"20080805","time":"0000","status":"TS","lat":28.5,"lon":-91.7,"wind_kt":50,"pressure_mb":999},{"date":"20080805","time":"0600","status":"TS","lat":29,"lon":-92.9,"wind_kt":55,"pressure_mb":997},{"date":"20080805","time":"1200","status":"TS","lat":29.6,"lon":-94.2,"wind_kt":55,"pressure_mb":996},{"date":"20080805","time":"1800","status":"TS","lat":30,"lon":-94.8,"wind_kt":40,"pressure_mb":999},{"date":"20080806","time":"0000","status":"TD","lat":30.6,"lon":-95.7,"wind_kt":30,"pressure_mb":1003},{"date":"20080806","time":"0600","status":"LO","lat":31.4,"lon":-97,"wind_kt":25,"pressure_mb":1008},{"date":"20080806","time":"1200","status":"LO","lat":32,"lon":-98,"wind_kt":20,"pressure_mb":1011},{"date":"20080806","time":"1800","status":"LO","lat":32.7,"lon":-98.7,"wind_kt":20,"pressure_mb":1012}]}},{"type":"Feature","geometry":{"type":"LineString","coordinates":[[-67.4,18.4],[-68.4,18.5],[-68.8,18.5],[-70.2,18.6],[-71.4,18.7],[-72.8,18.8],[-72.9,18.8],[-74.6,19.1],[-75.7,19.3],[-76.9,19.6],[-77.4,19.9],[-78.1,20],[-79.6,20.7],[-80.3,21.1],[-80.8,21.9],[-80.8,22.1],[-81.2,23.2],[-81.7,24.3],[-81.8,24.5],[-81.9,25],[-81.8,25.5],[-81.6,25.9],[-81.4,26.4],[-81.1,27],[-80.9,27.5],[-80.6,28],[-80.6,28.4],[-80.6,28.7],[-80.5,28.9],[-80.7,29.1],[-80.7,29.2],[-81,29.3],[-81.1,29.3],[-81.2,29.3],[-81.9,29.5],[-82.4,29.6],[-83,29.8],[-83.8,29.7],[-84.7,29.8],[-84.7,29.8],[-85.2,30],[-85.9,30.5],[-86.7,30.8],[-87.7,31.1],[-88.4,31.8],[-89.7,31.5],[-90,31.3],[-89.9,31.5],[-89.4,32],[-89,32.4],[-88.6,32.7],[-87.9,33.3],[-87.2,33.9],[-86.5,34.6],[-85.8,35],[-85.1,35.5],[-84.4,36.1],[-83.6,36.9],[-83.2,37.4],[-82.6,37.7]]},"properties":{"id":"hur-al062008","event_type":"hurricane","name":"FAY","year":2008,"max_wind_kt":60,"min_pressure_mb":986,"category":0,"preliminary":false,"start_date":"20080815","end_date":"20080828","track":[{"date":"20080815","time":"1200","status":"TD","lat":18.4,"lon":-67.4,"wind_kt":30,"pressure_mb":1011},{"date":"20080815","time":"1430","status":"TS","lat":18.5,"lon":-68.4,"wind_kt":35,"pressure_mb":1009},{"date":"20080815","time":"1800","status":"TS","lat":18.5,"lon":-68.8,"wind_kt":35,"pressure_mb":1009},{"date":"20080816","time":"0000","status":"TS","lat":18.6,"lon":-70.2,"wind_kt":40,"pressure_mb":1008},{"date":"20080816","time":"0600","status":"TS","lat":18.7,"lon":-71.4,"wind_kt":40,"pressure_mb":1008},{"date":"20080816","time":"1145","status":"TS","lat":18.8,"lon":-72.8,"wind_kt":40,"pressure_mb":1007},{"date":"20080816","time":"1200","status":"TS","lat":18.8,"lon":-72.9,"wind_kt":40,"pressure_mb":1007},{"date":"20080816","time":"1800","status":"TS","lat":19.1,"lon":-74.6,"wind_kt":40,"pressure_mb":1007},{"date":"20080817","time":"0000","status":"TS","lat":19.3,"lon":-75.7,"wind_kt":45,"pressure_mb":1005},{"date":"20080817","time":"0600","status":"TS","lat":19.6,"lon":-76.9,"wind_kt":45,"pressure_mb":1004},{"date":"20080817","time":"0900","status":"TS","lat":19.9,"lon":-77.4,"wind_kt":45,"pressure_mb":1003},{"date":"20080817","time":"1200","status":"TS","lat":20,"lon":-78.1,"wind_kt":45,"pressure_mb":1003},{"date":"20080817","time":"1800","status":"TS","lat":20.7,"lon":-79.6,"wind_kt":45,"pressure_mb":1006},{"date":"20080818","time":"0000","status":"TS","lat":21.1,"lon":-80.3,"wind_kt":45,"pressure_mb":1001},{"date":"20080818","time":"0600","status":"TS","lat":21.9,"lon":-80.8,"wind_kt":45,"pressure_mb":1003},{"date":"20080818","time":"0700","status":"TS","lat":22.1,"lon":-80.8,"wind_kt":45,"pressure_mb":1003},{"date":"20080818","time":"1200","status":"TS","lat":23.2,"lon":-81.2,"wind_kt":50,"pressure_mb":1002},{"date":"20080818","time":"1800","status":"TS","lat":24.3,"lon":-81.7,"wind_kt":50,"pressure_mb":1000},{"date":"20080818","time":"2030","status":"TS","lat":24.5,"lon":-81.8,"wind_kt":50,"pressure_mb":998},{"date":"20080819","time":"0000","status":"TS","lat":25,"lon":-81.9,"wind_kt":50,"pressure_mb":997},{"date":"20080819","time":"0600","status":"TS","lat":25.5,"lon":-81.8,"wind_kt":55,"pressure_mb":994},{"date":"20080819","time":"0845","status":"TS","lat":25.9,"lon":-81.6,"wind_kt":55,"pressure_mb":991},{"date":"20080819","time":"1200","status":"TS","lat":26.4,"lon":-81.4,"wind_kt":55,"pressure_mb":988},{"date":"20080819","time":"1800","status":"TS","lat":27,"lon":-81.1,"wind_kt":60,"pressure_mb":986},{"date":"20080820","time":"0000","status":"TS","lat":27.5,"lon":-80.9,"wind_kt":55,"pressure_mb":988},{"date":"20080820","time":"0600","status":"TS","lat":28,"lon":-80.6,"wind_kt":50,"pressure_mb":992},{"date":"20080820","time":"1200","status":"TS","lat":28.4,"lon":-80.6,"wind_kt":45,"pressure_mb":994},{"date":"20080820","time":"1800","status":"TS","lat":28.7,"lon":-80.6,"wind_kt":45,"pressure_mb":997},{"date":"20080821","time":"0000","status":"TS","lat":28.9,"lon":-80.5,"wind_kt":50,"pressure_mb":993},{"date":"20080821","time":"0600","status":"TS","lat":29.1,"lon":-80.7,"wind_kt":50,"pressure_mb":993},{"date":"20080821","time":"1200","status":"TS","lat":29.2,"lon":-80.7,"wind_kt":50,"pressure_mb":993},{"date":"20080821","time":"1800","status":"TS","lat":29.3,"lon":-81,"wind_kt":55,"pressure_mb":993},{"date":"20080821","time":"1900","status":"TS","lat":29.3,"lon":-81.1,"wind_kt":55,"pressure_mb":993},{"date":"20080822","time":"0000","status":"TS","lat":29.3,"lon":-81.2,"wind_kt":50,"pressure_mb":994},{"date":"20080822","time":"0600","status":"TS","lat":29.5,"lon":-81.9,"wind_kt":50,"pressure_mb":995},{"date":"20080822","time":"1200","status":"TS","lat":29.6,"lon":-82.4,"wind_kt":45,"pressure_mb":996},{"date":"20080822","time":"1800","status":"TS","lat":29.8,"lon":-83,"wind_kt":40,"pressure_mb":997},{"date":"20080823","time":"0000","status":"TS","lat":29.7,"lon":-83.8,"wind_kt":45,"pressure_mb":996},{"date":"20080823","time":"0600","status":"TS","lat":29.8,"lon":-84.7,"wind_kt":45,"pressure_mb":997},{"date":"20080823","time":"0615","status":"TS","lat":29.8,"lon":-84.7,"wind_kt":45,"pressure_mb":997},{"date":"20080823","time":"1200","status":"TS","lat":30,"lon":-85.2,"wind_kt":40,"pressure_mb":998},{"date":"20080823","time":"1800","status":"TS","lat":30.5,"lon":-85.9,"wind_kt":40,"pressure_mb":999},{"date":"20080824","time":"0000","status":"TD","lat":30.8,"lon":-86.7,"wind_kt":30,"pressure_mb":999},{"date":"20080824","time":"0600","status":"TD","lat":31.1,"lon":-87.7,"wind_kt":30,"pressure_mb":999},{"date":"20080824","time":"1200","status":"TD","lat":31.8,"lon":-88.4,"wind_kt":30,"pressure_mb":1000},{"date":"20080824","time":"1800","status":"TD","lat":31.5,"lon":-89.7,"wind_kt":30,"pressure_mb":1001},{"date":"20080825","time":"0000","status":"TD","lat":31.3,"lon":-90,"wind_kt":30,"pressure_mb":1001},{"date":"20080825","time":"0600","status":"TD","lat":31.5,"lon":-89.9,"wind_kt":30,"pressure_mb":1002},{"date":"20080825","time":"1200","status":"TD","lat":32,"lon":-89.4,"wind_kt":25,"pressure_mb":1002},{"date":"20080825","time":"1800","status":"TD","lat":32.4,"lon":-89,"wind_kt":25,"pressure_mb":1002},{"date":"20080826","time":"0000","status":"TD","lat":32.7,"lon":-88.6,"wind_kt":20,"pressure_mb":1002},{"date":"20080826","time":"0600","status":"TD","lat":33.3,"lon":-87.9,"wind_kt":20,"pressure_mb":1003},{"date":"20080826","time":"1200","status":"TD","lat":33.9,"lon":-87.2,"wind_kt":20,"pressure_mb":1003},{"date":"20080826","time":"1800","status":"TD","lat":34.6,"lon":-86.5,"wind_kt":20,"pressure_mb":1004},{"date":"20080827","time":"0000","status":"TD","lat":35,"lon":-85.8,"wind_kt":15,"pressure_mb":1005},{"date":"20080827","time":"0600","status":"EX","lat":35.5,"lon":-85.1,"wind_kt":15,"pressure_mb":1006},{"date":"20080827","time":"1200","status":"EX","lat":36.1,"lon":-84.4,"wind_kt":15,"pressure_mb":1007},{"date":"20080827","time":"1800","status":"EX","lat":36.9,"lon":-83.6,"wind_kt":15,"pressure_mb":1008},{"date":"20080828","time":"0000","status":"EX","lat":37.4,"lon":-83.2,"wind_kt":15,"pressure_mb":1009},{"date":"20080828","time":"0600","status":"EX","lat":37.7,"lon":-82.6,"wind_kt":15,"pressure_mb":1010}]}},{"type":"Feature","geometry":{"type":"LineString","coordinates":[[-67.4,13.5],[-68.5,14.4],[-69.6,15.1],[-70.5,15.8],[-71.2,16.4],[-71.7,16.9],[-72.1,17.5],[-72.8,18.1],[-73.1,18.4],[-73.4,18.6],[-73.7,18.7],[-74,18.9],[-75.1,18.8],[-75.4,18.1],[-75.7,17.9],[-76.2,18],[-77,17.8],[-77.2,17.9],[-77.7,18],[-78.4,18.3],[-79.2,18.8],[-80,19.2],[-80.8,19.7],[-81.6,20.7],[-82.5,21.6],[-83.1,22.4],[-83.5,22.7],[-84.4,23.6],[-85.5,24.8],[-86.7,25.9],[-87.7,26.9],[-89,27.9],[-90.3,28.8],[-90.7,29.2],[-91.4,29.8],[-92.3,30.7],[-93.1,31.4],[-93.5,32.1],[-93.9,32.7],[-93.9,33.2],[-94.3,33.7],[-94.4,33.8],[-94.4,34],[-94.1,34.3],[-93.4,34.8],[-92.3,36.2],[-90.7,38.5],[-88.7,40.2],[-86.5,42.2],[-83.8,43.7]]},"properties":{"id":"hur-al072008","event_type":"hurricane","name":"GUSTAV","year":2008,"max_wind_kt":135,"min_pressure_mb":941,"category":4,"preliminary":false,"start_date":"20080825","end_date":"20080905","track":[{"date":"20080825","time":"0000","status":"TD","lat":13.5,"lon":-67.4,"wind_kt":25,"pressure_mb":1008},{"date":"20080825","time":"0600","status":"TD","lat":14.4,"lon":-68.5,"wind_kt":30,"pressure_mb":1005},{"date":"20080825","time":"1200","status":"TS","lat":15.1,"lon":-69.6,"wind_kt":35,"pressure_mb":1002},{"date":"20080825","time":"1800","status":"TS","lat":15.8,"lon":-70.5,"wind_kt":50,"pressure_mb":996},{"date":"20080826","time":"0000","status":"TS","lat":16.4,"lon":-71.2,"wind_kt":60,"pressure_mb":991},{"date":"20080826","time":"0600","status":"HU","lat":16.9,"lon":-71.7,"wind_kt":75,"pressure_mb":986},{"date":"20080826","time":"1200","status":"HU","lat":17.5,"lon":-72.1,"wind_kt":80,"pressure_mb":981},{"date":"20080826","time":"1800","status":"HU","lat":18.1,"lon":-72.8,"wind_kt":70,"pressure_mb":992},{"date":"20080827","time":"0000","status":"TS","lat":18.4,"lon":-73.1,"wind_kt":50,"pressure_mb":995},{"date":"20080827","time":"0600","status":"TS","lat":18.6,"lon":-73.4,"wind_kt":45,"pressure_mb":999},{"date":"20080827","time":"1200","status":"TS","lat":18.7,"lon":-73.7,"wind_kt":45,"pressure_mb":998},{"date":"20080827","time":"1800","status":"TS","lat":18.9,"lon":-74,"wind_kt":45,"pressure_mb":999},{"date":"20080828","time":"0000","status":"TS","lat":18.8,"lon":-75.1,"wind_kt":40,"pressure_mb":999},{"date":"20080828","time":"0600","status":"TS","lat":18.1,"lon":-75.4,"wind_kt":45,"pressure_mb":995},{"date":"20080828","time":"1200","status":"TS","lat":17.9,"lon":-75.7,"wind_kt":60,"pressure_mb":984},{"date":"20080828","time":"1800","status":"TS","lat":18,"lon":-76.2,"wind_kt":60,"pressure_mb":984},{"date":"20080829","time":"0000","status":"TS","lat":17.8,"lon":-77,"wind_kt":60,"pressure_mb":987},{"date":"20080829","time":"0200","status":"TS","lat":17.9,"lon":-77.2,"wind_kt":60,"pressure_mb":987},{"date":"20080829","time":"0600","status":"TS","lat":18,"lon":-77.7,"wind_kt":55,"pressure_mb":990},{"date":"20080829","time":"1200","status":"TS","lat":18.3,"lon":-78.4,"wind_kt":50,"pressure_mb":989},{"date":"20080829","time":"1800","status":"HU","lat":18.8,"lon":-79.2,"wind_kt":65,"pressure_mb":984},{"date":"20080830","time":"0000","status":"HU","lat":19.2,"lon":-80,"wind_kt":75,"pressure_mb":975},{"date":"20080830","time":"0600","status":"HU","lat":19.7,"lon":-80.8,"wind_kt":85,"pressure_mb":968},{"date":"20080830","time":"1200","status":"HU","lat":20.7,"lon":-81.6,"wind_kt":110,"pressure_mb":955},{"date":"20080830","time":"1800","status":"HU","lat":21.6,"lon":-82.5,"wind_kt":125,"pressure_mb":943},{"date":"20080830","time":"2200","status":"HU","lat":22.4,"lon":-83.1,"wind_kt":135,"pressure_mb":941},{"date":"20080831","time":"0000","status":"HU","lat":22.7,"lon":-83.5,"wind_kt":120,"pressure_mb":950},{"date":"20080831","time":"0600","status":"HU","lat":23.6,"lon":-84.4,"wind_kt":105,"pressure_mb":960},{"date":"20080831","time":"1200","status":"HU","lat":24.8,"lon":-85.5,"wind_kt":100,"pressure_mb":961},{"date":"20080831","time":"1800","status":"HU","lat":25.9,"lon":-86.7,"wind_kt":95,"pressure_mb":960},{"date":"20080901","time":"0000","status":"HU","lat":26.9,"lon":-87.7,"wind_kt":95,"pressure_mb":953},{"date":"20080901","time":"0600","status":"HU","lat":27.9,"lon":-89,"wind_kt":95,"pressure_mb":954},{"date":"20080901","time":"1200","status":"HU","lat":28.8,"lon":-90.3,"wind_kt":95,"pressure_mb":955},{"date":"20080901","time":"1500","status":"HU","lat":29.2,"lon":-90.7,"wind_kt":90,"pressure_mb":954},{"date":"20080901","time":"1800","status":"HU","lat":29.8,"lon":-91.4,"wind_kt":85,"pressure_mb":958},{"date":"20080902","time":"0000","status":"TS","lat":30.7,"lon":-92.3,"wind_kt":60,"pressure_mb":971},{"date":"20080902","time":"0600","status":"TS","lat":31.4,"lon":-93.1,"wind_kt":40,"pressure_mb":981},{"date":"20080902","time":"1200","status":"TD","lat":32.1,"lon":-93.5,"wind_kt":30,"pressure_mb":989},{"date":"20080902","time":"1800","status":"TD","lat":32.7,"lon":-93.9,"wind_kt":20,"pressure_mb":993},{"date":"20080903","time":"0000","status":"TD","lat":33.2,"lon":-93.9,"wind_kt":20,"pressure_mb":995},{"date":"20080903","time":"0600","status":"TD","lat":33.7,"lon":-94.3,"wind_kt":20,"pressure_mb":997},{"date":"20080903","time":"1200","status":"TD","lat":33.8,"lon":-94.4,"wind_kt":20,"pressure_mb":997},{"date":"20080903","time":"1800","status":"TD","lat":34,"lon":-94.4,"wind_kt":20,"pressure_mb":998},{"date":"20080904","time":"0000","status":"TD","lat":34.3,"lon":-94.1,"wind_kt":15,"pressure_mb":998},{"date":"20080904","time":"0600","status":"TD","lat":34.8,"lon":-93.4,"wind_kt":15,"pressure_mb":999},{"date":"20080904","time":"1200","status":"EX","lat":36.2,"lon":-92.3,"wind_kt":15,"pressure_mb":1000},{"date":"20080904","time":"1800","status":"EX","lat":38.5,"lon":-90.7,"wind_kt":20,"pressure_mb":1000},{"date":"20080905","time":"0000","status":"EX","lat":40.2,"lon":-88.7,"wind_kt":20,"pressure_mb":1002},{"date":"20080905","time":"0600","status":"EX","lat":42.2,"lon":-86.5,"wind_kt":20,"pressure_mb":1002},{"date":"20080905","time":"1200","status":"EX","lat":43.7,"lon":-83.8,"wind_kt":20,"pressure_mb":1004}]}},{"type":"Feature","geometry":{"type":"LineString","coordinates":[[-57.3,19.4],[-57.8,19.7],[-58.6,20.1],[-59.6,20.5],[-60.5,20.8],[-61.5,20.9],[-62.4,21.1],[-63.4,21.5],[-64.5,21.7],[-65.5,21.8],[-66.2,21.9],[-66.9,22.2],[-67.5,22.6],[-68.5,23.1],[-69.8,23.5],[-71,23.6],[-71.7,23.5],[-72,23.2],[-72.2,22.8],[-72.4,22.3],[-72.3,21.8],[-72.7,21.4],[-73,21],[-72.9,20.6],[-72.6,20.4],[-72.4,20.2],[-71.9,20.6],[-71.8,21.6],[-71.8,21.7],[-71.8,22.7],[-72.4,23.4],[-73.2,24.1],[-74.3,25.1],[-75.8,26.1],[-77.3,27.2],[-78.5,28.2],[-78.7,29.9],[-79.3,31.5],[-78.8,33.4],[-78.7,33.8],[-78.1,35.7],[-76.7,37.8],[-74.5,40],[-71.7,41.9],[-68,43.8],[-63.7,45.7],[-59.1,47],[-55.4,47.5],[-52.1,47.8]]},"properties":{"id":"hur-al082008","event_type":"hurricane","name":"HANNA","year":2008,"max_wind_kt":75,"min_pressure_mb":977,"category":1,"preliminary":false,"start_date":"20080828","end_date":"20080908","track":[{"date":"20080828","time":"0000","status":"TD","lat":19.4,"lon":-57.3,"wind_kt":30,"pressure_mb":1007},{"date":"20080828","time":"0600","status":"TD","lat":19.7,"lon":-57.8,"wind_kt":30,"pressure_mb":1004},{"date":"20080828","time":"1200","status":"TS","lat":20.1,"lon":-58.6,"wind_kt":35,"pressure_mb":1003},{"date":"20080828","time":"1800","status":"TS","lat":20.5,"lon":-59.6,"wind_kt":35,"pressure_mb":1003},{"date":"20080829","time":"0000","status":"TS","lat":20.8,"lon":-60.5,"wind_kt":40,"pressure_mb":1001},{"date":"20080829","time":"0600","status":"TS","lat":20.9,"lon":-61.5,"wind_kt":45,"pressure_mb":1000},{"date":"20080829","time":"1200","status":"TS","lat":21.1,"lon":-62.4,"wind_kt":45,"pressure_mb":1000},{"date":"20080829","time":"1800","status":"TS","lat":21.5,"lon":-63.4,"wind_kt":45,"pressure_mb":1000},{"date":"20080830","time":"0000","status":"TS","lat":21.7,"lon":-64.5,"wind_kt":45,"pressure_mb":1000},{"date":"20080830","time":"0600","status":"TS","lat":21.8,"lon":-65.5,"wind_kt":45,"pressure_mb":1000},{"date":"20080830","time":"1200","status":"TS","lat":21.9,"lon":-66.2,"wind_kt":45,"pressure_mb":1000},{"date":"20080830","time":"1800","status":"TS","lat":22.2,"lon":-66.9,"wind_kt":45,"pressure_mb":1000},{"date":"20080831","time":"0000","status":"TS","lat":22.6,"lon":-67.5,"wind_kt":50,"pressure_mb":999},{"date":"20080831","time":"0600","status":"TS","lat":23.1,"lon":-68.5,"wind_kt":45,"pressure_mb":999},{"date":"20080831","time":"1200","status":"TS","lat":23.5,"lon":-69.8,"wind_kt":40,"pressure_mb":999},{"date":"20080831","time":"1800","status":"TS","lat":23.6,"lon":-71,"wind_kt":40,"pressure_mb":997},{"date":"20080901","time":"0000","status":"TS","lat":23.5,"lon":-71.7,"wind_kt":45,"pressure_mb":997},{"date":"20080901","time":"0600","status":"TS","lat":23.2,"lon":-72,"wind_kt":50,"pressure_mb":996},{"date":"20080901","time":"1200","status":"TS","lat":22.8,"lon":-72.2,"wind_kt":60,"pressure_mb":990},{"date":"20080901","time":"1800","status":"HU","lat":22.3,"lon":-72.4,"wind_kt":70,"pressure_mb":985},{"date":"20080902","time":"0000","status":"HU","lat":21.8,"lon":-72.3,"wind_kt":75,"pressure_mb":977},{"date":"20080902","time":"0600","status":"HU","lat":21.4,"lon":-72.7,"wind_kt":65,"pressure_mb":980},{"date":"20080902","time":"1200","status":"TS","lat":21,"lon":-73,"wind_kt":60,"pressure_mb":983},{"date":"20080902","time":"1800","status":"TS","lat":20.6,"lon":-72.9,"wind_kt":55,"pressure_mb":985},{"date":"20080903","time":"0000","status":"TS","lat":20.4,"lon":-72.6,"wind_kt":55,"pressure_mb":988},{"date":"20080903","time":"0600","status":"TS","lat":20.2,"lon":-72.4,"wind_kt":50,"pressure_mb":991},{"date":"20080903","time":"1200","status":"TS","lat":20.6,"lon":-71.9,"wind_kt":45,"pressure_mb":996},{"date":"20080903","time":"1800","status":"TS","lat":21.6,"lon":-71.8,"wind_kt":50,"pressure_mb":994},{"date":"20080903","time":"1900","status":"TS","lat":21.7,"lon":-71.8,"wind_kt":50,"pressure_mb":994},{"date":"20080904","time":"0000","status":"TS","lat":22.7,"lon":-71.8,"wind_kt":55,"pressure_mb":989},{"date":"20080904","time":"0600","status":"TS","lat":23.4,"lon":-72.4,"wind_kt":60,"pressure_mb":990},{"date":"20080904","time":"1200","status":"TS","lat":24.1,"lon":-73.2,"wind_kt":55,"pressure_mb":989},{"date":"20080904","time":"1800","status":"TS","lat":25.1,"lon":-74.3,"wind_kt":55,"pressure_mb":989},{"date":"20080905","time":"0000","status":"TS","lat":26.1,"lon":-75.8,"wind_kt":55,"pressure_mb":987},{"date":"20080905","time":"0600","status":"TS","lat":27.2,"lon":-77.3,"wind_kt":55,"pressure_mb":984},{"date":"20080905","time":"1200","status":"TS","lat":28.2,"lon":-78.5,"wind_kt":55,"pressure_mb":980},{"date":"20080905","time":"1800","status":"TS","lat":29.9,"lon":-78.7,"wind_kt":60,"pressure_mb":980},{"date":"20080906","time":"0000","status":"TS","lat":31.5,"lon":-79.3,"wind_kt":60,"pressure_mb":980},{"date":"20080906","time":"0600","status":"TS","lat":33.4,"lon":-78.8,"wind_kt":60,"pressure_mb":981},{"date":"20080906","time":"0700","status":"TS","lat":33.8,"lon":-78.7,"wind_kt":60,"pressure_mb":981},{"date":"20080906","time":"1200","status":"TS","lat":35.7,"lon":-78.1,"wind_kt":45,"pressure_mb":985},{"date":"20080906","time":"1800","status":"TS","lat":37.8,"lon":-76.7,"wind_kt":45,"pressure_mb":993},{"date":"20080907","time":"0000","status":"TS","lat":40,"lon":-74.5,"wind_kt":45,"pressure_mb":994},{"date":"20080907","time":"0600","status":"EX","lat":41.9,"lon":-71.7,"wind_kt":45,"pressure_mb":995},{"date":"20080907","time":"1200","status":"EX","lat":43.8,"lon":-68,"wind_kt":45,"pressure_mb":995},{"date":"20080907","time":"1800","status":"EX","lat":45.7,"lon":-63.7,"wind_kt":45,"pressure_mb":995},{"date":"20080908","time":"0000","status":"EX","lat":47,"lon":-59.1,"wind_kt":40,"pressure_mb":996},{"date":"20080908","time":"0600","status":"EX","lat":47.5,"lon":-55.4,"wind_kt":40,"pressure_mb":996},{"date":"20080908","time":"1200","status":"EX","lat":47.8,"lon":-52.1,"wind_kt":35,"pressure_mb":996}]}},{"type":"Feature","geometry":{"type":"LineString","coordinates":[[-37,17.2],[-38.4,17.3],[-39.9,17.5],[-41.3,17.8],[-42.8,18.2],[-44.3,18.7],[-45.8,19.3],[-47.3,19.8],[-48.8,20.2],[-50.3,20.6],[-51.9,21.1],[-53.5,21.8],[-55,22.4],[-56.4,23],[-57.7,23.4],[-59,23.6],[-60.4,23.6],[-61.9,23.5],[-63.4,23.2],[-64.9,22.8],[-66.3,22.4],[-67.7,21.9],[-69,21.5],[-70.3,21.2],[-71.6,21.1],[-72.8,21],[-73.2,21],[-74,21],[-75.2,21.1],[-75.7,21.1],[-76.5,21.1],[-77.8,21.1],[-79.1,21.2],[-80.3,21.5],[-81.4,22],[-82.4,22.4],[-82.9,22.6],[-83.3,22.7],[-84,23.1],[-84.6,23.4],[-85.2,23.8],[-85.8,24.2],[-86.4,24.7],[-87.1,25.1],[-88,25.5],[-88.9,25.8],[-90,26.1],[-91.1,26.4],[-92.2,26.9],[-93.2,27.5],[-94,28.3],[-94.6,29.1],[-94.7,29.3],[-95.2,30.3],[-95.3,31.7],[-94.9,33.5],[-93.7,35.5],[-91,37.6],[-87.2,40.3],[-81.5,43.3],[-75.3,45.8],[-71.1,47.2]]},"properties":{"id":"hur-al092008","event_type":"hurricane","name":"IKE","year":2008,"max_wind_kt":125,"min_pressure_mb":935,"category":4,"preliminary":false,"start_date":"20080901","end_date":"20080915","track":[{"date":"20080901","time":"0600","status":"TD","lat":17.2,"lon":-37,"wind_kt":30,"pressure_mb":1006},{"date":"20080901","time":"1200","status":"TS","lat":17.3,"lon":-38.4,"wind_kt":35,"pressure_mb":1005},{"date":"20080901","time":"1800","status":"TS","lat":17.5,"lon":-39.9,"wind_kt":45,"pressure_mb":1003},{"date":"20080902","time":"0000","status":"TS","lat":17.8,"lon":-41.3,"wind_kt":45,"pressure_mb":1002},{"date":"20080902","time":"0600","status":"TS","lat":18.2,"lon":-42.8,"wind_kt":45,"pressure_mb":1000},{"date":"20080902","time":"1200","status":"TS","lat":18.7,"lon":-44.3,"wind_kt":50,"pressure_mb":999},{"date":"20080902","time":"1800","status":"TS","lat":19.3,"lon":-45.8,"wind_kt":55,"pressure_mb":996},{"date":"20080903","time":"0000","status":"TS","lat":19.8,"lon":-47.3,"wind_kt":55,"pressure_mb":994},{"date":"20080903","time":"0600","status":"TS","lat":20.2,"lon":-48.8,"wind_kt":55,"pressure_mb":992},{"date":"20080903","time":"1200","status":"TS","lat":20.6,"lon":-50.3,"wind_kt":60,"pressure_mb":989},{"date":"20080903","time":"1800","status":"HU","lat":21.1,"lon":-51.9,"wind_kt":75,"pressure_mb":979},{"date":"20080904","time":"0000","status":"HU","lat":21.8,"lon":-53.5,"wind_kt":105,"pressure_mb":956},{"date":"20080904","time":"0600","status":"HU","lat":22.4,"lon":-55,"wind_kt":125,"pressure_mb":935},{"date":"20080904","time":"1200","status":"HU","lat":23,"lon":-56.4,"wind_kt":120,"pressure_mb":937},{"date":"20080904","time":"1800","status":"HU","lat":23.4,"lon":-57.7,"wind_kt":115,"pressure_mb":940},{"date":"20080905","time":"0000","status":"HU","lat":23.6,"lon":-59,"wind_kt":115,"pressure_mb":944},{"date":"20080905","time":"0600","status":"HU","lat":23.6,"lon":-60.4,"wind_kt":115,"pressure_mb":949},{"date":"20080905","time":"1200","status":"HU","lat":23.5,"lon":-61.9,"wind_kt":105,"pressure_mb":954},{"date":"20080905","time":"1800","status":"HU","lat":23.2,"lon":-63.4,"wind_kt":100,"pressure_mb":959},{"date":"20080906","time":"0000","status":"HU","lat":22.8,"lon":-64.9,"wind_kt":100,"pressure_mb":962},{"date":"20080906","time":"0600","status":"HU","lat":22.4,"lon":-66.3,"wind_kt":100,"pressure_mb":964},{"date":"20080906","time":"1200","status":"HU","lat":21.9,"lon":-67.7,"wind_kt":95,"pressure_mb":965},{"date":"20080906","time":"1800","status":"HU","lat":21.5,"lon":-69,"wind_kt":115,"pressure_mb":950},{"date":"20080907","time":"0000","status":"HU","lat":21.2,"lon":-70.3,"wind_kt":115,"pressure_mb":947},{"date":"20080907","time":"0600","status":"HU","lat":21.1,"lon":-71.6,"wind_kt":115,"pressure_mb":947},{"date":"20080907","time":"1200","status":"HU","lat":21,"lon":-72.8,"wind_kt":110,"pressure_mb":947},{"date":"20080907","time":"1300","status":"HU","lat":21,"lon":-73.2,"wind_kt":110,"pressure_mb":947},{"date":"20080907","time":"1800","status":"HU","lat":21,"lon":-74,"wind_kt":105,"pressure_mb":946},{"date":"20080908","time":"0000","status":"HU","lat":21.1,"lon":-75.2,"wind_kt":115,"pressure_mb":945},{"date":"20080908","time":"0200","status":"HU","lat":21.1,"lon":-75.7,"wind_kt":115,"pressure_mb":945},{"date":"20080908","time":"0600","status":"HU","lat":21.1,"lon":-76.5,"wind_kt":100,"pressure_mb":950},{"date":"20080908","time":"1200","status":"HU","lat":21.1,"lon":-77.8,"wind_kt":85,"pressure_mb":960},{"date":"20080908","time":"1800","status":"HU","lat":21.2,"lon":-79.1,"wind_kt":75,"pressure_mb":964},{"date":"20080909","time":"0000","status":"HU","lat":21.5,"lon":-80.3,"wind_kt":70,"pressure_mb":965},{"date":"20080909","time":"0600","status":"HU","lat":22,"lon":-81.4,"wind_kt":70,"pressure_mb":965},{"date":"20080909","time":"1200","status":"HU","lat":22.4,"lon":-82.4,"wind_kt":70,"pressure_mb":965},{"date":"20080909","time":"1400","status":"HU","lat":22.6,"lon":-82.9,"wind_kt":70,"pressure_mb":965},{"date":"20080909","time":"1800","status":"HU","lat":22.7,"lon":-83.3,"wind_kt":65,"pressure_mb":966},{"date":"20080910","time":"0000","status":"HU","lat":23.1,"lon":-84,"wind_kt":65,"pressure_mb":968},{"date":"20080910","time":"0600","status":"HU","lat":23.4,"lon":-84.6,"wind_kt":70,"pressure_mb":964},{"date":"20080910","time":"1200","status":"HU","lat":23.8,"lon":-85.2,"wind_kt":80,"pressure_mb":959},{"date":"20080910","time":"1800","status":"HU","lat":24.2,"lon":-85.8,"wind_kt":85,"pressure_mb":958},{"date":"20080911","time":"0000","status":"HU","lat":24.7,"lon":-86.4,"wind_kt":85,"pressure_mb":944},{"date":"20080911","time":"0600","status":"HU","lat":25.1,"lon":-87.1,"wind_kt":85,"pressure_mb":945},{"date":"20080911","time":"1200","status":"HU","lat":25.5,"lon":-88,"wind_kt":85,"pressure_mb":946},{"date":"20080911","time":"1800","status":"HU","lat":25.8,"lon":-88.9,"wind_kt":85,"pressure_mb":952},{"date":"20080912","time":"0000","status":"HU","lat":26.1,"lon":-90,"wind_kt":85,"pressure_mb":954},{"date":"20080912","time":"0600","status":"HU","lat":26.4,"lon":-91.1,"wind_kt":90,"pressure_mb":954},{"date":"20080912","time":"1200","status":"HU","lat":26.9,"lon":-92.2,"wind_kt":95,"pressure_mb":954},{"date":"20080912","time":"1800","status":"HU","lat":27.5,"lon":-93.2,"wind_kt":95,"pressure_mb":954},{"date":"20080913","time":"0000","status":"HU","lat":28.3,"lon":-94,"wind_kt":95,"pressure_mb":952},{"date":"20080913","time":"0600","status":"HU","lat":29.1,"lon":-94.6,"wind_kt":95,"pressure_mb":951},{"date":"20080913","time":"0700","status":"HU","lat":29.3,"lon":-94.7,"wind_kt":95,"pressure_mb":950},{"date":"20080913","time":"1200","status":"HU","lat":30.3,"lon":-95.2,"wind_kt":85,"pressure_mb":959},{"date":"20080913","time":"1800","status":"TS","lat":31.7,"lon":-95.3,"wind_kt":50,"pressure_mb":974},{"date":"20080914","time":"0000","status":"TS","lat":33.5,"lon":-94.9,"wind_kt":35,"pressure_mb":980},{"date":"20080914","time":"0600","status":"TS","lat":35.5,"lon":-93.7,"wind_kt":35,"pressure_mb":985},{"date":"20080914","time":"1200","status":"EX","lat":37.6,"lon":-91,"wind_kt":40,"pressure_mb":987},{"date":"20080914","time":"1800","status":"EX","lat":40.3,"lon":-87.2,"wind_kt":50,"pressure_mb":988},{"date":"20080915","time":"0000","status":"EX","lat":43.3,"lon":-81.5,"wind_kt":50,"pressure_mb":988},{"date":"20080915","time":"0600","status":"EX","lat":45.8,"lon":-75.3,"wind_kt":40,"pressure_mb":986},{"date":"20080915","time":"1200","status":"EX","lat":47.2,"lon":-71.1,"wind_kt":35,"pressure_mb":986}]}},{"type":"Feature","geometry":{"type":"LineString","coordinates":[[-21.9,12.3],[-23.2,12.7],[-24.2,13],[-25.3,13.3],[-26.3,13.5],[-27.2,13.6],[-28.2,13.7],[-29.2,13.8],[-30,13.9],[-30.9,14.1],[-31.9,14.4],[-32.7,14.6],[-33.4,15],[-34,15.4],[-34.5,15.6],[-34.9,15.8],[-35.5,16.2],[-36.4,16.5],[-37.3,16.7],[-38.3,16.8],[-39.2,16.9],[-40.1,17],[-40.9,17.1],[-41.6,17.2],[-42.4,17.3],[-43.3,17.5],[-44.2,18],[-45.6,18.1],[-47.3,17.8],[-49.3,16.8],[-51.4,16.3],[-52.5,16.3],[-53.6,16.3]]},"properties":{"id":"hur-al102008","event_type":"hurricane","name":"JOSEPHINE","year":2008,"max_wind_kt":55,"min_pressure_mb":994,"category":0,"preliminary":false,"start_date":"20080902","end_date":"20080910","track":[{"date":"20080902","time":"0000","status":"TD","lat":12.3,"lon":-21.9,"wind_kt":30,"pressure_mb":1007},{"date":"20080902","time":"0600","status":"TS","lat":12.7,"lon":-23.2,"wind_kt":35,"pressure_mb":1005},{"date":"20080902","time":"1200","status":"TS","lat":13,"lon":-24.2,"wind_kt":35,"pressure_mb":1005},{"date":"20080902","time":"1800","status":"TS","lat":13.3,"lon":-25.3,"wind_kt":45,"pressure_mb":1000},{"date":"20080903","time":"0000","status":"TS","lat":13.5,"lon":-26.3,"wind_kt":50,"pressure_mb":997},{"date":"20080903","time":"0600","status":"TS","lat":13.6,"lon":-27.2,"wind_kt":55,"pressure_mb":994},{"date":"20080903","time":"1200","status":"TS","lat":13.7,"lon":-28.2,"wind_kt":55,"pressure_mb":994},{"date":"20080903","time":"1800","status":"TS","lat":13.8,"lon":-29.2,"wind_kt":55,"pressure_mb":994},{"date":"20080904","time":"0000","status":"TS","lat":13.9,"lon":-30,"wind_kt":50,"pressure_mb":997},{"date":"20080904","time":"0600","status":"TS","lat":14.1,"lon":-30.9,"wind_kt":50,"pressure_mb":997},{"date":"20080904","time":"1200","status":"TS","lat":14.4,"lon":-31.9,"wind_kt":45,"pressure_mb":1000},{"date":"20080904","time":"1800","status":"TS","lat":14.6,"lon":-32.7,"wind_kt":40,"pressure_mb":1002},{"date":"20080905","time":"0000","status":"TS","lat":15,"lon":-33.4,"wind_kt":40,"pressure_mb":1002},{"date":"20080905","time":"0600","status":"TS","lat":15.4,"lon":-34,"wind_kt":40,"pressure_mb":1002},{"date":"20080905","time":"1200","status":"TS","lat":15.6,"lon":-34.5,"wind_kt":40,"pressure_mb":1003},{"date":"20080905","time":"1800","status":"TS","lat":15.8,"lon":-34.9,"wind_kt":35,"pressure_mb":1004},{"date":"20080906","time":"0000","status":"TD","lat":16.2,"lon":-35.5,"wind_kt":30,"pressure_mb":1006},{"date":"20080906","time":"0600","status":"LO","lat":16.5,"lon":-36.4,"wind_kt":30,"pressure_mb":1006},{"date":"20080906","time":"1200","status":"LO","lat":16.7,"lon":-37.3,"wind_kt":25,"pressure_mb":1007},{"date":"20080906","time":"1800","status":"LO","lat":16.8,"lon":-38.3,"wind_kt":25,"pressure_mb":1007},{"date":"20080907","time":"0000","status":"LO","lat":16.9,"lon":-39.2,"wind_kt":25,"pressure_mb":1007},{"date":"20080907","time":"0600","status":"LO","lat":17,"lon":-40.1,"wind_kt":30,"pressure_mb":1007},{"date":"20080907","time":"1200","status":"LO","lat":17.1,"lon":-40.9,"wind_kt":30,"pressure_mb":1007},{"date":"20080907","time":"1800","status":"LO","lat":17.2,"lon":-41.6,"wind_kt":25,"pressure_mb":1007},{"date":"20080908","time":"0000","status":"LO","lat":17.3,"lon":-42.4,"wind_kt":25,"pressure_mb":1007},{"date":"20080908","time":"0600","status":"LO","lat":17.5,"lon":-43.3,"wind_kt":25,"pressure_mb":1007},{"date":"20080908","time":"1200","status":"LO","lat":18,"lon":-44.2,"wind_kt":25,"pressure_mb":1009},{"date":"20080908","time":"1800","status":"LO","lat":18.1,"lon":-45.6,"wind_kt":25,"pressure_mb":1010},{"date":"20080909","time":"0000","status":"LO","lat":17.8,"lon":-47.3,"wind_kt":25,"pressure_mb":1010},{"date":"20080909","time":"0600","status":"LO","lat":16.8,"lon":-49.3,"wind_kt":25,"pressure_mb":1010},{"date":"20080909","time":"1200","status":"LO","lat":16.3,"lon":-51.4,"wind_kt":25,"pressure_mb":1010},{"date":"20080909","time":"1800","status":"LO","lat":16.3,"lon":-52.5,"wind_kt":25,"pressure_mb":1010},{"date":"20080910","time":"0000","status":"LO","lat":16.3,"lon":-53.6,"wind_kt":20,"pressure_mb":1011}]}},{"type":"Feature","geometry":{"type":"LineString","coordinates":[[-70,21.5],[-69.4,22],[-68.7,22.4],[-68.4,23.1],[-68,24],[-68.2,25],[-68.6,26],[-68.6,26.9],[-68.6,28.7],[-69.3,29.9],[-69.5,31.2],[-69.7,33.3],[-69.7,35.3],[-69.3,37.4],[-68.2,39.4],[-66.7,41.6],[-66.2,43.8],[-65,45.6],[-63.5,47.7],[-62.6,48.2],[-61.5,48.4],[-61,48.2],[-60.8,48.1]]},"properties":{"id":"hur-al112008","event_type":"hurricane","name":"KYLE","year":2008,"max_wind_kt":75,"min_pressure_mb":984,"category":1,"preliminary":false,"start_date":"20080925","end_date":"20080930","track":[{"date":"20080925","time":"0000","status":"TD","lat":21.5,"lon":-70,"wind_kt":30,"pressure_mb":1005},{"date":"20080925","time":"0600","status":"TS","lat":22,"lon":-69.4,"wind_kt":35,"pressure_mb":1003},{"date":"20080925","time":"1200","status":"TS","lat":22.4,"lon":-68.7,"wind_kt":40,"pressure_mb":1002},{"date":"20080925","time":"1800","status":"TS","lat":23.1,"lon":-68.4,"wind_kt":40,"pressure_mb":1001},{"date":"20080926","time":"0000","status":"TS","lat":24,"lon":-68,"wind_kt":45,"pressure_mb":998},{"date":"20080926","time":"0600","status":"TS","lat":25,"lon":-68.2,"wind_kt":50,"pressure_mb":996},{"date":"20080926","time":"1200","status":"TS","lat":26,"lon":-68.6,"wind_kt":50,"pressure_mb":998},{"date":"20080926","time":"1800","status":"TS","lat":26.9,"lon":-68.6,"wind_kt":50,"pressure_mb":1000},{"date":"20080927","time":"0000","status":"TS","lat":28.7,"lon":-68.6,"wind_kt":55,"pressure_mb":998},{"date":"20080927","time":"0600","status":"TS","lat":29.9,"lon":-69.3,"wind_kt":60,"pressure_mb":996},{"date":"20080927","time":"1200","status":"HU","lat":31.2,"lon":-69.5,"wind_kt":65,"pressure_mb":996},{"date":"20080927","time":"1800","status":"HU","lat":33.3,"lon":-69.7,"wind_kt":70,"pressure_mb":995},{"date":"20080928","time":"0000","status":"HU","lat":35.3,"lon":-69.7,"wind_kt":70,"pressure_mb":995},{"date":"20080928","time":"0600","status":"HU","lat":37.4,"lon":-69.3,"wind_kt":70,"pressure_mb":992},{"date":"20080928","time":"1200","status":"HU","lat":39.4,"lon":-68.2,"wind_kt":75,"pressure_mb":989},{"date":"20080928","time":"1800","status":"HU","lat":41.6,"lon":-66.7,"wind_kt":70,"pressure_mb":984},{"date":"20080929","time":"0000","status":"HU","lat":43.8,"lon":-66.2,"wind_kt":65,"pressure_mb":985},{"date":"20080929","time":"0600","status":"EX","lat":45.6,"lon":-65,"wind_kt":50,"pressure_mb":990},{"date":"20080929","time":"1200","status":"EX","lat":47.7,"lon":-63.5,"wind_kt":45,"pressure_mb":994},{"date":"20080929","time":"1800","status":"EX","lat":48.2,"lon":-62.6,"wind_kt":40,"pressure_mb":999},{"date":"20080930","time":"0000","status":"EX","lat":48.4,"lon":-61.5,"wind_kt":35,"pressure_mb":1002},{"date":"20080930","time":"0600","status":"EX","lat":48.2,"lon":-61,"wind_kt":30,"pressure_mb":1004},{"date":"20080930","time":"1200","status":"EX","lat":48.1,"lon":-60.8,"wind_kt":25,"pressure_mb":1005}]}},{"type":"Feature","geometry":{"type":"LineString","coordinates":[[-35,39],[-35,37.9],[-35.5,37],[-36,36.5],[-36.5,37],[-37.2,37.4],[-38,37.5],[-39,37.4],[-40,37.3],[-41.2,37.2],[-42.5,37],[-44.1,36.8],[-45.7,36.7],[-47,37],[-47.7,37.2],[-48.2,37.8],[-48.5,38.6],[-48.8,39.6],[-48.9,40.6],[-48.8,41.7],[-48.3,42.9],[-47.7,44.2],[-46.9,45.7],[-46.3,47.5],[-46,49.5],[-46,51.5],[-46,53.5],[-45.5,55.6],[-44,56.9],[-42,57],[-40,57],[-37,57],[-31.4,56.5],[-26,56]]},"properties":{"id":"hur-al122008","event_type":"hurricane","name":"LAURA","year":2008,"max_wind_kt":70,"min_pressure_mb":990,"category":1,"preliminary":false,"start_date":"20080926","end_date":"20081004","track":[{"date":"20080926","time":"0000","status":"EX","lat":39,"lon":-35,"wind_kt":40,"pressure_mb":1011},{"date":"20080926","time":"0600","status":"EX","lat":37.9,"lon":-35,"wind_kt":45,"pressure_mb":1010},{"date":"20080926","time":"1200","status":"EX","lat":37,"lon":-35.5,"wind_kt":50,"pressure_mb":1009},{"date":"20080926","time":"1800","status":"EX","lat":36.5,"lon":-36,"wind_kt":55,"pressure_mb":1007},{"date":"20080927","time":"0000","status":"EX","lat":37,"lon":-36.5,"wind_kt":60,"pressure_mb":1004},{"date":"20080927","time":"0600","status":"EX","lat":37.4,"lon":-37.2,"wind_kt":65,"pressure_mb":998},{"date":"20080927","time":"1200","status":"EX","lat":37.5,"lon":-38,"wind_kt":70,"pressure_mb":992},{"date":"20080927","time":"1800","status":"EX","lat":37.4,"lon":-39,"wind_kt":70,"pressure_mb":992},{"date":"20080928","time":"0000","status":"EX","lat":37.3,"lon":-40,"wind_kt":60,"pressure_mb":994},{"date":"20080928","time":"0600","status":"EX","lat":37.2,"lon":-41.2,"wind_kt":55,"pressure_mb":994},{"date":"20080928","time":"1200","status":"EX","lat":37,"lon":-42.5,"wind_kt":50,"pressure_mb":995},{"date":"20080928","time":"1800","status":"EX","lat":36.8,"lon":-44.1,"wind_kt":50,"pressure_mb":995},{"date":"20080929","time":"0000","status":"EX","lat":36.7,"lon":-45.7,"wind_kt":50,"pressure_mb":995},{"date":"20080929","time":"0600","status":"SS","lat":37,"lon":-47,"wind_kt":50,"pressure_mb":995},{"date":"20080929","time":"1200","status":"SS","lat":37.2,"lon":-47.7,"wind_kt":50,"pressure_mb":995},{"date":"20080929","time":"1800","status":"SS","lat":37.8,"lon":-48.2,"wind_kt":50,"pressure_mb":995},{"date":"20080930","time":"0000","status":"SS","lat":38.6,"lon":-48.5,"wind_kt":50,"pressure_mb":996},{"date":"20080930","time":"0600","status":"SS","lat":39.6,"lon":-48.8,"wind_kt":50,"pressure_mb":996},{"date":"20080930","time":"1200","status":"TS","lat":40.6,"lon":-48.9,"wind_kt":50,"pressure_mb":996},{"date":"20080930","time":"1800","status":"TS","lat":41.7,"lon":-48.8,"wind_kt":50,"pressure_mb":994},{"date":"20081001","time":"0000","status":"TS","lat":42.9,"lon":-48.3,"wind_kt":45,"pressure_mb":995},{"date":"20081001","time":"0600","status":"TS","lat":44.2,"lon":-47.7,"wind_kt":45,"pressure_mb":995},{"date":"20081001","time":"1200","status":"LO","lat":45.7,"lon":-46.9,"wind_kt":40,"pressure_mb":995},{"date":"20081001","time":"1800","status":"LO","lat":47.5,"lon":-46.3,"wind_kt":40,"pressure_mb":995},{"date":"20081002","time":"0000","status":"LO","lat":49.5,"lon":-46,"wind_kt":35,"pressure_mb":997},{"date":"20081002","time":"0600","status":"EX","lat":51.5,"lon":-46,"wind_kt":35,"pressure_mb":996},{"date":"20081002","time":"1200","status":"EX","lat":53.5,"lon":-46,"wind_kt":40,"pressure_mb":992},{"date":"20081002","time":"1800","status":"EX","lat":55.6,"lon":-45.5,"wind_kt":40,"pressure_mb":992},{"date":"20081003","time":"0000","status":"EX","lat":56.9,"lon":-44,"wind_kt":50,"pressure_mb":991},{"date":"20081003","time":"0600","status":"EX","lat":57,"lon":-42,"wind_kt":65,"pressure_mb":990},{"date":"20081003","time":"1200","status":"EX","lat":57,"lon":-40,"wind_kt":60,"pressure_mb":992},{"date":"20081003","time":"1800","status":"EX","lat":57,"lon":-37,"wind_kt":55,"pressure_mb":994},{"date":"20081004","time":"0000","status":"EX","lat":56.5,"lon":-31.4,"wind_kt":45,"pressure_mb":996},{"date":"20081004","time":"0600","status":"EX","lat":56,"lon":-26,"wind_kt":40,"pressure_mb":997}]}},{"type":"Feature","geometry":{"type":"LineString","coordinates":[[-91.7,18.5],[-92.7,18.6],[-93.7,18.9],[-94.5,19.4],[-95.2,19.7],[-95.9,19.8],[-96.5,19.9],[-96.9,19.9]]},"properties":{"id":"hur-al132008","event_type":"hurricane","name":"MARCO","year":2008,"max_wind_kt":55,"min_pressure_mb":998,"category":0,"preliminary":false,"start_date":"20081006","end_date":"20081007","track":[{"date":"20081006","time":"0000","status":"TD","lat":18.5,"lon":-91.7,"wind_kt":25,"pressure_mb":1006},{"date":"20081006","time":"0600","status":"TD","lat":18.6,"lon":-92.7,"wind_kt":30,"pressure_mb":1005},{"date":"20081006","time":"1200","status":"TS","lat":18.9,"lon":-93.7,"wind_kt":40,"pressure_mb":1002},{"date":"20081006","time":"1800","status":"TS","lat":19.4,"lon":-94.5,"wind_kt":50,"pressure_mb":999},{"date":"20081007","time":"0000","status":"TS","lat":19.7,"lon":-95.2,"wind_kt":55,"pressure_mb":998},{"date":"20081007","time":"0600","status":"TS","lat":19.8,"lon":-95.9,"wind_kt":55,"pressure_mb":998},{"date":"20081007","time":"1200","status":"TS","lat":19.9,"lon":-96.5,"wind_kt":55,"pressure_mb":998},{"date":"20081007","time":"1800","status":"TD","lat":19.9,"lon":-96.9,"wind_kt":30,"pressure_mb":1007}]}},{"type":"Feature","geometry":{"type":"LineString","coordinates":[[-36.6,15.5],[-37.1,16],[-37.7,16.4],[-38.4,16.5],[-39,16.6],[-39.6,16.8],[-40.3,17.2],[-41.5,17.6],[-42.7,18],[-44,18.3],[-45,18.6],[-46.1,19.4],[-47.1,20.5],[-48,22]]},"properties":{"id":"hur-al142008","event_type":"hurricane","name":"NANA","year":2008,"max_wind_kt":35,"min_pressure_mb":1004,"category":0,"preliminary":false,"start_date":"20081012","end_date":"20081015","track":[{"date":"20081012","time":"0600","status":"TD","lat":15.5,"lon":-36.6,"wind_kt":30,"pressure_mb":1007},{"date":"20081012","time":"1200","status":"TS","lat":16,"lon":-37.1,"wind_kt":35,"pressure_mb":1006},{"date":"20081012","time":"1800","status":"TS","lat":16.4,"lon":-37.7,"wind_kt":35,"pressure_mb":1005},{"date":"20081013","time":"0000","status":"TS","lat":16.5,"lon":-38.4,"wind_kt":35,"pressure_mb":1004},{"date":"20081013","time":"0600","status":"TS","lat":16.6,"lon":-39,"wind_kt":35,"pressure_mb":1005},{"date":"20081013","time":"1200","status":"TD","lat":16.8,"lon":-39.6,"wind_kt":30,"pressure_mb":1006},{"date":"20081013","time":"1800","status":"TD","lat":17.2,"lon":-40.3,"wind_kt":30,"pressure_mb":1007},{"date":"20081014","time":"0000","status":"TD","lat":17.6,"lon":-41.5,"wind_kt":30,"pressure_mb":1007},{"date":"20081014","time":"0600","status":"TD","lat":18,"lon":-42.7,"wind_kt":30,"pressure_mb":1007},{"date":"20081014","time":"1200","status":"LO","lat":18.3,"lon":-44,"wind_kt":25,"pressure_mb":1008},{"date":"20081014","time":"1800","status":"LO","lat":18.6,"lon":-45,"wind_kt":25,"pressure_mb":1008},{"date":"20081015","time":"0000","status":"LO","lat":19.4,"lon":-46.1,"wind_kt":25,"pressure_mb":1009},{"date":"20081015","time":"0600","status":"LO","lat":20.5,"lon":-47.1,"wind_kt":25,"pressure_mb":1010},{"date":"20081015","time":"1200","status":"LO","lat":22,"lon":-48,"wind_kt":20,"pressure_mb":1011}]}},{"type":"Feature","geometry":{"type":"LineString","coordinates":[[-69,15.4],[-69.6,15.2],[-69.8,14.8],[-69.6,14.5],[-69.3,14.3],[-69.1,14.2],[-68.8,13.9],[-68.3,14.1],[-68,14.4],[-67.4,14.9],[-66.5,15.6],[-65.2,16.7],[-63.9,18.2],[-62.1,19.6],[-60.4,21.1],[-58.8,22.8],[-57.1,25.1],[-55.7,27.9],[-54.4,30.1],[-53.2,31.3],[-52.1,32.4],[-51.3,33],[-50.5,33.5],[-49.7,34],[-49,34.5],[-48.3,35.1],[-47.5,35.7],[-46.8,36.4],[-46.2,37],[-45.3,37.6],[-44.3,37.9],[-43.3,38.3]]},"properties":{"id":"hur-al152008","event_type":"hurricane","name":"OMAR","year":2008,"max_wind_kt":115,"min_pressure_mb":958,"category":4,"preliminary":false,"start_date":"20081013","end_date":"20081021","track":[{"date":"20081013","time":"0600","status":"TD","lat":15.4,"lon":-69,"wind_kt":25,"pressure_mb":1005},{"date":"20081013","time":"1200","status":"TD","lat":15.2,"lon":-69.6,"wind_kt":30,"pressure_mb":1005},{"date":"20081013","time":"1800","status":"TD","lat":14.8,"lon":-69.8,"wind_kt":30,"pressure_mb":1004},{"date":"20081014","time":"0000","status":"TS","lat":14.5,"lon":-69.6,"wind_kt":35,"pressure_mb":1001},{"date":"20081014","time":"0600","status":"TS","lat":14.3,"lon":-69.3,"wind_kt":40,"pressure_mb":997},{"date":"20081014","time":"1200","status":"TS","lat":14.2,"lon":-69.1,"wind_kt":50,"pressure_mb":991},{"date":"20081014","time":"1800","status":"TS","lat":13.9,"lon":-68.8,"wind_kt":60,"pressure_mb":983},{"date":"20081015","time":"0000","status":"HU","lat":14.1,"lon":-68.3,"wind_kt":65,"pressure_mb":983},{"date":"20081015","time":"0600","status":"HU","lat":14.4,"lon":-68,"wind_kt":70,"pressure_mb":985},{"date":"20081015","time":"1200","status":"HU","lat":14.9,"lon":-67.4,"wind_kt":75,"pressure_mb":984},{"date":"20081015","time":"1800","status":"HU","lat":15.6,"lon":-66.5,"wind_kt":80,"pressure_mb":977},{"date":"20081016","time":"0000","status":"HU","lat":16.7,"lon":-65.2,"wind_kt":95,"pressure_mb":970},{"date":"20081016","time":"0600","status":"HU","lat":18.2,"lon":-63.9,"wind_kt":115,"pressure_mb":958},{"date":"20081016","time":"1200","status":"HU","lat":19.6,"lon":-62.1,"wind_kt":90,"pressure_mb":975},{"date":"20081016","time":"1800","status":"HU","lat":21.1,"lon":-60.4,"wind_kt":70,"pressure_mb":985},{"date":"20081017","time":"0000","status":"HU","lat":22.8,"lon":-58.8,"wind_kt":65,"pressure_mb":986},{"date":"20081017","time":"0600","status":"HU","lat":25.1,"lon":-57.1,"wind_kt":70,"pressure_mb":984},{"date":"20081017","time":"1200","status":"HU","lat":27.9,"lon":-55.7,"wind_kt":75,"pressure_mb":982},{"date":"20081017","time":"1800","status":"HU","lat":30.1,"lon":-54.4,"wind_kt":65,"pressure_mb":985},{"date":"20081018","time":"0000","status":"TS","lat":31.3,"lon":-53.2,"wind_kt":55,"pressure_mb":988},{"date":"20081018","time":"0600","status":"TS","lat":32.4,"lon":-52.1,"wind_kt":50,"pressure_mb":991},{"date":"20081018","time":"1200","status":"LO","lat":33,"lon":-51.3,"wind_kt":40,"pressure_mb":996},{"date":"20081018","time":"1800","status":"LO","lat":33.5,"lon":-50.5,"wind_kt":35,"pressure_mb":1002},{"date":"20081019","time":"0000","status":"LO","lat":34,"lon":-49.7,"wind_kt":30,"pressure_mb":1006},{"date":"20081019","time":"0600","status":"LO","lat":34.5,"lon":-49,"wind_kt":30,"pressure_mb":1009},{"date":"20081019","time":"1200","status":"LO","lat":35.1,"lon":-48.3,"wind_kt":25,"pressure_mb":1011},{"date":"20081019","time":"1800","status":"LO","lat":35.7,"lon":-47.5,"wind_kt":25,"pressure_mb":1012},{"date":"20081020","time":"0000","status":"LO","lat":36.4,"lon":-46.8,"wind_kt":25,"pressure_mb":1013},{"date":"20081020","time":"0600","status":"LO","lat":37,"lon":-46.2,"wind_kt":25,"pressure_mb":1014},{"date":"20081020","time":"1200","status":"LO","lat":37.6,"lon":-45.3,"wind_kt":25,"pressure_mb":1015},{"date":"20081020","time":"1800","status":"LO","lat":37.9,"lon":-44.3,"wind_kt":25,"pressure_mb":1016},{"date":"20081021","time":"0000","status":"LO","lat":38.3,"lon":-43.3,"wind_kt":25,"pressure_mb":1016}]}},{"type":"Feature","geometry":{"type":"LineString","coordinates":[[-82.8,15.5],[-83.2,15.9],[-83.6,16],[-84,16],[-84.4,15.9],[-84.5,15.9],[-85,15.6],[-85.6,15.3]]},"properties":{"id":"hur-al162008","event_type":"hurricane","name":"SIXTEEN","year":2008,"max_wind_kt":25,"min_pressure_mb":1004,"category":-1,"preliminary":false,"start_date":"20081014","end_date":"20081016","track":[{"date":"20081014","time":"1200","status":"TD","lat":15.5,"lon":-82.8,"wind_kt":25,"pressure_mb":1004},{"date":"20081014","time":"1800","status":"TD","lat":15.9,"lon":-83.2,"wind_kt":25,"pressure_mb":1005},{"date":"20081015","time":"0000","status":"TD","lat":16,"lon":-83.6,"wind_kt":25,"pressure_mb":1005},{"date":"20081015","time":"0600","status":"TD","lat":16,"lon":-84,"wind_kt":25,"pressure_mb":1005},{"date":"20081015","time":"1200","status":"TD","lat":15.9,"lon":-84.4,"wind_kt":25,"pressure_mb":1005},{"date":"20081015","time":"1230","status":"TD","lat":15.9,"lon":-84.5,"wind_kt":25,"pressure_mb":1005},{"date":"20081015","time":"1800","status":"TD","lat":15.6,"lon":-85,"wind_kt":25,"pressure_mb":1006},{"date":"20081016","time":"0000","status":"LO","lat":15.3,"lon":-85.6,"wind_kt":25,"pressure_mb":1006}]}},{"type":"Feature","geometry":{"type":"LineString","coordinates":[[-81.7,13.7],[-82,14.2],[-82.1,14.8],[-82,15.4],[-81.9,16.1],[-81.8,16.8],[-81.7,17.4],[-81.6,18],[-81.4,18.6],[-81,19],[-80.4,19.4],[-79.6,19.8],[-78.8,20.2],[-78,20.7],[-78,20.7],[-77.7,21],[-77.8,21.3],[-77.9,21.6],[-77.9,21.8],[-77.8,22.1],[-77.7,22.4],[-77.6,22.5],[-77.5,22.4],[-77.6,22.1],[-77.9,21.8],[-78.3,21.3],[-78.8,20.9],[-79.7,20.8],[-80.7,21],[-81.7,21.4],[-82.8,22.1],[-83.8,22.8],[-84.7,23.8],[-85.5,25],[-85.9,26.8],[-85.6,28.9]]},"properties":{"id":"hur-al172008","event_type":"hurricane","name":"PALOMA","year":2008,"max_wind_kt":125,"min_pressure_mb":944,"category":4,"preliminary":false,"start_date":"20081105","end_date":"20081114","track":[{"date":"20081105","time":"1800","status":"TD","lat":13.7,"lon":-81.7,"wind_kt":25,"pressure_mb":1004},{"date":"20081106","time":"0000","status":"TD","lat":14.2,"lon":-82,"wind_kt":30,"pressure_mb":1004},{"date":"20081106","time":"0600","status":"TS","lat":14.8,"lon":-82.1,"wind_kt":35,"pressure_mb":1003},{"date":"20081106","time":"1200","status":"TS","lat":15.4,"lon":-82,"wind_kt":40,"pressure_mb":1000},{"date":"20081106","time":"1800","status":"TS","lat":16.1,"lon":-81.9,"wind_kt":55,"pressure_mb":994},{"date":"20081107","time":"0000","status":"HU","lat":16.8,"lon":-81.8,"wind_kt":65,"pressure_mb":987},{"date":"20081107","time":"0600","status":"HU","lat":17.4,"lon":-81.7,"wind_kt":65,"pressure_mb":985},{"date":"20081107","time":"1200","status":"HU","lat":18,"lon":-81.6,"wind_kt":75,"pressure_mb":979},{"date":"20081107","time":"1800","status":"HU","lat":18.6,"lon":-81.4,"wind_kt":80,"pressure_mb":975},{"date":"20081108","time":"0000","status":"HU","lat":19,"lon":-81,"wind_kt":100,"pressure_mb":964},{"date":"20081108","time":"0600","status":"HU","lat":19.4,"lon":-80.4,"wind_kt":110,"pressure_mb":951},{"date":"20081108","time":"1200","status":"HU","lat":19.8,"lon":-79.6,"wind_kt":125,"pressure_mb":944},{"date":"20081108","time":"1800","status":"HU","lat":20.2,"lon":-78.8,"wind_kt":125,"pressure_mb":951},{"date":"20081109","time":"0000","status":"HU","lat":20.7,"lon":-78,"wind_kt":90,"pressure_mb":968},{"date":"20081109","time":"0100","status":"HU","lat":20.7,"lon":-78,"wind_kt":85,"pressure_mb":970},{"date":"20081109","time":"0600","status":"TS","lat":21,"lon":-77.7,"wind_kt":55,"pressure_mb":990},{"date":"20081109","time":"1200","status":"TS","lat":21.3,"lon":-77.8,"wind_kt":35,"pressure_mb":1002},{"date":"20081109","time":"1800","status":"TD","lat":21.6,"lon":-77.9,"wind_kt":25,"pressure_mb":1004},{"date":"20081110","time":"0000","status":"LO","lat":21.8,"lon":-77.9,"wind_kt":25,"pressure_mb":1005},{"date":"20081110","time":"0600","status":"LO","lat":22.1,"lon":-77.8,"wind_kt":25,"pressure_mb":1006},{"date":"20081110","time":"1200","status":"LO","lat":22.4,"lon":-77.7,"wind_kt":20,"pressure_mb":1007},{"date":"20081110","time":"1800","status":"LO","lat":22.5,"lon":-77.6,"wind_kt":20,"pressure_mb":1008},{"date":"20081111","time":"0000","status":"LO","lat":22.4,"lon":-77.5,"wind_kt":20,"pressure_mb":1009},{"date":"20081111","time":"0600","status":"LO","lat":22.1,"lon":-77.6,"wind_kt":20,"pressure_mb":1009},{"date":"20081111","time":"1200","status":"LO","lat":21.8,"lon":-77.9,"wind_kt":20,"pressure_mb":1009},{"date":"20081111","time":"1800","status":"LO","lat":21.3,"lon":-78.3,"wind_kt":20,"pressure_mb":1009},{"date":"20081112","time":"0000","status":"LO","lat":20.9,"lon":-78.8,"wind_kt":20,"pressure_mb":1009},{"date":"20081112","time":"0600","status":"LO","lat":20.8,"lon":-79.7,"wind_kt":20,"pressure_mb":1009},{"date":"20081112","time":"1200","status":"LO","lat":21,"lon":-80.7,"wind_kt":20,"pressure_mb":1009},{"date":"20081112","time":"1800","status":"LO","lat":21.4,"lon":-81.7,"wind_kt":20,"pressure_mb":1009},{"date":"20081113","time":"0000","status":"LO","lat":22.1,"lon":-82.8,"wind_kt":20,"pressure_mb":1010},{"date":"20081113","time":"0600","status":"LO","lat":22.8,"lon":-83.8,"wind_kt":20,"pressure_mb":1010},{"date":"20081113","time":"1200","status":"LO","lat":23.8,"lon":-84.7,"wind_kt":20,"pressure_mb":1010},{"date":"20081113","time":"1800","status":"LO","lat":25,"lon":-85.5,"wind_kt":20,"pressure_mb":1010},{"date":"20081114","time":"0000","status":"LO","lat":26.8,"lon":-85.9,"wind_kt":20,"pressure_mb":1010},{"date":"20081114","time":"0600","status":"LO","lat":28.9,"lon":-85.6,"wind_kt":20,"pressure_mb":1010}]}},{"type":"Feature","geometry":{"type":"LineString","coordinates":[[-75.4,30.6],[-75.6,31.7],[-75.5,32.7],[-75.2,33.6],[-74.6,34.5],[-73.8,35.3],[-72.9,36.1],[-71.8,36.9],[-70.3,37.5],[-68.6,38],[-66.8,38.6],[-65,39.3],[-63.1,40],[-61,40.6],[-58.6,41]]},"properties":{"id":"hur-al012009","event_type":"hurricane","name":"ONE","year":2009,"max_wind_kt":30,"min_pressure_mb":1006,"category":-1,"preliminary":false,"start_date":"20090526","end_date":"20090530","track":[{"date":"20090526","time":"1800","status":"LO","lat":30.6,"lon":-75.4,"wind_kt":25,"pressure_mb":1010},{"date":"20090527","time":"0000","status":"LO","lat":31.7,"lon":-75.6,"wind_kt":25,"pressure_mb":1010},{"date":"20090527","time":"0600","status":"LO","lat":32.7,"lon":-75.5,"wind_kt":25,"pressure_mb":1010},{"date":"20090527","time":"1200","status":"LO","lat":33.6,"lon":-75.2,"wind_kt":25,"pressure_mb":1009},{"date":"20090527","time":"1800","status":"LO","lat":34.5,"lon":-74.6,"wind_kt":25,"pressure_mb":1008},{"date":"20090528","time":"0000","status":"LO","lat":35.3,"lon":-73.8,"wind_kt":25,"pressure_mb":1007},{"date":"20090528","time":"0600","status":"TD","lat":36.1,"lon":-72.9,"wind_kt":25,"pressure_mb":1007},{"date":"20090528","time":"1200","status":"TD","lat":36.9,"lon":-71.8,"wind_kt":25,"pressure_mb":1007},{"date":"20090528","time":"1800","status":"TD","lat":37.5,"lon":-70.3,"wind_kt":30,"pressure_mb":1006},{"date":"20090529","time":"0000","status":"TD","lat":38,"lon":-68.6,"wind_kt":30,"pressure_mb":1006},{"date":"20090529","time":"0600","status":"TD","lat":38.6,"lon":-66.8,"wind_kt":30,"pressure_mb":1006},{"date":"20090529","time":"1200","status":"TD","lat":39.3,"lon":-65,"wind_kt":30,"pressure_mb":1006},{"date":"20090529","time":"1800","status":"TD","lat":40,"lon":-63.1,"wind_kt":25,"pressure_mb":1007},{"date":"20090530","time":"0000","status":"LO","lat":40.6,"lon":-61,"wind_kt":25,"pressure_mb":1007},{"date":"20090530","time":"0600","status":"LO","lat":41,"lon":-58.6,"wind_kt":25,"pressure_mb":1007}]}},{"type":"Feature","geometry":{"type":"LineString","coordinates":[[-24,14.3],[-24.9,14.4],[-25.8,14.4],[-26.8,14.4],[-27.9,14.4],[-29,14.5],[-30,14.6],[-31,14.6],[-32.1,14.5],[-33.3,14.4],[-34.4,14.3],[-35.3,14.1],[-36.3,14],[-37.2,14],[-38.2,14.1],[-39.3,14.3],[-40.5,14.5],[-41.8,14.6],[-43.2,14.6],[-44.7,14.5],[-46.1,14.4],[-47.6,14.4],[-49.2,14.4],[-50.7,14.4],[-52.6,14.5],[-54.8,14.6]]},"properties":{"id":"hur-al022009","event_type":"hurricane","name":"ANA","year":2009,"max_wind_kt":35,"min_pressure_mb":1003,"category":0,"preliminary":false,"start_date":"20090810","end_date":"20090816","track":[{"date":"20090810","time":"0600","status":"LO","lat":14.3,"lon":-24,"wind_kt":25,"pressure_mb":1008},{"date":"20090810","time":"1200","status":"LO","lat":14.4,"lon":-24.9,"wind_kt":25,"pressure_mb":1008},{"date":"20090810","time":"1800","status":"LO","lat":14.4,"lon":-25.8,"wind_kt":25,"pressure_mb":1008},{"date":"20090811","time":"0000","status":"LO","lat":14.4,"lon":-26.8,"wind_kt":25,"pressure_mb":1008},{"date":"20090811","time":"0600","status":"TD","lat":14.4,"lon":-27.9,"wind_kt":25,"pressure_mb":1007},{"date":"20090811","time":"1200","status":"TD","lat":14.5,"lon":-29,"wind_kt":25,"pressure_mb":1006},{"date":"20090811","time":"1800","status":"TD","lat":14.6,"lon":-30,"wind_kt":25,"pressure_mb":1006},{"date":"20090812","time":"0000","status":"TD","lat":14.6,"lon":-31,"wind_kt":30,"pressure_mb":1006},{"date":"20090812","time":"0600","status":"TD","lat":14.5,"lon":-32.1,"wind_kt":30,"pressure_mb":1006},{"date":"20090812","time":"1200","status":"TS","lat":14.4,"lon":-33.3,"wind_kt":35,"pressure_mb":1005},{"date":"20090812","time":"1800","status":"TS","lat":14.3,"lon":-34.4,"wind_kt":35,"pressure_mb":1005},{"date":"20090813","time":"0000","status":"TD","lat":14.1,"lon":-35.3,"wind_kt":30,"pressure_mb":1006},{"date":"20090813","time":"0600","status":"LO","lat":14,"lon":-36.3,"wind_kt":30,"pressure_mb":1007},{"date":"20090813","time":"1200","status":"LO","lat":14,"lon":-37.2,"wind_kt":25,"pressure_mb":1008},{"date":"20090813","time":"1800","status":"LO","lat":14.1,"lon":-38.2,"wind_kt":25,"pressure_mb":1008},{"date":"20090814","time":"0000","status":"LO","lat":14.3,"lon":-39.3,"wind_kt":25,"pressure_mb":1008},{"date":"20090814","time":"0600","status":"LO","lat":14.5,"lon":-40.5,"wind_kt":25,"pressure_mb":1008},{"date":"20090814","time":"1200","status":"LO","lat":14.6,"lon":-41.8,"wind_kt":25,"pressure_mb":1008},{"date":"20090814","time":"1800","status":"LO","lat":14.6,"lon":-43.2,"wind_kt":25,"pressure_mb":1007},{"date":"20090815","time":"0000","status":"TD","lat":14.5,"lon":-44.7,"wind_kt":30,"pressure_mb":1005},{"date":"20090815","time":"0600","status":"TS","lat":14.4,"lon":-46.1,"wind_kt":35,"pressure_mb":1003},{"date":"20090815","time":"1200","status":"TS","lat":14.4,"lon":-47.6,"wind_kt":35,"pressure_mb":1003},{"date":"20090815","time":"1800","status":"TS","lat":14.4,"lon":-49.2,"wind_kt":35,"pressure_mb":1003},{"date":"20090816","time":"0000","status":"TS","lat":14.4,"lon":-50.7,"wind_kt":35,"pressure_mb":1003},{"date":"20090816","time":"0600","status":"TS","lat":14.5,"lon":-52.6,"wind_kt":35,"pressure_mb":1004},{"date":"20090816","time":"1200","status":"TD","lat":14.6,"lon":-54.8,"wind_kt":30,"pressure_mb":1006}]}},{"type":"Feature","geometry":{"type":"LineString","coordinates":[[-32,11.8],[-33.3,11.5],[-34.5,11.2],[-35.5,11.2],[-36.5,11.5],[-37.8,12],[-39.4,12.6],[-41.3,13.1],[-43.2,13.5],[-44.6,13.9],[-46,14.4],[-47.5,14.8],[-49,15.3],[-50.3,15.7],[-51.7,16.2],[-52.9,16.9],[-54.2,17.6],[-55.6,18.3],[-56.9,19.3],[-58.2,20.2],[-59.6,21.1],[-61,22.1],[-62.4,23.1],[-63.7,24.1],[-64.9,25.5],[-66,27.1],[-66.9,28.6],[-67.6,30.4],[-68.4,32.3],[-68.8,34.1],[-68.9,36],[-68.4,38.1],[-67.3,40.1],[-65.4,42.4],[-62.5,44.4],[-57.9,46.3],[-56.4,46.8],[-56,46.9],[-53,48],[-47.2,49.2],[-41.2,50],[-35.4,50.3],[-29.6,50.7],[-23.8,51.2],[-18,52],[-13,53]]},"properties":{"id":"hur-al032009","event_type":"hurricane","name":"BILL","year":2009,"max_wind_kt":115,"min_pressure_mb":943,"category":4,"preliminary":false,"start_date":"20090815","end_date":"20090826","track":[{"date":"20090815","time":"0600","status":"TD","lat":11.8,"lon":-32,"wind_kt":30,"pressure_mb":1007},{"date":"20090815","time":"1200","status":"TD","lat":11.5,"lon":-33.3,"wind_kt":30,"pressure_mb":1006},{"date":"20090815","time":"1800","status":"TS","lat":11.2,"lon":-34.5,"wind_kt":35,"pressure_mb":1004},{"date":"20090816","time":"0000","status":"TS","lat":11.2,"lon":-35.5,"wind_kt":35,"pressure_mb":1004},{"date":"20090816","time":"0600","status":"TS","lat":11.5,"lon":-36.5,"wind_kt":40,"pressure_mb":1002},{"date":"20090816","time":"1200","status":"TS","lat":12,"lon":-37.8,"wind_kt":50,"pressure_mb":997},{"date":"20090816","time":"1800","status":"TS","lat":12.6,"lon":-39.4,"wind_kt":55,"pressure_mb":994},{"date":"20090817","time":"0000","status":"TS","lat":13.1,"lon":-41.3,"wind_kt":60,"pressure_mb":990},{"date":"20090817","time":"0600","status":"HU","lat":13.5,"lon":-43.2,"wind_kt":65,"pressure_mb":987},{"date":"20090817","time":"1200","status":"HU","lat":13.9,"lon":-44.6,"wind_kt":75,"pressure_mb":977},{"date":"20090817","time":"1800","status":"HU","lat":14.4,"lon":-46,"wind_kt":80,"pressure_mb":970},{"date":"20090818","time":"0000","status":"HU","lat":14.8,"lon":-47.5,"wind_kt":85,"pressure_mb":967},{"date":"20090818","time":"0600","status":"HU","lat":15.3,"lon":-49,"wind_kt":90,"pressure_mb":965},{"date":"20090818","time":"1200","status":"HU","lat":15.7,"lon":-50.3,"wind_kt":95,"pressure_mb":963},{"date":"20090818","time":"1800","status":"HU","lat":16.2,"lon":-51.7,"wind_kt":100,"pressure_mb":962},{"date":"20090819","time":"0000","status":"HU","lat":16.9,"lon":-52.9,"wind_kt":105,"pressure_mb":955},{"date":"20090819","time":"0600","status":"HU","lat":17.6,"lon":-54.2,"wind_kt":115,"pressure_mb":954},{"date":"20090819","time":"1200","status":"HU","lat":18.3,"lon":-55.6,"wind_kt":115,"pressure_mb":949},{"date":"20090819","time":"1800","status":"HU","lat":19.3,"lon":-56.9,"wind_kt":115,"pressure_mb":947},{"date":"20090820","time":"0000","status":"HU","lat":20.2,"lon":-58.2,"wind_kt":115,"pressure_mb":945},{"date":"20090820","time":"0600","status":"HU","lat":21.1,"lon":-59.6,"wind_kt":115,"pressure_mb":949},{"date":"20090820","time":"1200","status":"HU","lat":22.1,"lon":-61,"wind_kt":105,"pressure_mb":952},{"date":"20090820","time":"1800","status":"HU","lat":23.1,"lon":-62.4,"wind_kt":110,"pressure_mb":948},{"date":"20090821","time":"0000","status":"HU","lat":24.1,"lon":-63.7,"wind_kt":110,"pressure_mb":943},{"date":"20090821","time":"0600","status":"HU","lat":25.5,"lon":-64.9,"wind_kt":105,"pressure_mb":951},{"date":"20090821","time":"1200","status":"HU","lat":27.1,"lon":-66,"wind_kt":100,"pressure_mb":954},{"date":"20090821","time":"1800","status":"HU","lat":28.6,"lon":-66.9,"wind_kt":95,"pressure_mb":956},{"date":"20090822","time":"0000","status":"HU","lat":30.4,"lon":-67.6,"wind_kt":90,"pressure_mb":957},{"date":"20090822","time":"0600","status":"HU","lat":32.3,"lon":-68.4,"wind_kt":90,"pressure_mb":960},{"date":"20090822","time":"1200","status":"HU","lat":34.1,"lon":-68.8,"wind_kt":85,"pressure_mb":961},{"date":"20090822","time":"1800","status":"HU","lat":36,"lon":-68.9,"wind_kt":80,"pressure_mb":961},{"date":"20090823","time":"0000","status":"HU","lat":38.1,"lon":-68.4,"wind_kt":80,"pressure_mb":961},{"date":"20090823","time":"0600","status":"HU","lat":40.1,"lon":-67.3,"wind_kt":75,"pressure_mb":962},{"date":"20090823","time":"1200","status":"HU","lat":42.4,"lon":-65.4,"wind_kt":70,"pressure_mb":965},{"date":"20090823","time":"1800","status":"HU","lat":44.4,"lon":-62.5,"wind_kt":65,"pressure_mb":970},{"date":"20090824","time":"0000","status":"HU","lat":46.3,"lon":-57.9,"wind_kt":65,"pressure_mb":973},{"date":"20090824","time":"0200","status":"TS","lat":46.8,"lon":-56.4,"wind_kt":60,"pressure_mb":974},{"date":"20090824","time":"0300","status":"TS","lat":46.9,"lon":-56,"wind_kt":60,"pressure_mb":976},{"date":"20090824","time":"0600","status":"TS","lat":48,"lon":-53,"wind_kt":60,"pressure_mb":980},{"date":"20090824","time":"1200","status":"EX","lat":49.2,"lon":-47.2,"wind_kt":60,"pressure_mb":980},{"date":"20090824","time":"1800","status":"EX","lat":50,"lon":-41.2,"wind_kt":60,"pressure_mb":980},{"date":"20090825","time":"0000","status":"EX","lat":50.3,"lon":-35.4,"wind_kt":60,"pressure_mb":980},{"date":"20090825","time":"0600","status":"EX","lat":50.7,"lon":-29.6,"wind_kt":60,"pressure_mb":980},{"date":"20090825","time":"1200","status":"EX","lat":51.2,"lon":-23.8,"wind_kt":60,"pressure_mb":980},{"date":"20090825","time":"1800","status":"EX","lat":52,"lon":-18,"wind_kt":50,"pressure_mb":982},{"date":"20090826","time":"0000","status":"EX","lat":53,"lon":-13,"wind_kt":40,"pressure_mb":985}]}},{"type":"Feature","geometry":{"type":"LineString","coordinates":[[-83.4,27],[-84.2,28.2],[-85.1,29.1],[-85.8,29.8],[-86.5,30.4],[-86.6,30.5],[-87.5,31.5],[-88.3,32.8]]},"properties":{"id":"hur-al042009","event_type":"hurricane","name":"CLAUDETTE","year":2009,"max_wind_kt":50,"min_pressure_mb":1005,"category":0,"preliminary":false,"start_date":"20090816","end_date":"20090817","track":[{"date":"20090816","time":"0600","status":"TD","lat":27,"lon":-83.4,"wind_kt":30,"pressure_mb":1011},{"date":"20090816","time":"1200","status":"TS","lat":28.2,"lon":-84.2,"wind_kt":35,"pressure_mb":1010},{"date":"20090816","time":"1800","status":"TS","lat":29.1,"lon":-85.1,"wind_kt":50,"pressure_mb":1008},{"date":"20090817","time":"0000","status":"TS","lat":29.8,"lon":-85.8,"wind_kt":45,"pressure_mb":1005},{"date":"20090817","time":"0530","status":"TS","lat":30.4,"lon":-86.5,"wind_kt":40,"pressure_mb":1005},{"date":"20090817","time":"0600","status":"TS","lat":30.5,"lon":-86.6,"wind_kt":40,"pressure_mb":1005},{"date":"20090817","time":"1200","status":"TD","lat":31.5,"lon":-87.5,"wind_kt":25,"pressure_mb":1013},{"date":"20090817","time":"1800","status":"TD","lat":32.8,"lon":-88.3,"wind_kt":20,"pressure_mb":1017}]}},{"type":"Feature","geometry":{"type":"LineString","coordinates":[[-69.6,24.3],[-70.1,24.6],[-70.7,25.1],[-71.2,25.9],[-71.8,27],[-72.7,27.4],[-73.3,27.4],[-73.5,28.1],[-74.4,29],[-75.4,29.7],[-75.7,30.1],[-75,31]]},"properties":{"id":"hur-al052009","event_type":"hurricane","name":"DANNY","year":2009,"max_wind_kt":50,"min_pressure_mb":1006,"category":0,"preliminary":false,"start_date":"20090826","end_date":"20090829","track":[{"date":"20090826","time":"0900","status":"TS","lat":24.3,"lon":-69.6,"wind_kt":40,"pressure_mb":1009},{"date":"20090826","time":"1200","status":"TS","lat":24.6,"lon":-70.1,"wind_kt":40,"pressure_mb":1009},{"date":"20090826","time":"1800","status":"TS","lat":25.1,"lon":-70.7,"wind_kt":45,"pressure_mb":1009},{"date":"20090827","time":"0000","status":"TS","lat":25.9,"lon":-71.2,"wind_kt":50,"pressure_mb":1006},{"date":"20090827","time":"0600","status":"TS","lat":27,"lon":-71.8,"wind_kt":50,"pressure_mb":1006},{"date":"20090827","time":"1200","status":"TS","lat":27.4,"lon":-72.7,"wind_kt":50,"pressure_mb":1006},{"date":"20090827","time":"1800","status":"TS","lat":27.4,"lon":-73.3,"wind_kt":45,"pressure_mb":1008},{"date":"20090828","time":"0000","status":"TS","lat":28.1,"lon":-73.5,"wind_kt":40,"pressure_mb":1008},{"date":"20090828","time":"0600","status":"TS","lat":29,"lon":-74.4,"wind_kt":35,"pressure_mb":1008},{"date":"20090828","time":"1200","status":"TS","lat":29.7,"lon":-75.4,"wind_kt":35,"pressure_mb":1008},{"date":"20090828","time":"1800","status":"TS","lat":30.1,"lon":-75.7,"wind_kt":35,"pressure_mb":1007},{"date":"20090829","time":"0000","status":"TS","lat":31,"lon":-75,"wind_kt":35,"pressure_mb":1006}]}},{"type":"Feature","geometry":{"type":"LineString","coordinates":[[-57.3,16.7],[-58,16.8],[-58.9,16.5],[-59.9,16.4],[-61,16.3],[-61.3,16.3],[-61.9,16.3],[-62.7,16.4],[-63.5,16.5],[-64.5,16.6],[-65.5,16.8],[-66.5,17]]},"properties":{"id":"hur-al062009","event_type":"hurricane","name":"ERIKA","year":2009,"max_wind_kt":45,"min_pressure_mb":1004,"category":0,"preliminary":false,"start_date":"20090901","end_date":"20090904","track":[{"date":"20090901","time":"1800","status":"TS","lat":16.7,"lon":-57.3,"wind_kt":45,"pressure_mb":1007},{"date":"20090902","time":"0000","status":"TS","lat":16.8,"lon":-58,"wind_kt":45,"pressure_mb":1004},{"date":"20090902","time":"0600","status":"TS","lat":16.5,"lon":-58.9,"wind_kt":45,"pressure_mb":1005},{"date":"20090902","time":"1200","status":"TS","lat":16.4,"lon":-59.9,"wind_kt":35,"pressure_mb":1008},{"date":"20090902","time":"1800","status":"TS","lat":16.3,"lon":-61,"wind_kt":35,"pressure_mb":1008},{"date":"20090902","time":"1830","status":"TS","lat":16.3,"lon":-61.3,"wind_kt":35,"pressure_mb":1008},{"date":"20090903","time":"0000","status":"TS","lat":16.3,"lon":-61.9,"wind_kt":35,"pressure_mb":1009},{"date":"20090903","time":"0600","status":"TS","lat":16.4,"lon":-62.7,"wind_kt":40,"pressure_mb":1008},{"date":"20090903","time":"1200","status":"TS","lat":16.5,"lon":-63.5,"wind_kt":40,"pressure_mb":1008},{"date":"20090903","time":"1800","status":"TD","lat":16.6,"lon":-64.5,"wind_kt":30,"pressure_mb":1008},{"date":"20090904","time":"0000","status":"LO","lat":16.8,"lon":-65.5,"wind_kt":25,"pressure_mb":1009},{"date":"20090904","time":"0600","status":"LO","lat":17,"lon":-66.5,"wind_kt":25,"pressure_mb":1010}]}},{"type":"Feature","geometry":{"type":"LineString","coordinates":[[-24,11.8],[-25.4,11.7],[-26.8,11.7],[-28,11.8],[-29.2,11.9],[-30.3,12.4],[-31.3,13],[-32.1,13.6],[-32.8,14.2],[-33.5,14.8],[-34.2,15.4],[-34.6,16.1],[-34.9,16.7],[-35.1,17.2],[-34.8,17.5],[-34.5,17.6],[-34.2,17.6],[-33.9,17.6],[-33.6,17.6],[-33.6,17.5],[-33.8,17.5],[-34,17.5],[-34.3,17.5],[-34.7,17.9],[-35.4,18.5],[-36.3,19],[-37.5,19.2],[-38.8,19.2],[-40.2,19.1],[-41.6,19.1],[-43.1,19.3],[-44.7,19.8],[-46.4,20.4],[-48.3,21.1],[-50.2,21.8],[-52.1,22.3],[-54.1,22.8],[-56,23.3],[-57.9,23.8],[-59.9,24.2],[-61.6,24.6],[-63.2,24.9],[-64.7,25.3],[-66,25.6],[-67.1,25.9],[-68.1,26.2],[-69,26.4],[-69.8,26.6]]},"properties":{"id":"hur-al072009","event_type":"hurricane","name":"FRED","year":2009,"max_wind_kt":105,"min_pressure_mb":958,"category":3,"preliminary":false,"start_date":"20090907","end_date":"20090919","track":[{"date":"20090907","time":"1800","status":"TD","lat":11.8,"lon":-24,"wind_kt":30,"pressure_mb":1005},{"date":"20090908","time":"0000","status":"TS","lat":11.7,"lon":-25.4,"wind_kt":35,"pressure_mb":1004},{"date":"20090908","time":"0600","status":"TS","lat":11.7,"lon":-26.8,"wind_kt":45,"pressure_mb":1000},{"date":"20090908","time":"1200","status":"TS","lat":11.8,"lon":-28,"wind_kt":55,"pressure_mb":994},{"date":"20090908","time":"1800","status":"TS","lat":11.9,"lon":-29.2,"wind_kt":60,"pressure_mb":990},{"date":"20090909","time":"0000","status":"HU","lat":12.4,"lon":-30.3,"wind_kt":70,"pressure_mb":983},{"date":"20090909","time":"0600","status":"HU","lat":13,"lon":-31.3,"wind_kt":90,"pressure_mb":970},{"date":"20090909","time":"1200","status":"HU","lat":13.6,"lon":-32.1,"wind_kt":105,"pressure_mb":958},{"date":"20090909","time":"1800","status":"HU","lat":14.2,"lon":-32.8,"wind_kt":100,"pressure_mb":960},{"date":"20090910","time":"0000","status":"HU","lat":14.8,"lon":-33.5,"wind_kt":95,"pressure_mb":965},{"date":"20090910","time":"0600","status":"HU","lat":15.4,"lon":-34.2,"wind_kt":90,"pressure_mb":970},{"date":"20090910","time":"1200","status":"HU","lat":16.1,"lon":-34.6,"wind_kt":85,"pressure_mb":974},{"date":"20090910","time":"1800","status":"HU","lat":16.7,"lon":-34.9,"wind_kt":80,"pressure_mb":975},{"date":"20090911","time":"0000","status":"HU","lat":17.2,"lon":-35.1,"wind_kt":80,"pressure_mb":975},{"date":"20090911","time":"0600","status":"HU","lat":17.5,"lon":-34.8,"wind_kt":75,"pressure_mb":980},{"date":"20090911","time":"1200","status":"HU","lat":17.6,"lon":-34.5,"wind_kt":65,"pressure_mb":987},{"date":"20090911","time":"1800","status":"TS","lat":17.6,"lon":-34.2,"wind_kt":55,"pressure_mb":994},{"date":"20090912","time":"0000","status":"TS","lat":17.6,"lon":-33.9,"wind_kt":50,"pressure_mb":998},{"date":"20090912","time":"0600","status":"TS","lat":17.6,"lon":-33.6,"wind_kt":40,"pressure_mb":1002},{"date":"20090912","time":"1200","status":"TS","lat":17.5,"lon":-33.6,"wind_kt":35,"pressure_mb":1003},{"date":"20090912","time":"1800","status":"LO","lat":17.5,"lon":-33.8,"wind_kt":30,"pressure_mb":1004},{"date":"20090913","time":"0000","status":"LO","lat":17.5,"lon":-34,"wind_kt":30,"pressure_mb":1006},{"date":"20090913","time":"0600","status":"LO","lat":17.5,"lon":-34.3,"wind_kt":30,"pressure_mb":1007},{"date":"20090913","time":"1200","status":"LO","lat":17.9,"lon":-34.7,"wind_kt":30,"pressure_mb":1007},{"date":"20090913","time":"1800","status":"LO","lat":18.5,"lon":-35.4,"wind_kt":30,"pressure_mb":1007},{"date":"20090914","time":"0000","status":"LO","lat":19,"lon":-36.3,"wind_kt":30,"pressure_mb":1007},{"date":"20090914","time":"0600","status":"LO","lat":19.2,"lon":-37.5,"wind_kt":30,"pressure_mb":1007},{"date":"20090914","time":"1200","status":"LO","lat":19.2,"lon":-38.8,"wind_kt":30,"pressure_mb":1007},{"date":"20090914","time":"1800","status":"LO","lat":19.1,"lon":-40.2,"wind_kt":25,"pressure_mb":1008},{"date":"20090915","time":"0000","status":"LO","lat":19.1,"lon":-41.6,"wind_kt":25,"pressure_mb":1008},{"date":"20090915","time":"0600","status":"LO","lat":19.3,"lon":-43.1,"wind_kt":25,"pressure_mb":1008},{"date":"20090915","time":"1200","status":"LO","lat":19.8,"lon":-44.7,"wind_kt":25,"pressure_mb":1008},{"date":"20090915","time":"1800","status":"LO","lat":20.4,"lon":-46.4,"wind_kt":25,"pressure_mb":1010},{"date":"20090916","time":"0000","status":"LO","lat":21.1,"lon":-48.3,"wind_kt":25,"pressure_mb":1010},{"date":"20090916","time":"0600","status":"LO","lat":21.8,"lon":-50.2,"wind_kt":25,"pressure_mb":1010},{"date":"20090916","time":"1200","status":"LO","lat":22.3,"lon":-52.1,"wind_kt":25,"pressure_mb":1010},{"date":"20090916","time":"1800","status":"LO","lat":22.8,"lon":-54.1,"wind_kt":25,"pressure_mb":1010},{"date":"20090917","time":"0000","status":"LO","lat":23.3,"lon":-56,"wind_kt":25,"pressure_mb":1010},{"date":"20090917","time":"0600","status":"LO","lat":23.8,"lon":-57.9,"wind_kt":25,"pressure_mb":1010},{"date":"20090917","time":"1200","status":"LO","lat":24.2,"lon":-59.9,"wind_kt":25,"pressure_mb":1011},{"date":"20090917","time":"1800","status":"LO","lat":24.6,"lon":-61.6,"wind_kt":25,"pressure_mb":1011},{"date":"20090918","time":"0000","status":"LO","lat":24.9,"lon":-63.2,"wind_kt":25,"pressure_mb":1012},{"date":"20090918","time":"0600","status":"LO","lat":25.3,"lon":-64.7,"wind_kt":25,"pressure_mb":1012},{"date":"20090918","time":"1200","status":"LO","lat":25.6,"lon":-66,"wind_kt":25,"pressure_mb":1012},{"date":"20090918","time":"1800","status":"LO","lat":25.9,"lon":-67.1,"wind_kt":25,"pressure_mb":1012},{"date":"20090919","time":"0000","status":"LO","lat":26.2,"lon":-68.1,"wind_kt":25,"pressure_mb":1012},{"date":"20090919","time":"0600","status":"LO","lat":26.4,"lon":-69,"wind_kt":25,"pressure_mb":1012},{"date":"20090919","time":"1200","status":"LO","lat":26.6,"lon":-69.8,"wind_kt":25,"pressure_mb":1012}]}},{"type":"Feature","geometry":{"type":"LineString","coordinates":[[-29,14.8],[-30.1,15.4],[-31.1,16.1],[-32.2,16.7],[-33.3,17.2],[-34.3,17.8],[-35.2,18.6]]},"properties":{"id":"hur-al082009","event_type":"hurricane","name":"EIGHT","year":2009,"max_wind_kt":30,"min_pressure_mb":1008,"category":-1,"preliminary":false,"start_date":"20090925","end_date":"20090926","track":[{"date":"20090925","time":"0600","status":"LO","lat":14.8,"lon":-29,"wind_kt":20,"pressure_mb":1010},{"date":"20090925","time":"1200","status":"LO","lat":15.4,"lon":-30.1,"wind_kt":25,"pressure_mb":1009},{"date":"20090925","time":"1800","status":"TD","lat":16.1,"lon":-31.1,"wind_kt":30,"pressure_mb":1008},{"date":"20090926","time":"0000","status":"TD","lat":16.7,"lon":-32.2,"wind_kt":30,"pressure_mb":1008},{"date":"20090926","time":"0600","status":"TD","lat":17.2,"lon":-33.3,"wind_kt":30,"pressure_mb":1008},{"date":"20090926","time":"1200","status":"TD","lat":17.8,"lon":-34.3,"wind_kt":30,"pressure_mb":1008},{"date":"20090926","time":"1800","status":"TD","lat":18.6,"lon":-35.2,"wind_kt":25,"pressure_mb":1008}]}},{"type":"Feature","geometry":{"type":"LineString","coordinates":[[-43.2,46],[-42.9,45.3],[-42,44.7],[-40.3,44],[-38.7,43.8],[-37.1,43.6],[-35.8,43.4],[-35.3,42.9],[-35.2,42.3],[-35.4,41.4],[-35.3,40.3],[-34.6,38.7],[-33.2,37.4],[-31.5,36.6],[-29.7,36.7],[-28.7,37.7],[-28.5,38.6],[-28.8,39.3],[-29.4,39.7],[-30,40.2],[-30.4,40.9],[-31,41.4],[-31.9,41.4],[-32.5,40.8],[-32.3,39.9],[-31.3,39.1],[-29.5,38.5],[-26.8,38.3],[-23.9,38.8],[-21.3,40.2],[-19,42],[-17.1,44.3],[-15.5,46.6],[-14.3,48.8],[-12.7,50],[-10.6,50.4],[-7.7,50.8]]},"properties":{"id":"hur-al092009","event_type":"hurricane","name":"GRACE","year":2009,"max_wind_kt":55,"min_pressure_mb":986,"category":0,"preliminary":false,"start_date":"20090927","end_date":"20091006","track":[{"date":"20090927","time":"1800","status":"EX","lat":46,"lon":-43.2,"wind_kt":55,"pressure_mb":995},{"date":"20090928","time":"0000","status":"EX","lat":45.3,"lon":-42.9,"wind_kt":50,"pressure_mb":994},{"date":"20090928","time":"0600","status":"EX","lat":44.7,"lon":-42,"wind_kt":45,"pressure_mb":992},{"date":"20090928","time":"1200","status":"EX","lat":44,"lon":-40.3,"wind_kt":45,"pressure_mb":992},{"date":"20090928","time":"1800","status":"EX","lat":43.8,"lon":-38.7,"wind_kt":40,"pressure_mb":994},{"date":"20090929","time":"0000","status":"EX","lat":43.6,"lon":-37.1,"wind_kt":40,"pressure_mb":996},{"date":"20090929","time":"0600","status":"EX","lat":43.4,"lon":-35.8,"wind_kt":35,"pressure_mb":998},{"date":"20090929","time":"1200","status":"EX","lat":42.9,"lon":-35.3,"wind_kt":35,"pressure_mb":1000},{"date":"20090929","time":"1800","status":"EX","lat":42.3,"lon":-35.2,"wind_kt":35,"pressure_mb":999},{"date":"20090930","time":"0000","status":"EX","lat":41.4,"lon":-35.4,"wind_kt":35,"pressure_mb":998},{"date":"20090930","time":"0600","status":"EX","lat":40.3,"lon":-35.3,"wind_kt":35,"pressure_mb":997},{"date":"20090930","time":"1200","status":"EX","lat":38.7,"lon":-34.6,"wind_kt":40,"pressure_mb":996},{"date":"20090930","time":"1800","status":"EX","lat":37.4,"lon":-33.2,"wind_kt":40,"pressure_mb":995},{"date":"20091001","time":"0000","status":"EX","lat":36.6,"lon":-31.5,"wind_kt":40,"pressure_mb":995},{"date":"20091001","time":"0600","status":"EX","lat":36.7,"lon":-29.7,"wind_kt":40,"pressure_mb":995},{"date":"20091001","time":"1200","status":"EX","lat":37.7,"lon":-28.7,"wind_kt":40,"pressure_mb":996},{"date":"20091001","time":"1800","status":"EX","lat":38.6,"lon":-28.5,"wind_kt":40,"pressure_mb":996},{"date":"20091002","time":"0000","status":"EX","lat":39.3,"lon":-28.8,"wind_kt":35,"pressure_mb":997},{"date":"20091002","time":"0600","status":"EX","lat":39.7,"lon":-29.4,"wind_kt":35,"pressure_mb":997},{"date":"20091002","time":"1200","status":"EX","lat":40.2,"lon":-30,"wind_kt":35,"pressure_mb":997},{"date":"20091002","time":"1800","status":"EX","lat":40.9,"lon":-30.4,"wind_kt":40,"pressure_mb":996},{"date":"20091003","time":"0000","status":"EX","lat":41.4,"lon":-31,"wind_kt":40,"pressure_mb":996},{"date":"20091003","time":"0600","status":"EX","lat":41.4,"lon":-31.9,"wind_kt":35,"pressure_mb":996},{"date":"20091003","time":"1200","status":"EX","lat":40.8,"lon":-32.5,"wind_kt":35,"pressure_mb":996},{"date":"20091003","time":"1800","status":"LO","lat":39.9,"lon":-32.3,"wind_kt":40,"pressure_mb":995},{"date":"20091004","time":"0000","status":"LO","lat":39.1,"lon":-31.3,"wind_kt":40,"pressure_mb":994},{"date":"20091004","time":"0600","status":"TS","lat":38.5,"lon":-29.5,"wind_kt":40,"pressure_mb":993},{"date":"20091004","time":"1200","status":"TS","lat":38.3,"lon":-26.8,"wind_kt":45,"pressure_mb":992},{"date":"20091004","time":"1800","status":"TS","lat":38.8,"lon":-23.9,"wind_kt":50,"pressure_mb":991},{"date":"20091005","time":"0000","status":"TS","lat":40.2,"lon":-21.3,"wind_kt":55,"pressure_mb":989},{"date":"20091005","time":"0600","status":"TS","lat":42,"lon":-19,"wind_kt":55,"pressure_mb":988},{"date":"20091005","time":"1200","status":"TS","lat":44.3,"lon":-17.1,"wind_kt":55,"pressure_mb":987},{"date":"20091005","time":"1800","status":"TS","lat":46.6,"lon":-15.5,"wind_kt":50,"pressure_mb":986},{"date":"20091006","time":"0000","status":"TS","lat":48.8,"lon":-14.3,"wind_kt":45,"pressure_mb":986},{"date":"20091006","time":"0600","status":"EX","lat":50,"lon":-12.7,"wind_kt":40,"pressure_mb":989},{"date":"20091006","time":"1200","status":"EX","lat":50.4,"lon":-10.6,"wind_kt":35,"pressure_mb":993},{"date":"20091006","time":"1800","status":"EX","lat":50.8,"lon":-7.7,"wind_kt":30,"pressure_mb":997}]}},{"type":"Feature","geometry":{"type":"LineString","coordinates":[[-49.2,15.1],[-50.5,16.1],[-51.9,17],[-53.4,17.6],[-54.6,18],[-55.7,18.3],[-56.8,18.7],[-57.9,19],[-59.1,19.3],[-60.3,19.6],[-61.4,20],[-62.2,20.3],[-62.9,20.5],[-63.5,20.6],[-64.1,20.7],[-64.9,20.9],[-65.7,21],[-66.7,20.9],[-67.6,20.6],[-68.5,20.3],[-69.4,20.2],[-70.5,20.1],[-71.7,20.2]]},"properties":{"id":"hur-al102009","event_type":"hurricane","name":"HENRI","year":2009,"max_wind_kt":45,"min_pressure_mb":1005,"category":0,"preliminary":false,"start_date":"20091006","end_date":"20091011","track":[{"date":"20091006","time":"0000","status":"TD","lat":15.1,"lon":-49.2,"wind_kt":30,"pressure_mb":1008},{"date":"20091006","time":"0600","status":"TS","lat":16.1,"lon":-50.5,"wind_kt":35,"pressure_mb":1007},{"date":"20091006","time":"1200","status":"TS","lat":17,"lon":-51.9,"wind_kt":35,"pressure_mb":1007},{"date":"20091006","time":"1800","status":"TS","lat":17.6,"lon":-53.4,"wind_kt":35,"pressure_mb":1007},{"date":"20091007","time":"0000","status":"TS","lat":18,"lon":-54.6,"wind_kt":40,"pressure_mb":1006},{"date":"20091007","time":"0600","status":"TS","lat":18.3,"lon":-55.7,"wind_kt":45,"pressure_mb":1005},{"date":"20091007","time":"1200","status":"TS","lat":18.7,"lon":-56.8,"wind_kt":45,"pressure_mb":1006},{"date":"20091007","time":"1800","status":"TS","lat":19,"lon":-57.9,"wind_kt":40,"pressure_mb":1007},{"date":"20091008","time":"0000","status":"TS","lat":19.3,"lon":-59.1,"wind_kt":35,"pressure_mb":1008},{"date":"20091008","time":"0600","status":"TD","lat":19.6,"lon":-60.3,"wind_kt":30,"pressure_mb":1010},{"date":"20091008","time":"1200","status":"TD","lat":20,"lon":-61.4,"wind_kt":30,"pressure_mb":1011},{"date":"20091008","time":"1800","status":"LO","lat":20.3,"lon":-62.2,"wind_kt":25,"pressure_mb":1012},{"date":"20091009","time":"0000","status":"LO","lat":20.5,"lon":-62.9,"wind_kt":25,"pressure_mb":1012},{"date":"20091009","time":"0600","status":"LO","lat":20.6,"lon":-63.5,"wind_kt":20,"pressure_mb":1012},{"date":"20091009","time":"1200","status":"LO","lat":20.7,"lon":-64.1,"wind_kt":20,"pressure_mb":1012},{"date":"20091009","time":"1800","status":"LO","lat":20.9,"lon":-64.9,"wind_kt":20,"pressure_mb":1012},{"date":"20091010","time":"0000","status":"LO","lat":21,"lon":-65.7,"wind_kt":20,"pressure_mb":1012},{"date":"20091010","time":"0600","status":"LO","lat":20.9,"lon":-66.7,"wind_kt":20,"pressure_mb":1012},{"date":"20091010","time":"1200","status":"LO","lat":20.6,"lon":-67.6,"wind_kt":20,"pressure_mb":1012},{"date":"20091010","time":"1800","status":"LO","lat":20.3,"lon":-68.5,"wind_kt":20,"pressure_mb":1012},{"date":"20091011","time":"0000","status":"LO","lat":20.2,"lon":-69.4,"wind_kt":20,"pressure_mb":1012},{"date":"20091011","time":"0600","status":"LO","lat":20.1,"lon":-70.5,"wind_kt":20,"pressure_mb":1012},{"date":"20091011","time":"1200","status":"LO","lat":20.2,"lon":-71.7,"wind_kt":20,"pressure_mb":1013}]}},{"type":"Feature","geometry":{"type":"LineString","coordinates":[[-81.3,11],[-81.8,11.4],[-82.3,11.8],[-82.8,12.3],[-83.3,12.6],[-83.6,12.9],[-83.8,13.2],[-83.9,13.6],[-84,14.1],[-83.9,14.7],[-83.9,15.4],[-84,16.1],[-84,16.8],[-84,17.7],[-84.1,18.7],[-84.5,19.5],[-85.3,20.1],[-85.8,20.9],[-86.2,21.9],[-86.5,23],[-87.5,24.4],[-88.3,26.3],[-88.6,27.9],[-88.7,28.5],[-88.7,28.9],[-88.6,29.8],[-88.3,30.1],[-88,30.3],[-87.2,30.6],[-86.3,30.6],[-85.5,30.8]]},"properties":{"id":"hur-al112009","event_type":"hurricane","name":"IDA","year":2009,"max_wind_kt":90,"min_pressure_mb":975,"category":2,"preliminary":false,"start_date":"20091104","end_date":"20091111","track":[{"date":"20091104","time":"0600","status":"TD","lat":11,"lon":-81.3,"wind_kt":30,"pressure_mb":1007},{"date":"20091104","time":"1200","status":"TS","lat":11.4,"lon":-81.8,"wind_kt":35,"pressure_mb":1004},{"date":"20091104","time":"1800","status":"TS","lat":11.8,"lon":-82.3,"wind_kt":45,"pressure_mb":998},{"date":"20091105","time":"0000","status":"TS","lat":12.3,"lon":-82.8,"wind_kt":55,"pressure_mb":995},{"date":"20091105","time":"0600","status":"HU","lat":12.6,"lon":-83.3,"wind_kt":65,"pressure_mb":987},{"date":"20091105","time":"1200","status":"HU","lat":12.9,"lon":-83.6,"wind_kt":70,"pressure_mb":985},{"date":"20091105","time":"1800","status":"TS","lat":13.2,"lon":-83.8,"wind_kt":50,"pressure_mb":996},{"date":"20091106","time":"0000","status":"TS","lat":13.6,"lon":-83.9,"wind_kt":35,"pressure_mb":1003},{"date":"20091106","time":"0600","status":"TD","lat":14.1,"lon":-84,"wind_kt":30,"pressure_mb":1005},{"date":"20091106","time":"1200","status":"TD","lat":14.7,"lon":-83.9,"wind_kt":30,"pressure_mb":1006},{"date":"20091106","time":"1800","status":"TD","lat":15.4,"lon":-83.9,"wind_kt":30,"pressure_mb":1007},{"date":"20091107","time":"0000","status":"TD","lat":16.1,"lon":-84,"wind_kt":30,"pressure_mb":1006},{"date":"20091107","time":"0600","status":"TS","lat":16.8,"lon":-84,"wind_kt":35,"pressure_mb":1004},{"date":"20091107","time":"1200","status":"TS","lat":17.7,"lon":-84,"wind_kt":55,"pressure_mb":997},{"date":"20091107","time":"1800","status":"TS","lat":18.7,"lon":-84.1,"wind_kt":60,"pressure_mb":990},{"date":"20091108","time":"0000","status":"HU","lat":19.5,"lon":-84.5,"wind_kt":70,"pressure_mb":987},{"date":"20091108","time":"0600","status":"HU","lat":20.1,"lon":-85.3,"wind_kt":80,"pressure_mb":984},{"date":"20091108","time":"1200","status":"HU","lat":20.9,"lon":-85.8,"wind_kt":85,"pressure_mb":983},{"date":"20091108","time":"1800","status":"HU","lat":21.9,"lon":-86.2,"wind_kt":85,"pressure_mb":975},{"date":"20091109","time":"0000","status":"HU","lat":23,"lon":-86.5,"wind_kt":90,"pressure_mb":979},{"date":"20091109","time":"0600","status":"HU","lat":24.4,"lon":-87.5,"wind_kt":80,"pressure_mb":988},{"date":"20091109","time":"1200","status":"TS","lat":26.3,"lon":-88.3,"wind_kt":60,"pressure_mb":989},{"date":"20091109","time":"1800","status":"HU","lat":27.9,"lon":-88.6,"wind_kt":65,"pressure_mb":990},{"date":"20091109","time":"2100","status":"HU","lat":28.5,"lon":-88.7,"wind_kt":75,"pressure_mb":990},{"date":"20091110","time":"0000","status":"TS","lat":28.9,"lon":-88.7,"wind_kt":60,"pressure_mb":993},{"date":"20091110","time":"0600","status":"TS","lat":29.8,"lon":-88.6,"wind_kt":50,"pressure_mb":998},{"date":"20091110","time":"0900","status":"EX","lat":30.1,"lon":-88.3,"wind_kt":45,"pressure_mb":998},{"date":"20091110","time":"1200","status":"EX","lat":30.3,"lon":-88,"wind_kt":35,"pressure_mb":999},{"date":"20091110","time":"1800","status":"EX","lat":30.6,"lon":-87.2,"wind_kt":30,"pressure_mb":1002},{"date":"20091111","time":"0000","status":"EX","lat":30.6,"lon":-86.3,"wind_kt":25,"pressure_mb":1005},{"date":"20091111","time":"0600","status":"EX","lat":30.8,"lon":-85.5,"wind_kt":25,"pressure_mb":1006}]}}]}